frequency,695.9418702059157,696.043897104121,696.1459029125585,696.247887627177,696.3498512439248,696.4517937587509,696.5537151676036,696.6556154664316,696.7574946511838,696.8593527178085,Max_Oxygen_LifeTime
0.2,266.03837186911943,197.22676305545156,434.3966118779685,799.9816149422682,2817.542962690587,18765.784313181448,49768.33826603044,27355.663119013563,6035.761115941777,1852.6872398313017,0.45973694591830416
0.2,406.0507795690273,479.01713995810536,977.854469156514,1677.700089234449,5452.1306402262,35740.71239759916,95411.58460433935,52449.13192717411,11721.6248367339,3633.9352272618207,0.971616363897645
0.2,651.6015936093094,786.679368555698,1336.123085200837,2519.540321051902,7695.822602488044,50064.15607847901,134735.19562093512,74377.9431823904,16707.591578510404,5087.29236366486,0.9117780783164717
0.2,1112.0162502137207,1337.3302553467015,2248.5583072062745,3801.230536358298,12531.339692180616,80565.65818229223,217868.6709322631,120706.58796278942,26956.287279175,8495.631662442305,0.9391676774955388
0.2,1082.411729566897,1088.1845921245874,2161.67462501142,3843.676852047496,12074.466845095953,80398.39443810678,216832.12890380685,118695.56464582308,26477.23412084574,8237.08766129321,0.8415457954533347
0.2,1352.3556157300852,1395.4460774256436,2430.187892710998,4236.277509076416,14611.376289641672,95315.24516868337,256812.30289041388,141453.1442181927,31406.668495548874,10113.416970135951,0.8653322467273351
0.2,1408.617286343641,1699.7294251451451,3164.7418119708964,5310.276081709255,17715.622905636978,117969.09851575491,319007.54992880265,174988.64083672222,38943.49486252846,12334.459127791,0.7316352996703497
0.2,1827.845020566203,2051.336988146354,3782.358625242276,6323.712163424604,22075.03735679064,143687.9832931978,388522.7397028158,213800.25922826727,47822.07550390043,14914.618463807445,0.6677301296999959
0.2,2285.720052493072,2598.7008728529304,4406.309120011012,8455.85850736643,28102.22143839687,186763.1440068812,501902.1879378064,275779.4976237813,61655.30148315911,18988.14314440861,0.7000370427067865
0.2,2756.7884652110306,3306.7964454183725,5775.92736269888,10613.804305166826,34087.84121502831,227279.4096186397,613671.8257016022,337598.6099615621,74612.1255113174,23182.161509322013,0.6751327152436368
0.2,3278.120592789546,3894.538864280082,6452.057815749714,12108.118130434552,40302.05717360543,267493.5437045763,720944.8067179123,397913.7588359963,87406.64867462346,26931.85804550086,0.5234310677705861
0.2,4004.2142459560055,5265.104816601719,8432.494827330976,15461.715599275574,51534.59715931417,340654.8003311537,915487.7694172664,504270.9009714,112449.02763829526,35131.197285508264,0.6944522570889506
0.2,4259.7884928530175,6045.490943676181,9500.13624906478,18174.65487909387,60330.95612130336,397690.9319360364,1069343.039007906,590213.1187266278,131386.64084483904,40651.15384021415,0.6630253734709786
0.2,5690.06365440351,7239.9847682602785,11022.129225443368,21240.41737630885,69621.30121374,468485.31705144496,1249557.111849954,689048.2370505185,152700.9236521493,47953.69284719889,0.79822163316433
0.2,6248.224663069641,7781.178254260275,13340.096993646075,24862.100564293032,83117.60698173648,553302.7257869066,1481143.160558671,815913.894920771,180300.58635499887,55935.14833657982,0.7036243975064377
0.2,7616.751183811644,10031.103771657668,16638.14998853401,31467.91691582252,104925.05235866053,701437.9372296522,1861322.962450941,1026210.4923962472,228509.13010411893,70776.80106762082,0.7339582087744879
0.2,9391.534113573893,12803.238873766284,20898.52022590452,39498.731480436,131496.9188454999,871909.181898638,2303478.541163328,1273864.566406164,282940.68896164343,87458.45825824286,0.7500676178642665
0.2,12055.621009418724,16669.084915257732,26015.240142928047,49716.922335837786,167389.83125549398,1110657.0778120111,2910787.1895155497,1621045.0720854425,362550.5491077261,111605.96269824708,0.6612667032813783
0.2,17075.88371250367,23416.471207220617,36899.39078344245,71874.16922990055,238354.19970077983,1582079.1904791254,3945707.298068668,2290297.187585239,513650.3230543277,158392.4053686124,0.5525249130712094
0.2,19130.731476183468,26612.048383999405,42435.2145706784,81791.2837453497,269394.1253829394,1794576.3700961373,4284015.10254379,2587343.795808537,579860.8615164366,178502.23122735653,0.5601010204217014
0.225,724.0484449015206,779.0031272106708,1204.6968603218463,2097.3003382760576,6488.548553389643,43000.80857820124,116245.96757619998,64845.70490565771,14553.763346611571,4627.881436698506,0.8247662403650454
0.225,1066.400289769035,1164.8792185986033,1919.9670255436947,3270.889560570949,10280.5056080921,67255.15500446835,181856.1015202316,101127.44148224503,23006.116509567164,7255.441282962208,0.7810588398643363
0.225,1141.9861747463551,1423.2155103066682,2145.525152506853,3657.065097681212,12732.80718111025,82017.63672397772,222182.8252481661,122304.95824531424,27335.32885615278,8774.463643021461,0.8336496532846075
0.225,1112.0162502137207,1337.3302553467015,2248.5583072062745,3801.230536358298,12531.339692180616,80565.65818229223,217868.6709322631,120706.58796278942,26956.287279175,8495.631662442305,0.8326921862102807
0.225,1353.0183801344358,1533.2775242876185,2842.689774149904,4942.232821126561,15970.898754886915,105647.8269158354,286181.8125239004,157852.96324348278,35881.703505489866,11161.633922547971,0.6972630871582721
0.225,1669.3684654799083,2122.858324212642,3070.915021635779,5687.02572118018,18815.228515653096,122716.98469979444,334206.90955739864,183963.41904836716,41521.59718873682,13011.215555553454,0.8245197440059927
0.225,1668.900828314645,2199.254263183295,3428.096664131392,6263.567474427171,21231.78124678652,138286.28505263902,374818.0357200421,207452.6067571296,46260.104303258966,14527.463429226502,0.8684417707442
0.225,1838.4544851591984,2545.380911762144,3911.684325869143,7480.864098229131,24820.807209617527,163034.3963503131,443623.63647282857,245136.3040343888,54126.49237424153,16754.490642483386,0.7852449718092277
0.225,2313.3492166594992,3073.5364133150647,4884.546806199508,8874.5176248544,29638.395388242978,193784.5886068713,526664.0044970037,292502.0607962068,65047.41307442083,20457.85991425567,0.7001181046785798
0.225,3010.684421176145,3581.6072976774294,6036.042093851157,11225.482040616307,36788.06472757786,241783.1703343836,653969.4781889917,361565.3687594642,79985.22785226589,25190.41567167217,0.8729390368811302
0.225,3307.5857060766925,4213.929742726749,6856.958159876072,12895.926575983063,42843.7566549153,282189.3607694505,769100.3683749322,423699.2113261004,93976.19103284254,29134.59056596321,0.9409197834843136
0.225,4225.435828109326,5114.013225505146,8314.247666712961,15761.298025990916,52291.52831928263,346354.850037156,935182.3432511302,515999.084823307,114039.313988551,35658.3397953775,0.8786739544765398
0.225,4334.138769601341,6116.642267710617,9610.505975349704,18475.40787905155,60900.8957575261,403653.5749989295,1085242.6915096175,598206.3813786742,132587.00202702516,41531.99539592135,0.7488796733202973
0.25,374.1228233195226,399.3302459568304,666.560834042204,1266.752757849472,3628.27345327616,22748.582145622244,61816.73687980625,34266.30026242665,7839.508440202442,2505.426361368781,0.8907084191471129
0.25,641.5838441976772,638.6807498800414,1112.6592821395018,1872.6893744967504,5729.546945287497,37193.47669945361,101984.34860122376,56482.0224250732,12746.906529878564,4083.492467187572,0.9102083319707164
0.25,795.1373429806315,1031.1348600619683,1757.7340019740675,2855.0517984630383,9090.143883986217,58872.430506155695,160849.50132281415,89103.42981251793,19913.76254413873,6292.325016312367,0.9443221441693939
0.25,1004.9183686960304,1141.9646025494924,2125.3957988249035,3699.462197979284,11425.410876632155,75154.26796668414,204782.7106386468,112817.35063970867,25364.29684910064,8022.052396156527,0.843301338754155
0.25,1339.292827667504,1597.232879271304,2479.9219295832795,4540.21442367915,14355.434953876931,94492.33235134922,257787.45908180316,142580.69186957547,31754.79727440484,10424.41682954874,0.8709211639441403
0.25,1595.323225103489,1805.006630029015,3066.8128045882213,5007.079127337975,16432.50860515038,107851.69384392534,294025.23482691805,162181.31256550527,36781.06324544155,11560.99798261698,0.8162583665516217
0.25,1868.4395780839163,2011.0509543064347,3213.2022781221062,5931.711052580886,18759.489069011768,124576.47151306491,337298.63036661973,187223.70588410672,41777.55803307467,13360.67687723466,0.8839646218926953
0.25,1928.9957810508693,2336.4584286027866,3914.331178846205,7280.168927580154,22886.60624719578,148277.87468067266,405009.875075842,224961.90877226545,50444.67542600373,16177.466596425676,0.8620823431292292
0.25,2205.831495376318,2822.0464743071598,4564.353428009838,8025.985866542304,26958.042020748664,174912.73862444493,476545.686130453,264369.0800032416,59068.99678250622,18594.734933122854,0.920458161603352
0.25,2591.052049709186,3204.555830397044,5198.126878570361,9668.482261974235,31049.19443196672,206207.68620897143,560311.9487720106,311558.7240895231,69446.51971345044,21784.654865455694,0.8298172285604452
0.25,2998.6620321130163,3889.520644405211,6072.301706396047,11134.401689590231,36140.11083531976,235974.16071526796,638501.1712807475,354463.23635169107,78805.93846755482,24609.08185519706,0.8914172453042928
0.25,3389.795366355658,4257.452879346934,6723.1499463094615,12439.453660619673,41651.38711757453,272463.11323747784,743542.3104465924,412456.3526075508,92517.9283946253,28035.28655400088,0.8738477512417712
0.25,4071.516490032305,5226.102523223464,8003.098805201108,15351.966615745152,50151.16900163573,329273.3752501347,896220.557426651,495014.3035871784,109847.81090558437,33908.47747209152,0.9391192474088602
0.25,4348.039780218185,5543.941758432856,9269.195524437013,17796.615244038912,56228.13431573895,373651.9588382229,1011248.3812114832,559408.1217911995,124952.92577032994,38354.55778510567,0.9311141893419929
0.25,5344.818213085196,7112.733560548233,11425.915486149022,21555.03758281969,68938.43050838425,451354.16382965335,1226395.688905234,679083.6462742646,149932.14711858425,46582.4855969906,0.8825515117549522
0.25,6213.54817957727,8124.721720737572,12614.766706883713,23973.92942062705,78267.47168628812,513828.6453921394,1393089.7578839336,769877.3864843969,170651.7111958094,52845.16124866284,0.9153880401320287
0.25,6641.684495652694,8756.166290181889,13727.041558018016,25863.697918439277,86303.69702913064,569671.5544574958,1542368.030354018,853897.4494570767,188203.62411863808,57680.78467390004,0.8366406301068983
0.25,7419.199725968525,9531.111114022324,15957.839456226096,28900.87955622576,96470.75787434494,642526.114925549,1725360.3605362088,952706.9279602298,212435.431286517,64561.427392918944,0.7023520808996986
0.25,8421.389974431107,11329.241076017515,18031.84163279675,34041.976993098986,110951.21009351824,736164.0632435748,1978724.480660983,1101662.6360672826,243193.2553451925,74341.9750794022,0.755610973873429
0.275,541.2267301518982,422.0993980391638,793.6752892673951,1279.816189250852,3808.357178945827,23738.10637899754,65149.4706204107,36467.15752138676,8388.92982988484,2655.9480938268925,0.7349682530279553
0.275,758.8410404524583,600.2619314311697,1220.6283294652974,2067.6828458286927,6341.112884667615,41353.65691657386,112009.36875934034,62638.13262055425,14100.616402935742,4426.675309781876,0.7725901930008846
0.275,979.4267942666114,1036.9846309238987,1817.553817395051,2887.327543791749,9195.807977094257,60003.808822447965,163117.72962288398,90759.50859038653,20415.575948120964,6371.22791096988,0.7802447031227839
0.275,1152.6086038278684,1256.085351321301,2104.1158680541066,3751.2316019341342,11756.448154806478,75951.40064605314,208467.3411821985,115214.04313970495,25914.67408112503,8111.087363932464,0.7744336608163489
0.275,1365.920582689154,1583.198922529717,2660.9114593973,4557.757351834606,15036.199823594612,96635.88841065932,265550.3443418071,147058.52948228206,33061.92214948589,10232.732393235076,0.8173128926325012
0.275,1437.8708905745564,1795.4146111344644,3222.7034902485034,5565.496694204282,17687.992489761935,113792.85857313978,311553.3367514578,173622.91003687767,38379.03156521315,12202.98321606038,0.7840962965634557
0.275,1917.335979527163,2322.9860858462994,3661.907859259125,6239.54822820355,20366.4686684573,131920.93896261905,360163.39201225725,199506.9458589017,44580.73936755336,13853.953162577329,0.80167380927598
0.275,1979.0966375807727,2178.2306333198894,3826.037440737943,6958.166726341576,22861.879062359567,148107.439745942,405560.32881586335,225395.91673233884,50654.21503187999,15601.230317173777,0.7916037598162216
0.275,2300.6113681840066,2808.5930753925186,4366.887072787228,7797.194799601735,25915.845113664032,168758.3165789866,461694.6888386789,256576.1789871491,57031.72836460529,17510.293558772766,0.766825166377979
0.275,2474.7923416477693,2929.6803433457576,5171.3583350929,9482.083691904008,30615.26459442708,198729.77327735932,546499.0010279443,301721.37316688045,67987.06510327135,20830.76228643577,0.8298172285604452
0.275,2959.60607463241,3830.798060581191,5596.774994986893,10473.09082004924,33933.67059411723,220859.40182598267,609085.9689645816,337701.36411398766,75077.61267475037,23141.63787349497,0.8419934897076728
0.275,3159.203020288872,4105.529397393129,6438.721374586113,11822.832571460442,38587.904124190514,254741.8056907724,693599.8532581225,384931.7893622316,85666.83157037904,26380.987986472595,0.7573560230931569
0.275,3611.478335795721,4761.68080808702,7487.139189820884,13222.900791379576,43489.755668529855,288503.5445864373,786494.9708488783,435096.8004839633,96495.00159328648,29607.13652157175,0.8159663184531726
0.275,3770.258801461569,4882.615156816925,7742.8114889601875,15261.487592619687,49314.98512311735,324904.26236766216,885251.5662262095,491751.9952783007,109204.37610401672,33230.281022537165,0.8465959102028908
0.275,4545.365543299865,5858.220504193423,9777.611388304347,18506.29226661642,58488.59081362309,388163.5025162548,1057796.228566249,585934.2747050889,129361.89287990234,39816.49985349177,0.8661823154686811
0.275,5440.273163894703,6553.395429463951,11029.161579331898,20510.098409662933,66762.8651497639,442087.4002541196,1205487.5396754963,668975.1414875179,147771.307905215,45621.30113314532,0.8753687785904483
0.275,5769.510352513238,7669.614896485184,12088.230712650922,22717.0963539638,74151.45514972934,492159.4933704553,1333460.7031202384,740270.2573142987,161744.5291239741,49531.76067627654,0.8164756490907241
0.275,6279.415889597408,8416.93587959093,13574.137377387517,26182.816201454843,84306.43816930873,554943.8711547983,1506018.272618411,836286.4953547646,185478.88632409868,55964.45786627097,0.8361569321063043
0.275,7423.805287693034,9733.260588841127,15629.697031950163,29933.739825760465,98291.63498220708,648857.1439752162,1761099.4518088358,972171.6851188134,216550.89269073663,65112.0594190684,0.7819711433974208
0.275,8123.287797206851,11103.546650574124,17128.1955767603,32392.900087155907,106851.45729186229,702959.2506397798,1891642.4602826007,1051022.22995785,232399.7450454628,70879.00316267043,0.8320106428086772
0.275,8847.223341859222,12002.559388305644,18776.54271147244,36744.62287347351,118947.38469448256,790464.151963758,2132370.5031400654,1181515.932407385,261295.873356981,79802.24994334792,0.8289673586522995
0.275,9475.448482624388,13122.161292499692,20740.171942056742,39782.76417822584,130936.78956134178,866849.7640022604,2318239.839407485,1289413.219443493,284605.8916851774,86137.56374745749,0.8365105221819555
0.275,10383.131698028685,14674.803376288435,23108.80440954375,43733.40594467627,144018.90947831984,955731.9853460152,2551801.183613525,1423077.878075943,317038.3913651306,95947.74908134804,0.773445122916722
0.30000000000000004,319.6360572127018,295.6130052079668,610.3581416532379,771.3269751460427,2199.475839235917,13850.656061532398,37945.921072892415,21298.66528666509,4942.419286099914,1573.7256822263546,0.7407217240849905
0.30000000000000004,640.0936385824368,673.8429903933071,1169.024157923421,1717.2127819700415,4977.743380647334,32761.468241762213,89197.63009308986,49925.58774069395,11314.613200322256,3575.524548912082,0.867026873689901
0.30000000000000004,786.958330229703,762.7373271904318,1539.379304273778,2544.3266618569364,7822.935444591772,50218.43723663879,137428.6256335535,76427.58094205182,17660.25097528306,5547.506770180096,0.8479892845776956
0.30000000000000004,1175.3442558447443,1222.8252184377395,2023.3999513559684,3447.0671024731582,11038.435121752953,70336.57140480276,194209.8324498873,107697.9951521078,24338.69064339033,7639.610708545405,0.8758760872989872
0.30000000000000004,1451.2772541753789,1562.4150816838326,2817.653462402655,4562.841629113655,14289.612500841586,91969.35281858058,253612.39524011343,141087.55585254222,31883.88029709369,9575.246088334445,0.797632544766235
0.30000000000000004,1626.212668629748,1790.290245345228,2977.344587342027,5384.462961325719,17372.158418317387,111653.98189385432,309745.1315244228,172390.19335357336,38457.25971169728,11946.595156709882,0.7840962965634557
0.30000000000000004,1666.7549197551953,2052.711908649814,3269.183674694626,6075.2863199563535,19558.185179822904,126239.9300578458,349850.8136193859,193884.4493339805,43614.15010370131,13266.008544990344,0.8105519957228438
0.30000000000000004,2099.489937426418,2217.5954160866763,3868.871394125413,6826.276594242325,22857.811567169283,149297.06221698978,413607.9537786231,228872.27900674104,51114.73073023599,15783.586825180582,0.77806321886658
0.30000000000000004,2403.317013167902,2790.5482658546275,4416.686722778536,8190.445403771602,25944.881937277725,168959.704547793,465336.7275710775,257718.69496823807,57293.15307787741,17693.907399819625,0.6703456165782044
0.30000000000000004,2690.714916737264,3219.1304380695537,5343.097038245278,9598.037308692396,30226.02730915704,195693.45363187068,545887.03234495,301532.7743434023,67575.77182204725,20741.33966377695,0.7814791732500574
0.30000000000000004,2810.6609939363857,3616.490621068664,5799.288659958411,10783.221496225207,34055.71969066444,223936.63260947727,615840.0289709017,341621.53286768205,76121.23865198597,23185.46339860173,0.804430205528871
0.30000000000000004,3132.1942562451504,4276.239119480854,6591.722777336555,12197.26402483844,39020.10158536057,255190.72148198332,703713.4172527563,390572.9232949418,87490.1808904599,26436.536697611384,0.8523502692667881
0.30000000000000004,3855.737288450297,4965.737423773498,7733.98471934744,13918.271187576687,45465.98571413285,295441.1175863209,813497.039238774,452779.5099089357,100800.41787696155,30453.22137825191,0.8192687141174579
0.30000000000000004,3713.1856960374967,5137.1743852945965,7932.106253865403,14616.870516634714,48755.00369738889,319051.74714612804,876125.9074775724,484745.8350162018,108352.921631168,32886.67115005084,0.7077329333746215
0.30000000000000004,4343.388607504136,5439.7403906865065,9245.18130023984,17299.46913554029,55437.3624061924,367343.6395305919,1010748.989791704,558881.7695183381,124916.65249229698,38387.792920676526,0.7396000724320938
0.30000000000000004,4730.231172235359,6590.715168488604,10097.861140188968,19281.749349051774,61698.69272646558,406493.0926954324,1111439.891693005,618036.8631113858,137481.74899733422,41663.33696169224,0.8241658209092182
0.30000000000000004,5358.723822974158,7139.474601578624,11107.88289716684,21581.30851110359,68132.17144779148,454382.44481731113,1242011.1374309082,687472.2897947665,152508.88956659345,45852.95992513478,0.8088869096929134
0.30000000000000004,6151.701336684667,7939.881746175421,12708.57755722009,23410.60541142732,77422.54314751874,510037.235745922,1396340.8681606315,772111.9516756416,171928.779609196,51368.31655433708,0.7500953902929088
0.30000000000000004,6564.648074517624,9316.550734660064,14193.556566780348,27452.040396582343,88712.29179001144,582136.0943198178,1592831.4718358908,883338.8808592429,195444.5562152278,58886.34231775233,0.8399572348441947
0.30000000000000004,7757.696447434114,9590.318954756209,15693.574466255664,30351.692170271937,99564.85661900567,660126.226969771,1784288.0726258496,991273.4572444236,219427.38501473572,65857.76931525728,0.7962337857581046
0.30000000000000004,8627.071000209797,10923.4534414878,17622.724785255068,34087.57839794616,109104.97198142068,721551.0626042895,1961047.312858064,1083418.939250583,241864.02340904067,71795.45881583191,0.8213576247342389
0.30000000000000004,8883.66663653297,12145.295124646078,19106.622818040774,37692.889721591615,121228.03837378212,798559.0319595739,2159930.789221312,1203185.12659389,266836.788879637,80338.56465338863,0.7957711616736298
0.30000000000000004,9898.386167259008,13155.815131975463,21538.5693908262,40603.96594130824,130847.92767185322,862346.5568061598,2336229.843290775,1296690.2149983258,287513.66458328604,85776.79328767334,0.8035843122847343
0.30000000000000004,11305.493625495152,14310.871398967223,23925.84002688433,44916.09459671036,147752.05711502803,983297.9145188872,2627970.221846617,1462929.668852122,325659.56472202163,97001.84184624787,0.7433503506397324
0.30000000000000004,12014.228039356876,16280.877844968796,27056.22427053344,49828.43977478973,165007.88467712002,1090234.092727343,2909486.9747353187,1627473.8254670354,361799.1127027684,108580.29896101664,0.7786844305942255
0.30000000000000004,13105.308732001396,18072.850229199925,28620.33082789612,54075.18318643827,178326.38455730656,1180082.5878552245,3136433.732744476,1754253.289294988,389462.0894466453,117669.58866854024,0.8174794864497246
0.30000000000000004,13730.612045917302,18943.69695488411,30493.987423505067,58434.58695919671,193554.47977811008,1274624.853181893,3374327.686684951,1895436.72419712,422287.439253474,126425.18379306296,0.8171196267616777
0.325,512.201101283206,346.303453946404,680.9373015212085,911.01778390181,2640.958079799829,16490.88847428839,45293.36936799832,25370.828133542487,5824.237461112266,1849.632609898622,0.6904838691894314
0.325,599.1014961693488,598.3812058222863,846.8813755588964,1380.4364501455452,4101.333236174657,25376.00899960348,69542.05221044323,39046.39949650528,8913.593044900139,2906.911768158039,0.7902560967884147
0.325,619.9817899486703,631.4517549039045,1095.6834944078264,1756.916912704265,5327.29565306754,34254.54727016626,94657.39499897906,53132.90222174835,12128.179961699549,3738.806120495389,0.7698843571903901
0.325,960.1164765471596,957.7179842250332,1602.192871180372,2723.248182542205,8005.447823560967,52435.83914632528,143843.58078871985,80191.91184566754,18026.828443869097,5674.353135686415,0.8540364758011214
0.325,1405.94602214186,1518.6925310364022,2361.2003860133705,4177.802752562242,13379.448640357525,86596.38388639587,238150.65327067013,132472.4379141617,29985.56695171524,9267.880782054475,0.911080856110562
0.325,1645.383349514428,1640.8461490233508,3194.837317217497,5395.703641139591,17214.786834647897,110841.21531103572,307956.97387416643,171484.14073178414,38303.04654567878,11938.022663524416,0.8393893428768292
0.325,1739.9695482674488,2283.530875434198,3679.5196233851816,6630.946552767177,21110.74667942202,137522.80733985518,380122.7913430488,211728.7821147918,47100.64602333289,14705.179213528858,0.853862127489083
0.325,2140.994124031919,2666.22210677306,4344.380341046049,7636.035913228646,24812.39004428232,160556.4088753446,444597.3575115928,246535.35994210653,55823.150925924456,17196.77336148422,0.7881536447098433
0.325,2426.6197727277668,2869.3358550097087,4800.486941700584,8938.725811646702,28649.939099314142,186674.4215398678,515820.2347762911,286115.5143535093,64229.54138573065,19636.14227463155,0.8422857745123126
0.325,2733.702662074181,3330.9751461811184,5521.396057174978,9913.626549410508,31498.109287207142,206943.52707280495,570485.0662762994,317520.76633733127,71389.66854704416,21395.51517220349,0.8507270960130764
0.325,3047.8812855046363,4111.926487996093,6425.874342287966,11881.310518597747,36029.66489949287,236114.9315505668,652730.4575572639,363571.5386491757,81304.72043431843,24613.676316026325,0.7855066817485893
0.325,3611.162566304192,4618.759798265866,7210.2087637776785,13090.524884696855,41507.77168548602,275499.5711988709,757530.4035932102,421552.2197032373,94249.3558960512,28457.473145307114,0.7770964449164884
0.325,4077.508790140321,4531.576609280452,8016.976918114435,14805.74589336542,46791.73932673552,307026.1978998528,846397.0785372861,470706.0169004931,104921.52175879302,32086.11083669944,0.7981384129485255
0.325,4351.346925800931,5599.06664962784,9443.40714732458,17204.12484779577,54871.073125757626,357112.3421987883,984673.0210982952,546262.5830819583,121546.817609555,37476.133494282745,0.786338007417429
0.325,4986.277306754697,6516.184787583741,10577.76016869206,20464.957681372554,66438.64784240295,430608.1981947983,1187602.981714668,656974.636835387,146863.41231020738,44012.84787254436,0.8731201779845464
0.325,6199.417527316075,7822.241768747057,12287.552044345935,23983.71437688513,76144.28695823999,503415.7229036217,1375481.5355455105,760459.7636743856,170285.89824288266,51683.64539441393,0.8598952948851466
0.325,6931.505447488436,8433.861559386736,13666.936199596854,26099.794164420106,83673.55142440266,556979.9808799739,1523304.9708219224,846575.0193966446,189145.8395905819,56521.18060133777,0.7899872613901785
0.325,7868.140951895051,9626.131917609157,15675.013307757305,29720.838948278568,95650.72191790093,627466.3128869507,1727920.6172748134,956560.132966492,213549.6027702153,63926.12138573119,0.9136288311130605
0.325,8337.291972510702,10863.766556727016,17792.10587000351,33455.21011650098,108568.7010423708,714809.8850415467,1949446.92127531,1083262.128741763,242515.60569367465,72278.52986468434,0.8563762312848724
0.325,9071.441411427266,12160.023356066333,19410.933772838984,36863.21653985583,121437.14270001912,801785.1041494639,2173177.9146929,1209445.146601882,270637.9683228056,80625.41058667323,1.0
0.325,10274.98296458727,13679.70118641062,21562.38214050969,41481.566940482015,138637.69286068174,913286.082118924,2465347.631819943,1375017.0354305771,306806.27504623355,92126.54217401132,0.8517081958335102
0.325,11449.124999836746,15697.018062252226,24900.20125491517,47239.37937839887,153490.24343399386,1014179.2026685594,2734415.280461203,1526021.3537823802,342120.3923293495,103098.29548530647,0.8584751997628941
0.35000000000000003,618.5900167712307,624.2478522904809,1275.737134858828,1921.1494829805729,5739.35026061899,35813.470188455576,99276.99210894504,55275.37662735399,12761.14323893444,4023.3497025771176,0.8523549816245227
0.35000000000000003,1071.2931325089887,969.881461059094,1580.7044287712254,2487.762418189662,7810.110465049607,49324.66052445845,137676.34398403735,77334.7524140406,17388.92518598985,5269.877506875428,0.7463067162827757
0.35000000000000003,1121.8909149728636,1178.2752869325154,1982.938240038932,3175.4413591481807,9929.182510745037,64776.42163856119,179563.6733783434,99860.67491614608,22770.328006995023,7222.732656681801,0.6192042971891081
0.35000000000000003,1334.5613559531132,1430.7687004449,2267.464060850144,3866.525492184464,12044.710749755912,77209.33907744892,213517.47548556645,119322.631567333,26972.27597964762,8561.051220344887,0.5540864987958815
0.35000000000000003,1498.5617600841465,1681.389420073561,2743.352477584704,4972.599825797475,14958.115320364444,96944.6011038212,266328.3338286777,148487.93755468214,33345.89002658154,10395.549494406474,0.7302500020489329
0.35000000000000003,1503.5786890473776,1913.525675335138,3147.654092622986,5343.492414991367,16754.398109738082,108465.77224725008,299934.4309627215,166441.44467327787,38029.09661695003,11562.28595758347,0.6804298684094228
0.35000000000000003,1933.818278280478,1935.2052736387584,3434.5472559383443,5999.448422235763,18900.58574726777,123328.85326745106,340648.14048635686,190533.97960866155,43015.23379514583,13256.90163443057,0.8338688810904584
0.35000000000000003,1971.4183149429773,2422.871264894374,3886.773845251471,7064.648532164231,21925.712469616527,141171.62422127972,390455.9026008544,218413.23225377244,49014.36480313797,15059.86552243906,0.7947853517880402
0.35000000000000003,2281.188442012116,2732.335066080436,4231.849322640846,7765.831211176008,25028.0638867901,162329.36953358215,452098.6530987964,250530.8842609389,56498.67387822248,17116.15829125864,0.872504444314464
0.35000000000000003,2730.431082577538,3408.5363015824555,5201.598959124172,8973.690127968062,29125.435898186373,189076.5933908163,520306.0717749451,290199.7147931952,64786.482566819126,19770.180696399,0.8146116015808736
0.35000000000000003,3167.764943926991,3706.636809827688,5783.742911117651,10947.56050212474,34055.811227625054,221573.42289077857,612054.2280792079,340180.45662147057,76458.79219291685,23102.90654170625,0.8459107878036762
0.35000000000000003,3354.2007966213646,4326.072466197101,6609.396949737728,12648.201920241268,39991.6582930979,258857.9235348361,717276.6851112358,398884.92584865866,88544.58769121824,26938.350416099416,0.8494062754673287
0.35000000000000003,4229.279469963617,5437.196825999225,8327.309045396965,15523.56820286968,49527.74904513776,323640.2777779133,893252.270248597,498083.41449141526,110992.96359717454,33898.553437108254,0.794213019500791
0.35000000000000003,4782.330523924842,5757.496943581973,9280.856269201597,17573.345896483348,55389.23263282063,365526.2546579669,1006591.7487905372,556894.2768744493,125069.90590206026,37472.13094824608,0.9166130334041646
0.35000000000000003,5717.002338554548,7428.285136792715,11684.631556879858,22432.02942577177,71259.31824833398,473694.0396296203,1298986.186243783,719276.3606802734,161717.7639106548,48664.10424482448,0.8443615931248561
0.35000000000000003,6548.912434949995,8747.064471307727,14056.921066141387,27097.14658347381,87046.01692786983,568095.0470148937,1563200.2152498136,868736.8770210661,191675.91062677436,57147.93438581952,0.5672028010280062
0.35000000000000003,7412.614464117403,10403.757470626526,16079.186051529266,31113.049355337927,99952.3559020733,660846.1583254326,1806238.8428332985,1003385.804317009,223607.2975652184,67087.06457456174,0.5053471891170971
0.35000000000000003,8913.288219725968,12051.824159700252,18945.833741575123,36525.48125045556,116588.14843099056,773257.5614601676,2103576.790052588,1169590.0337625074,261192.34562028095,77456.45155194851,0.582362436670972
0.35000000000000003,11404.79486586813,15821.8537000214,24620.768667916265,48474.11846685832,155584.49494191143,1019068.8931370327,2745424.2824726035,1537598.5097282392,345570.82886111934,103759.95946337316,0.6153543183338227
0.35000000000000003,13907.986634971938,18157.728109642765,28540.19965179356,54360.52689175169,179281.53080102187,1181875.919603737,3169098.202732379,1781669.7953389557,401842.4515009191,118616.9209331434,0.6006659417228113
0.35000000000000003,14980.65832124078,20398.279986313915,32297.85961480052,62083.28593943428,202872.49223172496,1338789.1542984564,3542131.188412712,2011556.6281677769,447437.98543101794,134810.93423907773,0.6004280235961192
0.35000000000000003,18216.91833666563,24974.03270051751,41084.12862648297,77075.860078916,250071.0872074768,1646624.715897842,4089385.963882232,2471363.81834976,560043.6111842602,169889.57440397944,0.5690224900158267
0.375,801.2027415745393,950.8626802700444,1469.219739255716,2443.0534798836766,7452.832916123434,46517.78941025351,129261.40506676392,73173.7326928555,16514.800211864433,5318.612581051724,0.45973694591830416
0.375,1260.8744900304655,1213.9521337486676,2050.428328694036,3257.5649246587536,9767.714188672608,63336.26835409588,175240.58322874576,98607.46279423502,22188.769663850075,7010.567018996838,0.5843958185975948
0.375,1306.4929357336694,1414.3762925855408,2232.9872759418568,3685.023637979626,11940.507283691622,79280.9588405286,219598.4134016916,122454.68898729589,27775.57543389406,8799.430964642295,0.5565096326650063
0.375,1619.2200930286394,1887.9873122061915,2834.186560963736,4981.488552399847,15183.614917874527,97331.85858672865,271734.37146711064,151152.7305405318,34454.193024438384,10709.41267599737,0.45284481909635943
0.375,1894.3290157882816,1934.512767228022,3238.475501447498,5841.378000956481,18085.03220004911,116907.59265741378,325502.4509748763,181130.6036667833,41182.65252761012,12641.47333834603,0.5545697635220345
0.375,2100.845749300582,2360.5787191741733,3720.528876040397,6723.873736952306,21170.06101218279,138705.43136943228,385277.381457772,214754.6612788247,48929.022167422896,14805.144076291745,0.47333689335885143
0.375,2334.73776343477,2529.1101655088696,4228.545136172272,7498.463736823465,23834.821265230028,152671.9587007175,425801.4866315531,237005.7573461465,53507.6214083198,16411.9888132603,0.6010148331222689
0.375,2770.0120258277207,2966.1599585133245,5009.542597732712,8900.159943485885,29255.443159208226,186260.31280690452,518994.8293765088,288436.5850566441,64659.51498347968,19868.90354537989,0.45973694591830416
0.375,2816.717267896341,3520.677282685135,5673.347533515914,10318.606422380775,32374.70440598454,210948.5264502985,584135.9323712171,326157.6136805801,73460.09161178554,22172.328141808764,0.5700746016935583
0.375,3301.234965451226,4395.026180905849,6422.299393466999,11963.607418844096,38285.52987220984,247805.89514475653,687238.9986185355,383493.2253756429,86209.47416439201,25500.04215398826,0.5375525654655853
0.375,3761.668188380125,5033.39189758085,7927.180677618899,14710.221578028086,46386.01940282857,304266.58529367537,840712.2620494115,467742.2438299156,105128.13105791564,31047.65274028024,0.5236081754723285
0.375,4421.755381757021,5716.934744099907,8793.529009598127,16225.598504921383,53496.23180811304,349463.7309011476,966383.0866859684,538012.834909803,120378.337906816,36191.13607459463,0.6013944016440795
0.375,5284.345882848631,6550.725011152687,10415.924092557649,20504.48888553041,65323.81093644414,425742.2709233724,1176815.3934473558,652995.6865317759,146229.33469655304,44000.62888366361,0.5569846167761031
0.375,6095.300507392195,7952.059574684251,12308.809854828723,23824.74020276436,74791.61337464352,496726.7500452149,1366882.142265151,760707.2105178278,171294.6695510462,50831.05875991334,0.6178536516632939
0.375,6867.6878930624,9517.693737813304,14501.175060551916,27547.67185492539,88344.64642931086,581816.8496340861,1600633.48149006,890082.0299172115,200044.46895248347,60812.6309151071,0.6236118095029126
0.375,8196.146938585,10820.609559605467,17240.094213798897,33502.24330245132,105722.1893466332,697891.388684756,1911170.269904785,1063050.8926229086,238570.2710428616,71015.9208292677,0.6901408819186805
0.375,9456.879060167905,13442.782666793151,20851.090775745844,40096.93986677013,127849.34000651824,841776.7224842029,2293359.3466973463,1280097.8297915407,287550.9946564062,85167.12471023199,0.7005711035186568
0.4,966.5458373089266,884.9150411358196,1737.9684894633322,2385.2006995766,7299.328115923477,46777.00443726988,129263.64485515488,72934.44186740628,16437.558526265064,5266.698034576022,0.9743644205180163
0.4,1212.573011396497,1173.4749125425203,1935.2229065411111,3393.821369909919,10321.898097450166,67086.22024380948,186174.24183071757,104270.108094712,23678.28741819988,7112.66230988488,0.7248558477265435
0.4,1469.5216720735416,1639.749243614635,2622.820948507482,4320.010778652678,13859.037349105629,88299.94330466329,244351.95593128892,136567.6870039046,30926.96913116338,9600.655533084702,0.8291139271257634
0.4,1738.5475444412343,1963.692533402276,2949.9184216466024,5114.749129625022,16125.117689205365,106441.34873646454,294180.47672173294,163721.28344241297,37169.03699602931,11515.809327305564,0.8373113939085657
0.4,1905.415774911341,2269.09334947667,3796.6806714349286,6249.027896033037,20654.268322808923,130157.65677882126,359645.98931265675,200229.9763793113,44904.98238786602,13919.865298075856,0.9038360119441948
0.4,2031.820079982209,2566.941964675189,4201.808406535531,7159.355738544185,22799.627822700564,146404.9412052169,405403.9333966194,225635.46834910684,51281.70485640816,15608.157302520938,0.8914680187822625
0.4,2321.7419178096834,2835.850540844706,4642.678653750875,8282.503290289345,26647.896528826222,173464.3558395455,482079.6960790328,267839.72264602134,60291.61572208437,18491.404200956586,0.8359040809206278
0.4,2951.224735632657,3645.038322992164,5525.119936688732,10414.645344137089,31728.511200365178,207763.6825123205,578841.0155316489,319584.10819343873,72040.17496915,21843.090226649325,0.8708120897313306
0.4,2860.034401492847,3731.372683083952,6131.31856291948,11222.417144829984,35267.06320870516,231676.93606870985,641800.2094236688,359323.2017330391,80619.10249480967,24092.115514522357,0.8537678237425901
0.4,3528.825692849808,4290.664517554075,6832.573762472927,12739.882773811769,40862.84249680617,266944.5076427629,740908.0736417244,413079.5796169601,92519.62492487508,28185.590018153136,0.8770497712764139
0.4,4535.969863337113,6030.63512285189,9004.099868628902,17021.23922182418,53240.61117484637,347950.6319144798,960053.258188579,535411.3080407459,120579.32962364452,35995.06274496911,0.8785762174611224
0.4,5217.966692118853,6610.048378840403,10546.48104759501,19064.500208824345,61996.18244566235,406615.9474341996,1121205.9868163993,622239.457266747,139821.15254092906,41787.60165733072,0.8372462050235656
0.4,6320.159320370946,7986.750712527941,12706.022016323524,23078.31067304585,74700.94745694737,493541.0138930057,1362482.686514214,760534.8934908874,170468.03970975333,51127.9661773591,0.8939331446856179
0.4,6673.12115195458,9061.588012353634,14455.05276044726,27011.21696804122,87706.09677565402,571905.7957426399,1573283.8637533176,877189.2710371385,196671.3718660049,59465.19415514274,0.8182358075795448
0.4,7920.452368778742,11020.481761863775,16478.381671440595,31276.79864849161,100001.57695434558,660000.1562877395,1813376.4157904112,1010978.4957507208,228437.6573264944,67829.56720957416,0.8137164261077712
0.4,9456.53976560672,12338.798768969136,19495.58128350763,36635.55960866981,118777.61430002878,775143.8464513692,2111571.954605697,1182640.664835255,266265.35158430407,78688.1528232285,0.7949590313398263
0.4,10606.584283494542,14452.83640988086,21836.00627312622,42337.122094411,136170.4990836565,893357.7169547725,2428205.753599544,1359396.2390182335,307271.6044068163,91655.52948130686,0.7857342037393725
0.42500000000000004,877.1302244084816,937.8179077246432,1438.3208240624197,2301.358777438684,6818.386232652409,44026.75494628106,123148.94713013445,69240.32806455223,15666.51408333222,5030.258874419312,0.8050210241815935
0.42500000000000004,1179.5934701263357,1519.0330691511424,2010.21252103054,3544.501302497402,10639.224799610603,67865.30865992203,189515.1759357892,106266.11594606712,24181.39371415567,7631.125239071344,0.7768435192056238
0.42500000000000004,1503.540754028733,1569.2039274869007,2384.3027873475867,4313.924578038189,13236.236587533627,85805.71671186502,238891.3801305981,133445.07864657982,30311.288213594817,9438.570471039857,0.7826324058125824
0.42500000000000004,1445.1203313988724,1751.0893927149616,2966.652998904898,5039.057863534875,16276.467024598498,104287.17265877714,290345.77589260705,161559.97701396927,36521.89949034424,11634.817252198314,0.8461608306977746
0.42500000000000004,1879.8371636186887,2271.174779632001,3367.2742561579707,6341.79428954783,19917.49097247836,128623.28936382465,357887.98901561176,199897.02501804256,45461.7439750196,14325.789959596765,0.7824619773550663
0.42500000000000004,2279.5699187010023,2655.5229047946905,4074.5277304534425,7580.77204486799,23384.048573102253,151028.60592410175,420146.58142172825,234288.37332674145,52642.883133330135,16125.089255504798,0.9110407803032047
0.42500000000000004,2339.7917244132186,3002.330686927481,4517.968968892745,8332.79434225306,26615.331878235123,172884.07471355086,483197.14304654143,268522.8604359065,60233.55586086095,18267.260545341567,0.7947839548334689
0.42500000000000004,2558.820414405709,3561.2974120547874,5284.012963899668,9489.577980709448,30177.868095190515,196875.53233551024,548812.441085538,304971.58292197884,68732.48830833184,21244.703045860377,0.852644416160131
0.42500000000000004,3425.938390358454,4143.567458693948,6404.440752078527,10904.772376173543,35477.30295098821,229687.32125523165,639116.8031595596,356845.26887673273,80049.13047592969,24346.534372976945,0.7565355482554537
0.42500000000000004,3563.394227228984,4551.639645129515,6939.98006498216,12661.833921905732,40735.84393512401,262593.0685773267,732209.0334180671,406575.392786028,91287.35563021788,27611.828635111036,0.8616430387169728
0.42500000000000004,4139.092080834125,5233.394968812904,8320.051321418758,15479.85897825169,48228.35133509532,315921.73738484416,875893.4290293342,487852.8922767639,109285.3237572417,32496.242719346847,0.8594104259235139
0.42500000000000004,5113.944212939068,6028.392100998944,10071.484729668147,18202.76448335908,58793.51936471829,386080.811645133,1067218.9086396417,595431.1547370721,133059.58832603513,40066.74541741479,0.8319714442634475
0.42500000000000004,5846.820247300003,7146.590265591942,11428.29376290722,21773.139438902548,69860.95325568054,452976.285879779,1254031.105220138,697577.5605102219,155893.34970452738,46848.71198887309,0.8606791711072438
0.42500000000000004,6219.276564146091,7934.759263457824,13711.477790813393,25274.69153264066,80200.11975110545,527587.1881978624,1456925.8247217715,810085.2141978189,180214.32539091783,54709.689322768674,0.8722505059127653
0.42500000000000004,7835.809236988392,9325.42922214504,15800.38581326997,29674.89071044464,94975.41195866965,623204.3690191637,1718285.448461478,957580.0777704056,214202.70979755145,63872.82216939514,0.8111144096326467
0.42500000000000004,8670.751091203047,11373.59617823202,17726.33440836795,33048.21902991565,109378.78909892,717446.0260126286,1975970.671480273,1097752.715192225,246249.0303399901,72998.61448758074,0.8369905623372914
0.42500000000000004,10015.268869336973,13124.933061454758,20900.30604403365,39064.3985995519,127640.92381610368,835362.3405368949,2284549.920888836,1276718.022076137,286114.97239023726,85854.86175544948,0.9003047343044643
0.42500000000000004,11750.516178001486,15388.541989012549,24050.46641093492,47006.45316292392,149219.6188741219,983220.1405123746,2675026.774638592,1494462.3847952676,336150.0741766881,99542.35448251122,0.8910419476384728
0.42500000000000004,12655.174249911215,17636.14965280102,28102.149873884275,52537.38675045815,170296.16389588793,1117384.5556810573,3025240.4219999225,1705603.7134771035,383257.97184214526,114008.16590572576,0.8319100900187415
0.42500000000000004,15875.360776077605,21832.082488556363,34503.44901019463,65820.33907399264,210530.3190095325,1386631.0742441665,3666348.881148055,2099868.5020177723,473916.28715375945,141001.38735421695,0.8515332226171272
0.42500000000000004,19492.572620956485,25607.69335023404,40302.43629157556,76684.12529862797,248801.2626837397,1634330.2119948803,4141591.9627276,2476476.047501196,565114.5253911994,168249.74872538506,0.833292264809196
0.45,317.7499411821355,344.44821758954464,658.1529653766194,1381.635804083489,4425.441574198032,30178.35628518244,84447.0527959787,47156.84200293744,10763.855104920973,3072.1221238799776,0.8511489064454287
0.45,515.6312076450993,327.9656919327339,850.1068277544573,1725.5799273695573,5922.014318191268,38275.90839545412,107502.93358624936,59545.63959074395,13621.239028601192,3899.895938362339,0.930240492867139
0.45,673.0877697142793,869.1670755583186,1224.0678995894827,2569.971484363611,8756.66791799195,57619.84849804988,160686.03929789903,89785.82916006839,20681.335605439104,6166.5717892005205,0.7871852803205086
0.45,849.1507216776027,984.3676450342288,1624.336630578934,3083.697057660786,10378.476717720716,70041.21059853166,195700.49330422172,108975.88354889191,24683.155938631957,7393.880952178135,0.8766407429783756
0.45,1132.5209659535162,1195.75478059612,2233.5923098096514,4269.118914495376,13933.52087093061,94055.7825798275,260091.38587936116,144796.06755902345,32789.242170549,9527.562643266843,0.8629169914369046
0.45,1028.9830824991664,1245.8523750752402,2195.4930334612045,4781.7034265554,15456.25685024704,104340.5772037963,290292.77185042814,162385.02625403964,36474.59394732729,10793.390743363409,0.8997764060861648
0.45,1291.6562279576094,1676.2069416832824,2445.696021063791,5808.188854588483,19315.145022273635,125999.66949031963,351577.4282833435,196013.0967637877,43933.36843544166,13122.79310588864,0.9268319237168208
0.45,1338.808894475162,1932.3488976455385,3449.6377789895346,6653.499838356405,22606.350374272388,147825.73563467796,413176.15377035056,229779.8165372224,52130.3676869038,15402.363082271338,0.8323165618899174
0.45,1693.812417091391,2301.67066294244,3758.5057926657073,7899.396295628317,26168.274476384177,174145.6355604195,485381.94163819,270420.5344916734,60544.24579701152,17773.756702681872,0.7962666824138577
0.45,2111.0193622478328,2902.902695802738,4428.922639159338,9556.831708444495,31351.951689178262,206893.95757215755,575964.3162782578,319712.9785506706,71637.07047026635,21089.605660096702,0.8382227600851322
0.45,2636.199129916295,3827.15261215523,6075.250817090167,11732.418663492248,38894.48640456955,252087.92985591723,703472.0697550513,390305.7157869392,87896.2535507137,26250.94668543437,0.8352138456676882
0.45,3219.952249090112,4057.603839107488,6987.552804481672,14211.381968538208,46394.42006225967,309123.96337785496,861757.2734930712,480150.80518310063,107420.268954524,31875.329346368148,0.8194193883673982
0.45,3167.889506856211,4947.847423521046,7925.663559965885,16319.250799173651,55453.245840537376,365350.0569178044,1016590.2622437312,565218.8056751686,126287.25521384226,37861.55942277648,0.8533218692787569
0.45,3841.867874229582,5284.94068725618,8848.903510597596,17688.995397630435,59973.26561606088,393434.2474455609,1096609.941718718,608974.0158284362,136600.4997694931,40492.121548800416,0.8158148264909361
0.45,5070.676922727504,6207.899979275885,11419.05739722407,22372.07632617635,72737.67863648685,481599.0987873709,1343026.2387636409,743785.5028330791,166591.28525564235,48960.05407506017,0.726130259292322
0.45,6045.985342731489,7390.507142249965,12719.414191904933,25514.18506283891,83169.97680207246,557257.8820506929,1553231.2442137655,859576.979892275,192107.9716910817,55509.31622920582,0.7758196920968995
0.45,6658.515230336022,7964.335646667749,13723.638224580964,28009.179991483703,93155.7590356754,611488.8164301653,1705279.5648924191,943734.1152619852,210536.824580216,62735.31986109321,0.8019852126575849
0.45,7968.444330178561,10791.60875280482,17084.93214469806,34739.7028771702,114399.97684244336,750384.4611118836,2104779.23346698,1159806.5145035698,259293.2900547942,75950.28081061349,0.8691078051561709
0.45,8735.786203418766,11992.199934790917,18881.89987277538,38214.28012611126,129882.62109585844,864707.3955926683,2400247.79711285,1326660.7949957894,294661.27794598695,86831.81087083157,0.7500379633126585
0.45,11070.00275851467,14469.738820223172,23190.52182055287,47640.16552424949,153975.52252041863,1018311.881118968,2840971.57477092,1570958.340826563,350846.77084398,103014.78407749598,0.7778348447335088
0.45,13851.566137589603,17665.79997187179,29144.170743742176,57768.75913537046,188048.3862936628,1254429.9317622357,3481507.3259009407,1925691.0944974376,427999.1259439092,124222.985278045,0.7778092804648814
0.45,16677.8085293545,23941.164325608075,36785.11907384728,74596.77428084829,252359.06848988985,1659456.9246621053,4579995.790004731,2541319.535729041,565735.7714833396,167251.87120115443,0.8031025678448216
0.45,23236.07991334853,30812.583695520945,52149.8180804056,102705.99032789156,336171.1718648413,2210567.687604741,6061621.495423571,3383815.098660772,758271.7899684783,221438.1110604738,0.729228648649962
0.45,31169.987390018825,45638.69802633131,74336.58927325718,143399.86103417704,475770.6276101535,3110226.073237077,8437909.587514175,4737039.040372704,1068702.5218363008,313091.34221741726,0.7190216883293316
0.45,43315.74722337276,62784.177902943855,101174.9811486026,199236.18053558667,652051.7448547136,4271206.122119552,11297373.383752234,6452699.948720291,1461255.680063888,432152.8920402203,0.7524188488641564
0.45,52697.159460461415,75172.45803961466,119495.57224266569,237946.1001453057,786603.5056835515,5119676.785297835,13129663.277337575,7714419.202552367,1758120.5338904108,513965.5842593172,0.9187355494140683
0.45,48979.22455692904,72476.8087868517,113342.37304432428,227700.9699432524,741101.4091416061,4892080.896800794,12871562.777649833,7391150.486820402,1672066.1562704649,492686.52484680177,0.7704084246972513
0.45,56590.14982995322,84503.6936204823,134446.72341561716,264811.6694046056,867814.949939297,5678907.8947030185,14249417.168605044,8550078.584990343,1949260.682950969,578272.7964109813,0.7883502805622419
0.45,56325.87395107759,84448.78090894857,135126.78327635437,263848.7637258643,864633.8252539233,5662207.182120235,14346928.156448672,8521051.57542412,1941028.870032064,577259.5414477902,0.7915159891606007
0.47500000000000003,439.1927028784862,230.0533205553983,637.2718294056425,1445.4748847484225,4638.671280814112,30833.58001234086,87326.95347124524,48768.48861990524,11159.79809809595,3308.021960783465,0.768295111824054
0.47500000000000003,387.9353230412764,357.0916411421389,893.1635209102617,1714.213644704227,5443.041019088094,36046.055315802245,102245.50224147907,57034.31201205611,13061.430448175284,3845.4686221292022,0.7754786713083507
0.47500000000000003,586.7470364992045,671.6477455160464,947.00820532439,2310.458167339709,7808.849782451389,52257.016227086126,147781.90269185172,82671.62452609975,18841.91106044455,5657.611935879173,0.7255601761019314
0.47500000000000003,825.9773814787131,827.4973987431187,1625.5064625567425,3327.0137883338266,11057.517591654454,74296.92386694498,206925.42226586348,115376.3024479002,26562.301695510618,7825.960887525377,0.717434999389859
0.47500000000000003,900.2207133004412,1001.8585357698412,2064.4971647107573,4018.914827345017,14115.501304612986,94011.2714451719,263345.6240213323,147208.71032596868,33614.43052826156,9639.722776932073,0.6477553245344658
0.47500000000000003,1213.3439323391344,1413.192904294158,2122.9174273066237,4706.703962113009,15955.5943574599,104141.82063090902,293780.4217178967,163765.6318325456,36932.09001728906,10562.10505868057,0.6307757807813782
0.47500000000000003,1405.2429721078938,1785.635730286109,2822.506510478302,5723.340581763933,19490.378794158703,125561.01877517358,351840.0357027259,196849.956395508,44523.01415573964,13275.74603643983,0.6686732873388289
0.47500000000000003,1411.0890166009017,1763.0272937909583,3573.591274311384,6498.765462093682,22016.15777142268,145219.15710826826,405370.7640394156,226195.818009508,50867.59070836604,15106.658656447233,0.505916240766824
0.47500000000000003,2060.447981808943,2409.0337490196357,3795.1533004183793,7915.135539875813,25925.552466455,170767.73579434006,478971.46373405855,266175.6145936985,59995.128374977896,17765.53885157927,0.6571459325435947
0.47500000000000003,2422.0090536487705,2622.9769007326427,4757.394035278625,9018.803383911823,30858.959416017053,201513.82623494265,564232.0805288962,312892.5830633729,70540.20932113734,20719.9830322264,0.6287988106741926
0.47500000000000003,2482.3453819820406,2694.5071985437166,4966.775892382376,10295.321565339204,34973.85896008799,227886.29124615263,634769.9102788677,351270.1164241188,78495.7018709827,23499.3972742021,0.613993447100558
0.47500000000000003,2679.9274087673634,2958.238288470773,5654.340077020497,11388.436578485062,39146.46097118905,260074.54536741847,721077.8333987917,401028.130061138,89668.53056448407,26141.70188893546,0.6615174224788783
0.47500000000000003,4081.596594594376,4413.3142007006245,7155.896566407554,15718.557007651032,52843.44554460911,349114.5647201292,969738.3921692116,539010.4308376904,120600.12211672693,35606.91297915012,0.6553329998267687
0.47500000000000003,4107.20000450554,5713.037865533717,9028.512993055778,18057.704413598243,59595.784142019205,395617.5261690376,1107165.1643463566,615983.6639727183,137441.9461038606,40867.11494407077,0.5574616460286904
0.47500000000000003,4391.850766985453,6594.982994532957,9849.593769673478,20078.988221034066,67554.79411633,445453.5896573962,1241938.1395352178,689362.7405319157,153429.38581992127,45805.98012780246,0.6074360417691748
0.47500000000000003,5199.143263296228,6740.684372050526,11449.20109198714,21770.33565832608,73988.72988310199,490753.1324982744,1372301.167980763,762300.3178087391,169820.45309583674,51122.53676991315,0.49595810599416723
0.47500000000000003,5435.88320915899,8042.512532348817,13088.40235275406,25957.38337384788,86249.4003058413,569994.1566464247,1595760.853885654,886025.7396673016,196784.8981491258,58179.486008928965,0.6478371301940737
0.47500000000000003,6503.564079683409,9238.181885314028,14831.912102007762,29564.057979114143,99140.3410631272,652095.9216332885,1817443.8771370891,1006254.0821943724,225025.70472482147,66548.33552311682,0.6524151794198672
0.47500000000000003,7069.047632102312,11026.076401414975,17238.015967539646,35195.40710880427,117867.71442815768,777328.1493956017,2157687.195551676,1198085.3839297462,268298.0903422632,78574.75377483704,0.6789738412873781
0.47500000000000003,8921.943711347796,11882.112847113274,20163.309808008587,41350.39951855399,136920.70820907192,903311.4283192854,2503979.6835576845,1391687.7930009165,309681.7981394314,90817.26142336016,0.6639153508761279
0.47500000000000003,10689.624661994509,14120.901934091666,23235.936087977807,47399.67925328103,157002.11923287,1041598.0567697084,2889018.548687981,1601940.973616709,357364.4709523072,104047.39621835384,0.6366928133571066
0.47500000000000003,12302.862781320817,16555.18306194612,27405.616619431126,53257.25947384706,178549.53189042537,1168656.7282854873,3265588.014037083,1803371.721951433,401774.09810018656,118633.68879497131,0.6403723637548756
0.47500000000000003,15810.20306990359,21029.45624872452,33395.46897834679,68899.309537841,227822.98504423583,1498797.6910086614,4159901.102736774,2303871.3695248426,517162.1034092431,152178.69509881458,0.6649098009257333
0.47500000000000003,21001.35920598388,29485.45259950432,47536.747459880906,97467.57391496112,318619.1020108415,2088508.83898084,5750120.501686054,3191396.926654448,722202.1838950923,213755.1000326662,0.7172023645453496
0.47500000000000003,25867.985080011837,36282.54021689687,58488.590722778856,114989.36844859993,375724.72355205065,2475469.4231192395,6769772.87938758,3788378.632423028,867353.4736924976,257368.95086690848,0.6435448894915344
0.5,278.46357535643455,311.4237546489818,610.6622308928396,1295.2351668659342,4499.563870088711,29267.041142483347,83163.72608031976,46337.417636087375,10810.739049293272,3126.0233075701776,0.5771860131308403
0.5,379.2501845022516,462.7795324210432,828.3327001946755,1691.6938366133588,5594.220897980522,36404.42505209065,103061.96739757496,57141.48383796185,13166.201195070482,3795.420881374522,0.5991418852414753
0.5,686.4927065715837,713.838474136262,1067.0546385133412,2810.0624690160435,9817.415407464565,63308.58528142776,179223.87576714868,100488.28965480647,22806.08529719529,6776.907876367025,0.5894693601588729
0.5,742.8749105027026,783.9130960885346,1354.53929566295,2798.1342457604574,9554.638786905292,63359.32931722691,177976.46911647925,99060.59657758658,22891.769930969964,6680.01159658349,0.5698473637502038
0.5,1033.38500171902,1151.67390493646,1791.419723170775,3717.557363894745,13289.429696192594,88348.01033138513,248513.48534980495,138465.3757231806,31418.84701569874,9090.830792546923,0.5921104331555114
0.5,915.8583364793344,1421.863570618503,2418.281801307809,5565.686331778734,16901.985546506286,111560.60373073434,315207.47768725915,176841.21883472102,40022.6751847699,11498.161490651746,0.6374798519739147
0.5,1285.3093050788766,1611.7916151924926,2878.390238171285,5646.425637017618,18624.00200137014,123474.08228234976,347313.02705083176,193399.7197968948,43788.72387401063,12513.245967746489,0.6196135578895886
0.5,1791.94055036615,1770.1285399216188,2923.228861306578,6638.820948184699,21382.062161730908,145357.7543727957,406245.7582972291,227170.8303945805,50798.91394009656,14814.549709230252,0.6199085319224859
0.5,1943.9665729831552,2178.734025557489,3539.4645938118565,7510.256840686752,25966.200911398,168461.75871392735,475493.8554890088,266421.4704347673,60133.61149939271,17393.96659406618,0.6051567315783566
0.5,2142.037126105566,2547.196141176196,4288.897573819112,8780.85698733433,28549.240597655527,188871.6275254258,532442.1313158737,297883.5191874654,66972.30285901451,19457.279366606257,0.6047136175888149
0.5,2178.390499677625,3134.5936177329995,4931.533816946489,9703.786359780244,32648.53740607709,215956.5411876342,605091.5187859866,338131.46411264426,76066.344646339,21922.567335728767,0.6579043391795402
0.5,2376.122765546818,3411.347006066176,5311.365580274826,11403.959862502925,37646.31709708094,248305.3787735353,697525.6267439898,386817.062697682,87456.38157679106,25524.35253031978,0.6250883396848459
0.5,3035.9458140661927,4231.341969584932,6736.868283488779,13631.120382427758,46801.2612425229,305132.3774659796,855388.8460924836,477616.02867562,106753.08159892334,31416.692931472437,0.7770423524060598
0.5,3434.021517935853,5112.920669630793,8707.342343393795,17600.27164394297,56413.79530130744,373872.8789162537,1049752.0760220229,582729.1264461151,130985.94873914658,37965.12613893988,0.7057322453070973
0.5,4079.519980308467,6326.924353579852,8982.696013648325,19719.29491669292,64000.15176437094,422736.2781087881,1188368.876869873,662504.6315900597,146781.737981689,42661.9228073079,0.6298986828982335
0.5,5053.496898581166,6385.72888481453,10669.639036234905,21642.694091446112,72176.19018396176,478378.067821737,1336299.38107027,744596.166607529,165358.04810884903,48760.86901077784,0.6374671266490877
0.5,5175.424765745492,7025.391070384262,12377.650850543749,24429.63721752867,83045.24346593399,544062.9277860312,1523794.5206313652,845307.3760285522,188315.68765749363,55173.32465560429,0.6325658882583579
0.5,5644.310509351212,8394.102808778722,14121.589128759924,28838.7170616306,91396.90775265964,611619.1835798342,1720013.381970248,949704.7328056664,211091.05803974872,62289.5328226942,0.7328332105264246
0.5,7545.405593087384,9393.500254732806,16620.17516634092,32796.662736304446,111048.6669790275,724515.5858224564,2036565.9087074187,1129116.1159287822,251728.42151694035,72814.56747487358,0.706178199770931
0.5,7584.043796677801,11224.907341785669,17809.626469880543,35587.52834710764,119524.26897429072,784006.1259390939,2201710.0570541136,1218716.0890776792,272255.7887704277,79191.11479673239,0.6932682441140984
0.5,8579.610116931743,13426.308761847777,21056.46096089726,42769.22456374944,139056.0242231718,922068.6943344563,2585661.993778718,1431573.578274256,319668.076781688,93054.99097740008,0.7299921681396336
0.5,11423.21615334531,16045.531084254077,25317.77994063967,49552.895294211805,165388.0632723944,1085981.075935274,3039528.9044823386,1683636.232711778,374177.7193688047,108929.31457638748,0.7315109697435289
0.5,11054.543638329198,17587.363043054265,28581.821236903572,56998.70203798,187668.0497381536,1237502.1423182196,3454689.2098592217,1915631.1813021165,424589.6699062327,123489.72615781213,0.6806139311435399
0.5,16069.458388622794,24509.386401420248,39048.550775050026,77943.52365612221,253105.9678937759,1676372.6455586143,4657560.904358106,2584008.400348996,574488.2795102505,165364.99734058825,0.6914744845987428
0.5,23225.278936724782,32243.638948345542,53473.43983764967,106458.6748323437,350385.7217549289,2295910.460050233,6353774.317640657,3543822.076780884,793203.3138251783,231672.94736930373,0.7204795820487688
0.5,34798.84573130839,50215.13731825084,79514.30266179825,158024.14980833186,527111.9017757111,3449701.2577805086,9338016.178220358,5263860.585412014,1189260.0531834117,342943.26440181147,0.7154714200900498
0.5,43898.15310490944,64267.339324534456,103465.23878922498,201326.82070003843,665933.8959607887,4348942.705966773,11546462.83804774,6609758.314908026,1491898.0051625394,438898.4349965248,0.676692372336098
0.5,56148.32603282204,78300.77664185214,131015.85584969712,254856.48118147405,837617.0507711811,5469990.906939223,13551083.251430089,8251754.19258112,1871019.7024295905,551587.4312444628,0.7676858300884343
0.5,56750.56301266986,84200.20056201315,132200.08822869035,264867.76979647955,868015.463627957,5649174.055675741,13993534.646794504,8559403.427817898,1940390.6875648224,573529.4728880482,0.6923272355593874
0.5,62397.00996272997,89730.95248898,145352.57234092586,289666.68724793737,958672.918712014,6218384.781440713,14980554.559565838,9345756.22887132,2134669.077422628,631009.3402282859,0.7323794447582878
0.5,67345.08721799012,100551.92668238364,157425.57461663705,314394.2319593254,1034892.5201491106,6717419.513646436,15662305.716723898,10110565.016558211,2312018.9799217884,683472.925793106,0.7448654596270493
0.525,383.9629890540184,387.9111945969889,581.7680867569104,1324.228139112775,4318.349812625518,27840.376565712068,79549.03751062934,44744.42118766913,10508.543873174016,3046.040576402822,0.6844826571291516
0.525,413.2518248882559,434.3361016682685,1041.563272932647,1776.4674535870995,6085.625087937773,39593.22628621855,111240.87856109095,62919.93303665701,14341.52506576489,4216.621086260612,0.7096115585150706
0.525,594.0069723174618,658.508968072826,927.30815950963,2053.7631652297355,6703.792973297059,44220.16479345796,126278.72087638022,70867.58244673492,16157.872564087107,4781.9768564186,0.5986832906670423
0.525,767.7708757778453,686.2302462700503,1358.1698667500752,2663.100147223582,8958.54112025307,59003.47201187604,167382.45717003447,94042.40519892571,21466.20118671131,6339.433683794857,0.6429969620006211
0.525,1124.6273536126548,1080.3774880044064,1865.302027178372,4256.156304350059,13908.073144253314,91641.13129109584,259869.58959336227,145555.50793176438,33625.13249212453,10025.658012502136,0.5513533196828614
0.525,1081.0471402773685,1439.4441336954317,2798.463669739317,5495.030155075455,17959.281148392605,120745.04023241712,340315.12331985414,192232.74727793835,43897.38512302159,12874.96301627555,0.6085901832834727
0.525,1234.4702416829828,1763.1767977714958,3355.458547110345,6310.792629861544,20993.38860589861,137324.85235616306,388368.0352821095,218071.9411297814,49783.04218572721,14591.397176152332,0.6890026203265422
0.525,1608.0356145744108,1993.096419413476,3537.4071824828266,7156.617188528879,24539.03927176282,160166.31294239036,453489.0927243575,254893.0787300063,57390.33009587317,17070.125115929008,0.6227479308920082
0.525,1871.3012942391597,2466.3983517860256,4024.3438516606648,8087.740947722837,26685.453835214725,170929.07695177878,486807.52493680606,273061.2146945306,61635.78297668772,18362.9285015066,0.6623467535729134
0.525,2385.9690581658624,2764.5122260479475,4507.606259971372,8755.369317747005,30033.08627605179,198568.58419465172,563741.547538418,314854.65141914005,70906.77109898764,21073.732563490867,0.5779427154822109
0.525,2422.8112391566774,3152.1567451212254,5214.021814172823,10364.159350450938,34465.56792419321,225312.92733785175,633008.5472683136,352688.59481820883,80638.994510556,23519.529275918016,0.7088915425491977
0.525,2918.423246699517,2829.639560769689,5796.539789357273,10821.805350023516,36707.96899306092,241896.8715103101,684938.3580039493,383536.2635686333,87005.28878528313,25423.72591693666,0.6336890117933881
0.525,3399.122558558482,3801.946423985424,6232.514541407077,13187.150100395667,43006.186738624725,280387.3286945321,791937.5021164619,442698.68899990537,99300.82193203928,29686.93410589052,0.6247273154023415
0.525,3276.5996393650025,4164.977897227249,7229.820236763303,14537.32658352302,48395.31402333232,315245.22235836275,888273.0057132225,496963.6841550618,111693.8311482353,33346.762715961915,0.6721763590688403
0.525,4173.288966602924,5692.925542862608,9315.129901400513,18566.56660689401,61046.46669013696,404118.09704836144,1141438.1483587476,637701.8159597791,143290.30590506626,42444.59189855537,0.595333341804923
0.525,4416.028500639531,6312.250328398072,10783.579235372848,21735.970237453283,69946.28237097981,462951.7174570593,1303664.1487748069,726505.4500446586,163054.70335332185,48082.24803464492,0.5994085205632591
0.525,5129.933431955269,7027.327525319279,12114.97483220577,23796.12534426144,80001.4332481829,524944.6550621887,1485346.3445479537,825590.3904609301,186322.84704612131,53855.295657043454,0.676344249786825
0.525,6395.247310997998,8232.44239327055,12766.656296543686,26151.46503240232,87218.67875143074,577809.7725374462,1626491.4116445156,905912.263950763,203599.02763203435,58402.253335705056,0.6736461766935724
0.525,6871.349678992124,9562.363613368856,15042.326743340618,30830.196691451187,102592.92107389898,675241.5686089179,1910404.6122927289,1064647.1663069418,240125.7906118153,70265.46187535359,0.6505298998228257
0.525,8225.310489408499,10545.080578074974,16630.555412902122,33680.95783866946,113281.18325585862,748904.6467352866,2114365.243381105,1180187.184942164,265325.7800577754,76245.1402770176,0.7097571973787657
0.525,9188.993139938537,11671.51927888161,19382.231669151777,39195.13579670694,131450.69530151028,862826.1541179329,2432572.075850276,1354319.0246446712,301920.118230267,89536.50844591334,0.8021413513444323
0.525,9340.3206798884,14107.994471025866,22626.26627203769,45106.78663315211,147669.96665380354,969933.794535694,2741242.567763254,1525550.7599906626,341624.22107721126,99462.67168539888,0.6226256484737404
0.525,11755.082168041705,16494.81487374167,26456.883639219843,52892.1920696691,174620.65549044794,1145721.9377904627,3228859.443766281,1790525.440331112,400169.0235151408,116662.83150891314,0.7020267755814148
0.525,13622.21768329254,18998.78759258806,31042.950322147,62472.337723515375,209793.0868767152,1368147.551064967,3852496.860609163,2138227.185420365,478627.79515627,139316.1585926078,0.6279617634785647
0.525,17694.809633264653,24537.005587148386,40627.09477833757,79251.05576346372,260552.64798508547,1724572.3084031062,4828559.54205488,2686505.376848933,601714.8305906332,174268.4898703187,0.6148873443602293
0.525,24767.79425981695,33240.73322292022,54345.11866146752,110308.9528486123,359483.443762974,2360725.3993607177,6540608.9584348025,3660258.193235565,824152.8548926003,239605.26199245808,0.7082469390475477
0.525,38181.060928826286,55751.82670204937,86478.38854649165,176100.91742925026,572219.9805213745,3751937.727309284,10094331.321600974,5755068.954372982,1311352.5496889346,382395.6557340744,0.7069329543685018
0.525,46789.12052942719,68685.28649147194,107541.22978827669,211599.70525143103,701150.4879336422,4591838.931957472,11989842.152810048,7008578.4278747365,1592903.9780239912,465318.5709794479,0.781442815179121
0.525,57736.75433402273,80498.02683017425,126857.60372563836,251008.11253581912,830423.2711102254,5424923.669783545,13895748.788344968,8287618.896054663,1892649.0384437945,554181.9902099663,0.7077359158726267
0.525,56005.70686929316,77271.45261323176,122977.8760841606,253691.29548632263,816613.0346239184,5346158.558244786,13690302.04533239,8170683.959193568,1863890.359881327,544352.7027047578,0.7245972553169665
0.525,55873.72470852565,83913.29611556143,125893.28713988152,256245.08088877387,840696.9399137492,5474355.164055771,13683121.768604515,8396528.090204451,1925015.084411806,570439.0762114192,0.7066819105453669
0.55,226.48051997351976,190.95769956366004,389.4887923111472,1102.8303026735985,3538.2171679302423,22637.95413977343,64691.0229818309,36258.16082423185,8382.123384529472,2336.391797210894,0.7547186591637212
0.55,675.4590415574149,408.0652102653467,770.7373032821738,1900.836784781801,5902.523777221695,40068.64644876056,114135.0827592634,64521.35129657303,14672.852305612956,4521.107193455518,0.7822958096089884
0.55,470.1766843183193,578.8681563207749,893.3848818663471,2105.712838816824,7004.944053081399,45012.77799917122,128534.05925890512,72431.80021579095,16386.10008344728,5263.175509657422,0.760521017734464
0.55,812.078270043597,639.497674828003,1315.8572243622502,2634.7862716166846,8689.069935490534,56314.33279932994,160250.01886972738,89989.05162661575,20516.705096916416,6263.446877169125,0.7275260683593776
0.55,889.1005449563061,884.6407070382132,1799.5445999491794,3579.338489118244,11876.548375872771,79355.80743567712,225269.5988412218,127339.8407161064,29124.33440438196,8475.921963329407,0.7550741242322543
0.55,1124.6165838224445,1569.3697782779873,2526.7886881681825,5056.530094639801,16606.45682833055,107248.63421752228,304700.2289765996,169886.49303731977,39158.950140212,11543.652207295949,0.78769981194939
0.55,1559.6085413382896,1976.616172712158,3112.544960574589,6087.060395164423,20698.590790873564,137456.9745068757,389554.767977637,218617.9187782785,50080.114482213925,14708.276166187878,0.7463924986063925
0.55,1809.0935444410948,2363.4281281601025,3710.501498135317,7607.424327577909,24065.828738449367,158891.02345263836,452950.5078208633,252267.49654037453,57929.98057553747,17006.913327987117,0.715385123775848
0.55,1957.0353143867676,2581.429539601424,3843.0090705169287,8020.954952283296,26765.57278920925,176962.70355152417,502959.02328484185,282450.74432111665,64648.96323952444,18977.22600428589,0.8770753355450415
0.55,2535.653821784688,2508.3730121747058,4400.492021552558,8815.598762539032,28659.95196722666,189866.15321111016,537771.4979647739,301349.1816822906,68126.5146412064,20646.701301609704,0.7788062869413496
0.55,2484.6480808752503,2660.272705440869,5000.380166098393,10292.949973067023,32394.713197900182,214932.9383972308,609590.4815335682,341010.69616578,76606.0106486535,23286.06379048804,0.798056181217775
0.55,2456.1625416158035,3222.8744825436816,5708.676508382079,11304.387435387463,37240.05460126085,244656.04671987813,694571.6732722919,390650.638996008,87447.66316768275,26208.01487939044,0.8247665812219611
0.55,2944.8189897861453,4189.868979092017,6549.127229327141,12583.101824059298,40912.38958732773,272143.7542128963,772087.0646689626,430561.403629766,98335.47978684556,28992.884152479062,0.7568465801904205
0.55,3563.159008987058,4114.806199525446,7032.420623839916,14132.79330922431,46211.10832633244,302540.4926304439,853758.3496890765,477323.696605092,107642.86069261498,31679.86883805185,0.6882704295974433
0.55,4117.345183550638,4989.191032617526,8062.580553908952,16619.56149783753,53223.79682558176,351262.83839246,998445.5747445768,557242.4008843914,125865.43477584608,37347.82946273343,0.7149342895228463
0.55,4812.859210425663,6583.419633367005,10819.3546610365,20875.37157834963,68153.68206459779,447329.1804467796,1266439.9458990383,707832.9217422549,160182.2993703809,46904.00973932589,0.723875977737836
0.55,5185.565338509037,7376.296399530975,12162.55050104173,23754.320822138845,78207.84613734743,514478.8614542623,1456403.1769245674,815745.879394898,182352.13156254785,54485.6268068104,0.7589343287949905
0.55,6087.967098057034,8425.58931263769,13614.03021537815,25898.00577435097,84916.41873112707,561548.2574391479,1578580.0753018856,886579.2386673318,199264.2868991908,59144.46121344465,0.7950761179034961
0.55,6464.729008868537,9442.158708511612,14313.762708599756,29555.905747275254,96795.1780321139,636680.9681458293,1798796.490320812,1006334.6949237268,225253.6068531557,66863.3957125868,0.6859551590020895
0.55,7123.049095297769,8892.536524185518,14993.333011889958,31345.837527128468,102535.65060817765,675028.9457167302,1914583.6294534176,1065242.0438091892,241521.3273689411,69376.11057397832,0.720265329130749
0.55,8422.465571198456,12252.857266349192,18000.356182176667,37673.16382805437,120183.31786810768,788253.134065721,2234112.272285592,1250323.7585763496,279734.2318186366,82368.71243055175,0.7386146682006182
0.55,9673.291145535924,12835.92297440336,20307.26888736418,40347.84562364204,129449.79244364303,860797.9929525598,2432512.9899471714,1358974.9654992498,304295.7443894839,89566.92309828903,0.693235862707171
0.55,10690.986619576304,13774.683757793297,22531.170646714643,45232.78640483295,147589.7813426113,965117.7329216317,2718586.978781888,1516487.8004773743,339371.9019376223,99336.03833136638,0.7362281454001418
0.55,12193.180755483325,15834.294829535813,26213.74563688173,52001.936066358576,170347.24625825,1119854.2175266985,3181187.887636709,1773677.6933228252,397286.5080124611,115733.94869190692,0.6985770905657197
0.55,13862.900220465695,18218.097073895853,29707.439504162547,60405.69853994066,197847.9218494981,1298434.0909205964,3662765.8693375713,2045401.7906167835,458514.29190183256,134425.67385792677,0.6914125404093763
0.55,17757.532994938167,24697.06808805373,37947.90738145405,77371.81217925121,251408.3382202256,1662580.610786632,4675294.304446782,2610371.15752828,587210.8673470373,172466.63917251583,0.6851922592522638
0.55,25079.952357845046,33724.846498891,54856.9848535053,111136.94572731384,356348.4550667415,2334612.5337000303,6492537.446406544,3662899.259200925,831236.7941611134,243736.5883980292,0.7312942415550547
0.55,34289.98977886057,47702.72845528007,75589.6061310556,150647.5986752359,487739.93772612186,3189226.635398806,8702189.237702932,4967081.310571503,1127917.7879252038,334461.67387871974,0.7652763977703027
0.55,39986.77452174824,58108.8689763875,92929.6860125484,179239.3500114459,585924.7012087937,3827287.7486658,10241177.891699824,5958833.167641884,1365253.4126865813,405166.064777524,0.7422715385036568
0.5750000000000001,265.0631610607043,202.64275403628747,388.4731348339059,839.1878216577728,2900.3132387047,18863.303918751142,53483.02095275448,29853.588075875377,6964.615041635486,2010.1517322275608,0.7545151188916022
0.5750000000000001,616.505929355515,756.9912612751323,971.546188231458,2082.0963164817977,6659.597289750216,43036.65680417716,123528.57952786556,69601.47016544157,16036.067325446798,4627.868297893376,0.71002523486195
0.5750000000000001,660.4566564460408,736.8342183003938,1210.7936089856348,2371.889489367404,7617.353960008555,49243.64830461681,142070.37362587068,79951.8748089422,17994.762826479928,5283.653251568329,0.6806241568509906
0.5750000000000001,814.4978310211111,689.6028032962557,1203.655728567229,2586.0775161311963,8202.869567697311,54329.06904523148,154468.34778755164,87148.31975336843,19860.18551381882,6010.238190407514,0.7390368063800046
0.5750000000000001,1060.6199009623274,1049.8318461719514,1776.0220486326405,3347.687516521883,10960.97189715816,72627.03422962765,207752.96862154172,116394.48074431709,26681.325337693037,8186.9006653473725,0.7804645558329799
0.5750000000000001,1394.8753428238815,1118.73250845773,2533.3589581930896,5095.7855831615625,16118.021226950468,107354.71931177906,304271.0192448565,171390.04389316108,38499.00665681253,11632.283983677416,0.7718783701433269
0.5750000000000001,1846.228400546958,1602.3009604567485,3050.542485067042,6000.863509180213,20565.278132427266,134364.26221593903,384274.3437315197,215796.2699323024,49540.04794307493,14653.868489222412,0.7923070612509037
0.5750000000000001,1870.535586556686,2205.069257264357,3948.6016896046494,7682.310361024302,25200.462828481344,164614.03396232586,470373.66758194007,263365.8887109105,60336.16153626044,18195.04246692196,0.7432293464348967
0.5750000000000001,2146.2398669693303,2534.5930711365054,4575.408772833182,8258.389728009472,29086.7723712026,187638.83280181696,533228.072774762,299904.290883234,67602.3878774185,20268.89904981592,0.7670041162583706
0.5750000000000001,2373.147364804513,2709.1545697518977,4492.617008262839,9537.870675198705,31605.774195227143,207941.1204093616,590612.1621026343,330361.4606094344,75347.42883254326,22600.98692634618,0.9276278246134199
0.5750000000000001,2432.386054800693,2945.2870665769456,5228.367905384127,10392.824585217077,34653.31097679507,225992.24182545205,647824.5908133797,361818.0969880053,82297.78695239204,24218.057930917963,0.746177758749922
0.5750000000000001,2954.1366759305074,3592.837372268048,5765.23708988414,11996.363718778664,39296.43982612775,258490.46207278405,735989.2911623932,412809.0741015056,93957.30947448144,28406.417807129397,0.783075519802124
0.5750000000000001,2981.569654007649,4239.354090799351,6339.042626411297,12133.920449049328,42012.864214125766,277361.1584863904,788974.5249023574,440590.3127726133,99668.07984899687,29503.63711861439,0.7042489496318506
0.5750000000000001,3445.864970457287,4220.671163019928,6827.007174628219,13583.068240057928,46189.02875968383,302033.1452153228,861110.2673997467,483167.2746791869,110333.64648950196,32518.83371885581,0.7680139048691523
0.5750000000000001,3680.908041235589,4911.809982375265,7915.000980406146,16288.804601279688,51792.26378533402,342910.4043500206,969660.373089884,543863.9945777105,123683.36038485772,36932.95712528203,0.764951400170067
0.5750000000000001,4208.312795398857,5267.874759765609,9137.15557313647,17862.181919659844,58207.68394522563,387485.7088886348,1100759.571414916,616914.290057277,140056.40911773822,41483.03438415664,0.6694551278876831
0.5750000000000001,5087.28113576192,6977.169821755384,10843.961454729111,22377.1674504324,72269.16016447255,474625.3928162954,1349556.8401702866,756173.7733328474,172267.6281130553,50490.40657907199,0.723508339208052
0.5750000000000001,5970.102908954656,7630.512738129699,12767.20530811619,25467.898060333948,82971.60873694714,539290.2140731588,1534218.682157737,855088.6240544812,191860.676303614,56416.27045547877,0.8459337956454407
0.5750000000000001,6520.104129715188,8399.36831818349,12970.574430485762,28099.797558254137,91673.78499860285,600213.034553166,1706082.3083039818,954621.200510999,213469.296173961,63390.561744592174,0.7857244649703711
0.5750000000000001,6807.753894455483,9099.542578130026,14959.848200675602,29908.281361930596,98845.46058285216,648251.3078963883,1833934.9648340573,1020322.761650974,230179.87951664624,68117.05254254915,0.7830463034951205
0.5750000000000001,7753.45399017912,10603.00596035297,16562.785559795197,35897.01449877201,114494.01945152962,759016.9392310936,2149473.138716874,1197616.4400669744,268419.70241106936,79032.7191410636,0.762213282618409
0.5750000000000001,8475.789267106014,11824.621906074024,18868.953197232677,38176.1078156737,124686.80617156728,823003.617228299,2336441.288836259,1302588.780655594,292120.64787247963,85715.11933116635,0.7243288304963786
0.5750000000000001,10197.631955421391,13912.139798818269,22549.67846001298,44521.77710888366,146078.51422782938,970762.0358761898,2741396.7736873245,1532813.1115525905,343963.42629855056,100796.04776622752,0.8275743900595364
0.5750000000000001,10763.673825087291,14820.691999533468,24150.740264863627,49307.53355411821,158574.7338260421,1042235.9401203686,2950888.0254539275,1652088.880467733,369115.38696956594,107975.73437865677,0.7458130418508381
0.5750000000000001,13145.22466003631,18035.439640552344,27662.97743870912,55886.17043604534,181645.2264218602,1192963.8595917723,3372497.662935357,1874746.194440997,422969.7494579703,122997.66012808192,0.8300370812706419
0.5750000000000001,15950.9261226773,20070.86851874613,32546.53760806464,65587.92159805314,214292.40724393772,1421286.9494624217,4023190.4847694742,2238326.1737605715,504963.66100472753,147747.53081061185,0.8530364016124176
0.5750000000000001,24686.31264544116,34256.1348187476,52812.00261023562,107672.76033940524,346701.57378303586,2294920.561212784,6409077.132178429,3590388.7651970237,811039.6605997214,236010.26150005832,0.7673747981534679
0.5750000000000001,34081.305002636385,47579.72365682678,75928.38022582176,147632.32526222448,485017.2910731745,3184104.208088756,8629798.443920895,4968856.170338478,1126209.2546511772,332184.4164479758,0.8293170210376367
0.5750000000000001,48618.4503576896,69199.49501957175,112486.65818071258,220180.41038423212,726860.6055028683,4746762.767319318,12379975.466178313,7326346.346533834,1682485.081318074,490773.8751906736,0.7575764728344356
0.5750000000000001,59594.29509990004,88812.7546946747,139354.63293795803,276528.32830854127,906481.2282187982,5888902.3556314735,14413633.268538088,9051747.785350049,2079229.344372623,614733.289308222,0.777737700512724
0.6000000000000001,87.04009698777529,137.6162661337428,204.67132574668148,352.36776424053926,1217.5095137564906,8117.606628436902,22829.13609282481,12858.881438271485,2891.0810865536587,854.7986161377459,0.753035799880364
0.6000000000000001,405.62126333964,468.62554973542825,879.4001979781536,1609.6847102121856,5222.706241943226,34531.5023297951,98717.9087270622,55111.96053582411,12448.915543627983,3702.125219087616,0.8250563095997383
0.6000000000000001,577.3183186756823,786.4916225436823,1136.346134501511,2337.098188612609,7244.0120276295775,48223.299923272745,136701.46708144396,76828.28432172009,17429.48715718712,5249.958057360488,0.7768435192056238
0.6000000000000001,666.6114434984845,850.7822330045772,1335.7033016704524,2512.2466617924283,8330.059278446177,54723.32192882162,155745.2373479808,87833.55060025146,19994.415981721515,5809.95797018772,0.7925087349256313
0.6000000000000001,761.8275305726557,1084.4728620801884,1500.675960500152,3301.9560743379907,10872.631814442431,71560.90557954392,202610.95103950216,114727.61510271198,25703.765435941677,7716.757165634377,0.7809792497746779
0.6000000000000001,785.7120042416238,1363.28329181709,2001.7863021066337,3911.6629888588377,12952.343342649803,85319.51672256741,241928.12495803987,136092.79479138562,30677.58629268852,9110.060592679683,0.678009784312696
0.6000000000000001,1226.039166388159,1885.5573750172505,3004.268566630819,5634.718675666045,18627.19689475727,123799.46490327935,349195.22483736376,196365.98202971145,44271.26504942269,13349.831589647534,0.7459878527544044
0.6000000000000001,1612.08070324982,2464.130329847655,3793.482282309653,7540.604073806891,24391.588836600597,160549.1894101025,455850.4136040761,257103.3407071005,57898.28235543268,17023.4317399823,0.8093385451053304
0.6000000000000001,2015.1412116271772,2981.121020130219,4323.52629369278,8854.431585957043,28772.781907161425,193431.32344760068,541695.4104866888,306327.53028914786,69296.40152450568,20369.52422382664,0.7428407695517603
0.6000000000000001,2194.8780783463067,2967.142592526796,4806.667071956717,9676.490351594864,32021.796185817268,210702.6994015774,594217.17165571,334441.69916283025,75327.7679592718,22261.76376203621,0.758836332431919
0.6000000000000001,2539.798050310897,3672.4343236939512,5936.832585416919,11767.002395571211,38011.72796295769,250931.6102281952,702811.5176259627,395437.81358297553,89150.40870608506,26739.13375928004,0.838123911579773
0.6000000000000001,2534.388236639172,3618.189875133202,6013.618014232343,11103.73945547138,37521.84000535436,248221.068026505,696158.2890294058,390711.3619002794,87912.08202146117,26154.991148898094,0.7430589179773803
0.6000000000000001,2846.1022426687778,4140.243021072954,6168.00500506931,12564.064542214088,40807.10713503053,270190.1255509651,759458.6850183421,428838.6878756519,96197.7978613772,28974.37409427131,0.6935750153376271
0.6000000000000001,3116.3772151289545,4378.287185721175,6801.609413244633,13408.86004063547,44093.37186875868,292456.87957822124,819566.9136842865,461602.59044859046,104246.94204469012,30706.791981623526,0.8148058900224419
0.6000000000000001,3618.844410860423,4598.0247555819815,7919.507556492752,15594.73538488128,50995.19699502272,341356.6981960689,951524.6842800908,538263.6812226607,121382.80303821788,36058.57387340957,0.7307335319298279
0.6000000000000001,3790.484018394482,5712.672596442864,8972.390864739022,17727.031678155658,57082.08720390757,380936.29478441307,1061200.520118635,602228.0506915605,135726.32886488637,40558.66893443641,0.8564790564542399
0.6000000000000001,4769.78763501279,6863.008026238938,10347.195735931731,20609.03799696813,68583.57733468778,450083.5892394334,1242800.161139552,710013.1752391253,161376.93201761768,47831.49868668817,0.7700590463593434
0.6000000000000001,5377.259157720575,7481.80820688723,12270.958693330076,23005.02644380583,75883.3705893427,504168.3978061049,1386161.6030620716,791531.6804167426,179632.18522926798,54371.85510210096,0.7756482476235791
0.625,55.06545531244405,115.93145642259142,148.43040479602527,309.41541556516097,1094.5550460734717,6980.281461518419,19446.766814223534,11008.005652474369,2488.9903639350573,697.4957672909574,0.8005819309581614
0.625,348.7409033216467,545.5614500509388,641.6382009891122,1492.810622617258,4762.799738719032,31002.052430033254,88483.7908275979,49968.11804948846,11245.164106875902,3400.183574240775,0.8128980651751632
0.625,360.5216634924432,761.8642984067824,1116.8541480149506,2097.892727560788,6852.200632791294,45044.03444203284,127926.2481091194,72722.7513403101,16096.0523856187,4936.285506802882,0.6954838140618056
0.625,521.4754822627851,855.0786271657702,1274.4179879025644,2466.0060723724628,8333.643216543494,54387.27711884749,155632.40630014468,87584.2153334529,20007.88494446149,5737.060679862396,0.7758876996063889
0.625,706.4299149811409,1285.798886209703,1754.260771809825,3441.2539851623974,11522.040684994456,74932.68468833409,213073.72849991592,120404.58979599387,26921.48952450315,7952.279141919108,0.7731224978831928
0.625,920.1068488201138,1319.1833646068562,1908.6268146322416,3817.997250101352,12074.171528253391,79359.46358434715,225791.0479182187,127345.06831393683,28855.710827504296,8438.113509572824,0.746866289718287
0.625,1097.0096901348545,1681.5562209515915,2466.301913096476,4989.8035865724205,16844.453925217782,110776.09104020974,314025.2253057349,177416.73023741483,39794.3985999198,12039.965888854358,0.766066759742033
0.625,1504.4499069749356,2290.36152835518,3409.4890567733323,6752.932331175601,22198.02064374841,145302.7125464523,411651.0816497288,232404.48773644192,52444.001974510975,15590.123523106244,0.7246799131188612
0.625,1800.3671224560976,2676.629207200161,4324.634925589043,8335.714497880335,26923.43777136564,177915.061292838,502291.7545065121,283502.6183795646,63816.61089582525,18807.43283442281,0.9046080528567414
0.625,2193.1736447442267,3064.339650940402,5085.802854482023,9830.626207239431,32213.61118381369,214297.47889831703,604792.2497934168,340164.8943708506,76317.96697251801,23084.475025468324,0.6583114009953761
0.625,2289.871346083855,3624.416926848239,5359.154976507654,11071.420954981508,35619.69781167187,236719.6235314418,664351.1713525909,375311.6256764868,84814.2665789317,24946.75727224252,0.776341465374525
0.625,2774.2557133022474,3903.574857056484,5891.356521242232,12106.661163402016,39025.85015575904,258693.72116611293,727167.6968074628,410371.6305150587,92846.23102264432,27539.63962950327,0.7272559392542147
0.625,3008.929710105523,4174.081808391859,6364.846831517077,13174.823626331565,41855.240206145536,277354.10784169915,778390.9061114205,438712.5567105671,99417.00977553784,29476.254999042685,0.8304329400969626
0.625,3219.4803561340823,4417.167697398452,7519.056932753852,14014.15167798632,45586.64173594696,303410.2551410221,849405.6693936185,480039.8611758413,107342.30453600154,31750.570438399125,0.8279309788321849
0.625,3741.732212569399,4868.192696752854,7982.464412453142,15589.783193417654,50783.8684525542,338614.2262634904,940110.346356776,532306.5731342847,119706.77029012889,35627.06370966775,0.7996387311804235
0.7000000000000001,99.17980581452406,194.93524493212723,225.50088841205095,505.66481557865393,1705.7151002551584,10308.9925268823,29028.863803383265,16582.685972433766,3698.950174655492,1115.3289160267584,0.7704524520487761
0.7000000000000001,143.18565292930458,290.97846488597105,379.7268966761914,819.1043786540066,2650.207609976012,17654.99711592922,50416.26247744064,28444.84231698212,6472.815951388414,1813.280800347739,0.773823689251259
0.7000000000000001,174.5492599459016,403.3235734350884,462.8260044521716,966.2878154525952,3056.3931639506877,20364.608064769243,58150.89464604372,32870.27752999387,7390.835217618644,2212.0127681428485,0.84300839117218
0.7000000000000001,312.5128815647329,454.8849748843568,684.8588626926705,1330.442665159237,4314.886987731035,28438.211967778698,81214.38098301254,46033.2855308688,10308.629381923964,3030.316365570255,0.7942752914371906
0.7000000000000001,479.65821390205633,677.7651061767912,1042.7608571567023,2103.192299352775,6778.63276093676,44638.2538874582,127309.3006348237,72105.60761249137,16220.222687306838,4723.740060691602,0.8717930001868117
0.7000000000000001,574.4209880474344,926.264544064568,1357.0802851001424,2524.1136859282574,8307.274617007908,54599.528177602624,155611.58733580093,87893.47372438923,19750.108807742705,5880.110524069772,0.8279783055038491
0.7000000000000001,591.4207309901485,985.547742066496,1470.3792171405526,2943.981435539908,9571.162666763505,62893.416349884654,178722.32623183425,101224.8005351913,22941.783388903183,6730.547485880884,0.8401205465089783
0.7000000000000001,911.49303435409,1607.0273067593334,1943.901188891396,4145.972499255056,13724.138472146513,89865.26111184178,257374.9139251161,145098.14421985636,32628.0192548442,9612.47972321372,0.7201082914806091
0.7000000000000001,1393.368298536414,2241.4158844273807,3529.2936607318134,7011.855363732195,22995.215759890343,149055.35897509768,423155.1283194166,238695.5007200524,53996.715454650825,15894.01988873041,0.855418467053237
0.7000000000000001,1477.9954529091087,2347.444877306581,3313.9188234329463,6979.937236320232,22863.845687556368,149192.17287841177,424052.7004942226,240208.7168024429,53794.4403919298,15679.231279956446,0.7429115474876461
0.7000000000000001,1780.043100971965,2736.005971858124,4314.872163134634,8707.234691485293,27833.943105863837,181455.9842978044,515002.82997486735,288837.14024641307,65448.436971421455,19437.0424250754,0.7909549954879447
0.7000000000000001,2121.7151779148053,3333.7836690019367,5157.045832739428,10081.520566665144,32375.405095099173,213183.55926242744,602105.5402412511,338682.2579659726,76916.34242899792,22261.73732876866,0.8064031178156387
0.7000000000000001,2574.3314224736955,4002.017407863039,5576.276848445291,11561.143417118596,37432.439183852905,249962.2197332744,704914.5506600589,397237.843926872,89354.03192808808,26129.420701100586,0.7914147153271924
0.7000000000000001,2955.7937167502278,4576.727881405657,6705.51437129087,13175.739362544082,43241.52885527613,285192.6268251625,808372.3079660326,455164.2772056691,102932.34793278854,30200.906166417048,0.8611658390359279
0.7000000000000001,3607.398135229552,5422.2648140621,7913.421251291898,16097.462290698204,53085.62949151842,347354.2627749544,979356.3916251776,552213.9618013424,124769.74676273868,36559.64258432426,0.8573277901726684
0.7000000000000001,3849.447937784721,5722.809890653264,8458.513059921619,17709.082472210455,57893.64250364122,377470.2688150065,1063224.0082497424,601875.2420454473,135766.0279349452,40025.60810815708,0.7679619241896103
0.7000000000000001,3836.729761601732,6241.073006820883,9360.776404463752,18631.57738602949,59874.20070786792,396172.3396930115,1113541.3878242716,630228.4064583787,141905.12700629432,41293.16507173793,0.8236562398212448
0.7000000000000001,4237.2546714529735,6341.141758121691,9598.736799888986,19479.239129843816,63832.08161201941,415521.9516119919,1167178.8419394158,660298.5274653301,148629.8997780932,43264.33178252485,0.7732702025463734
0.7000000000000001,4468.569720437665,7274.290585345567,10611.35718026802,21739.10103283621,70616.32620878033,462882.3113920206,1297402.0673791606,734559.1438035357,165727.81024369306,49294.88206732944,0.8459337956454407
0.7250000000000001,184.9124795524689,242.0138801646307,417.8541745731116,692.8214331284063,2579.702528590578,16896.010929266475,47883.12660445808,26975.34203872498,6144.137388766129,1831.2472542115372,0.8020356857007725
0.7250000000000001,159.01991765147272,165.72626156958302,334.97619536732634,575.6089084968246,2024.1791948087373,13711.176974000384,38771.98852805762,21986.350701564723,4984.404867001234,1427.2009192508156,0.6749855313340757
0.7250000000000001,452.9581777345233,643.5655298042719,958.7053804846466,1773.0380918830065,5914.319389918866,39805.93631620926,113870.3555681294,64548.40034315171,14565.696583582794,4338.620136516994,0.5876111218770907
0.7250000000000001,634.6810358281789,753.0901689053238,1406.361034499881,2534.278749238148,8577.994056981172,56832.34260968916,161880.23760561732,91441.1499237748,20687.04545273898,6114.235422835041,0.7126861321557894
0.7250000000000001,728.8634810935931,1003.140415671274,1620.7681162656604,3177.396246195085,10628.623679836512,69882.53350450774,199940.9330708485,113071.17087744371,25374.31683226261,7582.422860238272,0.6735959713104622
0.7250000000000001,847.7895360899068,1236.6684690524887,1881.055440943775,3526.4411659065386,11740.94096188566,78229.91687686119,225375.77751461187,127325.70290143284,28714.179847240204,8562.028971472415,0.7093027214920566
0.7250000000000001,879.4665956115344,1221.273471069067,2174.5903113050013,4033.820118538237,13068.748863752566,86846.39071387773,248923.22724561,140793.74491793313,31843.926089158183,9445.096995763364,0.7076553032122223
0.7250000000000001,1239.8472040016502,1700.3536358347053,2649.643210227405,5177.523441611734,17680.446188597893,116513.0323974602,331666.7733238523,187228.7578566961,42599.15324747398,12723.365675507746,0.6613017649307141
0.7250000000000001,1569.0142597098904,2242.192991884176,3591.8056725391966,6677.750731055746,22613.33663766114,149693.07498198163,426077.2154812934,241043.23362505372,54790.82430530906,16336.954077190932,0.6970407997558266
0.7250000000000001,2036.8934866982656,2904.574293700181,4556.603462886644,8719.205278785897,29288.430407873457,191837.50135362972,543128.7119198653,307596.86650714866,70027.76211455485,20617.104735539644,0.6985305504869367
0.7250000000000001,2420.217915540933,3310.450220204038,5226.877581515167,10286.229629334644,34533.72970207226,229669.0090247974,649096.2942521549,366965.0862114653,83575.0087617726,24787.30457020153,0.6602958514466247
0.7250000000000001,2773.77803593587,4126.643953398457,6896.840610333759,12884.90629927472,42686.00863533263,280372.7317828075,791988.8382187024,450852.6396228464,101800.25041862178,30415.308834654432,0.6377398121811124
0.7250000000000001,3860.2370306319167,4736.19521972122,7933.636835659733,15102.509731288616,50066.06037628004,331053.4421825869,931191.625878162,528032.3549142156,118831.69160622872,35464.16754795765,0.6936772724121366
0.7250000000000001,3631.640372550838,5230.722144885842,8925.450694264408,16541.312943733934,54995.59182271087,364130.2021566631,1016676.1450911862,579066.5328525278,130687.15829863312,38812.96569077974,0.6921076263184149
0.7250000000000001,3866.168221052434,5531.966885702949,8967.742400601206,17678.722404376942,58955.382303882034,389682.71244602615,1086619.5156703135,621809.072987568,139946.0293189339,41724.41563659214,0.7118807359594138
0.75,44.57305405122732,83.86591554561674,110.60974797635312,134.6106232347066,589.3929224158439,3979.962283198741,11313.738301070449,6280.480463676548,1452.2586749182956,452.9993770190889,0.7229381342830489
0.75,103.46492196007236,198.85346815532836,263.6827546999306,468.5389345723522,1757.59399076477,11299.17711561636,31931.80696982075,18124.26033795087,4127.0280158208525,1209.9284017398315,0.646684923867422
0.75,217.73386809625737,257.0108876390814,383.3342748173547,640.2272134488001,2622.242337765979,16957.764725858684,48114.46688896746,27127.446113251648,6119.902210207159,1932.5944901176483,0.7994628714863492
0.75,529.4572040235912,745.8423060873688,1237.956931863013,2240.958398425432,8020.782104110334,53520.59425560314,154166.91670479218,86810.59443066326,19367.274041805373,5941.506976909796,0.6721010296906184
0.75,735.3661470937745,1134.3712370775863,1888.437095476988,3430.92953179988,11600.83340122824,75774.0351670957,219050.52195163444,124158.13569205716,27988.79289669694,8257.091273390843,0.7468765154257375
0.75,786.2816523679911,1262.500838314646,2051.2010746640817,3634.648007316571,12333.08529658597,82037.40121704496,236314.27808390028,134308.80565764164,30550.343561631136,8832.184983443341,0.746614055601163
0.75,773.8241512795174,1197.1500483282437,1988.9984322784196,3830.149442515084,12435.98983061956,83051.76701500939,240785.23710591288,135618.95445756346,30467.529622631744,9207.703616877436,0.7845071188452574
0.75,939.5460585637672,1471.867519272508,2397.4259539306904,4317.425273046255,14789.405064549548,98438.03519426472,282774.8605450184,160220.57823293348,36267.26961285796,10610.27252596605,0.7869996350364286
0.75,1404.1286257487236,1960.6118731030213,2962.4019091069244,5762.245806972666,19395.48441332213,126731.8481389714,364408.7877577632,206305.0463107356,46597.05861229077,13718.874527243624,0.8176575841878275
0.75,1422.1631009121836,2006.77160117136,3761.585172653551,6860.174902477967,22797.096654895457,151488.6949406812,439397.0185052221,247774.53832562143,55838.83973264257,16667.10600316374,0.7769358346201123
0.75,2033.1413638751533,2832.4492743497767,4480.360009832638,8679.191285551098,28294.550647262546,187639.08386085712,538710.892513963,306280.2584227766,68124.84159042017,20192.65758302729,0.8799640978999367
0.75,2497.2205849266684,3533.986579381293,5802.839011054574,11137.502123509905,36933.35860343447,246277.47020704535,700772.0403522955,397619.0367044676,89033.49787850451,26514.008650174088,0.7443127844862479
0.75,3068.9419391204437,4137.591364349883,6916.993245523544,13106.482843871669,43503.62205039796,284889.6061958776,814207.6505846189,463367.3041550623,104720.33666786818,30595.79839454972,0.8359850344379479
0.75,5042.294475141991,6909.877478106941,11428.841544595078,22187.053732562792,72995.01158783215,482302.8614335405,1353066.580141059,776597.1778414447,177455.71307813568,51803.72269461873,0.6980231980787931
0.775,67.95503453657383,64.67720345892704,166.92954366160703,234.72468399927143,839.2047029769598,5612.76606432318,15716.800281817706,8913.941695010482,1999.956639961096,623.1076931506544,0.794170412386412
0.775,67.33987324408706,84.89997988748082,179.44233976218263,256.8949529928676,984.3066920288196,6670.723904492542,18998.075554821626,10726.011032451355,2444.6177034267853,720.2779457120738,0.8575612771594665
0.775,190.98886130769228,263.49615628558087,435.89967385526495,712.968021949523,2724.22012159756,17669.77101491502,50211.85199617995,28472.991150625563,6404.240453721518,1933.8539247390945,0.6707376020304907
0.775,685.7203796586913,870.1584336569572,1479.523151052606,2646.432261039344,9097.322408852557,58989.29659609228,172150.08016216155,97187.85585753596,21929.515411170003,6465.907466430044,0.7658008913483078
0.775,585.7467611800718,1032.2028518084153,1762.911727780921,3077.552502776475,10723.113054786854,71374.67205374046,204848.02881889296,116325.40481672472,26078.434907612394,7732.673935547616,0.8166201009526989
0.775,706.0968009832022,1088.1596985566246,1937.0078251823884,3431.3704828845107,11807.043384488024,78161.80551475336,223709.89656002496,125847.24752671496,28558.157071718397,8390.064092156097,0.5921036160172103
0.775,824.0632000545786,1206.5501361108545,1972.749927890252,3873.170595436532,13358.601425698802,87167.05643969166,249544.52962438247,140966.29583534054,32178.42978326779,9394.95795884896,0.7807649968566576
0.775,1064.4766408050525,1344.7958352463022,2335.6426688810448,4411.477303889711,14876.639575164085,97609.1946205006,280637.64335726295,159395.9102710632,36154.33902939846,10606.373722883143,0.7010994317369557
0.775,1272.5590369837023,1646.4808076490938,2944.706861651947,5646.452073565776,18591.962111953268,123137.51414938783,352451.0192582224,199464.51433944696,45349.24401312466,13347.140520607649,0.7785889906580162
0.775,1525.0340036506357,2658.5234521844245,3903.979130088402,7454.859940446112,24689.56531916396,163518.92129855338,467789.8475934825,264027.1607806367,60142.053060377104,17542.612509485883,0.7848004992614096
0.775,2539.2428252987065,3756.09268778904,5840.051550931499,11058.847440775247,36594.06930007495,242040.1294340594,685434.1439713407,389314.5577233402,88371.4448435497,25854.748421831184,0.7505763623034478
0.775,2548.7484900149284,3745.836459583752,6080.5614176147565,11369.575486781026,38304.26712701211,255682.53304481323,722843.2467824579,408915.3135978684,93090.8941159768,27493.9555124986,0.7800163289897128
0.775,3099.6704598502333,4271.362454691215,7201.742512459987,13914.474977603144,46186.83795918126,305743.06644178415,859912.4374858483,489984.38718533097,110293.1569843385,32639.465538265635,0.7432506499920859
0.8,0.0,0.055476816845567,4.216238080263092,0.0,4.904150609148102,6.435310754085771,1.6864952321052165,0.0,0.0,0.4549098981336393,0.6996356406518467
0.8,88.33800329964747,90.29772009639728,123.98977425590472,199.3634972078225,761.0484806455138,5189.631572685442,14765.636952557736,8398.064837579725,1972.756450820544,584.2971003232664,0.6539480749407497
0.8,215.34025208436185,260.57980084158066,506.2951785200752,794.9234995911326,2871.289531693887,19506.000865576865,55245.89066304775,31258.977120995147,7100.024037811525,2064.2159818651016,0.716836795503978
0.8,402.9492358572281,592.0023753739779,925.8846674375756,1768.254714063465,6081.591068685595,40001.56526578306,114394.2399523987,64919.93191589941,14667.563614622888,4360.731782888677,0.818119397966457
0.8,684.0543591125816,1030.0599206178483,1732.755840862776,3291.5995565274397,11003.522462534784,72090.55427656719,207858.4080201175,117560.27724780896,26885.90521118293,7875.377570082433,0.5554853576353355
0.8,782.5177516607208,1317.7968095937522,2117.8009914591835,3661.7070582832703,12782.094745469822,83365.34166551859,240159.11816564377,136493.9739691476,30687.956408005517,9148.074535010672,0.7661051061449736
0.8,966.8207701517932,1402.4900055123333,2058.868325682605,4181.724789203593,13739.452971484943,88667.81270458546,256916.62263337936,145316.81107730055,33059.37143273435,9747.193059162182,0.6122088176811413
0.8,991.2527540993316,1401.963660740541,2335.901773848782,4346.668418388674,14851.359208700043,98190.28080574666,282490.65930659755,160272.86603264674,35971.9364753009,10681.12480036689,0.6777810314497189
0.8,1123.0860370691269,1681.795841584846,2497.194836207688,5175.148726817523,17064.448035487763,112714.88659721466,325615.33743611723,185186.51794939,41655.32911203036,12316.831304113555,0.6758760200245967
0.8,1709.169565856699,2322.794953127994,3856.690855662527,7187.560721358553,24530.604845492704,160038.93012721054,457982.7093725,260280.3846395562,58719.02313193802,17134.257332069694,0.6726707476771713
0.8,1974.0077826159145,2862.6367899239567,4533.201456084254,8620.46088286008,28892.55876182757,190461.732215921,540048.0943530111,307696.7451715092,69411.07578165965,20448.95566674675,0.7794283508112826
0.8,2397.543669100984,3670.4408661451534,5815.134687628822,11163.27959154749,37054.85690301885,243815.6131596131,691767.532935975,394432.99624835886,89508.02244139051,26333.446833447542,0.8117501077791811
0.8250000000000001,0.0,0.0,3.3154366260656376,0.0,1.077048621462012,2.1353659625507886,0.0,0.0,0.4870132897045449,0.0,0.8039508754921074
0.8250000000000001,95.4496081683295,80.69908471374468,260.1066141729943,361.64510120920494,1293.758121138739,8727.250112533726,24971.69286118148,14214.101802210014,3243.828777149198,938.2018987974152,0.8185715067912563
0.8250000000000001,110.8088470262622,148.64837470073243,276.1027428523369,461.0422246577408,1556.5497777907435,10334.352435411734,29379.44156251503,16701.36104214083,3895.729377329419,1118.24998025193,0.8427680870470821
0.8250000000000001,244.7284859674665,263.7675561421073,558.1088016157556,986.0014809421788,3482.0652722321656,23013.37184511104,65879.49091502755,37372.72195361442,8480.30759267845,2504.6800128288764,0.8122422199502585
0.8250000000000001,660.7350389528058,1023.5562441586578,1570.318339329394,3044.705783892414,10156.133420919929,67466.70211927293,194297.24612488007,110105.5645680585,25214.643599384795,7379.418072406972,0.8182860391249174
0.8250000000000001,868.6751329041482,1312.2854911250529,2078.094454006961,3955.154782465655,13305.590727708306,88215.40630193213,253237.71773676743,143853.64056160496,32358.828705409214,9431.541963914036,0.7839049382953681
0.8250000000000001,926.638848520946,1342.7434515850327,2197.216557139144,4357.32661523506,14517.853773941397,95142.5989881824,270626.6542634275,153475.8068323702,34607.82416972623,10322.772126936738,0.8528387046016991
0.8250000000000001,1006.1209156700542,1461.0858463778447,2364.585108066106,4590.644380339557,15607.86936316813,103229.07771436876,296036.1416886302,168540.3920782588,38052.00211978653,11186.564108981296,0.7683696742742165
0.8250000000000001,1193.853674095894,1625.958494220488,2875.751761938852,5427.567611829215,18279.40384050196,121018.46105605755,346333.4403603127,195713.801283091,44497.37807186628,12878.378995034423,0.7290972393392984
0.8250000000000001,1067.945881169862,1653.0044210945596,2766.0426190000817,5299.774188488604,17983.27254523661,118682.97764825611,341197.29325738235,193131.2487620593,43675.04809699326,12938.64095903712,0.7751301451127306
0.8250000000000001,2017.9962430761304,2651.335515583655,4432.668449914641,8426.626706603212,27807.58554873538,183854.18738598863,522754.98582257767,297073.20783202746,66920.96590792721,19476.33062326827,0.8155591838046619
0.8500000000000001,1.652758351148549,0.0,1.8664771034522425,0.0,1.6242625175080825,2.521881277183556,4.032160460129643,1.6670062679687825,0.0,4.858539635703949,0.8307699236379601
0.8500000000000001,99.99753437005708,177.13848945552948,348.6727214903196,490.7571302161262,1906.436509655077,12537.493061997024,35901.75213646025,20313.34528957283,4588.0187417787065,1337.219775548598,0.7391886013261659
0.8500000000000001,50.43019200071716,61.93416152873208,125.80794582672256,161.92505946118845,691.5089590124855,4406.287863404831,12581.329651022405,7220.546734511163,1639.1818906546084,472.73288734889735,0.6715215729350646
0.8500000000000001,223.51613591151548,343.59140842433027,559.0000172045961,998.4839016985326,3846.742053876793,24714.817964960217,70706.16346647819,39905.10875505932,9042.548665403388,2680.51621153172,0.7412353334819605
0.8500000000000001,638.2628771108324,950.4613855686426,1686.651900308157,2903.164478372424,9964.570436849464,65412.19547091058,188229.48545812813,107229.46327901316,24064.633676920777,7125.318907814346,0.7179860514024936
0.8500000000000001,1007.239287835771,1383.4852863944284,2245.9761136551406,4156.705792714163,13920.851949329128,93013.26078786633,267229.15797163435,152150.88184902666,34103.38730457103,9919.394505521896,0.7669067285683617
0.8500000000000001,887.2225459298787,1204.485630989849,2261.607243220797,4323.184289157177,14402.680610040912,95111.82678092748,272915.37751088967,154876.54528222853,34537.3657847966,10401.063853227042,0.6939292630600354
0.8500000000000001,1084.552683541557,1380.2916835902065,2526.743227607061,4580.251150127332,15669.934601862138,103504.68214135565,296394.49310957966,168627.83838730984,37859.88250712239,11197.609669999423,0.7702877045398445
0.8500000000000001,1180.178102673316,1490.5741966764886,2784.0314519941435,5100.085414474921,17270.304081244372,114906.83947874513,329067.2462195947,187277.9179274256,42062.45605564967,12378.270971873651,0.8082784800995814
0.8500000000000001,1439.202611492296,1910.72323034942,3198.1266232548114,6078.052880493782,20485.289337960523,135757.17451283472,388680.22605409496,220201.0416268301,49193.89826878931,14601.320428325347,0.8081029387883395
0.8500000000000001,1688.0759654274411,2478.825750467343,3971.903894753991,7727.629170553625,25856.03867698921,169371.74541149288,483713.2761375479,275863.41756787826,62124.624799756806,18298.864498363822,0.7629871175147199
0.8500000000000001,2185.030798966356,3130.7516203976925,4818.425315471587,9289.071820236284,31199.13689477051,206706.0663219207,590310.9196378549,334562.47357599484,75291.69996492632,22152.43387217734,0.8109797711512089
0.875,0.5089006887724499,0.0,0.0452356167797321,0.0,0.5654452097471666,6.830578133745783,2.386178785133033,2.668901390006616,0.0,0.0,0.7591780414892381
0.875,0.0,0.0,0.4183382100308582,0.0,0.4387449519835649,5.346566391614024,0.0,3.081418034861493,2.6528764538542817,0.0,0.6442061519066969
0.875,45.75373914621442,38.33421387926073,109.8708033281391,180.04714647807637,667.3244683852597,4582.731610511171,13244.03808964401,7510.414451473873,1740.3733101184373,493.02745398907246,0.7660071097819021
0.875,187.7297764708265,338.6553870377977,615.5425421516846,1042.2140933859114,3633.198842656143,24107.869881471703,68733.77695073094,39226.2509150239,8836.70876387677,2637.203934358793,0.7041330582807395
0.875,320.07526705213223,513.4210304498268,697.8846258817546,1454.772224678967,4747.677387845127,32066.688288270896,92401.9863985935,52239.04339938301,11879.26521364543,3546.9986110440173,0.8168146734416963
0.875,872.6627307701877,1131.996401044266,2049.77135772715,3708.8166057733,13015.986492843478,85756.61585576549,247173.09046930628,140386.28886156203,31815.95198344428,9455.078824488855,0.6792198263610595
0.875,952.3790589767656,1319.3794615887457,2323.815315262247,4507.597852790275,15158.938615689209,99391.77783050248,286873.02251092583,162555.41024373274,36330.43701885129,10889.500598636492,0.814675796299871
0.875,1045.6452543365044,1566.958815931717,2628.517852674814,4736.819645989352,16768.187896489413,109301.0707040811,316428.5518704152,179096.72533491818,40987.04409040936,11916.130515831646,0.7619973069064581
0.875,1189.9563671919482,1848.516791214668,2747.93179486718,5360.558336375899,17724.426757371926,116526.45620354952,335293.9971621864,190227.39613767952,43040.544950068,12634.198211419674,0.769470459507851
0.875,1262.9648352417971,1936.667578042734,3235.1703848389534,6244.963206486615,20688.56682491324,136033.88773009152,391020.35234980856,222665.1351059894,50277.42119245637,15002.491376205586,0.7815970529331728
0.875,1783.3792283303326,2692.830209785968,4226.515653294958,8049.175751305674,26666.882361817447,175422.9893118869,504687.0098326911,286825.3888859691,64957.97607363951,18920.856937663648,0.7742302828570464
0.875,2186.800126926825,2937.520580406402,5096.682242876764,9489.704120402524,31854.824257124168,208618.11765947868,596175.124065351,341097.8681328484,76772.55789755589,22442.059645884237,0.806100404412528
0.9,0.8777508269730611,0.0,2.7191194096448625,0.0,0.1431115478760453,5.934358851926665,5.533646517873755,0.0,2.4328963138927717,0.0,0.9328934958558044
0.9,2.3495552275909826,0.1607590418877703,0.0,0.0,0.0,6.442727755657368,0.0,0.0,0.0,0.222589442613905,0.8541271437405197
0.9,45.86402344726369,68.04825217990746,153.04625215554333,255.57560891989772,973.031845273382,6489.593143789837,18567.28549223398,10566.672184654395,2460.953823341499,726.3465452463413,0.7746506730522527
0.9,255.55910453544465,310.11354673122366,649.378322116681,974.0674831750226,3398.4779995854205,23089.99414014543,65067.34695611766,36643.64967986937,8401.106467400934,2529.3549395656382,0.8533005657215675
0.9,558.8165868432204,695.3017439984773,1226.3854977477406,2465.44886205272,7656.639033911438,51161.33240006573,147062.06351396168,83770.5880102644,18919.734920026945,5611.1445015672,0.8166769104385385
0.9,773.8509912628841,1217.6628715498996,1930.7042792154464,3827.570967558184,12810.470544527692,85370.77057224841,245104.55108595788,139307.6452234169,31891.92939753076,9387.479467838886,0.8756096508104042
0.9,1044.4564438510467,1623.4722299713846,2398.3915270221605,4842.15876323348,16392.858004792233,108014.83789354048,312768.2423808654,177184.5364803263,39682.82380633653,11987.066840108382,0.7901426198404511
0.9,1056.4167671504565,1589.383784811948,2834.2424617784327,5069.440872583258,16727.278618085027,110138.1780436428,319499.85906872706,182154.2586173607,40613.1744335968,11986.319458427832,0.2
0.9,1252.8467061798872,1736.664927276082,3057.06143282143,5504.731299572412,18872.95206373933,122618.18558919066,354452.8497780786,201440.14121799383,45539.24572350133,13116.785399862149,0.7462075837299877
0.9,1487.759738886367,2036.3919700252816,3096.39427635055,6136.743846593595,20285.15416734497,137258.02942265023,392125.1172510152,222786.49216371207,50229.08327969382,14794.89357931043,0.9216214609656732
0.9,1557.4689525187,2232.6853654683496,3800.84632452608,6868.804200831382,23658.81846928813,157048.4040478483,448566.9343350952,256173.34867079897,57777.98333592725,17076.43044362349,0.8029645207942347
0.9,2040.9862206816056,2999.608943964577,4754.812900617144,8888.712273975325,30018.55428256558,199909.11300167316,573609.1970398913,326189.88747173094,73686.89443365208,21721.6617228875,0.7992385286417918
0.925,0.5359480814696913,0.0,2.69139145259784,0.0,0.0,5.219668271704943,0.4194376289762778,1.9340735113906529,0.0,0.0,0.9222610324862429
0.925,0.0,0.0,3.4413856778040577,0.0,0.0,5.45382228523974,0.0,2.1553315144724543,1.4765807060474454,0.0,0.8354936323854438
0.925,102.81333671861766,194.96382500495235,300.32059345971123,473.3717758148349,1751.6418718207133,11252.435473579872,31977.295502631183,18311.04548715607,4126.913640483661,1277.6831502206155,0.8937794547373227
0.925,296.63285006107816,393.2214026476495,692.8399884919298,1150.4039972675744,4084.3372646306216,26829.52317427121,76299.43293219262,43560.39220901967,9895.922679843365,2982.750047418393,0.8558961911295351
0.925,433.8060952152448,595.9524347635562,1045.456068545551,1905.3118281548236,6575.05253637648,43191.86970487483,123932.0669844914,69944.53831495179,16074.094815427705,4610.459415516638,0.8011022025584686
0.925,857.3405305011935,1175.438605502073,1966.560762181403,3813.6785708275193,12726.171925938586,85856.2446908699,246649.44916971223,139722.76780938107,31402.50203091956,9410.505502382672,0.8768566190245626
0.925,992.48349410023,1638.0610332335204,2463.223037663916,4926.446075327833,16283.32405902556,108423.50777434508,311581.22737503104,177200.5428351629,40083.57966699696,11601.04745396511,0.786039425613288
0.925,1222.6935172980257,1715.6925070905857,2700.570034426176,5305.621514580046,17628.075241832612,116786.41864673462,337383.0183253514,192079.9694758657,43088.391820932135,12963.912640107656,0.871715360556165
0.925,1308.927138694516,1772.918018746533,2918.709510441868,5831.803844628331,19459.83661650013,128735.30404500588,370315.2588678093,210026.8017657119,47153.885908165445,14024.64153685894,0.7682652868439879
0.925,1640.899898463999,2144.2566144629677,3293.777168449632,6262.322633273328,21186.43466132087,140192.9838761059,402122.4363376586,227556.23886700204,51376.474473918,15085.345875454164,0.6706536051478579
0.925,1694.349181640388,2426.7213169488764,4049.1501367539904,7674.206496676509,25378.433407985885,169119.5490656625,484163.8240236904,274786.4303528824,62109.14139467473,18015.20650403372,0.826121487459213
0.925,2174.372950821589,2951.8065182015816,4846.199825585184,9491.198956282302,30821.43144816573,202961.20096833745,582635.418869146,329365.907385984,74410.23052047865,21660.512309043446,0.8595226246580455
0.9500000000000001,0.0,0.0,2.545583978120671,0.0,0.0,7.709482905165449,9.527757175251644,2.436487521915488,5.369970010987914,0.0,0.756999965802185
0.9500000000000001,3.451207251221176,0.0,0.0,0.0,2.15848700935481,8.40861148149768,0.7234489426958394,0.0,0.0,0.0,0.5996263281319643
0.9500000000000001,163.58073887636547,135.576708405427,372.0092608685503,532.7999302884012,2054.731150863959,13260.37343956527,37991.96244572968,21126.819268348157,4813.593163827447,1410.431778220789,0.6503134556817807
0.9500000000000001,354.7998973631082,468.48846662569554,795.6673827317182,1494.1272236912653,5209.988514354355,34146.399928544706,96695.86690943716,54590.65672408576,12262.03705497541,3697.854242108747,0.6926939002122696
0.9500000000000001,256.11085677588903,447.1574361143165,809.1572149943092,1326.9604229341055,4965.616350116835,32548.72373062645,92662.21564591616,52107.23689384918,11786.68090607892,3484.9256246099044,0.6495813437221375
0.9500000000000001,839.6863400984037,1102.8790156802074,2066.8438953323184,3829.813118103177,13088.936406290184,86874.9161843139,249035.3406328834,139786.8144755014,31647.12079677227,9352.146147134394,0.6749216206625076
0.9500000000000001,1013.3510192957448,1543.5292764245864,2506.322059860104,4897.863259929432,16298.335514767969,108380.46041863709,310929.05122396,175550.492855963,39151.20469911229,11633.313427556972,0.7543689764892827
0.9500000000000001,1224.4568114241476,1817.768047296804,3042.511482506399,5563.081051716127,18433.348889585635,122436.79580506602,352162.3203543913,198817.4486457853,44873.24660181222,13173.515802871088,0.728255502157546
0.9500000000000001,1357.6842337557691,2195.1781463119974,3429.692316033739,6339.194310867943,22150.29159170273,145501.04673489495,415362.9056609362,234833.418126517,52209.41427476795,15777.334928256938,0.7667007536039919
0.9500000000000001,1378.3716770086755,2124.4855377347308,3462.5267357852385,6352.360670364535,21614.96508040185,144664.80755403134,411729.51640155865,232594.5587164371,51799.84670496026,15552.05315517553,0.7121218922267993
0.9500000000000001,1902.6375451395909,2557.1587866514715,4272.143699251218,8123.722685871401,27089.868257064358,179173.10096629817,508032.7728191877,287599.0705674964,64467.20894255134,19221.339225463274,0.6833471775309519
0.9500000000000001,1902.25264870416,2762.426730337474,4520.956825200892,8553.473091484377,29528.68119349005,193389.68250322537,548863.8258762299,310218.1084306561,69761.63088944963,20768.8095472419,0.6767435008733523
0.9750000000000001,1.132390461305137,0.0,3.567029953111182,0.0,4.144549088376792,4.042633946859319,3.623649476176439,1.9703594026708973,0.0,0.0,0.6639971565357352
0.9750000000000001,0.0,0.0,0.5361278355747957,0.0,0.0,0.9467789436746968,3.262394914348873,6.091324770147874,0.0,0.0,0.6578361677965343
0.9750000000000001,315.24779506819925,389.3178742783384,686.9826785807666,1246.592510669332,4409.454117315366,28196.886994718803,80565.26368876427,45608.06286647186,10177.228883473112,3024.27441171267,0.7410251383843576
0.9750000000000001,335.6684495973142,488.07758103313216,849.3777778104879,1529.0027868717182,5303.469413527941,35933.10032664585,102022.64188643314,57829.36569310769,13008.648886177409,3962.483933815212,0.6801452528853709
0.9750000000000001,299.0293224353234,360.3764194079061,603.951592609392,1041.691838741344,4005.391247658186,26232.07910596601,74777.27597040811,42062.652149373775,9583.292934217034,2832.5435464237357,0.7677923478743813
0.9750000000000001,837.8133843487416,1219.9308471166976,1949.829158539958,3785.12118286128,13009.89782575498,86300.17434156667,247074.01207818472,139796.3738675512,31575.459814937272,9135.991969259552,0.7568352182932528
0.9750000000000001,1079.9267410191258,1712.289539157728,2521.8973707336454,4936.6923392228255,16237.209783092205,107600.68470528476,306527.8845617105,174239.151911349,39292.01353877854,11542.23974213396,0.6923734947121396
0.9750000000000001,1169.9213876177937,1764.7631742275144,2975.620517734445,5502.0747884370585,18294.984479197843,121363.81653380187,347274.3942882742,196516.5852075125,43927.386155351865,12930.398039160847,0.7326911868118273
0.9750000000000001,1364.0876917365667,1919.7727036008175,3034.081304864295,5967.369400278863,20080.475727515422,132949.1818417277,377533.74880623753,215171.7567014128,47988.73429270397,14180.693610541046,0.7103463929033211
0.9750000000000001,1393.8179137593995,2067.0594022787004,3253.1462880086337,6370.619190511812,21421.320089250552,142048.2256457405,403427.52526818775,229387.21382384803,51460.61362580775,15108.889706299968,0.7206441672448837
0.9750000000000001,1742.59392580285,2335.1407616531283,3602.983306925334,7210.185183875889,23983.21960415479,159562.54362318796,453964.86348944926,257366.1955932994,57478.34109902338,16996.294126229062,0.7774581978423989
0.9750000000000001,1762.14031780772,2762.765193925836,4592.255263010736,8377.026206476012,28224.534655603733,189396.40928869133,537108.9212171616,305165.28651580977,69051.66880151845,20127.954238837465,0.7092561377136692
1.0,0.0,0.0,0.491320644350529,0.0,1.000188454570744,5.457168585464878,0.0,0.0,0.0,0.0,0.6593657632027403
1.0,1.7962196147900884,0.0,0.0,0.0,0.0,3.4374355064764783,3.063602997814587,0.0,0.0,0.0,0.7513962781190606
1.0,0.0,0.0,2.4783089282426336,0.0,0.689682301131739,1.2959964120167904,0.0,0.0,0.0,0.0,0.6842951858258842
1.0,278.7740642017114,371.6667313564511,597.6062899375762,1059.4759317989929,3672.3823915807134,24477.45795211769,69429.53564779994,39401.66878613344,8859.770216147366,2568.8136632729047,0.7677838264515061
1.0,302.5821665771434,321.35710620602765,614.6245740525615,1139.013004152344,3835.909370999128,25844.06825457908,73557.15708044963,41815.72019205341,9420.798970837855,2730.3710654099123,0.7193182338454096
1.0,721.9024763937848,1023.6549473816132,1785.407177577607,3369.031786769462,11180.044222797937,75721.21224073147,216503.4820620068,122380.43668976716,27753.6259327562,7968.568688055706,0.7245823428269337
1.0,926.9217969106109,1452.6978775447474,2438.09804074632,4560.783354710613,15624.572727370176,103016.1251173426,295543.04803472245,166160.32413594655,37202.56067275114,11042.885341270485,0.680413349958925
1.0,1216.3479935307164,1707.4943542572878,2924.979918976718,5485.368271971116,18341.344668406957,123027.75527365002,352254.60644073336,198763.54791175725,44357.59775425918,13020.924218799131,0.7223461794406095
1.0,1143.3736856853209,2102.985567758282,3093.869717869006,5812.174388160729,20530.09505122702,135090.83696288592,385578.7256340977,219064.0245912502,49117.41550460173,14345.929588979036,0.7588320717204813
1.0,1256.718417214434,2112.2104479994323,3520.8707393904865,6673.274634011796,22276.800324609678,148505.2422586425,422587.79156136594,238748.7316592398,53881.6461402514,15560.158297352387,0.7386448209277179
1.0,1772.920161201332,2297.32338208308,3758.930119064629,7482.617208972305,24297.45800896903,161483.55959717394,461604.38514052494,261869.41225863557,59169.78271108923,17325.212074084502,0.6836524270718239
1.0,1759.3709061947068,2550.099403360867,4222.217509868276,8006.807696304934,26799.22026020605,177121.82004022485,505289.8246016254,287830.6262684629,64377.56959428151,18862.28296990072,0.6528426139913172
1.0,2117.0973253829115,3061.619202147101,5018.698937945414,9907.787429220172,32572.891667982905,215336.9245986375,611757.5073926481,346931.05725514493,78154.33916383477,23299.093168518328,0.6228825085061392
1.0,2476.6587448687637,3823.521310219297,6050.776032632695,11407.505539242924,37768.74269390532,250903.27613330272,707804.9777442086,404292.8132502197,90219.17663513856,25985.312128919293,0.6944129552537467
