frequency,401.580067792292,401.7087137415121,401.83734478537434,401.96596091991165,402.094562141157,402.2231484451432,402.35171982790325,402.48027628547015,402.6088178138767,402.737344409156,Max_Oxygen_LifeTime
0.2,0.0,6.805229032881876,6.249700132238457,0.0,15.832573668337425,0.1388822251608546,22.498920476058444,19.999040423163063,1.5277044767694006,0.0,0.45973694591830416
0.2,0.0,0.0,0.0,0.0,16.83596019100291,37.58725996130882,34.259221318901275,5.285708432059054,1.1746018737909008,0.0,0.971616363897645
0.2,23.230734633828096,8.533739253242974,32.94971545002148,0.0,33.18676376261156,28.20874919821983,60.44731971047106,19.437961632386774,2.370483125900826,0.0,0.9117780783164717
0.2,0.0,29.17855159992419,49.93442851121047,34.89393799578563,49.63361870090198,77.60893105959218,57.75548357923138,21.959116152520263,24.666404445296735,22.259925962828763,0.9391676774955388
0.2,0.0,31.337359535624007,57.69588624783111,0.8786175570735703,20.20820381269212,52.13130838636517,65.31057174246872,34.26608472586924,3.2215977092697576,0.0,0.8415457954533347
0.2,1.2740142248631658,10.82912091133691,48.094036988584506,0.0,57.33064011884246,35.035391183737055,64.33771835558987,12.103135136200072,21.021234710242236,0.6370071124315829,0.8653322467273351
0.2,0.0,0.0,28.13121024115007,0.0,10.900843968445653,43.95501600179698,65.75670393868829,44.306656129811365,15.47216563263254,17.93364652873317,0.7316352996703497
0.2,0.0,8.521358133416859,32.14876023061815,0.0,56.55083124903916,44.93079743074344,84.43891241294888,52.29015218233073,32.14876023061815,20.91606087293229,0.6677301296999959
0.2,3.4289423893762327,0.0,0.0,15.430240752193049,39.43283747782667,78.00843935830929,9.42959157078464,79.7229105529974,15.430240752193049,0.0,0.7000370427067865
0.2,3.295334651421872,40.95630209624327,63.08212047007584,0.0,50.84230605050888,64.9651688423169,109.6875676830423,45.663923026845936,0.0,59.316023725593695,0.6751327152436368
0.2,9.690077271954896,41.31032942254456,35.19028061920462,0.0,60.18047989950935,65.2805205689593,57.12045549783939,63.24050430117932,60.69048396645435,38.25030502087459,0.5234310677705861
0.2,2.8685335832729826,138.83702543041235,40.15947016582176,57.37067166545965,30.40645598269361,122.19953064742906,196.7814038125266,63.68144554866021,92.94048809804464,96.38272839797222,0.6944522570889506
0.2,38.29233982877213,0.0,90.172284112915,33.351392754091854,26.55759052640648,147.6107938560732,145.14032031873307,51.262325899807855,52.49756266847792,142.66984678139295,0.6630253734709786
0.2,0.0,117.52002364631272,42.30720851267258,0.0,108.78996474687234,288.0919436815323,164.5280331048378,51.03726741211295,0.0,25.51863370605648,0.79822163316433
0.2,29.19721828954901,102.92019447066026,32.11694011850391,19.70812234544558,83.21207212521468,265.694686434896,255.47566003355385,127.0078995595382,140.87657824707398,102.19026401342154,0.7036243975064377
0.2,90.77752536844064,85.8706321052817,228.1705367368913,72.78558340352448,282.1463626316399,330.3974797193696,307.49864449129444,231.44179891233065,288.68888698251845,215.903303578994,0.7339582087744879
0.2,243.09380245912487,206.8111453756734,302.0531202197336,97.0561076982327,433.5777521472451,413.6222907513468,497.0724020432852,401.830427199225,360.10537155325585,342.87110943861643,0.7500676178642665
0.2,390.073229541389,310.83960479079434,571.9042401869845,329.124287425547,666.3751004665396,475.40174850356783,855.3168210256499,512.9869294750038,568.8567930811923,548.5404790425783,0.6612667032813783
0.2,623.0660381643625,524.562264511711,671.7245287638651,689.5264155685611,868.7320760691683,932.818868566074,888.9075477811573,915.016981761378,905.5226421322068,1071.6735856427035,0.5525249130712094
0.2,777.4515846299066,673.9596529096918,814.0523897504704,681.5322332794636,907.447547644323,964.2419004176116,1298.697533415867,1051.3265746699874,1098.0241536169135,1202.7781820654238,0.5601010204217014
0.225,3.8907104782132778,39.36483542662845,45.31533380507229,40.05143139337197,51.494697505763966,66.14207812962573,32.7277410814411,42.797815260346056,11.900996756887672,0.0,0.8247662403650454
0.225,5.260372466194067,35.71516042837025,42.9135648557937,28.79361770969384,41.806118020805485,92.47181072151676,55.92606516690535,53.988033205675954,28.79361770969384,9.136436388652852,0.7810588398643363
0.225,37.49687181312903,0.0,3.931123657828045,0.0,21.772377181816864,81.04162617676276,74.3889553712076,57.454884229794494,4.838306040403747,57.15249010226926,0.8336496532846075
0.225,0.0,29.17855159992419,49.93442851121047,34.89393799578563,49.63361870090198,77.60893105959218,57.75548357923138,21.959116152520263,24.666404445296735,22.259925962828763,0.8326921862102807
0.225,8.225845171908663,53.12525006857678,62.37932588697402,10.967793562544884,36.67355972475946,112.41988401608506,79.17375977962088,83.28668236557522,28.104971004021262,13.366998404351577,0.6972630871582721
0.225,38.878047320389214,34.10998491317167,57.21674888661055,0.0,63.08513338780137,152.21122299963702,35.21030700714495,54.28255663601513,52.81546051071743,14.670961252977062,0.8245197440059927
0.225,21.23713883698786,18.92036005477101,75.68144021908402,66.02819529318045,48.266224629517865,61.39463772874673,88.80985331831288,36.29620092139744,34.36555193621672,31.66264335696372,0.8684417707442
0.225,0.0,9.536156073420935,36.4861623678714,0.0,62.19232221796263,171.23619384012375,106.55617873344264,59.70462932924412,33.58385399769981,75.04540214300823,0.7852449718092277
0.225,14.457227888787358,51.05208598228035,19.42689997555801,4.066095343721444,93.5201929055932,125.59716728384016,101.20059522151148,46.98599063855891,52.85923946837877,29.36624414909932,0.7001181046785798
0.225,68.98224233670992,54.09398859497397,69.97479258615898,97.76619957073277,73.4487184592307,126.05388168003108,165.7558916579936,76.42636920757789,67.98969208726086,91.81089807403838,0.8729390368811302
0.225,12.194180885253608,66.80290398008498,52.48799598435248,39.76363332147916,101.2647195253669,119.29089996443746,153.22253373209966,64.15199509198636,59.910540871028594,39.76363332147916,0.9409197834843136
0.225,0.0,58.78372879748108,70.42407113361595,55.87364321344736,86.138533287398,169.94899810756905,91.95870445546544,27.354804489916937,80.31836211933057,80.31836211933057,0.8786739544765398
0.225,91.90891430265172,98.78645210761204,51.89414889197342,93.78460643127728,112.54152771753272,176.31506009080127,126.29660332745338,166.31136873813168,88.15753004540063,102.53783636486314,0.7488796733202973
0.25,8.012978094397662,6.588448655393632,21.902140124686937,14.42336056991579,26.175728441699025,26.35379462157453,46.65333912738193,10.50590461265471,23.68280192344197,0.0,0.8907084191471129
0.25,4.104247792507053,43.8506474673122,30.025812797814755,11.880717294099362,22.897382421355136,67.18005597208912,59.40358647049681,26.569604130440396,0.0,7.776469501592311,0.9102083319707164
0.25,6.30900744139453,11.56651364255664,44.688802709877926,0.0,19.189897634241696,50.99781015127245,58.62119414295751,48.63193236074951,0.0,7.886259301743164,0.9443221441693939
0.25,0.0,46.50210649244956,76.91857866361153,0.0,22.227421971233746,62.587740813737135,62.29527473516827,37.14319197824587,29.246607856886516,10.23631274991028,0.843301338754155
0.25,9.170605772457012,62.55663223354605,67.14193511977456,2.292651443114253,69.10706492815821,32.097120203599545,83.51801685630494,51.09337501797479,46.50807213174628,38.9750745329423,0.8709211639441403
0.25,17.23353521659345,9.9954504256242,90.64839523928153,0.0,39.29246029383306,83.06563974398043,130.9748676461102,57.904678327753984,0.0,31.70970479853194,0.8162583665516217
0.25,7.352014516522897,4.778809435739883,45.21488927661581,11.39562250061049,76.82855169766428,83.07776403670874,129.395455490803,46.31769145409425,27.20245371113472,18.38003629130724,0.8839646218926953
0.25,0.0,38.94605823178282,111.9699174163756,14.60477183691856,44.22000361733675,114.80973416244312,96.14808125971383,51.11670142921496,1.6227524263242843,5.679633492134995,0.8620823431292292
0.25,13.477134148522738,18.25934303993403,24.78053698276761,0.0,79.55856610256971,133.46710269666067,126.07641622811592,76.95008852543629,0.0,57.8212529597911,0.920458161603352
0.25,19.76576493209369,91.76962289900642,94.59330360359124,5.647361409169625,54.12054683787558,91.76962289900642,104.9467995204022,41.41398366724392,56.47361409169626,70.12140416385618,0.8298172285604452
0.25,52.98329187864648,35.65230855385558,75.76115567694309,70.80944615557428,96.5583356666922,160.930559444487,170.33880753508777,23.768205702570384,86.15974567181765,65.85773663420544,0.8914172453042928
0.25,2.6692616012218644,143.6062741457363,11.21089872513183,0.0,143.07242182549194,164.96036695551123,149.4786496684244,72.60391555323471,14.947864966842442,69.40080163176847,0.8738477512417712
0.25,23.62916869148681,85.29553576439143,0.0,0.0,133.1301943349623,110.07734683107272,88.17714170237763,91.05874764036383,40.918804319404,44.37673144498744,0.9391192474088602
0.25,0.0,140.7263009746818,98.69117211211451,47.51797175768477,109.0476531362253,178.49699647437996,199.20995852260157,128.54220565219853,62.74809091078886,90.7715101525004,0.9311141893419929
0.25,20.898279008626627,170.55692223169473,132.80519240965953,64.04311309095256,80.89656390436114,172.57933632930377,192.80347730539404,128.76036421444147,28.987935399062746,115.95174159625095,0.8825515117549522
0.25,44.172309193762224,100.4563805858141,35.622829994969536,0.0,65.54600719074395,174.55186697535072,247.934896764988,79.08268258883237,65.54600719074395,45.59722239356101,0.9153880401320287
0.25,5.236157632832967,74.05422937863767,147.3604362382992,40.39321602471146,94.2508373909934,153.3446163901083,223.6587331738653,217.67455302205616,50.117508771401255,68.8180717458047,0.8366406301068983
0.25,26.767813560706767,119.667872389042,177.13994268114772,37.789854438644845,176.35265404700928,235.39930160739183,128.32804736456478,269.2527128753445,108.64583151110392,68.49411117004378,0.7023520808996986
0.25,84.10222227332633,205.20942234691623,200.16328901051668,102.60471117345811,141.29173341918823,257.3528001563786,157.27115565112024,123.6302667417897,64.75871115046127,169.04546676938594,0.755610973873429
0.275,0.1885959596315828,15.464868689789794,42.99987879600089,16.03065656868454,34.32446465294808,37.53059596668499,51.10950506015896,29.04377778326376,21.68853535763203,10.938565658631806,0.7349682530279553
0.275,13.967105069316007,35.032247141071295,34.80327820550874,35.26121607663385,52.43388624382567,76.93356234901931,34.80327820550874,25.186582911881324,21.75204887844296,9.616695293627414,0.7725901930008846
0.275,5.265683082758843,31.33081434241512,45.02159035758811,16.850185864828298,48.44428436138136,96.36200041448684,57.65922975620933,52.13026251931255,31.59409849655306,25.011994643104504,0.7802447031227839
0.275,0.0,63.83247938741664,70.36417495264067,21.37645821346046,40.377754403203085,54.628726545510055,113.11709137956156,48.987716739180215,52.84735502772168,49.58150724510966,0.7744336608163489
0.275,31.73317337829576,11.357135735390065,36.40964103404461,7.682768291587394,45.09450953757819,85.51255141940753,63.80038016057358,57.45374548491444,25.05250529865455,30.39703976236752,0.8173128926325012
0.275,0.0,41.15875350792373,61.20127695526051,19.68462124292005,69.07512545242854,82.6754092202642,75.51736513192964,26.12686092242115,93.0545731483493,13.600283767835668,0.7840962965634557
0.275,0.7713004390209894,29.309416682797597,84.45739807279833,33.93721931692353,62.47533556070014,84.45739807279833,49.74887831685382,100.6547072922391,106.43946058489652,36.2511206339865,0.80167380927598
0.275,0.0,40.99496635585892,26.526154700849894,68.7268553612929,83.19566701630194,93.64536432269736,125.79827911160632,82.39184414657922,56.669512315452046,120.97534189326996,0.7916037598162216
0.275,28.966032672088232,39.61530938976773,88.17601122238622,17.890784885701553,89.02795335980059,70.71119740539186,80.08256091694982,68.15537099314876,44.72696221425389,54.524296794519024,0.766825166377979
0.275,11.719959733667364,28.12790336080168,86.7277020291385,4.687983893466946,76.88293585285791,81.57091974632486,90.94688753325876,101.72925048823274,15.470346848440922,34.691080811655404,0.8298172285604452
0.275,74.60883080657652,61.93020596362888,81.92342206212324,18.04265843034857,94.60204690507088,147.26710394500725,177.98838721830344,80.94814322805034,68.2695183851027,10.728067174801852,0.8419934897076728
0.275,24.79128032474011,0.516485006765419,122.92343161016971,0.0,155.46198703639112,160.11035209727987,142.54986186725563,64.56062584567736,32.53855542622139,112.59373147486134,0.7573560230931569
0.275,14.825305099500072,62.59573264233364,137.82042888794513,27.454268702777917,127.93689215494506,121.34786766627836,143.3112826285007,85.65731835266709,44.47591529850022,91.14817209322268,0.8159663184531726
0.275,88.22401728217869,95.7694924444703,69.07011879328465,67.9092764606244,108.53875810373302,152.07034557849224,177.60887689701764,98.0911771097908,71.97222462493525,16.832213823573568,0.8465959102028908
0.275,3.776548875580321,57.907082758898255,113.92589108000637,90.63717301392772,79.30752638718674,199.52766559316032,109.51991739182932,175.60952271448494,79.30752638718674,18.253319565304885,0.8661823154686811
0.275,0.0,98.5906738304526,140.55832552855065,91.26298861332435,125.9029550942942,185.1905900328772,182.52597722664876,171.20137280017784,55.95686893079741,73.27685217128233,0.8753687785904483
0.275,105.758725257594,46.61733284380788,114.80387939146718,100.1924765598259,175.3368339796953,178.11995832857937,221.9541668235032,213.604793776851,62.62029784989119,171.1621474563692,0.8164756490907241
0.275,69.54397578772331,90.04114759884176,99.5576916540039,0.0,133.963658622667,248.89422913500977,141.2840771266379,124.44711456750488,75.4003105909,57.83130618136992,0.8361569321063043
0.275,0.0,132.7125074129407,60.03661049633032,15.00915262408258,218.02769074983115,275.694435042359,274.114524239824,189.58929630420104,114.54353318378811,156.41116945096584,0.7819711433974208
0.275,82.27356783805773,141.5105366814593,78.15988944615485,90.5009246218635,64.17338291368503,256.6935316547401,243.5297608006509,186.76099899239105,134.1059155760341,126.7012944706089,0.8320106428086772
0.275,146.6301766581607,190.01188572862245,305.4072318560507,115.39534612742824,117.13061449024671,175.26210464466547,231.65832643626572,144.02727411393303,183.0708122773486,108.45427267615436,0.8289673586522995
0.275,8.151191373725245,116.8337430233952,315.1793997840428,94.19154476304728,292.5372015236949,249.9698687942408,304.3111446190758,271.7063791241748,128.6076861187761,254.49830844631043,0.8365105221819555
0.275,61.91106813319727,213.3550655667106,210.49763165287072,121.91718032383464,209.5451536815908,388.6110122822229,377.1812766268634,195.2579841123914,220.97488933695024,220.0224113656703,0.773445122916722
0.30000000000000004,13.004893944140797,29.2208728127608,27.6153303505212,15.573761883724163,13.004893944140797,54.26733522369863,14.449882160156442,35.321934169271294,27.294221858073275,30.184198290104565,0.7407217240849905
0.30000000000000004,14.045790650019674,50.01152731446399,23.409651083366125,31.07099143792231,50.43715733416156,73.84680841752768,57.672867669020185,10.85356550228793,47.88337721597617,16.1739407485075,0.867026873689901
0.30000000000000004,28.28504655101606,52.56513075852542,17.271400106372635,44.55520607151202,41.050864020943656,80.09924687013397,44.55520607151202,27.283805965139383,46.80799738973454,29.786907429831068,0.8479892845776956
0.30000000000000004,9.918729315214868,13.036044242853825,37.97456366396549,13.31943650900282,37.124386865518495,65.74700574656711,74.53216599718598,53.56113830216028,14.7363978397478,16.720143702790775,0.8758760872989872
0.30000000000000004,18.425473852430475,64.48915848350666,100.6820535507808,25.993079184678702,60.869868976779244,82.91463233593713,108.24965888302904,67.45039535264726,69.42455326540768,32.24457924175333,0.797632544766235
0.30000000000000004,14.809323370443115,35.3978948854494,53.0968423281741,28.53503771378064,71.15699277993399,64.29413560826524,96.08000040336265,62.48812056308925,55.62526339142048,65.01654162633564,0.7840962965634557
0.30000000000000004,69.91612043271688,81.94470029210903,107.50543249331736,47.362533196356594,69.16433419150486,125.92419540301157,76.30630348301897,101.86703568422728,22.92948035696629,17.291083547876216,0.8105519957228438
0.30000000000000004,32.750221758575975,15.14697756334139,48.71595486588176,0.0,88.83497652013733,92.51937646797714,160.4760866170223,72.05048786886715,54.85662144561476,113.80702061105151,0.77806321886658
0.30000000000000004,0.0,72.32133205953245,116.06058079014792,49.802114891294806,58.896414132313865,108.26546715498873,119.9581376077275,84.01400251227125,63.660094687133366,126.88712750564676,0.6703456165782044
0.30000000000000004,22.082023293909643,100.2891891265063,138.01264558693526,66.70611203368537,68.54628064151119,129.73188685171917,145.83336217019493,81.88750304824826,67.62619633759827,81.88750304824826,0.7814791732500574
0.30000000000000004,0.0,103.42385379988885,65.24401992049063,54.12837208218481,60.89441859245792,108.7400332008177,188.9660132511988,102.45727572699268,107.29016609147348,88.4418936699984,0.804430205528871
0.30000000000000004,30.574858040914275,43.01208843043873,119.190124566276,17.10119178559612,129.03626529131617,213.50578835350308,149.7649826071903,133.182008754491,58.55862641734429,83.95130512929005,0.8523502692667881
0.30000000000000004,21.215799956438,65.88064196999169,185.91740488141724,72.02205774685532,126.73648921345858,140.1359418175247,193.17544170861973,67.55557354549995,58.064294617619794,109.98717345837596,0.8192687141174579
0.30000000000000004,20.118219123811816,83.92171405932929,209.80428514832323,66.10271997823882,194.8593223706345,197.73335367403612,159.79614046913386,82.77210153796862,97.7170643156574,113.2368333540265,0.7077329333746215
0.30000000000000004,50.600073904448536,128.35140697713774,127.1172588331268,97.49770337686428,113.54162924900648,167.22707351348237,102.43429595290802,137.6075180572198,120.32944404106664,80.83670343271656,0.7396000724320938
0.30000000000000004,7.782084509953084,72.63278875956212,134.2409577966907,182.2304789414014,117.37977469179236,223.0864226186551,248.3781972760026,129.05290145672197,68.74174650458558,98.57307045940571,0.8241658209092182
0.30000000000000004,49.70521923769025,125.96528162976296,171.58514038216362,101.45311871802532,149.11565771307073,126.6461750439779,206.9915979213402,74.89827556364284,64.68487435041881,139.58314991406166,0.8088869096929134
0.30000000000000004,31.63403807474899,29.47717184237974,214.24871241534544,71.17658566818523,141.6342159255807,247.32066131167392,283.2684318511614,124.37928606662672,99.9348020997752,94.90211422424696,0.7500953902929088
0.30000000000000004,37.38225220419309,52.64031432835354,190.7257765520056,157.1580398788526,112.14675661257928,199.1177107202938,209.03545110099813,141.13707464848414,104.51772555049908,57.21773296560168,0.8399572348441947
0.30000000000000004,6.389450504238557,29.551208582103325,170.11911967535156,83.06285655510123,266.75955855195974,183.6967019968585,242.79911916106516,234.81230603076696,206.05977876169348,271.55164643013865,0.7962337857581046
0.30000000000000004,54.850914068409296,0.0,118.84364714822016,124.66116833729389,180.34315686128517,260.1263045971532,311.65292084323465,206.9375394399078,120.50579605938404,280.90316598670216,0.8213576247342389
0.30000000000000004,83.96798560309048,139.94664267181747,80.46931953629505,0.0,220.4159622081125,334.1226093789642,291.26395006072016,166.18663817278326,237.90929254208973,184.55463502345933,0.7957711616736298
0.30000000000000004,108.96128508888822,112.59332792518448,181.60214181481368,133.47757423388805,181.60214181481368,230.63472010481337,395.8926691562938,190.6822489055544,103.5132208344438,0.9080107090740684,0.8035843122847343
0.30000000000000004,111.55541825760838,194.2602973106629,275.0418070834138,106.7469950568494,342.3597318940396,330.819516212218,262.5399067614405,329.85783157206623,125.98068785988534,211.5706208333952,0.7433503506397324
0.30000000000000004,162.13520615287285,132.56337609983314,274.3042166988855,76.4788708268268,311.0140746957624,467.03097118248905,466.011252904798,212.10140175973305,277.3633715319586,254.92956942275603,0.7786844305942255
0.30000000000000004,59.34332567950739,227.8359825195373,233.13449374092187,327.44799348156755,347.582336122829,464.1495829932899,384.6719146725212,404.8062573137825,244.791218427968,405.8659595580594,0.8174794864497246
0.30000000000000004,154.90877532530627,333.9877141765468,215.33418414014204,0.0,533.9408851638216,306.5216192607124,395.511766788016,320.8039886169463,197.755883394008,349.3687273294141,0.8171196267616777
0.325,0.7040355096519881,5.984301832041899,36.60984650190338,0.0,54.21073424320308,70.7555687200248,76.56386167465371,44.00221935324925,40.83405955981531,37.84190864379436,0.6904838691894314
0.325,8.441254210931122,25.725727119028186,46.62788040323858,10.652058885222608,64.91726452692268,21.103135527327805,60.49565517833971,44.21609348582969,31.3532299263156,39.59350189412931,0.7902560967884147
0.325,0.0,3.3689035694268483,49.63517925622223,32.34147426649774,40.87602997571242,88.0406799476883,46.490869258090505,26.27744784152941,41.77440426089292,46.71546282938563,0.7698843571903901
0.325,20.88060226235105,41.2258044666931,82.1839089043817,0.0,42.8320046407201,89.67950971650771,80.3100087013502,19.80980214633305,20.61290223334655,41.2258044666931,0.8540364758011214
0.325,21.35638647842198,42.38421316486825,66.369077979096,33.184538989548,85.42554591368793,104.15345405630414,149.16614555697817,63.4120398513145,96.2680190488868,66.04051818712028,0.911080856110562
0.325,0.0,77.40763409019195,86.08886408161534,82.83340283483156,85.72714616530602,97.6638374035132,64.74750701936615,49.55535453437522,66.1943786846034,88.2591715794712,0.8393893428768292
0.325,22.79543640384456,35.19295444804073,33.993194637312065,73.18534845444833,57.588470914975744,74.385108265177,164.76701400673613,94.78102504756424,115.57686176686104,82.38350700336807,0.853862127489083
0.325,11.395134618691474,92.42720301827528,77.23369019335333,18.14780698532346,70.05897580380685,139.6959095846992,125.34648080560622,93.6933290870188,62.04017736843136,106.77663179736828,0.7881536447098433
0.325,40.76178023133407,97.82827255520176,150.81858685593608,13.587260077111356,80.164834454957,204.2618098259074,190.67454974879604,104.1689939245204,31.25069817735612,53.44322296997133,0.8422857745123126
0.325,0.0,81.44519042131788,90.39003792423718,74.38346870848684,66.85096554813376,106.39660713998752,206.20227401466605,96.98097818954614,126.64020938343648,91.33160081928132,0.8507270960130764
0.325,35.330214684805306,66.62269054849,47.94814850080719,90.34440612257356,117.59914316513763,130.72179433377963,151.41520579202273,119.11329522305788,51.48116996928773,71.66986407489075,0.7855066817485893
0.325,30.83311606658865,56.25691352500386,146.59253428150043,48.68386747356103,47.60200375192634,130.90551031779745,222.8639266567461,90.33562075649655,139.01948823005762,65.99368701971608,0.7770964449164884
0.325,36.11889426831432,101.02003240669158,171.00039005155057,53.61398367952905,127.54484538498492,95.94081290020988,104.40617874434604,65.46549586131968,165.92117054506886,12.980227627675456,0.7981384129485255
0.325,65.05766853682671,101.88276393503052,110.4752861946114,130.7290886636235,94.51774485538976,139.3216109232044,252.8656550676661,112.93029255449166,114.1577957344318,131.34284025359355,0.786338007417429
0.325,94.6070034064365,108.50033957101807,118.4241511171478,211.707979650767,141.57971139145042,238.83306454352152,224.27814094253128,102.54605264334026,136.28701190018126,131.65589984532073,0.8731201779845464
0.325,6.387683826176366,97.94448533470428,158.98235300705622,129.17316181823318,143.36801476529178,278.2191177623484,232.7955883317609,107.88088239764528,195.1792280220556,81.6204044455869,0.8598952948851466
0.325,19.961983291203264,160.43519904411514,161.17453175860413,122.72923060517564,81.32659859379108,257.28778464217544,255.8091192131974,192.96583848163155,153.041871899225,167.82852618900523,0.7899872613901785
0.325,82.3704061485076,153.8617020509859,160.85541578057618,182.6136362726348,64.49758217288803,350.4627657828012,268.09235963429364,180.28239836277132,111.1223403701565,257.2132493882644,0.9136288311130605
0.325,79.45552815406965,208.5707614044329,220.98568767850625,10.7596027708636,260.7134517555411,283.0603190488732,292.16459831652696,314.51146560985904,139.0471742696219,111.73433646666048,0.8563762312848724
0.325,85.35313942508606,239.51136063161903,242.1242118385094,160.25487402261055,197.7057413213728,265.6398727005229,248.22086465458705,194.2219397121856,184.64148528692084,192.480038907592,1.0
0.325,136.7131321200501,242.7355611111093,130.20298297147627,223.2051136653879,151.59347303107594,199.95458099191,325.50745742869066,219.48502843763143,308.76707390378664,359.918245785438,0.8517081958335102
0.325,95.9984840290338,280.15884114595576,198.85400263157,302.6890976017493,287.99545208710134,314.4440140134678,316.4031667487542,191.9969680580676,159.6709479258419,270.36307746952366,0.8584751997628941
0.35000000000000003,10.524686130486534,20.347726518940632,58.23659658869215,2.3388191401081184,42.56650834996776,47.01026471617318,55.89777744858404,41.630980693924506,39.5260434678272,22.68654565904875,0.8523549816245227
0.35000000000000003,19.696180684546533,54.09884294688781,68.0174772973007,30.72604186789259,63.55300967547015,91.39027837629592,52.523148492124086,45.16990770322672,0.0,20.484027911928397,0.7463067162827757
0.35000000000000003,31.465804309137567,66.46048386789805,35.876898371166206,55.57978518156076,55.57978518156076,69.4012132425838,50.87461818206355,55.57978518156076,20.291032685331704,61.167170993463685,0.6192042971891081
0.35000000000000003,12.835359873882664,29.11435288466068,82.64719528548837,88.28223132768076,84.21248307498627,101.74370631736258,126.47525339142918,72.00323831690275,25.98377730566491,26.29683486356448,0.5540864987958815
0.35000000000000003,23.719472859352432,43.95078794527068,69.06552391399678,38.020919730432574,94.87789143740972,118.59736429676217,156.26946824985131,51.9735508241693,75.69302368352173,86.15749700382426,0.7302500020489329
0.35000000000000003,19.14123691829129,74.72444412332948,79.5097533529023,17.300733368455592,92.3932782017522,126.62664422869624,124.04993925892626,89.08037181204794,23.190344727929837,63.68142282431526,0.6804298684094228
0.35000000000000003,23.99478105614308,82.8206959034616,85.91679668489941,78.17654473130487,44.11943613548888,129.64922022270855,141.6466107507801,82.43368330578187,91.72198565009532,81.27264551274268,0.8338688810904584
0.35000000000000003,30.87467725559977,0.0,53.5161072430396,79.8624985011514,89.74239522294333,120.6170724785431,172.0748679045427,64.63099105505552,48.16449651873564,67.1009652355035,0.7947853517880402
0.35000000000000003,24.040196210952207,80.86247816411196,141.61861040633664,53.32552614065763,110.58490257038017,125.88320925007702,185.32805806261337,152.9830667969686,66.00126596097788,63.81579357816404,0.872504444314464
0.35000000000000003,15.426743682162286,65.4467913788703,107.51972869385835,18.6990832511058,106.58477453130308,135.56835357051705,123.88142653857594,61.23949764737149,85.08082879253139,72.45894759803498,0.8146116015808736
0.35000000000000003,30.81782004454273,62.13270170270712,161.54502442703853,17.894218090379653,107.3653085422779,166.51564056325506,114.3241711329811,48.21497652130073,81.51810463395175,93.44758336087152,0.8459107878036762
0.35000000000000003,33.09687532767779,100.3582671226359,166.55201777799147,86.47893230780326,96.08770256422584,166.0181972081902,173.4916851854078,108.89939623945595,29.360131339069007,52.31441584052296,0.8494062754673287
0.35000000000000003,0.0,151.15937631877614,107.9709830848401,23.34507742374921,26.263212101717865,178.00621535608772,183.84248471202503,120.22714873230842,122.56165647468336,72.36974001362255,0.794213019500791
0.35000000000000003,20.25788156059441,44.19901431402417,125.84441575520768,124.00279015879003,192.75681242504984,189.6874364310204,248.61945551638595,175.5683068584849,109.88366058625454,91.4674046220778,0.9166130334041646
0.35000000000000003,41.92500844501504,70.7914077022385,147.08117716775766,201.37749958015416,248.1135745680398,281.10374514772377,219.24717531081632,120.27666357176444,92.78485475536117,188.31889039236265,0.8443615931248561
0.35000000000000003,58.307421865154815,127.82780947360864,140.53583731601418,123.34262317628904,173.42720349635792,269.8587088887294,114.37225058164982,162.9617688026122,178.6599208432308,144.2734925637805,0.5672028010280062
0.35000000000000003,25.60666037343748,228.0593189509276,100.02601708374016,39.21019869682615,183.247663297412,208.05411553417952,273.6711827411131,160.8418354706542,132.83455068720696,259.2674362810545,0.5053471891170971
0.35000000000000003,108.18014865772491,168.28023124534988,224.0874507910016,199.188845147557,232.67317687494807,285.9046785954159,374.337657260064,254.1374920848141,206.0574260147141,103.88728561575172,0.582362436670972
0.35000000000000003,109.03076336827246,306.46484838649553,323.16325358704177,236.72445019597896,380.13428309478775,479.3424551686213,570.6925542069035,278.96159276206646,383.0810604831195,276.0148153737348,0.6153543183338227
0.35000000000000003,164.83430069308122,386.72662854915205,469.1437788956927,251.47797157021364,462.8039980998049,610.7322166705189,601.2225454766873,378.2735874879684,440.6147653141979,565.2971209666567,0.6006659417228113
0.35000000000000003,296.70235142128274,466.24655223344433,457.3231732433305,418.2833901615829,556.5957645083462,547.6723855182324,677.0613808748822,500.8246458201352,472.9390864760296,529.8256275380049,0.6004280235961192
0.35000000000000003,527.556043347018,454.4535893035513,671.3242029658358,501.9701844318046,638.4280986462758,873.574325819427,1242.741718738934,617.7157366672936,794.3800006056714,668.8874544977202,0.5690224900158267
0.375,34.96147142490817,25.379438515859263,44.02555660914362,63.44859628964815,49.20503385727816,69.40499512500288,57.75117131670016,45.32042592117725,18.38714423087763,19.423039680504537,0.45973694591830416
0.375,6.729219635360918,20.480233672837574,39.79016827865587,34.81639724382388,60.85555148500308,82.79865899161477,63.48872438579649,68.46249542062847,65.53674775308025,76.06943935625385,0.5843958185975948
0.375,22.754749441272672,67.63217195044932,102.396372485727,28.127398614906493,80.27369941782302,92.91522688519672,74.90105024418921,54.99064448307562,51.51422442954785,48.35384256270442,0.5565096326650063
0.375,25.672030052738865,88.97292607319086,77.71943344733273,36.57385103403893,107.96319487932644,63.65256766501007,128.00847861913624,76.31274686910047,12.6601792040904,0.0,0.45284481909635943
0.375,20.55616087684265,53.446018279790906,81.4771467482127,36.627341198737824,67.64845670379128,150.24684859074085,81.10339836863375,51.20352800231717,16.81867708105308,58.30474721431735,0.5545697635220345
0.375,7.328746141670184,57.4085114430831,109.52403956162662,74.10176654355406,84.28058062920711,158.38234717276117,133.54604080376777,89.16641139032055,9.364508958800789,67.99447809216225,0.47333689335885143
0.375,19.415089643230463,73.86175407750719,116.06847069322558,81.03689590217932,90.74444072379455,118.6008736901687,100.0299183792526,46.42738827729024,0.0,36.71984345567501,0.6010148331222689
0.375,35.627925260957724,164.5447600867916,154.2314133007249,31.40882884847589,158.9192982034825,145.32443198548546,139.23018161190058,83.4443512690852,67.97433108998513,33.28398280957893,0.45973694591830416
0.375,25.9453127580523,39.16273623856951,113.08240088886949,127.76842697833304,106.71845625010192,136.09050842902906,160.567218578135,118.46727712167278,89.09522494274563,125.32075596342244,0.5700746016935583
0.375,82.86450424087911,74.9475133898397,188.42438225473785,47.501945106236434,67.55832192886959,166.7846072618968,171.00700238245113,102.39308167344298,111.36567130462096,43.27954998568208,0.5375525654655853
0.375,53.39951786497206,125.74725174654712,108.5216008223626,51.10276440841413,113.11510773547845,227.9527805633753,240.584924574444,130.34075865966298,146.99222121970806,194.07566707914577,0.5236081754723285
0.375,8.48910266660268,99.44377409448852,141.282922951316,15.76547638083355,112.78379257057848,201.91937056990665,187.36662314144485,39.41369095208387,67.30645685663553,100.65650304686037,0.6013944016440795
0.375,67.80769944961713,212.63967885656635,121.79052813766184,167.87343067623658,123.76550967502934,211.98135167744385,240.2894203797112,163.2651404223791,184.9899373334215,111.9156204508244,0.5569846167761031
0.375,117.89936712860803,51.23008214516896,133.33856996687814,227.37735089088693,238.60586204599247,256.8521926730389,305.97692897662563,159.30450201305968,182.4633062704648,269.48426772253265,0.6178536516632939
0.375,0.0,155.74939731871098,151.95063153044975,36.46815156730794,294.0244720114203,303.14150990324725,271.99163043950506,244.64051676402408,218.80890940384765,205.89310572375945,0.6236118095029126
0.375,13.280633800842374,243.201606477926,213.32018042603065,81.34388203015955,211.6601012009253,345.2964788219017,250.67196299089983,244.0316460904786,259.8023987289789,143.59685297160817,0.6901408819186805
0.375,150.436054046306,362.4965157742313,364.3089983531025,154.0610192040483,274.59111069898023,367.0277222214092,405.9960976671391,327.15310548624376,307.215797118661,372.4651699580226,0.7005711035186568
0.4,0.2595714968578752,29.3315791449399,64.63330271761093,32.4464371072344,68.78644666733693,64.11415972389517,103.30945574943432,39.7144390192549,14.536003824041012,8.306287899452007,0.9743644205180163
0.4,50.46581747778183,30.576348236538404,84.01074321301328,86.38560521196771,83.12016996340537,58.48097672425306,95.88505320778548,20.780042490851343,41.56008498170269,62.04326972268473,0.7248558477265435
0.4,21.036247522733976,58.10011220564623,79.1363597283802,59.43574696899441,50.75412100723118,81.1398118734025,101.17433332362532,58.10011220564623,107.85250714036626,8.68162596176323,0.8291139271257634
0.4,5.793391572049248,61.916872426276335,102.47061343062109,4.707130652290013,0.724173946506156,103.55687435038033,123.47165787929958,69.88278583784405,100.66017856435568,67.71026399832559,0.8373113939085657
0.4,39.87997402674578,28.82413964309348,84.10331156135496,22.901371223279757,115.69140980036153,154.38683014314455,79.75994805349156,79.36509682550398,56.46372560222422,48.96155227046016,0.9038360119441948
0.4,30.842411521082,26.257728727407645,178.8026289532997,64.6023484563204,130.03827560239978,131.28864363703823,114.61706984185876,79.18997552710242,50.84830007529735,22.923413968371754,0.8914680187822625
0.4,29.65637141943318,71.89423374408044,131.2069765829468,58.41406491706535,119.52416359953374,143.33912852726036,162.660703845982,98.8545713981106,112.7840791860262,130.30829866114578,0.8359040809206278
0.4,8.79419567911359,43.48241196895052,59.60510404732545,139.7299980125826,134.35576731979094,181.25814427506344,168.06685075639305,127.51583734714704,103.08751601627596,140.2185644392,0.8708120897313306
0.4,24.962439893798123,29.547377833475323,84.5666331096018,103.92525996601664,113.6045733942241,102.90638486831062,145.69913897196454,95.26482163551528,113.09513584537108,111.566823198812,0.8537678237425901
0.4,0.0,134.89055069431453,167.11137049579045,48.60428749714167,103.76196207254964,170.93417962477915,173.11864198420125,161.1040990073797,85.74014760731734,34.40528216089804,0.8770497712764139
0.4,78.15977502570476,162.4257824752927,208.22252565441656,144.71770844603145,155.7089268090212,189.2932051403787,169.14263814156416,105.02719769079076,58.00920802689024,246.0811666824923,0.8785762174611224
0.4,42.43372968552446,75.07506021285097,213.47430164871537,56.79591511754813,195.84798316395907,195.19515655341252,218.6969145330876,106.41073751908442,120.12009634056156,15.667838653116725,0.8372462050235656
0.4,17.628056650818944,188.26764503074637,211.53667980982732,145.96030906878087,174.16519971009117,207.3059462136308,202.3700903514015,156.53714305927224,112.1144402992085,196.72911222313945,0.8939331446856179
0.4,42.960477655889136,58.78802205542724,235.9057808121632,166.5660624903772,119.83712188221708,247.9648622594303,250.97963262124708,163.55129212856042,158.27544399538104,154.50698104311004,0.8182358075795448
0.4,116.0316182691128,221.58815988893068,225.6170355232749,173.24165227680035,152.29149897821057,224.0054852695372,379.5200847552231,175.6589776574069,173.24165227680035,140.20487207517797,0.8137164261077712
0.4,154.9602883325867,229.41048272701383,338.4886745141978,189.5882857253435,201.7080848128084,373.9823718417735,334.1601748401032,248.4558812930301,219.8877834440057,200.84238487798945,0.7949590313398263
0.4,141.45163390810708,214.03865657147784,280.1114592522384,83.75425691927394,276.389047833604,370.3799361541225,348.9760704969747,268.0136221416766,280.1114592522384,197.28780518762304,0.7857342037393725
0.42500000000000004,38.0531525783471,41.60478015232617,44.141656990882645,9.132756618803306,9.386444302658951,89.55175240104352,91.5812538718887,53.0207259258303,56.82604118366501,29.935146694966388,0.8050210241815935
0.42500000000000004,2.7365101197079884,58.682939233737976,69.93303639253749,18.24340079805326,26.148874477209667,93.6494574300067,65.67624287299172,55.64237243406243,64.4600161531215,6.993303639253748,0.7768435192056238
0.42500000000000004,20.846320456964463,68.72771275655471,55.37303871381185,110.09462991334355,77.52225419933659,72.31067408509547,108.46601112764324,72.63639784223555,60.2588950709129,51.13862987099095,0.7826324058125824
0.42500000000000004,50.31468692170362,63.16098996554284,79.57571052155963,22.8378720779364,110.26410112628666,130.24723919448098,84.92833678982598,62.44730646310733,54.23994618509894,32.829441112033564,0.8461608306977746
0.42500000000000004,52.571581695263866,47.43300604083958,66.80148350751574,73.91643441364168,148.62341892796402,106.32898854154872,134.39351711571214,84.19358572249025,79.84556016874663,111.07228914563268,0.7824619773550663
0.42500000000000004,34.65039806895484,76.06184941965698,163.9555420823717,74.37158609922015,87.04856100249631,112.82507663915784,184.2387019276136,97.19014092511723,125.9246173725432,71.4136252884557,0.9110407803032047
0.42500000000000004,13.01254665112484,63.71660773999061,118.01033687054596,68.20369279210261,182.1756531157478,146.27897269885167,144.48413867800684,103.20295619857632,74.48561186505944,87.04945001097308,0.7947839548334689
0.42500000000000004,76.73961627259804,130.7415684644263,126.47825644928196,29.84318410601035,168.6376752657093,165.32176592059702,160.1110512354206,73.89740826250183,71.0552002524056,49.73864017668392,0.852644416160131
0.42500000000000004,48.82033807608117,45.26052175803358,128.6619326380056,80.35013975021693,105.26885397655002,191.2129907979846,181.04208703213436,114.42266736581524,63.56814853656402,34.07252761559832,0.7565355482554537
0.42500000000000004,68.59980453377284,85.88479465251876,186.35379971772937,113.97290359548089,113.97290359548089,225.2450274849077,142.06101253844295,135.57914124391326,104.7902525948971,42.672319355653975,0.8616430387169728
0.42500000000000004,63.08372846477688,104.55543884439872,178.15312205330503,109.22830761956736,170.55971029365597,226.63413559567988,247.07793648704276,175.81668766572074,119.74226236369684,128.50389131713808,0.8594104259235139
0.42500000000000004,58.61305560098582,94.29056770593373,108.94383160618015,196.8634150076589,142.07294998934606,156.7262138895925,214.0650726296873,131.2422766717726,138.88745783711855,193.0408244249859,0.8319714442634475
0.42500000000000004,16.415237619810146,102.5952351238134,155.9447573881964,93.7036480797496,173.72793147632404,175.09586794464155,249.648405467946,255.8041195753748,102.5952351238134,93.7036480797496,0.8606791711072438
0.42500000000000004,58.19699095500531,48.01251753787938,250.2470611065229,8.729548643250798,172.40858570420323,213.8739417596445,212.4190169857694,261.8864592975239,77.11101301538204,96.02503507575877,0.8722505059127653
0.42500000000000004,139.0074204690814,109.94937212243728,354.979401423869,148.43165236529035,131.1538938889073,245.03002930143165,243.4593239853968,169.63617413176038,131.1538938889073,228.53762348306608,0.8111144096326467
0.42500000000000004,88.92367910631981,170.29723451493322,162.74711081722683,114.92966073175296,229.85932146350595,346.4667874614159,354.8558137922008,279.3545768151368,149.324668687971,270.1266478512734,0.8369905623372914
0.42500000000000004,110.06803741690943,311.25797466257177,326.59532413869846,155.17788881728214,412.3040417994066,396.0644952952724,198.48334616163996,273.3656994862587,131.72076608908833,169.61304126540142,0.9003047343044643
0.42500000000000004,102.85860401152736,300.7389660146561,420.250867818526,308.57581203458204,462.3739151756277,446.70022313577584,437.8837713633592,176.32903544833258,249.79946688513783,366.3725514315355,0.8910419476384728
0.42500000000000004,283.3652312304774,444.25025262507074,420.376991385873,465.0096102243731,563.6165588210594,499.262550263222,626.9325994989316,400.6556016665357,458.7818029445824,484.7309999437104,0.8319100900187415
0.42500000000000004,313.647154539757,612.4132397035402,738.3299805771652,568.9147292199242,712.0019347581346,646.7541690327107,816.1694203899517,572.3488221528413,454.444964789356,754.3557475974449,0.8515332226171272
0.42500000000000004,392.0672431859725,466.51039062634703,698.5248668155143,576.9343926629025,719.6170919236204,729.5428449156703,921.854309136638,736.9871596597078,781.6530481239325,934.2615003767004,0.833292264809196
0.45,5.7477726331980135,24.50366227837048,14.369431582995034,11.798059615511711,0.0,0.0,0.0,18.755889645172463,7.865373077007808,19.209661168845997,0.8511489064454287
0.45,0.0,19.977072714454856,28.874424427615416,16.11595782006442,0.0,0.0,0.0,7.050731546278183,1.6787456062567103,7.554355228155196,0.930240492867139
0.45,1.8303986859285912,18.7107421228256,48.2004987294529,0.0,0.0,0.0,0.0,37.62486187742105,0.0,21.15127370406372,0.7871852803205086
0.45,0.0,19.0140468190977,52.50469746637205,0.0,0.0,0.0,15.340878683590187,42.349467915263055,0.0,29.81748251176684,0.8766407429783756
0.45,3.0024481317474043,15.51264868069492,0.0,11.008976483073816,0.0,0.0,38.2812136797794,0.0,36.2795815919478,32.526521427263546,0.8629169914369046
0.45,4.746813206441666,58.80774139091619,70.14735071741573,23.99777787701064,0.0,0.0,49.31411497803286,57.48918216690462,0.7911355344069444,30.590573997068518,0.8997764060861648
0.45,3.478803396923533,0.0,45.80424472615985,0.0,17.973817550771585,0.0,30.14962944000395,0.0,48.99314784000642,11.01621075692452,0.9268319237168208
0.45,8.752384160049866,62.82961486321511,72.8323396175578,21.25579010297825,4.376192080024933,0.0,47.512942583127845,59.70376337748301,5.626532674317771,28.13266337158885,0.8323165618899174
0.45,24.43231018440401,24.088193139553248,53.68225899671866,6.194106807313692,0.0,0.0,58.84401466948008,29.938182902016177,3.7852874933583673,20.30290564619488,0.7962666824138577
0.45,0.0,42.8095882259168,111.53024300962532,0.0,16.147476260652827,0.0,57.45497367162517,20.653748705486173,0.0,0.0,0.8382227600851322
0.45,0.0,53.14766165439781,115.84529376232022,0.0,0.0,0.0,40.69117845414832,0.0,0.0,0.0,0.8352138456676882
0.45,8.218423194057175,0.0,127.3855595078862,0.0,0.0,0.0,18.719741719796897,91.77239233363846,18.263162653460387,45.65790663365097,0.8194193883673982
0.45,18.75508662817113,21.716416095777102,82.91722509296712,58.23947952958404,0.0,0.0,56.2652598845134,80.94300544789645,0.0,52.81037550563977,0.8533218692787569
0.45,72.48619627568866,76.03447161785523,29.906892169689723,12.672411936309205,0.0,0.0,0.0,78.06205752766469,51.19654422268919,110.50343208461626,0.8158148264909361
0.45,0.0,105.05644953096396,109.50328337354443,65.59079917806214,17.231481139999378,0.0,113.39426298580236,76.15202955419079,44.468338425804845,16.119772679354256,0.726130259292322
0.45,46.86319850043216,71.7778103614214,22.541791683752173,1.7796151329278034,0.0,0.0,94.91280708948284,88.98075664639016,117.454598773235,10.67769079756682,0.7758196920968995
0.45,69.93127045842984,150.4771087542999,51.1996801570647,213.54012943556253,0.0,0.0,0.0,0.0,94.28233785020451,157.96974487484596,0.8019852126575849
0.45,54.919321314009885,102.88682980346157,138.34107520870842,2.085543847367464,60.48077157365645,0.0,68.12776568067049,127.2181746894153,137.64589392625265,234.9712734700676,0.8691078051561709
0.45,45.50525737157429,129.17621447414638,224.59046380164085,184.2228967784701,0.0,8.073513404634149,133.57994905849225,212.1132158126608,22.018672921729493,152.66279892399115,0.7500379633126585
0.45,76.80141682635603,269.60497365085394,140.80259751498605,58.40107737837489,100.0018448259844,0.0,172.00317310069318,304.8056230296005,333.606154339484,151.20278937688843,0.7778348447335088
0.45,221.4007009835444,88.91594417009814,269.4153108353973,410.7916620658535,293.42261576132387,66.68695812757362,393.0084732318338,414.3482998326574,470.3653446598192,639.3056385830057,0.7778092804648814
0.45,373.65917361050384,494.8184151899315,697.4292477471256,394.0220713549455,496.8547049643756,304.4253212794023,720.8465801532336,657.7215971454646,542.6712248893693,644.4857136115775,0.8031025678448216
0.45,818.8385782802042,869.4277433176305,1017.6657617993916,962.3706279212744,823.5445471208951,818.8385782802042,1156.4918425997712,1194.1395933252977,1168.2567647014982,1237.669805101688,0.729228648649962
0.45,819.0721845240378,1326.3773271925152,1357.827511239348,1098.021643026381,1167.7590076519668,1015.977684643339,1598.4897891629382,1360.5623098521162,1487.7304453458314,1899.3176365674265,0.7190216883293316
0.45,1348.2187737807803,1733.2014756580672,1932.7066814892112,1223.5280201363153,1635.0075071630506,1250.0248052857642,2228.8472213948166,1832.954078573639,2602.919482328212,2336.392996413168,0.7524188488641564
0.45,1793.4061111652904,2006.703698125957,1907.733617776208,1699.555172902597,1904.3208563848373,1250.777049937353,2938.387557970153,2225.120427173681,2568.102947006434,2655.1283624863863,0.9187355494140683
0.45,1880.1055705225629,2378.135368763645,2278.184751815608,1802.5576780628787,1743.9659370933396,1776.7083805763175,2664.200927614924,2069.667085424013,2969.222637956348,2958.882918961724,0.7704084246972513
0.45,1777.1541972093437,1681.1407696333035,2595.9856927634955,2112.2954066728794,2105.0491102520464,1798.8930864718432,3134.023202010361,2371.3505037176665,3161.196813588486,3280.760704532234,0.7883502805622419
0.45,1890.4981050280207,1625.6106546114263,2059.22778234818,1957.6271164349655,1966.6986044629316,1783.4545462980273,2750.475170079155,2282.3863878361326,3196.79238105506,3178.6494049991293,0.7915159891606007
0.47500000000000003,3.60927865621497,27.219976532287895,37.145492836879065,1.5038661067562376,0.0,0.0,8.872810029861801,24.663404150802293,23.911471097424176,9.474356472564295,0.768295111824054
0.47500000000000003,25.340148711934877,0.0,38.17265991861984,11.045705848792124,0.0,0.0,0.0,25.340148711934877,10.07108474448694,0.0,0.7754786713083507
0.47500000000000003,22.98518146258252,15.825862646368291,42.955912897285366,20.159134561445324,0.0,0.0,4.144868788334552,0.0,0.0,28.448872138114428,0.7255601761019314
0.47500000000000003,0.0,11.139899844318752,77.29726422588521,12.049279423446812,0.0,0.0,0.0,50.92525643117144,0.0,19.55166095125332,0.717434999389859
0.47500000000000003,0.0,0.0,17.17135073079242,21.96922814086677,0.0,0.0,0.0,50.50397273762477,4.797877410074353,9.343234956460584,0.6477553245344658
0.47500000000000003,0.0,14.295635068229656,0.0,0.0,0.0,0.0,5.458333389687687,58.22222282333533,26.771825673230087,98.76984228958672,0.6307757807813782
0.47500000000000003,0.0,0.0,0.0,0.0,1.739887520866371,0.0,0.0,24.06844403865147,17.108893955185984,34.79775041732743,0.6686732873388289
0.47500000000000003,53.636347257822656,39.91542121512384,12.161729901483044,9.667016075537806,0.0,0.0,29.93656591134288,82.01371702794975,10.914372988510426,0.0,0.505916240766824
0.47500000000000003,66.62334197822932,72.77318893006587,0.0,0.0,0.0,0.0,2.7332653119273567,53.640331746574375,0.0,0.0,0.6571459325435947
0.47500000000000003,5.182451804957207,58.11749524130583,42.5701398264342,40.34908905288111,18.508756446275736,0.0,0.0,42.19996469750868,4.071926418180663,14.436830028095075,0.6287988106741926
0.47500000000000003,1.1695014391405274,0.0,27.678200726325816,32.35620648288793,0.0,0.0,49.11906044390215,25.33919784804476,0.0,91.22111225296112,0.613993447100558
0.47500000000000003,39.20705138591378,80.0824879371856,11.261599866166724,1.251288874018525,0.0,0.0,77.57991018914855,70.0721769450374,25.0257774803705,60.478962244228704,0.6615174224788783
0.47500000000000003,0.0,0.0,34.8923897300892,88.90389712050126,0.0,0.0,0.0,0.0,32.98047796405692,63.09308827906541,0.6553329998267687
0.47500000000000003,41.60293568327716,37.54411268978672,5.580881616049376,0.0,0.0,0.0,0.0,54.79411041212114,0.0,82.19116561818171,0.5574616460286904
0.47500000000000003,19.941303280995967,26.408752993751417,131.50481082602747,0.0,0.0,0.0,0.0,69.52508441212107,37.18783584834382,43.11633141836966,0.6074360417691748
0.47500000000000003,35.29043239310409,56.57672494767482,96.90864768265092,75.6223551280802,0.0,0.0,0.0,17.36513339978138,66.65970563141884,144.5227231336644,0.49595810599416723
0.47500000000000003,0.0,80.84789967280712,90.42987296736204,62.881699745516656,34.135779861851894,0.0,106.59945290192348,73.06254637098125,15.57070660365174,155.1081927056077,0.6478371301940737
0.47500000000000003,52.92763146277851,150.49302440018946,151.13070670696993,0.0,14.029010749170206,0.0,61.21750145092454,89.91320525604542,95.01466371028911,108.40599215267886,0.6524151794198672
0.47500000000000003,4.175744253811167,77.94722607114177,10.439360634527915,61.24424905589712,0.0,0.0,75.163396568601,76.5553113198714,47.32510154319322,79.33914082241218,0.6789738412873781
0.47500000000000003,29.475993448504084,101.2764903102448,175.34437128340892,0.0,0.0,0.0,24.185430521849508,233.5405634766093,41.56870870942884,272.08609337080696,0.6639153508761279
0.47500000000000003,278.3413556790043,111.49696956594124,277.5392192073069,48.93032477354255,0.0,0.0,206.14907322623665,256.68367094317404,160.42729433948375,149.99952020741733,0.6366928133571066
0.47500000000000003,105.80226131055458,174.06178473671883,159.55663600865893,240.61482007722896,87.88413641118647,0.0,209.89803453545508,165.52934430844832,179.18124899368118,382.2533311865198,0.6403723637548756
0.47500000000000003,220.27668706774784,325.5844014992588,517.8434397733018,421.230857726044,283.07486539846536,122.6979792000174,434.7566192126601,382.5858249071409,533.3014529008631,572.9126115402388,0.6649098009257333
0.47500000000000003,603.2307531586498,673.6644757496786,817.940004282915,522.5727805140846,565.7418362956829,408.9700021414575,996.2963663279396,913.3663381159216,660.0321423449634,990.616227409308,0.7172023645453496
0.47500000000000003,611.1684512285714,782.7894910685137,966.757368307013,756.861132531544,800.0750634264934,793.9016447272151,1270.489568311515,1058.1239650563348,1338.3971740035786,1205.051330099163,0.6435448894915344
0.5,0.0,0.149386829820277,21.66109032394017,19.270901046815737,0.0,0.0,0.0,15.984390790769645,0.0,10.15830442777884,0.5771860131308403
0.5,0.0,0.0,33.584032125573934,0.0,0.0,0.0,11.250650762067268,32.744431322434586,3.022562891301654,0.0,0.5991418852414753
0.5,0.0,8.73392446364545,40.0482390040328,0.0,0.0,0.0,31.527337088281136,21.728299885166727,24.284570459892223,56.66399773974853,0.5894693601588729
0.5,20.87745259493748,6.4720103044306185,0.0,19.207256387342483,0.0,0.0,0.0,15.240540394304356,0.0,0.0,0.5698473637502038
0.5,18.42932621389632,11.794768776893644,58.97384388446822,0.0,0.0,0.0,18.42932621389632,33.90996023356922,26.783954097529318,2.7029678447047933,0.5921104331555114
0.5,0.0,44.97600305587706,63.8548191534057,4.164444727396024,0.0,0.0,38.59052114053649,13.048593479174208,25.264298012869208,54.69304075313445,0.6374798519739147
0.5,36.26635854096244,24.558321531675347,37.694167932338914,22.55938838374829,0.0,0.0,0.0,71.96159332537428,33.12517787993419,0.0,0.6196135578895886
0.5,0.0,28.85937161553265,0.0,27.29092750599283,0.0,0.0,0.0,27.6046163279008,0.0,34.81945923178396,0.6199085319224859
0.5,16.868267568879954,42.68704446002274,99.14410326198828,51.63755378228557,0.0,0.0,0.0,0.0,0.0,26.163027249691357,0.6051567315783566
0.5,0.0,10.82116863877934,40.3990295847762,0.0,0.0,0.0,18.395986685924875,60.5985443771643,10.460463017486694,23.08515976272926,0.6047136175888149
0.5,0.0,0.0,99.07088778291411,0.0,0.0,0.0,20.8164511294839,34.30859538007532,0.0,0.0,0.6579043391795402
0.5,53.85947282575869,37.82497328221221,39.88067835189766,41.52524240764601,0.0,0.0,27.13530691984789,107.30780463758028,0.0,57.97088296512958,0.6250883396848459
0.5,0.0,38.633487958542936,0.0,0.0,0.0,0.0,0.0,19.316743979271468,33.69199531268279,41.32884758355756,0.7770423524060598
0.5,0.0,38.16689541866379,108.0569246918014,37.17554748571149,0.0,0.0,23.2966764243792,21.313980558474587,0.0,121.44012178665751,0.7057322453070973
0.5,24.845449607582903,24.845449607582903,153.2136059134279,6.211362401895726,39.8562420788309,1.5528406004739317,0.0,77.64203002369656,0.0,44.51476388025269,0.6298986828982335
0.5,71.59642410308939,14.319284820617876,118.40947063203244,58.37862273021135,0.0,0.0,36.89969549928453,180.6432854293332,17.623735163837388,67.19049031213004,0.6374671266490877
0.5,84.3726696606077,37.10003914154381,206.44376619084863,113.69366833698908,0.0,0.0,38.89520232581206,72.40491509881937,27.525835492113156,19.74679502695074,0.6325658882583579
0.5,77.13037044054096,97.03498216713216,108.23132626333972,41.675280802550354,0.0,0.0,121.9157468253712,145.55247325069826,19.28259261013524,80.86248513927681,0.7328332105264246
0.5,128.65939314849902,94.12450340863876,140.17102306178575,6.771547007815739,0.0,0.0,45.36936495236545,81.25856409378886,153.71411707741726,67.03831537737581,0.706178199770931
0.5,101.17933704304043,149.32674570490107,219.8033873693637,44.65846600520406,21.63144447127072,0.0,110.94837648167884,80.24568110310105,5.582308250650508,0.0,0.6932682441140984
0.5,75.10031459868769,50.82546543547551,196.4745604147486,84.20338303489225,9.861657472554947,0.0,123.65001292511204,210.88775210540587,61.44571194438084,237.4383683776692,0.7299921681396336
0.5,71.05145846086351,241.244486867118,243.7230261157528,0.0,186.71662339715292,0.0,104.0986484426605,239.5921273680281,121.44842318310393,288.3367325911787,0.7315109697435289
0.5,223.78939827689385,212.33561017610796,413.21743225143,299.56061186670826,149.78030593335413,0.0,370.9265223408359,229.95682263885547,206.16818581414628,336.5651580384781,0.6806139311435399
0.5,305.5861303681596,413.2590957663367,492.2192703916665,352.75714378069426,403.00452763317696,329.17163707442694,562.9757905104685,600.9176926031595,529.1357156710415,603.9940630431074,0.6914744845987428
0.5,555.3261845020454,718.3794046324333,881.4326247628211,526.9691027402389,685.2961425769922,476.1626645836688,876.7064444691866,896.792710717133,1045.6673899666175,1053.9382054804778,0.7204795820487688
0.5,1152.458215343404,1326.683620884786,1585.165575007656,1041.0682019644878,1231.0024555464863,1009.6505058832548,1852.2159916981352,1596.590191764468,1903.6267671037888,1835.0790665629172,0.7154714200900498
0.5,1429.2721100078406,1532.842552762032,1542.4029013239574,1306.5809701297983,1816.4662267658173,1161.5823502739308,2442.6690575719285,1623.6658641003228,1884.9820581262825,2246.6819120524588,0.676692372336098
0.5,1852.285650799145,1982.483798699741,1810.6222434709543,1867.9094285472163,1689.1039720970648,1209.9747878228718,2480.7087113326884,1952.972218508939,2728.953179996491,2791.448290988777,0.7676858300884343
0.5,1534.325085830358,2123.0777350443327,1962.508830713249,1702.0303859094902,2058.850173311899,1282.76713571166,2421.022257525344,2183.737098902742,2817.092221542018,2663.6597129589823,0.6923272355593874
0.5,1437.3369813174163,1741.4586599840736,1672.6692326666157,1674.479480753917,2152.3849758015213,1091.5795966428238,2624.8597265872213,1909.811732103116,2550.6395550078582,2657.4441921586485,0.7323794447582878
0.5,1839.92006087108,1746.0465883776576,1854.939816470028,1772.3311606758157,2162.844806248453,1836.165121971343,2791.797071954384,2159.0898673487163,2453.852570978063,3343.773090215708,0.7448654596270493
0.525,11.515188477054307,4.576549266521584,11.958080341556398,0.0,0.0,0.0,0.0,0.0,16.682260229578677,0.0,0.6844826571291516
0.525,11.037315032024038,24.00178030773481,16.643570286385454,0.0,0.0,0.0,0.0,25.57853959802396,0.0,0.0,0.7096115585150706
0.525,0.0,0.0,46.58625615329856,31.913419569582476,0.0,0.0,0.0,25.127232649613788,0.0,2.751156859446765,0.5986832906670423
0.525,12.153902676583384,0.0,20.53590452250296,14.458953184211264,0.0,0.0,34.575757614418244,0.0,3.1432506922198407,19.907254384058987,0.6429969620006211
0.525,6.618333407384238,36.40083374061331,60.07410323625693,66.43788535874177,3.5637179885915127,0.0,19.09134636745453,14.76397452416484,7.381987262082419,6.363782122484844,0.5513533196828614
0.525,47.29806577555745,0.0,0.0,0.0,0.0,0.0,32.11597058834148,9.926754545487366,1.4598168449246127,24.81688636371841,0.6085901832834727
0.525,33.1792522478579,15.66798022815512,22.42671679716321,13.517473138016182,0.0,0.0,26.727730977441084,82.02648472387092,36.55862053236195,66.97293509289835,0.6890026203265422
0.525,18.927115672786176,3.379842084426103,33.798420844261024,80.77822581778386,0.0,0.0,16.899210422130512,58.80925226901418,23.320910382540102,0.0,0.6227479308920082
0.525,16.688824993280797,84.83486038251071,93.87464058720448,0.0,0.0,0.0,39.983643213068575,32.33459842448154,15.99345728522743,1.3907354161067331,0.6623467535729134
0.525,7.086534848639167,16.03794728902548,55.94632775241448,10.443314513784037,0.0,0.0,31.329943541352108,11.935216587181756,30.58399250465325,10.443314513784037,0.5779427154822109
0.525,56.13562297001238,16.721249395322836,84.40249694782003,40.60874853149832,0.0,0.0,36.229373689866144,48.5712482435568,22.693124179366706,72.45874737973229,0.7088915425491977
0.525,31.772168659441256,35.84552361577988,102.6485448997333,51.731607945500514,0.0,0.0,68.43236326648888,63.95167281451639,15.886084329720628,75.35706669226452,0.6336890117933881
0.525,0.0,21.264452585072647,95.2470272039712,0.0,0.0,0.0,72.65354633233153,70.88150861690882,40.313858025866885,16.391348867660167,0.6247273154023415
0.525,33.733459067302185,147.11536315462345,126.03195123755955,35.139019861773114,0.0,0.0,127.90603229685414,106.82262037979028,105.88557985014296,95.57813402402287,0.6721763590688403
0.525,72.48363070418111,33.13537403619708,133.57697658341948,0.0,0.0,0.0,52.80950237018909,54.88046324745141,37.795036010037286,85.94487640638617,0.595333341804923
0.525,36.45828391851232,111.0073122295002,136.03837283026982,41.35566534040203,3.809074439247555,0.0,46.25304676229174,56.591963097392245,104.47747033364725,96.85932145515213,0.5994085205632591
0.525,86.67074613917345,29.86627062903949,113.02333787067889,40.99292047123068,85.49951983999541,0.0,62.07499385643503,55.63324921095592,17.568394487670293,143.47522164930737,0.676344249786825
0.525,2.4589201618087877,114.9545175645608,211.4671339155557,68.84976453064604,0.0,0.0,127.86384841405692,75.61179497562021,17.21244113266151,114.33978752410862,0.6736461766935724
0.525,40.90858771082512,69.28067273607482,135.26226581805082,70.60030459771433,0.0,0.0,7.2579752390173615,4.618711515738321,96.33312589968496,29.03190095606945,0.6505298998228257
0.525,55.89479654409647,187.6961069135091,10.350888248906752,124.9007182034748,0.0,0.0,86.25740207422294,0.0,133.871488019194,1.380118433187567,0.7097571973787657
0.525,117.92132080298626,218.1544434855246,327.9686734833055,155.50874180893814,72.22680899182909,0.0,69.27877597175443,112.7622630178556,0.0,128.23943637324754,0.8021413513444323
0.525,112.13064130345867,128.59737883753303,138.0069431427184,148.20063780666916,27.44456255679059,0.0,79.98129659407543,247.78519336988077,207.79454507284305,0.0,0.6226256484737404
0.525,87.46721939456262,104.4511454905942,326.94057734860786,105.30034179539578,93.41159352817368,0.0,118.03828636741947,169.83926096031576,110.39551962420524,225.88621707722,0.7020267755814148
0.525,260.18551989675507,215.58228791445416,274.12402989122404,183.0590979273598,73.40948597087018,148.6774399410029,367.9766638539821,249.96394590081107,340.09964386504413,438.5984478259584,0.6279617634785647
0.525,365.1932914484072,458.3020626392192,610.3797222508789,249.32459841095223,258.63547553003343,246.22097270459184,521.4091186685474,360.0205819378065,572.101671872434,619.6905993699602,0.6148873443602293
0.525,693.623126296714,760.9418352613864,758.5375956555051,841.4838620584052,651.5489331937937,571.006906396775,964.1000819583444,753.7291164437429,1003.7700354553832,891.9728937819094,0.7082469390475477
0.525,1060.476803303604,1208.2481611409912,1138.7086986292795,1024.2583332454208,1383.5455562225975,841.7172441521774,1752.9739508160662,1419.7640262807809,1547.253040885586,1892.05287583949,0.7069329543685018
0.525,1281.5440146431963,1428.1883546272434,1235.3191683438768,1326.1749007252974,1644.9669441688786,787.4163473056454,1826.67840893172,1611.4937796073025,1890.436817620436,2123.1550093342503,0.781442815179121
0.525,1308.831841290341,1415.7456412376412,1774.4241958995528,1548.5256831076758,1629.5732411322424,1136.390228472114,2324.512940789696,1672.683644336799,2374.5210085069816,2443.4976536342724,0.7077359158726267
0.525,1505.5451568505762,1793.3956213700956,1932.9594829553168,1734.0809801963762,1955.6386104629155,1543.9252187865122,2246.978171522065,1807.3520075286176,2402.242967535624,2702.30526994385,0.7245972553169665
0.525,1550.157061927128,1724.7242986306333,1820.7362788175608,1625.2209737096352,1419.2316343994987,1497.7868909160763,2168.125079857537,1742.1810223009836,2279.848111347781,2253.6630258422542,0.7066819105453669
0.55,0.9439433775071824,13.215207285100554,8.765188505423836,10.383377152579008,0.0,0.0,12.001565799734175,6.607603642550277,0.0,5.259113103254302,0.7547186591637212
0.55,8.48665810114938,6.011382821647477,32.532189387739294,1.2376376397509512,0.0,0.0,29.172887222700997,36.77551843831398,25.99039043476997,2.652080656609181,0.7822958096089884
0.55,15.999232276623388,34.389154433661766,13.976340839349168,41.00952641019558,0.0,0.0,5.33307742554113,34.389154433661766,26.29758868456488,53.69857269855206,0.760521017734464
0.55,0.0,15.036358568470105,53.67144655690024,25.687112554469767,0.0,0.0,0.0,35.29367497321456,22.345699539254184,0.0,0.7275260683593776
0.55,11.19684297597725,11.91153508082686,74.8044403075927,0.0,0.0,0.0,29.778837702067158,34.5434517343979,12.1497657824434,29.778837702067158,0.7550741242322543
0.55,46.64718317156225,33.39827907549723,61.55220027963539,30.08605305148097,0.0,0.0,29.257996545476917,24.013638674117843,12.97288526073033,11.040753413387517,0.78769981194939
0.55,0.0,0.0,82.95304437408925,26.507551773675136,0.0,0.0,0.0,5.613363905013558,26.819405323953667,28.06681952506779,0.7463924986063925
0.55,0.0,11.729432725121912,51.9446306398256,4.691773090048764,0.0,0.0,26.139878644557403,19.43734565877345,23.79399209953302,30.496525085316968,0.715385123775848
0.55,6.377091706729993,5.314243088941661,15.23416352163276,0.0,0.0,0.0,43.93107620191773,64.83376568508827,59.16523972355049,86.44502091345102,0.8770753355450415
0.55,0.0,0.0,5.464710713777795,84.88517308734842,0.0,0.0,15.301189998577827,32.0596361874964,0.0,103.46518951419291,0.7788062869413496
0.55,53.077806596867255,27.89490565674776,13.947452828373878,39.51778301372599,0.0,0.0,14.722311318839091,0.0,0.0,48.42865565407597,0.798056181217775
0.55,0.0,10.03720291038558,38.47594448981139,36.80307733808046,0.0,5.855035031058255,0.0,109.99101522630863,73.18793788822819,6.691468606923721,0.8247665812219611
0.55,0.0,64.93963070360597,149.62441939141644,52.214973336007496,0.0,0.0,90.38894543880288,36.41884694864388,28.520783754962075,81.17453837950745,0.7568465801904205
0.55,87.77487964122423,58.20860439365397,44.349412871355405,67.91003845926295,0.0,0.0,103.48196336649592,50.355062531018106,65.13820015480324,92.39461014865708,0.6882704295974433
0.55,31.30784019886901,198.2829879261704,93.92352059660703,19.381043932633197,0.0,0.0,13.41764579951529,75.03942650840033,86.96622277463615,101.87471810743092,0.7149342895228463
0.55,122.8764156548132,41.32614876282956,74.93808308993093,56.75457763428593,0.0,0.0,92.5705732287382,175.22287075439735,53.44848573325957,68.3258992878782,0.723875977737836
0.55,49.769923280044914,170.9743246796837,121.20440139963878,84.31610532148785,0.0,0.0,152.23741238601974,73.77659215630187,145.79659878507275,128.8162720189398,0.7589343287949905
0.55,66.10686590617887,129.76532937138816,167.10346659617437,22.64772257896869,0.0,0.0,64.27056407545169,50.80435065011895,0.0,42.84704271696779,0.7950761179034961
0.55,78.73241465133536,173.0811760103736,100.20489137442682,0.0,1.3013622256419068,0.0,0.0,163.3209593180593,50.75312680003436,98.25284803596396,0.6859551590020895
0.55,105.14877249745388,115.06846801608158,160.69906740176913,148.79543277941585,0.0,0.0,52.24372973143935,51.58241669686416,113.08452891235603,136.2304851224874,0.720265329130749
0.55,182.9625183538844,35.73486686599304,94.34004852622164,66.46685237074706,0.0,0.0,156.51871687304956,105.77520592333944,0.0,29.302590830114298,0.7386146682006182
0.55,128.26576251429978,92.67757407102586,82.29768577507097,130.49002429200442,43.74381496152421,0.0,86.74620933048021,88.97047110818484,59.31364740545656,28.173982517591863,0.693235862707171
0.55,215.83045043174224,62.55955084978037,149.3609276538506,71.16148909162517,0.0,0.0,73.50747224849194,198.62657394805265,234.5983156866764,195.4985964055637,0.7362281454001418
0.55,159.12287004377004,136.99883463661482,294.41985580291134,283.3578380993338,184.65060320587216,67.22303066020231,130.19143912672092,281.6559892218603,149.76270121766592,293.56893136417466,0.6985770905657197
0.55,232.64110066924255,218.90245299192512,364.5321183714904,196.92061670821715,101.66599281214933,0.0,195.08879701790812,129.1432881667843,255.53884679810503,305.91388828160245,0.6914125404093763
0.55,224.06515103932543,375.8512210982233,531.7675243560027,411.9907615884371,196.1860769468748,11.358141296924332,544.1582239526475,433.6744858825654,700.0745272104269,534.8651992551639,0.6851922592522638
0.55,628.6039387157401,635.6669043192877,665.0959276674029,698.0564338172919,686.2848244780458,177.75130102261565,588.5804669623035,723.9539743636333,712.1823650243872,921.7170112629672,0.7312942415550547
0.55,799.2187038045456,745.9374568842426,1162.6241315173818,770.5288016166901,901.6826401897436,502.7563811967056,1222.7363075300314,1166.7226889727897,1429.0303661188968,1513.733886863994,0.7652763977703027
0.55,905.21246027662,1305.4569553910053,1213.6445980887806,1108.9211280409309,1027.150747318637,606.8222990443903,1631.1039101973329,1471.8668530012872,1431.698946681564,1646.884159108653,0.7422715385036568
0.5750000000000001,9.22904895868644,35.84616117286908,44.272684135148005,0.0,0.0,0.0,0.0,7.22273396766765,6.821470969463892,15.51550259721199,0.7545151188916022
0.5750000000000001,10.524470642706865,33.23517045065325,31.0194924206097,3.508156880902288,0.0,0.0,6.64703409013065,22.341420136272465,20.864301449576764,24.187818494642087,0.71002523486195
0.5750000000000001,0.0,19.75654521613537,11.540952155960262,25.820435331978896,0.0,0.0,7.237546267297115,8.606811777326298,0.0,8.4112024187507,0.6806241568509906
0.5750000000000001,0.0,20.444010420982305,36.47852839822332,4.409492443741281,0.0,0.0,7.215533089758459,15.433223553094482,8.01725898862051,14.230634704801409,0.7390368063800046
0.5750000000000001,5.071126798578494,21.89804753931622,56.47391207507867,1.3830345814304985,0.0,0.0,23.51158788431847,37.5724394621952,0.0,34.575864535762456,0.7804645558329799
0.5750000000000001,40.68882193008278,46.2626331533818,52.95120662134061,13.934528058247528,0.0,0.0,0.0,0.0,0.0,29.819890044649718,0.7718783701433269
0.5750000000000001,0.0,49.55323772186175,126.98017166227072,14.246555845035251,0.0,0.0,10.53006301589562,24.1572033894076,0.0,45.21732942119884,0.7923070612509037
0.5750000000000001,60.56542689647454,23.74440031736785,43.01521796624612,19.27081764887826,19.9590611363382,0.0,37.50927006656661,16.17372195530854,10.32365231189907,6.88243487459938,0.7432293464348967
0.5750000000000001,58.67166104301472,47.30402671593062,74.80636782984377,0.0,0.0,0.0,64.53882714731618,0.0,45.103839426817565,47.67072459744946,0.7670041162583706
0.5750000000000001,5.0024810352026,33.86294854598684,17.701086739947666,38.48062334771231,0.0,0.0,0.0,0.7696124669542463,46.94636048420902,36.171785946849575,0.9276278246134199
0.5750000000000001,5.6229589076377975,87.15586306838587,77.11486501903266,36.95087282161982,0.0,0.0,71.09026618942073,63.86074759388642,0.0,24.098395318447707,0.746177758749922
0.5750000000000001,46.71652551418265,12.22488518128144,89.06702060647908,61.99763199078445,0.0,0.0,90.37682973304491,24.44977036256288,45.406716387616775,109.58736358934436,0.783075519802124
0.5750000000000001,72.73273257892099,23.20308033192571,75.85622416206483,72.28651949561471,0.0,0.0,29.450063498213407,0.0,32.57355508135725,145.46546515784198,0.7042489496318506
0.5750000000000001,59.57175451349664,65.62201083127364,73.9992888097341,0.0,0.0,0.0,67.9490324919571,79.58414079537441,6.981064982050387,95.87329242015863,0.7680139048691523
0.5750000000000001,0.0,18.62593809049313,125.97016024359824,24.50781327696464,0.0,0.0,57.34828306809725,6.3720314520108055,16.17515676279666,78.91515875182613,0.764951400170067
0.5750000000000001,47.89676972985929,19.783448366681007,75.48947403075647,94.23168827287532,0.0,0.0,3.644319435967554,175.44794998872368,33.31949198598907,128.07179732114548,0.6694551278876831
0.5750000000000001,68.49731066876414,0.0,134.14056672632978,65.07244513532595,23.40324781182775,0.0,57.65190314620983,81.05515095803757,68.49731066876414,39.95676455677909,0.723508339208052
0.5750000000000001,71.9140057433031,64.1233217877786,105.47387509017788,52.736937545088935,64.1233217877786,26.368468772544468,104.87459170898369,35.95700287165155,157.01224587287842,86.29680689196371,0.8459337956454407
0.5750000000000001,3.810345564868095,74.93679610907252,37.46839805453626,83.82760242709809,0.0,0.0,75.57185370321722,106.68967581630665,0.0,18.41667023019579,0.7857244649703711
0.5750000000000001,34.80299529111762,32.17635413707101,70.2626508707469,42.0262584647458,26.266411540466127,0.0,63.03938769711871,91.93244039163145,0.0,159.56845010833172,0.7830463034951205
0.5750000000000001,137.93785633492948,66.85763444805255,126.67762316473116,74.59904475256391,0.0,0.0,26.03928920608363,133.0115043229677,73.19151560628912,299.099943583393,0.762213282618409
0.5750000000000001,178.4161001254653,208.2734883097269,187.88307686681657,98.31091231403192,8.010518781143341,0.0,169.67735236421805,118.70132375694224,221.38160995159785,96.1262253737201,0.7243288304963786
0.5750000000000001,82.16160520926682,91.55150294746872,209.70771615317625,208.9252246749928,0.0,0.0,107.98382398932208,140.06597459484533,154.9333126803317,149.45587233304724,0.8275743900595364
0.5750000000000001,77.6896810986119,260.8737712679705,253.51369621652304,67.87624769668199,0.0,6.5422889346199495,245.33583504824813,247.78919339873056,220.8022515434233,108.76555353805666,0.7458130418508381
0.5750000000000001,135.2858319655309,189.4001647517433,176.30798746475642,167.57986927343185,0.0,0.0,219.0757666022468,244.3873093570881,99.50054738110016,299.37445396243294,0.8300370812706419
0.5750000000000001,169.49505952780547,327.69044842042393,383.2471623767602,233.526526460532,71.56458068951787,0.0,299.4412718324564,246.7094755349169,181.73636938259145,423.7376488195137,0.8530364016124176
0.5750000000000001,560.796526219778,552.5147209802454,667.2768792994827,599.839322349003,847.1103645007616,365.5825455736528,720.517055839335,551.3316059460265,824.6311788506018,994.9997437781292,0.7673747981534679
0.5750000000000001,779.7142523868598,922.2137536851482,993.463504334292,920.8694187672396,774.3369127152264,462.4512117604824,1309.3822100427612,1000.185178923834,1152.0950246474808,1227.37778005035,0.8293170210376367
0.5750000000000001,1260.2369521190674,1708.6849065094889,1571.2045117328632,1505.7376570773272,1396.0806755293045,1065.4730595188478,2055.6592361838293,1612.1212958925732,2234.056415120165,2099.849363076316,0.7575764728344356
0.5750000000000001,1566.0263442720254,1207.8768215909793,1976.8449144061667,1418.5530114033595,1539.691820545478,1067.426028382726,1938.2209462738967,1797.7701530656436,2394.686024200721,2464.9114208048472,0.777737700512724
0.6000000000000001,0.0,0.9858337796851648,0.3498119863398972,0.0,0.4770163450089507,0.0,0.0,0.206707082837212,0.9858337796851648,0.0,0.753035799880364
0.6000000000000001,8.654752874942043,2.7743458693194007,0.0,1.5681085348327046,0.0,0.0,0.0,1.9601356685408808,4.885261204671118,0.0,0.8250563095997383
0.6000000000000001,1.1648060552171846,1.341291821159182,0.0,2.823772255071962,0.0,0.0,3.00025802101396,1.1648060552171846,14.26004988811341,7.624185088694298,0.7768435192056238
0.6000000000000001,5.024463921588995,8.511591867169418,0.2249759964890595,6.561799897597568,0.0,0.0,7.836663877702238,4.0870639362179135,9.336503854295968,5.811879909300703,0.7925087349256313
0.6000000000000001,3.700565470339141,1.488733235193907,0.0,7.273525234804518,0.6380285293688174,1.4461979999026529,0.0,5.997468176066883,12.888176293250112,12.760570587376348,0.7809792497746779
0.6000000000000001,9.845646729459332,3.854663578043041,0.0,13.421659928366733,1.2074849762544464,0.0,0.6037424881272232,2.879387251068295,14.861353553900877,0.4179755687034622,0.678009784312696
0.6000000000000001,4.867375268781728,1.6040213953939788,3.982397947185051,0.0,0.0,0.0,6.30546341637633,8.960395381166364,14.546814723745394,16.427391532138337,0.7459878527544044
0.6000000000000001,13.761625434904117,3.312983900995435,0.0,0.0,0.0,0.0,3.695251274187216,0.0,1.6564919504977176,10.894620135965758,0.8093385451053304
0.6000000000000001,8.900601669867886,20.9303211142987,0.0,24.337582691045,0.0,0.9735033076418,0.0,16.966771933185655,25.7978376525077,2.9900458734712427,0.7428407695517603
0.6000000000000001,15.734776519126378,18.27264369963063,0.8701258904586014,0.4350629452293007,18.417664681373733,6.3084127058248605,9.716405776787717,7.396070068898113,16.45988142784188,5.87334976059556,0.758836332431919
0.6000000000000001,1.5859698855827993,15.225310901594876,21.17269797253037,0.0,7.612655450797438,9.515819313496795,22.83796635239231,33.781158562913625,12.132669624708416,3.964924713956999,0.838123911579773
0.6000000000000001,0.0,31.13418753099725,22.99504713583807,0.0,19.51813279227493,26.076857576723587,0.0,14.381782057465736,13.749615813181526,4.109080587847353,0.7430589179773803
0.6000000000000001,16.780412088890028,22.09697829527103,5.648851594279812,0.0,41.28645944642744,5.8980656352039205,12.211488005281357,28.24425797139906,19.02333845720701,11.048489147635514,0.6935750153376271
0.6000000000000001,13.758851751511038,52.11165100884806,27.25972503268125,0.0,19.176399628668516,24.07799056514432,8.85726081503523,25.539868563742367,27.1737322092343,24.59394750582598,0.8148058900224419
0.6000000000000001,9.442181579887658,26.83075359829463,23.93265826189347,0.0,0.0,30.38325755904444,23.091275744873773,43.75189088502399,3.552503960749811,40.19938692427418,0.7307335319298279
0.6000000000000001,5.826291029128232,12.640089012345996,15.010105702160867,0.0,11.060077885802745,6.912548678626716,14.615102920525056,30.02021140432173,1.9750139081790612,0.0,0.8564790564542399
0.6000000000000001,30.96656905584032,14.095127984037664,28.830943603713404,1.708500361701535,26.374974333767444,0.0,0.6406876356380756,24.666473972065912,20.288441795205728,22.53084851993899,0.7700590463593434
0.6000000000000001,26.305654741102373,0.0,30.240261219472387,0.0,24.8442294777078,51.599553530623886,39.008812799839845,10.904480811482609,11.91623676306347,18.886111096176062,0.7756482476235791
0.625,0.5700709230424604,0.0,1.3593998934089444,0.0,0.0,0.0,2.791885802592563,0.0,1.417868706028684,1.4032515028737491,0.8005819309581614
0.625,1.2434019675100665,0.0,4.1446732250335545,0.0,0.0,2.161151038767496,6.2466146463005705,0.0,4.322302077534992,1.9243125687655789,0.8128980651751632
0.625,1.9299698949848965,0.0,5.96536149358968,7.930421750301575,2.4914156826168665,6.386445834313658,10.000753092194463,0.0,0.0,10.106024177375458,0.6954838140618056
0.625,0.0,0.0,0.9547123730438446,0.0,0.0,0.0,9.738066205047216,0.0,0.0,3.8952264820188858,0.7758876996063889
0.625,7.096426797833868,0.0,4.169150743727399,0.0,0.0,0.0,8.293948819968335,0.0,0.6209373448104636,9.4914708421028,0.7731224978831928
0.625,3.1006838809812183,2.644700957307509,8.754872134535205,0.0,4.331837774900231,0.0,16.734573298825104,0.0,5.882179715390841,5.745384838288728,0.746866289718287
0.625,0.3221125689696614,5.690655385130684,0.1610562844848307,0.966337706908984,0.2147417126464409,4.455890537413649,16.2666847329679,0.0,15.622459595028577,8.804410218504078,0.766066759742033
0.625,4.94533042628132,5.189544274492743,27.229844075573688,0.0,1.4042296272156836,5.800078895021302,10.684355859249765,0.0,0.0,7.692736218659831,0.7246799131188612
0.625,8.745563725267832,0.0,0.0,0.0,0.0,0.0,0.0,10.481324464633966,16.690007109289756,0.0,0.9046080528567414
0.625,18.37915279083163,9.00504674892152,0.0,0.8119304445748912,0.0,0.0,0.0,16.460044467290977,10.259848345082718,26.203209802189672,0.6583114009953761
0.625,29.96998276840792,11.491081475969876,0.0,8.385383779761803,0.0,0.0,6.211395392416149,13.509784978505126,26.70900018738944,6.832534931657764,0.776341465374525
0.625,14.527967476804854,14.691203066431877,0.0,18.28238603822633,2.0404448703377605,0.0,0.0,23.34268931666398,11.58972686351848,16.731647936769633,0.7272559392542147
0.625,7.931304668621723,0.0,0.0,0.0,0.0,0.0,0.0,1.8562627947838075,26.240805871716557,11.221952350283928,0.8304329400969626
0.625,10.007255667591568,0.0,0.0,12.377395167810622,0.0,2.5457053891241705,8.953860334160876,23.17469733547521,11.938480445547835,9.129426223065993,0.8279309788321849
0.625,12.25495548390846,18.846636085101643,7.891448607062266,7.891448607062266,0.0,0.0,2.878057727281532,14.111766920864286,38.06463445759446,43.35654705291857,0.7996387311804235
0.7000000000000001,5.459471975518111,2.8697224486697763,5.436140898699659,0.0,2.659742757303696,3.616316906860288,7.092647352809855,0.0,6.019417819160996,10.942275027854675,0.7704524520487761
0.7000000000000001,0.0,8.31910721553636,7.761526302966899,0.0,0.0,2.8325110358528622,5.107441159136264,0.0,0.0,0.4460647300555688,0.773823689251259
0.7000000000000001,0.7523815626808742,0.7038408167014629,3.858989305363193,0.0,5.921971009488171,0.0,9.732419568871954,0.0,4.344396765157306,0.0,0.84300839117218
0.7000000000000001,0.0,0.0,12.643671140244154,0.0,4.176927073116373,0.0,5.559828604080576,0.0,1.0160092880553335,5.588051084304336,0.7942752914371906
0.7000000000000001,5.526092278734257,0.0,6.429048533429397,8.740616545448956,0.0,0.0,8.415552293758706,0.0,0.1083547505634168,4.76760902479034,0.8717930001868117
0.7000000000000001,0.8267712495969126,0.0,0.6299209520738381,0.0,2.322833510772278,4.370076605012252,13.93700106463367,0.0,1.1811017851384464,0.0,0.8279783055038491
0.7000000000000001,0.6352460621027466,0.0,4.658471122086809,0.0,1.4822408115730756,0.0,12.831970454475483,0.0,0.2117486873675822,3.3879789978813157,0.8401205465089783
0.7000000000000001,0.0,4.709163599460461,8.716962407511916,0.3506823957045024,5.059845995164963,0.7013647914090048,4.759261084561103,0.0,5.96160072697654,15.079343015293604,0.7201082914806091
0.7000000000000001,0.9481665040839105,1.5802775068065174,12.326164553090834,0.0,4.235143718241466,10.366620444650753,8.15423193512163,0.0,11.694053550368228,6.447532227770591,0.855418467053237
0.7000000000000001,17.72228343529264,16.52397957311983,10.595528886580654,0.0,0.0,0.0,0.9460293648732726,0.0,7.505166294661296,3.91025470814286,0.7429115474876461
0.7000000000000001,0.0,7.675747476219361,19.60056944820301,1.3021357325729273,1.850403409445739,16.379496846575243,30.154722228004637,0.0,12.815756946901969,1.7818699498366375,0.7909549954879447
0.7000000000000001,9.126125247789728,7.811963212108007,16.061980436109923,1.1681440317170853,0.0,5.621693152638472,17.960214487650184,0.0,0.0,5.183639140744566,0.8064031178156387
0.7000000000000001,10.498997726368753,12.24883068076354,32.13329607161345,12.48744426545374,10.41945986480535,0.0,43.189058828926,3.658741631916383,4.613195970677178,19.566313944596303,0.7914147153271924
0.7000000000000001,8.570955303525908,0.0,28.284152501635496,1.4570624015994045,14.142076250817748,0.0,37.455074676408216,0.0,5.828249606397617,25.28431814540143,0.8611658390359279
0.7000000000000001,0.8599686488646971,8.69523856074305,45.10057802934856,1.6243852256333169,34.68540217087612,0.0,40.13187028035253,0.0,21.594768293713503,33.25212108943496,0.8573277901726684
0.7000000000000001,20.88603658831291,11.835420733377314,20.6871219541385,0.0,26.95293293063237,2.2875182930057,39.981841469056135,0.0,19.891463417440864,36.99812195644001,0.7679619241896103
0.7000000000000001,1.021708873105385,3.0651266193161546,57.93089310507533,0.0,22.171082546386856,16.449512856996698,49.144196796369016,0.0,15.836487533133466,15.019120434649158,0.8236562398212448
0.7000000000000001,24.404258359949743,0.0,14.49654663261972,0.0,12.619295989546664,19.29396494269531,23.987091550377954,0.0,14.183671525440875,5.944627036398015,0.7732702025463734
0.7000000000000001,16.951308702598514,3.4122764271464536,24.876595888228987,0.0,43.91929982036888,11.337563612776927,82.55507485031744,0.0,13.759179141719573,63.40229748504379,0.8459337956454407
0.7250000000000001,0.0,0.0,0.0,17.334337215619268,0.2396452149624783,0.0,5.378703713602292,1.2248533209193335,1.43787128977487,14.3787128977487,0.8020356857007725
0.7250000000000001,2.745000579242355,3.6751247424567066,0.2722314624042005,0.0,0.7032646112108514,0.0,3.3348354144514563,2.858430355244105,2.4047112512371047,7.009960156908163,0.6749855313340757
0.7250000000000001,6.257832055052919,0.0,7.672031389528155,1.449554317837117,7.247771589185585,0.0,6.116412121605396,0.0,0.0,10.323655141669224,0.5876111218770907
0.7250000000000001,0.0,3.548898005377888,0.0,0.0,3.589226391802637,0.0,10.001439833337686,7.743050193551756,0.0,9.759469514789192,0.7126861321557894
0.7250000000000001,0.0,3.1331712322728533,0.0,7.027255478097685,4.431199314214464,0.0,8.549081505201643,0.0,0.0,15.263019860072044,0.6735959713104622
0.7250000000000001,0.0,0.0,5.295087031053621,12.73683096658844,9.82691827384726,0.0,7.107819528171076,2.0035464441824518,0.0,14.072528596043409,0.7093027214920566
0.7250000000000001,1.593431747787364,12.349096045352074,10.10833265002609,0.0,0.0,3.485631948284859,14.440475214322989,0.0,0.0,21.013381173945863,0.7076553032122223
0.7250000000000001,0.1151744294010526,3.800756170234738,25.97183382993737,19.579652998178958,8.63808220507895,5.125262108346844,19.176542495275267,1.382093152812632,0.5758721470052633,20.788984506890007,0.6613017649307141
0.7250000000000001,0.0,0.0,6.366917001053023,7.276476572632027,8.510878848346389,0.0,27.22181860654303,0.0,0.5197483266165733,21.634524095414868,0.6970407997558266
0.7250000000000001,14.662181599867514,11.160765098406616,8.242918013855867,0.0,6.492209763125417,0.0,10.723088035724002,0.6565155940239186,0.0,30.783286742010404,0.6985305504869367
0.7250000000000001,6.703197598246239,23.743856552824024,0.0,5.330253511858455,12.841065278568095,0.9691370021560828,12.679542444875414,12.598781028029077,3.1496952570072687,49.1837028594212,0.6602958514466247
0.7250000000000001,19.924545305930963,7.594557627821219,19.38845888514358,17.958895096377237,24.749323093017384,0.0,32.4332284576365,9.381512363779152,2.948475314330591,41.27865440062827,0.6377398121811124
0.7250000000000001,12.598343823070005,0.0,0.0,3.779503146921001,4.748606517926386,0.0,14.3427298908797,0.0,7.559006293842002,58.34002293452417,0.6936772724121366
0.7250000000000001,5.381773573648078,13.7082911781602,21.527094294592317,29.14281161579242,7.4126315259681075,0.0,3.858630109408056,0.6092573856960088,13.403662485312196,50.36527721753673,0.6921076263184149
0.7250000000000001,1.3651432051329704,12.076266814637815,17.746861666728616,0.0,20.26712604543564,25.72769886596752,0.0,19.847081982317803,7.770815167679986,39.27411990151776,0.7118807359594138
0.75,0.5885058054030009,0.0,0.0,0.1505479967310002,0.0,0.0,3.2299388389560053,1.7381450531670029,0.0,10.620476860296018,0.7229381342830489
0.75,1.5901237260289287,0.0,0.0,2.809944666544271,3.659462821546028,3.681245338340944,2.134686645901849,0.8495181550017564,1.7208188267984297,7.449620743861557,0.646684923867422
0.75,2.589466141842458,0.9651646528685526,0.0,2.848412756026704,0.9180834502895988,0.0,4.5904172514479935,0.0,0.0,9.675187129975004,0.7994628714863492
0.75,8.822668195578663,0.0,0.0,3.504895584544948,9.22552975702061,0.0,3.384037116112364,10.514686753634845,1.692018558056182,22.39910281617231,0.6721010296906184
0.75,0.8397319553737981,9.23705150911178,6.997766294781651,0.0,0.0,0.0,1.5395085848519632,4.711829305152978,0.0,8.49062310433507,0.7468765154257375
0.75,14.33642548845385,8.592201134494227,1.158499029370008,6.420015454425461,7.481972898014636,7.868139241137972,9.412804613631316,1.834290129835846,0.0,25.245624681688096,0.746614055601163
0.75,1.3611511579347897,7.146043579157646,0.0,0.0,10.986434346187949,3.8890033083851137,7.875231699479855,0.0,0.0,20.17420466224777,0.7845071188452574
0.75,0.0,0.4740605836321263,12.694288961704718,0.0,7.637642736295368,5.056646225409348,12.27290177625394,9.112497885373095,0.0,36.23929794876699,0.7869996350364286
0.75,8.335836215999846,0.0,20.689665428201053,4.797603577553868,15.23239135873353,0.0,9.235386886791195,4.137933085640211,0.0,14.572720866819871,0.8176575841878275
0.75,5.2587196157520335,10.583173226700968,11.634917149851374,9.860099279535063,16.236296813634404,0.0,12.55519308260798,3.878305716617125,9.66289729394436,36.74530331506733,0.7769358346201123
0.75,0.0,0.0,19.895472462988486,0.0,9.765543260221456,19.38533214342468,16.834630545605645,6.923332908365958,0.0,37.5317520821944,0.8799640978999367
0.75,14.713611455296512,10.739245142658948,9.893635288906276,11.584854996411622,19.279904665560945,0.0845609853752673,19.61814860706201,6.849439815396652,0.0,20.80200240231576,0.7443127844862479
0.75,14.492382362470297,8.203235299511487,30.534264725959428,30.260823549309045,10.29961765383109,20.416941189895255,13.21632353810184,3.281294119804595,0.0,33.1775294335798,0.8359850344379479
0.75,35.13460932073499,9.201921488763924,9.321426962643976,46.248618391579726,31.668950578213508,0.0,9.201921488763924,35.493125742375135,0.0,46.36812386545978,0.6980231980787931
0.775,3.270994645889252,2.441278930834417,0.7339792863946614,1.8349482159866533,0.9254521437150076,0.0,0.7499353578380236,0.0,1.021188572375181,4.004973932283913,0.794170412386412
0.775,0.2816273938142227,2.0339756219916083,0.0,4.74072779587275,0.4850249560133836,0.0,1.9557457903765467,0.0,0.0,4.396516536766477,0.8575612771594665
0.775,1.561817354385871,2.4891464085524824,0.0,0.0,0.0,0.0,2.904004143311229,1.561817354385871,0.0,8.66320563760913,0.6707376020304907
0.775,0.0,3.925909240688739,5.614472354963466,0.0,0.0,1.8996335035590672,7.809604403520611,3.1660558392651126,7.429677702808797,14.183930159907703,0.7658008913483078
0.775,2.082738523352715,0.0,4.16547704670543,0.0,0.0,0.0,9.87036952371504,1.539415430304181,0.0,10.413692616763576,0.8166201009526989
0.775,0.6485692144762005,0.0,2.594276857904802,0.0,5.837122930285806,0.0,7.134261359238207,6.393039399836835,0.0,1.4361175463401583,0.5921036160172103
0.775,7.535914963520709,2.446725637506724,0.0,0.0,7.291242399770037,0.0,0.0,0.0,0.0,18.98659094705218,0.7807649968566576
0.775,3.883744148009741,0.0,3.5163629448196296,0.3148981741629519,0.0,0.0,13.645587547061249,0.0,0.0,16.847052317717928,0.7010994317369557
0.775,1.6881614732752697,0.0,0.0,3.783810198720432,0.0,1.9210113316580653,17.23088952032689,0.5821246459569895,0.0,26.25382153266023,0.7785889906580162
0.775,7.673209944240966,0.0,4.038531549600509,6.59626819768083,8.278989676681043,14.336787001081806,4.173149267920526,0.0,0.0,22.279232381962803,0.7848004992614096
0.775,3.139037644500247,13.630031877435282,0.0,0.0,0.0,0.0,5.204193989566199,14.869125684474856,0.0,31.638195206410387,0.7505763623034478
0.775,5.33942880696267,6.6107213800490205,4.5766532631108605,1.9493152787324035,0.9322812202633234,0.0,18.05235453782617,15.170758038830444,0.1695056764115133,38.39303570720777,0.7800163289897128
0.775,0.0,0.0,0.0,7.804169689959547,0.0,15.149270574627351,24.97334300787055,9.548631150068152,0.0,57.19997313935056,0.7432506499920859
0.8,0.3897422230379145,0.0,0.0,0.0,0.3786700007925193,0.0,0.150582222537376,0.6111866679458205,0.0,0.6311166679875321,0.6996356406518467
0.8,0.9778147497202024,1.188421003506092,2.2715388801192398,1.85032637254746,0.0,0.225649557627739,3.550219706676427,2.497188437746978,0.0,3.174137110630195,0.6539480749407497
0.8,5.726990396855409,2.8634951984277044,1.34145721007424,0.0,5.752787650895298,0.0,0.0,0.0,0.0,5.082059045858178,0.716836795503978
0.8,8.545032245234706,0.0,3.059332532244525,0.0,4.395592718742133,0.0,13.257107639726277,4.782404877991441,0.0,23.84169490645733,0.818119397966457
0.8,11.932939421517831,0.0,0.8167030782787871,17.060019857379107,1.5880337633198638,0.0,13.384856005124568,0.0,5.898411120902352,14.292303869878774,0.5554853576353355
0.8,2.762910255255732,0.0,0.0,0.0,0.0,0.0,11.439417898953556,0.0,0.0,17.30454317765432,0.7661051061449736
0.8,5.088419854135003,3.1428475569657373,0.0,0.0,4.739214570027698,2.743755803700247,15.564578377354128,0.0,2.0453452354856387,7.83217565783525,0.6122088176811413
0.8,8.961444600229626,0.0,0.0,0.0,6.062153700155336,0.0,0.0,10.4901616202688,0.0,10.384732860266096,0.6777810314497189
0.8,3.0534892982897643,0.0,0.0,5.032602732366463,8.25573032500566,6.163524694696005,0.0,3.9016807700369207,0.0,24.03209169950277,0.6758760200245967
0.8,14.313703230253292,8.427694425289323,4.0800742852591165,0.0,8.561467352674867,0.0,10.634947727150813,6.621759905584468,0.0,11.77201760992794,0.6726707476771713
0.8,6.063423123987947,2.454242693042741,0.0,0.0,0.0,0.0,22.160367846003567,0.0,0.0,30.750217271653163,0.7794283508112826
0.8,8.794301752344072,0.0,11.588752776453404,0.0,31.889617569247665,0.0,25.396628424993636,14.383203800562738,1.2328460400482346,42.40990377765927,0.8117501077791811
0.8250000000000001,0.0,0.0,0.0,0.0,0.0,0.0018692213344792,0.0,0.1271070507445878,0.1682299201031309,0.0,0.8039508754921074
0.8250000000000001,1.095423919640841,3.2006917652005824,0.0,2.3620078267255638,0.0,0.0,0.0684639949775525,2.3620078267255638,0.4963639635872561,4.655551658473575,0.8185715067912563
0.8250000000000001,0.9850593233162402,3.0710673021035726,0.0,0.0,0.0,1.6997102049378263,0.0,0.0,0.0,5.446798611278035,0.8427680870470821
0.8250000000000001,2.6072116102271594,0.0,0.0,0.0,0.6101984619680586,0.0,0.6101984619680586,0.0,0.0,13.396629869571468,0.8122422199502585
0.8250000000000001,1.44913620265479,0.0,0.0,0.6586982739339954,4.083929298390771,3.2056649331454445,5.79654481061916,0.0,0.0,12.55918042300818,0.8182860391249174
0.8250000000000001,5.428691784012152,5.033877836083995,0.0,9.426183006784736,9.820996954712893,0.0,5.774153988449289,5.5767470144852105,0.0,15.447095712689125,0.7839049382953681
0.8250000000000001,0.0,9.95955308102533,9.19343361325415,4.137045125964368,7.967642464820264,0.0,17.671822389921868,3.983821232410132,0.0,7.25259762823383,0.8528387046016991
0.8250000000000001,1.657773489463403,0.0,1.069531283524776,2.2994922595782685,0.0,0.0,4.385078262451582,2.887734465516896,0.0,5.34765641762388,0.7683696742742165
0.8250000000000001,8.94306008285793,0.0,0.0,0.0,11.050660229773491,7.006346434340927,10.481038568444964,4.556973290628245,0.2278486645314122,19.5380229835686,0.7290972393392984
0.8250000000000001,0.0,1.9935942238375732,8.487015410051384,0.0,3.0188712532397544,0.0,0.7974376895350294,4.613746632309812,0.0,25.404086395187367,0.7751301451127306
0.8250000000000001,12.901211036330404,10.292769460678905,0.0,9.940277355861133,0.1409968419271082,10.292769460678905,20.092049974612927,0.0,0.0,20.797034184248467,0.8155591838046619
0.8500000000000001,0.0,0.0,0.0,0.2303348489253221,0.6284444643518049,0.0,0.7905319506325872,0.0255927609917024,0.1109019642973773,0.8644665934975053,0.8307699236379601
0.8500000000000001,0.0219316425933053,3.772242526048525,0.8772657037322152,1.096582129665269,0.0,0.636017635205856,1.7983946926510412,0.9649922741054366,0.0,0.0,0.7391886013261659
0.8500000000000001,1.027858333465144,2.215902381236545,0.0,0.0,0.0,0.0,2.4695297622214505,0.0,0.0,4.017991667181927,0.6715215729350646
0.8500000000000001,4.714877158629998,6.611987494646802,0.0,4.2963969374498205,3.68262594638556,0.4742775840042009,7.3931505741831325,0.0,0.0,0.8369604423603546,0.7412353334819605
0.8500000000000001,3.2862734316958444,0.0,1.7728580355201269,1.4269345163942482,1.6431367158479222,2.8538690327884964,3.632196950821723,1.0810109972683697,0.0,21.14457510656932,0.7179860514024936
0.8500000000000001,3.2930823089712318,15.966459679860517,0.0,0.0,0.0,0.0,15.567298187864004,1.2473796624891027,0.0,16.265830798857902,0.7669067285683617
0.8500000000000001,0.7580240615593096,0.1516048123118619,0.0,0.0,2.931026371362664,0.0,1.0106987487457462,0.0,0.0,9.955382675145598,0.6939292630600354
0.8500000000000001,2.270170691497297,9.81980810740691,13.673818816227904,0.0,8.499941426303831,3.5900373726003765,16.841498850875293,5.80741339685355,0.0,14.148970821425012,0.7702877045398445
0.8500000000000001,0.9513510643185772,0.0,2.574244056391444,0.0,16.62066271191867,0.0,0.6715419277542897,2.0705876105757266,0.0,23.61589112602585,0.8082784800995814
0.8500000000000001,6.982164732826607,8.19645425157906,13.053612326588874,0.0,0.0,0.0,19.06434544441352,1.7000053262534347,0.0,22.70721400067088,0.8081029387883395
0.8500000000000001,2.482714322123839,7.515243353455943,9.192753030566646,13.88978012647661,0.1342007741688561,0.0,0.0,2.0801119996172703,0.0,29.99387302673935,0.7629871175147199
0.8500000000000001,2.518637727625588,5.18543061569974,12.000567996333684,7.77814592354961,16.519300390014887,0.0,17.111921031809143,3.9261117518869466,0.0,18.00085199450053,0.8109797711512089
0.875,0.0,0.0135423812379352,0.4333561996139269,0.0,0.137680875919008,0.0,0.2956753236949188,0.4875257245656677,0.0,0.1173673040621051,0.7591780414892381
0.875,0.3502639043570726,0.0183277624372886,0.0,0.0,0.0773838858463299,0.0,0.0,0.2341880755875776,0.0407283609717526,0.5518692911672481,0.6442061519066969
0.875,0.209781435966801,0.5799839700258618,0.0,2.381636302446624,2.653118160756601,0.0,0.0,0.9255063351476516,0.0,4.405410155302822,0.7660071097819021
0.875,2.249197672553322,0.0,0.0,4.726162198023436,10.334920951099445,0.0,1.708251396875941,7.715602142556333,0.0,4.412982775262847,0.7041330582807395
0.875,1.5511374915438902,0.0,0.0,0.0,1.456169890020795,0.0,3.292210186133972,2.279222436554288,0.2532469373949209,7.502440520324532,0.8168146734416963
0.875,7.084821604262064,0.0,0.0,10.824033006511488,2.804408551687067,0.6888021004143673,0.0,0.0,0.0,23.3208711140293,0.6792198263610595
0.875,0.3636375545020615,8.727301308049478,10.337696192272892,0.0,13.402641294504557,0.0,3.9480648774509537,0.0,0.0,18.337722391318245,0.814675796299871
0.875,3.3951609868858,13.197319319991577,0.0,0.0,10.34976494389381,0.0,9.911679655263384,10.295004282815006,0.0,25.956553351352728,0.7619973069064581
0.875,0.0,2.128994196555937,0.0,14.454750071353468,0.5042354676053535,0.0,13.05409599467193,0.0,0.0,19.609157073541528,0.769470459507851
0.875,7.153392274563114,0.0,10.366356601273663,0.5455977158565086,0.0,0.0,5.213489284851082,1.6974151159980269,0.0,18.368456433835792,0.7815970529331728
0.875,1.996137366509501,10.393680770446023,0.0,0.0,0.2753292919323449,8.191046434987262,5.368921192680727,0.0,11.56383026115849,24.091313044080188,0.7742302828570464
0.875,12.448640421713842,4.621650935007534,3.0562530376662727,10.510528739291328,9.392387384047568,0.0,10.361443225258826,7.230647430576303,8.870588084933814,28.99713247932146,0.806100404412528
0.9,0.1942257701079782,0.0,0.0894961881870095,0.0,0.0,0.1085379303544584,0.2856261325117327,0.0,0.0,0.3656014496150178,0.9328934958558044
0.9,0.0098722309935948,0.0024680577483987,0.1085945409295437,0.0,0.0,0.0,0.1851043311299041,0.0,0.0,0.0,0.8541271437405197
0.9,0.2321583824190798,0.0,0.0,2.1060081833730817,0.0,0.0,0.1658274160136284,0.4974822480408853,0.4974822480408853,4.328095557955703,0.7746506730522527
0.9,1.523784385951625,2.0224774577176112,0.0,0.0554103413073318,5.347097936157519,0.0,5.457918618772183,2.244118822946938,1.468374044644293,12.245685428920329,0.8533005657215675
0.9,2.293070758496221,0.0,0.0,2.213999353030834,3.0047134076847035,0.0,6.246641031765568,0.0,0.0,12.96771049632346,0.8166769104385385
0.9,0.0,0.0,0.0,3.670327963049349,0.0,0.0,8.564098580448482,3.376701726005401,0.0,4.061829612441279,0.8756096508104042
0.9,3.47064496423626,9.38158716895114,3.307958481537686,1.0845765513238317,0.0,0.0,11.442282616466422,0.0,0.0,18.871631993034665,0.7901426198404511
0.9,3.36479966678296,7.380850881975525,5.427096236746709,7.272308957240591,4.775844688337104,0.1628128871024013,13.242114817661973,6.6210574088309855,0.0,13.567740591866771,0.2
0.9,5.127686593493238,0.576144561066656,0.0,2.4198071564799557,13.078481536213092,0.0,6.625662452266544,0.0,4.436313120213251,6.856120276693206,0.7462075837299877
0.9,7.1345754549864,0.0,0.0,0.0,0.0,0.0,18.01782614903345,0.0,4.95792531617699,19.52938874542887,0.9216214609656732
0.9,3.750563560017589,11.898339569710972,0.0,10.799036457292024,0.0,0.0,20.046115579404358,0.0,0.0,26.64193425391805,0.8029645207942347
0.9,11.466250091018273,0.0,0.0,5.439118632918924,25.578557895348453,0.0,0.0,8.52618596511615,5.953629854951795,19.992436056134423,0.7992385286417918
0.925,0.0930139613099829,0.0,0.0,0.0,0.3860079394364292,0.0,0.6510977291698806,0.0,0.0,1.1091914886215466,0.9222610324862429
0.925,0.4159075586609426,0.3612454223797901,0.2376614620919671,0.4800761534257737,0.0,0.0,0.7937892833871705,0.0,0.0,0.8793474097402787,0.8354936323854438
0.925,3.358137274248375,2.010977553765016,3.709570244809252,1.4447799900836034,2.9871802497674502,1.4838280979237006,0.0,0.8785824264021912,0.0,4.412436185931005,0.8937794547373227
0.925,2.9795085620777724,0.0,0.0,7.0614352921243215,1.638729709142775,0.0,0.0,3.5456151888725493,0.0,6.346353237225656,0.8558961911295351
0.925,2.1009259679071937,1.1794672100531614,6.339636254035742,1.1794672100531614,2.5800845219912905,7.850828616916356,5.602469247752516,1.8429175157080648,2.3589344201063227,16.696832692315066,0.8011022025584686
0.925,5.136805505534555,2.2442354150393684,0.0,0.0,1.546028841471565,0.0,0.0,0.0,0.0,19.2006807731146,0.8768566190245626
0.925,14.358548470603592,8.810927470597658,15.228763529428052,15.174375088251525,4.84057126471106,0.0,7.233662676478325,0.8702150588244602,0.0,11.204018882364926,0.786039425613288
0.925,4.416555712707744,0.0,8.218147971747321,7.938619129170881,2.292136509126804,0.0,9.168546036507216,0.0,0.0,17.33078823973925,0.871715360556165
0.925,7.962818574810263,10.49912375049057,17.341249340697907,8.552656987759171,12.504574354516858,2.5952890169751965,1.9464667627313976,4.659723462296376,1.3566283497824894,16.04360483221031,0.7682652868439879
0.925,9.745795600926629,2.9421269738646427,0.0,3.738953029286317,4.964839268396584,0.0,14.342868997590132,7.416611746617119,0.0,29.54385836255745,0.6706536051478579
0.925,7.278121076941184,7.008561037054473,0.0,18.46486273223967,3.908620578357302,6.199880917394341,2.4260403589803947,5.189030767819177,7.884631166686283,15.971432363287596,0.826121487459213
0.925,3.0264792015421595,10.112869527104287,0.0,1.181065054260355,4.207544255802514,9.8176032635392,25.614348364271446,0.0,0.0,21.259170976686388,0.8595226246580455
0.9500000000000001,0.0314510208721093,0.0,0.0,0.2830591878489842,0.1548357950626921,0.0,0.2201571461047655,0.0,0.0,0.2564467855725839,0.756999965802185
0.9500000000000001,0.0,0.0,0.1514890651804322,0.0,0.3029781303608644,0.0402392829385523,0.5893871442176191,0.0,0.0,1.382337719771444,0.5996263281319643
0.9500000000000001,2.1861521095964385,0.0,0.0,0.0,0.0,0.5156019126406693,0.3093611475844016,0.0,0.0,6.97093785890185,0.6503134556817807
0.9500000000000001,2.406084525400014,3.28933074358483,0.0,8.223326858962073,4.873082583088636,0.0,9.80707869846588,0.0,0.0,5.1167367122430685,0.6926939002122696
0.9500000000000001,0.0,0.0,1.368592526236878,0.0,0.0,0.0,0.0,0.0,0.0,16.645904447020634,0.6495813437221375
0.9500000000000001,5.346941481123345,3.9606973934247,0.0,0.8911569135205575,0.0,2.8715056102329077,11.684057310602864,0.0,0.0,21.43727464191119,0.6749216206625076
0.9500000000000001,6.108878201183849,15.381282613695053,4.363484429417036,0.0,0.3818048875739905,0.0,0.0,0.0,0.0,19.908397709215222,0.7543689764892827
0.9500000000000001,3.947158613755933,0.9724883541137808,0.0,0.0,1.83056631362594,9.438857554633753,5.548904138178632,7.093444465300519,0.0,16.24627603343022,0.728255502157546
0.9500000000000001,10.669113030719664,7.674274285254494,9.296478605714794,9.920403344353373,10.357150661400375,0.0,6.114462438658052,0.0,1.9965591636434457,11.29303776935824,0.7667007536039919
0.9500000000000001,0.0,3.838883894223257,3.157791590409453,0.0,13.49801111194629,4.272306269377495,8.854199949579447,0.0,0.0,11.826239093494229,0.7121218922267993
0.9500000000000001,10.214250190301838,0.0,0.1389693903442427,18.760867696472765,15.91199519441579,0.1389693903442427,12.785183911670329,7.017954212384257,0.0,24.04170452955399,0.6833471775309519
0.9500000000000001,11.430689153677717,6.326419154236724,0.0,0.0,0.2156733802580701,0.0,10.783669012903507,0.4313467605161403,0.0,29.40347084185023,0.6767435008733523
0.9750000000000001,0.1333433846017692,0.2350459660776948,0.1378634993340325,0.2825071707664602,0.0,0.0,0.3661292933133324,0.0,0.0,0.404550268537571,0.6639971565357352
0.9750000000000001,0.0,0.0,0.0,0.0,0.7262471510533417,0.0,0.3278357045507248,0.0,0.0,0.5486694777550325,0.6578361677965343
0.9750000000000001,0.0,2.625039801879094,0.0,3.8408477101178327,0.0,0.0,4.697439645467853,0.0,0.0,8.59355135141472,0.7410251383843576
0.9750000000000001,7.750068144165559,2.2361856700556757,0.0,0.0,6.249066803991202,0.0,0.7045516494695963,0.0,0.0,19.543650102678367,0.6801452528853709
0.9750000000000001,1.9300618076813127,0.6031443149004103,0.0,0.0,1.8395901604462517,0.0,0.0,0.0,1.869747376191272,10.434396647777096,0.7677923478743813
0.9750000000000001,6.804049942139738,0.0,0.0,7.244599938393391,4.160749964617826,3.3285999716942607,0.7342499937560869,2.839099975856869,0.0,14.48919987678678,0.7568352182932528
0.9750000000000001,0.8614933872492407,3.715190232512351,0.0,0.0,9.90717395336627,0.0,8.238030515570866,4.576683619761591,0.0,13.245460828957077,0.6923734947121396
0.9750000000000001,0.901529986667526,5.634562416672037,0.0,8.620880497508217,0.0,1.915751221668493,12.283346068345042,0.0,0.0,8.90260861834182,0.7326911868118273
0.9750000000000001,6.568685020330359,0.0,0.0,5.337056579018418,1.6421712550825898,0.0,6.979227834101007,0.0,6.451387073538746,23.694185251905942,0.7103463929033211
0.9750000000000001,3.2493700161998134,0.4813881505481204,6.859781145310716,10.10915116151053,0.060173518818515,0.0,9.38706893568835,0.0,0.0,16.728238231547188,0.7206441672448837
0.9750000000000001,2.396331488909388,0.0,0.0,13.34173747879281,15.802834683618668,6.411805875730525,6.929931603062284,5.310788705150536,0.0,19.170651911275105,0.7774581978423989
0.9750000000000001,0.0,0.0,0.0,14.366428701825235,10.170293585945588,0.0,4.836223523386713,0.0711209341674516,0.0,48.148872431364765,0.7092561377136692
1.0,0.0,0.0105063410988353,0.0,0.0,0.3046838918662239,0.0,0.0227637390474765,0.0,0.0,0.4955490884950653,0.6593657632027403
1.0,0.0,0.0,0.0,0.1219245809222753,0.292982948186363,0.0,0.3876109811409648,0.0,0.0,0.4367447674827772,0.7513962781190606
1.0,0.1058836708189414,0.0,0.0,0.0,0.1406740198023079,0.0,0.0,0.075631193442101,0.0,0.0937826798682052,0.6842951858258842
1.0,0.0,0.3451045808110333,0.0,0.0,0.9011064054510316,0.0,7.074643906626185,0.0,0.5751743013517223,2.2815247286951648,0.7677838264515061
1.0,0.0,0.435715849818301,0.435715849818301,0.0,3.1081063953705472,0.0,7.959076190014299,0.0,0.0,10.892896245457528,0.7193182338454096
1.0,4.505353533120373,0.0,0.0,1.792946814200965,1.930865799908732,0.965432899954366,9.378491028128124,0.0,0.0,20.45798287998537,0.7245823428269337
1.0,2.8518059957883053,10.93192298385517,0.0,0.8449795543076459,14.470274867518436,0.0,5.175499770134331,0.0,0.0,15.051198311104944,0.680413349958925
1.0,3.3488358854935,0.737879093413822,0.0,0.0,8.968068981491067,0.0,13.565623332761804,0.0,3.575875606543906,8.570749469652855,0.7223461794406095
1.0,4.99312716943403,0.0,0.0,18.6647848952653,6.300850951904847,0.0,0.0,0.0,0.0,22.171862311891584,0.7588320717204813
1.0,4.296559881362222,0.0,0.0,0.0,14.633211190146696,0.0,1.556724594696457,0.0,1.4321866271207406,18.992040055296776,0.7386448209277179
1.0,0.260514994680894,0.0,0.0,1.8236049627662585,0.6512874867022351,0.0,19.278109606386163,5.0149136476072105,0.7815449840426822,12.830363488034031,0.6836524270718239
1.0,0.0,0.0,0.0,2.448866819912088,9.59139504465568,0.0,8.571033869692307,0.0,0.0,15.237393546119655,0.6528426139913172
1.0,8.192805490671352,8.192805490671352,5.386011017015425,0.0,0.7585931009880881,0.0,6.3721820482999405,0.0,0.0,22.98537095993907,0.6228825085061392
1.0,9.761732898705542,0.0,9.761732898705542,0.0,16.29644665734314,0.0,14.19888421629897,11.21389151173612,2.581615312054358,10.407136726719132,0.6944129552537467
