frequency,682.5003119531048,682.6050460237007,682.7097595312069,682.8144524715722,682.9191248407451,683.0237766346744,683.1284078493085,683.2330184805962,683.3376085244861,683.4421779769267,Max_Oxygen_LifeTime
0.2,0.0,0.0,11.323429298451968,0.0,22.646858596903936,0.0,9.332496674548262,13.438795211349396,108.00809484677087,0.0,0.45973694591830416
0.2,0.0,88.92775172418797,91.38335039112896,29.993383717625605,17.189190668580988,104.36294334495464,108.39714115492886,80.50855629467974,206.27028802297068,0.0,0.971616363897645
0.2,89.62707708706964,188.17438459512604,102.15787696417172,78.79536871872652,140.17504947266707,162.68801196373138,217.27132668263465,121.27265643771666,228.31542148957223,0.0,0.9117780783164717
0.2,0.0,186.23442290297527,395.6470807837482,222.8883758911163,174.37579105387186,265.74115916401456,265.2021304436018,224.2359476921517,438.4998640566482,139.87795294738893,0.9391676774955388
0.2,52.74297154980464,146.42078669050358,312.7841894893909,145.1087724728459,69.01194784874967,223.56722268872488,81.86968718178686,157.44170611882143,214.12072032159733,37.786009468517285,0.8415457954533347
0.2,80.75894476716849,149.8178303984583,217.44987954976196,118.71279513477693,123.84940646272504,163.80082790231455,346.1505300444386,325.8894520286464,347.0066319324299,0.0,0.8653322467273351
0.2,148.39157724622183,256.1408753740505,333.95981291081546,243.53861828307464,228.7309662011828,271.8936967377677,225.26534550116352,99.55783101869532,481.0911644479403,144.92595654620467,0.7316352996703497
0.2,206.4871439599175,292.20533649454075,372.3709335613317,375.4942685119864,324.82683486804126,216.89826046209797,184.27676208859972,318.23312774999295,261.3190242047381,213.77492551144545,0.6677301296999959
0.2,151.6900908492535,0.0,326.42171448573725,213.90222937477208,290.70733866553394,80.26133920884422,281.49072555064333,201.22938634179653,382.1054187215416,0.0,0.7000370427067865
0.2,280.90898375620304,456.793437549501,616.2282661678887,207.0965630995412,400.69599785044096,224.8115440571401,339.9589202815319,318.02608671498115,539.0415634240666,138.76735083452274,0.6751327152436368
0.2,142.10977200411932,360.52929296221606,623.2724405582577,161.7583899982576,455.116826096793,79.96530579009791,452.8321030742173,408.0515318317615,776.8058276752495,74.4819705359217,0.5234310677705861
0.2,194.2994845919592,391.1690681864592,935.5160369242524,565.9358003591194,543.3189291367797,503.73940449767497,410.7018206057582,297.6174644940357,463.13184025755663,560.7956023540447,0.6944522570889506
0.2,142.21429496794158,251.22680900951627,659.6087144038427,85.77126739311636,781.3485778005286,371.859946375322,458.7379397993187,344.19179560334953,750.3602489359188,490.27963167937065,0.6630253734709786
0.2,0.0,371.8366647373744,706.9710049618386,456.67318533279513,616.1177098561045,405.5306019951298,368.2266000311896,504.2057039642757,1081.2143795033455,188.92671962384583,0.79822163316433
0.2,396.318206596212,132.76005930533188,667.7242391662221,472.1810976278283,943.7082048157304,579.4355297759778,686.6899619241273,487.8768681860928,1103.935862598028,601.6712047335237,0.7036243975064377
0.2,627.218760302334,708.552034126586,1171.6387823871892,641.1406720380177,966.4737673350209,487.9996429455072,904.1915306227608,1089.5727763663238,1148.191352095512,378.82254564989273,0.7339582087744879
0.2,811.884958416436,811.8849584164305,1166.221136464049,1034.5641161802998,1032.1260232120817,642.8438459533515,1022.3736513392154,529.0661741032044,1614.8302426160765,624.1517998636895,0.7500676178642665
0.2,709.903698274695,1046.6528884819163,1347.906893775415,1333.344766631318,1508.090292360476,1283.2874545734855,1348.817026721919,1204.1058882274654,1754.7363208636093,211.1508435893977,0.6612667032813783
0.2,1383.381574815822,1375.9383226838322,2210.6458831991467,1330.2154881587903,1708.7580251568197,1197.300271516226,1457.8140961356562,1617.3123561067362,2725.2936020391626,1062.2584114073848,0.5525249130712094
0.2,645.68197617335,1032.412686946178,1835.2746888429929,1670.1791222557576,1983.4083821507147,1690.5333701911736,1568.4078825787003,1663.3943729439598,2537.496242614716,1327.5492820096642,0.5601010204217014
0.225,64.38720240698912,195.00710028358705,263.49539838528864,155.84163639908007,241.144426849105,103.96277586096512,101.50211844413845,119.54693950087436,314.759094569198,17.42965670252892,0.8247662403650454
0.225,97.98281331908947,213.32966950485425,274.5999350486915,378.7841922487351,253.76308360868185,94.013889235278,207.6243411343756,251.03444830106216,340.33524018681567,164.71034947816773,0.7810588398643363
0.225,211.32840244416545,256.03248757658434,360.8838872508047,186.40248830972368,288.8154833403589,170.68832505105627,242.7567289615021,266.5989076987928,444.60244668061006,52.01929906317993,0.8336496532846075
0.225,0.0,186.23442290297527,395.6470807837482,222.8883758911163,174.37579105387186,265.74115916401456,265.2021304436018,224.2359476921517,438.4998640566482,139.87795294738893,0.8326921862102807
0.225,86.9051751198462,163.6765312327846,258.56592738837867,239.21954564791645,278.21939455329,398.2897955139259,286.2036155890358,102.8736171913378,498.0925584607484,247.51085210811544,0.6972630871582721
0.225,239.8895629528224,247.1191114253716,488.9803694161627,438.70214594796784,374.9506730536568,224.1160026490744,419.9710430872689,311.1992001593456,618.7836260824166,176.46670589817197,0.8245197440059927
0.225,202.38536164263328,311.3620948348208,552.1487815070848,338.0008518373567,244.59222338691097,244.93818127006008,382.62941876368046,632.065052514688,451.8209953936432,58.81284013546672,0.8684417707442
0.225,169.02339679681523,253.349355198742,654.1762676026165,145.24867724737197,222.1450357900983,202.456596163217,153.04975709953413,306.09951419906577,414.2001921504382,229.5746356493012,0.7852449718092277
0.225,174.46255684693563,385.7605955339444,545.2460883360188,395.475447887372,394.6658768579188,282.5402892787956,296.3029967794837,353.7825398705877,531.8881663500587,328.68583795757104,0.7001181046785798
0.225,101.8234725224251,343.7098002612827,608.7176152104759,402.4028062567436,252.1131393895844,232.99344804257623,258.78279916179685,441.9761209051964,660.2963174489112,250.3345634503287,0.8729390368811302
0.225,435.1211412848256,394.2691564043732,586.1784807265013,340.59154836377604,360.5425177240012,468.84777996520086,407.5698026445222,400.9194795244461,573.352857566363,125.40609312139266,0.9409197834843136
0.225,491.7420690987417,767.0759105453286,563.7043231131912,708.6717623596887,528.2446617147657,511.5577622331533,646.6173549124469,410.9148997346832,936.0307677966496,354.0751483754482,0.8786739544765398
0.225,378.6839612576581,854.839829702938,767.4512232588651,727.6782036593169,423.49863122898086,373.6423108858835,497.4428366816588,700.2292183018828,978.080172124073,185.420697006339,0.7488796733202973
0.25,18.347174704368847,129.5470074778042,152.999482969476,112.79523926946742,154.43534881590514,60.146824900409456,66.36891023493467,190.65107627583316,356.0947299143606,77.69629635676282,0.8907084191471129
0.25,84.96389369616313,165.66991572645892,265.5363602531557,191.79776458518765,173.79857981584152,226.05427753329892,113.80129725135228,119.80102550780184,373.1443896268856,74.12567491032011,0.9102083319707164
0.25,102.92506483487388,55.11319261180855,331.15020859916115,204.4369708848293,235.5264641530305,226.3409320510621,64.2987247137769,244.71199625499884,315.6054619650613,0.0,0.9443221441693939
0.25,154.0787485771221,194.69474522585293,422.1443264587488,140.19069811013685,175.3038823096854,143.07312367875585,219.5884205912062,261.51461068021774,336.7197141523856,234.78666449847395,0.843301338754155
0.25,273.7861981187064,373.2647845734148,356.538296585454,121.48712328096936,505.6094526886752,300.1964423102227,196.02270133258,300.48988946790564,375.0254675195162,136.74637548051373,0.8709211639441403
0.25,209.9922170093627,255.07878124960936,257.2404658364702,293.3714796454328,120.43671269654683,216.47727076994516,210.30102909320144,280.7101842081045,654.9904298189119,228.5209420396021,0.8162583665516217
0.25,128.77840208545888,300.3731526903807,360.64539714470106,415.64793716585655,309.2657789213477,358.0105449281175,304.32543101525494,180.8167333629587,472.297259822377,199.9194119331832,0.8839646218926953
0.25,266.43186499157326,334.4028864832846,565.2135744364231,464.52922709308456,507.4200320985519,434.7237524282699,283.5154907140906,202.4591388817289,699.701691826443,256.9813486344392,0.8620823431292292
0.25,209.17031838549997,375.88334681937886,713.5940843244603,328.362343387292,235.26791863098936,328.362343387292,355.23897647593145,438.59549069287095,618.5520774602866,353.2913943680604,0.920458161603352
0.25,236.96847061620116,406.47260796088784,394.244697555425,335.6350580257932,512.3072807805809,516.9454536929966,507.6691078681622,329.7319288645362,783.8512221984342,497.1278057944896,0.8298172285604452
0.25,413.9298233409426,414.37347802834125,480.9216811378186,319.4313749254858,783.4941779422387,361.1349155407588,523.9561858152783,481.80899051260974,816.7682794969774,593.6099717365339,0.8914172453042928
0.25,163.10430646638616,308.0327664643761,985.8005150358427,405.6083632947061,603.6294274503797,511.3152598608997,489.3129193991585,382.6493993346304,918.8368701522814,241.06912158081803,0.8738477512417712
0.25,286.06469695344293,478.1514609727207,726.0053500298573,588.6529865106921,534.4349482794476,515.845906600159,500.3550385340921,656.2964437325387,517.9113556756378,451.816985260402,0.9391192474088602
0.25,233.61298342121103,824.1953387056793,944.8226035096257,902.7940994829102,525.6292126977303,492.8797290405484,445.3929777376402,660.4479204197842,1186.6229578451369,513.0752439624782,0.9311141893419929
0.25,558.7023219690136,570.7823721737486,1118.6126489585024,683.1268390777893,956.7399762150465,599.1704901548756,1031.0322849741713,1016.536224728486,1219.4810681680435,696.4148943029994,0.8825515117549522
0.25,414.9174354556415,946.011752838865,1092.8286915385534,830.4732054273674,758.9797396257846,723.2330067249869,857.2832551029677,942.8200802584392,1595.1979556979277,536.8393280279951,0.9153880401320287
0.25,734.5394760076023,1102.4794142632338,1322.975297115884,944.3121548309396,1304.2096900645977,616.584231685212,816.9741069829103,1112.532418040712,1314.2626938420756,812.9529054719189,0.8366406301068983
0.25,788.6162097007807,622.8516217940855,998.8198147909712,877.4942440677719,725.1318994386448,754.052529669172,883.8426750939868,1257.6947244154676,1486.238241359165,937.4516482042404,0.7023520808996986
0.25,33.15507863949042,876.349010402947,1170.977095585714,1104.666938306728,968.2790011760892,1070.7583351527005,766.3344312809971,804.010657007692,1421.1472344109798,753.5245145339214,0.755610973873429
0.275,98.68136447352732,127.91402894941844,187.9001323537028,167.28518977532914,116.25475814689554,242.81698758297736,223.04691970043925,176.91676130784765,276.44300047721055,214.7671476812562,0.7349682530279553
0.275,7.590461880708168,207.60938981829813,329.6722227648284,131.29447577441806,270.79485628473844,224.22634690849836,213.14837551503243,257.04996585210324,331.3134037120094,168.63134232276897,0.7725901930008846
0.275,207.1138548569573,449.84751846493856,394.6486095395087,328.12684750116944,275.2868663075955,112.99263835590234,316.0963160687047,365.1620128913089,427.4377050123081,208.5292114960712,0.7802447031227839
0.275,215.4657210017476,256.96282282430536,284.3615503097139,271.32720422442287,277.9773807985515,258.824872265061,265.2090417762251,417.6310888552397,476.152642707566,116.51109357872356,0.7744336608163489
0.275,368.7147585173181,228.35175385447369,485.7338093129922,496.2086604072328,357.3420630435688,302.57355589367467,220.5704358987529,453.71069311059455,560.2548928120281,205.30708144714427,0.8173128926325012
0.275,165.46417920081777,528.1385719840075,449.8958205789701,326.1183531923107,484.5278580861184,351.4510472947614,333.1730274993229,364.59839486692056,660.5740487474557,210.03689414057447,0.7840962965634557
0.275,331.36154340719804,288.8615748575793,490.650043418376,189.34945337554203,484.0850076261578,354.51193277975653,319.6135846211251,616.076779869694,507.2353969987163,391.13792193634106,0.80167380927598
0.275,212.45760847391867,368.7399848767663,501.97611222481726,433.9176579848662,463.80576222780894,493.6938664707493,311.8445575227344,496.2145499611176,635.5723372143511,321.20709620124615,0.7916037598162216
0.275,461.80155200773817,275.1726603285782,591.5639715801613,488.89899844786,402.6451548497228,396.5386880463144,525.9194534435228,331.27582408489064,664.8415732210598,214.10799229449916,0.766825166377979
0.275,415.82559712004286,416.6656488313948,586.3560945248286,408.6851575735348,412.8854161303056,509.4913629359716,572.075215431818,474.2091910591185,802.24938434271,360.8022100263805,0.8298172285604452
0.275,367.001639015533,428.1685788514561,858.0847845553666,479.7235709988764,579.7752083019211,355.64206447457576,574.0954210314426,486.7140784086964,593.3193164084483,294.0382179255428,0.8419934897076728
0.275,154.09617778763476,218.41860635364705,793.6184531705601,591.8588930642252,416.47615618280287,521.9834490824443,655.2558190609411,509.9519156816075,673.3031191621961,411.38589205168086,0.7573560230931569
0.275,299.6036379920447,751.7148749619753,758.6023149158145,633.1525157565836,516.066036541304,676.4449954664361,620.8535158390141,547.0595163335837,701.0429953015818,436.8604770721433,0.8159663184531726
0.275,398.8673794097966,630.8033001617772,1128.4774619547047,482.5931265870808,388.4666654747306,585.0401588474846,706.7285118877636,290.6999544851042,995.8683592826108,500.7943759734481,0.8465959102028908
0.275,785.5700002253985,818.8425271552611,793.4651761070597,728.0480045161413,593.2660733934813,462.9956713460514,921.4798136168728,684.6245371670005,1142.5447383034148,535.7440776842278,0.8661823154686811
0.275,833.7972144773337,796.1957652918857,926.905564841304,703.6842633276833,839.7656984750238,459.57326782214926,739.4951673138278,667.2765109417749,1049.259486793957,490.6093846101433,0.8753687785904483
0.275,599.704911844162,895.817004490709,912.6486392306168,806.0482858778608,859.0367656146116,981.2219659487664,927.610092332761,955.6628168992772,1354.6348996230442,558.560915813278,0.8164756490907241
0.275,636.8615864632417,736.5556762082585,1031.046770257688,713.5998002801322,668.9998127626229,1250.7672969983528,1008.0908943295618,853.958584526407,1383.2554952121334,621.7762965676185,0.8361569321063043
0.275,191.09804821022985,1244.9683955622097,910.1929259198424,649.7333639147871,1144.4649776146075,963.983487638277,399.8903601436311,893.2064327456011,1397.8468341304,539.3211582822117,0.7819711433974208
0.275,590.4495032271027,930.2712522754132,948.699763612086,1053.3737080044102,1040.1051798420056,871.3000159980464,987.031067192378,1158.0476523967293,1620.2347167205712,637.626492248996,0.8320106428086772
0.275,900.1919541229214,959.2719096612124,1469.2252100969954,890.0861722545292,961.6040131693036,928.954564056036,1086.7602347701636,1215.025927715138,1405.481047542528,568.2558881380454,0.8289673586522995
0.275,1433.8543691699308,1736.5299094644336,1578.2947074337933,990.7958034841432,1131.178828875428,1060.5815848925258,1146.596617791235,1276.4306297138105,1498.7713751312212,930.7475729699556,0.8365105221819555
0.275,899.4674784024163,884.1065537238198,1378.216297552096,1146.9490426687396,1063.31734164081,1053.9301098927735,1625.6978618184137,1210.952895496237,2487.6164132287067,1152.922735599311,0.773445122916722
0.30000000000000004,88.61197625698668,195.4929800864358,230.7363797341012,183.98493122189248,216.63901987503505,159.53032738473695,140.54204675824008,202.82936123758284,240.23052004735055,167.15440975749794,0.7407217240849905
0.30000000000000004,244.2537834447729,259.5077277660697,334.4427292444427,180.75924020737247,309.6550697223342,136.33212737159425,283.1513414640807,339.5909354528802,412.80986819510827,200.9707164330922,0.867026873689901
0.30000000000000004,233.68782561965,228.75391759313104,303.2110750842283,294.4646017644908,212.83085078027685,320.03121608372345,226.28696357987232,240.4158820194478,376.3226212953672,287.0637397247146,0.8479892845776956
0.30000000000000004,178.24404139187934,341.2535493314618,510.35687065196265,379.08597407133294,293.01086006585325,309.0071201907652,376.8007940534896,328.55810478788106,459.32118358676695,209.98265275083372,0.8758760872989872
0.30000000000000004,3.242748282739325,396.49967638957565,495.8456919607933,338.71979789711656,381.46511616960026,421.85207205463365,517.955339343112,332.23430133163794,679.5031628832531,457.2275078663458,0.797632544766235
0.30000000000000004,288.02572638417314,336.89301254598234,596.1161662917406,420.06448634455984,292.5564681475213,341.4237543093284,598.0579127617466,425.8897257545758,923.3004464876972,225.88983934399295,0.7840962965634557
0.30000000000000004,420.6459678266803,422.6666850460242,456.6820915716386,511.915028900362,527.0704080454392,505.1793048358838,440.17956761366855,235.41355605352192,736.2146402474968,485.30891884567455,0.8105519957228438
0.30000000000000004,290.4954630401319,512.4017195291236,540.2775467905502,359.8182439928918,474.9894250466826,397.9641128769504,399.0644744793753,410.80166490523993,703.1310639494142,342.5792455549049,0.77806321886658
0.30000000000000004,417.4958195299743,394.6033907639254,759.3302219518223,315.4499082508081,445.8203500371213,438.0602046926956,504.4094473875172,425.2559648743973,692.2049647225625,197.4956990155755,0.6703456165782044
0.30000000000000004,275.74881729430587,256.7885099766108,808.2861445652225,753.8783061753153,636.4068369243776,444.7428607781105,599.3105834767143,513.5770199532216,785.616211902763,355.71185250371826,0.7814791732500574
0.30000000000000004,252.87721775671645,504.8884176444019,714.8977508841413,184.46180610335867,678.5250003848893,496.2282389541036,404.8633537714553,618.3367584873157,750.404483514368,343.3760850703367,0.804430205528871
0.30000000000000004,393.26542173727154,633.3105492911923,729.88576501888,534.878117876431,731.2786767841866,689.9556277468554,650.4897943965975,689.0270199033218,925.3577160830988,255.8314608940225,0.8523502692667881
0.30000000000000004,550.7481518660848,675.3042734052777,839.3782005733786,847.8820321644075,671.8026956913282,415.1870717973199,618.2785792066122,618.7788045943188,1016.4579878218744,587.2646051687431,0.8192687141174579
0.30000000000000004,244.6273516806954,548.9952776665698,905.378703694024,667.961421326022,310.54798539675625,585.0456242300394,1022.2848275498536,520.670005366699,1245.281971292466,541.7852083538766,0.7077329333746215
0.30000000000000004,628.0663770525312,395.3058623173951,973.613459497808,550.110955252877,712.6563028351359,774.5783400093286,795.587602622003,884.0476557279942,1159.37957102039,618.114621078109,0.7396000724320938
0.30000000000000004,454.37179421300016,723.973472620717,1241.6784197355323,691.4353390197862,665.8696626190562,1003.4527987287116,754.187453821582,607.7658526173915,1201.5867908343853,978.468160428001,0.8241658209092182
0.30000000000000004,466.6921362221333,662.5198169114216,1070.6466654507783,826.6246334392048,810.7632013584521,1028.552864928782,507.5658265840743,686.3119650325506,1549.5399032734942,434.9692720606323,0.8088869096929134
0.30000000000000004,553.9751989056335,903.752562865821,1212.948022720127,1125.9867996361038,832.8952699825445,791.6692086686304,893.4460475373436,914.703235402327,1399.109455840745,694.401470256134,0.7500953902929088
0.30000000000000004,786.062607839991,1056.741558017932,1087.500529629063,739.58238407206,786.7461405424592,990.4388858783876,1351.3441527823131,753.9365708239188,1814.779325056673,962.414045077138,0.8399572348441947
0.30000000000000004,875.1649068547107,767.8266108381874,1293.0686726790366,1229.381283709234,848.6881271706366,1272.3166021158413,632.5803578573725,1190.7394971432882,1824.751032280878,703.4236332282761,0.7962337857581046
0.30000000000000004,527.9296857542488,1042.4563611508463,1285.1997709616842,978.4197561087192,1468.374245849623,781.8422708631335,1037.2440793450926,930.7646081703972,1388.7007953902355,984.3766496010174,0.8213576247342389
0.30000000000000004,575.9963812501513,1050.1158515308862,1141.805071403361,1009.3650871431248,1342.4242191585208,1075.9769135461988,1220.1719259952213,787.58688864817,1959.955033342356,492.9275153827842,0.7957711616736298
0.30000000000000004,1245.5354008443778,949.405494961064,1827.219144543744,1665.3239487448975,1226.8238958023005,1017.7431655495178,1012.8619033646326,1211.3665655501484,1713.323026896319,997.4045731124804,0.8035843122847343
0.30000000000000004,547.1372953425381,1247.6453600881732,1746.5311774162517,1011.557771231712,1563.0032342541097,1534.5693275670176,1158.8971058830084,1635.3804512758015,1748.254444488199,1376.0287569480845,0.7433503506397324
0.30000000000000004,914.5431382050348,1665.5465943534282,2061.1481716189437,1195.0273973748135,2114.1386831233326,1446.2755122663016,1400.5940368314923,1706.6599222447653,2147.942974945102,1346.689895818408,0.7786844305942255
0.30000000000000004,1330.1845637567135,1337.7801929573202,1998.59993341034,1559.002893425074,1361.5165342092332,1588.4359565774323,1596.9810394281196,1647.3020828821557,2031.830811163008,1274.1667984022258,0.8174794864497246
0.30000000000000004,853.4260982013232,1772.8032328265126,2236.4291754479964,1507.030399476621,1550.3415278743853,1521.7955568849447,1537.5450581205014,1329.848510576691,2447.0787544734726,1020.7645488290416,0.8171196267616777
0.325,184.50593857800217,148.70863254620096,289.69009330580286,225.82265302880168,152.33567236440206,173.46712174000135,236.07298294980305,161.95521275180153,271.55489421480377,167.63231855420267,0.6904838691894314
0.325,236.07516124977948,172.32946553473607,247.2396616292505,206.72332960697668,202.76173269813305,145.13850493312037,322.69007548406194,235.7150160762477,282.1737434617882,159.36423928760854,0.7902560967884147
0.325,177.48261562308562,236.6434874974466,269.2423352649529,205.45323191742625,215.11214977446545,214.10601249768996,129.3892537932471,217.12442432801504,384.94812209406285,165.61019575714224,0.7698843571903901
0.325,168.1343117810542,250.40259842998543,236.0116444972281,221.14099210004483,264.0740046661064,180.36662262389743,322.83706655820123,315.4017403596088,426.45193487405794,259.516869254066,0.8540364758011214
0.325,232.26369586891337,303.79738166884243,522.5197213780981,426.55271902922,355.3134105371069,237.56248740964804,445.0984894217942,497.2032729056949,645.2750587384756,224.02113124999232,0.911080856110562
0.325,233.0176537917805,554.5107171595796,595.0214358299168,364.2723822836728,369.78184002284047,238.527111530946,448.5346771179762,371.402268769655,688.6822173957388,251.49054150545567,0.8393893428768292
0.325,235.770173550244,534.2451804915092,586.2006138726414,443.5919070747724,362.6130936669403,641.3808672567409,298.8333202749276,381.603700351078,772.8818607110561,329.2899536362837,0.853862127489083
0.325,480.9863168083011,444.3073288126985,544.512811481095,647.3652314275242,566.0664436022232,437.8790525660472,417.4598221355072,479.4737812208542,818.6598867059544,339.94237327882485,0.7881536447098433
0.325,238.19829541658837,721.4933036638736,482.4834297279799,344.109292186143,399.2966314990167,665.4943858316946,456.1071278505037,657.784389898278,862.3021767636317,231.7056672621352,0.8422857745123126
0.325,614.5663907795206,527.2532522130414,657.168453558335,615.4099959830626,471.15350617757525,512.4901611510752,613.7227855759814,656.7466509565654,935.1363681250537,427.28603559344936,0.8507270960130764
0.325,575.6606641613346,641.2308105112111,833.8713784080918,721.2716098486475,492.4544094828701,725.3414810013992,845.1765760546235,525.0133787048783,1020.6332435287796,676.0508192625268,0.7855066817485893
0.325,483.6854437218592,679.9706187793291,838.937377838217,861.7161512399468,980.4565657808854,234.0882458092761,954.285209106558,699.3568089084613,869.4706272916036,480.2928604492647,0.7770964449164884
0.325,472.2709833818281,632.5599573989986,1073.4810468090134,811.5577391090276,821.1649646810355,833.3004075088329,710.9346923285334,696.7766756961003,1055.277882567319,655.3139127011252,0.7981384129485255
0.325,718.7173552409737,403.0756093279495,999.1655963832028,975.5199603653286,668.1266921329636,523.5033834654965,711.0187760723644,799.5524365113783,1154.7868752915413,477.3119084538373,0.786338007417429
0.325,1106.6785225524252,778.2907874190323,1121.4974636685545,570.8256117932415,1040.289666352173,949.0049890768256,1046.217242798628,876.0957987854786,1001.760419450244,694.7119595240752,0.8731201779845464
0.325,547.5124106081809,917.6079076743348,954.4902767977673,562.1381776743648,925.2387426653908,586.3024884793733,516.3531677280404,960.8493059569794,1357.65272549183,952.5825680500031,0.8598952948851466
0.325,683.6117757844108,1145.3146902434523,1530.177521377896,1008.8573008911372,447.1297952078267,1047.2773425534408,928.705145009442,1306.2814165182738,1173.7985142344733,848.5529891277424,0.7899872613901785
0.325,787.44070583075,1222.58698447285,794.4030462890233,1072.2004305741386,1077.77030294076,914.155302171328,1121.6330478278878,1404.304070433794,1364.618729821636,1045.0473027868757,0.9136288311130605
0.325,840.1807173223028,1022.6030089915704,1368.908741550721,697.8023433365269,1053.7482783009643,973.6604429339612,1100.4661822650453,915.0776744710652,1309.5844190566504,757.8682198617767,0.8563762312848724
0.325,985.5682152802248,1203.2828091544786,1325.7960393991311,1163.485517801118,985.5682152802248,942.6495677422882,1000.3946571569672,764.7322652213952,1555.9960580116992,1443.6272353669224,1.0
0.325,860.7620957277305,1599.8675932209485,1652.3632486235151,1484.8771099581932,1056.5792230230052,1296.5593620061434,1543.205615961044,1458.2126500711815,2143.989227790371,1068.244924223573,0.8517081958335102
0.325,692.4767822821938,2158.175421586704,1726.3648044981892,1215.5644403812844,990.0048294224488,1432.3474127814109,1557.8533441709671,1687.7475948398694,2087.962313117029,1300.6978344007707,0.8584751997628941
0.35000000000000003,183.9844291074329,325.43031708865834,333.6027461720182,264.0323242316227,193.8332539001993,301.3321287659309,380.33227657174336,222.7510798874722,442.1493683561313,187.3372205262473,0.8523549816245227
0.35000000000000003,305.8820716586165,336.23498492320346,417.4113808633746,211.76451114827276,365.4114286814103,275.99974619658195,329.41146178620323,304.47030825096266,414.117266245513,316.94088501858295,0.7463067162827757
0.35000000000000003,218.6870501238786,362.8097205067244,345.1566694726272,280.34098955639325,327.240140064889,350.6897153191359,279.81403280910786,397.8523442012744,548.5619739252015,358.857544902077,0.6192042971891081
0.35000000000000003,203.0732286065692,336.0244860092112,438.12207608212697,152.02443357011032,299.0000852135389,391.2805993179044,308.25618541245694,278.243981737178,475.7074526474333,100.69515064883824,0.5540864987958815
0.35000000000000003,325.9645288358216,394.40770411390935,456.6003611017609,448.7872132389648,537.5445729603207,477.53959737405154,410.9715775830351,391.5949708833025,498.7913595608554,328.15221023740617,0.7302500020489329
0.35000000000000003,214.04311673431656,442.2678267191346,608.1594873005838,399.393242473431,455.46000648704273,530.6554311641204,381.5837997867554,415.5536626891191,549.4542873333936,209.09604932135213,0.6804298684094228
0.35000000000000003,98.47667043780665,642.8723485623095,667.1447673321933,467.41743574001833,593.287264503837,486.835370755924,439.6775285744396,519.429761675481,610.2779576427548,367.5537699439332,0.8338688810904584
0.35000000000000003,405.71752038115415,584.2332293488635,471.0011577515765,406.82402270946665,686.4002776630284,390.2264877847824,541.0796385446877,622.2231426209186,801.4765198075012,539.9731362163752,0.7947853517880402
0.35000000000000003,121.40230335171624,470.3360204045571,712.7490067746004,672.0204921017653,649.6981330983859,559.2338360846852,724.4976167763791,632.466838429111,855.690428462915,410.41810939548526,0.872504444314464
0.35000000000000003,547.4265109570256,701.1415297184828,659.2573284210837,794.5432986116858,692.3458474460298,510.5684138153098,701.1415297184856,609.4151288771778,877.4740171805406,593.0802903711914,0.8146116015808736
0.35000000000000003,410.6114548433403,590.9776578927455,576.7265011085972,708.54970136199,602.1113741303673,670.6950661540895,698.3066824233817,629.2776417501527,840.8182502648895,485.87537660963727,0.8459107878036762
0.35000000000000003,379.2786584515536,726.9906189739713,824.0821292711536,379.2786584515536,640.4213413198376,720.2946527465804,788.6891649263698,573.9399623478737,1073.2677295905255,481.6312850702601,0.8494062754673287
0.35000000000000003,544.8700800818613,703.8340957679294,820.9654757471418,986.2043867892402,783.316103610967,933.390684209328,765.0143254892142,1002.4145331256508,897.8329438584989,896.7871279658294,0.794213019500791
0.35000000000000003,650.1109464380849,579.7097610370063,1027.967308707939,530.7589368128192,717.212076273491,668.2612520493002,540.1090942489029,542.8591405536307,931.1656787814584,624.2605111736311,0.9166130334041646
0.35000000000000003,981.5706298638454,814.6913069698023,1291.9292229952007,1017.286499708328,1038.223388927505,969.87060353548,926.1494525189628,887.9704192369306,1174.3131688521687,571.4539175116995,0.8443615931248561
0.35000000000000003,510.3570541452112,1233.028000894141,1058.8904233642795,1188.1540866845246,1083.00178025303,877.3854867850752,1020.044348376852,957.7566764142445,1820.4074451006463,780.2702993165033,0.5672028010280062
0.35000000000000003,737.7483589879885,1025.2479624420037,1483.383240763991,943.5149080934792,1370.1040952634064,1192.2988542245116,871.8192463842503,1459.0067157828537,1542.1736833655648,905.5162073875922,0.5053471891170971
0.35000000000000003,791.5572260376307,1171.5662344560812,1386.955955826868,1390.0329518464494,1056.9481327266308,1220.0289217645063,1640.038878437537,1362.3399876702056,1565.4217249626613,1244.644889921174,0.582362436670972
0.35000000000000003,682.052320475945,1234.7347169390375,2388.5032229312537,1612.2836788541051,1902.7059572503235,1623.7245564878956,1788.29718091242,1761.0150880933793,1904.4660922709083,1283.1384300050738,0.6153543183338227
0.35000000000000003,1255.3257285394286,2035.4074784010409,2251.2553412268217,1514.7218443914708,2103.569961398657,1120.8941648496875,1653.8869138449384,2007.0064438187007,2238.0015250884044,1388.8105910764334,0.6006659417228113
0.35000000000000003,1195.2546599202126,1886.8234096399328,2006.7486263543312,1763.9000625076671,1414.1181804239984,1681.9511644194924,1834.8558157303576,1896.817177699466,2039.7280609507984,1233.2309785464429,0.6004280235961192
0.35000000000000003,1549.0056998878558,2008.576806056131,2181.0524230979063,2328.42083006398,1728.0310239059022,1428.927738656236,2341.5202440165226,2419.0251099023867,2778.1673757678627,1582.8458525985882,0.5690224900158267
0.375,163.813824370583,246.88089111940556,458.0290216820564,315.56204128044294,306.28080477219646,371.0174294172271,406.28612814857183,220.8934288963104,493.7617822388142,269.6199205646157,0.45973694591830416
0.375,202.89331710677337,309.8448331010408,327.6700857667526,501.9905713946656,395.5633275376238,267.9030621228961,515.0973748253369,250.077809457186,600.81586926192,304.0778395915472,0.5843958185975948
0.375,383.96281336256175,215.7667137037392,543.6641605133614,286.2731595203158,378.0164866069457,329.8795557281583,337.8079914023124,392.4575658705828,625.4969430072993,327.0479715588198,0.5565096326650063
0.375,310.9885642769542,379.9921058946375,538.4796923498625,443.32412354374304,442.06378488405977,403.6234557637051,346.2780467480976,469.161066067259,466.6403887478925,246.3962079681654,0.45284481909635943
0.375,451.06260991105154,489.57203837413294,683.4586390708641,529.086060623208,469.480162654265,615.1462616233111,340.8921580471059,514.686883023969,830.4641964212389,425.2780360705546,0.5545697635220345
0.375,469.1244371593235,539.1647885859111,535.1520601187613,318.8295163897725,544.271897544099,314.45199442561244,347.2834091568238,514.3588307889944,650.4268051750197,339.62274571954185,0.47333689335885143
0.375,465.5105582747319,620.932848649157,694.2951949572786,443.1993292428804,443.19932924288287,410.6778767557753,638.3280441655157,594.4618989503484,904.1720104263924,447.3590499098374,0.6010148331222689
0.375,576.2633054489193,406.1564259250047,523.761182139069,753.9304907294538,555.6824731114605,310.81256999431383,616.1649191644086,550.6422692737139,1100.444504574472,398.1761031819096,0.45973694591830416
0.375,526.763849072485,368.42767129133017,979.8421638867046,592.9931090308074,694.3107186359249,514.921531066693,695.1879273770959,516.237344178448,739.4869688061732,760.1013742236634,0.5700746016935583
0.375,317.3082168482711,841.7416184648597,489.9125374885362,657.3150840821094,914.5664551185612,725.8839237885159,809.5851970853024,771.754113109355,1071.5654536187508,574.5595878847228,0.5375525654655853
0.375,534.5149408816949,722.289679497496,1110.7004401959352,956.3650385939078,920.3534448867688,697.0815639024977,1030.9604827015544,1010.8968804932904,1158.5444146925663,357.5436803780344,0.5236081754723285
0.375,990.9425993764332,977.3606010297156,949.653324402416,457.9849842512794,591.0885680491018,741.0338297968513,626.4017637505654,744.8367893339314,1020.822995739214,401.4838711289414,0.6013944016440795
0.375,595.7349415869085,670.0543501413131,992.1051205437428,826.9508793117262,1298.2303033988003,696.0071594777748,1099.455377344554,850.5443423448743,1378.4480777114916,524.3647159116488,0.5569846167761031
0.375,230.12997583098388,921.777444175464,1043.7589067743993,745.7217249605025,967.0489148307396,938.1254752454248,716.7982853751921,886.5663003324726,1377.6360028570584,680.3296006806635,0.6178536516632939
0.375,685.4754394205397,1121.1301377612997,1332.1503822701072,1012.2164631761084,1325.3432776085333,889.6885792677691,1057.1433539425034,933.2540491018472,1218.4717344218147,1038.0834608900975,0.6236118095029126
0.375,1079.8299024431024,1352.7621160771373,1529.7590284610587,1325.989473867804,1349.7873780538791,1088.0104320070634,1083.5483249721788,1208.4873219490653,1804.922295612544,1086.5230629954367,0.6901408819186805
0.375,1103.4514160529018,806.2746549967145,1960.8794479527355,1533.789348729901,1383.5770514747248,1334.047591298691,1295.8855482122422,1330.799757844526,2219.894165922474,1191.9548776789295,0.7005711035186568
0.4,158.37769855808,269.54442383085706,398.1536269184023,249.5437159365919,243.72955666500405,303.03398123520884,223.96141514160192,400.7118569979024,466.7607063231521,311.17380421543527,0.9743644205180163
0.4,257.994257743936,352.41483660898416,545.7775431861405,278.2082408249038,161.44589118615332,346.29744699237534,338.8501900678091,517.3183827958294,619.9841389702209,288.0492589037975,0.7248558477265435
0.4,230.06151584375985,477.4748755352962,413.15338540992656,458.9263528014688,279.12535017195006,340.4551430821844,445.46371533336776,376.0563399422717,554.0623242427118,335.36925781645795,0.8291139271257634
0.4,432.77149174932015,645.9130735179125,512.902345169171,522.6348374873713,340.3128147264144,539.5044908389193,451.9120599751147,478.51420564486295,903.1752871290174,336.74423420974153,0.8373113939085657
0.4,81.36755072959643,252.94695118113765,358.3709951699198,414.26696480155545,438.3234580607412,319.4560796035899,427.3565273102314,345.6352046209394,592.9218044469768,368.9841539607388,0.9038360119441948
0.4,363.34514571268,446.9929490422169,724.0762975713096,616.9025495553409,417.11873356738295,594.4968879492129,442.1383890275561,510.10222923280674,826.0220578791857,432.8026966916717,0.8914680187822625
0.4,299.1250641464541,350.25411279598046,737.9491824770502,696.4823162494785,566.0428535530461,538.264079089914,417.4867988154391,718.624817633133,810.0129597074888,451.3044372922935,0.8359040809206278
0.4,609.7680297739981,532.2885313748612,637.3454783567411,659.670079590389,630.3416818912821,644.7870121012904,898.6746339741685,913.55770146327,810.6894408768445,706.9457057322384,0.8708120897313306
0.4,652.2485093733294,763.1627065585767,902.832436347406,683.2862271041784,1119.6400234379112,636.7296505079019,629.8830951260983,711.5853226823107,1051.174469619859,634.9039024060909,0.8537678237425901
0.4,277.43263558594595,623.3671565017527,815.172435425371,561.2261605239506,703.1229229929515,623.8564556826825,723.673488591911,782.8786894841502,1201.7187883581737,433.0297751209208,0.8770497712764139
0.4,435.488121000645,775.2345068566738,1009.938531868328,868.2407638542993,588.1278016026293,905.4432666533468,767.5751680451057,660.8915203125338,1115.5279883421028,1072.3074336196776,0.8785762174611224
0.4,698.380476447697,939.3626844011752,1311.364345222562,966.268464900835,636.3801996441337,1072.136862084279,799.5696074572888,729.3806148494785,1179.1750758111882,1009.5516770089856,0.8372462050235656
0.4,1101.1633042189694,1116.9573848876266,912.8978626485432,898.3673084333718,947.644840119596,622.9185415719431,835.8227489854837,904.6849407008398,1490.961215121495,634.9220428801298,0.8939331446856179
0.4,952.145398123452,1209.4272397440436,1418.088890822161,983.883578060899,1102.732932720282,715.1219692288909,848.1522127964935,932.5622658216216,1857.0211665528336,492.2794292425539,0.8182358075795448
0.4,1267.7344234413897,1138.5063700268042,1478.5421977266317,1284.33914538851,1304.553589498056,1088.6922041854289,1134.1747034319014,1373.1383105840082,1703.788860661547,695.2324884818103,0.8137164261077712
0.4,997.466382756744,1208.439054692852,1441.9051365045018,1475.2574339061653,1327.1111826569145,1513.263540247597,1291.431980785367,1604.0128145730566,2010.445461979383,1393.8157774602466,0.7949590313398263
0.4,986.3681477379176,1331.555310175361,1740.1101642679923,1331.555310175361,1285.6971122670036,1039.730414394911,1694.2519663596347,1334.890451841422,2283.7382558361437,1394.9230018305486,0.7857342037393725
0.42500000000000004,267.9804443061939,430.9507399529618,346.6244084537273,297.9833439231719,224.1125683510662,130.92174378317736,296.1649863706284,331.3956639511707,445.49760037331566,112.05628417553386,0.8050210241815935
0.42500000000000004,224.4769097884752,460.395603813742,296.12427298552467,375.6719157746447,223.6596394858489,176.25796193342634,341.074139630063,380.0306907219939,632.2947907998208,228.01841443319816,0.7768435192056238
0.42500000000000004,310.51385137549835,340.8648293294951,492.03604644651455,350.4954281033591,427.8320546207536,396.8974040137946,407.1116754406229,432.5014358444455,611.6889403036167,235.80375179643292,0.7826324058125824
0.42500000000000004,328.66896032699884,350.08999178800104,625.3662319062383,474.1401441293194,375.98705967368943,306.6084950910428,539.3623891747569,362.8786672871057,662.1336739661651,245.5425695828188,0.8461608306977746
0.42500000000000004,379.296458597517,378.5881552201165,624.0152754890966,600.9954157236073,520.6029823887492,356.27659883202534,409.75350382570167,429.94015008159096,640.306253169291,496.1665158684612,0.7824619773550663
0.42500000000000004,601.9791016001647,366.487905879848,719.7246994603231,710.6382224550358,555.0323037395225,470.2251850235228,470.6037882320781,528.1514759322187,887.4459208495512,332.03501390147574,0.9110407803032047
0.42500000000000004,397.6037827224535,722.4408468677926,836.616250602047,647.2619718737598,331.6715073266171,398.8098609309114,903.754604206344,653.292362916063,841.4405634358897,308.3539952963814,0.7947839548334689
0.42500000000000004,593.7617780317782,645.9652796028337,851.8083549033429,628.9885311244418,518.2152473029325,481.2908193624276,604.3722458307718,592.9129406078575,738.0641400981153,484.2617503461459,0.852644416160131
0.42500000000000004,621.9451925574251,688.0126305946601,728.5643684244144,780.5070438467905,428.7548909864747,521.7049417423091,672.5209554686887,443.3352911050378,1171.8996595294525,622.8564675648365,0.7565355482554537
0.42500000000000004,525.096120676823,812.5680982639494,640.7624550931927,607.8532051337228,748.2014770196956,699.8055211969454,791.757837260168,776.7550909551173,1391.383729904024,611.240922041318,0.8616430387169728
0.42500000000000004,233.4094156090553,608.6438348729379,828.969763059963,946.1978103613708,1042.4922777875313,815.3629361410493,1169.1404360328042,737.9086906026188,1374.8128583071518,798.6160722408506,0.8594104259235139
0.42500000000000004,619.9066207447056,457.7947604394587,914.4478880598724,661.0054022305427,746.0570472498462,884.7654347645415,591.9366166779553,630.7521325256912,1263.2167142799592,664.4303006876964,0.8319714442634475
0.42500000000000004,868.9645855435892,975.593526223832,1353.08448863205,1011.1365064505812,1106.122057056548,989.6881563137492,881.2207856217818,970.6910461925584,1239.7146379088088,516.5988332956647,0.8606791711072438
0.42500000000000004,1115.1941103808388,1111.2834355343823,1342.6650306163206,935.95484658497,1109.3280981111543,1026.552147194516,1365.477300553978,1194.059386451021,1784.5712882657754,784.0903067142892,0.8722505059127653
0.42500000000000004,658.6132763847976,982.2907412747666,1716.897857242426,1277.1186929897533,1400.9605056433072,748.6800492237445,1221.530606628221,989.3272079028092,1472.7324652493471,972.4396879955082,0.8111144096326467
0.42500000000000004,1014.6943457978608,1169.5291867121969,1491.2248756021877,1002.6683387365524,897.4407769501063,934.2704235753622,965.0870666699662,934.2704235753622,1824.9465715534864,1358.187172486473,0.8369905623372914
0.42500000000000004,1085.5937119870523,1100.9520742564107,1655.4697856660323,1430.7526956195682,1040.326960035247,759.0264300490226,1262.6190455128644,1284.4440866324835,1817.1367569224808,1160.7688536212988,0.9003047343044643
0.42500000000000004,929.473904429606,1505.2386648694746,1942.3283763009613,1080.4366160083496,1188.3925085908277,1339.355220169571,1219.111665016737,1190.1478889580249,1982.7021247464456,1414.836575958949,0.8910419476384728
0.42500000000000004,1490.75869507699,1590.2666054782574,2409.579400464428,1715.8139690686453,1578.1768593547445,1711.1640667134488,2045.027055816783,1766.0329145048042,2313.7914119473185,1535.3977576869083,0.8319100900187415
0.42500000000000004,1591.7410636651196,1693.2760928550967,2057.3663490413896,1537.383926826041,1743.5308042723664,1152.7815435306627,1539.4351395369524,2331.2032459476927,2479.916167488576,1450.2073866124292,0.8515332226171272
0.42500000000000004,2099.8842133439844,1903.1242844070407,2244.3971555010635,1773.0626364656696,2224.3876712023957,2080.9863670619065,2126.563525742219,2104.330765410354,2561.2139902300405,2423.37087617252,0.833292264809196
0.45,78.27449219445342,0.0,109.42248133643382,96.27560280247988,3.438414385802031,0.0,133.08686269754446,0.0,0.0,0.0,0.8511489064454287
0.45,0.0,0.0,65.32376204820544,0.0,0.0,189.23687768603455,131.32096494226295,0.0,0.0,77.67017755559685,0.930240492867139
0.45,346.74218439826507,0.0,0.0,0.0,0.0,159.63738215041704,67.7167089530701,0.0,0.0,0.0,0.7871852803205086
0.45,69.34201197775529,0.0,0.0,0.0,0.0,224.4947637779844,335.4419829423915,0.0,0.0,62.40781077997944,0.8766407429783756
0.45,223.15848871225708,0.0,235.53759528250623,37.13731971073612,58.549828372781455,325.5370457526655,72.26721673440348,0.0,0.0,0.0,0.8629169914369046
0.45,123.4215486205303,0.0,268.0010770045809,0.0,17.984282798991238,288.45379077598454,166.44277413968354,0.0,195.0060468204369,0.0,0.8997764060861648
0.45,231.42820170788733,0.0,211.27030139162724,0.0,0.0,227.55168241630145,130.25104819740193,0.0,0.0,0.0,0.9268319237168208
0.45,0.0,0.0,176.8080431979377,0.0,0.0,499.0751857643917,0.0,1.2539577531757171,0.0,266.25702959121963,0.8323165618899174
0.45,173.01642728235817,0.0,0.0,0.0,0.0,383.7651605145947,0.0,125.6209698087346,179.45852829819003,0.0,0.7962666824138577
0.45,14.06007187034573,0.0,97.4162122445505,0.0,168.72086244416587,445.4029910356387,377.6133588036069,64.77675968838302,546.8363666717132,0.0,0.8382227600851322
0.45,463.0560392481397,82.17301415914413,598.5304679970004,0.0,0.0,275.39064204686,282.05331887056826,218.2026659766408,443.0680087769961,37.19994559906928,0.8352138456676882
0.45,108.06438151098668,0.0,0.0,173.39143700067598,0.0,459.73152134336016,347.393407230234,204.5286316733329,367.54100378313257,0.0,0.8194193883673982
0.45,209.21270284862624,0.0,372.227017055604,0.0,0.0,836.8508113945198,0.0,135.295281021981,0.0,0.0,0.8533218692787569
0.45,385.0001680597003,0.0,230.45784707799007,128.7852674847585,119.97364392001204,782.878862867888,103.70603118509436,488.7061992447946,6.778171972875942,0.0,0.8158148264909361
0.45,183.59091174342555,47.57011478372225,377.5877860958065,455.632505662849,460.835486967314,243.79683826658817,472.7280156632425,613.2085108839327,318.1251426161473,344.8833321819926,0.726130259292322
0.45,8.725510203365861,0.0,126.12328384863888,92.0144712354806,58.69888682263651,540.9816326086203,515.598330198828,593.3346938288064,128.5029684495544,0.0,0.7758196920968995
0.45,0.0,0.0,691.3166909991482,446.6840938219168,0.0,609.4941840934597,748.0914917092193,242.9627500975249,763.1201154265975,278.0295387714009,0.8019852126575849
0.45,1081.1130139987938,0.0,1136.8884059505822,326.28604291794994,0.0,886.8287320334119,766.9116393370639,27.887695975889,553.1059701885428,180.340433977448,0.8691078051561709
0.45,673.266973996774,0.0,418.0929022195693,266.95133662846064,0.0,710.5616460257493,503.4780723911721,458.3318904613558,617.3249659533054,0.0,0.7500379633126585
0.45,489.95566905678754,424.69956466277097,740.2823646011046,983.1206547231268,535.9558737935678,785.2127971346929,685.723982238874,987.399743535858,372.2807267068998,347.6759660337522,0.7778348447335088
0.45,361.448592774866,631.3460617218886,1486.219542659829,0.0,0.0,1401.8022726367594,1607.4950573408685,17.83463451191524,1273.392904150932,1085.5347539587383,0.7778092804648814
0.45,755.606835411565,72.15704914740759,807.3420781965162,334.9176243445778,181.07334974726757,1907.3967142551544,722.931945231604,550.027318029319,445.1953787019504,243.7002225921955,0.8031025678448216
0.45,1189.3348960386838,20.451525990082622,1725.794154701652,0.0,1085.5040717813426,1431.606819305837,387.0057995046417,242.2719232671353,448.3603774748896,1008.4175507417964,0.729228648649962
0.45,1826.6450051404247,1460.9503094166166,1358.5557946139604,1596.2573468344274,1577.972612048233,1011.1458336763465,1766.3053803459893,1272.6175411188394,2172.226492599422,371.1801161596607,0.7190216883293316
0.45,1277.6092502491215,1571.4802197191414,3109.61337907292,1854.9302328249853,1946.634648829828,2667.7648292314607,2988.730285248338,2463.514084493401,406.417298203214,2369.7254772157467,0.7524188488641564
0.45,1280.065228721321,579.5660750360253,3395.253226982747,951.4923357874944,1736.4164689071747,3059.8350654461647,2058.144093238194,2423.225085386882,1832.2502293461944,501.9863642044489,0.9187355494140683
0.45,2451.841680949068,799.6137812869684,2269.797044863572,1855.011798086458,3716.9366836192207,4511.941739942003,2654.6255793734263,1795.09837355199,2336.6235568443185,1103.7896289234927,0.7704084246972513
0.45,5174.288773459189,2974.731560771472,3231.508063574236,3762.0180080440537,1521.279658114398,3466.4827878371366,5200.935391674543,1436.4949637927298,4200.475998678925,1855.573595725524,0.7883502805622419
0.45,2576.4775007987423,2649.2593511037803,3056.837712812071,2280.497976224869,1911.7366013459573,3047.1334661047404,2241.6809893954896,4420.2843751933,2661.3896594879443,3335.8348056480872,0.7915159891606007
0.47500000000000003,29.15885618927537,0.0,0.0,54.09470562010532,50.47498554143749,124.47815159422387,4.223006758445422,52.68703670062428,0.0,0.0,0.768295111824054
0.47500000000000003,183.976046257535,95.35476305437832,0.0,0.0,0.0,245.22899200089796,0.0,26.71671037742311,12.815332620062774,0.0,0.7754786713083507
0.47500000000000003,253.69440350137108,2.2673779856138645,15.871645899291323,0.0,0.0,85.1526399041349,40.56087285374226,44.33983616309966,127.2250980816207,87.67194877703888,0.7255601761019314
0.47500000000000003,205.20233069493185,0.0,12.16013811525453,0.0,0.0,49.24855936678379,110.04924994305988,0.0,86.33698061830958,95.15308075187195,0.717434999389859
0.47500000000000003,202.9379777545246,0.0,208.67831988735057,137.43054400347813,0.0,0.0,0.0,0.0,0.0,0.0,0.6477553245344658
0.47500000000000003,12.859846891019314,0.0,252.67861323705145,204.714859967845,0.0,107.7446631409721,169.61095358965792,0.0,0.0,0.0,0.6307757807813782
0.47500000000000003,51.95986707021143,0.0,224.12539676555147,0.0,36.83721919156741,276.86078423979967,0.0,8.918484646380824,224.90091716958383,47.306744646017336,0.6686732873388289
0.47500000000000003,0.0,0.0,0.0,0.0,0.0,147.19693346930555,203.07338980042528,94.65638497884214,142.61006018838717,120.50967074398883,0.505916240766824
0.47500000000000003,0.0,105.99200261190352,347.6720430502456,0.0,0.0,375.5406299438926,563.3109449158338,0.0,222.49183306894804,0.0,0.6571459325435947
0.47500000000000003,173.74313873507364,0.0,181.168059193842,0.0,0.0,405.4006570485089,449.4551851038348,12.869862128523556,198.98786829487025,100.48392354193608,0.6287988106741926
0.47500000000000003,0.0,0.0,228.8428439080454,338.3120858686153,0.0,365.9400374110432,0.0,0.0,0.0,133.9695008755558,0.613993447100558
0.47500000000000003,262.69423715492314,0.0,571.680664721445,0.0,44.61897870996391,376.4726328653418,0.0,0.0,281.09956587278657,0.0,0.6615174224788783
0.47500000000000003,147.0039487561365,0.0,334.91334412268344,0.0,455.0730935407449,359.2009530476105,167.45667206134172,230.09313718351677,115.68571619504536,0.0,0.6553329998267687
0.47500000000000003,61.73690129005461,0.0,386.7036674212378,166.8931617291592,0.0,520.353882301912,0.0,8.81955732715066,189.28126879039135,0.0,0.5574616460286904
0.47500000000000003,77.83391579166336,20.89984775887136,172.9642573148175,0.0,0.0,835.9939103549607,304.8495035173619,0.0,271.6980208653604,0.0,0.6074360417691748
0.47500000000000003,482.38701362379135,93.63101972511564,201.49395444845297,159.5472576115967,411.9764867905088,551.2994441414819,0.0,183.5167986612216,93.63101972511564,0.0,0.49595810599416723
0.47500000000000003,565.37029252596,0.0,12.812924476515663,0.0,0.0,192.99467492742505,513.3177868401436,0.0,0.0,0.0,0.6478371301940737
0.47500000000000003,470.6919328681304,0.0,443.40544400621513,49.45676106222505,254.105427526638,972.0811657059228,691.5419520942941,85.27027769350217,315.5000274659522,92.94460268592007,0.6524151794198672
0.47500000000000003,0.0,0.0,208.46059367968977,0.0,480.2038675835662,936.211416257894,227.0731466867985,344.3322306316227,106.09155214055473,0.0,0.6789738412873781
0.47500000000000003,485.1079498693812,149.57495120972914,939.896652871942,292.075411483858,395.1608508311006,831.7580057135528,605.3742957744938,448.7248536291759,824.6835147779526,252.66039055697175,0.6639153508761279
0.47500000000000003,336.7993321158196,0.0,174.83532208560086,0.0,0.0,1142.3289449151232,559.9020744090946,329.29106675017493,123.35007386407214,341.0897694676096,0.6366928133571066
0.47500000000000003,608.1262971755452,87.8531423686989,341.1440203667749,536.2464534193358,780.4097322102824,1964.7157293364064,9.127599207129462,46.77894593657741,344.5668700694485,0.0,0.6403723637548756
0.47500000000000003,1623.9111994499683,0.0,649.8228586502257,0.0,412.11429803065465,824.2285960613241,859.1097435435407,0.0,0.0,0.0,0.6649098009257333
0.47500000000000003,973.7339060423582,0.0,984.3675056403324,168.61850791061406,639.5350615348492,639.5350615348492,2609.7891584723475,290.145360458796,1294.2609796382085,811.1917407591652,0.7172023645453496
0.47500000000000003,1287.7858285938923,0.0,2091.8264677288207,0.0,188.21485187141388,721.490265507096,1355.4771349686944,511.81231649243233,1088.0139244145762,1459.4906057397584,0.6435448894915344
0.5,56.731460115656255,18.57755560125317,266.2782969513106,22.57272884883562,0.0,126.24747462357772,51.337976231421536,0.0,11.785761080363912,83.29936221207431,0.5771860131308403
0.5,48.94999421047308,0.0,398.7852739348722,0.0,0.0,199.8417194831281,103.06443735140944,0.0,95.87911710033208,56.13531446155298,0.5991418852414753
0.5,29.05487803746897,0.0,191.9900764436712,0.0,32.75795072851888,0.0,155.81390476956432,0.0,27.06091581920984,0.0,0.5894693601588729
0.5,0.0,0.2791713305156056,130.37301135090846,0.0,0.0,287.8256417618528,219.1494944549472,0.0,0.0,0.0,0.5698473637502038
0.5,0.0,0.0,166.91878565127683,157.38995733653613,0.0,61.77309390244039,218.1773103788321,94.95970286066613,100.54556773482165,0.0,0.5921104331555114
0.5,148.1262570957658,0.0,237.967245108739,0.0,0.0,308.5035580114836,140.70138205336983,0.0,167.05968845387082,0.0,0.6374798519739147
0.5,233.6926009234317,0.0,0.0,130.59292404544547,71.02422184927873,178.32425593340562,184.4338664150584,0.0,0.0,0.0,0.6196135578895886
0.5,255.03273750529155,0.0,281.8782888216425,15.939546094080722,0.0,138.84183571423358,318.3714601422969,53.691102632692456,228.60664792826287,0.0,0.6199085319224859
0.5,205.76676725632328,0.0,0.0,0.0,0.0,266.0697795842482,331.8967319727301,3.2222983686643865,84.70041426210857,0.0,0.6051567315783566
0.5,387.31272512109,0.0,246.95406632876575,0.0,0.0,286.0229713534366,322.1978834133089,508.8604296422784,14.952296984746846,0.0,0.6047136175888149
0.5,287.6341454851158,0.0,283.51035845307484,0.0,0.0,348.4600042077788,122.68266420333036,0.0,218.56071269837088,0.0,0.6579043391795402
0.5,0.0,0.0,303.47518893610334,116.5520653160403,0.0,399.1358463181367,332.61320526511184,0.0,498.64492095116793,0.0,0.6250883396848459
0.5,679.9941949985962,0.0,0.0,0.0,16.81964439925702,420.4911099814664,0.0,0.0,221.65888511879805,0.0,0.7770423524060598
0.5,391.0582311488406,0.0,374.48796711711,108.7009320481518,20.54712739934233,153.77205021446326,530.2484490153792,116.6546587833828,419.55908528341394,0.0,0.7057322453070973
0.5,0.0,0.0,342.6132321433166,0.0,0.0,730.2160806286828,340.536788312139,290.7021363640188,74.0598299784492,154.34899145042326,0.6298986828982335
0.5,613.4600577846217,0.0,753.3849209047714,435.9764156164426,421.9839293044327,0.736446648000083,39.76811899203797,602.4133580646121,139.92486312014134,0.0,0.6374671266490877
0.5,0.0,180.03564815904988,348.0689197741649,0.0,237.647055569948,882.5747551974824,572.9134403639072,348.8690782104266,188.83739095793783,0.0,0.6325658882583579
0.5,477.42915301615096,0.0,119.77316730719204,460.7939908901489,0.0,516.5217840122491,92.32514979928204,229.5652373387753,5.822306744094097,189.640848236378,0.7328332105264246
0.5,486.2453862340005,0.0,105.03624730567596,127.67336956981836,656.4765456604284,323.25810593210514,686.3575470491033,0.0,410.1846554264445,179.28600833209106,0.706178199770931
0.5,1227.9283509384782,0.0,5.598457527080658,0.0,284.5882576263155,565.4442102345948,1017.9861936731604,111.0360742869848,506.6604062002957,0.0,0.6932682441140984
0.5,259.6807980532606,0.0,515.3040836369541,0.0,194.76059853994545,867.2932903732199,923.08408682996,1172.6211037092742,229.24945453139804,840.9194593209246,0.7299921681396336
0.5,354.6278902537479,0.0,616.4559587588708,719.1986185520097,5.52379891360489,465.10386852595866,625.2940370206386,387.7706837354149,262.9328282878314,521.4466174447788,0.7315109697435289
0.5,951.941943916648,0.0,864.759142122313,1074.4691248168208,314.5649740417616,735.1630854009833,1722.449408423456,597.3200068882907,736.3412313711761,0.0,0.6806139311435399
0.5,1914.2387499374763,0.0,2119.923429372036,728.1237651982773,161.8052811551675,577.2883336129577,0.0,314.01194393673177,1142.2355864598228,1465.8461487701893,0.6914744845987428
0.5,1355.597913449639,336.52955194029715,766.2762098171139,603.541262165219,0.0,1567.3113404919152,744.1568965440268,1126.505025978555,45.81857749421321,1036.4478219382038,0.7204795820487688
0.5,1010.1843490019212,1844.684463394819,2251.431658739661,1153.4051924331964,966.2632903496598,2028.0071429868583,3479.3116897570967,2161.679930189369,2245.702825002394,1512.4121066342586,0.7154714200900498
0.5,2431.092204664444,999.2832988498162,3536.908904244516,1666.182387421196,2388.478844372355,1557.5183186763606,2938.1911921404626,2162.6280348241994,1585.217002866202,1798.283804326739,0.676692372336098
0.5,2518.6428702501807,2548.820158096522,3423.961505639675,62.67590552695932,2623.10271279513,4345.529449869478,4296.781523348499,3256.8257575677662,1824.565249784942,2158.8367459287338,0.7676858300884343
0.5,2478.721833284172,1624.6482853383156,2879.5161239403387,687.0759268391157,2729.218264944256,3132.398235901945,3962.6149808325217,2407.151424238414,2566.992004440587,1044.9279720678226,0.6923272355593874
0.5,2553.7822675516877,1258.7362835326016,5521.495120649705,1708.976569565389,2226.9949631730287,3710.851389722051,3972.281233224957,2035.7638739440476,2834.577284647411,738.2972432258354,0.7323794447582878
0.5,5796.824096415234,2246.928352659887,3010.130832222562,2548.1924893293503,1970.7695607128571,3585.04322636684,3248.6316070858834,2354.8813349664383,3647.806588172953,2573.2978340518125,0.7448654596270493
0.525,119.03839712060233,0.0,190.6983277255445,61.9868270246586,0.0,210.0445348861049,78.37188002799056,81.72785473951811,73.23921282212726,0.0,0.6844826571291516
0.525,168.90848398210292,0.0,141.49892416808956,0.0,142.4360031360866,0.0,65.59552776003962,212.9511954781301,0.0,5.622473808003699,0.7096115585150706
0.525,66.21877891234948,0.0,228.3321598792567,0.0,0.0,152.05793676169634,108.64784836359716,0.0,0.0,2.2072926304124856,0.5986832906670423
0.525,70.33229555483133,0.0,92.74896346075566,0.0,0.0,215.20001189685695,223.8864707103972,87.42500483309755,0.0,0.0,0.6429969620006211
0.525,25.869152201743503,0.0,25.869152201743503,0.0,0.0,200.48592956351408,330.1720741538332,0.0,148.06685799682003,0.0,0.5513533196828614
0.525,136.64373387398996,0.0,457.95171381197287,63.63693891845801,0.0,104.63005908065766,170.999872676593,510.2667433522972,206.13683281561808,23.81505076089593,0.6085901832834727
0.525,212.3863943261549,36.972486439755535,437.09695079889815,0.0,0.0,683.5801937306079,0.0,0.0,2.4648324293148565,93.6636323140486,0.6890026203265422
0.525,177.6160754715387,0.0,444.2661633295814,0.0,0.0,268.45788506385827,301.9021333714719,152.3069145901002,36.15594411634216,23.50136367562292,0.6227479308920082
0.525,125.52828557628828,0.0,89.7294782082409,13.017748133836362,184.10815217856245,572.31599831265,149.7041035391287,0.0,20.45646135317067,0.0,0.6623467535729134
0.525,0.0,0.0,462.83011830641976,0.0,258.84572349248907,173.062555013286,529.1624520723149,69.82350922726069,82.29199301784314,0.0,0.5779427154822109
0.525,58.0282190876858,0.0,437.607303578729,0.0,286.4145125612594,519.0597578944761,206.55916519287845,323.6803413331669,0.0,0.0,0.7088915425491977
0.525,412.3266886434331,0.0,159.59276059779333,0.0,123.64353807405462,479.3229669831268,0.0,289.2278357591315,373.10935498117607,189.55044603423605,0.6336890117933881
0.525,594.1652015047314,0.0,980.4022018846832,342.9926736502873,0.0,660.5126616926977,318.70476411719443,268.3517809388259,506.4917719706321,0.0,0.6247273154023415
0.525,687.271473113456,0.0,206.74529273240375,639.6574056962979,58.264582497309455,387.8040490950195,320.141953291679,434.1651147380358,654.6934269859275,516.2367309439314,0.6721763590688403
0.525,411.92882135512747,0.0,610.6238998911406,0.0,0.0,490.852998892084,395.3132050315584,0.0,494.3145856261577,0.0,0.595333341804923
0.525,251.76237621045348,0.0,665.7877867993338,221.2016253409788,320.16024720405045,817.1362672957979,411.8424998124828,0.0,26.19492931669616,213.92525608634787,0.5994085205632591
0.525,241.97060456024064,0.0,687.541070562771,162.87988915381757,232.57368787829785,1434.595946777909,3.1323055606475987,0.0,475.32736882870034,0.0,0.676344249786825
0.525,85.48916713930181,0.0,718.4378084591584,0.0,30.41441523225304,1103.9610718085275,268.7976697553126,0.0,277.8397932027402,36.16849378971036,0.6736461766935724
0.525,125.28655038737205,0.0,520.5567938630378,0.0,504.6754001519664,892.8872464227059,857.595260398085,0.0,1004.93930205085,0.0,0.6505298998228257
0.525,455.83389968226953,0.0,1015.0147563775352,0.922740687615102,436.4563452423419,377.4009412349229,374.6327191720671,1158.039562958002,137.48836245477608,0.0,0.7097571973787657
0.525,575.5439718708741,0.0,491.7747293896759,0.0,463.1946348960799,994.3901842769212,1001.2888277753672,723.3720468377102,670.1539398496527,422.78829440514784,0.8021413513444323
0.525,984.5712975320153,0.0,537.8967791628584,370.1317018411066,95.4163877267416,1429.1487524346517,774.8649508798285,613.3910639576364,1153.3849065870268,127.92087145783674,0.6226256484737404
0.525,676.7802330132115,131.72232723075737,1094.657960779771,0.0,735.8281728063221,1394.4398089601348,98.79174542307126,459.8926080039448,386.0826832625728,900.4810818447656,0.7020267755814148
0.525,468.4462342972966,0.0,949.3180981515536,1166.7666153983105,789.027476866806,1564.386761220957,1185.405059733744,688.3798774554426,710.7460106579599,1146.8856081071822,0.6279617634785647
0.525,805.1269804206011,0.0,459.2820575595301,0.0,650.1884549788335,1480.2162698454574,1422.114322804785,688.9230863392874,518.76738429163,280.82607736319864,0.6148873443602293
0.525,1596.211039719503,353.6419221936553,1531.9125084115708,0.0,1936.9932556515648,1527.0901185634798,2960.947366730446,379.36133471682456,1339.0169144877557,774.7973022606368,0.7082469390475477
0.525,2332.4368237001718,495.9334110192965,850.4483103026371,933.7496254347766,2181.332112530232,3452.1614782672173,2745.068919587328,2245.261028794425,1915.9302480394292,947.3103046423456,0.7069329543685018
0.525,3408.1543242781586,2195.371453412436,3171.5657501725423,1464.2914451401468,652.217150237084,3555.2228973708484,4644.382909694866,3538.171468606447,2979.737176573377,1383.2971585093974,0.781442815179121
0.525,3064.505232234353,2188.2734878784136,3772.4082467535136,2702.4831694346726,3447.280152137208,2863.894280237095,3797.772849879584,2259.755551233755,3154.434279681408,1927.709837583093,0.7077359158726267
0.525,3370.886638875719,2643.055060101191,2325.7951411481777,965.7765179893076,2673.381375883463,5734.006476371329,1320.3611332897267,2894.996760446212,2724.702833361136,716.1676111659982,0.7245972553169665
0.525,4652.253231287235,1314.2090161639328,2378.648290357115,2502.3660130155254,2250.261974390818,5044.415069147892,2887.5249609143643,3482.770607667112,2644.7581089053774,3144.297592846932,0.7066819105453669
0.55,16.769656335617917,0.0,230.26721656543228,0.0,0.0,110.53547670682076,0.0,41.65366251105222,79.34030954486283,0.0,0.7547186591637212
0.55,177.08044176636454,25.77005093796299,117.2655528920125,31.444190594025592,125.77676237610775,98.82459900980162,152.9653482280857,0.0,51.54010187592328,0.0,0.7822958096089884
0.55,28.52536369295164,0.0,0.0,10.328148923309351,0.0,142.1350018493685,179.2671563117432,0.0,79.6742916941087,0.0,0.760521017734464
0.55,145.4927024390327,0.0,169.22951569684452,139.62831328122348,0.0,262.7804855952649,16.75539759374428,0.0,129.01656147185062,124.54845544685236,0.7275260683593776
0.55,0.0,0.0,365.3881494320611,7.0083167284274825,0.0,218.85061783768572,248.15812415655935,124.55690185521745,157.68712638959664,45.5540587347714,0.7550741242322543
0.55,239.90836215444315,0.0,138.4086704737172,43.183505187798254,0.0,481.6621732485384,123.64507895651734,0.0,136.19413174613553,38.01624815677998,0.78769981194939
0.55,176.3942280711444,0.0,363.2136469266451,65.05319049432194,254.3746551380636,553.369126833129,57.54705312959431,0.0,0.0,2.502045788245705,0.7463924986063925
0.55,254.9849459467357,0.0,268.4287919544754,121.44274226988422,30.024589417276676,263.49938175163805,105.31012706059964,184.62881850625016,0.0,0.0,0.715385123775848
0.55,137.85942301780253,0.0,207.0260063875616,57.79673404870264,0.0,345.3591731270797,223.60703664743065,250.13668506323077,422.1056560442026,45.95314100593597,0.8770753355450415
0.55,0.0,0.0,40.434057100507054,234.8098255716046,143.22425045238853,777.5030738844123,347.34316521277213,295.2173325651307,398.98184054594464,47.74141681746469,0.7788062869413496
0.55,310.8400434789719,0.0,398.39332239221847,0.0,190.13049326130235,294.2619078267633,112.42048239155936,199.4556945656689,210.3350960874348,0.0,0.798056181217775
0.55,431.72984565741706,189.58085191433344,388.6687082019562,29.080248671224297,0.0,515.0559428115118,480.3833386265827,101.78087034928502,280.177011236228,146.51971445886625,0.8247665812219611
0.55,673.5708707460576,0.0,441.22412439114834,428.31597181587375,117.93357580135722,479.94858211697215,88.0101311950431,553.8770923208011,536.2750660817952,0.0,0.7568465801904205
0.55,472.5757007411734,0.0,356.4394501015124,0.0,233.50799330740236,499.7565253589698,201.3852005772844,0.0,372.5008464665714,0.0,0.6882704295974433
0.55,767.5167345062887,23.92259951708013,875.168432333153,42.52906580813993,81.07103169677029,234.57437859803252,641.258570388372,776.155450998567,382.09707562001535,316.3099269480469,0.7149342895228463
0.55,1019.7484916149838,0.0,681.5515568958567,670.4993694867363,279.2519352038132,702.182306726224,672.7098069685587,271.88381026439686,566.6088078409834,0.0,0.723875977737836
0.55,298.30898293400486,0.0,904.3225073196396,396.1793841590735,445.5060663765077,767.3039456045433,616.1920461130325,630.2853838894384,443.1571767471082,289.6963876262067,0.7589343287949905
0.55,721.9127427381374,0.0,810.3102214407704,84.30500283676497,678.5324985599973,477.1826859595692,1124.6123679390023,330.6720499616859,771.8409483016607,26.191845541524007,0.7950761179034961
0.55,1103.2673463317988,363.6953870399749,101.7999049848809,188.8083707839091,0.0,1175.484372945004,959.703377763388,0.0,1018.8691345067292,703.0284036562314,0.6859551590020895
0.55,1082.3851139223425,9.727317200283688,565.0686991800447,393.51419582960347,0.0,718.05286969358,653.4988555462492,639.3500305276592,942.665466863736,191.00913775099863,0.720265329130749
0.55,1058.9006981604252,608.7723327871803,961.420669990434,728.2331516229692,957.5979237876816,839.0927915025891,557.1652590501122,203.56123529618372,526.5832894281563,607.8166462364949,0.7386146682006182
0.55,1235.3101124667091,0.0,266.6921510863191,268.6749923583232,0.0,1095.519802789511,782.2308818107848,1234.3186918307017,895.2528343157641,0.0,0.693235862707171
0.55,1222.3946946679025,638.9077488811752,893.0069026915342,176.71916458414827,295.92617501369483,630.5423446405127,537.4772224630482,516.5637118613683,662.9582860730916,0.0,0.7362281454001418
0.55,939.862570364801,0.0,818.1128185136777,147.9202592583777,343.6301407387028,621.2650888852123,497.23964073779536,882.9701629577306,0.0,901.1757333279896,0.6985770905657197
0.55,722.6001528469588,690.7567562808226,978.5720713978354,270.6688708121575,96.75493572018192,1491.7406545213626,1445.2003056939177,0.0,911.211040200229,666.2618358453408,0.6914125404093763
0.55,664.1298009925481,17.949454080879256,799.4410702176608,549.5294403223251,1217.8014230258416,1992.389402977676,1629.2581396490907,1114.2468802515343,2293.3879406416545,528.8185317674668,0.6851922592522638
0.55,2178.5385089598526,1405.6610466048764,1616.588908021516,1227.7890440669692,1130.195555948824,2631.8760021538305,1882.6098675693515,1978.6292671694632,92.87122256402762,558.8014239022705,0.7312942415550547
0.55,2318.2736829714354,728.9134747877141,2473.5560021618253,290.46927942666747,1361.0038564331849,2625.184619724168,2351.156997623524,2405.9625220436446,1596.6676114397528,1826.850814004292,0.7652763977703027
0.55,2507.206250895884,1425.2901640517507,1367.741436028135,1526.9595835601483,2146.5675552811726,1187.4220882207906,2702.8719261762026,2860.1717827741186,2576.264724524235,1638.2204577391628,0.7422715385036568
0.5750000000000001,68.32262316139474,0.0,125.0196690832874,0.0,104.27248508663168,205.5044345875496,35.413296821873644,0.0,152.74219942364354,80.30591046980841,0.7545151188916022
0.5750000000000001,162.9531090807505,0.0,86.16762889270129,41.97277052079826,0.0,20.98638526040053,180.23601458931628,0.0,125.67141291227546,234.0599203159907,0.71002523486195
0.5750000000000001,113.52007481092132,18.048122492982344,31.91117310353219,76.37756185435295,66.9611501188843,150.401020774841,127.12155842881948,12.816782639943208,98.34918923711317,0.0,0.6806241568509906
0.5750000000000001,147.67630960599922,0.0,113.63839432476207,3.484196052410029,0.0,187.8785717491933,249.5220403687563,132.66746507253853,0.0,148.74836992981676,0.7390368063800046
0.5750000000000001,96.16780270277414,0.0,283.26349578157,62.262487647308255,94.9348821553003,214.2199451231679,50.24151230946192,0.0,149.799846517783,0.0,0.7804645558329799
0.5750000000000001,247.44782998532037,0.0,248.93847956354804,13.788508598579794,0.0,51.0547480542004,216.88951363170955,191.54847080188944,217.26217602626545,0.0,0.7718783701433269
0.5750000000000001,172.6956579246463,109.74664112717343,568.6118425192853,0.0,57.97935757661949,424.9058633829465,513.1173145530903,401.2999820838919,0.0,115.54457688483492,0.7923070612509037
0.5750000000000001,219.49458174355075,27.609381351391185,222.7156762345486,0.0,86.9695512568783,533.7813727935437,648.360305401808,91.1109584595883,100.3140855767152,52.45782456764064,0.7432293464348967
0.5750000000000001,406.9863124479176,0.0,432.48425009526176,248.11454710680135,0.0,447.19459873795535,593.3173952553966,50.50553033992123,44.13104592808656,0.0,0.7670041162583706
0.5750000000000001,76.1547723311026,355.0458980301622,259.33787334377547,334.4635271298641,40.13562325558228,382.3175394730633,80.27124651116456,0.0,44.76665670815128,0.0,0.9276278246134199
0.5750000000000001,129.9707275914676,0.0,256.7190404492654,0.0,75.72674624130921,666.5027807479962,316.8707821444913,134.80434969197853,202.47505909910691,19.871557524315875,0.746177758749922
0.5750000000000001,536.531937782632,0.0,434.3631792277298,35.02928864739863,35.02928864739863,357.2987442034528,179.81701505663526,349.70906499651693,502.6702920901521,0.0,0.783075519802124
0.5750000000000001,236.2820858489104,21.480189622629453,482.110922641223,0.0,5.37004740565906,1131.2899867917772,698.1061627354267,210.6251926885514,65.6339127358043,0.0,0.7042489496318506
0.5750000000000001,0.0,102.06282375925416,492.2664243510461,252.66772223327428,0.0,541.4308333570265,375.267577602625,108.90850096261968,0.0,0.0,0.7680139048691523
0.5750000000000001,564.9826801184252,0.0,886.7999607891267,79.96274591003406,0.0,515.825254354061,332.9596305106214,55.05631685608243,453.5591817191968,0.0,0.764951400170067
0.5750000000000001,87.02052926796637,104.42463512155965,812.423661245739,114.17093439957094,600.7897340660395,442.76045291541385,561.1083727198434,0.0,33.41588323889244,106.51312782398894,0.6694551278876831
0.5750000000000001,1223.5426347526382,72.51188415564965,712.9063136986713,0.0,342.7140630093179,1436.4985892729103,753.3603122276086,478.5784354272634,477.81515243615206,0.0,0.723508339208052
0.5750000000000001,644.2903005100029,29.650175520983225,104.17629237102632,648.2970809858078,484.8204375728242,917.5527289601488,467.9919595744256,251.6258138807724,306.9193844469248,379.041433011485,0.8459337956454407
0.5750000000000001,710.7745710564743,0.0,391.4779895544031,247.9643664856481,0.0,1341.7249967374355,542.6343499463391,362.6054263334684,1511.563603919379,473.0005210017437,0.7857244649703711
0.5750000000000001,688.4146850577888,426.74685833940026,438.16189776000107,169.46943139815204,210.7391893034049,885.1045950743129,210.7391893034049,894.7634745840434,339.81694275174414,661.1942064394369,0.7830463034951205
0.5750000000000001,656.8650182236864,367.0162709272776,781.0859099221657,0.0,272.90953479207764,1012.58848081475,798.9661897878375,0.0,1169.7467301605302,346.312788977531,0.762213282618409
0.5750000000000001,182.09703503548107,88.61406517769068,213.25802498808156,524.8679245140311,1178.274932582524,605.69174220358,667.039941172741,557.976476338667,0.0,0.0,0.7243288304963786
0.5750000000000001,1104.9352908808671,448.8799619203508,597.4602756562334,643.4992461095969,415.3970743179068,1338.2691638604592,798.3576012709333,211.3607279904681,1227.3570986773234,126.60716874677053,0.8275743900595364
0.5750000000000001,1064.0104268830462,42.64789994700695,959.0309808596494,290.88054835651565,287.5999406682872,1191.9541267240795,892.3252911989423,580.6675608169551,239.48436124088707,813.5907066813978,0.7458130418508381
0.5750000000000001,1450.7248736948477,108.5417644840017,1402.8731280621168,145.88946839248325,734.1158049509714,1854.5469222052452,1476.4014201319278,220.58487620943308,2062.2935251961385,878.8381575963159,0.8300370812706419
0.5750000000000001,866.2959561416144,148.579829687073,726.5301841478347,0.0,982.1378572535692,1746.4425743727038,1235.2272281612202,1130.717686940657,1424.099893017677,931.7718132918504,0.8530364016124176
0.5750000000000001,1101.1069982842123,25.312804558253,1495.037519222123,1268.804328482681,737.2354327592603,2928.3750773334755,1585.214385460907,1445.9939603904882,1683.301503124157,961.886573213812,0.7673747981534679
0.5750000000000001,2101.431802736521,111.4531837208434,927.5781096767046,1758.0840915965118,1991.7762510111731,2935.533048647361,3449.655799359617,1711.3456597135796,1912.680443209296,943.7567976361668,0.8293170210376367
0.5750000000000001,3628.601876797163,382.9947698670122,3085.843574357075,4221.696634705516,3503.855008897636,1466.3228332051426,4790.717435650796,3024.564411178334,1523.224913299643,593.0947579083526,0.7575764728344356
0.5750000000000001,3871.222872552105,1657.418646465593,5185.889221023412,2094.075683636421,3347.703951642992,4408.827504337708,4148.241853122831,3880.613346469748,4669.413155552532,2922.785006869245,0.777737700512724
0.6000000000000001,0.8765367269666652,4.295029962135738,23.315876937309604,0.0,0.0,0.0,11.21967010517147,0.0,0.0,14.287548649554244,0.753035799880364
0.6000000000000001,80.1268233318473,0.0,63.17052461846881,5.984576016486114,62.50557172774798,4.987146680405561,86.61011401637369,0.0,0.0,2.992288008243057,0.8250563095997383
0.6000000000000001,18.87424230250832,0.0,72.38369212920585,29.965291902950984,79.38856556106487,81.723523371684,5.837394526549032,0.0,0.0,3.6970165334811615,0.7768435192056238
0.6000000000000001,129.6016666894727,0.0,9.714957471141055,17.983006382749835,77.512958546336,34.10570176038774,0.0,0.0,0.0,42.99385434036687,0.7925087349256313
0.6000000000000001,78.08204606977355,0.0,32.358325398285125,11.25506970375109,36.11001529953516,17.5860464121117,56.04086789992776,0.0,0.0,0.0,0.7809792497746779
0.6000000000000001,73.73250479686759,0.0,87.04531816296993,0.0,48.38695627294476,12.032735157822636,44.0346903647961,0.0,0.0,52.99523782274871,0.678009784312696
0.6000000000000001,128.67160612181132,27.746720751384785,0.0,81.4107081386819,215.2657675876754,132.94033239125602,97.26597713947392,0.0,0.0,29.88108388610777,0.7459878527544044
0.6000000000000001,12.994986061055188,0.0,129.5986447710646,0.0,4.565805913343755,161.9105020039582,43.550764096509326,0.0,0.0,6.321885110783207,0.8093385451053304
0.6000000000000001,255.6779889966392,0.0,246.47818129661027,166.3631892421898,385.6252727595472,149.1135498046366,173.2630450172127,0.0,0.0,163.67991199634838,0.7428407695517603
0.6000000000000001,270.61235822991245,143.5004972002048,215.45060721702103,290.1987770678241,157.49079637014106,137.5046546988033,142.70105153335115,0.0,0.0,211.4533788827528,0.758836332431919
0.6000000000000001,121.08847847437636,0.0,0.0,12.23999060390819,176.60557871352776,0.0,0.0,99.23135239596742,54.642815196016805,0.0,0.838123911579773
0.6000000000000001,236.5370939317765,128.0698077641656,0.0,23.08741432483196,127.63419617313006,0.0,151.59283368003315,165.96801618417393,130.24786571933797,0.0,0.7430589179773803
0.6000000000000001,295.82977453966726,74.64435487610811,0.0,97.5413962491474,260.11038999772575,38.00908867924488,149.28870975221622,171.26986947033382,83.80317142532344,21.523218890655738,0.6935750153376271
0.6000000000000001,223.74962664144627,34.60534479835815,0.0,171.130540715174,190.56641930055216,0.0,73.95114778827518,434.70001616569,114.71908823565626,0.0,0.8148058900224419
0.6000000000000001,194.8053527919744,139.1466805656954,0.0,0.0,288.0851645786048,0.0,64.9351175973248,429.8086355251479,162.85315206948025,0.0,0.7307335319298279
0.6000000000000001,146.98128464261222,0.0,0.0,0.0,456.730732648709,15.242503592567513,69.13564129485988,124.661904382067,225.37130311867173,95.8100225818513,0.8564790564542399
0.6000000000000001,31.198166685880647,477.9794594138447,592.7651670317,161.87727997389982,123.02673278016444,61.80768871730941,347.888990780275,230.74870454461453,181.30255357077,347.888990780275,0.7700590463593434
0.6000000000000001,123.94281797212368,251.6039204834117,396.6170175107948,237.9702105064758,503.8275550566802,401.5747302296805,180.95651423930235,0.0,280.7304827068592,117.74567707351908,0.7756482476235791
0.625,8.74054846229282,29.876783834745897,0.0,12.872444099012768,0.0,65.15681580981828,25.983266792451783,24.711914288845648,0.0,28.287593205238224,0.8005819309581614
0.625,0.0,2.735853879311124,0.0,26.39294330629842,0.0,144.03466011669275,93.50182963999808,0.0,0.0,0.0,0.8128980651751632
0.625,18.12145927607541,100.52641093149032,0.0,20.028981305135343,30.7111046678748,108.53800345354466,36.242918552149824,5.1503094784634325,15.260176232484502,0.0,0.6954838140618056
0.625,0.0,54.38956065001945,167.3205568088393,68.29834142693348,61.03256042406838,112.1006211870639,74.7337474580426,39.44281115841179,90.92605940728475,0.0,0.7758876996063889
0.625,0.0,139.59826647579544,10.849606202782365,16.153858124141536,65.09763721669165,128.0253531928273,0.0,0.0,77.15275521978275,0.0,0.7731224978831928
0.625,31.72782237310817,1.9829888983190989,178.71687446101885,0.0,0.0,124.43255336953058,78.08018787131873,153.43376600744838,92.95260460871329,28.25759180104781,0.746866289718287
0.625,0.0,49.02836603954681,0.0,161.0932027013672,0.0,317.80887272063194,148.8361111914805,0.0,140.37288133941527,0.0,0.766066759742033
0.625,14.934975913054076,153.664307727641,0.0,44.141151031912834,36.83960725219901,118.48414224355852,55.75724340873382,32.52505865509531,21.24085463189901,60.735568713083445,0.7246799131188612
0.625,55.57142998586832,0.0,163.40208552136286,209.7729476287768,140.95269989793243,67.71617958543037,83.541156336372,0.0,0.0,138.7445636071028,0.9046080528567414
0.625,78.53107855948772,4.475864581110575,166.01388628119662,84.22763348090056,157.06215711897545,176.59320256382193,215.24839667341297,0.0,0.0,200.19321580967707,0.6583114009953761
0.625,277.3526415443627,0.0,129.68804072213376,252.95588140851456,5.564173364315958,131.82810740071628,197.31414776535684,0.0,0.0,95.01896052908708,0.776341465374525
0.625,387.837889209623,0.0,0.0,120.58068945264358,83.68659790370158,108.88256286395416,131.37896014989522,0.0,104.83321135248502,59.39048883488304,0.7272559392542147
0.625,106.51490239823184,0.0,255.8218179870213,126.51551725903576,5.116436359740308,191.63379820118777,32.094009892917725,0.0,244.6586841112221,46.04792723766277,0.8304329400969626
0.625,169.85384112476464,0.0,34.35789948677664,361.4838157270639,169.36992704748704,34.35789948677664,272.9275395850925,0.0,0.0,212.92219400255436,0.8279309788321849
0.625,95.7056385925973,0.0,0.0,326.01332504537163,332.1548633507778,262.5507625561628,282.5107620487367,0.0,0.0,357.2328114311899,0.7996387311804235
0.7000000000000001,0.0,29.29735951810092,27.268105179184943,12.682839618225524,3.551195093102961,78.88726242536295,0.0,0.0,52.38012762327183,9.892614902215724,0.7704524520487761
0.7000000000000001,45.1016620573254,30.31025675895512,0.0,0.0,31.401426002277287,60.98423659901784,0.0,57.22576476090744,46.67779540879082,0.0,0.773823689251259
0.7000000000000001,0.0,94.20118790731183,0.0,4.221901979038954,14.644722489792237,168.61221028787756,43.53836415884163,0.0,8.971541705458469,0.0,0.84300839117218
0.7000000000000001,0.0,98.03423236124858,0.0,71.03262845580274,52.31560756680122,24.70033084532255,38.6613874100703,0.0,0.0,0.0,0.7942752914371906
0.7000000000000001,0.0,3.1414373403325704,0.0,104.45279156606313,30.82535390201515,147.25487532809694,56.349532292218825,60.47266880140507,0.0,0.0,0.8717930001868117
0.7000000000000001,17.97740797167838,0.0,23.75586053400349,67.62929665536068,35.312765658653724,106.79436402223152,56.28640829227776,52.00607306092602,11.34288836308292,0.0,0.8279783055038491
0.7000000000000001,50.87737701394471,90.70446399771087,59.39530891220609,0.0,1.1510718781431697,192.4592180255991,38.44580072999342,0.0,13.35243378646486,10.12943252766254,0.8401205465089783
0.7000000000000001,118.73646936910204,63.18087360924603,3.5403075729313733,0.0,70.53382010687382,244.0088911805396,148.9652494149041,20.424851382300226,69.44449469981933,66.72118118217882,0.7201082914806091
0.7000000000000001,0.0,93.12029812660002,21.647892184412058,105.49052223197988,54.29153912916197,367.6705497987575,85.21709939260802,80.4064566849619,43.639401705085966,0.0,0.855418467053237
0.7000000000000001,99.08157872668453,397.0120005726621,19.19919864600164,123.42341986714904,90.51050790257608,266.04603838029794,234.5044977475821,105.2527497200407,131.30880502532798,0.0,0.7429115474876461
0.7000000000000001,0.0,245.51033979500315,0.0,50.666777256630944,72.27466755725506,320.39285618164206,58.117773912017554,8.196096320926253,198.9416106988334,97.60805618556957,0.7909549954879447
0.7000000000000001,88.90089784005285,94.8540829632687,0.0,91.28217188933876,99.21975205362864,417.1198376334564,131.3669517190042,143.67020097365403,111.52300130827844,0.0,0.8064031178156387
0.7000000000000001,214.88792693473823,339.41050833756367,0.0,207.1052655970609,0.0,450.96198751092766,267.63707600121114,156.95033697647895,14.700582526722778,87.77112508601962,0.7914147153271924
0.7000000000000001,343.84863855007484,213.85708007382453,136.98035194271304,141.17362802259117,210.12972355837925,471.97651876859646,241.812253939685,188.69742359455347,81.53592377542483,81.53592377542239,0.8611658390359279
0.7000000000000001,16.621560882268962,487.2195033614552,307.49887632194185,288.7996203293924,243.6097516807276,564.6136462195122,162.06021860210404,163.09906615724708,209.84720613862223,0.0,0.8573277901726684
0.7000000000000001,110.29317125113742,441.7133378047912,43.79287682030332,229.2367873062793,85.4231424396041,404.94894738774536,137.86646406391753,251.9442049168101,407.65221138900057,170.30563207895827,0.7679619241896103
0.7000000000000001,111.63617285494492,408.77722995640926,77.75653830692706,413.77586456185344,150.514442008407,603.1685757237226,157.73469199404897,0.0,272.1478840742404,209.94265342869755,0.8236562398212448
0.7000000000000001,0.0,463.7509126637039,169.51286416436164,397.41979190373786,127.5598476153232,665.5789382239476,390.61660003092106,242.64717679714744,291.97031787507,0.0,0.7732702025463734
0.7000000000000001,170.53325794386043,360.2141097621148,101.72159245773902,260.28760423009817,444.5831952711823,913.699245193935,173.52506948673107,455.3537168255322,78.98382473189095,92.1477955205405,0.8459337956454407
0.7250000000000001,0.0,42.02556353465206,142.88691601781684,0.0,20.67924554879704,29.217772743139168,16.009738489391257,0.0,30.28508864243216,0.0,0.8020356857007725
0.7250000000000001,6.251676533832018,27.507376748861198,38.53306081761876,0.0,10.00268245413092,0.0,25.347706673536784,35.57772281980736,12.730686759803694,0.0,0.6749855313340757
0.7250000000000001,0.0,89.28076714047725,105.2237612727045,0.0,0.0,103.62946185948232,27.988811921022094,15.588705373733614,117.44672344074698,0.0,0.5876111218770907
0.7250000000000001,0.0,43.84775064460891,214.59129578144697,25.05585751120496,13.942372324782566,47.282827884047904,86.28105772003543,0.0,50.51584175646124,61.42726357585613,0.7126861321557894
0.7250000000000001,34.31265003302187,29.15453924374373,230.32086002557503,0.0,0.0,103.38648147204486,117.7394854074266,8.52209608663217,27.36041375182165,0.0,0.6735959713104622
0.7250000000000001,54.73465006049888,115.44469859921814,271.04407497207546,0.0,0.0,14.340956347728904,106.12307697319304,0.0,52.822522547467926,0.0,0.7093027214920566
0.7250000000000001,14.470656041268256,113.02081356369553,235.2729077054396,18.71205522577733,68.1118810218288,126.99248146560905,33.68169940639919,3.492916975478661,100.29661601016716,33.931193476076,0.7076553032122223
0.7250000000000001,38.37553598608838,0.0,331.81854424060936,19.90911265443682,50.20558843292592,125.51397108231744,54.5336564012817,12.695666040510533,120.3202895202913,178.3164002962571,0.6613017649307141
0.7250000000000001,74.21893178710745,145.83369052905266,439.128679740381,21.484427622583265,135.74251997905012,119.79196007743474,252.6047853806792,26.04173045161644,274.0892130032639,111.32839768065968,0.6970407997558266
0.7250000000000001,0.0,127.19162630019738,402.4079901049324,0.0,253.65226624234495,96.49019926221852,77.48455395299273,0.0,288.00862507056104,55.18947003255629,0.6985305504869367
0.7250000000000001,41.67905790013717,76.88369903908662,415.17197481106734,0.0,182.4976224559368,172.3813462665833,99.13950665566432,99.94880875081186,280.01852492130604,117.3488037965006,0.6602958514466247
0.7250000000000001,21.48827400337746,146.83653902307455,520.642972206812,150.8655903987081,342.9170393038852,108.78438714209304,111.02274901744478,212.19670578334475,172.35386440208347,26.860342504220803,0.6377398121811124
0.7250000000000001,58.26772876425535,125.27561684314988,538.0053622566231,211.706081176794,0.0,295.22315907222577,243.753331997134,138.8714202214748,77.69030501900713,245.2100252162413,0.6936772724121366
0.7250000000000001,0.0,382.5992659229812,439.5821353157621,112.43941192683268,362.7570167594196,102.26389953526407,11.193063630724543,210.12433088589043,278.80903952898086,385.6519196404489,0.6921076263184149
0.7250000000000001,209.93482855197664,99.96896597713152,678.2105112869586,109.4397101223344,0.0,107.8612527647998,177.31337649627966,78.39671542417203,49.98448298856576,57.87676977623403,0.7118807359594138
0.75,16.046299458441894,13.440490144678025,40.1843225754141,0.0,0.0,22.83511846009011,34.01266893755186,0.0,35.24699966512443,12.13758548779562,0.7229381342830489
0.75,10.91402130380508,70.06801677042891,130.09513394135635,38.308214776355726,39.94531797192649,64.0653050533356,55.11580758421565,0.0,19.64523834684914,0.0,0.646684923867422
0.75,0.0,66.64118931440167,103.67717771213952,0.0,0.0,56.49757465769639,72.77453771147913,1.0615410687250897,16.51286106905528,50.36422626061839,0.7994628714863492
0.75,0.0,54.29812729025788,217.19250916103056,54.49997906457092,99.31107296210664,55.509237936137055,57.32590390495536,0.0,88.81478069781929,39.56294776539204,0.6721010296906184
0.75,31.322016436925136,42.54184322030166,170.40111927252352,0.0,0.0,82.74622252739888,95.60227405001626,31.322016436925136,97.00475239793911,48.38550300330897,0.7468765154257375
0.75,53.45070598995046,149.9522068496323,164.22185234016095,0.0,0.0,52.72513079551521,0.0,99.64566003556168,157.4498171921137,0.0,0.746614055601163
0.75,68.44337000615276,98.15899684156344,173.6659174889185,16.80637911183111,0.0,132.01532577699,0.0,1.4614242705937686,0.0,19.729227653018647,0.7845071188452574
0.75,0.0,187.90921171275417,209.28652371940024,0.0,28.2391652433487,33.781431319145966,112.42882610903482,0.0,107.41439489759996,0.0,0.7869996350364286
0.75,78.42447492412195,88.64069004833583,462.7344497438549,88.0397362175002,40.86486049685964,195.3099950217569,197.7138103451008,0.0,203.12239482262692,0.0,0.8176575841878275
0.75,126.80240709846927,0.0,299.7147804145638,0.0,52.03839044560468,126.47305019691514,132.40147442489462,136.35375724354913,187.07472008293712,0.0,0.7769358346201123
0.75,16.066490662806856,210.69011619180475,388.5169560278656,176.73139729087208,83.25363343454191,62.07507756084339,27.020916114718737,161.7603491732556,118.30779488066656,66.09170022654469,0.8799640978999367
0.75,0.0,189.38880241978765,461.8205696589872,0.0,0.0,69.9086183428742,138.5461708976954,0.0,260.1447979546959,122.86969284505162,0.7443127844862479
0.75,160.75410157297685,46.12546664452022,547.1119706943873,142.48659003059325,305.5241305463639,402.3419417209981,332.46871007138014,31.96814519917128,432.0266479773715,304.61075496924553,0.8359850344379479
0.75,0.0,179.6328633823295,773.6188649665646,256.27621842545784,73.05069777547958,225.73863165045964,349.6853073842659,313.7587347078028,135.9221999592976,83.22989336714382,0.6980231980787931
0.775,0.0,0.0,72.19223080767763,0.0,0.0,0.0,59.080906497091554,10.39312292912306,21.50576975333932,18.86751547133101,0.794170412386412
0.775,5.565926659290362,3.7628799950131526,52.758713263411366,8.152906655861592,0.0,16.149026645264097,47.97671993641573,0.0,9.172019987844426,0.0,0.8575612771594665
0.775,39.12703944843892,11.493567837979043,52.94377525366859,28.00028760528922,0.0,5.869055917265505,36.80387148118775,5.624511920712985,30.44572757081665,25.188031644932448,0.6707376020304907
0.775,10.78708802054157,99.62193054264227,82.48949662766495,36.37998312809896,0.0,23.68929133922647,13.95976096775849,101.52553431097223,12.69069178887153,55.83904387103396,0.7658008913483078
0.775,25.634927967989636,171.73133160856554,225.72348078008204,0.0,54.672722480401575,0.0,89.3819612335191,16.78747495248872,75.99735282545475,4.9908709318204965,0.8166201009526989
0.775,34.35316454487682,0.0,182.6752736271464,51.29763084065981,3.2496236731631387,42.9414556810955,141.82286173594218,0.0,0.0,13.230610669310082,0.5921036160172103
0.775,0.0,71.83889247723687,215.5166774317084,0.0,54.43083320800803,97.09283761428516,121.61123095122592,0.0,0.0,114.2557129501437,0.7807649968566576
0.775,19.72226977776159,132.00772571248496,321.60447917603153,180.91895476133345,17.355597404429957,33.13341322663923,86.77798702215098,0.0,122.27807262212184,123.85585420434252,0.7010994317369557
0.775,128.62675574371235,95.66797252593548,349.129765590073,60.9591654204893,0.0,21.000286652033967,76.41770976156945,0.0,119.87663630536332,17.500238876695416,0.7785889906580162
0.775,13.827154831862368,100.83705596893888,415.82638799231097,62.39082058278808,121.74641205614292,23.94458519663728,30.015043415502227,0.0,257.99447430179936,23.2700898389846,0.7848004992614096
0.775,112.9932015169603,113.40709602801108,508.26245957079135,229.29755912232855,225.572508522868,204.04999394820788,120.0294082048288,327.39055824144657,290.96784126894784,75.32880101130561,0.7505763623034478
0.775,119.32661207834128,271.7759136303823,459.89580384641147,27.60224122808571,239.5025238867729,112.53221423758018,419.9787165319487,145.2302538462348,71.76582719302321,264.55686592457414,0.7800163289897128
0.775,0.0,221.2735961988681,310.0590516383267,34.04209172290294,98.4460490365002,142.60876262297003,325.23998443367594,57.043505049188425,23.921469859338163,0.0,0.7432506499920859
0.8,0.0,0.0,10.80688392151641,0.0,0.2330026307513713,0.776675435837938,7.955375535654287,0.0,4.615671161551164,0.0776675435837736,0.6996356406518467
0.8,19.823289136354507,12.210543118210884,73.94162221583125,12.738159178874168,8.89409930832609,2.336585411509382,37.91298264481443,14.094886192008484,3.01494891807671,30.601731518478545,0.6539480749407497
0.8,0.0,43.68847851411447,104.43872970237926,0.0,0.0,65.92048533194752,83.75779312765063,0.0,26.497449986371063,61.13801874904117,0.716836795503978
0.8,0.0,81.04794424762792,142.01009361649574,1.2333382820296013,0.0,106.06709225450405,135.31482865690876,0.0,30.83345705072801,0.0,0.818119397966457
0.8,97.98186400050682,80.70431953637966,151.17851406110552,0.0,53.651322283339496,1.591352779590171,80.93165564774952,27.052997253040147,47.740583387717535,0.0,0.5554853576353355
0.8,156.89213767002758,80.14613843824893,178.26444125355883,6.557411326766483,155.6778022391439,147.17745422296596,3.1572721202939915,0.0,108.56158752090148,55.85942982059773,0.7661051061449736
0.8,41.74226179300725,61.23864754063838,292.6957398779081,0.0,0.0,136.2247465699915,60.48878655034439,30.744300602034095,38.24291050497055,125.22678537901947,0.6122088176811413
0.8,0.0,46.74973020932168,363.9611764318879,0.0,0.0,32.487100653934185,66.03069238604655,0.0,119.64761460351684,103.53612566132053,0.6777810314497189
0.8,0.0,76.78009991063001,283.03808048235453,0.0,0.0,0.0,12.46614168290552,55.814316171194726,77.63006411628197,33.148604020455544,0.6758760200245967
0.8,21.783533682487334,86.46387215510418,222.86230613621655,236.26755763313187,98.8637297897502,150.13881676545026,172.92774431020683,50.26969311343232,160.8630179629834,5.362100598765808,0.6726707476771713
0.8,0.0,49.187441999958125,332.738578235002,130.92539708812131,61.48430249994601,168.17765095573466,247.74557183801775,56.78256172053772,61.845974867592425,0.0,0.7794283508112826
0.8,0.0,84.83235929831874,604.9453194622704,192.7259424835564,87.71501228418126,59.7120975643495,235.9657372715317,0.0,286.2062607394683,0.0,0.8117501077791811
0.8250000000000001,0.0,0.0,11.707050233282738,2.856520256920988,0.0,0.758616855116713,1.105145542021865,2.191559803670537,3.493383789611586,0.5338414906376758,0.8039508754921074
0.8250000000000001,0.0,8.74740344399807,81.8139498585677,0.0,0.0,0.0,13.035346308702502,15.265076598348934,12.520793164938004,0.0,0.8185715067912563
0.8250000000000001,0.0,0.0,61.549717649521966,0.0,4.838814280622803,23.903742546276472,44.323538810504616,0.0,42.00090795580602,5.903353422359732,0.8427680870470821
0.8250000000000001,0.0,4.169139454300964,97.69683454578556,30.156775386110688,0.0,45.721562682167374,27.516320398385982,0.0,18.344213598924625,0.0,0.8122422199502585
0.8250000000000001,0.0,46.645297455210304,294.3934339390116,0.0,0.0,108.25229409416552,30.36344834348496,0.0,185.2610398928618,67.76769630285123,0.8182860391249174
0.8250000000000001,0.0,38.822088205509125,267.0564029423512,13.35282014711778,81.35329311854866,139.2155137560583,115.72444127501814,0.0,39.8111859941836,0.0,0.7839049382953681
0.8250000000000001,0.0,182.4616125367126,196.79239837409676,0.0,0.0,28.661571674770585,72.93346363669419,84.44927368459328,110.03996267992456,40.68919550257582,0.8528387046016991
0.8250000000000001,0.0,95.65517094386472,159.42528490644003,0.0,0.0,40.19124829574118,94.04752101203412,3.751183174269421,40.72713160635179,28.401815462323523,0.7683696742742165
0.8250000000000001,0.0,40.81307085721132,276.55850112333644,0.0,50.51687791416949,0.0,38.24441604801467,0.0,154.9755068214373,122.43921257163132,0.7290972393392984
0.8250000000000001,0.0,32.24956829828873,290.2461146845933,0.0,0.0,186.93333836618388,64.49913659657616,0.0,120.72183531129176,0.0,0.7751301451127306
0.8250000000000001,0.0,79.82971309910953,356.0546495747827,50.86494993925512,114.09290854429972,264.9216142669521,203.45979975701889,57.57629750068329,37.442254816395575,42.03422946368845,0.8155591838046619
0.8500000000000001,4.131895877871405,2.536129194003854,14.105437652043763,0.0,0.0,2.4933854435430893,3.1915333677351025,0.0,0.0,4.21738337879287,0.8307699236379601
0.8500000000000001,0.0,7.252568426839705,85.82205971759834,0.0,0.0,49.66910498380837,71.42681026432649,0.0,50.76797898787544,16.592997461404977,0.7391886013261659
0.8500000000000001,0.0,4.414313888657178,52.03539705113762,0.0,0.0,46.88536418103799,24.813794737753312,0.0,67.81991338027478,0.0,0.6715215729350646
0.8500000000000001,0.0,26.27957070129161,124.12903607843968,0.0,0.0,29.91397941529987,35.9247322884672,6.709677625861243,0.0,0.0,0.7412353334819605
0.8500000000000001,53.94686232199521,29.46495291482537,110.4935734305922,16.24905491626356,42.68085091338522,32.28145576697713,17.332325244014463,9.53277888420815,81.24527458131779,0.0,0.7179860514024936
0.8500000000000001,44.4995267398285,95.74898169300126,322.24657285189994,0.0,0.0,101.49892054140533,47.99948951711744,0.0,105.24888065993017,114.24878494438954,0.7669067285683617
0.8500000000000001,0.0,0.0,203.32183344226317,0.0,196.7385611265736,9.621705692161234,171.16508020793296,0.0,136.2230963785035,0.0,0.6939292630600354
0.8500000000000001,0.0,0.0,268.2283953929597,88.0868399071562,0.0,116.65554474190868,174.05747945618086,0.0,0.0,7.671226298219806,0.7702877045398445
0.8500000000000001,41.498303443966,0.0,228.52106288399915,0.0,0.0,137.95381955696584,103.74575860991374,0.0,159.54415310551622,132.90672859756413,0.8082784800995814
0.8500000000000001,0.0,151.79921858690702,245.1907218057048,134.15522123612374,0.0,24.032341219169883,57.19088796460532,0.0,28.59544398230335,84.26529769253085,0.8081029387883395
0.8500000000000001,47.74084586550514,0.0,268.2901056385369,45.0512207463212,0.0,8.741281637345539,0.0,0.0,149.27419411467548,0.0,0.7629871175147199
0.8500000000000001,0.0,142.15505282896524,190.40611514688888,164.79593591660677,73.11891751254768,0.0,177.7866065406619,114.6890635095305,33.40458160471752,196.7158694500032,0.8109797711512089
0.875,0.0,1.3796863117831173,10.2119404880338,0.1017801377545002,1.6737178208515822,4.105132222764398,0.0,3.483142492042515,0.0,1.2779061740285655,0.7591780414892381
0.875,0.0,0.0,10.213574347338977,0.6632191134635704,0.0,0.0,3.469146131963292,2.734503421665155,4.2446023261668415,0.0,0.6442061519066969
0.875,11.438434786553604,0.0,70.60914879050917,0.2473175088985125,0.0,10.201847242061325,29.801759822263875,0.0,8.65611281144597,15.271856174479565,0.7660071097819021
0.875,48.92956939931146,3.851598757380572,133.09413483835925,0.0,12.12540349545613,0.0,50.213435651771,0.0,20.39920823353233,44.93531883610213,0.7041330582807395
0.875,0.0,2.854982560425648,152.10712641377273,0.0,52.81717736786871,56.465210639523626,115.46818355498078,7.771896970046956,61.38212504914566,19.50904749623952,0.8168146734416963
0.875,17.74907249024178,0.0,242.81717226232627,0.0,0.0,0.0,138.04834159076415,0.0,14.051349054774883,112.65730733389104,0.6792198263610595
0.875,42.166003704356,27.850385162753888,207.7066108399716,119.21005985552344,53.618498537636725,15.356754435537036,20.041865958242468,0.0,52.05679469673491,12.753914700699106,0.814675796299871
0.875,0.0,42.52821160382006,235.13985383531428,0.0,155.29656624362656,106.18334123018248,58.71636956914411,115.23773466841564,15.365031289121838,13.993153495450224,0.7619973069064581
0.875,142.88459327688196,0.0,240.5738633365174,0.0,0.0,111.44436843010172,56.14325865496333,0.0,0.0,45.19532321724524,0.769470459507851
0.875,24.906954422758723,216.2652627927279,211.70911259344155,125.14225880702828,0.0,189.2321049436353,135.16578924545442,105.398941276792,75.32834996151223,119.37113522126566,0.7815970529331728
0.875,0.0,120.01855955501046,374.5406772320131,90.35880058451984,0.0,121.7429641463165,92.08320517582588,89.32415782973463,151.05784219854746,130.70986802111577,0.7742302828570464
0.875,0.0,2.240956577552333,505.7092010006685,0.0,115.4092637438738,153.8790183251662,357.05908135645484,104.95146638197028,171.8066709455747,50.42152299489692,0.806100404412528
0.9,0.0,0.0,7.5085858785631645,0.0,0.0,3.0625871245473624,4.531865682741437,0.0,0.629690810654591,0.7823431283890309,0.9328934958558044
0.9,0.0,6.12120967188177,11.26549901229149,3.623261482548222,0.8532595300198381,1.3602688159737268,2.807100192963941,4.488887092713265,0.0,0.3833484845016754,0.8541271437405197
0.9,42.78980448431319,0.747782990988073,75.02756009579552,7.727090906876126,6.065350926902419,0.0,43.78684847229703,6.646959919893311,4.569784944926651,3.572740956942428,0.7746506730522527
0.9,0.0,27.34662878516204,104.66679240615125,49.27945796310858,51.3616885812681,39.97882786866236,65.10441066112041,0.0,35.95318200688779,0.0,0.8533005657215675
0.9,0.0,66.55879942549598,129.15576555185356,0.0,20.99771648542392,0.0,87.35842424596235,0.0,39.61833299136622,0.0,0.8166769104385385
0.9,39.231989417636726,0.0,378.0982980124735,0.0,59.82878386189512,42.41958855781904,0.0,20.35159451039838,47.813987102744754,56.6411847217128,0.8756096508104042
0.9,0.0,74.9921900371729,249.43054512363628,154.33175340983254,13.585541673400709,0.0,27.171083346801417,91.83826171218804,105.69551421905776,68.74284086740684,0.7901426198404511
0.9,0.0,90.27808666511054,247.4489724856925,0.0,43.50751164583605,90.821930560683,73.69084785013456,5.710360903515734,97.8919012031311,43.77943359362228,0.2
0.9,29.15610998252838,17.897810088284892,203.8040955214284,94.10784014162262,62.64233530899384,170.31787019496164,129.326111605665,0.0,214.48504670314716,0.0,0.7462075837299877
0.9,75.43314497713436,107.5452468549502,319.6062969914717,102.69813713754424,42.71515438464191,124.81307522320924,149.35156816757788,0.0,178.4342264720162,39.07982209658643,0.9216214609656732
0.9,76.78804696212528,75.81604636766743,307.8001882448025,45.03602754318718,0.0,0.0,279.9361712036928,57.99603546928413,3.888002377829968,39.85202437274722,0.8029645207942347
0.9,0.0,137.36699031292727,302.354689133814,216.17807858897663,72.18211823413803,171.9849449762372,180.0870194719051,48.24417086057174,67.02625264598665,99.80282674209916,0.7992385286417918
0.925,0.0,0.0,8.015919131546813,0.1165104524934134,6.2682623441456125,5.219668271704891,0.4660418099736538,1.3981254299209611,0.0,5.487642312439763,0.9222610324862429
0.925,0.0,2.0124366074356272,7.049482080484505,0.0,0.0,0.3810530854315743,2.5244766909843017,5.453822285239685,1.8338179736395668,4.84651893033309,0.8354936323854438
0.925,0.0,36.879760174042985,90.58529952563268,0.0,0.0,0.0,24.456074385969973,25.434317361408773,19.760508103864005,4.989039174737786,0.8937794547373227
0.925,115.39868802074191,55.83325914586996,119.1308577497432,0.0,19.407282590810365,24.63232021141316,69.71693053775697,0.0,20.45229011493133,46.72676500710455,0.8558961911295351
0.925,0.0,24.746707858170787,189.29384742257372,2.954830789035129,16.805600112638086,88.46024674674439,66.11433890466428,61.68209272111199,134.07544705247645,0.0,0.8011022025584686
0.925,19.99045247452506,99.20262040483132,312.8505812263168,16.492123291482947,75.96371940319432,63.21980595068483,86.45870695232067,46.72768265920188,177.1653850554786,0.0,0.8768566190245626
0.925,0.0,91.836061919764,286.40860853908333,25.88850410201041,9.537869932319625,0.0,44.14671225816463,44.69173339715506,61.04236756684585,32.156247200391135,0.786039425613288
0.925,0.0,0.0,236.13531158814024,61.064647599306255,0.0,60.50442147454121,36.974924234441495,56.30272553880917,197.75982204178808,0.0,0.871715360556165
0.925,7.388389809745516,111.71245392335274,163.72671818395958,39.01069819545713,0.0,94.86692515713216,78.31693198330247,0.0,161.6579690372327,90.72942686367442,0.7682652868439879
0.925,51.287719079822615,75.54957421339128,321.23924645205705,0.0,53.74461580220844,113.01724922978606,236.4763095297172,116.70259431336692,75.24246212309183,19.65517377909225,0.6706536051478579
0.925,0.0,172.54133754847433,306.25243279151624,61.11542484593635,103.99751852236642,117.16603547812105,276.87651035175725,47.60925360926527,161.0610919973036,174.9049175148896,0.826121487459213
0.925,62.505362933976976,266.6648915703988,361.7174257362662,26.62950373518633,0.0,99.49078478840104,84.32676182808584,132.0379560202932,0.0,1.4794168741756166,0.8595226246580455
0.9500000000000001,0.0,4.048690708058602,14.400732219082618,2.351634722644821,0.0,7.879188503706839,0.0,0.0,4.157787164263785,4.933584186167183,0.756999965802185
0.9500000000000001,0.0,0.0,11.681921451728073,4.056058006589881,0.0,0.4269534743778679,1.1978416920045936,0.0,3.53422598235024,0.0,0.5996263281319643
0.9500000000000001,0.0,0.0,91.45227663018528,0.0,0.0,0.5166795289840975,49.807906594066814,10.746934202869324,41.02435460133763,42.98773681147682,0.6503134556817807
0.9500000000000001,28.6891960018344,20.906488575805067,128.03316726350386,25.02674544840863,0.0,0.0,5.951482149316098,50.66389932238764,62.87206783380711,35.55629078950677,0.6926939002122696
0.9500000000000001,41.14358720310079,25.03698911196469,130.44749741138023,0.0,0.0,0.0,58.20701290361117,0.0,33.32949505987613,4.305724242184645,0.6495813437221375
0.9500000000000001,14.635596474388946,46.63545995228993,137.67383124213117,38.69750932211232,24.061912847723377,57.79820302597512,80.37175013054055,57.30208111158951,31.50374156351538,94.26316373335108,0.6749216206625076
0.9500000000000001,0.0,55.204127804137855,282.85283305585097,0.0,0.0,0.0,116.42058635921958,45.36576839349856,0.0,0.0,0.7543689764892827
0.9500000000000001,0.0,139.58578351207012,186.30546053972296,39.8407061769564,0.0,29.80887368635593,195.4774216739857,0.0,135.28642673038422,21.210160122982803,0.728255502157546
0.9500000000000001,70.02562016147672,77.52836517877805,400.4590152984431,18.756862543252616,0.0,113.47901838667748,139.11339719579024,0.0,0.0,65.33640452566215,0.7667007536039919
0.9500000000000001,39.08954114406889,88.1065848009149,384.69072237019066,7.755861338108682,0.0,161.3219158326606,83.14283354452422,44.05329240045676,188.00207883575416,188.31231328927825,0.7121218922267993
0.9500000000000001,0.0,216.5490490533999,297.66790504928633,0.0,84.60035196137517,14.970432651600586,156.31916885044268,160.84511360557866,190.43782931223444,0.0,0.6833471775309519
0.9500000000000001,0.0,85.72924264184694,531.305180238333,91.49255307155056,43.94524202649198,111.66413957551408,135.7980019998987,162.45331273727982,58.3535181007535,177.58200261525204,0.6767435008733523
0.9750000000000001,2.559202442549651,0.0,7.983352752201217,0.0,1.5966705504402332,0.0,2.5365546333234663,0.0,1.7891769288621373,1.132390461305137,0.6639971565357352
0.9750000000000001,1.7338602341994376,1.8365230112244129,11.806219357870958,2.589383376074145,0.0,1.836523011224361,0.0,0.7414533896247463,3.3878716418238715,0.2737674053998647,0.6578361677965343
0.9750000000000001,19.244375720017576,13.56797712634349,99.95999474714074,4.707257370364107,0.0,0.0,62.163487038041474,0.0,0.0,62.02503829185442,0.7410251383843576
0.9750000000000001,0.0,32.99895595035328,106.9780106855636,72.29073605868076,0.0,37.60346143179792,46.352021846542456,2.6092197728183515,61.3934064192619,0.0,0.6801452528853709
0.9750000000000001,14.20351506261782,12.088097925632068,168.93116851070778,15.26122363111035,56.66295902640032,0.0,0.0,18.736551784729844,66.03123491876559,7.101757531308566,0.7677923478743813
0.9750000000000001,0.0,15.206214821318582,237.9036834948125,13.244122586309372,0.0,50.27861352209956,133.1770104512191,69.6542743428113,48.07125975771447,0.0,0.7568352182932528
0.9750000000000001,0.0,80.9338052225175,318.0698545244928,0.0,0.0,0.0,99.81835977443824,0.0,70.95196924507417,66.09594093172262,0.6923734947121396
0.9750000000000001,0.0,153.58041381855227,178.988938163532,11.292677486658237,0.0,55.898753558957495,122.52555073024084,15.809748481321272,66.62679717128333,7.057923429161397,0.7326911868118273
0.9750000000000001,83.74945974685949,17.043749702870183,335.5855544944329,147.81045000937007,33.49978389874272,0.0,159.5647601492788,189.5382510060504,144.87187247439255,141.3455794324187,0.7103463929033211
0.9750000000000001,0.0,102.20728374744483,374.760040407296,0.0,0.0,145.92426352142553,36.48106588035604,78.69056359316501,154.06466665175245,84.72049183785201,0.7206441672448837
0.9750000000000001,0.0,163.22620943739977,524.0761992870769,61.65602344553845,0.0,144.080391630627,129.1531438490744,56.139431874094655,141.48434853818267,187.56411342905815,0.7774581978423989
0.9750000000000001,0.0,255.1450894945064,253.0070021523724,7.48330569746421,6.7706099167523295,129.35428419902885,191.35881712087817,171.40333526097305,145.38993926502587,117.59480381729983,0.7092561377136692
1.0,2.395188141208884,0.0,7.115375760147948,0.0,0.0,0.0,0.0,0.0,1.1230186156583863,2.4916975534919774,0.6593657632027403
1.0,0.0,0.0,5.634841228123249,0.6291327584797913,0.0,0.0,3.555967765320512,0.0,1.942105471828912,0.0,0.7513962781190606
1.0,0.0,2.7966238364573064,4.054725616543781,0.0,0.0757892638606314,0.7199980066759986,0.0454735583163719,0.0,0.4623145095498447,2.569256044875378,0.6842951858258842
1.0,0.0,5.18738782456674,83.47851888052595,0.0,0.0,12.199967661480656,17.67554369852306,0.0,0.0,58.79039534508855,0.7677838264515061
1.0,0.0,0.0,46.2824093177156,0.0,0.0,0.0,24.305542000183923,0.0,60.54554174896168,0.0,0.7193182338454096
1.0,0.0,0.0,107.80164612389572,0.0,0.0,78.54778061591573,129.6844589054559,0.0,2.533799374706756,0.0,0.7245823428269337
1.0,0.0,147.3866516926099,213.00943377477623,0.0,46.57100663895705,43.131102739488135,163.52773922088343,161.4108752827497,67.47503802803472,37.30972690961896,0.680413349958925
1.0,12.22889027865865,33.842742864193696,212.44141949203728,0.0,0.0,56.878559435619216,62.85080817635898,65.97912894531777,192.8183164867497,2.843927971780961,0.7223461794406095
1.0,83.69054589152886,52.71610897793824,242.4345350736772,46.16382424621639,60.4597182063342,122.11076090934658,98.5821020999844,0.0,188.22927047489603,93.51897298910824,0.7588320717204813
1.0,23.08767697961003,146.32595274914854,221.204905115449,0.0,0.0,73.31897419200392,128.23020592729168,0.0,82.99083887265097,30.263576581379777,0.7386448209277179
1.0,31.97978571649801,47.64335423070142,376.57829302895817,0.0,37.20097522123051,117.80308820056672,194.48930905135137,0.0,122.04530467316393,15.010919826110738,0.6836524270718239
1.0,0.0,195.9779680476476,236.1960554035117,112.13348084813258,62.03128727768957,108.04350586278944,108.38433711156765,0.0,101.90854338477703,0.0,0.6528426139913172
1.0,47.89125008945325,6.081428582788921,243.6372325979254,52.45232152654321,155.07642886108118,309.39267914931634,186.2437503478684,27.36642862254323,152.41580385611232,145.1941074140518,0.6228825085061392
1.0,0.0,248.19136108200155,450.3015899761375,0.0,70.73858011294823,77.61032789534816,186.74985149818255,0.0,0.0,193.2173788227946,0.6944129552537467
