frequency,621.8937056157923,622.0091355017433,622.1245470528587,622.2399402650868,622.3553151343764,622.4706716566761,622.5860098279346,622.7013296441004,622.8166311011222,622.9319141949486,Max_Oxygen_LifeTime
0.2,0.0,51.01764848753072,0.0,37.20555340919849,97.30683199328836,0.0,0.0,32.60152171642164,0.0,47.90681626268019,0.45973694591830416
0.2,0.0,81.91175553293189,0.0,0.0,81.03475600902415,1.052399428688824,61.56536657828444,83.84115448552612,62.266966197409936,84.36735419987053,0.971616363897645
0.2,130.61765973589533,86.22889406955025,0.0,177.7674491039734,171.82062882331553,76.0343450169921,112.14003957813397,234.0498553316356,213.02359791073576,255.9256585069149,0.9117780783164717
0.2,229.0872061758771,505.6089397481696,288.1108510611895,173.83676233345915,212.91634456346105,360.34069959664254,246.06661086891225,351.4467257098128,236.63360826166783,317.2184019635362,0.9391676774955388
0.2,62.97668244752997,19.15540757779123,0.0,155.60488621410207,323.0179003871145,132.5134359833413,2.36162559178277,149.04481512581717,0.0,306.7489240881694,0.8415457954533347
0.2,227.72310220565817,201.4693109739284,108.15420518288607,11.129324543885694,105.87126681491044,116.42985676680124,194.0497612780046,187.77168076606677,179.78139647815,164.3715624943075,0.8653322467273351
0.2,329.86407935625084,283.55078454692034,72.46297827310129,316.001596556178,111.21491882784794,245.4289568467232,225.58040192843933,245.11390041944745,145.5560694007521,394.7657033747662,0.7316352996703497
0.2,208.22233004361772,342.52573292174964,27.762977339147795,267.9127313227841,337.6672118873969,242.92605171755017,203.71084622600367,412.97428791983737,165.18971516793448,266.5245824558272,0.6677301296999959
0.2,386.32969973253256,500.385287029315,228.87922568647093,319.5092546495699,402.0747471371375,283.41085328291103,201.22938634179653,456.6063747335776,255.76101393823663,430.1086120282649,0.7000370427067865
0.2,334.05392662899993,630.1471797774302,80.98277009187687,165.33982227091693,453.8409407232351,502.3462457261829,321.8221540630386,340.8024908033206,307.0596699317057,502.7680309870772,0.6751327152436368
0.2,210.194518076834,538.2807441184975,132.9708799138226,255.43203392380065,290.15982386693184,344.9931764087122,420.3890361536648,533.2543534688322,350.4765116628915,370.1251296570298,0.5234310677705861
0.2,639.4406318317441,723.7398791150283,128.50495012695694,261.63607845848526,402.47750379763255,403.50554339864607,620.9359190134621,575.1881567682622,311.4959991077429,874.8617004643284,0.6944522570889506
0.2,747.0400708432813,340.3182544952738,376.8402135142781,644.1145499715395,633.0472896627505,417.7890766567965,527.3549537138133,577.1576251033637,431.6231520427846,790.2023860475568,0.6630253734709786
0.2,734.6481677092847,889.8809500753752,438.02118435082497,714.7928118252463,770.1471373201306,561.9667392632845,519.8493176910912,793.6125579103539,583.6271275004133,872.4323039954612,0.79822163316433
0.2,558.5078356982934,1004.529315729013,544.7740364598083,1057.502541363157,555.891873938579,779.5566043938696,851.4955527859231,999.2973922095886,927.3584438175352,975.0997459322634,0.7036243975064377
0.2,619.1587061395721,1165.7769248142722,460.88855167075815,637.4770110549409,768.6360742490058,932.0353540941232,1073.452668040795,908.587923802446,883.6750291175421,951.0863912061104,0.7339582087744879
0.2,806.1960748239292,1180.849694273357,869.5864919975805,957.3578388534116,1425.4716887511772,732.2405881213298,770.4373779567412,1171.0973224004797,1142.6529044379456,1295.440063779575,0.7500676178642665
0.2,1337.8954313638508,1777.4896445262557,891.0201546293944,1344.266361989386,1120.3736571489055,1175.8917668857753,1137.6661831325275,1140.39658197204,731.7468889908374,1556.327338525288,0.6612667032813783
0.2,1607.742460508477,1995.8548931047656,1216.4400627127588,1560.9563042502898,1994.79157137162,1805.520302872609,828.3276301164705,1743.8476423504565,1957.5753107117,1631.1355386375633,0.5525249130712094
0.2,2423.286295866013,2064.8253738923718,1125.1375942075,1674.7022884636328,1503.952764116565,1856.7597283303735,1702.9720772628193,1639.647750352641,988.3118164194508,2577.073946933567,0.5601010204217014
0.225,155.02141726013923,315.1692041386684,150.1001024264831,108.88409069462126,338.54544959853087,242.16970077278245,174.2965670252892,198.28797683935733,177.3723887963229,260.4195766142536,0.8247662403650454
0.225,256.24366116106546,240.8640803362967,282.53778321631273,274.84799280392923,114.85074067528772,254.2591991191589,99.22310209528128,219.0349978753329,186.2913741838905,172.64819764578894,0.7810588398643363
0.225,168.79178810604657,367.92816733227886,210.78653474558996,211.59933629345224,267.9535769452306,251.42661213869903,341.1057162528257,282.5840048067489,138.44719698585723,291.79575568251954,0.8336496532846075
0.225,229.0872061758771,505.6089397481696,288.1108510611895,173.83676233345915,212.91634456346105,360.34069959664254,246.06661086891225,351.4467257098128,236.63360826166783,317.2184019635362,0.8326921862102807
0.225,366.9670822198492,344.85693165932264,77.69261238629385,409.9590416430935,373.108790708884,225.4007015475889,403.2031623051564,241.36914361907847,227.55029951875096,468.3052722889272,0.6972630871582721
0.225,277.3517686742224,649.3448991709259,273.40837859828486,130.7891041852361,444.2886152222112,375.6079047329805,106.14291621063308,400.2540927075834,401.8971719058914,389.7383858384203,0.8245197440059927
0.225,421.3767016764602,324.50849439451656,190.27683573239176,348.0336304487014,422.0686174427584,301.3293162234785,417.5711649618133,296.1399479762305,332.4655257069597,324.8544522776633,0.8684417707442
0.225,267.83707492418347,559.8203493907695,140.79091733185075,466.57887115780034,679.4369071238993,317.24391398786634,84.32595840192923,454.69151138307865,230.31759563521976,313.9005940512279,0.7852449718092277
0.225,470.765553626422,396.6898044315504,249.7526625859857,376.8553142099728,673.1583109894565,377.260099724698,411.262082961689,741.1622774634359,329.4954089870215,529.4594532617018,0.7001181046785798
0.225,492.6655351740024,650.0695057981873,365.94199950198896,321.9222450053955,707.8732238240189,181.85938978896007,438.8636130114982,296.57753787099097,313.47400929392734,790.5770049994359,0.8729390368811302
0.225,663.1322196873568,456.02215680505935,541.5263112060082,484.04851852537024,689.2584890876475,552.9268651261336,403.7696180044815,757.186789528399,520.6252956857744,858.3667055695215,0.9409197834843136
0.225,410.3934341258874,981.919741371082,395.2709314706729,175.2124445569196,459.93266696191824,601.2498469468172,565.7901855483918,518.8582807563574,446.896026741908,999.649572070293,0.8786739544765398
0.225,588.7527267482254,825.7102942215829,582.5907096271665,812.8260766048245,682.3033503133536,585.9518098750161,488.4799026873943,599.9563942410514,583.7110763764509,811.1455264808997,0.7488796733202973
0.25,205.16927538972635,214.9012550155214,118.538702655184,201.02121850004184,175.81379586273516,270.4214010774377,162.41238129606634,330.08960402903745,246.4903036369562,255.58412066433863,0.8907084191471129
0.25,223.92534170036592,272.3102469943093,61.35205991271948,107.0274105101999,241.92452646971208,177.6693722393568,180.18538731464184,269.2136130554956,161.41204406059163,245.9888585144027,0.9102083319707164
0.25,225.1632997302978,258.60805764002765,215.27118823587023,208.67644723958463,237.64620233040816,377.548922037308,173.5830040807838,389.5607717091117,263.55411338724065,305.0067710781745,0.9443221441693939
0.25,238.7172448193179,574.3888042194785,212.5133760136839,210.67910519728983,281.1675122844428,414.2831658170591,366.8541632788635,262.5627654324427,14.41212784309685,318.6390446764988,0.843301338754155
0.25,201.304750170884,400.5553702379818,206.58679900918608,280.8289299031118,341.5724915435965,293.4471576835022,226.24775857398183,478.9057613394761,284.64374295299746,369.7434186812122,0.8709211639441403
0.25,220.8006399436709,321.4733792746296,269.28413710612506,285.0335533818262,341.8549768078911,316.2235738493938,268.0488887707764,558.641059661675,356.36914474824346,502.4372604032855,0.8162583665516217
0.25,210.788177326585,450.8890855626455,221.65694271998456,322.7693965313308,294.11537867599736,246.35868225044385,304.65478754232925,550.0254002115523,324.7455356937657,510.5026169628193,0.8839646218926953
0.25,343.1264400437197,481.24937141725127,169.3823316317511,285.6963791041994,453.6247851425454,288.96771168936016,387.8346520409429,617.1914144006739,410.7339801370781,579.0258675737771,0.8620823431292292
0.25,186.5783659341815,854.599028934426,160.8702821102631,259.4179367686078,539.4802438806629,453.3971147127024,428.078547310363,326.02524485784465,485.3374612818104,508.7084465762788,0.920458161603352
0.25,596.6376973699766,618.9852577661661,257.20777059765715,366.8373121638709,577.6633536373619,591.1562202916658,294.7348059799407,497.12780579448673,367.68061632976594,672.1134202174843,0.8298172285604452
0.25,510.6465451933865,816.7682794969774,283.9389999337661,356.2547139793982,623.7784904794943,531.4983155010184,409.4932764669807,699.1997873368986,461.844529579766,665.0383764073688,0.8914172453042928
0.25,524.2296770884458,545.2753940518493,663.4183960964153,791.1276331243467,745.6880169533625,699.2917772840372,390.7806990704939,739.4699642141715,588.3234514769937,585.4535809819834,0.8738477512417712
0.25,937.7138802661595,1026.0118282427668,705.8672215439648,858.7104531291968,498.2895894586132,425.99887181695135,575.7439297889721,776.0924901101513,540.1149332370056,750.7907389355685,0.9391192474088602
0.25,316.57834201940113,797.9957517799381,543.6414287091787,700.8389502636368,757.0588972084636,774.5252884922934,778.8918863132527,1051.804250123079,797.449927052316,837.8409568961721,0.9311141893419929
0.25,1148.2087719601043,1258.1372288231987,693.3948817518136,951.907956133154,1337.2615576642122,718.1589846715234,1023.1802523410933,872.179624781897,783.9952582873306,1312.4974547445065,0.8825515117549522
0.25,631.9511709247481,1122.8304137945795,384.27737868353097,450.0258338403507,1108.1487199246108,1083.8920083133562,1060.9119657342742,1069.8486489594716,800.4714831713454,1085.807011861613,0.9153880401320287
0.25,1121.9152215663598,1463.047149748722,879.302730403262,603.1802266485773,1008.6513790067912,860.5371233519752,1101.809214011408,1380.6125187734142,951.6843576010916,1127.9470238328424,0.8366406301068983
0.25,1063.7148875033836,1234.4171439860174,933.924742078564,871.1458130415615,1246.4086248133092,1010.8112956182632,648.950727124079,1465.0768046051153,1049.607263000682,1181.5135521009015,0.7023520808996986
0.25,735.4399261851089,1490.4714897481,839.4263091907895,931.356299963927,1354.0835526174562,1378.1963370825429,1079.8006293271142,1403.062646062162,1228.9984832048235,1454.30231305047,0.755610973873429
0.275,156.80874354697622,306.01361483143603,131.96942748942604,205.473526027071,236.5649148337987,175.05803697701106,156.30181872947512,218.1466464645949,116.4237330860622,272.55657687636955,0.7349682530279553
0.275,277.9750229286523,350.18698460458194,127.39667102486476,260.9477706016565,405.9871368087098,267.7176420087749,123.4988662753128,244.3308135114563,209.25057076547915,229.5601849868342,0.7725901930008846
0.275,179.98618594061338,328.834525820728,183.5245775383965,321.2859570787868,316.80399438826163,314.209173883219,385.6846841584568,384.0334347461562,242.261878061611,380.02325760200137,0.7802447031227839
0.275,347.6712312954133,277.4453666726224,147.63391994564145,337.562962902738,459.6602048037284,242.06642729826055,166.25441435320107,224.50996114256105,396.6165308809936,302.7160376543071,0.7744336608163489
0.275,251.9949891814788,382.4817056697503,346.2686490296564,466.8790773433571,437.8487757393142,279.5288834863433,422.2861398278706,647.6450790839896,444.4329678556954,444.13368639585855,0.8173128926325012
0.275,301.7476601317275,573.3526209516751,183.7421989962584,181.81819691252755,565.3359456027976,328.0423552760415,491.2618653791762,235.0489212290686,341.5103698621551,431.6178007835296,0.7840962965634557
0.275,269.8575238801088,512.4183199925734,189.34945337554203,336.54446640105505,488.2313460212434,490.9955716179657,448.15007486875726,450.5687722658875,482.7028948277967,322.0322820182576,0.80167380927598
0.275,292.7593825242302,527.1829471285041,376.3020353478733,483.2510348677936,553.8301725981129,473.8884961892818,310.76426459829287,736.0395791876083,402.2290655345187,482.5308395848326,0.7916037598162216
0.275,714.4566159987515,726.6695496055657,301.8884525934878,459.5116269564597,434.3224513924016,453.4051601530513,612.5549512168773,813.6867015541301,304.9416859951907,478.5943357171095,0.766825166377979
0.275,510.7514405030023,958.0789767988064,409.1051834292135,406.16500243947627,635.9191454946923,785.0283242599594,375.5031149750698,610.2975682984056,724.9646268981743,470.00893250235055,0.8298172285604452
0.275,456.1306084907363,496.32602609719936,371.807612859783,435.59599297438905,534.7738168512052,440.40196681863904,561.4251263511438,641.3790548509542,373.1183329991245,550.9393652364123,0.8419934897076728
0.275,552.9877851538323,659.42058062277,534.4777337679275,406.7583792052024,735.3117913049692,549.7485261612967,633.506508682507,583.9921212252173,592.7843956335183,671.9148653082533,0.7573560230931569
0.275,826.0008344641108,525.9052364753643,722.6892351565064,717.7696351894779,798.4510746487474,466.870036871016,587.4002360632218,806.8143945926954,594.7796360137595,766.9656348597626,0.8159663184531726
0.275,544.9974101974806,826.3367221410266,276.6589906727653,647.9644781546366,838.297543166353,397.8273080162886,607.9217295046326,881.4605059968775,470.6323055617545,640.1639427033352,0.8465959102028908
0.275,814.8949392144305,903.9976384503328,836.3247023217973,555.4820173883811,1166.2302659484023,585.9348386462233,769.2157073276727,1022.9892178096704,791.7733527038461,1034.831981632166,0.8661823154686811
0.275,442.8615126286225,1238.4604295207366,1013.4485828078124,595.6547029694897,724.5739573196005,716.814928122603,883.3356316581659,1098.2010555750132,1043.2910027962628,992.558888815895,0.8753687785904483
0.275,543.5994627111339,852.1794329427983,310.4501518694324,948.1820903482052,1196.9162481713054,1117.7452255058065,988.0792986205838,877.1151881130329,889.5830656981503,811.0354369119103,0.8164756490907241
0.275,1098.602633703328,1267.8202334021107,682.1174561501249,1182.5555513833435,1156.3202646083396,1055.9702926939444,1008.74677649894,1058.593821371444,926.761505327046,926.1056231576722,0.8361569321063043
0.275,1395.7235224836193,1414.8333273046414,709.1860900246388,959.02909379579,1225.8585907411875,1285.3113168510392,908.7773848219916,1254.169412698258,409.09137727967936,1278.941381910697,0.7819711433974208
0.275,1232.4988381969067,1565.6863231640075,538.1125310309457,1048.2137248301417,1309.161445357476,1025.36237077266,1241.344523638508,1244.2930854523752,1183.847568268077,1183.110427814607,0.8320106428086772
0.275,1235.237491451922,1805.04811526203,628.1132115123651,1246.120641156343,1141.1759832922726,1368.1673914130783,987.2571517583036,1718.7602854626766,747.8278582610095,1511.2030732426267,0.8289673586522995
0.275,1445.21484521316,1523.115252366703,800.9135610473804,1283.733792884451,1187.169746517038,1020.8199187412426,1554.7622927728314,1521.492327217669,1351.8966491438048,1308.0776701199386,0.8365105221819555
0.275,1496.83677145906,1260.449208349503,983.9525641347165,1266.422901280063,1090.6256521805433,1666.6603276280134,1211.8062802006075,1882.566657832768,1025.7684146486754,1672.634020558579,0.773445122916722
0.30000000000000004,182.11487328140507,247.56690119849665,118.3890526939934,115.94359231027804,174.9223427410645,153.0570498984318,226.13316018828445,236.6342547771793,229.87327606926024,252.02627013350693,0.7407217240849905
0.30000000000000004,241.39366888453043,351.7940909099186,65.40128627756125,331.5826146841989,218.51275240258403,226.90242177929696,256.26626459779425,329.2945230360052,306.4136065540588,261.4144708062318,0.867026873689901
0.30000000000000004,285.0453228047748,371.3887132688497,190.40399611428285,219.3346386334136,353.2229609893932,339.31831109647726,227.40830631317277,254.54480045902324,309.7148629373666,367.5761479756296,0.8479892845776956
0.30000000000000004,357.7576272381176,150.31406339600173,151.07579006861502,290.2178622662643,345.0621826945369,287.17095557580603,261.0183398160295,403.2073187041372,420.7270321742791,336.4292804049006,0.8758760872989872
0.30000000000000004,313.9569928289212,424.5052297405143,207.24109479693004,376.1588007978429,562.4694294061795,267.9689262736982,351.98558632651014,336.6562308081004,447.20446771969154,558.6370905265776,0.797632544766235
0.30000000000000004,528.1550398415424,500.9705892614643,419.4172375212237,355.3396040110375,468.2845236830329,438.5110778096128,445.6308148663009,623.6242412834877,250.48529463073103,528.4786642532093,0.7840962965634557
0.30000000000000004,458.7028087909848,600.4898003482556,451.63029852328106,366.0866029044034,713.9867508347181,304.4547277144273,338.8069204432672,523.3657598099768,403.8066576654824,611.9405312578682,0.8105519957228438
0.30000000000000004,510.56778352508377,659.1165998524258,261.8860613770904,673.0545134831377,505.79954991457646,386.2269224510858,407.1337928971576,618.0364333618999,500.29774190245166,563.3851404414694,0.77806321886658
0.30000000000000004,388.0072672211687,594.4271333828283,95.0617804691864,561.0585084018061,782.6106579850914,401.5875215739077,406.631616047783,506.7374909908421,553.298363057383,848.1838861454697,0.6703456165782044
0.30000000000000004,520.5840900488937,671.4421874027275,357.7727554730315,360.6580196300717,568.3970389369936,418.7754833647461,590.2426104117288,477.3051276932824,516.4622841102617,540.7809391481751,0.7814791732500574
0.30000000000000004,505.7544355134357,785.0451982755638,572.4378114287316,461.1545152583967,845.6664491076515,541.2611681436568,840.0373329589573,529.1369179772375,668.1327859565291,837.4392793518673,0.804430205528871
0.30000000000000004,679.7409414679673,769.8159022909077,410.4446668426801,658.3829610666485,383.0507354583836,616.5956081075536,434.124166852836,799.0670493622744,1040.0407847597285,1062.7916769263477,0.8523502692667881
0.30000000000000004,707.8189236062766,974.4390552544368,757.8414623770364,896.4038947720442,1019.4593401481206,657.2961594478069,746.8365038474712,1008.454381618552,755.8405608262068,780.35160482388,0.8192687141174579
0.30000000000000004,746.24217386385,905.8937086449332,556.7203519301721,544.8752380593174,920.8288522212254,620.0659608916976,460.9294310615201,971.299337410085,731.8220352384567,637.0611242716194,0.7077329333746215
0.30000000000000004,617.0088704142864,1053.2275072932036,274.779039960481,1003.468727421078,1046.5930033102493,854.7452631366355,765.7323346987329,921.6431782980376,621.4318730695843,1179.2830829692346,0.7396000724320938
0.30000000000000004,725.1355488207516,1084.7981327310445,557.2155379159432,1199.843676534335,1065.0428373304767,664.126548319006,837.8569402239766,1287.5804296368456,960.4559793274834,1046.4496181299437,0.8241658209092182
0.30000000000000004,993.7797253671346,1406.787014546725,758.9085195559925,737.5565917549825,1104.8097499323983,747.9275281154736,867.4983238011457,1226.820765938185,868.1083788811734,851.636891720393,0.8088869096929134
0.30000000000000004,1002.3086156943832,1563.3695438883474,693.7573130481011,578.453172810768,1476.4083208043196,1002.3086156943832,1006.8177161505912,941.7578381395796,494.7127357668915,969.456598084861,0.7500953902929088
0.30000000000000004,812.0368505338361,1025.9825864068052,797.6826637819727,933.7056715734112,1486.0000951688155,1028.0331845142143,921.402082928966,1432.001011673721,1354.0782835921905,1222.840004718038,0.8399572348441947
0.30000000000000004,1291.637495398819,1561.414412720345,566.0306143271257,971.0537846294712,1300.9401477202512,1062.6491305635698,1038.3191167998266,1616.5147380088238,1517.0479170335104,1409.7096210169918,0.7962337857581046
0.30000000000000004,1205.5263205023011,1285.199770961689,1354.448657809565,1119.895976550625,1329.131860467327,976.9305327356496,1235.3107879637578,1140.7451037736391,1186.1664166523565,1153.4035024447555,0.8213576247342389
0.30000000000000004,1387.0933262758776,1799.302981429051,484.3071613776765,1411.3870511993512,1362.0159328064822,989.7733734951584,1260.139021837071,1315.7794885972862,1506.994613801416,1449.0031414034445,0.7957711616736298
0.30000000000000004,1493.666228576281,1929.7256504264328,868.8646689103838,999.8452042049256,1580.715404206812,1108.0465159699795,988.4555924401844,1510.750646223387,1343.9741882396556,1515.6319084082782,0.8035843122847343
0.30000000000000004,1421.6953343546256,2067.0588527980244,1394.1230612034988,1591.4371409412015,1226.9661552248351,1253.6767948399856,1277.8025338472182,1322.6074777177832,1499.2423525921424,1493.2109178403357,0.7433503506397324
0.30000000000000004,1445.361882757613,1802.5910206578808,1183.1502137617608,1535.8112041185498,1341.208118766229,1743.2051025926175,1114.6280006095403,1408.8167024097547,1660.9784468099435,1439.8801057054343,0.7786844305942255
0.30000000000000004,1514.3785718714962,1765.0343354916083,1154.535638492625,1845.737895748077,1972.0152312082105,1597.930493078194,1604.5766686287327,2049.8704305144497,1998.59993341034,1910.3007439532585,0.8174794864497246
0.30000000000000004,1514.9051500943992,2163.587732233585,1283.5843506972674,1471.594021696635,1777.724951962625,1712.758259365985,1951.9538093808887,2225.601393348552,1869.2689278942528,2034.6386908675183,0.8171196267616777
0.325,227.55732424620345,292.8440409738038,107.07652332860108,176.77876679140203,284.959171803803,210.9990989892022,215.7300204912032,309.24456884740323,216.99159955840165,331.0068077566034,0.6904838691894314
0.325,266.14728323964465,352.4020523003953,182.2334578068476,249.04038749690704,286.85563071769536,289.7367921059461,188.3559257568796,361.405681638678,174.85048174945496,331.3335596488128,0.7902560967884147
0.325,280.30984530947666,403.0585930760112,302.0424104878138,254.5527310240403,346.9161330319726,246.1011778991312,266.4251508899837,359.7946901746902,354.36154888010617,350.94068213907195,0.7698843571903901
0.325,410.1421870835986,369.3678176074512,218.2628013134928,330.27239275679204,326.9145035058157,472.982685923308,328.3535988990917,331.4716389178543,238.6499860515665,380.16103305701847,0.8540364758011214
0.325,372.3872943905891,519.5759482999138,323.81503860051095,299.3817220515639,475.7137294349342,493.3763679040524,402.4137797880909,499.2639140604251,377.9804632391418,537.2385867690319,0.911080856110562
0.325,603.7717510627114,622.5687245257486,326.6784353576004,591.4564925869279,557.4274889038445,407.05170119955073,262.8335427331509,585.6229490983982,461.17402134312175,510.11096949688925,0.8393893428768292
0.325,394.5029803629455,580.4676005340357,307.791153616503,638.5143605874357,452.19142708268566,642.8141205913923,390.5615336926535,521.3459004796417,531.3786738222041,646.397253928022,0.853862127489083
0.325,570.6040503645667,693.4975668446746,493.08660150788165,500.6492794451189,688.2036922886065,519.5559742882118,519.5559742882143,518.421572597626,676.4815414858872,594.8046197637251,0.7881536447098433
0.325,521.4391986547125,557.5544427638739,420.8034622606504,438.6581896854048,755.1738122151137,752.3332873975397,387.93453222872097,726.7685640393688,625.7270383856539,596.5102116906038,0.8422857745123126
0.325,222.71177373479165,648.7324015229294,592.6326554874577,581.2439852396567,607.3957465494238,643.6707703016805,631.0166922485707,733.5147244787829,396.916248265978,755.0266571690763,0.8507270960130764
0.325,632.6388602998503,858.7428132304627,430.50192637988215,622.6902863709025,815.7830621736437,712.2274517314232,578.3739115965055,937.426988850312,624.0469100884865,955.5153050847604,0.7855066817485893
0.325,566.5614065239041,1071.5716593878112,501.1330148380787,833.1215207994761,811.7967116574316,699.8414636616885,493.37853878642846,665.9156309357076,616.4808461064194,1022.13687455852,0.7770964449164884
0.325,611.8285759015145,850.4922848482198,427.7743596798995,540.0272058370373,865.661588382964,574.4109605157972,628.5148097897372,765.0385416024666,784.7586361976396,759.982107090884,0.7981384129485255
0.325,843.5443174748677,1308.7584586637486,852.8925921796082,731.3650210179725,667.026895108875,739.0636001865854,596.0899870552532,1012.3631606722475,926.0290942814036,1073.401895509087,0.786338007417429
0.325,1074.669609741595,1265.5375713173207,278.0033353385581,767.0283921707783,694.7119595240713,804.3721237834195,874.3175258515429,1352.0801874355052,863.055130603285,863.6478882479288,0.8731201779845464
0.325,1244.462006457852,1288.3393076564168,1030.1627237923924,909.3411697673585,1266.082705599168,861.0125481573457,919.5156164221028,1377.3657158853816,878.181926887218,1404.7095412699985,0.8598952948851466
0.325,1115.5060372296005,1204.269581759747,963.8131141146484,1142.0026176863596,1111.5315501610858,984.3479639686356,1051.9142441333777,1514.9419876152544,898.8964919955857,1247.988939513401,0.7899872613901785
0.325,1397.3417299755254,1242.777771801849,1093.7836859947895,728.2608119354235,1450.95175150423,1398.7341980671772,975.4238982041412,1741.2813486142404,958.7142811042816,1511.5241134912085,0.9136288311130605
0.325,1373.3580657377772,1580.9931944670336,735.6215989264953,868.3597705069843,1457.153671260652,1181.2955716632175,949.930713936336,1405.2448890783403,1247.2938804378728,1305.1350948695942,0.8563762312848724
0.325,841.2054917435353,1843.1608269927929,679.67530919167,1447.5289305976412,1501.3723247815965,1067.503815125374,1336.720786045155,1912.611002099628,1520.8808009352,1331.2584127221403,1.0
0.325,985.7517514481189,1826.5155022605893,1279.8940745767588,1430.7149258126967,1851.5134334046656,1234.8977985174222,1176.569292514577,1854.0132265190684,1453.213063842365,1651.5299842520424,0.8517081958335102
0.325,1535.0340839183218,1628.0664526406422,588.0347834335447,1849.237744320126,1349.8470103295442,1679.848620137029,1847.482416608388,2030.0364986295403,1715.8328382277357,2595.252021810445,0.8584751997628941
0.35000000000000003,249.1543123106353,296.7220405650623,139.350393344468,196.3478474643105,283.1013254261291,396.0484863474354,255.23124675723636,372.7884958794098,344.9184172105171,323.33482245189947,0.8523549816245227
0.35000000000000003,371.058482312032,483.0583793193408,232.7056683618256,292.47031928589314,354.8232031239962,322.8232325504785,397.1761053536511,345.17615317168514,206.11745751765264,578.5877032373385,0.7463067162827757
0.35000000000000003,451.33845405084975,550.1428441670595,136.2183191735492,460.2967187547189,424.99061668652615,389.9479929919761,359.9114583966495,564.1071979701502,391.52886323383575,457.1349782709996,0.6192042971891081
0.35000000000000003,384.268402197513,418.4879241450303,150.6219941460328,387.07328104567006,514.4147807519981,305.7317944491152,290.8659365538851,520.0245384483121,348.3659529411032,497.30501977824144,0.5540864987958815
0.35000000000000003,480.0398046901472,480.9773824336828,410.3465257540107,407.8463184379171,420.65988093290247,523.4809068072885,560.0464388051714,488.7905302964769,697.8703671048802,370.968260525523,0.7302500020489329
0.35000000000000003,455.46000648704495,593.6480895558876,295.8346312953483,434.35251885839017,566.2743165374758,548.7946783449974,462.0560963709989,532.9640626235063,605.8508558412002,533.6236716119004,0.6804298684094228
0.35000000000000003,704.246893166157,521.5102547128998,253.473401725485,512.4947848840862,504.51956157398206,363.39278386909547,447.3060030449746,562.0798689425586,378.64973281016336,691.0704372625057,0.8338688810904584
0.35000000000000003,444.0762677626484,757.5852607844497,459.9361344684544,721.4395180595803,463.6244755628285,376.5796257355987,636.607672888978,677.5482590365289,566.1603579864301,695.6211303989622,0.7947853517880402
0.35000000000000003,600.3539710909147,677.1115564358723,473.4689830716996,518.5053214118528,705.3082204401397,500.0991657423971,424.12482106422846,721.756274442631,532.6036534139878,612.4942014260854,0.872504444314464
0.35000000000000003,710.3560540039146,972.969996138615,270.153098368234,599.3629205657999,695.2777415368474,495.49010134824846,464.4957923881736,848.5739182853343,676.8486929659924,874.1232810767469,0.8146116015808736
0.35000000000000003,520.1672226215014,570.0462713660282,618.5892741620407,457.3730630413346,627.9415958016383,581.6253362531479,487.6567712076555,588.3055659957198,815.4333772431193,753.9752636114698,0.8459107878036762
0.35000000000000003,612.2026265044004,1000.0903843911706,465.8479361056905,846.561444463114,887.215525129422,893.911491356813,725.077485766149,952.2620541955127,553.3737803637418,757.1224669972371,0.8494062754673287
0.35000000000000003,738.8689281724307,944.3717510823808,585.133991949713,666.7076315780928,659.9098282757279,777.5641162012749,722.1358738896856,881.6227975220885,666.1847236317547,944.8946590287156,0.794213019500791
0.35000000000000003,729.8622892752472,1280.4215594821237,908.0652898217284,1091.2183737167204,1052.167716189562,982.316540049428,822.8138543751107,1153.919429464557,821.7138358532138,1173.7197628586105,0.9166130334041646
0.35000000000000003,1630.6141956583858,1174.3131688521687,825.1597515793951,1025.9075717397534,982.8022115826222,1021.5970357240408,730.943750093094,1017.286499708328,1121.9709458042178,900.9020272840688,0.8443615931248561
0.35000000000000003,1238.386080202759,1553.8429994972385,873.3669273036205,807.7304557731334,1141.9406526477535,1533.7502020899474,1352.245265510743,1244.4139194249392,697.8898299466046,1321.4363094862283,0.5672028010280062
0.35000000000000003,804.4253243775763,1594.5115164133024,802.2744545262942,955.7031705840474,1361.500615858297,1219.5432056740212,1018.7953528881762,1661.1884818028857,786.501408950262,1383.0093143710656,0.5053471891170971
0.35000000000000003,1016.9471844720612,1551.575242874542,730.0173056459751,1378.4942167730123,1301.5693162834496,1566.9602229724494,900.7905847328173,2000.047412728705,1303.8770632981368,1273.1071031023116,0.582362436670972
0.35000000000000003,1559.4796282366203,2165.846142827494,763.0185314227667,1583.2414510144906,2391.143425462129,1718.7718475993886,1393.1468687915162,2221.29039597586,1731.0927927434686,1819.979611282916,0.6153543183338227
0.35000000000000003,1941.6840642793195,1602.765051596729,1357.5694530358537,1983.3389150000824,1722.9960979952973,1879.2017881981656,975.1021873270148,2041.0876853175032,2132.917697133739,1878.2550870454231,0.6006659417228113
0.35000000000000003,1476.079542393107,2851.222027384924,1666.9605123301958,1348.1593112310711,1889.8215400577933,2126.6738430687365,1512.057107407428,2254.5940742307657,2238.604045335511,1880.827148804212,0.6004280235961192
0.35000000000000003,1827.3682463793325,2369.902307580367,1474.7756874901272,2292.3974416944952,2321.871123087716,2017.3097486911615,2167.953009145371,2448.4987912956,2010.7600417148903,2501.9880649351385,0.5690224900158267
0.375,309.52923755008294,486.3367930322151,139.2185476237254,323.6831232251607,372.8736767188776,214.16453242783007,300.48003195454066,337.3729470748271,386.56350056854393,404.1978499342155,0.45973694591830416
0.375,336.0584399623836,549.9614719509203,230.94187644840807,333.96135141347366,452.18471835811897,414.174988409176,267.9030621228978,531.0876750107534,337.369120305448,396.3497357434642,0.5843958185975948
0.375,396.4217837076607,528.939922832791,239.268862309266,146.67605997183378,422.1891996486571,324.49954580641304,249.4625653188916,325.6321794741469,368.389100431189,632.0095865967821,0.5565096326650063
0.375,537.8495230200219,578.8105294597432,252.38281660166132,433.2414142662729,696.0220248103268,334.93499881094425,572.5088361613249,424.1039589835657,235.6833293608526,488.3812306274363,0.45284481909635943
0.375,186.51957959944755,467.8058396776105,212.6390180352773,457.75990181767423,543.1503736271166,546.4990195804279,292.3367917240905,603.09113619139,509.6639140940009,610.4581572886757,0.5545697635220345
0.375,596.8021611140415,608.110759521458,444.683272859422,344.3650611807171,562.8763658917871,660.2762295943829,356.0384530851488,583.669595221554,385.58672634323824,496.4839494353342,0.47333689335885143
0.375,612.6134073152481,820.2212842387468,402.3584354218638,605.4284352541403,785.8090496302973,682.9505022292188,500.300949307452,508.62039064136087,471.18290463876303,723.7913960502354,0.6010148331222689
0.375,370.03496508782814,940.8380497125256,643.4660232855286,743.8500830539633,960.5788480770286,671.6071613796101,711.5087750950968,627.5053777993329,693.8680616629864,806.0125970528261,0.45973694591830416
0.375,523.255014107807,634.2219198657937,266.23285294504456,613.6075144483004,658.3451602479618,563.1680118310352,703.0828060476231,1085.9844215682551,653.9591165421099,720.1883765004351,0.5700746016935583
0.375,711.6972672975387,998.2677284153476,556.1169344464474,780.2661070039419,1096.6285467528132,837.0127329678662,860.1842719031351,991.6472887195544,973.6775238309808,847.8891696109515,0.5375525654655853
0.375,936.8158877243196,1214.619610607973,731.5498035936196,963.5673573353348,743.3821843831084,876.1106297608511,829.2955579415716,903.8910020492184,643.57862468046,1048.45182821645,0.5236081754723285
0.375,1062.655550647099,1231.6156100802527,686.1625564761158,808.4005415965656,1021.9095556069492,787.2126241756876,974.1009214265066,1254.976647236601,764.3948669532031,1226.726090675434,0.6013944016440795
0.375,950.8165602357408,1103.584233375354,688.3392839920026,1007.4408715152872,1128.9472061359843,1258.1214162424533,1118.3301477710709,1092.377338434609,956.7149259940228,1341.2883734342852,0.5569846167761031
0.375,1019.2368601694624,876.505973520193,726.2298417617053,1052.5616927351462,1329.8494504987088,1000.3737473964276,1047.5315293290105,1407.816983293906,848.8400747864071,1310.3575672999118,0.6178536516632939
0.375,799.8347977349929,1281.0970973083035,824.3403745166562,1179.671237850838,1289.9463333683457,982.2652026651832,1108.8773493704678,1338.9574869316814,1383.2036672319157,1321.2590148115878,0.6236118095029126
0.375,1071.6493728791413,1524.5532369203606,780.8687311055475,1008.4361898848772,1633.8748592751333,1160.8915135769153,1506.7048087808018,1850.287050467244,1560.2500931994684,1363.9173836643563,0.6901408819186805
0.375,1696.1810214382072,2080.237327393337,1679.9418541673724,1088.0242071456173,1831.778068149633,1925.9652383204516,1370.5857176580605,2205.278915378724,1528.9175985486509,1640.967852717378,0.7005711035186568
0.4,290.01026446685154,441.8761046407513,175.35504363111897,213.96106119446776,305.3596449438443,363.5012376597337,315.82513163270613,473.27256470732914,392.339467646813,354.89628193778105,0.9743644205180163
0.4,310.9229766006821,451.0909908595012,210.6509815806145,452.15488470586575,421.567936622822,350.0210754546585,340.9779777605418,554.554667418666,286.4534181342452,326.8813842961827,0.7248558477265435
0.4,519.9569759901923,629.1539243425619,469.9956324974619,432.8985870298069,415.8459129035471,444.8653758903423,453.8404675357423,621.6746813047275,436.4886236879677,599.835291634252,0.8291139271257634
0.4,493.7617769433787,554.427645726829,442.17956765691446,461.32013588270894,580.0565421647549,425.3099143053664,558.645059064716,697.8196992149827,587.8425360193146,533.0161626267858,0.8373113939085657
0.4,402.5924901316593,840.2084042730116,560.728556114829,644.5725105622848,559.3134682760539,503.7712706041115,370.3992417995139,789.9727859964764,534.5494310974818,573.818118623505,0.9038360119441948
0.4,480.97486914484216,687.4803836146392,361.1045795520669,448.1132321225234,628.1053803584036,531.3876077586256,565.7429555546881,771.8750423310454,413.3844566330262,517.5707831015152,0.8914680187822625
0.4,569.2635810270338,731.5077275290805,426.3437993689015,590.6009005421881,586.9775821339558,651.7947225479245,454.5251647662811,649.781767876682,725.468863515353,729.8973637920855,0.8359040809206278
0.4,645.6624866594739,864.9688634841499,317.79726462018704,534.0394804912253,688.5607400104088,742.8401626177142,534.9149550494087,835.64046578504,691.6249009640464,796.2441106668361,0.8708120897313306
0.4,577.8492742243794,699.7179600205144,324.52672509757696,543.1600602898963,723.4526853441039,677.808982798736,271.5800301449496,549.0937416207944,565.0690375116716,822.0430828421022,0.8537678237425901
0.4,739.8203615625247,1181.657521940141,663.0003901568888,752.5421402666391,682.0830582130652,860.6772592516393,823.9798206820693,829.8514108531982,635.1103368440172,1076.9474972216333,0.8770497712764139
0.4,797.6654276619851,1411.5067238463132,518.6466566691084,891.7658759184042,1246.8309393975728,1032.3694526736394,831.5853566846487,971.64183781048,756.0861598277497,1133.5821441122298,0.8785762174611224
0.4,1105.4766335729907,1303.1756294183183,827.0602962286794,1132.382414072647,1070.3821372690836,834.0791954894615,939.9475926729096,1002.5327777482032,1017.1554845414944,1058.0990635627188,0.8372462050235656
0.4,970.388316282466,1214.2489218065762,821.9239579970617,916.688442009018,1329.229829074418,775.1734792178266,763.1699779096485,1009.5576363407388,943.8542607591124,1477.6941873598182,0.8939331446856179
0.4,1325.5754727066233,1484.266372393867,1128.3935888399228,1275.604721315745,1298.564255738583,1085.1756416910548,1370.1439807038907,1464.0079596678322,1174.9879381097892,1846.2166797656168,0.8182358075795448
0.4,1492.2591419438231,1592.6094180590562,638.198878315598,1551.458585407482,1351.4799776094978,957.298317473392,1086.5263708879822,1217.9202576000096,1321.880255877663,1539.9074744877423,0.8137164261077712
0.4,1542.7376635327903,1670.717409376389,655.4114256838659,1750.6077961757164,1125.4461286003425,2094.2140228951907,1337.9700701830411,1765.3448578183134,1281.348728082538,1667.6148700832068,0.7949590313398263
0.4,1107.2670331326792,1382.416220582813,1083.9210414702352,1521.658385140913,1571.6855101318454,1792.638645508472,1518.323243474852,1809.3143538387824,1390.7540747479627,1915.2051017362608,0.7857342037393725
0.42500000000000004,277.0722320689143,488.6835922462392,175.92609320864585,412.767164427521,437.314991386867,310.7118467909808,305.7113635214854,521.8686175801689,374.1270664359576,409.3577440165,0.8050210241815935
0.42500000000000004,384.6618891035537,526.3220748923984,253.8986406830813,310.56271499862,630.6602501945646,479.4652442083952,454.1298648269295,517.0596781292805,273.24070451194336,490.0897581425587,0.7768435192056238
0.42500000000000004,447.0932521684836,479.4870844078452,170.43241466474754,431.9177631914833,574.3338905140811,464.8952680838071,455.5565056364252,316.05874157863263,369.17295299812696,519.1768248092219,0.7826324058125824
0.42500000000000004,531.6891838752945,651.5830166794037,383.6602649731518,332.8252798642081,548.9538957990853,756.450155772065,474.1401441293215,587.9593560713554,497.4794769151856,477.0175961166186,0.8461608306977746
0.42500000000000004,352.7350819450296,699.4495851821625,411.1701105805005,454.02246491317993,540.081325267238,301.0289353948535,409.75350382570167,614.0990282055027,474.2091111690692,632.1607643291926,0.7824619773550663
0.42500000000000004,569.0406224560062,834.4414716520541,330.5206010672595,512.2501411729711,469.0893753978644,486.883726199881,562.604367910596,696.2513005300019,423.6569903714359,588.7279893007892,0.9110407803032047
0.42500000000000004,567.258784045887,781.9407051518424,590.9783221456058,482.8333094536548,879.6330400371337,520.6237599854156,400.4179652088607,716.8124818949781,471.174553438537,634.7991637196673,0.7947839548334689
0.42500000000000004,944.7560528225451,926.5060482082708,307.70356617086355,834.831606424951,634.9303930918785,856.4769607349026,560.6571184989124,744.8548394894698,658.6978409616277,817.0060205226383,0.852644416160131
0.42500000000000004,639.7150552019264,665.2307554094103,741.3222185281548,732.2094684540536,684.8231680687251,687.1013555872519,453.81495369025447,957.7500327880653,618.75573003149,834.2722692839892,0.7565355482554537
0.42500000000000004,917.1033628410902,1119.8824177384045,430.7240068224615,747.2335579032393,889.5176680221214,1017.7669509524026,541.0667860983299,969.854954687882,1013.8952744865844,934.5259069372764,0.8616430387169728
0.42500000000000004,933.1143229393408,1130.4133132635873,479.9023186401441,714.3584132429598,1100.5829619413514,866.1268673385358,685.5747409144916,951.9545448270674,811.176220165997,834.2031580287758,0.8594104259235139
0.42500000000000004,808.8468522976542,1001.2119823077528,801.4262389738186,864.786860431151,744.3445980212693,587.9409018112773,600.4988628208397,1038.8858653364323,1082.2679124603706,989.2248377077108,0.8319714442634475
0.42500000000000004,845.6778053950328,1161.2749574084,900.2178957429726,600.5538038312552,1239.714637908805,962.1117061378274,780.719944980633,1262.388608053453,1062.612546778976,1097.542717001813,0.8606791711072438
0.42500000000000004,961.3742330869298,1604.680245328832,767.7958281873905,780.8314110089076,840.7950919878888,820.5899386145385,1248.1570551603224,1280.7460122141113,645.2613496651257,1511.4758281549746,0.8722505059127653
0.42500000000000004,1199.013913418483,1842.1469632215897,890.8166751102094,1279.2296329781666,1418.5516722134157,1165.9425202666791,1250.3801198031986,1149.0550003593785,1176.4972202087454,1517.0622050060106,0.8111144096326467
0.42500000000000004,1606.9751935672816,1558.8711653220475,1393.5135682290584,1322.8607767438775,1545.3419073780735,1491.2248756021877,1277.7632502639742,1942.200140401236,1648.314592840524,1705.438126381736,0.8369905623372914
0.42500000000000004,1636.878083971541,2294.862656985289,1378.2109299612216,1352.344214560189,2151.787387423328,1576.252969750372,1582.719648600633,1615.8613777081969,1766.2116609766952,2326.387716380292,0.9003047343044643
0.42500000000000004,1894.9331063867064,1841.3940051872717,1286.6938091537313,1836.12786408568,1578.964640291655,2151.218639997136,1530.6916801937991,1951.9829683205303,1593.007683229208,2031.8527750278915,0.8910419476384728
0.42500000000000004,1362.4213900734817,2248.692778974526,777.463673789372,1670.244925987695,1511.21826543987,1514.0082068529905,1401.4805698571597,2416.089263761706,2131.515239623493,2284.03203687404,0.8319100900187415
0.42500000000000004,2182.490324406823,3114.7665015148086,1954.805713495953,2091.211358771382,2312.7423315495184,1803.015972888713,1877.885236836884,2063.5199871741097,1975.3178406050388,2341.459309502236,0.8515332226171272
0.42500000000000004,1985.3854976349187,3040.329975381584,1892.0079042411123,3035.883423315206,2871.3609968594583,2657.9264976736185,2684.6058100718533,3211.522229936883,2633.470461308573,2024.2928282156647,0.833292264809196
0.45,0.0,0.0,185.2698574938475,93.4439674259366,0.0,130.25522732100123,46.3174643734636,71.19540375309413,78.47675186420634,14.158176882718577,0.8511489064454287
0.45,0.0,0.0,212.13386644519576,0.0,0.0,261.7440087567189,0.0,118.52558887096676,23.794909886973283,0.0,0.930240492867139
0.45,0.0,0.0,347.0141390526948,0.0,0.0,230.88950161108028,138.6968737593066,0.0,0.0,79.13880443913256,0.7871852803205086
0.45,0.0,0.0,302.7934523028682,134.63907325681183,86.966440022102,148.7964007022673,0.0,98.523442018394,0.0,0.0,0.8766407429783756
0.45,86.98831643956177,0.0,138.51216540760822,21.7470791098933,0.0,130.1479042114966,87.32288688740594,102.3785570404046,0.0,69.59065315165019,0.8629169914369046
0.45,0.0,0.0,269.0589759927559,86.39508403437281,0.0,35.61593260192414,0.0,287.0432587917471,0.0,0.0,0.8997764060861648
0.45,217.08508032901057,0.0,317.0992780520158,0.0,0.0,0.0,340.35839380155784,0.0,0.0,0.0,0.9268319237168208
0.45,18.809366297650016,0.0,324.3570721550802,30.512971993970964,0.0,61.86191582339241,391.6528049089054,187.2576911410782,0.0,0.0,0.8323165618899174
0.45,103.9939163984385,0.0,210.28858315967224,0.0,0.0,382.3847102969123,128.3818702440941,0.0,0.0,275.1697433905605,0.7962666824138577
0.45,0.0,62.76817799262098,392.1755760978932,196.33886076092253,0.0,526.2484042901352,0.0,78.83683155872876,57.74672375321016,0.0,0.8382227600851322
0.45,71.62377585492678,0.0,735.6705659517879,261.51006533078856,17.767138196574262,722.9004353730013,451.9515778752927,0.0,172.67437434792356,0.0,0.8352138456676882
0.45,387.078067107156,192.31796709582437,357.1619388922492,42.12679279242231,258.2555558143957,554.3641718190812,238.7184924903792,378.5306019028909,330.90901005059294,660.5969536434426,0.8194193883673982
0.45,337.2482370840684,63.35779013711912,572.2000421759004,0.0,471.8835411254549,345.82793783180364,340.5481219870481,370.2470861138205,211.852610771004,180.17371570244825,0.8533218692787569
0.45,25.079236299664103,225.0353094996816,730.0091214794016,0.0,0.0,656.1270469749845,0.0,0.0,0.0,183.01064326782,0.8158148264909361
0.45,205.1461200048059,32.704453913805345,926.130672195615,686.7935321900053,0.0,642.939832623758,324.07140696411574,744.769609582666,0.0,943.969465239512,0.726130259292322
0.45,0.0,0.0,1005.020129787558,560.8123376162675,0.0,810.6792207126208,110.2587198425265,437.8619665688493,317.2912801223556,215.758070483204,0.7758196920968995
0.45,0.0,252.14690903592052,1199.7851267702654,885.8538757851446,422.4713111661525,1078.7212134914248,118.5591426592807,202.88642018452916,313.9312509851208,343.1535748800143,0.8019852126575849
0.45,0.0,4.647949329311311,1181.5087195120132,227.7495171364656,326.28604291794994,768.7708190687883,821.7574414229902,216.59443874610787,675.8118324824776,892.4062712285854,0.8691078051561709
0.45,254.19263303960096,0.0,959.8470853773204,70.66358910753566,0.0,1509.4527784359125,293.45018254378374,0.0,0.0,449.4989418229222,0.7500379633126585
0.45,412.93207042778096,67.3956488003884,1496.6113122499064,836.5618628873722,0.0,565.9094954826267,984.1904269263188,507.0720243076888,632.2353720798352,326.28052197013176,0.7778348447335088
0.45,568.3303531131153,54.692879169872505,2670.4392742511845,231.85024865493867,190.2361014604608,1974.8885282863816,971.3930930824724,863.1963103768275,218.77151667951705,0.0,0.7778092804648814
0.45,291.35110410464006,0.0,2551.364341551865,532.3284191818568,1214.4167516885016,1624.2143326954968,609.9312833592528,168.82026592979375,0.0,690.2570550516583,0.8031025678448216
0.45,1157.8710099001048,191.92970544538383,3007.9475148491806,503.4221782174431,0.0,2628.807686879179,961.2217215339188,0.0,1450.4851509889736,1054.0401856427638,0.729228648649962
0.45,1332.9571659132755,2366.0446813330304,3130.3465953958016,1089.770193256956,2375.1870487261376,1128.1681363079415,1448.150995066295,1790.075535568036,380.3224835527476,488.2024187912768,0.7190216883293316
0.45,1477.6916124414877,1100.452992057966,3136.7078656197773,1027.5062975086876,2182.148262660416,3013.740580522407,3568.1354590970604,1450.5971258946067,1481.859994987134,1123.3790960591766,0.7524188488641564
0.45,2300.01025053671,3383.844445978085,3500.2140122255014,1090.679464044209,2829.377689152285,4020.454426037368,5266.293311744756,3664.500458692389,2863.604032166219,2770.052027928126,0.9187355494140683
0.45,2267.4926823814794,2154.5789207587964,3447.326273214116,1497.835613361745,1285.8342650090146,3864.415882473297,3880.5464198479735,2315.884294505456,380.2198095456684,3209.9769375583382,0.7704084246972513
0.45,2277.074647496077,1504.3227192500533,5348.703001778016,2902.058965638629,2899.636545800869,1904.021992480771,4362.778127808982,2453.9112956526924,3347.7842157867794,3861.337221392308,0.7883502805622419
0.45,2658.9635978111387,3355.24329906275,5715.801310623182,2722.0412014088456,2598.312055890264,3784.656215862563,4095.1921104974326,3767.673784124706,3340.686929001753,2190.733694181973,0.7915159891606007
0.47500000000000003,6.2339623577063445,0.0,110.20036683947384,3.21752895881839,0.0,120.05404927585032,0.0,57.31223457892371,3.418624518741968,0.0,0.768295111824054
0.47500000000000003,0.0,0.0,170.94350461001372,66.90038045728703,9.774406235643443,92.53104569741504,62.33899088065309,131.41146161252536,0.0,120.5510102395893,0.7754786713083507
0.47500000000000003,42.0724581774858,216.1567012951101,175.847759328658,0.0,28.72012115109845,27.964328489228112,0.0,112.86503750607292,167.2821091607856,44.08790527580955,0.7255601761019314
0.47500000000000003,0.0,0.0,25.23228658915237,82.68893918373634,0.0,218.5784826217108,55.63263187729388,0.0,82.08093227797067,0.0,0.717434999389859
0.47500000000000003,0.0,0.0,278.23775984979824,91.17013975661008,50.98774482684372,130.00186594923886,313.6928141995927,31.740715322669125,130.67720031780186,0.0,0.6477553245344658
0.47500000000000003,0.0,42.05517496792483,180.73298333323984,98.36045054482362,0.0,0.0,0.0,93.84212596148878,0.0,212.36125541656003,0.6307757807813782
0.47500000000000003,0.0,0.0,479.659369894444,0.0,0.0,478.4960892883954,0.0,0.0,0.0,350.1474624209227,0.6686732873388289
0.47500000000000003,0.0,0.0,409.4826874415116,0.0,0.0,223.5058253244931,103.83013154066948,181.3899888361096,143.02704866846975,53.37452545062394,0.505916240766824
0.47500000000000003,78.12341571825645,0.0,495.2384949625054,333.0524564830897,0.0,294.6760417442964,305.1838695894426,86.80379524250428,399.2974581155197,270.00548941221246,0.6571459325435947
0.47500000000000003,10.889883339521663,9.899893945015087,515.2894798382096,0.0,26.729713651548057,359.3661502041699,0.0,66.82428412887577,6.434931064261779,0.0,0.6287988106741926
0.47500000000000003,0.0,40.1387220522076,187.66155764669048,329.97157219543084,0.0,525.4523614107322,605.7298055151474,0.0,0.0,464.4623551755544,0.613993447100558
0.47500000000000003,136.64562229926844,0.0,495.2706636806273,0.0,0.0,237.03832439669677,0.0,0.0,375.35715839758734,155.60868825100593,0.6615174224788783
0.47500000000000003,0.0,77.33685999779014,434.62037023553967,19.81357570191822,355.36606742788865,0.0,84.36748363396146,87.56322165039637,214.1144471013277,85.64577884053543,0.6553329998267687
0.47500000000000003,0.0,0.0,405.02120956224246,707.5998686321935,345.99801821900104,0.0,189.9596962771024,420.6250417564261,528.4950121423517,884.6694426619099,0.5574616460286904
0.47500000000000003,22.341216569826877,196.7468426955999,903.7382444699272,0.0,242.87064464622557,670.2364970949208,976.5273694232546,0.0,131.88524620254435,121.79566452585574,0.6074360417691748
0.47500000000000003,0.0,0.0,664.405715969421,534.8203846698681,134.07962024636288,0.0,384.2617049518742,465.1589059943772,265.912096019325,291.37973338455885,0.49595810599416723
0.47500000000000003,214.6164849815236,197.79952160610247,612.61795153309,1048.257383734404,0.0,218.62052388043816,0.0,265.0673751077779,0.0,808.8158575796394,0.6478371301940737
0.47500000000000003,285.65543027323423,535.4973439151913,1302.0771403797764,0.0,0.0,642.9378938090032,488.59869118376895,113.40946933236138,366.66219408205546,258.36894141130927,0.6524151794198672
0.47500000000000003,528.5965054020637,266.1595080017364,1446.1953686528386,548.1396860595485,0.0,536.9721542552685,214.9749872321847,0.0,0.0,402.0311449536904,0.6789738412873781
0.47500000000000003,0.0,489.1505161182892,1546.2815902086627,328.45850772406334,406.2779080156088,1456.334491170382,715.5342260573483,135.42596933854009,626.597768581283,950.0030684942116,0.6639153508761279
0.47500000000000003,65.42916961485842,261.7166784594215,951.4044827602976,0.0,0.0,814.1104875028957,317.4923640327524,121.20485518817716,802.3117847854488,1508.0887291555616,0.6366928133571066
0.47500000000000003,152.88728671956116,714.234637958529,1095.3119048565345,325.1707217542854,0.0,111.81309028743968,717.6574876612156,962.9617163530272,0.0,0.0,0.6403723637548756
0.47500000000000003,306.1789612328124,613.6498168168168,981.83970690691,1080.0236775975998,1204.045535312161,1450.797356390077,625.2768659775608,1074.8561001928165,634.3201264359056,754.4663010968907,0.6649098009257333
0.47500000000000003,2020.3839236136323,815.7489977297182,1619.3453102046112,92.66422506799604,1163.6196131489032,1180.3295553742812,1084.6271589926005,1151.4669278940953,625.8632906231559,1860.8799296441412,0.7172023645453496
0.47500000000000003,1480.953702882989,827.1547437506957,2795.155651037777,2535.947477846451,87.50339604547842,2197.490945972402,384.6847411056204,1495.8127701359824,1073.154857161583,673.6110488029697,0.6435448894915344
0.5,0.0,64.72180661081889,135.63613175539265,20.17562490028888,0.0,84.89743151110777,0.0,16.38021031508305,66.51963457223121,40.750767125331,0.5771860131308403
0.5,0.0,0.0,159.424293070811,0.0,0.0,114.06695898587658,0.0,57.25802075078303,0.0,0.0,0.5991418852414753
0.5,180.5960066250564,0.0,240.13002142732,0.0,0.0,33.32765421944913,122.77110229558356,87.16463411240692,108.52851502231096,0.0,0.5894693601588729
0.5,62.53437803555279,0.0,198.4908159967765,0.0,0.0,153.82340311423837,58.90515073884675,101.6183643077725,0.0,106.92261958757535,0.5698473637502038
0.5,0.0,0.0,479.3986383173453,0.0,0.0,168.23310679813605,174.14755195901014,0.0,162.318661637262,231.97768242086903,0.5921104331555114
0.5,0.0,0.0,403.91320230624746,0.0,0.0,87.98476925237213,249.10455767232872,0.0,26.358306400496744,226.82993254514508,0.6374798519739147
0.5,32.4573056838108,0.0,147.01250221490469,25.202143236843774,0.0,240.5659127152954,187.10682100079015,256.98549088475465,41.62172140629433,33.6028576491207,0.6196135578895886
0.5,10.486543482947967,205.5362522657792,274.32797751391735,62.91926089768781,0.0,470.6360715147059,4.194617393180141,0.0,17.61739305135087,377.9350271254445,0.6199085319224859
0.5,97.5896077367818,0.0,547.3303943350622,0.0,117.38372628716446,234.30712423595352,575.4104229763067,102.65321945897394,0.0,163.416560125269,0.6051567315783566
0.5,206.43816482170115,0.0,323.6448798957082,282.6466462278456,117.20671507400156,188.5918748721612,169.78092060103094,87.30212110450238,157.24028442026824,272.5176708510781,0.6047136175888149
0.5,22.68082867624294,108.76488297017448,586.6087053083619,86.08405429393738,0.0,143.30159936355278,559.2886162210671,44.84618397348663,318.0470748464473,272.6854174939556,0.6579043391795402
0.5,0.0,0.0,919.2219490963176,459.6109745481588,0.0,375.4955689191313,438.1697927211521,0.0,0.0,94.01133570303432,0.6250883396848459
0.5,506.3914367348202,149.57469483625823,816.3534549497347,0.0,114.1333012806824,272.7185199022632,364.025160926816,114.1333012806824,0.0,76.88980296803796,0.7770423524060598
0.5,201.49441062584165,130.57368057003137,604.4832318775325,271.0895195591147,0.0,53.68765546280352,296.9391314486135,367.1970509431476,62.30419275930313,110.02655317068906,0.7057322453070973
0.5,433.2846127711392,116.28085454560592,418.7495059529355,121.81803809540756,171.6526900435199,314.9273143943556,485.1957085504291,106.59078333347276,23.533030086605763,446.4354237018964,0.6298986828982335
0.5,0.0,93.52872429609424,858.6967915688754,0.0,324.03652512032954,550.1256460565643,176.74719552018735,0.0,0.0,461.7520482964706,0.6374671266490877
0.5,0.0,156.0308950711711,980.9942428577556,220.04356997217204,448.8888827432321,152.83026132612423,0.0,547.3083704035141,0.0,561.7112222562341,0.6325658882583579
0.5,0.8317581062991568,629.6408864690289,846.7297522133074,296.9376439490732,263.6673196970691,983.9698397528008,943.2136925441042,101.47448896859169,273.64841697266843,897.4669966976033,0.7328332105264246
0.5,527.8976912000447,0.0,866.5490402717597,338.65134907172524,0.0,814.030916618932,1379.9589732227496,282.51128585662616,393.8859273962488,450.9314755019235,0.706178199770931
0.5,0.0,251.93058871837508,1402.4136105323207,0.0,0.0,1101.9630565792854,241.66674991874663,634.4918530685119,97.97300672381076,586.9049640883741,0.6932682441140984
0.5,681.6620948898262,247.50826064451329,1311.590905792468,399.66497825386045,0.0,286.0546291055445,0.0,359.0898535580283,1267.9726467444634,734.4097569943941,0.7299921681396336
0.5,640.7606739787449,0.0,1419.6163207977502,48.60943043977326,638.5511544133029,92.79982174865005,201.0662804554064,735.7700152928369,793.217523994378,1227.3881186041242,0.7315109697435289
0.5,0.0,908.3505430194738,1070.9346869062424,434.73586300154886,0.0,574.9352334546138,1175.7896782534965,536.0564164382108,922.488294661801,1577.5374540896062,0.6806139311435399
0.5,782.9730130475016,828.2236425230911,2176.143908417473,352.40641743119176,0.0,1003.7412356405648,412.74059006531655,766.5182386927374,485.4158434655182,715.7826844322159,0.6914744845987428
0.5,453.4459220979608,0.0,2526.3415659743505,181.6943590288137,202.23372135378972,322.30999340760354,1006.4287539247412,1159.6839958881678,418.6870012402731,1726.886386247642,0.7204795820487688
0.5,878.4211730451592,578.6122074623468,2990.451210845021,1922.9785244705984,989.1786252986648,2411.8390033826745,2828.13425495626,1810.3114609713225,958.6248453666656,1659.452172557053,0.7154714200900498
0.5,1583.0863348515988,1453.1155859606831,3091.5992891920378,1653.398379333601,2501.404249146421,2586.630969730621,2629.2443300227337,2083.7933182838087,1463.7689260336992,3852.247770406079,0.676692372336098
0.5,2033.484934874815,2110.0888194077534,4512.665197941362,2797.2024503700554,1225.6621525272808,2242.404619964688,3031.6567636375835,4122.6817857736005,3159.329904525805,4791.22477806121,0.7676858300884343
0.5,2550.2922423299024,1090.2558977967778,4449.293762343581,1829.816791269471,1359.8377718690963,4129.612601939262,1903.772880616724,1398.008656693484,2044.5280184066623,2877.1304436388164,0.6923272355593874
0.5,1738.0243299546034,3059.6974276638325,4296.647890904516,1909.8902455908203,3333.23050466226,2686.9178360022665,4001.328993614198,3497.834480201125,1459.6499595579785,3892.399892154636,0.7323794447582878
0.5,3537.3430713941584,251.0534472245671,3537.3430713941584,2015.9591812132956,2317.2233178827587,3502.195588782722,3891.32843198079,3472.0691751157733,2987.5360219723425,2028.5118535745123,0.7448654596270493
0.525,0.0,0.0,177.27442887943877,91.99318915124694,0.0,129.1063212551805,4.935256928714878,103.0481646715672,22.702181872087987,71.06769977349468,0.6844826571291516
0.525,107.29554183606749,2.811236904001849,338.98831667421086,0.0,0.0,161.41185223809975,164.69162862610415,189.0556817941157,18.03877013401076,8.433710712005547,0.7096115585150706
0.525,70.38810943646226,0.0,113.3076883611343,0.0,3.678821050685617,142.98351150333698,0.0,274.9305598546144,81.9150820619435,10.0554442052081,0.5986832906670423
0.525,117.96771485491772,42.03125232360453,228.6500126404077,0.8406250464745118,34.74583525418,126.09375697081362,59.68437829951831,108.16042264607604,75.65625418248625,97.23229704193923,0.6429969620006211
0.525,0.0,0.0,265.1588100678728,49.35561933227593,0.0,0.0,207.2936011955535,0.0,0.0,20.082631314512724,0.5513533196828614
0.525,363.0819214366001,0.0,240.1025609500101,83.15747232903244,0.0,231.12311558114715,200.280672792448,114.78073645414928,117.90402179984208,0.0,0.6085901832834727
0.525,16.843021600332197,147.47914035413635,482.2855453363792,155.69524845186655,0.0,471.19379940445305,186.09484841344445,0.0,0.0,112.14987553392872,0.6890026203265422
0.525,165.86539363372722,0.0,691.9343805265349,9.942884631995891,0.0,440.65056891794507,10.394833933449783,2.71169580872335,192.5304024195325,213.32007028643207,0.6227479308920082
0.525,0.0,0.0,507.69217721966567,80.89600626027712,94.84359354652962,718.3007452421142,26.96533542009414,297.0836091972224,269.65335420092026,121.34400939041568,0.6623467535729134
0.525,64.83611571102655,0.0,588.0136955638674,0.0,213.4604424947705,332.65914753273813,189.02221426523408,111.2188754119965,16.957137955188074,389.0166942661707,0.5779427154822109
0.525,0.0,0.0,859.2435376837782,323.6803413331729,0.0,210.28574807007223,365.2051219647296,166.631491508688,0.0,297.06189221037926,0.7088915425491977
0.525,238.5721131120542,0.0,446.6418555979064,0.0,0.0,248.9211317173684,0.0,392.7180218123108,0.0,0.0,0.6336890117933881
0.525,0.0,0.0,700.2026601979966,362.5414788842441,0.0,800.9086265547337,197.85760448911532,279.6071536492877,426.51938692263576,612.5292306639041,0.6247273154023415
0.525,0.0,147.85420934801274,842.0171922192234,166.0227350729932,0.0,263.1303725685113,246.21484861767976,365.8765180476423,276.2868911969319,340.1899816778614,0.6721763590688403
0.525,330.92769177773454,164.07921119523783,935.3207355475348,375.92831932073847,230.54167648951375,630.0087856019684,580.1619366312615,353.0818468758291,109.38614079681996,0.0,0.595333341804923
0.525,320.8878841295135,339.0788072661074,785.1202425753887,0.0,376.91592739022127,920.460710711648,106.96262804317394,868.7984890037188,467.8705430731907,286.68894863272334,0.5994085205632591
0.525,633.5087996415554,279.5582712880474,1295.208349328957,211.4306253439088,119.02761130471558,151.13374330138015,415.8135631763515,396.2366534222773,735.3087303626914,806.5686818674866,0.676344249786825
0.525,665.0070789970947,0.0,912.432456967582,314.00828699245056,0.0,766.9364705862666,411.0056112466576,120.01363848402704,632.9486413198472,1178.7640930554169,0.6736461766935724
0.525,103.229059121989,148.2263413033696,862.0067586511676,0.0,51.173379735692265,907.8863404831628,442.9144246088999,104.11135877260352,667.9008355157928,21.17519161476852,0.6505298998228257
0.525,77.51021775974199,301.73620485041107,1464.3894712464992,905.2086145512436,226.0714684659098,62.746366757879386,525.0394512534756,918.1269841778552,382.0146446729984,295.2770200371054,0.7097571973787657
0.525,109.3927754754601,163.59640296329553,1552.1947871517798,106.43621397612608,164.58192346307357,668.1828988500968,493.7457703892319,255.24980944274023,0.0,290.72854743478223,0.8021413513444323
0.525,567.2556676941616,150.9885695895682,1210.0056201831137,439.3347962363369,71.30015786173823,841.9709818085267,579.8380484933053,630.1675716898201,507.4893588982832,323.99630557763174,0.6226256484737404
0.525,706.3042029097733,500.7719509376308,1412.6084058195336,307.7306093063509,782.3852022585702,827.806694407106,1031.0678717718235,582.5306368050028,1397.8464208712592,1065.133990883222,0.7020267755814148
0.525,0.0,0.0,1396.6407622020276,181.4141915315845,515.6636266137347,1149.3707340185715,1174.2219931324923,0.0,439.86728631629205,883.4622614996821,0.6279617634785647
0.525,0.0,972.515923085372,2279.8097315002865,481.4161326226353,402.5634902103005,1975.466199382524,1012.6339341372689,827.261055483722,1011.25055444581,1543.8517356518869,0.6148873443602293
0.525,953.2257266401432,581.9017083368216,3655.371504856163,798.9092515011091,1390.4557395341124,2028.6186627653813,1393.6706660995244,2340.4665396088617,1686.2289835506049,1348.6616941839554,0.7082469390475477
0.525,3138.3286166065386,602.4816047929669,4246.429831852808,1228.2100882275083,2111.591476605639,2923.2949891724056,1226.272848340716,2249.135508568032,1943.0516064545448,2520.3490927192106,0.7069329543685018
0.525,2947.7657476402155,1308.6971576652804,3212.0628934879046,2937.1086046624946,0.0,1479.211445308956,1634.805732783847,4036.925759964233,841.9142952406808,2457.537170664606,0.781442815179121
0.525,3165.963644738739,1270.536029316125,3993.772055853946,2220.555710038919,119.90539659607316,3574.10316776769,3002.246660924882,3557.9620566874373,2351.990471692271,3917.6782464756834,0.7077359158726267
0.525,1485.9894733313802,2043.5271250208584,2566.0728738846424,2393.446153277882,2066.855060237997,4782.226719512288,4105.716598215433,3170.2663960083974,3725.471254176138,1056.7554653361235,0.7245972553169665
0.525,2535.046166170576,2686.7754486761755,5627.989232630988,3111.617439691882,1463.6040020156024,4031.330321341228,3618.1598135952,3415.0760047030813,3688.188713213161,4171.388120577177,0.7066819105453669
0.55,34.621225983212305,0.0,151.10722590589853,21.818585124838048,0.0,65.27543648918302,86.73338384336292,23.802092863457823,0.0,74.47169964097382,0.7547186591637212
0.55,0.0,26.006473423629465,226.72916375693453,0.0,0.0,276.14146326183266,105.91727357988192,119.1569327773658,36.17264030741424,273.3043934338027,0.7822958096089884
0.55,22.62356430820264,0.0,235.58015877455355,12.787232000291365,49.42756984727078,340.3370978538469,186.89031385037848,72.05113415547342,0.0,130.82321969526578,0.760521017734464
0.55,0.0,0.0,20.66499036562133,0.0,0.0,114.77447351716609,0.0,108.91008435935368,25.69160964374398,21.782016871870105,0.7275260683593776
0.55,0.0,108.94746914190333,370.1665472014422,0.0,0.0,202.28550557049616,170.11096058999246,13.379513754267686,0.0,300.08337991717457,0.7550741242322543
0.55,73.44886779805292,25.098105579232204,497.1639443415932,45.39804391537992,0.0,375.3643143247195,169.412212659831,202.26120378559276,63.483443523941766,111.46511595483292,0.78769981194939
0.55,0.0,0.0,552.5351115703819,78.8144423296662,31.692579984413985,168.88809070641673,367.3837232403847,223.51609041639665,344.44830351481886,223.51609041639665,0.7463924986063925
0.55,0.0,72.5967684417781,182.83630570521512,0.0,0.0,377.32394461714006,31.81710221831169,33.16148681908413,227.2009975307465,168.49620329696555,0.715385123775848
0.55,0.0,165.33655887701775,359.5714847783976,59.69170893554897,207.49975010927184,495.0621891876489,416.89447510539,0.0,424.948118374464,49.26934705790762,0.8770753355450415
0.55,217.75931956537195,0.0,704.4294767148248,223.60520733893915,0.0,408.2378295207617,77.94517031422772,158.8132845152363,124.22511518829646,301.5503776531669,0.7788062869413496
0.55,70.457076521901,0.0,489.5730684793772,254.37076891362955,0.0,238.82876673967743,343.99631478340075,194.27502717435743,30.565937608761324,371.9719186965064,0.798056181217775
0.55,169.44837206502288,0.0,621.8699331231261,328.2712686540244,20.13247984931059,780.6928297121277,428.3744323492082,473.1132764587831,0.0,160.5006032431092,0.8247665812219611
0.55,325.63748542165683,9.974481535435816,738.6983678303969,272.24467249667254,208.290643828266,184.2345413016228,109.71929688982068,263.4436593771629,304.5150539348457,850.1778673441169,0.7568465801904205
0.55,265.6307860375203,0.0,683.2270915290676,98.22161623248144,0.0,283.54542044470685,492.9613192045207,366.9411323402026,585.6232213106264,307.63751499229534,0.6882704295974433
0.55,429.9422746541756,76.41941512400156,1110.4073275844296,750.9038181749912,133.5678473036917,255.83891150209877,521.645572802979,253.8453615423364,335.58090989235825,88.3807148825454,0.7149342895228463
0.55,377.984809391972,145.88887380040336,705.1295567019789,577.6609952501123,50.10324958801605,398.6155592223311,430.2984964618189,655.0263071139628,648.3949946684874,436.1929964133452,0.723875977737836
0.55,332.7593641652333,0.0,1086.7529352031615,704.6668888204941,0.0,772.0017248633424,276.38601305960054,640.4639056168452,282.6497187379903,655.3402066030599,0.7589343287949905
0.55,696.5393923697944,649.0666723257862,778.3889096870441,466.5422487083271,76.12005110503814,0.0,906.0741567019584,735.8271606820757,67.11660420013956,580.3130777793032,0.7950761179034961
0.55,341.0731859322258,61.77601071731032,582.0866361955598,806.5684779570915,70.476857297226,0.0,297.56895303271665,1046.711843562426,802.2180546671237,675.1856946005348,0.6859551590020895
0.55,502.2832881600365,0.0,1325.5680439294044,636.6971258366756,242.2986284434008,370.5223551743911,103.46328294846556,495.20887565074656,306.8526425907216,0.0,0.720265329130749
0.55,1361.853334727993,393.74285888276046,1219.4560386757316,802.7767025765097,474.976215691099,1098.083846738572,738.7457036805199,1056.9893250590544,1368.5431405827908,43.00589478088833,0.7386146682006182
0.55,707.8743341101398,388.6368893153676,1149.0565171339715,835.767596155257,652.3547784936635,905.1670406758524,1180.781977486252,706.882913474132,907.1498819478676,1040.0002471730234,0.693235862707171
0.55,0.0,932.7425728347044,978.7522961583952,414.0875099131704,129.66376573038647,940.062301545296,397.35670143183376,0.0,581.3955947265616,635.7707222909268,0.7362281454001418
0.55,0.0,311.77039259073354,776.0124370324322,370.9384962941105,295.8405185167683,185.4692481470488,795.3558555508444,593.9567333298174,714.5686370328004,1185.6377703633411,0.6985770905657197
0.55,210.65631574521925,144.52003056938617,2204.54283919412,620.9462330396832,0.0,859.7717072857046,1048.3825946389888,1092.4734514228587,922.2337543962036,496.0221388186714,0.6914125404093763
0.55,1016.2152464252014,285.8105380570786,2144.2693990466464,662.7490737555743,952.7017935236212,2597.1479327796123,473.5894422878395,1431.814144759419,1105.9625168295977,1916.4494049431744,0.6851922592522638
0.55,572.9682205645868,1430.8464628934246,2546.8752221799505,2609.838762901348,1781.8682024151578,1024.7316252405133,2491.782124048754,1821.2204153660043,1399.364692532744,1257.6967259096348,0.7312942415550547
0.55,1512.6324739955485,1209.375238870842,3008.8232906650737,2398.655118787655,369.0238644288637,2513.746720069904,3175.0667147394583,2007.7090445907183,1817.716559934258,1331.7742434091222,0.7652763977703027
0.55,1335.1304901480894,2117.793191269365,3830.8269954392586,738.5420096365153,1375.4145997646117,2507.206250895884,3055.837458054459,2457.3306866087446,2154.240719017649,3575.694301201183,0.7422715385036568
0.5750000000000001,81.20018564207717,101.58965956982335,320.6870767758704,0.0,104.45134012108748,169.01800755895138,27.36482027145068,34.87673171851239,52.76223516390397,79.76934536644715,0.7545151188916022
0.5750000000000001,213.81423100595651,0.0,285.6617381915604,0.0,0.0,197.7658187480042,167.3972847829572,10.12284465501567,96.7842708479612,8.88835140440503,0.71002523486195
0.5750000000000001,143.86184595854354,0.0,160.34056649561296,0.0,0.0,359.65461489635885,68.7921190674489,0.0,55.19063544954773,263.9210955857653,0.6806241568509906
0.5750000000000001,152.2325659822268,57.08721224333543,429.0921446083576,33.23387003837399,0.0,375.7571434983866,274.17942781658394,133.47151031540474,97.02145930557204,118.19465070098964,0.7390368063800046
0.5750000000000001,138.08710131680428,0.0,354.46465739804523,50.54974244633301,18.18557807520504,52.707353404406106,0.0,86.92089859673608,0.0,135.6212602218601,0.7804645558329799
0.5750000000000001,0.0,74.90514130579709,371.5444073725385,0.0,0.0,231.7960094139612,65.21591904733606,302.9745267741954,193.03912038011288,145.3383338769195,0.7718783701433269
0.5750000000000001,161.5139246777274,164.82703082495982,410.8251622571945,0.0,161.92806294613143,450.1682977556174,0.0,289.8967878831021,171.8673813878382,252.62434372670424,0.7923070612509037
0.5750000000000001,0.0,0.0,646.5196799783837,349.7188304509428,0.0,383.3102444284683,448.1922906042337,343.7367978248085,262.7492791940593,36.35235211266201,0.7432293464348967
0.5750000000000001,132.39313778425972,157.89107543159835,557.5222135581746,284.89041871354675,317.2531857274761,256.94075629242207,124.05727355340628,304.0138719490451,520.2559969966732,242.7207526044845,0.7670041162583706
0.5750000000000001,0.0,0.0,514.0447132349761,390.5504878331814,0.0,683.3347138899363,313.881156229566,462.5887859842278,253.1631620736796,85.93139850874759,0.9276278246134199
0.5750000000000001,19.33448840203756,0.0,596.6837948517485,86.46812868688767,236.3104138026712,381.3190768179498,447.9156479805216,589.7018962621244,104.1914097220842,264.7750772834522,0.746177758749922
0.5750000000000001,42.03514637687836,500.9188276577772,572.1450479074866,461.2189671907365,92.82761491560473,411.5941416069157,339.20027840230074,220.1006970011453,16.34700136878382,233.52859098264872,0.783075519802124
0.5750000000000001,0.0,0.0,787.0102808957514,115.1576832546518,0.0,595.4785900939839,0.0,497.02772099027067,254.1822438677717,597.8652778298294,0.7042489496318506
0.5750000000000001,201.0139760624363,97.70648372074628,676.4773745506723,322.9914971405726,222.17334196374725,412.60763507552457,0.0,355.3528802837499,469.86238986729927,296.231122618325,0.7680139048691523
0.5750000000000001,429.9636173523011,475.843881399044,1139.7968453897213,492.885122330697,0.0,804.8709178485198,639.0465349367333,651.4997494637017,155.3374654153834,285.1130694333133,0.764951400170067
0.5750000000000001,295.86979951108566,441.3681244471197,1127.0898950786964,449.0259310227096,423.26785435939127,434.4064821056887,328.5895185158429,927.2907598794452,320.93171194025297,678.7601282901377,0.6694551278876831
0.5750000000000001,511.3996040450784,175.55508795577148,995.32102041013,537.3512257428997,293.1006685870354,1193.7745980992688,532.0082448051114,685.4281260186358,699.1672198586491,673.9788811519566,0.723508339208052
0.5750000000000001,178.7024092210603,4.808136570965821,939.1893435295132,130.62104351136566,185.1132579823572,499.2448472857399,645.893012700334,520.0801057599433,0.0,425.5200865308668,0.8459337956454407
0.5750000000000001,439.8819926012544,286.1780531015914,1175.2831616991184,140.96604396102805,54.348354298223846,1003.7461684453376,149.45797432011798,8.491930359099587,979.1195704039574,142.66443003284604,0.7857244649703711
0.5750000000000001,86.92991558765617,310.84030422252204,1127.45466277323,390.74558016673774,121.1750338494586,1301.3144939485323,0.0,477.6754957543839,359.1347017712155,583.0450904060914,0.7830463034951205
0.5750000000000001,0.0,378.3090792635019,1295.8497565817013,552.4065411136239,0.0,596.6367070971704,399.0125612132485,168.45105768200443,469.5926133146377,829.0803453511168,0.762213282618409
0.5750000000000001,400.2239647036512,140.2244547866745,1475.2781180681964,849.1369762082331,7.790247488152889,1177.3011516465062,369.06297475106186,439.1752021443936,0.0,1408.0872334829178,0.7243288304963786
0.5750000000000001,0.0,635.1285242089799,1515.100664010896,989.8378647474524,592.2285744683434,802.5429622212358,1470.108033795108,828.7014681606504,54.40969235398048,1161.437663710011,0.8275743900595364
0.5750000000000001,0.0,554.4226993111027,1324.2719701494177,871.5481091734832,389.29877900346816,723.9207632030668,762.1945195657692,422.1048558857773,600.3512069463382,1024.64313462428,0.7458130418508381
0.5750000000000001,875.3368103548995,755.1238883994832,1796.1911348482522,832.1535277107372,533.3718964429246,1404.0402438092556,1050.4041724258796,1344.5173407051234,652.4177026511755,12.838273218540118,0.8300370812706419
0.5750000000000001,1121.903629247349,0.0,1471.947634781312,1072.7967363846865,331.1567390483203,1934.0560881301187,774.3779259114841,910.3662446081236,877.6283160329915,1139.5317446339498,0.8530364016124176
0.5750000000000001,1809.86552591544,1748.1655648046883,1885.8039395902172,0.0,1509.2759717861295,1339.996591302789,1377.9657981401776,1430.1734575415733,2339.852371353972,1466.5606140940722,0.7673747981534679
0.5750000000000001,2072.669690808568,2207.492090470877,3654.585846846325,1382.3790045375572,677.7072623025394,1705.952763727092,1957.6212430967528,2752.174585106603,1750.893563614508,1959.4188750922283,0.8293170210376367
0.5750000000000001,2175.410292844617,2726.92276145311,5377.246568932837,4602.502863030457,2105.3769634975192,3950.317483485459,3735.840412359953,3144.9341959936955,3622.0362521708767,3589.208129039424,0.7575764728344356
0.5750000000000001,5108.417811202771,2608.2041306278634,5805.660499588451,2779.580279625046,3040.165930839897,5195.279694941056,4279.708487969975,3535.513429996025,3044.861167798692,4350.137042352356,0.777737700512724
0.6000000000000001,0.0,0.0,0.0,0.0,5.522181379889068,37.51577191416663,0.0,4.470337307529439,1.1394977450564805,0.0,0.753035799880364
0.6000000000000001,7.480720020608342,35.90745609891878,0.0,0.0,0.0,32.41645342263475,0.0,70.31876819371604,89.4361638019369,0.0,0.8250563095997383
0.6000000000000001,0.0,0.0,0.0,42.41840022625488,0.0,33.46772861888008,0.0,0.0,0.1945798175512524,0.0,0.7768435192056238
0.6000000000000001,3.927323233014561,18.189707605539663,0.0,0.0,0.0,46.30107390501107,0.0,9.30155502556053,55.80933015336144,0.0,0.7925087349256313
0.6000000000000001,26.73079054640958,85.35094525344594,0.0,54.39950356812995,0.0,53.227100473989495,0.0,47.13060438445757,35.64105406187878,0.0,0.7809792497746779
0.6000000000000001,0.0,0.0,33.2820334152521,55.81140988096236,88.83742765456023,117.255163878352,0.0,17.153047990938262,95.4938343376098,0.0,0.678009784312696
0.6000000000000001,107.93779281308376,74.39780069602338,0.0,49.39526111785113,0.0,136.90414964145273,0.0,140.56305787240535,77.14198186923718,0.0,0.7459878527544044
0.6000000000000001,240.2316342097781,22.829029566718777,0.0,127.49134973413489,0.0,122.57432798130384,0.0,210.02707201381128,162.96414952242156,67.43344118169148,0.8093385451053304
0.6000000000000001,257.2112902799776,47.91566510431683,12.649735587539563,166.7465145630236,68.23190710854851,288.6439665884089,0.0,91.99807700028924,87.39817315027557,0.0,0.7428407695517603
0.6000000000000001,153.8932908693005,141.50188303307152,0.0,121.91546419515976,67.55315884912203,249.02732522486735,14.39002200336392,37.17422350868858,135.905763365096,0.0,0.758836332431919
0.6000000000000001,281.9569264114502,144.69417463905447,0.0,128.51990134103323,132.45418403514626,154.74845263512248,523.6967408386337,188.84556931743592,402.17111984268826,331.7911738702194,0.838123911579773
0.6000000000000001,144.187436632445,52.27339092414905,0.0,300.1363862228228,40.5118779662162,100.1906659379534,454.3428894490657,186.441760962798,203.8662246041822,142.00937867727262,0.7430589179773803
0.6000000000000001,160.279289611275,48.54172771084183,77.84994066833319,0.0,185.92397594907948,67.31730163673623,304.0727094339628,171.26986947033188,237.6712894521464,234.00776283246145,0.6935750153376271
0.6000000000000001,141.7396999275254,0.0,75.84733106489593,275.4206209294071,0.0,194.8328316729544,361.69696001572817,34.60534479835815,244.60764268429247,189.14428184308613,0.8148058900224419
0.6000000000000001,174.70638782137377,0.0,0.0,128.32416096614054,253.040815399099,257.16368000845364,273.1397803696996,272.6244222935292,126.7780867376336,229.3343438953141,0.7307335319298279
0.6000000000000001,135.549406948186,183.4544182391128,108.33065053288736,77.84564334775233,130.10565566512764,416.9913482823744,561.7951324117646,53.89313770229007,261.3000615868651,310.293823134404,0.8564790564542399
0.6000000000000001,177.18204098961417,100.6582359110423,356.7186605970309,290.2018146441213,312.57031151324105,394.9805631363169,0.0,313.15895616769046,153.04761015714132,434.41975498450415,0.7700590463593434
0.6000000000000001,180.33680014944036,240.44906686591872,694.0797806438921,153.06938019557373,477.79956328253513,317.29361400863525,0.0,372.4481680062305,125.80196024170456,480.89813373184,0.7756482476235791
0.625,0.0,5.6416267347523394,0.0,12.792984567537486,0.0,5.005950482949686,20.738937715076265,0.0,0.0,0.0,0.8005819309581614
0.625,0.0,30.09439267242657,0.0,0.0,107.98576194223584,0.0,41.1987407708085,0.0,0.0,0.0,0.8128980651751632
0.625,0.0,74.96561574207895,0.0,0.0,81.64194284379074,0.0,33.7631399143715,20.028981305136345,0.0,0.0,0.6954838140618056
0.625,70.99706008514013,8.511343460499615,0.0,0.0,91.548840636102,0.0,28.64793652558296,0.0,0.0,0.0,0.7758876996063889
0.625,0.0,2.893228320741711,0.0,0.0,123.44440835165264,83.18031422132893,98.36976290522324,0.0,0.0,0.0,0.7731224978831928
0.625,0.0,24.53948761670047,0.0,137.81772843318515,172.02428692919153,0.0,0.0,0.0,0.2478736122895633,0.0,0.746866289718287
0.625,0.0,146.20959158221962,0.0,0.0,185.8992212332804,42.02431374818342,250.1030339041145,42.60798477246294,0.0,0.0,0.766066759742033
0.625,39.49471408118617,144.03954547256123,0.0,2.3232184753641985,0.0,0.0,121.13924907254568,63.05878718844939,0.0,0.0,0.7246799131188612
0.625,83.17313362123451,96.42195136620904,0.0,122.1835414258831,30.545885356470777,151.25733592180237,0.0,0.0,127.33585943781884,17.665090326633738,0.9046080528567414
0.625,10.172419502525123,0.0,0.0,3.662071020908497,89.92418840231512,203.44839005048368,2.4413806806062355,31.737948847875927,0.0,58.1862395544392,0.6583114009953761
0.625,82.17856045758842,0.0,0.0,310.3096683945409,161.78904090087858,253.38389474423212,60.34988033604218,281.63277490152774,273.0725081871959,0.0,0.776341465374525
0.625,208.76656681353225,288.40381320576284,0.0,151.62571770724085,80.08717433795042,189.8695930933424,0.0,147.57636619577363,280.3051101828246,127.32960863842608,0.7272559392542147
0.625,220.00676346883915,26.977573533177416,50.23410244108648,118.60829743034564,137.67865113483293,302.8000063810006,221.402155203313,45.582796659505455,238.6119865951672,0.0,0.8304329400969626
0.625,161.62730181103123,0.0,89.04019021924903,185.8230056749559,98.71847176482136,346.4824793314299,16.4530786274709,199.85651391603477,0.0,0.0,0.8279309788321849
0.625,57.832819042585605,317.8246073048272,0.0,436.56101454270254,0.0,289.1640952129259,110.54768949733092,213.4184561129046,265.6215317088648,0.0,0.7996387311804235
0.7000000000000001,0.0,0.0,0.0,0.0,77.49215006735805,0.0,86.87745138484544,0.0,0.0,0.0,0.7704524520487761
0.7000000000000001,0.0,16.246297622800046,0.0,15.276369406513531,16.3675386498357,10.426728325080964,20.489733569053698,0.0,0.0,0.0,0.773823689251259
0.7000000000000001,0.0,0.0,0.0,0.0,20.84564102150587,0.0,4.221901979038954,0.0,0.0,2.638688736899346,0.84300839117218
0.7000000000000001,0.0,0.0,0.0,0.0,44.03102455035771,22.552475989208077,40.04215124614395,0.0,0.0,0.0,0.7942752914371906
0.7000000000000001,49.28129827647054,80.89201151356781,0.0,37.697248083992896,59.4909696325514,0.0,14.136468031497596,0.0,0.0,0.0,0.8717930001868117
0.7000000000000001,9.416737508974922,107.65043106850185,0.0,0.0,0.0,0.0,83.46653701136374,55.64435800757583,0.0,0.0,0.8279783055038491
0.7000000000000001,10.58986127892053,137.2077678747089,0.0,0.0,148.02784352925784,0.0,99.45261027160188,25.32358131915816,0.0,0.0,0.8401205465089783
0.7000000000000001,69.44449469981933,146.24193589726502,0.0,110.29419746441832,135.0763504749408,0.0,142.4292969725686,5.718958387044632,0.0,0.0,0.7201082914806091
0.7000000000000001,42.60854969630401,60.82026851811195,0.0,0.0,157.3767400073179,0.0,57.72771249176788,26.458534892059983,0.0,0.0,0.855418467053237
0.7000000000000001,0.0,152.2222178361506,0.0,222.50499859383177,29.1416408019654,0.0,20.227727144893144,0.0,0.0,0.0,0.7429115474876461
0.7000000000000001,27.568687624931453,0.0,0.0,48.43147826001593,114.37279866019088,67.43151973125424,134.49048962973575,0.0,0.0,0.0,0.7909549954879447
0.7000000000000001,0.0,239.7149209615667,0.0,0.0,189.7081659265374,0.0,55.16618214181724,0.0,0.0,0.0,0.8064031178156387
0.7000000000000001,77.82661337676618,94.68904627506512,0.0,45.39885780311492,246.0185722854429,11.673992006514814,257.26019421764295,17.727173046930737,0.0,0.0,0.7914147153271924
0.7000000000000001,93.1839128861984,107.62741938355902,0.0,249.26696697058296,152.35569756893435,0.0,381.12220370455225,0.0,10.250230417480072,0.0,0.8611658390359279
0.7000000000000001,239.45436146016104,150.6328954955474,0.0,356.8441351911732,482.02526558574834,262.82843145085,349.0527785276102,0.0,89.3408897421838,137.64730105627484,0.8573277901726684
0.7000000000000001,154.08604807143792,247.07832971455227,0.0,195.71631369074152,728.2593219376416,0.0,376.8350017747124,108.67121285038482,128.67536645965748,0.0,0.7679619241896103
0.7000000000000001,92.19703827821098,490.9769990237318,0.0,186.61569193662265,290.4762109608711,0.0,290.4762109608711,0.0,0.0,0.0,0.8236562398212448
0.7000000000000001,223.938399146899,182.5523152539279,0.0,72.00044732064819,430.8688186117545,18.141844994181103,389.4827347187834,0.0,0.0,0.0,0.7732702025463734
0.7000000000000001,241.14001035570112,112.49211401208892,0.0,130.4429832693377,401.5011090537858,0.0,23.336130034422183,129.8446209607636,0.0,0.0,0.8459337956454407
0.7250000000000001,33.48703634030993,97.259161323052,0.0,0.0,13.474863228570854,2.935118723055428,0.8004869244700482,60.70359177227518,13.875106690805271,81.38283732107222,0.8020356857007725
0.7250000000000001,0.0,0.0,0.0,0.0,0.0,29.78071367025465,0.0,0.0,17.16369375652053,25.46137351960687,0.6749855313340757
0.7250000000000001,43.22322853626288,58.45764515150286,0.0,0.0,0.0,78.82924876490537,0.0,0.0,0.0,76.34922745544831,0.5876111218770907
0.7250000000000001,20.8125268036624,95.37390923619844,0.0,0.0,0.0,79.20883987413178,1.818570303232788,0.0,38.594103101936206,7.880471314008137,0.7126861321557894
0.7250000000000001,0.0,15.698598054323543,0.0,0.0,0.0,50.68404514681684,0.0,0.0,25.56628825989753,85.6694922393091,0.6735959713104622
0.7250000000000001,62.86119199087881,101.82079006887504,0.0,77.4411642777363,0.0,80.30935554728275,90.58704092982114,14.340956347728904,23.184546095494632,33.22321553890552,0.7093027214920566
0.7250000000000001,0.0,20.209019643839287,0.0,0.0,0.0,85.5764658992221,13.2231856928831,114.01878984240388,18.71205522577733,111.52384914563356,0.7076553032122223
0.7250000000000001,0.0,32.89331655950414,56.84195931773994,77.90522343040392,0.0,178.60493816081518,12.407128175953742,0.0,117.14637301016268,82.8103671278746,0.6613017649307141
0.7250000000000001,0.0,55.01315557904002,92.77366473388358,0.0,0.0,192.70880534196252,0.0,58.26837188549208,0.0,16.927124793551577,0.6970407997558266
0.7250000000000001,171.41630096204705,271.5614320145011,98.68315833635953,52.99651095841529,0.0,93.56625383003109,89.54582886077067,129.7500785533616,206.138152969283,199.9247689258849,0.6985305504869367
0.7250000000000001,134.7487988421894,20.232552378707,131.9162415091693,0.0,33.99068799622813,212.03714892884977,216.4883104521649,232.67435235513057,195.85110702588236,61.10230818369663,0.6602958514466247
0.7250000000000001,0.0,111.0227490174468,252.039547164606,98.04025014040634,0.0,81.02869988773439,0.0,105.65068051660144,219.3594637844699,122.6622307692754,0.6377398121811124
0.7250000000000001,46.61418301140383,162.1785117271778,25.249349131178644,33.50394403944727,175.77431510550497,326.29928107983125,149.55383716158963,197.13914898573017,311.2467844823969,111.1942490584544,0.6936772724121366
0.7250000000000001,228.44025319071577,201.983920972636,87.00063094791116,111.42186068767676,0.0,307.8092498449505,281.352917626873,152.63268587352917,423.8100911088313,271.6861808548824,0.6921076263184149
0.7250000000000001,74.18749580408134,217.82711533964493,0.0,106.80894785977831,0.0,0.0,194.67640742915088,328.3191303670008,167.8426323510768,81.02747768672813,0.7118807359594138
0.75,19.680717711849788,6.78881900164853,0.0,28.86962423933332,0.0,7.817427941292237,0.960035010334189,12.137585487795931,11.863289770557238,29.486789603119608,0.7229381342830489
0.75,0.0,0.0,0.0,0.0,0.0,0.0,0.0,0.4365608521523024,0.0,0.0,0.646684923867422
0.75,13.092339847608008,0.0,0.0,0.0,0.0,30.194945954844368,0.0,31.492385038841466,0.0,5.18975633598891,0.7994628714863492
0.75,14.937031299178882,0.0,68.62960326649673,0.0,0.0,27.451841306599423,13.322217104673628,0.0,0.0,0.0,0.6721010296906184
0.75,0.0,19.868443262228496,0.0,14.024783479220114,0.0,48.61924939463015,112.4320142250821,62.64403287385027,96.53725961529784,27.582074175799985,0.7468765154257375
0.75,28.53929098105949,0.0,0.0,0.0,0.0,96.01778406339425,118.75247348898388,13.5440702960956,73.28309463780352,133.02211897951253,0.746614055601163
0.75,0.9742828470628816,0.0,0.0,0.0,0.0,14.6142427059399,24.844212600098498,23.13921761773818,0.0,93.0440118944847,0.7845071188452574
0.75,0.0,35.62885334441252,0.0,0.0,0.0,137.5009821662152,54.36699102925266,0.0,0.0,191.86797319546665,0.7869996350364286
0.75,0.0,114.48170477429107,0.0,0.0,0.0,75.41970576994107,3.3052460696000563,0.0,18.02861492508525,37.86009134268013,0.8176575841878275
0.75,0.0,229.89111728501769,19.432057191713778,27.007265927465596,0.0,166.983949088115,78.7162994715176,39.19347128498172,97.1602859585674,139.97668316064792,0.7769358346201123
0.75,0.0,0.0,0.0,41.62681671727178,0.0,218.72336152320733,0.0,89.46114119062725,54.406979744502586,0.0,0.8799640978999367
0.75,0.0,87.70353937560505,0.423688596017034,0.0,0.0,118.2091182888604,125.41182442115768,3.389508768140126,0.0,274.1265216232715,0.7443127844862479
0.75,0.0,200.48593917766036,0.0,0.0,0.0,283.60311669550686,158.0139748416197,53.88915905003242,86.77067982632205,121.93563954541172,0.8359850344379479
0.75,233.5227223970284,234.12149860830223,0.0,2.3951048450982717,70.05681671911013,344.29632148279825,267.0541902283987,188.0157303401721,34.7290202539154,70.65559293038403,0.6980231980787931
0.775,35.256670859563535,0.0,0.0,2.5583071825532224,0.0,19.74693356533403,2.7981484809177464,0.4796825967286838,0.0,33.41788757210352,0.794170412386412
0.775,0.0,0.0,0.0,0.0,0.0,50.877273265905146,0.0,0.0,0.0,13.248473315775042,0.8575612771594665
0.775,4.401791937949268,0.0,22.00895968974689,0.0,14.917183789717674,3.3013439534623683,35.58115149842459,18.340799741455747,0.0,47.44153533123242,0.6707376020304907
0.775,0.0,27.284987346073983,0.0,0.0,0.8460461192582943,27.49649887588832,0.0,0.0,0.0,4.23023059629051,0.7658008913483078
0.775,0.0,5.217728701449545,0.0,0.0,0.0,72.59448628103141,0.0,56.03386909817174,7.940021936987811,43.102976229362405,0.8166201009526989
0.775,0.0,0.0,55.70783439709685,42.012991774477,0.0,0.0,0.0,0.0,0.0,28.3181491518582,0.5921036160172103
0.775,0.0,0.0,0.0,48.05605094040366,9.316989468037931,19.124346802814237,0.0,81.40106587864398,0.0,49.03678667388151,0.7807649968566576
0.775,0.0,0.0,0.0,0.0,0.0,114.3891647110172,9.7296530903631,54.95939178069587,0.0,160.93372138653527,0.7010994317369557
0.775,0.0,116.66825917796945,21.58362794792461,0.0,0.0,127.16840250398776,31.50042997805228,0.0,68.8342729150017,133.58515675877555,0.7785889906580162
0.775,0.0,0.0,0.0,89.37063488885859,35.74825395554313,232.70089838985825,166.93760101881134,131.1893470632682,0.0,193.9174153248819,0.7848004992614096
0.775,113.40709602801108,109.68204542855048,0.0,96.85131558596572,0.0,0.0,17.79746397519951,87.33174183178888,0.0,128.3072984258515,0.7505763623034478
0.775,0.0,107.86106572205838,0.0,31.848739878560437,0.0,171.98319534422632,145.2302538462367,0.0,92.14902071530076,151.6000018219488,0.7800163289897128
0.775,0.9200565330526748,230.0141332628549,0.0,304.538712440019,0.0,189.53164580859368,224.4937940645472,250.25537698998653,0.0,69.92429651190913,0.7432506499920859
0.8,0.0,0.0,1.8751164093801744,0.0,0.0,2.518647484788772,0.0,1.3980157845082783,0.0,0.0,0.6996356406518467
0.8,3.467191255788149,0.0,0.0,1.507474459038355,0.0,11.230684719835814,0.0,26.682297924978958,0.0,0.0,0.6539480749407497
0.8,0.0,0.0,0.0,11.374515116100984,0.0,10.728235848140717,65.01569435680338,0.7755351215522063,20.810192428320573,0.0,0.716836795503978
0.8,0.0,0.0,28.895354036110984,0.0,0.0,79.1098412330109,51.62401666207637,0.0,0.0,63.95739948236758,0.818119397966457
0.8,37.51045837606378,0.0,0.0,0.0,0.0,50.24128061278928,116.39608902148338,21.36959446878805,67.06415285417464,62.06275840403321,0.5554853576353355
0.8,0.0,117.79053679560826,0.0,0.0,0.0,104.1899799697238,0.0,187.9791247006204,183.36465006326648,117.79053679560826,0.7661051061449736
0.8,0.0,52.740222983978136,40.99240080271326,0.0,0.0,86.73392121061913,68.7372574435737,97.73188240159,117.72817547608416,104.23067765080152,0.6122088176811413
0.8,0.264122769543946,262.2739101573774,0.0,0.0,0.0,154.51182018334893,102.74375735268868,48.5985895961305,0.0,0.0,0.6777810314497189
0.8,85.56306336904119,0.0,36.26513944118321,96.6125980425255,0.0,143.92727215719435,0.0,126.3613452403707,33.99856822610877,185.00887543040912,0.6758760200245967
0.8,38.875229341054016,0.0,53.95613727508371,29.15642200579013,132.711989819461,287.2075133214109,102.88530523882572,158.51709895102385,46.91838023920349,59.31823787385104,0.6726707476771713
0.8,0.0,86.43969586757149,13.381877602930413,0.0,0.0,157.32747992633244,111.75676160284335,109.22505502931683,141.4138957498755,232.19366002920887,0.7794283508112826
0.8,94.30393339473169,0.0,49.828715898525765,117.77696485106142,0.0,221.1406647727989,232.67127671625843,32.12099041392669,0.0,261.9096141443207,0.8117501077791811
0.8250000000000001,1.2643614251945356,0.0,0.0,0.0,0.0,0.5151102102644405,0.0,0.6555948130638333,0.0,4.027225280249262,0.8039508754921074
0.8250000000000001,0.0,0.0,0.0,0.0,0.0,0.0,0.0,7.117985155410161,5.317049152233824,0.0,0.8185715067912563
0.8250000000000001,0.0,28.065122827612257,0.0,0.0,0.0,53.226957086850845,0.0,0.0,11.226049131044816,0.0,0.8427680870470821
0.8250000000000001,33.49208694955096,74.07171097141405,0.0,20.845697271504825,4.586053399731314,9.727992060035584,23.06923831379918,0.0,11.25667652661248,37.38328377356544,0.8122422199502585
0.8250000000000001,0.0,0.0,0.0,0.0,0.0,8.580974531854816,25.522898607568376,114.41299375806156,0.0,0.0,0.8182860391249174
0.8250000000000001,46.487596067743056,0.0,40.8002837828592,0.0,0.0,20.523779115014477,28.1892869772484,144.6555515937735,5.44003783771411,53.164006141301385,0.7839049382953681
0.8250000000000001,67.81532583762792,0.0,0.0,0.0,0.0,22.00799253598585,0.0,21.49617875607852,0.0,0.0,0.8528387046016991
0.8250000000000001,0.0,0.0,0.0,0.0,0.0,25.454457253969416,0.0,15.004732697076465,32.68888194720234,0.0,0.7683696742742165
0.8250000000000001,82.48235998415355,0.0,0.0,60.50609106103925,0.0,58.79365452157742,136.42411097725056,0.0,0.0,17.69517757445581,0.7290972393392984
0.8250000000000001,25.970891284461928,6.849465833265012,0.0,0.0,0.0,32.820357117726935,15.411298124845953,0.0,179.22768930376023,78.19806826310618,0.7751301451127306
0.8250000000000001,64.64087388113695,12.009779846768817,50.86494993925512,0.0,52.98432285339042,238.7826816592808,103.49604397362326,154.71422273190066,0.0,50.51172112023284,0.8155591838046619
0.8500000000000001,0.0,0.5129250055288511,0.0,0.0,0.0,0.0,4.516589632018092,0.0,4.174639628332105,0.512925005528916,0.8307699236379601
0.8500000000000001,0.0,45.27360896754213,0.0,0.0,0.0,9.450316434972828,32.63655792077717,9.67009123578594,17.801758865878092,14.724911654492022,0.7391886013261659
0.8500000000000001,11.570853071782691,2.875992382003882,0.0,0.0,0.0,0.0,6.955888551823109,7.223422726893287,16.45335176681215,14.64749608508898,0.6715215729350646
0.8500000000000001,0.0,0.0,17.333333866809323,0.0,0.0,70.17204517046987,31.311828920687702,9.3655916860989,0.0,0.0,0.7412353334819605
0.8500000000000001,0.0,24.91521753827079,0.0,0.0,0.0,0.0,0.0,85.57835589232141,20.14882809616622,94.89448071097958,0.7179860514024936
0.8500000000000001,0.0,41.99955332747861,0.0,0.0,0.0,7.74991757828557,0.0,0.0,0.0,0.0,0.7669067285683617
0.8500000000000001,0.0,0.0,154.7068994187086,0.0,39.752836675511794,103.3067348000548,48.61493402355568,0.0,107.61118208338992,28.105508732368644,0.6939292630600354
0.8500000000000001,16.665077820273186,0.0,0.0,0.0,0.0,0.0,29.362279969052867,73.80248748977937,44.17568247596049,62.95696065436403,0.7702877045398445
0.8500000000000001,0.0,19.06678806884952,0.0,59.44351574405816,0.0,45.42381863461164,4.20590913283434,1.40196971094478,0.0,7.570636439102578,0.8082784800995814
0.8500000000000001,58.40771536810924,0.9126205526272472,0.0,0.0,0.0,73.61805791188748,64.79605923649582,31.637512491059,160.317010411422,0.0,0.8081029387883395
0.8500000000000001,63.54239344070663,73.96469077754175,49.42186156499473,0.0,116.99869268447576,146.58456899549307,98.1713168501927,0.0,57.15453378264591,55.80972122305546,0.7629871175147199
0.8500000000000001,139.185756686323,66.80916320943504,0.0,12.619508606226958,0.0,116.17371158085162,0.0,0.0,0.0,70.14962136990714,0.8109797711512089
0.875,2.0242938508948667,0.9273301439853328,0.0,0.0,0.0,0.0,0.0,0.7916232936460332,3.483142492042515,3.403980162677984,0.7591780414892381
0.875,2.836537131428828,0.0,0.0,0.0,0.0,0.0,0.0,0.4897618068654244,0.0,0.0,0.6442061519066969
0.875,0.0,11.56209354100272,0.0,1.112928790043166,0.0,0.0,8.470624679772298,0.0,12.984169217168958,0.0,0.7660071097819021
0.875,0.0,0.0,0.0,0.0,0.0,29.38627200075302,21.683074485992524,102.70930019680485,11.840099883797947,39.657202020433246,0.7041330582807395
0.875,0.0,46.31416153578888,0.0,0.0,9.675218676996908,109.28238800739308,0.0,0.0,0.0,58.68575263096572,0.8168146734416963
0.875,0.0,23.66542998698792,0.0,0.0,0.0,186.6117760432301,43.63313653851006,30.32133217082901,15.03740863756516,0.0,0.6792198263610595
0.875,54.13906648460478,0.0,0.0,0.0,0.0,148.88243283266254,66.37241323833702,0.0,23.165273640046088,133.00511045015864,0.814675796299871
0.875,9.32876899696723,195.90414893630685,0.0,0.0,43.90008939749167,37.31507598786892,0.0,0.0,219.22607142872303,54.87511174686459,0.7619973069064581
0.875,12.07080061081763,61.19615193391055,0.0,0.0,0.0,0.0,52.49394684239149,31.44022484678024,0.0,33.96667148625384,0.769470459507851
0.875,69.55722637575099,0.0,0.0,16.402140717426207,0.0,145.79680637711937,64.39358948322855,129.39466565969315,26.12192780923361,51.94011227184989,0.7815970529331728
0.875,92.42808609408866,172.78534004902247,0.0,89.32415782973463,0.0,188.3049813707925,0.0,0.0,132.08939169416217,106.22332282454956,0.7742302828570464
0.875,0.0,203.55355579421348,113.16830716632488,99.34907493809284,0.0,137.07184399353562,7.096362495578425,6.722869732653601,143.7947137261875,129.60198873503236,0.806100404412528
0.9,0.0,0.0,0.0,0.0,0.0,0.0,0.4770384929201512,0.9063731365482874,0.3148454053272738,1.45973778833568,0.9328934958558044
0.9,0.4080806447921405,0.0,0.0,0.0,0.0,2.4608499488979354,3.2275469179013423,0.9274560108911776,1.3355366556832615,4.649646134601148,0.8541271437405197
0.9,0.0,0.8308699899866638,1.911000976969478,0.0,0.0,13.792441833778923,12.463049849799958,12.7953978457947,9.222656888851894,61.98290125300543,0.7746506730522527
0.9,0.0,21.93282917794717,0.0,40.53408936683836,0.0,11.93812221078174,70.65702564287974,24.15387517065053,1.2493383708952055,42.47750461045466,0.8533005657215675
0.9,0.0,0.0,0.0,51.1076495588628,0.0,52.2961995486036,39.816424656323775,78.04811599299165,44.96680794520031,55.861849517826926,0.8166769104385385
0.9,39.231989417636726,104.70037175831756,0.0,13.485996362312624,0.0,50.26598644134705,36.04439027745441,0.0,23.048793782860685,6.37519828036686,0.8756096508104042
0.9,43.2020225214145,130.69291089811458,0.0,0.0,0.0,106.78235755293008,89.93628587791369,0.0,75.53561170410721,31.518456682290637,0.7901426198404511
0.9,0.0,0.0,0.0,0.0,0.0,26.104506987502617,131.88214467644053,0.0,63.62973578203423,0.0,0.2
0.9,34.063574038992854,0.0,0.0,0.0,88.62302737263337,10.10360246919264,6.350835837779019,61.776312240206686,0.0,57.734871252529366,0.7462075837299877
0.9,27.87088087508651,57.86237225153631,0.0,0.0,22.417882443003972,76.64492240648619,44.53282052867034,79.97731033720268,252.04970530512216,98.75986049215254,0.9216214609656732
0.9,51.840031704387776,0.0,0.0,0.0,0.0,63.828039036028336,0.0,0.0,46.33202833579569,0.0,0.8029645207942347
0.9,0.0,72.18211823413803,0.0,32.04002186923422,0.0,55.609693129363045,0.0,29.830365188597668,64.8165959653484,153.5711393042648,0.7992385286417918
0.925,0.0,0.0,0.0,0.0,0.0,0.4893439004723682,0.0,1.235010796430172,4.299235697006914,4.625464963988546,0.9222610324862429
0.925,0.0,1.738554702281646,0.0,1.2503304365724244,0.0,3.3223065886067387,0.0,0.3096056319131609,1.619475613084272,6.823231811009538,0.8354936323854438
0.925,0.0,0.0,0.0,0.0,4.402093389474595,57.12938976562594,6.554227935440219,0.0,28.46687058526896,0.0,0.8937794547373227
0.925,0.0,7.315052668844043,0.0,15.227252494327862,0.0,106.88934103861764,33.440240771857994,19.855142958290877,68.3733494353161,23.587312687292872,0.8558961911295351
0.925,0.0,0.0,0.0,0.0,0.0,16.620923188323548,0.0,0.0,42.4756925923824,52.817600354006615,0.8011022025584686
0.925,0.0,0.0,36.23269511007668,0.0,174.9164591520943,78.4625259625111,92.7057233506109,100.9517849963518,108.69808533023004,0.0,0.8768566190245626
0.925,65.40253667876314,0.0,0.0,0.0,109.82175950642362,53.684582190485486,143.88558069327942,0.0,0.0,0.0,0.786039425613288
0.925,44.25786385637807,0.0,0.0,84.3140317770228,0.0,88.51572771275615,0.0,0.0,78.4316574669982,72.82939621935547,0.871715360556165
0.925,0.0,0.0,24.824989760745204,62.65354558664144,0.0,78.02139639091293,89.84282008650575,58.51604729318503,68.56425743443785,84.81871501587935,0.7682652868439879
0.925,0.0,140.04311317604,0.0,0.0,6.756465986564185,109.63901623650608,0.0,71.86422912981043,96.12608426337768,62.34375433056236,0.6706536051478579
0.925,138.43825517587862,0.0,0.0,0.0,0.0,256.27959921583414,150.9314635698003,17.8956768885898,52.33641354210045,33.09011952984477,0.826121487459213
0.925,14.054460304681813,109.47684868909488,6.287521715253098,0.0,0.0,54.36857012600437,224.1316564378111,176.79031646414762,66.5737593379633,0.0,0.8595226246580455
0.9500000000000001,2.351634722644821,0.0,0.8848934781086362,0.0,0.0,0.0,1.1515737043879226,3.3335028284913557,0.0,1.8061524416189632,0.756999965802185
0.9500000000000001,0.0,4.459291843502279,0.0,0.0,0.0,4.316974018709674,0.0,8.029097282050696,0.0,0.0,0.5996263281319643
0.9500000000000001,0.0,9.300231521713757,4.13343623187278,0.0,0.0,7.543521123168011,0.0,0.0,0.0,22.217219746316196,0.6503134556817807
0.9500000000000001,0.0,63.17727204659231,0.0,48.9852761520677,0.0,0.0,11.292555873062506,43.49160032192939,0.0,33.57246340640163,0.6926939002122696
0.9500000000000001,0.0,0.0,0.0,0.1594712682289266,28.226414476546125,77.50303635932943,11.960345117180378,10.365632434889662,46.56561032288865,35.402621546854355,0.6495813437221375
0.9500000000000001,47.62770378106227,0.0,0.0,0.0,0.0,48.86800856702742,0.0,34.23241209263848,34.480473049830145,64.74390982738151,0.6749216206625076
0.9500000000000001,0.0,0.0,42.08631525661963,18.310280014243,0.0,28.14863942488229,48.91850929178511,29.515078231915385,0.0,73.24112005697448,0.7543689764892827
0.9500000000000001,0.0,11.751575203274571,0.0,37.26109210794459,0.0,259.68114961383026,79.6814123539128,92.866106484416,54.17189544924148,112.06990010928054,0.728255502157546
0.9500000000000001,0.0,24.07130693050696,0.0,0.0,0.0,42.5155550980404,0.0,98.47352835207624,181.62895229382923,110.66548900519072,0.7667007536039919
0.9500000000000001,44.36352685398223,131.22917384079946,0.0,7.135392431060551,0.0,31.64391425948427,66.07993860068653,0.0,0.0,0.0,0.7121218922267993
0.9500000000000001,0.0,244.0528671807596,0.0,0.0,0.0,0.0,59.533581009858544,0.0,0.0,193.9193252777232,0.6833471775309519
0.9500000000000001,124.99179494420544,76.72407009543451,16.569517485398535,0.0,37.101310891219846,68.79951825459224,0.0,52.23000076919206,0.0,237.01614142157567,0.6767435008733523
0.9750000000000001,5.673276211138727,0.0,0.2151541876479863,0.3850127568437569,0.0,1.1663621751443118,0.7247298952352981,0.0,4.178520802215915,1.98168330728399,0.6639971565357352
0.9750000000000001,0.0,2.988627508948956,0.0,0.0,0.0,0.0,0.0,0.0,1.448685853574483,0.0,0.6578361677965343
0.9750000000000001,19.105926973830528,12.875733395407613,0.0,0.0,0.0,16.47540079627406,0.0,30.32027541499165,18.413683242894017,0.0,0.7410251383843576
0.9750000000000001,0.0,0.0,0.0,0.0,26.859615308427085,54.947098745239686,68.91409870562163,17.03667028134504,8.288109866599799,45.277637234205656,0.6801452528853709
0.9750000000000001,0.0,27.04711910860189,48.956796598810016,16.621134647744096,0.0,57.87176881896381,0.0,30.67354848629165,54.39644066534431,12.390300373773284,0.7677923478743813
0.9750000000000001,23.054583761353182,51.014398110228285,0.0,0.0,0.0,0.0,0.0,80.6910431647356,0.0,45.863905993330505,0.7568352182932528
0.9750000000000001,0.0,0.0,23.2010241637881,28.05705247713964,0.0,153.77422992278323,42.35535806645156,115.4655621174588,63.66792677504685,109.53041640114132,0.6923734947121396
0.9750000000000001,0.0,53.35790112446042,0.0,0.0,0.0,147.93407507522315,50.53473175279586,0.0,0.0,21.738404161817872,0.7326911868118273
0.9750000000000001,0.0,0.0,0.0,0.0,0.0,99.91163618923586,63.1794170020168,18.80689622385643,0.0,126.3588340040336,0.7103463929033211
0.9750000000000001,0.0,0.0,0.0,0.0,18.69277755853051,0.6029928244695222,0.0,0.0,0.0,0.0,0.7206441672448837
0.9750000000000001,66.84810963042561,90.5370028489752,0.0,57.437453420316814,0.0,110.98084220197008,74.63623890775708,159.33214479873328,145.0539077902925,142.1333593112945,0.7774581978423989
0.9750000000000001,137.90663356756167,53.80853144367323,0.0,7.83965358781934,0.0,52.02679199189758,117.9511517076566,115.81306436552256,112.60593335232316,71.98227385180269,0.7092561377136692
1.0,0.0,0.0,0.0,0.0,0.0,0.0,0.1579244928269742,0.0,0.0,0.0,0.6593657632027403
1.0,0.0,0.3555967765320595,0.0,0.0,1.3676799097386587,0.0,0.857079410102901,0.0,5.014826335708415,2.607709694568409,0.7513962781190606
1.0,0.0,1.864415890971526,0.0,2.190309725572255,0.0,0.750313712220258,0.0,0.0,0.0,2.1751518728001424,0.6842951858258842
1.0,0.0,0.0,0.0,0.0,0.0,22.38261783563036,40.53847522161373,0.0,56.38882690778917,28.43457029762496,0.7677838264515061
1.0,0.0,87.4708427671298,0.0,15.136385437240586,0.0,19.502650467213797,0.0,0.0,0.0,40.46072261108532,0.7193182338454096
1.0,16.12417783904433,0.0,0.0,0.0,0.0,0.0,66.10912914008237,55.74358624355388,56.43462243665515,20.961431190758464,0.7245823428269337
1.0,0.0,20.374815404543337,0.0,0.0,0.0,17.993343474143074,151.88498756114507,0.0,25.402367257612827,114.83986864379268,0.680413349958925
1.0,0.0,23.88899496296033,58.58491621868754,56.59416663844138,90.15251670545724,43.79649076542706,12.513283075836489,122.00450998940347,170.06689271250067,30.99881489241273,0.7223461794406095
1.0,31.867930286098574,33.952748155282,12.211076090934387,103.64523121086056,0.0,19.65685419516419,23.82648993353104,0.0,0.0,18.1676985743185,0.7588320717204813
1.0,0.0,0.0,115.12638926318942,0.0,0.0,4.055943253175252,21.52769880531208,0.0,210.90904916508336,139.1500531473788,0.7386448209277179
1.0,40.46421866169091,34.264056124818666,0.0,0.0,0.0,0.0,21.863731051075654,0.0,106.38173615896052,0.0,0.6836524270718239
1.0,89.97944967752893,0.0,0.0,81.458668458066,0.0,208.5887242524537,48.39803732655042,0.0,0.0,165.98481815513895,0.6528426139913172
1.0,0.0,0.0,0.0,55.873125104359815,0.0,161.53794673029398,107.1851787716314,27.36642862254496,38.76910721526987,2.2805357185467097,0.6228825085061392
1.0,72.35546194410169,70.73858011294823,0.0,17.785700142684494,0.0,462.8324241675755,0.0,10.105511444706888,76.39766652198261,104.69309856716372,0.6944129552537467
