frequency,559.4820190319143,559.606434233817,559.7308332075968,559.855215949202,559.9795824545814,560.1039327196836,560.2282667404573,560.352584512851,560.4768860328134,560.601171296293,Max_Oxygen_LifeTime
0.2,35.58792065227678,0.0,27.624190156662788,0.0,17.04736059217398,0.622166444969439,117.2161582323246,0.0,0.0,0.0,0.45973694591830416
0.2,79.98235658033532,0.0,99.8025458206384,12.804193049044612,53.67237086311944,67.00276362650847,79.98235658033532,95.59294810588308,0.0,17.539990478144322,0.971616363897645
0.2,220.8818961387485,145.4847104375414,74.9724128240181,0.0,201.1299573494186,165.2366492268713,157.3783509988585,50.54797238559744,16.141369333216,124.246066578047,0.9117780783164717
0.2,354.68089803229816,138.79989550655986,256.3081565567738,129.36689289931732,153.8926996781468,396.72513822457546,173.2977336130446,247.14466830973944,146.07678323214608,307.5158849960873,0.9391676774955388
0.2,373.39924634513807,229.0776824028847,276.57259708206385,123.32933645974282,102.0747061337014,292.5791705374764,205.7238293285931,83.96890993003703,101.8123032901706,176.85951654014346,0.8415457954533347
0.2,345.00906086045075,342.7261224924732,248.8402821094398,0.0,109.29567436687393,343.2968570844681,204.89371852589196,57.92956108740414,90.74680012706634,210.88643174182948,0.8653322467273351
0.2,238.49771544668684,487.3922929934272,333.64475648354176,72.46297827310129,192.81453349190372,309.0703551561416,220.854555519321,172.65092214634612,132.6387558825025,63.641398309420495,0.7316352996703497
0.2,358.1424076750191,324.4797976513003,304.69867629715776,199.19936240839192,134.99747731160917,544.8484302807941,377.229454595682,262.0130986382154,117.6456164746418,337.3201746706583,0.6677301296999959
0.2,301.4600539662418,265.3616525995829,351.3833750052353,55.29967868934875,225.0389702219304,495.3929549254128,408.6031814268518,120.96804713294976,124.42427705103468,421.66005000628286,0.7000370427067865
0.2,633.9432471254877,581.6418747744824,404.07027993760136,341.22427606421775,193.1776494899998,528.0751466407912,304.95074362722835,316.7607309322953,37.11710295877808,350.9253370648073,0.6751327152436368
0.2,567.0682542029325,535.9960210959218,599.0543765189711,538.2807441184945,410.3362548543372,428.1570944304137,512.2349016611491,385.66124621053353,80.8791949991288,298.38482674819767,0.5234310677705861
0.2,856.8710074465566,522.2441173159569,171.68261336961606,280.654811077274,377.8045533732554,423.5523156184519,575.1881567682622,561.8236419550583,247.75754384477463,617.3377804099042,0.6944522570889506
0.2,853.2857698076606,390.12092588482415,687.8302281912571,397.8680081009757,460.95139186107576,1023.1682155475746,1084.591510261356,623.0867553848383,379.6070285914735,631.3872006164319,0.6630253734709786
0.2,1324.292069720011,646.8032598587054,908.5329510573451,643.7948726035467,918.1597902738432,767.1387500649759,1444.627559926278,847.7635285031778,185.9183323686872,587.2371922066021,0.79822163316433
0.2,916.2406063387684,1035.9208568455415,954.1720518545744,844.3016579467151,1187.6466389087789,1081.0461972005558,1073.1983119214212,897.2748835808592,489.18484906595,716.1195317208768,0.7036243975064377
0.2,1584.8997412779795,1200.948070251783,1025.8250752608271,1092.5037051527822,934.9662828805816,1327.7107402661532,1121.080260820758,880.7441003310837,704.1556409468959,407.39910131787343,0.7339582087744879
0.2,1620.5191262085775,1247.4909020712971,1209.2941122358911,1270.24643644133,755.8088201474279,1156.4687645911772,1140.2148114697277,915.0975607376404,1041.065697428883,1227.173460669488,0.7500676178642665
0.2,1835.738153102644,1250.5226684992688,1701.9486099662583,1316.0522406477023,901.9417499874628,1911.2791876626356,1955.8757020414307,1896.7170605185445,986.58411401252,1704.6790088057708,0.6612667032813783
0.2,2489.2361772819645,2187.2528050700603,2814.6126276229697,1676.858373162605,2170.239657339804,2977.3008527934644,2079.857310022859,2446.703307956345,1661.9718688986395,2494.5527859476706,0.5525249130712094
0.2,2836.025212334089,1897.4682242011984,2372.40067602748,1655.4788320801815,1557.0999670590274,2018.4629202616989,2160.942655809588,2263.844687038618,2298.899225149602,2065.956165444328,0.5601010204217014
0.225,276.82395939310504,210.7963187082315,217.76818138924253,76.89554427586191,189.06051152625344,306.351848395035,290.3575751856567,212.43675698611597,100.0667349509892,226.58553713287455,0.8247662403650454
0.225,297.66930628584385,356.4589942772975,263.68539381820966,213.8257850153313,140.64874722006132,225.2364417562886,389.69873347921697,238.6315605391508,134.4473033391056,198.69426194580024,0.7810588398643363
0.225,314.2832651733743,212.41213784131455,366.573498085841,146.84614631376553,123.27490142576164,347.8790624850093,254.9487521794352,204.8259900612668,240.3183243179151,79.65455169049363,0.8336496532846075
0.225,354.68089803229816,138.79989550655986,256.3081565567738,129.36689289931732,153.8926996781468,396.72513822457546,173.2977336130446,247.14466830973944,146.07678323214608,307.5158849960873,0.8326921862102807
0.225,520.2027090212748,376.4867303778526,268.6997463952865,42.68487399879323,258.2588419639255,616.3204468746734,368.50250934210686,231.84949546107495,160.29859156381605,304.3216556316894,0.6972630871582721
0.225,503.4394663612656,350.6331009187123,491.2806802937922,179.0956326154622,404.52609862318167,410.441183737088,529.7287335341745,338.14569901158035,335.51677229428793,358.848496910248,0.8245197440059927
0.225,437.2907643013511,184.3955517188456,469.1188895511327,320.7029576798672,177.13043617269835,575.3279596781206,504.7525515155614,492.6440256053176,260.5062860117995,102.4035334123408,0.8684417707442
0.225,693.1816668634199,302.0132342765063,488.867670735404,217.6872758745796,189.45479640961503,507.0701903904432,601.797588595252,478.0947509395602,248.52011529026143,401.5698723897957,0.7852449718092277
0.225,613.2500548099982,607.583057603834,509.6249630401242,574.7954309110214,462.6698433318981,376.4505286952448,629.4414753990407,329.9001945017468,225.4655317024222,317.7566290599678,0.7001181046785798
0.225,821.7020839364235,597.1568716053124,532.2388498224552,614.9426309978752,396.1777904693443,773.2358895916864,613.1640550586166,594.9336516812406,121.83245183905662,610.4961911497345,0.8729390368811302
0.225,632.7307425670214,593.7788500065861,429.4208643247645,408.9948718845383,294.9893326832711,594.2538730865904,808.9643052489726,915.3694751701552,493.0739570454679,459.3473183650958,0.9409197834843136
0.225,1264.032635732077,782.7198788093424,736.3094396261108,579.8697569860008,555.8823389811843,800.4497095085534,992.8705191558846,668.5189104820627,511.036296624354,812.4434185109617,0.8786739544765398
0.225,752.3262721435452,753.446638892826,932.7053187781096,538.8964064051282,498.5632034309395,1082.834463182031,981.4412723719188,661.0163820769786,512.5677877969786,811.1455264809035,0.7488796733202973
0.25,287.8113318841882,204.6906534409156,187.46026328377013,179.80231210281576,157.94524310717603,171.66573897305167,171.0275763746391,165.44365363852643,105.296828738117,126.35619448574126,0.8907084191471129
0.25,211.5388059451173,206.1196965521952,190.44298723695744,170.70194587702903,250.82734904379743,271.3425488884286,146.8965724724087,88.25406725615098,67.93240703269517,161.6055836817683,0.9102083319707164
0.25,386.2634012109697,236.2330435454897,249.65805200221345,253.66200189281304,287.1067598025429,360.59101661828976,268.02911620614856,223.75014094537931,219.510664590624,246.36068150406985,0.9443221441693939
0.25,313.66030960342823,373.1430917922149,251.03306315796488,96.43023720472942,332.0030177673707,316.5427351720472,241.0755930118236,317.85292861232966,74.15694871994114,316.542735172049,0.843301338754155
0.25,457.19067167089605,329.83460523625683,182.23068492145603,321.9115319788027,253.244897080862,601.8601204088619,347.44143469726635,349.2021176433677,164.62385546044453,321.9115319788027,0.8709211639441403
0.25,546.9062004758567,281.9454325434553,344.943097646264,270.21057335763714,158.42059900853357,482.98209912153607,556.1705629909754,403.9262056591877,203.8159753326169,399.91164856930266,0.8162583665516217
0.25,454.18265083337326,293.4566656218531,321.45197042304017,498.3164254611247,358.0105449281175,439.3616071150972,367.2325276861566,363.6096058883567,82.00977524112392,332.97944887058617,0.8839646218926953
0.25,604.8330468567273,571.7562396067494,392.196428821158,314.77489097231023,491.0633691727384,602.652158466616,455.44219213430114,338.03770046680086,314.4114095739596,368.2066565299661,0.8620823431292292
0.25,632.5746686369682,709.6989201087156,355.23897647593145,264.0921338275025,544.933473782705,655.1666210882867,640.7545134900287,413.2769232905314,391.07448726078405,426.1309652024893,0.920458161603352
0.25,694.4609806136765,446.9512079237971,478.9967662277698,666.2102910562273,497.12780579448673,741.6860139037349,723.133322254069,656.933945231393,421.6520829469792,829.8112992396543,0.8298172285604452
0.25,982.695132583272,588.7297701751703,866.0139497979906,396.6272905324814,640.63736860056,913.4850013494153,858.0281654248519,819.8738623087526,401.9511467812376,700.5307513990914,0.8914172453042928
0.25,834.654002298665,439.56849748565566,838.4804962920099,536.187470817651,740.9048994616766,991.54025602586,903.052582429728,628.501638407131,683.5074895614839,552.4500702893716,0.8738477512417712
0.25,1028.59363958711,661.4600664212289,726.0053500298573,542.696744581349,388.3044261895096,1012.0700469833002,839.6050491810437,719.8090028034277,448.2024493783193,415.1552641706997,0.9391192474088602
0.25,1059.9916210373756,888.6026565648026,985.2136333534818,852.0323998142835,858.5822965457169,1293.0587797309645,758.1505466637005,700.2931255360181,690.4682804388663,765.2462681227598,0.9311141893419929
0.25,1081.7684958340617,974.860051522149,1121.632661509688,833.5234641267458,965.8000138685956,1322.1614949082914,1102.3045811821064,997.812146911148,933.183878315812,969.424028930021,0.8825515117549522
0.25,1431.7843195800092,766.639753818809,1293.265729589434,912.8183580024132,1119.000406698061,1355.8225121658236,1145.1721218575728,1142.6187837932314,537.4776625440794,886.0083083268169,0.9153880401320287
0.25,1845.7314935446536,1644.671417995129,1064.9482001606602,1241.8810666442414,802.8999016944407,1608.4806043962124,1217.7538575782985,913.4829432466836,1080.3628059527907,897.3981372027226,0.8366406301068983
0.25,1734.5324326066363,1049.607263000682,1434.040030699183,905.7094930731702,1150.476778194965,1106.7431422366028,1426.9862184478343,1430.513124573511,747.704098642957,1161.0574965719898,0.7023520808996986
0.25,1745.162775660565,1246.3295470391083,1129.5332472863472,856.7573730250698,1039.1103055422748,1856.68440381158,1344.287733928515,1498.7602594079715,856.7573730250698,1340.5201113558485,0.755610973873429
0.275,270.5288776063663,132.3073773677605,160.18824233031495,192.6314306503793,151.2325705544642,244.50673697464725,184.35165863119516,208.6840498712442,173.87521240284224,150.89462067612976,0.7349682530279553
0.275,401.4738892039638,170.8879661251413,136.83346147115242,173.34973754591212,281.2573848230116,304.4390657019317,265.6661658247997,260.53747536486094,76.31491404388004,328.6464846728415,0.7725901930008846
0.275,476.5034018349122,259.9538360505312,296.2813231211137,185.4117197238822,194.13975233174887,381.9103997874855,296.9890014406707,348.4136259951307,227.87241889728875,435.4580593006179,0.7802447031227839
0.275,398.2125732587864,308.3021859765757,305.64211534692464,141.51575749744373,255.36678044651435,461.7882613074486,483.3348334076239,331.17879339157565,233.5542012833763,292.6077692616336,0.7744336608163489
0.275,591.3801646349191,250.79786334213728,383.3795500492569,433.9581167614528,237.6294791093748,565.043396169396,474.6603952990778,405.2270966172468,257.08277399868166,367.2183512181397,0.8173128926325012
0.275,552.5092650445949,461.4398330813529,442.8411462719579,225.10824379646223,412.05711293227125,475.2285146814209,588.4239706075608,388.96908792750577,419.432454253238,367.1637309785601,0.7840962965634557
0.275,711.0970347570559,525.2028633774177,444.3492646732613,488.2313460212434,349.3290097858994,556.6459295401429,576.6865651163872,449.5321876671184,194.53237636939912,521.7475813815138,0.80167380927598
0.275,698.9495221150439,294.1997730901545,454.0831259078167,434.9979509093101,235.50385752871532,590.9202296706773,546.9883174099692,470.6476174159526,429.9565839285737,390.7059410071215,0.7916037598162216
0.275,564.0848709648246,632.4009683279514,485.84576504615967,502.6385487555309,205.32994626459748,587.7474298280288,400.7368839736566,399.97357562323214,327.0776281575459,406.08004242664055,0.766825166377979
0.275,615.7579044222043,659.0205675569175,761.0868504863822,591.3964047929484,659.0205675569147,727.0647561765597,761.9269021977342,604.837232174607,385.5837355113124,501.93089753379047,0.8298172285604452
0.275,668.0303643508958,535.2107235643209,659.7291368017344,305.83469917960986,524.2880557364766,899.1540155880552,737.9354384490904,491.5200522529464,342.09795636805154,512.0546677692937,0.8419934897076728
0.275,720.5037501962466,600.1884161878828,643.6870369447541,552.062282584536,386.86007396535774,620.0867214277242,561.7800595621334,594.1726494874644,359.5577481711519,583.066618655921,0.7573560230931569
0.275,948.0069136464188,694.6475153444444,595.2715960104647,380.28507745131424,809.2741945762081,772.8691548201981,1101.4984326177116,688.7439953840088,606.0947159379286,545.5836363434748,0.8159663184531726
0.275,1042.151536293656,577.2396233961867,911.622576408571,789.9342233682919,1074.9137851891107,881.4605059968775,1159.1595680631508,693.207583772177,381.7062014169373,669.8059774182766,0.8465959102028908
0.275,1116.0395049864069,737.63500380102,776.546942074927,686.8803017046175,779.3666477469471,817.7146448864506,1299.3203736678486,751.1695910267256,805.3079399295517,988.0248674765978,0.8661823154686811
0.275,1064.18069678818,1027.7729444022675,837.3783048759485,824.8444884807965,936.4551392376048,1408.56222345491,1011.061189208733,1168.032318347991,567.6028281803467,987.1872532179766,0.8753687785904483
0.275,1282.9446035086175,817.8927695837236,1261.12581773466,709.4222345931995,985.585723103557,1691.2675944212203,1082.8351682674772,1401.3894405672363,755.5533816581368,723.7602938160848,0.8164756490907241
0.275,1320.9466891214968,1119.590863123333,932.6644448514232,1141.8908568820857,1193.049666093346,898.5585720439163,1374.729027010252,1174.0290831814666,752.2968482732643,967.426199828304,0.8361569321063043
0.275,2258.495821625369,1142.341665967827,789.164162053363,1164.2825529845595,1590.3604234384804,1240.721772268648,1312.914368259184,725.4648126499548,847.2013470653593,1359.6272244883512,0.7819711433974208
0.275,1746.2857342634352,1214.807467313694,1293.6814958346702,1098.339275665897,922.8998477407428,1511.8750700609096,1540.623547746125,1458.8009574112868,867.6143137307138,1270.0930013237237,0.8320106428086772
0.275,1815.1538971304224,1164.4970183731766,1498.7651878661436,1237.569594960013,1381.38264462559,1860.241231620168,1143.5080868003583,1688.4429398574998,1194.0369961423196,1661.235065596448,0.8289673586522995
0.275,2144.695584446025,1943.4528659660375,1505.2630757273478,1394.0927030186422,1334.8559350789635,1798.2010651276555,1870.4212342595868,1370.5602883576748,1558.819605645409,1436.2887568934796,0.8365105221819555
0.275,1435.3930727446573,1897.0741978069996,2387.77040281781,1210.952895496237,1599.242935983045,2095.059449220057,1682.8746370109748,1934.623124799128,1395.283991639428,1652.152787653782,0.773445122916722
0.30000000000000004,269.1444928195164,141.11744920146705,148.74153157422805,62.143463868536266,120.2591106344818,254.90328234964272,172.0453305249277,237.64120905282772,188.1565989352897,181.9710226705976,0.7407217240849905
0.30000000000000004,324.33699113158343,233.57602241986493,178.8524971672104,146.05651687642182,191.81834984031337,246.7325493969825,279.7192039917881,205.1655511214481,207.6443170736589,113.45121088964912,0.867026873689901
0.30000000000000004,335.9542828965792,291.997647751232,297.8286299643904,230.5480659664099,329.0019579501204,303.2110750842283,291.3248421112521,299.8470468843301,94.86559523715144,232.34221433969012,0.8479892845776956
0.30000000000000004,548.4432042827066,404.4768631584961,354.45681165678644,237.1509040740964,253.40107308987933,362.83580505554994,446.1179212614423,405.7464076128533,202.11147713381249,204.9044749333997,0.8758760872989872
0.30000000000000004,641.1797740872339,469.9037056988728,461.354642044378,407.4071024315188,341.07816028456494,485.82265181414107,455.1639407773277,410.0602601173976,197.8076452471404,270.3272886611465,0.797632544766235
0.30000000000000004,674.7568983269699,399.9997728211677,390.9382892944758,259.8704025690921,375.4043175344275,381.87680576778166,523.9479224898632,402.2651437028407,258.8995293340891,548.8670021882683,0.7840962965634557
0.30000000000000004,679.6345581058782,357.33016162058345,504.8425186326605,354.2990857915676,483.2882016263284,647.6398687996033,603.184089974046,419.9723954202316,326.6826171272059,553.6765181001311,0.8105519957228438
0.30000000000000004,692.1274479251671,428.4074505440343,489.660913079012,625.3721773780645,427.3070889416093,680.3902574993001,553.4818860196472,427.3070889416093,535.1425259792353,450.4146825925309,0.77806321886658
0.30000000000000004,832.2755881894032,848.5718934126901,501.69339651696936,369.3829183945492,572.3107191512203,566.1026028756812,751.1820693401763,631.2878237688366,368.6069038601084,374.4270128684244,0.6703456165782044
0.30000000000000004,891.9588051193991,557.6803434965569,593.1278745687691,507.8064916391411,621.5683355453117,645.4748099893602,1022.2078727800867,456.2839174062741,434.026165337674,408.4709685181716,0.7814791732500574
0.30000000000000004,869.4819405059731,481.93894411511417,634.358089064367,699.7424381761208,433.8749523839541,735.6821797408587,792.8393590968282,912.34982502295,478.9078815735072,497.52726575765166,0.804430205528871
0.30000000000000004,943.4655690320408,818.1035101547532,880.3202356716301,403.0158040943959,498.6624119785469,845.9617454608133,607.3095296721992,670.4548630326099,651.4184022401342,890.999225872285,0.8523502692667881
0.30000000000000004,1080.9870628361557,587.7648305564463,438.1974396318701,646.7914263059449,774.3489001713875,1058.9771457770184,899.4052470982905,860.8878922448057,678.305625731524,710.320050544813,0.8192687141174579
0.30000000000000004,1316.8676594684994,678.7765252950653,428.9991241053028,433.119163712555,560.3253865865187,865.7233224742045,1034.1299414207049,777.142470918249,572.1705004573734,812.677812530813,0.7077329333746215
0.30000000000000004,1108.515040484446,831.5244991963123,1057.6505099485016,570.56734253364,762.415082707254,1117.3610457950415,834.8417511877838,795.0347272900916,893.9994117024164,1022.8193640380148,0.7396000724320938
0.30000000000000004,1546.1423841442454,876.2054548250735,940.1196458269042,966.847398427665,1093.5137042312915,1168.4676191334352,1238.192191135432,980.2112747280512,591.4967858169242,807.0619209230961,0.8241658209092182
0.30000000000000004,1392.7557477060595,900.4412981227061,1067.596390050636,854.6871671205356,946.1954291248768,1436.679713468139,1257.9335750196628,1109.6901905726322,732.0660960347211,1148.1236606144544,0.8088869096929134
0.30000000000000004,1475.1200063882627,1231.6285817529922,1267.7013854026654,1082.8282666981086,908.9058205300576,1079.6074806579577,1420.3666437057243,1202.6415073916496,860.5940299278213,1513.1252816620215,0.7500953902929088
0.30000000000000004,1888.6008569233857,1140.8160804216895,1254.9660417341056,455.91631254719215,1004.1095399277782,1213.954079585929,905.6808307721618,1181.8280425698615,1051.2732963981773,1089.5511277364722,0.8399572348441947
0.30000000000000004,1459.8008258247053,1218.6474541075845,1185.7303766625178,1042.6126486404837,1137.0703491350218,1591.4691356049673,1706.6789066627005,1270.1698361955105,708.4327537090466,1583.5976605637577,0.7962337857581046
0.30000000000000004,1678.3547414528653,1040.222526091237,1259.1383619329165,1078.1977221045915,1431.8882732093384,1384.9777369575515,1545.0692495628623,1455.715847178502,1174.2526296677747,1458.694293924651,0.8213576247342389
0.30000000000000004,2430.156160893501,1507.7782823473383,1468.594855051411,1259.3553532911485,1713.8831099239223,1349.4772360717843,1528.9373330871383,1595.5491594902178,1474.8642034187574,1260.139021837071,0.7957711616736298
0.30000000000000004,2016.7748260569635,1459.4973932820458,1706.814677316463,1256.1114689116391,1300.0428285756448,1610.8165210136306,1570.139336139545,2072.095797485716,1395.2274411809974,1798.7451151318903,0.8035843122847343
0.30000000000000004,1981.757132736748,2023.977175999401,1700.8646000097103,1071.872118749785,1449.2676075057414,1732.745040840691,1998.128169920221,2154.0838399312474,1520.7831909914569,1470.8084459050558,0.7433503506397324
0.30000000000000004,1398.7667778140972,2208.242522519053,2200.0198569407908,1912.226561701438,2016.3803256928225,2081.2480208102643,2569.126178454105,2201.8471159581795,1671.9420009143016,1978.0078863275808,0.7786844305942255
0.30000000000000004,2514.1532654017037,1814.405925295564,2062.2133279654468,1458.3608065169956,1630.2119171807813,3161.6806547536453,2237.862253229536,1991.0043042097332,1709.016570137108,2271.093130982204,0.8174794864497246
0.30000000000000004,2005.1083760508711,2016.9205019775288,2425.4231902745905,1608.417813680467,1879.1123661664703,2566.184357567308,2757.1470600483417,1812.176985915391,1930.298245182007,2327.973151379631,0.8171196267616777
0.325,229.44969284700272,169.9977793052021,200.2756769180029,219.51475769280287,205.6373879536015,233.0767326652017,151.3894880640008,220.1455472264026,177.5672537084015,189.70995223020216,0.6904838691894314
0.325,240.7570485056867,256.24329096753314,178.99215124506512,249.94075043073465,212.84579755700867,308.46434112957377,343.578495548878,191.59723231866087,113.44572966236515,262.0056137440345,0.7902560967884147
0.325,316.1283323626614,170.43965468566114,183.31821182838004,170.2384272303066,240.46680914919136,275.68161383631235,231.4115736582172,309.4878263359474,162.18932901610796,327.1958424071852,0.7698843571903901
0.325,438.20454725247697,295.0145556215351,498.1668553056341,316.361137288459,330.9919404534301,332.1911866144924,401.02791625951807,319.4791773072232,218.2628013134928,285.6604355652424,0.8540364758011214
0.325,434.50090634032296,606.1228767985947,418.6045317181169,467.4711648160111,266.7058408836937,372.97604900622514,491.9044813649583,458.345468273634,299.3817220515639,322.0487747536007,0.911080856110562
0.325,551.2698596659527,525.6670854662997,528.9079429599266,221.9987383134495,444.6456481256231,576.8726338656057,492.6103390313023,178.2471621494854,342.2345513270108,375.6153835113701,0.8393893428768292
0.325,593.0085672122385,523.1374671479555,617.7321872349843,338.96441364518125,618.0905005686466,514.8962604737069,574.0179605280983,566.4933805211766,435.35070040052375,623.8235139072546,0.853862127489083
0.325,703.7071820599446,507.4556895886313,535.0594640595498,262.803058319001,309.69166152987106,769.5024801139076,675.3471397953014,518.421572597626,299.4820463146011,367.1680138528772,0.7881536447098433
0.325,885.8379538235312,713.3775184708043,783.9848496505111,428.9192474537196,459.35344192773033,865.5484908408556,663.8712287930813,579.8728520448128,458.9476526680777,455.2955493311957,0.8422857745123126
0.325,718.3298308150502,639.8745468857487,684.5856226734137,547.0779744962535,725.9222776469165,736.889145292948,631.4384948503375,666.0263081955159,437.4092980359388,507.8503325316014,0.8507270960130764
0.325,995.3096008005514,733.933431212763,736.1944707420706,450.851282143638,712.6796596372835,605.9585938540351,927.9306228272276,767.8490241523551,611.3850887243709,641.6830184170744,0.7855066817485893
0.325,1087.5652662443454,651.3759883388584,691.6023328568077,593.7020727046896,713.8964515053102,732.3133321279877,1066.2404571022978,762.3619268281436,643.1368575339777,558.3222757190201,0.7770964449164884
0.325,1368.271178834291,1136.1808347526398,912.6864293406855,913.192072791843,653.7969823476467,1093.2011414041865,860.6051538713815,957.1830530426108,890.4381174897196,969.3184958704118,0.7981384129485255
0.325,1192.1799741105065,1203.7278428634202,975.5199603653286,853.9923892036968,836.9455353303434,932.0779779138855,1084.399865749958,1114.6442839123565,740.1633972106704,949.1248317872388,0.786338007417429
0.325,1533.4640266969086,1296.3609688388633,1119.1264330899749,778.8835450636801,1183.7370163562914,988.1269936234024,1263.759298383381,1144.6150118097144,1293.3971806156358,944.8556855643104,0.8731201779845464
0.325,1423.7866287476345,1131.27128742387,985.6495196779076,829.8533052772052,1293.4265309837806,992.0085488371157,1373.550298389858,904.2539464399904,958.3056942932956,894.0794997852503,0.8598952948851466
0.325,1546.7378841633729,1224.8044316137343,1368.5483805916567,772.3753203145576,1056.5511457133057,1465.923313770251,1069.7994359416853,1060.5256327818204,1130.0791564808153,1286.4089811757044,0.7899872613901785
0.325,1581.8437521197732,1371.5810702799097,992.1335153039968,1010.2356004955086,998.3996217164396,1246.2589420309832,1708.5583484603512,1115.3669414154404,1017.8941749996078,1295.691559284728,0.9136288311130605
0.325,1621.0371121505302,1388.9307003924694,1261.3834070302155,1268.0573933108,890.6063914422606,1318.4830674307582,1206.508408723197,1281.405365871964,764.542206142356,1313.292189212527,0.8563762312848724
0.325,2263.7635728645582,1643.3940311798526,1415.5350297057282,1322.6746832145552,1668.3648806564709,1738.5953948094534,1255.5655252461431,1336.7207860451497,980.8861810033584,746.0041281139341,1.0
0.325,2185.652446363832,1743.189065113662,1813.1832723170803,1464.0455006714656,1660.6958923382076,1839.0144678326249,1672.3615935387754,1952.3384223524447,1409.8833165259637,2211.4836418793816,0.8517081958335102
0.325,1865.913357581676,2023.8928516384444,1700.9125526779303,1578.9172767118685,1462.1879838810275,1721.9764852188316,2287.192008399737,1333.1713970679946,1433.2250766372863,1691.2582502633518,0.8584751997628941
0.35000000000000003,407.5737068496097,266.5469177957338,376.5603862255766,226.10387130628655,371.5311990973556,370.4834517789755,380.96092496276975,327.3162622617417,180.21253876126613,374.8839905161701,0.8523549816245227
0.35000000000000003,463.9995733159957,308.470304572652,224.2350879158946,327.05852277344474,301.1761936330995,410.58785772637447,444.7054734113737,379.5290627579614,106.11754947541176,265.64681454044484,0.7463067162827757
0.35000000000000003,552.2506711562063,368.86972310051857,491.1236884709771,415.2419168617273,370.4505933423782,533.8071850011792,436.0567083795403,389.1575578710463,295.3592568540583,446.5958433252708,0.6192042971891081
0.35000000000000003,515.5367322912624,458.59769167367466,365.75620179967694,439.2440276213912,340.2318042814475,342.4757073599723,525.9147840294429,293.67081540204015,222.70738054366768,290.5854486690681,0.5540864987958815
0.35000000000000003,668.8054570552823,426.91039922313854,383.4692971059952,326.9021065793573,441.28659129067984,475.3519159724691,433.1609175133725,534.4193138152027,415.6594663007132,463.7884571355326,0.7302500020489329
0.35000000000000003,678.7376490588963,604.5316378644097,418.8517076310984,449.853330085682,403.3508964038043,516.4738379136188,546.1562423914144,404.3403098863976,494.7067412965701,426.1074065034465,0.6804298684094228
0.35000000000000003,546.4761711619217,478.1666497666818,607.1572180866266,556.5318875094424,472.6186683335632,579.4173109210454,634.8971252522053,546.8229200014907,373.7952490561876,462.2162031464735,0.8338688810904584
0.35000000000000003,757.9540948938863,680.1300978025928,369.5717776562898,549.931657171185,468.7881530949516,571.6928696279899,625.1738154964169,548.8251548428724,327.1558550709849,499.4013841782586,0.7947853517880402
0.35000000000000003,1100.453136833312,660.2718820999867,673.9785937687298,348.93371705284085,525.9461077463109,602.7036930912684,711.1825254410304,726.4557184433436,691.993129104791,473.86060340509147,0.872504444314464
0.35000000000000003,1077.6804993821156,508.4742037504413,698.2096356276679,614.022391019891,809.6216110787501,659.6761704340568,725.0155244580028,777.7896180927262,482.0871569330796,713.2879480947322,0.8146116015808736
0.35000000000000003,1062.1565290687308,642.1927525857898,724.5822527441625,892.9240422569413,669.3590202055751,757.983401457013,775.7973474372008,794.0566420668952,386.5626277700874,712.1124905580292,0.8459107878036762
0.35000000000000003,871.9104594668112,733.6865852013655,683.9451217978823,536.6338647952612,851.8225607846351,925.9564725879012,1127.7920260135709,797.2982643615863,509.849999885694,833.6477953102876,0.8494062754673287
0.35000000000000003,1137.3247832802774,953.261186170088,1134.710243548597,515.5872350870591,714.8151626409824,800.5720658400468,1171.3137997920987,1036.4035496374756,486.3043900922534,607.6190336421537,0.794213019500791
0.35000000000000003,1007.0669567919958,1219.92054077807,1092.8684014995586,865.7145767288902,833.2640303330803,1211.6704018638793,1373.9231338429283,1012.5670494014548,700.7117984451099,1179.7698647290144,0.9166130334041646
0.35000000000000003,1588.7404172200277,952.6284594726292,1083.1761216628036,982.8022115826222,918.1441713469196,1125.0499001011576,1549.329802219219,827.0071241575582,599.164506184143,1086.255075959739,0.8443615931248561
0.35000000000000003,1462.7556512508463,1098.406258265287,1404.4865387697023,1462.7556512508463,1300.003992251783,1297.9947125110534,1451.369732720049,1372.338062918034,782.2795790572285,1322.7758293133832,0.5672028010280062
0.35000000000000003,1998.1580918362693,1355.7649629215605,1060.378836679527,1355.7649629215605,1615.303258308975,1422.4419283111438,1739.336753065946,1349.3123533677287,1253.9571232944493,1183.6953748194069,0.5053471891170971
0.35000000000000003,1961.584962483924,1846.9668607544684,1394.6484458758243,1287.72283419533,1286.1843361855367,1829.274133641868,1684.6553207214863,1390.0329518464494,1050.7941406874677,1431.5723981108176,0.582362436670972
0.35000000000000003,2400.824168075333,1621.9644214673162,2321.6180921490973,1837.5809614887464,1625.484691508481,2459.7886912648646,2358.5809275813376,2152.645130173118,1381.7059911577262,2154.405265193704,0.6153543183338227
0.35000000000000003,2275.86957119819,1702.1686726349192,2154.6918236468723,2094.102949871211,1970.0850988616523,2711.352101460729,2275.869571198184,2150.905019035889,1664.3006265251272,2138.597904050208,0.6006659417228113
0.35000000000000003,2605.375333120399,1888.8221632518423,2618.367231597786,2115.680698203252,1569.0215853467664,2661.34043425378,2904.188998100444,2374.5192909451707,1561.026570899136,2494.444507659576,0.6004280235961192
0.35000000000000003,2767.25119747408,2558.7521920628133,2565.301899039084,1788.0700045217125,2568.576752527212,3405.847627660394,3032.5143300130067,2834.93150289553,2292.3974416944952,2758.518254839049,0.5690224900158267
0.375,454.5485579914641,292.3589500098229,305.1206502086647,205.34735774499504,263.8191477469583,286.09411536675555,494.9219368023429,178.66380278378114,270.0839823900272,263.81914774696,0.45973694591830416
0.375,476.30123667055193,449.8254937405979,394.5147832631706,318.7574594338976,424.1361590164842,518.2430076486967,379.5730273522056,453.7575347697997,200.7962285578652,321.11668405141864,0.5843958185975948
0.375,695.7202304069423,231.62358505204733,249.4625653188916,209.8203869481251,198.77720868769725,422.4723580655906,458.4334770162144,352.5322290828828,132.51813912513214,463.2471701040928,0.5565096326650063
0.375,682.7884688836475,535.9590150304961,651.5950870564762,427.56989029769727,414.0212497060956,646.2386477528187,477.9834366850438,535.0137610357332,364.552957313512,358.2512640150937,0.45284481909635943
0.375,699.8670042420925,472.8288086075763,474.50313158423086,427.9569528332027,437.6680260978041,542.8155090317838,568.6000828722831,447.04423476707706,534.1090295531739,455.080985055026,0.5545697635220345
0.375,739.071624949293,461.0989802250289,615.0418359647144,534.0576796277206,342.54109369564856,740.8955924343591,609.9347270065241,373.5485409417938,460.369393231001,443.5888923683813,0.47333689335885143
0.375,790.7250831457901,577.0667034339922,645.1348598023532,472.3173739115693,510.5111727627029,500.6791057317173,765.7667591440556,447.3590499098374,559.671507917631,280.2139103830846,0.6010148331222689
0.375,852.6344825519739,791.7320195125477,748.0502529187513,350.71418370980314,761.4907964860738,922.3573023074564,903.0365209294316,821.5532255525438,511.1606725447052,516.2008763824518,0.45973694591830416
0.375,1039.492358286255,424.1304263556154,778.5227577882304,591.6772959190524,400.0071859734443,661.8539952126398,696.065136118264,745.6274299943583,410.0950864968974,638.6079635716396,0.5700746016935583
0.375,898.0153558790856,848.8349467103515,599.6226810187884,463.90366725507073,688.5257283622667,789.2509894482304,837.958510067263,689.944394011365,322.03710234526454,726.3568123382173,0.5375525654655853
0.375,1119.9605642920587,835.9834253443263,1052.5674389258393,781.4515834449403,917.2667368547276,1083.434519246244,924.9835069348272,858.1048329072834,732.0642549322919,933.7291796922784,0.5236081754723285
0.375,1180.00401636273,816.5497406045971,1024.6259552762942,886.6328520736529,861.0986951818234,1098.5120262824264,1106.1179453565903,1116.4402641000956,905.6476497590536,949.653324402416,0.6013944016440795
0.375,1264.0197820007395,919.5552217168243,757.93999993978,671.8238598687993,1099.4553773445502,951.406396811568,1328.9018053418856,950.2267236599092,845.8256497382431,894.7820855320215,0.5569846167761031
0.375,1561.8657376069964,1494.5873020498495,1395.241574778552,1039.9862842197924,1468.8077145933714,1732.8912934158095,1234.9051162077849,1279.5478164372937,1209.1255287513063,1302.8123221906978,0.6178536516632939
0.375,1893.736516849996,1366.8666160441387,1175.5869750538973,988.3915968606012,1435.6183731260362,1480.5452638924266,1715.390374716742,1627.5787245824338,1274.2899926467248,1355.9752485856193,0.6236118095029126
0.375,2062.980819130278,1608.589586077432,1517.8600763680265,1150.4799304955093,1592.9722114553178,1956.6339347987584,1644.2864423565393,1697.0880422693926,1259.801552850287,1387.7152878504317,0.6901408819186805
0.375,1962.5033646798208,1616.6091018111338,1857.760735782963,1539.4730572746907,1429.0467198330489,2327.072669909951,2242.6290001016328,2234.5094164662178,1501.311014188242,2007.9730330381444,0.7005711035186568
0.4,390.4789366799053,352.1054854874195,260.706901738043,326.98831743415565,271.1723884269017,247.6831849696826,454.6672550382455,332.8024767057435,158.37769855808,343.0353970237408,0.9743644205180163
0.4,581.1520135778355,298.68819736746457,446.8354154740341,332.46682698960745,285.1235508262878,477.9543104802601,357.7343058408176,269.6970900539694,250.2810273577768,385.6615193079447,0.7248558477265435
0.4,594.7494063685276,545.6855720403373,602.2286494063599,356.9094777654187,453.5412978142275,551.3697967490913,710.2289188726767,523.8461823698639,426.61602287802754,408.96500930874026,0.8291139271257634
0.4,383.1357809264964,377.6207019461832,365.6172947537364,422.7145830205117,131.71306270631294,440.23306919327393,358.4801337203886,411.0355922386709,123.92706885175316,568.7019677935223,0.8373113939085657
0.4,1009.6651729663892,643.864966642896,631.8367200133043,767.3313805760681,684.1949700480011,624.0537369000378,948.462623939344,641.7423348847323,475.4695138286005,636.081983529632,0.9038360119441948
0.4,766.2736269295153,511.9693676999826,596.3640264163913,399.941059669353,594.8703156426501,733.7854176006313,934.316088975461,647.8970481104813,206.13208677635987,694.5755097899105,0.8914680187822625
0.4,933.608376521704,565.2376716845487,566.4454444872937,300.7354278834465,508.0697590212974,692.456406906996,636.0936761122423,721.8455451071206,594.224218950423,562.8221260790614,0.8359040809206278
0.4,750.7194336413537,675.8663589167644,692.0626382431368,580.4396320748881,616.3340889603639,882.9160919268863,893.8595239041666,829.5121438777644,529.6621077003138,691.6249009640464,0.8708120897313306
0.4,950.3018869945912,832.5411344275371,559.1353561807764,541.3343121880821,680.5476049514557,993.663404412692,837.5619417075267,853.9936746238628,488.8440542609075,570.0898447916642,0.8537678237425901
0.4,1145.4493825514971,663.0003901568888,838.16949692897,745.6919517336536,867.0381486036948,1130.77040712367,928.6898454005736,835.7230010243305,884.6529191170883,991.3201405593054,0.8770497712764139
0.4,1293.881163525786,1099.6622150895662,1251.7548000621537,889.5774934008138,1116.6221796008963,1476.0640081152494,1293.3340678963857,980.3953678808488,640.6489820248165,1055.3474691083477,0.8785762174611224
0.4,1189.118516430627,472.60588355924426,1039.381998867302,1369.2702641240032,958.0797490965878,1199.061957050066,1259.3075090384334,1265.7415000274852,1006.6271356503248,679.6634117522842,0.8372462050235656
0.4,1299.5369574173387,1367.1356226792002,1455.582474423697,1357.0274110512576,1310.908695498772,1569.931618464794,1262.8946902660423,1097.3727248584903,767.5923204968684,1153.599652038919,0.8939331446856179
0.4,1601.0898857806462,1565.9753037221874,1128.3935888399228,1273.5788800431417,1038.581292421184,1698.33026686559,1397.155197671931,1399.1810389445343,1271.553038770538,1343.1327637358504,0.8182358075795448
0.4,1631.594417413179,1231.6372018172008,1378.9138660438805,1111.0724815924216,1503.0883084310758,1375.3041438814598,1476.3763644291753,1271.3441456038056,1315.3827559853137,1425.8402541553223,0.8137164261077712
0.4,2366.461845871565,1654.4290780872009,1897.2027777783812,1549.718376942437,1939.087058236283,1808.7804079228056,1735.0950997098266,1832.8250874449384,1694.7620888985111,1548.9427421191444,0.7949590313398263
0.4,2694.794466178316,1727.6033830202562,1760.9547996808778,1419.9365643260091,1788.4697184258914,1910.202389237161,2147.8312329440987,2683.1214703471,1800.9764996736271,1799.3089288405936,0.7857342037393725
0.42500000000000004,570.2823874166585,436.1785179165262,377.309192152911,333.66861089185085,231.3859985612416,411.63069095718015,282.9818941146814,357.0799643808561,329.35001170455826,361.3985635681488,0.8050210241815935
0.42500000000000004,557.378346392259,471.8373880505336,378.9409969851589,407.0006107087176,365.86467214310926,539.6708231686531,587.0725007210739,598.5142849578655,228.01841443319637,442.688080590138,0.7768435192056238
0.42500000000000004,665.3868243760713,483.2809566520928,496.12175501724624,460.5177231865953,320.1444501493624,515.3829525649724,522.9706970534716,295.04652607201984,381.138242383836,403.9014758493336,0.7826324058125824
0.42500000000000004,690.5884769516737,531.6891838752924,505.1526822146501,571.9735116974746,602.666332895326,667.8885779407615,721.9207319244792,539.6821060622339,387.1771507354049,336.3421656264634,0.8461608306977746
0.42500000000000004,789.4041141119178,595.6831403931113,684.2210625680701,659.4304443590806,438.085638921687,769.5716195447252,770.2799229221258,493.3333023588612,651.2849555189846,550.3517242395334,0.7824619773550663
0.42500000000000004,566.0117967875763,611.0655786054494,475.5256299432745,416.08492620036486,559.1969390336108,672.0206951825727,629.9957390331269,402.83381390098936,335.0638395699031,606.5223401028084,0.9110407803032047
0.42500000000000004,871.9945447168864,557.2081323087158,771.4880273451853,535.4987245564267,631.180929094288,881.2411443150802,579.7215921999767,803.6501129041288,471.174553438537,561.6304190730697,0.7947839548334689
0.42500000000000004,913.7734868494769,715.5699483642429,771.1687996309785,679.9187765596204,733.8199529785145,732.1222781306759,848.4130052076628,732.9711155545966,522.8838531344894,628.9885311244418,0.852644416160131
0.42500000000000004,1173.2665720405676,541.7529919053342,801.0107315135195,476.1411913718033,670.2427679501619,846.1188443803214,993.2897580770618,570.9137921424574,417.36395339384666,703.9599432243388,0.7565355482554537
0.42500000000000004,1106.3315501080367,943.7211385435992,764.6561019994289,609.3050838084055,798.5332710753519,1002.764204647352,986.7935392258452,855.6404989461953,759.8165064171543,655.7652013982432,0.8616430387169728
0.42500000000000004,914.2741010516144,631.6707727357166,940.9644153925616,802.8027882158995,877.6403362699218,1185.3639604361226,1480.0040971802864,744.1887645651955,936.7776994175094,1075.986005587932,0.8594104259235139
0.42500000000000004,1326.5773357372916,809.9884851167029,775.1686841356452,840.8125712310788,876.203188621661,1270.637327603791,1542.3459385379342,1292.328351165762,882.4821691264402,1388.2255079660472,0.8319714442634475
0.42500000000000004,1361.051018682877,1144.1162772989337,1178.4336375178625,1109.7989170800013,987.8497263020206,1352.471678628142,1665.617590625868,1292.4162982450157,790.5249050431805,900.8307057468847,0.8606791711072438
0.42500000000000004,1763.0625766102671,1552.5379140427583,1366.1290796950566,997.8738649871792,1171.2471165133638,1345.923926321702,1395.4591410434682,1083.9087116091946,778.8760735856798,1240.987484608485,0.8722505059127653
0.42500000000000004,1408.700618934157,1269.3785796989082,1454.4376520164358,889.4093817845991,1001.289201170481,1404.478738957326,1657.7915375668654,923.184421599206,1263.749406396476,1124.4273671612316,0.8111144096326467
0.42500000000000004,2351.084380485708,1464.1663597142442,1254.462861582687,1346.1611654251594,1554.361412674056,1929.4225078985971,2287.1962179725083,1721.973886091036,910.9700348940802,1719.71900976704,0.8369905623372914
0.42500000000000004,2682.0550531444774,1724.9865833063038,2032.1538286935563,1556.8529331995949,1810.67007807222,1986.0787418854652,2165.5290799801246,1859.9785043054385,1511.5861812477897,2290.01264784759,0.9003047343044643
0.42500000000000004,2231.9661368880925,2960.448989273902,1771.1787904994787,1691.3089837921175,2119.6217933876246,2146.8301890791463,2349.576621490134,1816.8186800465369,1678.1436310381544,2326.756676716608,0.8910419476384728
0.42500000000000004,2455.1484435453904,2101.755864550214,2045.957036287821,1817.181840412001,1647.9253946827328,2199.4038140094053,2381.6799863332308,1842.2913131300772,1692.564457292651,2438.4087950666685,0.8319100900187415
0.42500000000000004,3167.072425642976,2358.8946175449646,3194.763797240241,2432.7382751376704,3248.095327723867,2846.0576363857663,3374.2449094447466,2125.0563685013744,2261.4620137767965,2890.1587096703083,0.8515332226171272
0.42500000000000004,3885.1748679921807,3298.22999523113,2649.0333935408785,3114.809722493305,2697.9454662709627,3404.9472448240467,3188.177831588435,3755.1132200508096,2606.7911489103453,3745.108477901479,0.833292264809196
0.45,0.0,67.35247002778624,15.1694752314832,0.0,26.698276407409143,0.0,0.0,66.13891200926639,0.0,0.0,0.8511489064454287
0.45,0.0,0.0,130.19856353250103,0.0,214.82762982862693,0.0,0.0,25.36627186064253,0.0,0.0,0.930240492867139
0.45,0.0,0.0,190.91216740986775,0.0,307.30875950591206,0.0,0.0,101.71104075682156,63.0934798277641,0.0,0.7871852803205086
0.45,0.0,0.0,157.75307724939586,0.0,179.42245599244131,45.07230778553979,22.825078942680232,85.52181477256345,68.18631177812708,62.11888573007239,0.8766407429783756
0.45,0.0,0.0,4.0148453741337375,96.69085942705006,444.97869563313753,285.3885920113281,0.0,176.31862601403267,0.0,0.0,0.8629169914369046
0.45,0.0,66.29500325902755,179.84282798991637,0.0,271.8800399612226,330.0644843109044,80.7529560974354,473.5861137067759,11.636888869937156,0.0,0.8997764060861648
0.45,27.52328697028657,1.5506077166343732,235.69237292864065,0.0,313.61041068958406,220.1862957622793,170.9545007590983,171.72980461741108,0.0,0.0,0.9268319237168208
0.45,10.031662025415242,65.20580316519907,355.7060159845016,266.25702959121963,357.7959455731278,104.07849351367958,0.0,217.7706631350444,78.99933845014147,0.0,0.8323165618899174
0.45,75.00446182719247,22.087203482855124,103.53376632587948,2.3007503627952293,359.8373567414981,299.55769723621086,0.0,469.8132240832095,0.0,126.54126995385268,0.7962666824138577
0.45,0.0,189.30882482574395,80.8454132544965,425.8193195019416,523.2355317464865,577.9693829560536,372.08975914026126,510.17975072402174,164.70369905264178,238.5190763719597,0.8382227600851322
0.45,0.0,520.7992383870014,183.2236126521409,0.0,640.7274212138572,151.5758977395015,173.2295974165722,505.2529924649965,249.2951578206441,134.36398261156958,0.8352138456676882
0.45,56.77959028543816,788.1983984784458,311.9824799554515,516.5111116287914,912.1366439401984,741.1873398550229,388.2991335649061,382.80433450502346,647.1652226081769,236.88689280374695,0.8194193883673982
0.45,184.1335775860224,109.5561787787752,438.8846920957027,0.0,586.0595587683988,436.24478417332494,210.5326568098226,732.5744484604928,344.50798387061474,460.0039554747474,0.8533218692787569
0.45,32.535225469835346,605.2907571783688,942.1659042306112,130.14090187933363,894.7187004204335,694.7626272204159,266.3821585342711,594.4456820217595,208.08987956748408,50.158472599328206,0.8158148264909361
0.45,49.799963914215695,404.3459756616518,781.1904787139547,364.2086913128795,870.3844439334308,803.4889700188216,243.0535552230847,666.7248900156148,622.1279074058812,209.6058182657759,0.726130259292322
0.45,203.85964747861743,455.31298697558105,168.16437846484882,133.2623376513854,1050.2341372049889,852.7203153288307,423.58385896334727,1073.2377550138658,460.86558437772624,132.4691094510802,0.7758196920968995
0.45,209.56580850337443,821.5647632163846,911.7365055206157,0.0,1808.4443873238624,424.1411582458496,880.8443345460249,542.7003009051303,793.1773628613442,235.44843823883585,0.8019852126575849
0.45,807.8135934350457,1105.2823505112335,1148.04348434094,0.0,879.3920131064926,1287.4819642204063,527.0774539443888,234.25664619750145,138.5088900136039,806.8840035691728,0.8691078051561709
0.45,106.97682239890725,0.0,0.0,220.82371596104065,917.6452196603152,1427.9933632147247,298.35737623181353,1455.4736478676514,685.04423884803,115.8097710373408,0.7500379633126585
0.45,1036.6092648821775,1328.6570763505194,1283.726643816931,0.0,1708.42620847969,1989.7762979162455,743.4916812106442,1198.1448675624615,740.2823646011046,1324.3779875378002,0.7778348447335088
0.45,1789.408329362442,862.0073347427006,751.4326007688153,1236.5346594929747,1546.8573000003487,1974.8885282863816,2159.1797515762087,1471.9518350502938,1073.6449976174704,489.8579612606801,0.7778092804648814
0.45,946.2103614613432,762.414104199066,1558.86455233559,970.7165290963062,2788.25729535656,2087.108610244925,1498.9605870056562,1354.6464887108257,0.0,1036.0663094562285,0.8031025678448216
0.45,1445.7655680682074,2043.579404701405,1957.053717820291,1784.0023440580435,2910.409467819552,4010.072288363265,1678.5983254937746,2795.5662834136965,1809.1734529689104,2139.5442574241065,0.729228648649962
0.45,1654.768498150246,2735.3963240140943,2861.560994038797,1965.6089895154707,4391.993295642937,4106.751432978355,3101.0910197379026,3762.998418997976,2124.6861821553284,2153.941757813227,0.7190216883293316
0.45,4299.68659586287,3889.100915113961,4983.301333353422,3355.547949267684,5412.644735557847,3957.879227117593,3561.882885278555,4230.908283859238,3653.587301283397,3159.633969620988,0.7524188488641564
0.45,4141.387504686639,5578.893911272066,3938.311202803912,5206.967650520597,7294.774574370845,6156.178230107164,3082.6526274554367,5410.043952403273,4189.304384906136,3313.1100037492906,0.9187355494140683
0.45,4419.767240658209,4032.634343666236,4855.291749774159,5401.425658030647,6622.737773540983,4753.899800561967,5753.9931177912,7065.175370103238,4530.376639798773,4064.895418415562,0.7704084246972513
0.45,4437.873142779613,5137.952475892766,5842.876648681439,4457.252501481688,6768.241026706428,7112.22464366862,3996.9927323069546,7056.508987400095,3662.698794695829,4464.519760994968,0.7883502805622419
0.45,5055.912534524091,5099.581644707108,6050.597822026435,6472.732553795695,8306.83518148292,6960.370950839522,5895.329874709,8389.321278495318,4796.323935102737,5085.025274646084,0.7915159891606007
0.47500000000000003,0.0,0.0,140.76689194823254,0.0,146.79975874601303,90.29190640679506,0.0,228.4445560759868,0.0,0.0,0.768295111824054
0.47500000000000003,0.0,49.9580763155049,68.85526170441373,40.18367007986392,264.5605954447214,84.27710265398373,0.0,265.42943155455544,0.0,84.27710265398373,0.7754786713083507
0.47500000000000003,0.0,0.0,16.375507673871546,0.0,275.1085289210505,0.0,0.0,78.8543677218764,0.0,0.0,0.7255601761019314
0.47500000000000003,86.03297716543193,0.0,114.913305189161,66.57675618102053,202.46629961899848,36.17641089288249,168.72191634916825,500.6936868956311,39.824452327462645,79.04089774915963,0.717434999389859
0.47500000000000003,0.0,355.56354505077235,55.039751038248696,0.0,170.8595952475682,251.89971947566391,84.75446325521726,222.5226744429788,0.0,0.0,0.6477553245344658
0.47500000000000003,0.0,197.41602794861663,141.11075237172182,0.0,3.128070865380193,83.41522307688021,0.0,161.26943128196947,79.93958878201333,0.0,0.6307757807813782
0.47500000000000003,1.9388010100852795,14.734887676627846,161.69600424089012,0.0,261.7381363611556,226.45195797764853,0.0,506.0270636315658,95.7767698980832,40.71482121173356,0.6686732873388289
0.47500000000000003,0.0,25.01930880498145,10.00772352199258,0.0,511.6448650618505,86.73360385726272,0.0,97.15831585933792,0.0,0.0,0.505916240766824
0.47500000000000003,357.7230088151685,297.4172142256362,503.9188744867533,108.27631301302,481.0757704755677,357.7230088151633,0.0,403.4092168375345,261.7819719681879,0.0,0.6571459325435947
0.47500000000000003,92.0690136886724,256.9022478732319,325.7065107911096,0.0,904.8503065746864,513.8044957464581,12.374867431273085,596.9636048846108,0.0,0.0,0.6287988106741926
0.47500000000000003,0.0,339.8759321823363,436.83440363312656,0.0,557.771851894323,281.4923364700328,271.58797648312725,79.75616199984154,287.22643962034897,0.0,0.613993447100558
0.47500000000000003,0.0,234.2496382273264,109.3164978394198,0.0,533.75453281797,285.0037265099114,22.86722658886237,368.66431159109214,81.98737337956486,375.9148956314678,0.6615174224788783
0.47500000000000003,155.95201520216878,400.1063996580136,263.32881255447614,110.5725353687495,782.31666642397,510.0397874234762,198.77490462243287,429.5071894092366,0.0,0.0,0.6553329998267687
0.47500000000000003,120.76009263330371,0.0,365.6724153334123,0.0,876.5283128214626,0.0,880.5988777416901,320.21777372424464,0.0,0.0,0.5574616460286904
0.47500000000000003,240.70859142979225,0.0,980.1307914506434,0.0,470.6069167774018,653.660755768916,301.96676589545905,761.7634165906779,268.8152832434494,33.151482652001434,0.6074360417691748
0.47500000000000003,86.1405381471132,154.303920506995,283.8892518065479,0.0,565.531359139695,895.8615967299006,344.5621525884273,212.7296768154566,169.2848836630084,0.0,0.49595810599416723
0.47500000000000003,417.2208532663308,185.7874049093861,142.54378480116168,0.0,908.1160222725769,558.9638302877114,20.020194494545485,344.34734530617874,24.825041173241136,68.06866128145647,0.6478371301940737
0.47500000000000003,318.05813579676465,399.0648996055858,905.5703491049934,76.74324992415,1371.146065311509,1105.1027989077816,443.40544400621513,1363.4717403190907,70.77433048561029,290.7716469348397,0.6524151794198672
0.47500000000000003,103.29966918948998,585.364792073766,660.7456317525875,566.7522390666572,1124.1982016297443,1150.2557758397134,765.9065562427872,790.1028751520256,217.76687018324944,251.2694655960473,0.6789738412873781
0.47500000000000003,288.0328452349501,567.980557972073,1457.345132732609,393.1395677066467,1273.4083684071286,906.5454813184176,717.5555091818021,2270.9115903260536,532.6081032940947,314.3095258528743,0.6639153508761279
0.47500000000000003,890.2657504972412,476.23854604912856,613.5325413065304,1485.5639330586398,2107.67734906875,1526.3230879006817,757.2621925916295,1439.4417315268486,850.5792049931472,492.32768611835326,0.6366928133571066
0.47500000000000003,1124.976602279731,753.0269345888681,928.7332193262658,1341.75708344925,1791.2913444007784,721.0803373638761,673.1604415264204,969.8074157583874,1094.170954955643,402.75531501495067,0.6403723637548756
0.47500000000000003,453.4549172688614,350.10336917338867,687.2877948348414,1382.3269557768356,2125.166207712968,1826.738612587323,899.1584684305407,1900.3765906053327,1466.3000886043972,470.249543834359,0.6649098009257333
0.47500000000000003,1513.0093142249566,2044.6892941232825,2508.0104194632454,832.4589399550962,3244.7669630366263,2017.3457522999304,1895.8188997517484,2128.2390052501555,1441.6122883528913,952.4667068464272,0.7172023645453496
0.47500000000000003,1436.3765011239727,1781.437062888222,2337.8265811396896,1157.356238261952,3696.605731053513,3967.3709565527406,2425.329977185187,1652.6584800288367,1969.6519147596548,1647.7054576111725,0.6435448894915344
0.5,0.0,0.0,29.16476470734598,0.0,81.3017755882831,41.35004311246769,61.126150687998766,31.96138598065052,0.0,0.0,0.5771860131308403
0.5,0.0,30.986693582777143,0.0,56.13531446155298,124.39585684680058,208.82336979697607,170.20227344742955,15.94242930707931,64.44334100186293,81.95755911386685,0.5991418852414753
0.5,0.0,227.88139637230967,16.236549491528493,0.0,215.9176230627614,254.65746044605444,0.0,163.22005015166414,0.0,0.0,0.5894693601588729
0.5,130.93135401193965,181.74053616582432,29.592161034679584,39.0839862722197,0.0,309.60100554208594,77.33045855289258,190.3948474118144,50.25083949285662,39.0839862722197,0.5698473637502038
0.5,0.0,0.0,328.5802867151092,98.24550572781796,287.179170589002,271.7358971133947,125.18908923845856,301.63670320446863,199.44823403607293,0.0,0.5921104331555114
0.5,161.11978841995656,176.3407822568636,77.58994419302118,0.0,180.42446353017675,253.5594826977612,122.88168195162716,149.6112321042433,154.06615712968002,27.84328140897847,0.6374798519739147
0.5,0.0,348.24779745452554,355.8848105566003,221.47337996011316,99.28117032694456,360.4670184178399,0.0,356.2666612116992,0.0,30.16620175318667,0.6196135578895886
0.5,0.0,170.3014661630775,0.0,164.84846355193997,752.0948985970263,657.296545511177,0.0,215.60333400940968,2.9362321752275298,0.0,0.6199085319224859
0.5,48.79480386839352,352.6115071998792,296.4514499173957,0.0,620.0622717992641,422.1210862954166,57.54104229763066,369.6436557199781,85.16074260049442,0.0,0.6051567315783566
0.5,0.0,188.5918748721612,403.2296864274382,0.0,380.5600748699134,279.27032110225457,308.2102507501579,395.0300396938624,0.0,0.0,0.6047136175888149
0.5,0.0,0.0,510.3186452155336,220.10713283538624,646.919090652014,0.0,407.73944279342646,252.06648233373312,343.8207437967328,0.0,0.6579043391795402
0.5,637.1879419872207,195.1697320150646,0.0,0.0,570.6653009341959,358.4525782361222,375.4955689191313,492.0476342351654,0.0,0.0,0.6250883396848459
0.5,0.0,51.66033636915241,177.20696777790644,34.239990384208134,452.92899560860593,395.2616433825741,735.2587408818791,678.7927918272217,76.88980296804478,0.0,0.7770423524060598
0.5,189.56382052299892,464.6302034497253,151.12080796938125,0.0,724.4519434672584,277.0548146105323,534.2253123829984,483.1888991652618,379.1276410459979,119.30590102845728,0.7057322453070973
0.5,120.43374220795324,21.45658625544392,624.3174452389254,39.4524327922638,834.730420130978,841.6518995682181,278.9356213207238,600.0922672085886,160.57832294394026,101.053599783679,0.6298986828982335
0.5,0.0,0.0,365.277537408376,0.0,722.4541616887343,638.4992438166497,0.0,401.3634231604052,234.9264807122441,225.35267428822632,0.6374671266490877
0.5,592.1172428342156,1109.81975109601,505.7001317178685,481.69537862998976,964.991074132503,768.1520988119479,1054.608818993906,641.7270658824784,668.9324527154042,0.0,0.6325658882583579
0.5,93.15690790559066,330.20796820106784,751.0775699888193,153.87524966548582,1072.9679571268862,886.6541413157048,400.0756491302632,793.4972334101142,470.7750881657577,573.0813352406391,0.7328332105264246
0.5,498.0166898113594,565.0225717132523,418.3340194415424,356.7610468830412,1364.5657300831192,1326.5353646793465,379.3981691472042,1239.6088151849967,684.5465772679831,86.92654949433938,0.706178199770931
0.5,1197.1368345395715,613.0310992147328,551.4480664168985,0.0,1352.9605690431597,1118.758429160517,571.9757440161767,898.55243309556,0.0,64.38226156135863,0.6932682441140984
0.5,387.4924408451131,1284.2026966227893,657.3170200723317,463.57079964978095,2111.935240417572,1251.742596866126,863.2357779036298,690.7914979463782,54.77641833936866,652.245129485347,0.7299921681396336
0.5,551.2751315782704,357.9421696019234,908.1125413974728,741.2938142064544,2512.2237459097773,1173.254889250746,845.1412337823267,1510.2066229809457,847.3507533477687,1213.026241428739,0.7315109697435289
0.5,693.9279764442082,1320.7016325873458,1043.8373295917809,1090.9631683995335,1742.477889916747,774.0419024173729,685.6809546528451,1377.252639156641,174.36560358869667,652.6928674874063,0.6806139311435399
0.5,1024.3097035840317,791.2004002248758,2370.8587382821693,1191.5999095241154,2167.9165212400835,2248.819161817675,1369.8599650340625,1288.957324456471,1585.143262842225,1010.5973916217256,0.6914744845987428
0.5,571.9422432036995,1322.418943540045,2153.4731422282903,1314.519188799669,2360.4467164263056,1783.7646203783809,1437.755362749633,2791.773325251197,2853.391412226197,1442.4952155938583,0.7204795820487688
0.5,1458.9429917532764,3097.3894406070517,3271.164063970325,3162.316222962547,4546.784376131541,4795.033838079098,3101.2086630985486,2759.3882501092235,3022.914602022791,2226.6067125448867,0.7154714200900498
0.5,3758.498377763466,5102.94989497929,4323.125401633796,3724.407689529767,4610.765583605493,6176.806574340266,4090.882588041854,3477.2501998355538,4054.661231793576,2311.774795846568,0.676692372336098
0.5,4136.609764779606,4907.291269777809,5768.504638314983,5304.2386714485865,6399.906353253263,6592.576729502827,5255.490744927607,5726.720701296993,4129.645775276616,3934.654069192696,0.7676858300884343
0.5,4234.582535206363,7505.350228596751,7168.969306081746,4726.032677320441,6710.918688189012,4854.859413602793,7180.897707589386,5372.552039033645,5716.090002453217,5921.258508384318,0.6923272355593874
0.5,6397.769225724318,5022.841900634857,5252.803337049476,4870.341158591486,7893.72888576878,5577.169994729008,4589.546141495763,6695.508769713734,4667.0068358670105,4824.348871308552,0.7323794447582878
0.5,3989.239276398396,5852.055854804674,6881.374988425376,4323.140361207052,6238.67816353047,7940.820535713055,6371.736490559511,6211.062284335763,5703.934320942171,5400.159649800436,0.7448654596270493
0.525,0.0,0.0,35.533849886746225,68.10654561626622,0.0,116.27465324052224,0.0,133.2519370753017,0.0,0.0,0.6844826571291516
0.525,0.0,117.13487100007262,89.49104144405666,0.0,208.03153089612888,48.25956685202864,131.19105552008187,221.38490619013567,17.804500392010826,0.0,0.7096115585150706
0.525,0.0,0.0,0.0,57.14435365399292,259.72476617844194,28.940058932063348,77.2552420644119,176.58341043293473,77.25524206440912,0.0,0.5986832906670423
0.525,50.15729443950357,53.51979462538888,124.132298529044,58.00312820657566,295.05939131170305,0.0,116.84688145962264,183.5364684797385,122.73125678492512,1.6812500929426524,0.6429969620006211
0.525,0.0,202.868614634729,229.75891758127727,80.67090883964862,439.4352038480418,216.48395789880396,273.668399607924,328.1297726642237,0.0,40.84602979222475,0.5513533196828614
0.525,95.65061371179476,180.36972871366692,110.09580843561672,76.91090163764686,638.7118531938464,270.5545930704982,67.5410456005729,642.2255492077502,385.3353295246519,19.52053341057,0.6085901832834727
0.525,168.84102140822176,295.36908611316784,335.6280157920099,0.0,459.6912480676364,237.03471861932687,115.84712417790568,253.05612940988743,87.09074583587098,0.0,0.6890026203265422
0.525,26.213059484351405,172.192683854092,221.45515771260727,0.0,275.6890738871205,135.5847904362908,267.55398646095045,337.6061281863602,0.0,0.0,0.6227479308920082
0.525,0.0,0.0,101.81738718966112,0.0,543.0260650115102,251.98641030499795,525.8240406918013,601.1410120375712,0.0,199.91541776964723,0.6623467535729134
0.525,361.5860299268915,153.61172029997803,199.9944800009423,85.2844291275859,345.6263706749435,606.4670515739296,121.19366244446474,165.58146473893197,48.37771710746133,8.97730832921688,0.5779427154822109
0.525,0.0,0.0,212.41522399989375,187.9262508069217,529.1747685611347,666.525966034752,573.8937630874356,194.84704757884785,0.0,60.69006399996879,0.7088915425491977
0.525,0.0,203.7122609678278,360.58159561684965,136.17129743838723,611.6814680932303,337.70481764719665,185.73764970596463,398.1648737098413,35.40453733397944,0.0,0.6336890117933881
0.525,0.0,313.3732717806596,152.24372560988965,552.1056508498646,895.6907125375438,678.8766908518637,671.7680344031595,94.78208598280348,0.0,154.61327775945773,0.6247273154023415
0.525,634.6453985997593,451.7071395759418,572.621810780039,0.0,1051.8949893869635,431.0326103026993,585.7783294084667,583.2723258601903,287.5639071641576,368.3825215959116,0.6721763590688403
0.525,446.5446886959027,625.1625641742575,681.2402692663048,286.6193815815532,1160.323873262523,371.7744152398423,414.00577339557947,555.238512145908,136.38651732262548,178.6178754783548,0.595333341804923
0.525,0.0,479.5127338806166,251.76237621046172,146.98265894367714,1274.8198934124969,807.6769872647694,448.9519830111419,228.477994595618,455.50071534030974,152.07611742192702,0.5994085205632591
0.525,248.23521568155363,310.88132689455904,451.0520007336637,631.1595704710609,732.9595011921967,478.4596743893569,483.1581327303372,1178.529967194727,662.4826260775724,436.95662571073166,0.676344249786825
0.525,244.1373330805169,578.695900635291,1018.4719046692164,170.97833427861298,877.9079856228566,1028.3360393391367,364.1509715645439,725.0138982390989,0.0,265.50962486534235,0.6736461766935724
0.525,234.6917070636828,704.9574208416427,738.4848075650247,504.6754001519664,1588.1393711075789,732.308710010713,854.0660617956369,398.7994420781237,337.92076618567177,850.5368631931689,0.6505298998228257
0.525,96.88777219968011,557.3353753200252,1039.006014255549,903.3631331760032,630.231889641681,880.2946159856045,547.185227756259,930.122613116862,637.6138151426229,286.04961316094386,0.7097571973787657
0.525,78.84163998231934,759.8363053295415,1014.1005942724923,642.5593658558461,1365.9314126935562,1418.1639991818467,607.0806278638153,1212.190214728052,884.0118883016829,668.1828988500968,0.8021413513444323
0.525,330.28749597720355,776.9620143463483,1515.1283545620536,796.8841172783118,1602.1564884227034,1637.8065673535789,1074.7450265924567,1684.9904953503135,823.0974106098352,261.0844015819734,0.6226256484737404
0.525,662.01824806495,802.8248737254196,1095.7934980834832,1326.3075707373118,1890.669610682903,1240.00673565509,919.7852160079026,1624.9538816139504,700.6265163912111,121.50249149733266,0.7020267755814148
0.525,1287.2952221008018,1509.713991170337,1665.0343606323063,862.3386912528453,2686.4211102142185,2062.6545064549528,2118.569839461268,2065.139632366342,1133.2174155945272,1097.1830898793407,0.6279617634785647
0.525,1690.4899829449955,2306.093945637721,1780.409662888875,1110.853892229807,2238.3083407569466,2918.931148947575,1130.2212079100414,1484.366408919771,1227.0577863111364,619.75410176707,0.6148873443602293
0.525,2391.9053646552184,2668.3890492793475,2374.2232685455338,1991.6470072633156,3340.308701447271,2845.210010376157,2387.082974807128,2658.744269583148,2240.803816081578,1265.0736034836416,0.7082469390475477
0.525,3413.416680531325,2828.37023471949,2454.4829365682026,4122.446479097984,4494.396537362456,3233.253371059455,3614.889628757933,4139.881638079138,3442.475278833233,2987.223905436599,0.7069329543685018
0.525,4166.942904292569,4659.302909863699,4774.400054023179,5893.400066684862,6458.228644504564,4893.760055373747,2743.148602467785,4446.160050309068,4571.914337446317,4484.525765028911,0.781442815179121
0.525,3947.654595624701,4233.582849046119,5603.271417855142,4595.604911845799,6191.269035778203,6892.254431262982,4999.132688851854,5541.012846545645,5898.42316332243,5107.508720390598,0.7077359158726267
0.525,4880.204047424265,4786.89230655571,5328.10040359321,3564.508501177933,6599.472872926949,6368.526314277329,4702.911739774055,5971.951415586055,5715.344128197613,5720.009715241035,0.7245972553169665
0.525,5698.018132248976,5091.10100222655,5585.971892860191,6564.042190857874,7278.336966961171,6676.088430246632,5149.45841857486,7385.71461304207,5424.90542373887,6220.900582729806,0.7066819105453669
0.55,0.0,0.0,0.0,0.0,140.82904944213126,142.8125571807531,16.769656335619967,103.86367794963896,0.0,0.0,0.7547186591637212
0.55,0.0,50.8308344189158,31.917035565366607,83.69355992695905,91.25907946837764,150.36470088572491,61.469846274038886,77.31015281388628,0.0,0.0,0.7822958096089884
0.55,55.329369232019786,0.0,106.97011384857214,0.0,178.7753396963479,161.0699415421009,0.0,118.77371261806734,17.45948984654936,0.0,0.760521017734464
0.55,0.0,14.800601207808928,164.2028964187187,88.24509399373235,289.3098651186923,319.1903241608755,206.9291602827755,237.92664583120435,15.359114460936487,0.0,0.7275260683593776
0.55,101.93915241347946,0.0,265.9974758289199,0.0,278.42131002930853,251.98084237206496,107.35466988544418,67.53468847392932,0.0,10.831034943933052,0.7550741242322543
0.55,165.3522249926015,62.00708437222345,471.6967489744272,336.2407968041508,493.1039566743594,328.12082146969175,229.94293788033616,262.4228392181641,111.46511595483292,0.0,0.78769981194939
0.55,142.61660992986768,304.41557090292554,223.9330980477701,0.0,647.6128515236239,468.2995700328604,0.0,31.27557235304049,319.0108380010121,45.45383181975351,0.7463924986063925
0.55,187.3175877078001,82.45558884745284,424.3774056442213,87.38499905029023,437.821251651956,114.72081926601692,119.6502294688594,49.294102028363625,324.44481698671143,100.82884505802484,0.715385123775848
0.55,287.08869535666685,360.5189722218181,65.3766335960718,0.0,554.2801544014769,255.82160972375897,33.63580424145907,403.155907175777,115.59346809740528,0.0,0.8770753355450415
0.55,175.86379052147447,8.768831660348058,550.4877653442232,263.5521071249772,570.9483725517058,190.9656672698532,0.0,319.5751982883265,86.2268446601123,37.0239558992572,0.7788062869413496
0.55,0.0,0.0,253.8527021744925,142.46835326119543,593.1864163057011,737.208969784296,281.828306087604,854.8101195671727,446.57352913145655,0.0,0.798056181217775
0.55,160.5006032431092,695.1297903525561,143.7235367020202,153.7897766266723,893.6584110888033,912.6724198353752,381.3986460341501,826.550144924441,191.81779411981665,84.44456825682683,0.8247665812219611
0.55,0.0,103.26522060218338,76.86218124366778,282.80588824007475,728.7238862949546,347.9333853244008,467.0404295416975,268.72426724886066,195.9692254609645,0.0,0.7568465801904205
0.55,86.48444196571081,366.9411323402097,398.44617905628746,146.40580532765836,783.9196918177098,981.5984163107532,895.7317203590894,610.9508078863023,208.79815274577368,145.17031329957797,0.6882704295974433
0.55,348.8712429574053,380.1035256602606,468.4842405427984,0.0,1200.1170757734706,1101.7686110921438,517.6584728834695,525.6326727224886,157.49044682077184,89.7097481890486,0.7149342895228463
0.55,547.4516829985145,445.0347463406432,911.4370550055946,117.88999903063632,722.8130565565747,541.5571830469796,622.6065573805427,1290.1586768915074,601.9758075501835,100.20649917604048,0.723875977737836
0.55,582.5246280916127,410.2727219354884,198.8726552893366,141.7163409738951,750.0787549889202,399.31123699828174,411.0556851452882,586.439444140603,856.5617515218048,544.942394021176,0.7589343287949905
0.55,130.9592277076014,397.7886541618348,1122.1568824194967,520.5629301377094,1174.540573502526,956.0023622654728,628.6042929964831,1749.9426802427988,479.63817147908446,0.0,0.7950761179034961
0.55,518.5704561622701,261.8954820551039,883.1359278602347,368.0458103299328,1970.741750348211,1311.2175795914986,1208.547589948638,846.5923722246323,411.5500432294518,400.2389426755773,0.6859551590020895
0.55,428.001956812432,1368.8988205488456,1505.965562916458,412.96883023017085,1408.6923909136317,1121.2943827234672,1223.8733641082715,1123.9472874144508,993.954957556138,472.2170349955342,0.720265329130749
0.55,514.1593642692347,1768.020118769675,668.0248989297321,833.3586721984655,1410.5933488129938,1611.287524457121,1397.2137371033866,1729.7926567422137,726.3217785215983,782.7072850120828,0.7386146682006182
0.55,502.6502624563657,1241.2586362827667,802.0592945309613,836.7590167912534,1498.0365810089863,1708.2177558428216,994.3948979166356,1182.764818758256,1040.991667809031,359.88569087112177,0.693235862707171
0.55,304.291579254381,850.1342059580917,1830.9778531766528,905.5550090525276,2502.3015434904187,1491.1333058994323,564.6647862452368,1721.1819225178513,1223.440370197997,913.9204132932022,0.7362281454001418
0.55,1240.2544814741436,1427.9994259174605,1360.8663851771266,928.4840888833844,2233.595914801581,2665.9782110953106,1390.450437028802,1265.287140733245,1207.2568851780345,1296.0090407330608,0.6985770905657197
0.55,1477.0437022600677,1690.1495100488198,2467.863233875637,454.38077407834805,2313.5452351320496,2748.330072861996,1415.806401171342,2025.729920015037,827.9283107195685,856.0974692203844,0.6914125404093763
0.55,974.7934293154848,763.5421620558866,2511.5428440862,784.2530706107449,2141.507944572668,2040.71485627234,1402.8188727826237,2599.9093872535914,1371.0621463318337,1467.7130529211772,0.6851922592522638
0.55,1701.5896879953957,3662.903981466476,3212.7146653085824,1632.3297932018652,4449.948240483768,3110.398911636338,3311.882241944779,3409.4757300629058,1843.2576546185048,2233.6316070910666,0.7312942415550547
0.55,2358.464400879556,2727.4882653083987,3894.845935457159,2449.806941579749,4008.110685925405,4062.9162103455465,2749.410475076472,4859.423165251399,3101.992682179291,2725.661414494396,0.7652763977703027
0.55,3780.9514311521193,3711.892957523768,4193.383981988089,3746.422194337933,6291.994263916242,5290.646396305174,3708.05637565553,5123.755085036663,4488.800785842686,3520.063864111687,0.7422715385036568
0.5750000000000001,0.0,13.950692687404954,137.53952149506233,0.0,43.64062840675443,159.18098066398477,23.78771958237155,235.90979044471405,0.0,0.0,0.7545151188916022
0.5750000000000001,118.51135205873094,63.45295308144585,73.08200043621727,11.110439255506993,389.3591712429496,237.76340006782547,255.29320422651335,211.5921431548546,0.0,1.4813919007327685,0.71002523486195
0.5750000000000001,143.07714498058857,269.93713641675936,177.60398801063735,189.6360696726256,328.26657577813,191.9901726064905,152.4935567160572,127.38312542147412,0.0,0.0,0.6806241568509906
0.5750000000000001,73.43613218156804,160.80904857277622,227.5448037304786,18.49304058586768,314.1136748788206,162.95316922041127,85.2287957435731,227.2767886495212,87.90894655311997,0.0,0.7390368063800046
0.5750000000000001,0.0,99.86656434518868,274.0165916755319,117.43568214665504,107.88054790375288,228.0903012822197,0.0,145.17639446476224,162.7455122662356,0.0,0.7804645558329799
0.5750000000000001,169.18872712852047,125.21456457088574,419.24519387573184,17.515132544142702,333.160180733246,0.0,226.5787358901748,409.55597161726655,250.05646674721564,0.0,0.7718783701433269
0.5750000000000001,0.0,352.43166641217096,232.3315685748867,220.73569705956376,486.1983271067984,566.1270129088564,114.30216207962276,237.71536606413943,0.0,267.9474596576684,0.7923070612509037
0.5750000000000001,291.7391296130239,147.25003387408285,145.86956480650937,376.40789909061664,187.7437931894496,23.4679741486812,572.8946630413475,461.5368249240706,0.0,0.0,0.7432293464348967
0.5750000000000001,207.415915862013,593.8077402101583,96.59795608703772,21.08483305452833,1049.8285481337286,477.1056409781044,163.7752148886825,623.7187824503017,447.19459873795535,184.86004794321084,0.7670041162583706
0.5750000000000001,210.4547424555623,526.9086950476633,480.083801249484,252.64860280117264,339.60911985493425,539.2581175878433,311.8229191395378,486.2585125195681,329.31793440478805,0.0,0.9276278246134199
0.5750000000000001,582.7199976725002,0.0,288.9431877859946,322.2414733672805,768.0088448586828,337.81647791336377,62.3000181843453,657.3726056692466,322.7785424895588,48.336221005090856,0.746177758749922
0.5750000000000001,360.2178515907399,393.4956758057636,510.259971297088,0.0,756.0488133063212,389.40892546356434,425.0220355884257,775.3149220623922,297.16513202542234,518.4334719814799,0.783075519802124
0.5750000000000001,0.0,183.7749556602697,306.6893740564192,292.3692476413329,990.4754103767596,902.7646360843644,236.87875778287855,483.3042665091389,498.22106485819336,240.45878938664677,0.7042489496318506
0.5750000000000001,119.48818391327868,654.695674358147,687.6793917925386,501.60143871926215,1067.925643724886,631.0469712919784,66.58976916000486,630.4246370007639,17.425360154024524,197.90230460635723,0.7680139048691523
0.5750000000000001,462.0798021850271,340.8248186329274,694.7582841363476,0.0,652.155181807226,629.8704821273863,585.3010827676994,821.2567264366412,456.83634343682553,478.46561077314095,0.764951400170067
0.5750000000000001,297.2621279793798,482.4418142616021,664.8368436072599,430.2294967008223,1244.7416506489906,632.8132888366457,520.034682905369,1092.9778476056529,122.52490520929602,24.365748195032168,0.6694551278876831
0.5750000000000001,215.24580349360616,155.7097301868585,670.162466196391,980.8186435790052,1505.9573414640972,1010.5866802323748,751.8337462453859,799.9205746854369,758.7032931653969,346.5304779648748,0.723508339208052
0.5750000000000001,330.1587112066203,1190.8151574102856,98.56679970489044,553.7370617567314,1504.1453906185077,450.3621254808752,1123.5012454167004,964.8327385746826,992.8802019053438,124.21019475005969,0.8459337956454407
0.5750000000000001,0.0,600.3794763882086,1391.827385856105,449.22311599626295,1496.2781292730074,703.9810267691927,789.7495233960879,1012.2380988044372,835.6059473352121,135.87088574556444,0.7857244649703711
0.5750000000000001,151.0297523341107,977.3029903945492,398.6482997656083,727.0502030967515,1229.311937603207,565.4834912974701,804.3212391746771,721.7817233641613,714.7570837207206,781.4911603334655,0.7830463034951205
0.5750000000000001,306.78795980076154,876.1337134187168,686.038106425604,560.8761473657948,1556.525415676203,1005.0599419239304,724.6218682410437,1133.9861704291548,772.6163036699947,247.50071603557535,0.762213282618409
0.5750000000000001,334.9806419904082,619.3246753078391,1081.8706199166804,372.9580984951328,1887.1874540040717,1249.3609409118733,834.5302621679563,984.492526314808,918.2754226655582,617.3771134358037,0.7243288304963786
0.5750000000000001,1353.9642674241056,1115.3986932566354,1134.2328175330206,801.4966219836601,2225.5656853253927,1579.9737587406446,1065.1743618529697,1993.278152583388,653.9626484853652,1092.3792080299477,0.8275743900595364
0.5750000000000001,0.0,1143.838547296692,1757.312184995969,1181.0187677633055,1555.008044221683,1206.170093373082,1313.3366111886437,1792.30533367043,1090.2552883889111,1101.1906473496726,0.7458130418508381
0.5750000000000001,1268.654817141035,1383.0321603607438,990.8812693217474,1478.7356516262057,1923.406751286488,2195.3447203700816,1387.7006233492991,1059.7410984029898,1266.3205856467573,54.854440115576885,0.8300370812706419
0.5750000000000001,1508.46301665357,1356.105733669357,844.8903874578878,1683.4850194205517,3064.773775070761,2096.486579906667,877.6283160330057,1001.025123739212,1212.562508378452,1329.6635605894485,0.8530364016124176
0.5750000000000001,1977.5628561139088,2993.239139014006,1911.1167441484884,1710.1963579673,3119.8031618052896,3520.061883882758,2860.3469150831647,2531.2804558258035,2009.203861811739,2384.1497793309186,0.7673747981534679
0.5750000000000001,2450.1724098630384,4141.744117626143,2982.271480530293,2998.450168489756,5383.907826514883,4197.470709486575,3615.037942945397,2750.376953111107,3099.1175602376243,3706.717174715765,0.8293170210376367
0.5750000000000001,5361.926778138171,5998.792366888453,5849.9715420258535,5051.153879160376,8480.598475626699,5637.683012442418,4300.4841302210425,5217.4830363597375,4493.075785925596,3403.182097961156,0.7575764728344356
0.5750000000000001,5242.232064529327,6540.465083644732,7148.498269812716,5732.884326726633,7193.103020921551,7322.222037289256,4753.927420811405,5800.965262629602,6258.750866115182,6624.979348903604,0.777737700512724
0.6000000000000001,28.750404644501454,41.19722616742626,36.20096682371719,0.0,6.398718106855365,0.0,7.80117687000166,3.4184932351690724,0.0,0.0,0.753035799880364
0.6000000000000001,93.59211936894108,89.93487846997718,60.178236610225056,0.0,0.0,0.0,71.48243575247714,22.10968361646391,0.0,26.09940096078822,0.8250563095997383
0.6000000000000001,51.56365165118175,21.20920011312744,0.0,0.0,53.120290191594215,0.0,0.0,35.8026864294992,0.0,58.56852508304075,0.7768435192056238
0.6000000000000001,68.21140352077461,114.51247742578568,57.66964115847337,0.0,146.55116695827166,0.0,0.0,57.04953749010214,0.0,51.67530569755704,0.7925087349256313
0.6000000000000001,44.082356339691614,115.83342570110555,18.523968887423464,30.24799982883093,23.448061882814937,0.0,0.0,59.79255780117779,0.0,0.0,0.7809792497746779
0.6000000000000001,179.722980442365,240.91071879809937,189.96360610859733,0.0,4.096250266492285,0.0,8.704531816296239,88.32539637124749,0.0,0.0,0.678009784312696
0.6000000000000001,219.22958483787212,149.71032844978427,192.7025001634703,0.0,25.612357616663072,0.0,60.06707679146096,53.054169348802446,0.6098180384921001,91.1677967545542,0.7459878527544044
0.6000000000000001,245.4998718020965,329.4404574397235,272.894707282159,0.0,219.5098996799861,0.0,0.0,128.89621309208707,26.34118796159768,151.37402681931852,0.8093385451053304
0.6000000000000001,113.08096964618848,228.84521653822003,398.6583336679221,88.54814911277857,85.48154654610173,0.0,126.11403055456348,113.84762028785772,46.38236382097841,216.1954809506805,0.7428407695517603
0.6000000000000001,241.03286855633263,152.2943995355932,297.39378806950526,0.0,55.16175101289137,47.96674001121026,149.89606253503226,120.71629569487844,0.0,11.591962169377004,0.758836332431919
0.6000000000000001,256.6026601604992,167.42558576059616,125.8970462116258,400.8596922779864,187.5341417527322,204.1455575723207,0.0,242.61409947031817,166.9884432390307,234.7455340820921,0.838123911579773
0.6000000000000001,253.96155757315887,293.1666007662702,4.356115910346517,498.3396601435573,128.0698077641656,190.79787687314447,104.11117025726436,350.6673307828351,0.0,326.70869327593385,0.7430589179773803
0.6000000000000001,346.2032655603526,224.84894628324412,0.0,332.0070999090687,269.26920654694106,178.13898188224383,128.6813725164803,144.2513606501477,252.7833367583539,255.53098172311903,0.6935750153376271
0.6000000000000001,93.38702637365334,242.23741358851305,60.67786485191794,325.19543194074726,372.12596803715127,91.96488891618728,121.35572970383588,366.4374182072831,328.9877984939908,288.2198580466097,0.8148058900224419
0.6000000000000001,616.368259098413,429.8086355251479,125.74737058529712,592.6617875946304,358.1738629376229,325.19094606279225,44.32079455055592,380.8496182890713,224.69612120979124,377.7574698320553,0.7307335319298279
0.6000000000000001,406.6482208445603,379.9738395575665,126.29502976698636,621.1320213971153,580.8482619024711,287.43006774555164,185.08754362402985,296.6844449267559,344.04508108937546,129.0169054085155,0.8564790564542399
0.6000000000000001,554.5032644924166,525.0710317698891,283.1380787907136,177.18204098961667,340.2366102724178,331.9955851101112,318.4567580577475,243.6988869425263,173.06152840846087,142.45200637703462,0.7700590463593434
0.6000000000000001,419.5464388356376,459.2081405867187,671.7700734089087,213.80136100191413,450.5321433286685,575.0946753906542,65.68969352522618,373.06788209609255,299.94161949254027,205.74507783372607,0.7756482476235791
0.625,6.595141112456942,23.91731897409202,53.39680515146068,31.62489352720454,0.0,0.0,0.0,7.310276895735706,5.00595048294927,3.655138447867853,0.8005819309581614
0.625,10.943415517245338,37.33635882354544,0.0,0.0,0.0,8.851291962478056,0.0,0.0,0.0,15.28859520791649,0.8128980651751632
0.625,0.0,16.21393724701447,0.0,0.0,0.0,0.0,0.0,55.1273866398504,8.774601333678513,6.294822695899196,0.6954838140618056
0.625,0.6227812288161713,124.76383950634342,30.51628021203365,8.096155974622167,0.0,0.0,32.1770301555456,0.0,0.0,77.84765360212671,0.7758876996063889
0.625,0.0,143.69700659684716,71.60740093836083,0.0,0.0,0.0,57.14125933465226,44.60393661143692,6.991968441793413,0.0,0.7731224978831928
0.625,42.38638770157235,168.3061827448429,63.70351835850462,0.0,0.0,47.343859947370106,0.0,42.38638770157365,70.14823227804234,203.256362077718,0.746866289718287
0.625,116.15053383178164,191.73593147608477,53.98956974592883,113.815849734662,0.0,0.0,121.69540856244622,0.0,168.09725499273063,0.0,0.766066759742033
0.625,0.0,267.50201302047105,202.7837840639052,158.31074467836936,0.0,0.0,52.7702482261237,135.74233663197677,131.75967638849605,21.90463133914493,0.7246799131188612
0.625,0.0,351.4616929569842,290.0018995289052,5.888363442212279,72.13245216708803,0.0,164.13813095163783,45.26679396199837,0.0,126.96783672268135,0.9046080528567414
0.625,113.93109842827045,128.57938251190615,403.23470908006055,0.0,239.66220347947015,0.0,195.71735122856649,133.46214387311693,0.0,193.275970547962,0.6583114009953761
0.625,218.2868012154697,299.6093350016248,393.7722688592803,0.0,214.86269452973625,31.67298684302902,158.7929475508609,341.12662856613656,0.0,202.450307793957,0.776341465374525
0.625,219.5648375107839,242.06123479672496,196.61851227912487,89.08573325232646,148.92615003292934,0.0,157.47478100158557,349.14408587780355,0.0,297.40237212014074,0.7272559392542147
0.625,364.1972426978863,288.84608903625366,560.0172161024958,164.65622466801037,233.4955502354249,38.60583798713195,272.10138822255686,228.3791138756846,0.0,312.10261794416664,0.8304329400969626
0.625,233.73049932553172,402.6165122957392,558.9207592567066,56.134032964311295,187.7586619840704,0.0,216.3095925435036,333.41679924490825,142.2707387198886,32.422243177662175,0.8279309788321849
0.625,376.1692212061957,409.43588702715226,557.856396074497,24.05435836284614,233.8902504642615,31.219486385820392,496.4410130204221,372.0748623359256,145.34973989463845,197.5528154906029,0.7996387311804235
0.7000000000000001,20.673028577707356,88.6530489313966,23.20959650135299,10.01944329839847,0.0,0.0,2.029254338915978,0.0,17.62914706933339,78.50677723681605,0.7704524520487761
0.7000000000000001,0.0,43.52552870585997,0.0,3.515989784039085,0.0,0.0,0.0,23.27827719087758,0.7274461622152019,35.402379894459635,0.773823689251259
0.7000000000000001,0.0,115.57456667619827,0.0,4.485770852729234,0.0,0.0,9.895082763373413,0.0,58.44695552232415,61.61338200660267,0.84300839117218
0.7000000000000001,7.670910200410695,128.87129136690018,59.83309956320391,0.0,0.0,0.0,0.0,0.0,31.604150025692423,0.0,0.7942752914371906
0.7000000000000001,0.0,126.44285294839317,55.956852624676735,9.816991688539796,0.0,0.0,0.0,0.0,92.8687413735865,110.9320060804998,0.8717930001868117
0.7000000000000001,23.755860534002373,75.54791683336221,8.560670462703458,0.0,11.128871601515614,0.0,38.5230170821678,1.9261508541091168,17.763391210111074,21.18765939519134,0.8279783055038491
0.7000000000000001,0.0,91.39510712459727,3.9136443856874985,30.61851195861842,0.0,0.0,151.71127353931814,0.0,61.927667044122025,27.625725075444496,0.8401205465089783
0.7000000000000001,110.0218661126533,150.87156887725374,110.8388601679456,0.0,0.0,0.0,73.52946497627794,19.880188678771557,12.527242181143755,73.80179632804158,0.7201082914806091
0.7000000000000001,39.51599366995995,161.15653070618384,0.0,154.2841839809738,55.32239113794392,87.62242074643198,0.0,91.0585941090379,7.903198733991989,215.44806983534585,0.855418467053237
0.7000000000000001,129.93743369346907,441.5815688580216,115.19519187600623,69.25425225878965,0.0,96.6816788959323,153.93643200097156,286.27376552519286,0.0,212.90539927083185,0.7429115474876461
0.7000000000000001,217.19655250453204,247.3730889588493,125.17674381050296,0.0,23.098089631699484,0.0,123.68654447942562,399.74597056151487,80.47076387817935,75.62761605217659,0.7909549954879447
0.7000000000000001,178.9924327047455,352.42855929449127,388.5445490420107,49.212997018601385,175.4205216308177,107.55421122613252,211.13963237012317,259.95575038050845,211.13963237012317,80.16955965933086,0.8064031178156387
0.7000000000000001,244.72146206249636,295.3087607573953,136.19657340934023,92.52719590348896,0.0,12.538732155144368,227.85902916419963,145.7087150442789,157.38270705079373,361.4613821276467,0.7914147153271924
0.7000000000000001,274.426623449854,394.63387107305215,251.1306452283044,0.0,44.26235862094498,134.65075412055637,277.68806040087384,226.4369083134637,233.42570177992883,498.53393394116347,0.8611658390359279
0.7000000000000001,328.7952512023475,351.1304736378935,319.44562320607145,111.15668840016232,385.93186673514185,0.0,521.5014726811334,314.2513854303646,346.45565963975685,290.8773154396756,0.8573277901726684
0.7000000000000001,241.67180171204456,556.3317314579336,321.14776334889376,162.19584007520092,132.45993606141263,344.3958337596717,253.02551051730995,570.9293570647013,381.7008769769674,339.5299585574139,0.7679619241896103
0.7000000000000001,482.09053750293793,723.1358062544098,64.98224987078638,185.5048842465223,106.0821344044491,69.42548063118187,307.6937301574073,228.8263841603828,590.3942872875847,252.7087494975064,0.8236562398212448
0.7000000000000001,358.30143863503605,799.9419777120875,620.7912583945696,474.5226331290009,510.2393904612898,102.04787809225796,405.9237817447596,295.3719138114798,485.2943535942919,429.7349532996169,0.7732702025463734
0.7000000000000001,655.2067278895593,656.4034525067106,245.9269088243004,0.0,168.73817101813495,0.0,127.45117172646395,537.3293531002969,381.7551528708115,0.0,0.8459337956454407
0.7250000000000001,0.0,6.270480908344667,26.68289748231876,58.5689599736892,0.0,42.15897802206352,0.0,0.0,24.68168017114486,0.0,0.8020356857007725
0.7250000000000001,0.0,0.0,24.893039289258507,0.0,0.0,5.569675457414084,0.0,0.0,28.416711517418268,0.0,0.6749855313340757
0.7250000000000001,0.0,24.445924336083337,149.6870004636967,0.0,0.0,115.14384651053594,0.0,0.0,14.525839098251904,0.0,0.5876111218770907
0.7250000000000001,0.0,0.0,106.0832676885686,0.0,7.476344579956814,46.67663778297,0.0,0.0,61.42726357585613,0.0,0.7126861321557894
0.7250000000000001,0.0,0.0,98.0041049962776,22.426568649033637,0.0,138.5961942510283,0.0,0.0,0.0,0.0,0.6735959713104622
0.7250000000000001,54.49563412137028,7.170478173864453,143.64857941641876,22.70651421723744,71.70478173864454,111.38142763402765,106.36209291232272,0.0,66.20741513868136,16.49209979988846,0.7093027214920566
0.7250000000000001,70.10783357924663,0.0,101.54408635855232,135.97426797398194,52.14426056249973,143.45909006429287,0.0,10.977739065789594,0.0,0.0,0.7076553032122223
0.7250000000000001,111.37561571902296,0.0,7.50198447848439,0.0,83.96451858610175,121.76297884307654,69.24908749369237,0.0,74.73130692027532,56.26488358862506,0.6613017649307141
0.7250000000000001,0.0,102.21379202259484,222.9823169919658,100.2606622387224,102.86483528388464,278.972037462942,0.0,0.0,126.62791432098376,0.0,0.6970407997558266
0.7250000000000001,0.0,27.04649524774331,235.3776072911689,0.0,0.0,345.3910541772583,32.16339975407173,0.0,177.6296850054468,124.26768086800828,0.6985305504869367
0.7250000000000001,140.4139135082277,39.65580266226646,210.82319578612845,94.68834513234732,0.0,13.35348456994736,0.0,159.0278616966378,26.706969139892877,77.28835008666039,0.6602958514466247
0.7250000000000001,177.27826052785895,213.09205053348464,321.87643767557967,179.51662240320863,98.04025014040634,308.89393879853924,58.19740875914509,0.0,363.0622961820508,53.27301263337167,0.6377398121811124
0.7250000000000001,29.619428788498237,131.5879541259429,457.4016707994058,33.989508445815616,59.72442198336262,418.5565182899022,2.9133864382123256,0.0,193.2546337347789,172.8609286672904,0.6936772724121366
0.7250000000000001,109.89553382894285,494.0211266106556,423.3013154892556,372.4237535314102,102.77267515484436,181.1241205699208,26.456332218077463,0.0,257.94923912626336,413.6345787172626,0.6921076263184149
0.7250000000000001,0.0,209.4086760994659,460.3833959473162,252.55317720538488,0.0,347.7867711099149,24.20301281551557,184.15335837892647,273.07312285332046,0.0,0.7118807359594138
0.75,0.0,0.0,27.56671958245154,11.31469833608078,0.0,0.3428696465479024,0.0,0.0,28.115311016928,0.0,0.7229381342830489
0.75,0.0,0.0,82.40086084372834,0.0,0.0,24.774828359637823,0.0,0.0,39.07219626762189,0.0,0.646684923867422
0.75,1.1794900763610914,0.0,9.082073587980725,0.0,0.0,33.02572213811056,0.0,0.0,0.0,3.656419236719276,0.7994628714863492
0.75,41.78331728283826,0.0,156.03142154412382,0.0,79.32774730509804,81.74996859685639,0.0,0.0,135.24068878986117,94.668482152903,0.6721010296906184
0.75,0.0,0.0,131.36547192202906,0.0,65.91648235233518,3.272449478484906,0.0,77.83754830967206,63.345272047810646,0.0,0.7468765154257375
0.75,0.0,0.0,26.36256539775816,8.706902333204235,0.0,110.28742955392288,0.0,0.0,31.683450156938218,11.851061509084063,0.746614055601163
0.75,0.0,55.04698085904008,32.63847537659934,19.729227653018647,0.0,94.01829474154648,0.0,1.4614242705937686,57.96982940022761,0.0,0.7845071188452574
0.75,0.0,58.06183507978336,80.23089938297362,0.0,0.0,115.59583529520556,0.0,0.0,138.2927344627558,0.0,0.7869996350364286
0.75,24.038153233447005,42.36724507395008,81.42924407830283,0.0,74.21779810826845,185.69473372837865,0.0,64.90301373030664,105.76787422716627,0.0,0.8176575841878275
0.75,0.0,170.2775181036582,68.50623552332947,55.66131636270351,0.0,181.4756527565103,46.768680020733534,156.11517133681704,96.1722152539034,114.61620174095316,0.7769358346201123
0.75,94.57320640152057,48.92976701854748,231.86867206550323,147.51959608576766,156.2831364473005,249.3957527885656,0.0,57.328159865013525,56.59786483488662,95.66864894671092,0.8799640978999367
0.75,61.85853501854477,225.8260216772853,65.67173238270001,122.44600424903264,176.67814453926505,229.6392190414425,0.0,5.507951748227223,197.0151971481,5.084263152208262,0.7443127844862479
0.75,0.0,168.06110618992986,379.0508645044594,200.02925138909907,9.59044355975097,105.49487915726482,223.3203286056377,73.52673395809354,188.61205667510933,147.0534679161871,0.8359850344379479
0.75,136.52097617057152,259.27009948183,820.3234094459715,601.1713161195272,458.06380162494025,307.1721963837845,134.1258713254705,3.5926572676460453,14.37062907058418,72.45192156420569,0.6980231980787931
0.775,0.0,13.271218509495524,27.34190801353934,2.7182013814626624,0.0,24.46381243316651,0.0,0.0,30.77963329009521,0.0,0.794170412386412
0.775,0.0,0.0,0.0,4.468419994077807,0.0,0.0,0.0,0.0,0.0,9.799166653679713,0.8575612771594665
0.775,13.32764781212462,10.759935848320929,0.0,7.336319896582299,0.0,28.367103600118558,0.0,0.0,36.80387148118775,0.0,0.6707376020304907
0.775,0.0,58.80020528843848,91.58449240968991,71.06787401768038,8.248949662766687,110.1975070333676,0.0,0.0,2.326626827959588,5.922322834806137,0.7658008913483078
0.775,0.0,0.0,183.0742200899767,14.065181716949423,0.0,0.0,0.0,0.0,99.59056086678912,0.0,0.8166201009526989
0.775,33.192584661603966,55.01148646713273,20.658321922256963,75.20557643607991,46.191079354259685,101.6667977747022,0.0,0.0,0.0,0.0,0.5921036160172103
0.775,0.0,0.0,172.11912122532476,65.95447807636974,0.2451839333691845,104.2031716819982,0.0,24.27320940357157,137.3030026868682,11.523644868361709,0.7807649968566576
0.775,0.0,21.300051359982277,86.25205982807782,0.0,32.081558838492896,31.555631644418536,0.0,0.0,0.0,10.255580284436263,0.7010994317369557
0.775,0.0,12.541837861632246,101.7930561327786,47.25064496707709,0.0,14.000191101356863,0.0,0.0,0.0,13.41684980546622,0.7785889906580162
0.775,0.0,17.874126977772335,145.69099725278173,171.99631620119956,0.0,169.63558244941902,0.0,7.082201255343205,211.11704694500156,0.0,0.7848004992614096
0.775,0.0,213.155673191334,359.26043559238497,173.83569464147624,40.56166208301188,24.00588164096652,0.0,62.49807116872084,20.28083104150405,20.280831041505937,0.7505763623034478
0.775,0.0,0.0,143.10700452099937,129.5182088394791,8.068347435902362,31.424090013513343,0.0,0.0,223.7904788800172,77.7109253036863,0.7800163289897128
0.775,90.1655402390408,252.0954900560898,461.868379591813,294.8781188429795,88.78545543946282,270.03659245059293,0.0,11.040678396617452,142.14873435644265,0.0,0.7432506499920859
0.8,0.0,0.0,4.238428807001348,0.0,0.0,0.0,0.0,0.0,0.0,0.0,0.6996356406518467
0.8,0.0,0.0,34.37041766607477,13.868765023152594,3.241070086932601,15.753108096950882,0.0,0.0,4.070181039403285,0.0,0.6539480749407497
0.8,0.0,0.0,31.27991656927741,0.0,25.721914864818856,41.1033614422734,0.0,0.0,0.0,0.0,0.716836795503978
0.8,0.0,0.0,62.37167883404426,0.0,0.0,0.0,0.0,0.0,29.2477364024047,9.51432388993909,0.818119397966457
0.8,0.0,0.0,39.78381948976462,0.0,0.0,72.29288341568697,0.0,0.0,74.79358064075666,9.320780566173218,0.5554853576353355
0.8,9.95755053323787,59.7453031994217,76.98886631795493,0.0,19.672233980297243,11.900487222649303,0.0,0.0,12.143354308825591,0.0,0.7661051061449736
0.8,29.494532284879348,0.0,70.48693308759262,166.21918618173274,0.0,90.2332724986547,0.0,0.0,28.99462495801631,0.0,0.6122088176811413
0.8,0.0,14.790875094474188,275.2159258650427,60.748236995162834,0.0,64.18183299923773,0.0,0.0,78.97270809371072,0.0,0.6777810314497189
0.8,35.98181803929923,5.666428037684796,135.9942729044351,135.14430869878188,37.68174645060441,174.80930496257676,0.0,0.0,160.0765920645955,143.64395075530908,0.6758760200245967
0.8,0.3351312874241013,145.44697874153113,145.11184745410856,106.236618113053,0.0,114.95003158604916,0.0,0.0,152.14960448998724,80.76664026891429,0.6726707476771713
0.8,24.593720999979062,73.78116299993555,219.89679952921932,13.74354997057518,69.80276695582171,488.6193686907471,0.0,0.0,113.20345107342902,0.0,0.7794283508112826
0.8,0.0,86.89139714536338,272.6166109489623,168.84110345781585,19.35495576223855,60.947520272578174,9.883381665821869,0.0,365.6851216354635,131.77842221097822,0.8117501077791811
0.8250000000000001,0.0,0.0,0.5338414906377185,0.0,0.3090661261586813,0.711788654183582,0.0,0.0,0.0,0.7773481354899482,0.8039508754921074
0.8250000000000001,0.0,0.0,30.958947483169126,0.0,0.0,14.493246882702376,0.0,0.0,7.804056013762699,0.4287942864704822,0.8185715067912563
0.8250000000000001,0.0,0.0,48.00103766377856,15.290653126767795,0.0,39.67827710110699,0.0,0.0,45.19452538101681,0.0,0.8427680870470821
0.8250000000000001,0.0,0.0,85.32838749802653,4.030168139157094,9.727992060035584,26.682492507526558,0.0,0.0,2.5014836725802,20.56775464121771,0.8122422199502585
0.8250000000000001,0.0,95.7108697783784,38.06432292335548,0.0,0.0,111.99271889010274,0.0,0.0,22.22252378762329,0.0,0.8182860391249174
0.8250000000000001,0.0,47.97124275075589,134.51729925985117,0.0,0.0,149.3537660899818,0.0,0.0,45.49849827906633,15.825564618806215,0.7839049382953681
0.8250000000000001,0.0,83.42564612477979,111.57540401964538,34.54743014369725,0.0,123.85893473740369,0.0,0.0,35.05924392360341,0.0,0.8528387046016991
0.8250000000000001,0.0,0.0,147.09996876241297,0.0,0.0,0.2679416553046975,0.0,0.0,39.119481674521175,23.846807322140013,0.7683696742742165
0.8250000000000001,46.23578656551231,92.4715731310233,146.98413630394097,0.0,30.253045530519625,169.53121740687584,0.0,31.394669890162145,129.00355263957485,41.95469521685253,0.7290972393392984
0.8250000000000001,63.92834777713794,0.0,77.91267385338708,65.35531982573347,60.50361486050609,233.45262715044083,0.0,97.8902825337426,64.21374218685706,0.0,0.7751301451127306
0.8250000000000001,0.0,92.54595058392128,143.410900523178,234.89716465003085,37.442254816395575,286.82180104635444,0.0,0.0,72.41190789963358,0.0,0.8155591838046619
0.8500000000000001,0.0,0.0,7.693875082932961,0.0,0.0,0.0,0.0,0.0,0.0,0.0,0.8307699236379601
0.8500000000000001,3.626284213419853,0.0,22.08736748173828,0.0,0.0,38.90013974395637,0.0,0.0,0.0,0.0,0.7391886013261659
0.8500000000000001,0.0,9.096161952383923,0.0,3.946129082283986,4.146779713587,8.226675883406227,0.0,0.0,0.0,0.0,0.6715215729350646
0.8500000000000001,24.0430114926712,0.0,48.36559288641971,0.0,0.0,0.0,0.0,0.0,99.66666973415248,0.0,0.7412353334819605
0.8500000000000001,0.0,0.0,23.181985013869934,11.049357343059024,0.0,126.3093202157558,0.0,0.0,62.61302494400145,0.0,0.7179860514024936
0.8500000000000001,0.0,0.0,89.24905082089177,0.0,22.49976071114901,0.0,0.0,0.0,8.499909601988717,56.749396460342055,0.7669067285683617
0.8500000000000001,25.573480918641824,0.0,89.63378460592973,10.381314036279742,90.89979851279315,82.79730950886778,0.0,0.0,0.0,0.0,0.6939292630600354
0.8500000000000001,0.0,0.0,174.85105459048123,0.0,18.516753133636332,122.73962077153254,0.0,0.0,0.0,0.0,0.7702877045398445
0.8500000000000001,0.0,33.08648517829732,173.00306233058663,0.0,30.28254575640776,206.65033539326132,0.0,0.0,0.0,51.31209142057818,0.8082784800995814
0.8500000000000001,36.20061525419247,38.02585635944558,285.34602612128015,45.631027631334696,28.291237131428066,94.60833062230031,0.0,0.0,77.57274697326898,0.0,0.8081029387883395
0.8500000000000001,0.0,59.1717526220331,120.0245209435573,0.0,80.01634729570488,40.680579927647656,0.0,50.76667412458517,0.0,17.482563274691078,0.7629871175147199
0.8500000000000001,135.1029744901912,125.82392404443634,110.60628131339868,22.64088308764154,0.0,201.91213769962627,0.0,87.22307419009576,142.5262148467934,141.41272879330384,0.8109797711512089
0.875,0.0,0.0,4.048587701789733,0.0,0.0,4.297383594078466,0.0,0.0,0.0,0.0,0.7591780414892381
0.875,0.0,0.0,4.499686600575953,0.0,0.0,1.1121674364235352,0.0,0.0,0.0,0.0204067419527066,0.6442061519066969
0.875,0.0,0.0,18.85796005350729,0.0,0.0,17.188566868442827,0.0,0.0,30.358224217285457,0.3709762633476282,0.7660071097819021
0.875,0.0,0.855910834973244,60.48436567145188,72.0391619435923,0.0,28.2450575541216,0.0,0.0,49.214873010968994,25.53467324337245,0.7041330582807395
0.875,0.0,39.49392541921762,61.85795547588279,0.0,0.0,46.47277167803531,0.0,0.0,49.16914409621453,46.47277167803458,0.8168146734416963
0.875,0.0,56.20539621909729,170.09527803147728,84.55460922434239,0.0,1.7256042698852248,0.0,9.860595827911729,57.6844855932827,0.0,0.6792198263610595
0.875,0.0,67.93411707923882,0.0,76.26320423071593,39.82344794300268,131.70369058273909,0.0,0.0,0.0,0.0,0.814675796299871
0.875,0.0,55.42386286433274,60.63699848028637,95.75706999827771,0.0,118.80461693196231,13.718777936716148,0.0,0.0,54.051985070661125,0.7619973069064581
0.875,0.0,87.5834835017423,28.352345620757507,138.67384887775842,0.0,121.55015498799614,0.0,0.0,0.0,24.703033808183104,0.769470459507851
0.875,0.0,0.0,129.39466565969454,110.56257816931442,0.0,129.39466565969315,0.0,13.66845059785494,23.084494343043623,41.00535179356483,0.7815970529331728
0.875,0.0,183.4766485151293,205.89390820212984,161.05938882813038,0.0,345.2257991797837,20.34797417742857,0.0,86.56511048364183,10.346427547845677,0.7742302828570464
0.875,0.0,0.0,214.7583386819684,247.2522090564568,0.0,156.8669604285682,0.0,0.0,125.1200755799294,0.0,0.806100404412528
0.9,0.0,0.0,3.9880418008124825,0.0,0.0,5.543187287732149,0.0,0.0,0.0,0.0,0.9328934958558044
0.9,0.0,0.0,7.555674968726837,0.0,0.0,1.4220992166998054,0.0,0.0,2.83183235325435,0.0,0.8541271437405197
0.9,0.0,0.0,23.76288171361889,0.0,0.0,0.0,0.0,0.0,29.82823264052093,0.0,0.7746506730522527
0.9,0.0,0.0,55.387334443043294,0.0,0.0,19.156521687067816,0.0,0.0,11.38286071260511,0.0,0.8533005657215675
0.9,0.0,59.22940782209269,51.70192455373365,0.0,0.0,63.983607781056826,0.0,0.0,91.32025754509898,0.0,0.8166769104385385
0.9,14.957195965474892,0.0,96.36357400707064,0.0,0.0,77.2379791659723,0.0,0.0,0.0,21.332394245839524,0.8756096508104042
0.9,0.0,8.966457504444962,111.40144172188582,24.725685845589044,0.0,84.23035837508439,0.0,0.0,124.17185089488198,0.0,0.7901426198404511
0.9,90.55000861289678,0.0,30.99910204765843,9.245346224739173,26.10450698750138,0.0,0.0,0.0,30.455258152084745,0.0,0.2
0.9,0.0,0.0,60.332940458893454,77.07605312212618,0.0,174.0706368263766,0.0,0.0,0.0,0.0,0.7462075837299877
0.9,19.691383226962717,83.30969826791917,196.9138322696271,65.13303682764588,0.0,113.30118964437034,24.53849294436864,0.0,171.16356189590664,0.0,0.9216214609656732
0.9,0.0,44.712027345035054,80.02804894364952,62.856038441569005,15.876009709469052,306.18018725404033,0.0,0.0,159.08409729283972,0.0,0.8029645207942347
0.9,0.0,14.731044537579258,187.08426562725728,39.0372680245847,0.0,118.9531846409532,0.0,63.34349151159015,0.0,71.44556600725974,0.7992385286417918
0.925,0.2679740407348721,0.0,8.190684810286987,0.0,0.0,0.4194376289762778,0.0,0.0,0.0,0.0,0.9222610324862429
0.925,0.0,0.0,4.1082285773093945,2.762634869379049,0.0,2.762634869379104,0.0,0.0,1.3932253436092512,0.2738819051539271,0.8354936323854438
0.925,0.0,15.260590416845172,38.93407042246437,0.0,0.0,27.87992480000577,0.0,0.0,2.2499588435089706,0.0,0.8937794547373227
0.925,0.0,0.0,95.39425827329109,0.0,0.0,0.0,0.0,0.0,3.58288293984137,0.0,0.8558961911295351
0.925,0.0,0.7387076972589923,44.32246183552946,0.0,0.0,2.400800016091515,0.0,0.0,0.0,0.0,0.8011022025584686
0.925,0.0,0.0,150.17827421487044,73.21503218794736,0.0,0.0,0.0,0.0,63.71956726254864,0.0,0.8768566190245626
0.925,34.33633175635164,44.41922282766046,222.91364584678487,0.0,30.248673213927702,165.68642625286714,0.0,0.0,19.34825043413385,0.0,0.786039425613288
0.925,0.0,0.0,138.09573975439378,64.70611741027327,0.0,97.479345708984,0.0,0.0,18.20734905483887,0.0,0.871715360556165
0.925,0.0,0.0,177.6168910262833,0.0,0.0,0.0,0.0,0.0,20.983027059677,77.72586079852204,0.7682652868439879
0.925,0.0,77.39224675517961,241.08299088419216,0.0,0.0,58.96552133728096,17.198277056706424,0.0,266.266182288655,32.55388157162312,0.6706536051478579
0.925,0.0,75.97221320627486,144.5160322323812,106.0234442078668,34.77839093442866,220.4882454386561,0.0,0.0,173.8919546721402,0.0,0.826121487459213
0.925,0.0,40.68396403986645,193.43375629863849,47.341339973661775,9.246355463606012,170.50279474889456,0.0,218.2139889411019,121.6820379010538,163.47556459655365,0.8595226246580455
0.9500000000000001,0.0,0.0,3.93959425185342,0.0,0.3151675401482625,5.503310124127557,0.0,0.0,2.3880002080465124,0.0,0.756999965802185
0.9500000000000001,0.0,0.0,2.798917220921693,0.1897570997234909,0.0,6.3924422969354735,0.0,0.0,0.5455516617050565,0.0,0.5996263281319643
0.9500000000000001,0.0,0.0,25.110625108627328,0.0,0.0,59.00480220998385,0.0,0.0,17.773775797052767,0.0,0.6503134556817807
0.9500000000000001,0.0,0.9156126383562694,4.120256872604253,0.0,0.0,58.75181096120286,0.0,0.0,55.089360407777086,0.0,0.6926939002122696
0.9500000000000001,0.0,0.0,103.17791054420982,27.26958686717112,0.0,97.1180023515048,0.0,0.0,0.0,0.0,0.6495813437221375
0.9500000000000001,0.0,0.0,201.42549724074036,0.0,0.0,16.868145089126433,0.0,0.0,0.0,5.7054020154389935,0.6749216206625076
0.9500000000000001,15.304114638771676,0.0,89.09181021855889,0.5465755228127416,6.832194035165482,130.63154995236454,0.0,0.0,0.0,0.0,0.7543689764892827
0.9500000000000001,0.0,66.49671822340828,171.11439991110015,58.75787601637416,39.55408239151094,198.0570357429975,0.0,44.14006295864232,132.70681266137112,0.0,0.728255502157546
0.9500000000000001,0.0,97.84829960063504,55.64535887831667,0.0,0.0,30.32359444492592,0.0,0.9378431271631996,0.0,8.753202520183702,0.7667007536039919
0.9500000000000001,0.0,0.0,146.74089651701684,0.0,0.0,244.77498383071028,0.0,0.0,0.0,111.06393436171548,0.7121218922267993
0.9500000000000001,0.0,0.0,119.76346121281262,30.63716449629987,232.5639304946477,254.14920548067724,0.0,0.0,230.1268833188047,5.918543141330207,0.6833471775309519
0.9500000000000001,0.0,57.27289739518335,81.04655291771182,0.0,0.0,37.46151779307601,0.0,0.0,0.0,105.90082914581043,0.6767435008733523
0.9750000000000001,0.0,0.0,0.0,0.0,0.0,3.3405518608501543,0.0,0.0,0.9738557967224076,0.0,0.6639971565357352
0.9750000000000001,0.0,0.0,2.007627639599354,0.0,0.0,3.2395809638989013,0.0,0.0,3.513348369298766,0.0,0.6578361677965343
0.9750000000000001,0.0,7.476232294107624,21.736453151386996,6.783988563171115,0.0,11.075899694974073,0.0,0.0,24.78232556750398,0.0,0.7410251383843576
0.9750000000000001,0.0,0.0,73.51860418706627,0.0,0.0,0.0,0.0,0.0,63.23520861183948,0.0,0.6801452528853709
0.9750000000000001,0.0,0.0,30.97575093443218,15.26122363111035,0.0,0.0,0.0,5.741846514675508,38.07750846574075,0.0,0.7677923478743813
0.9750000000000001,0.0,0.0,80.6910431647356,93.19938116291624,0.0,26.73350670199462,0.0,0.0,21.583014585095725,17.904091644454294,0.7568352182932528
0.9750000000000001,0.0,0.0,141.9039384901483,0.0,46.40204832757743,33.722418842715626,0.0,0.0,113.84688601300743,25.629038320463877,0.6923734947121396
0.9750000000000001,0.0,17.785967041487236,300.94985501944296,102.19873125425651,1.1292677486660805,105.86885143742096,32.46644777414243,0.0,99.94019575692435,0.0,0.7326911868118273
0.9750000000000001,0.0,83.74945974685949,0.0,37.613792447711525,41.14008548968536,0.0,0.0,0.0,106.3765067661859,71.99514960694938,0.7103463929033211
0.9750000000000001,0.0,0.0,199.28912848690624,0.0,0.0,62.40975733251122,0.0,0.0,0.0,0.0,0.7206441672448837
0.9750000000000001,0.0,0.0,95.080078260752,73.98722813464526,12.006699302553107,71.7156904287576,0.0,0.0,0.0,31.80152788243474,0.7774581978423989
0.9750000000000001,27.79513544772606,93.00679938277317,126.85984896654294,43.11809473300961,4.63252257462155,93.00679938277317,0.0,33.14035380305788,34.92209325483353,57.01566245687264,0.7092561377136692
1.0,0.0,0.0,5.211508263289632,0.0,0.0,2.7110371268627924,0.0,0.0,0.8685847105482388,0.0,0.6593657632027403
1.0,0.0,0.0,0.0,0.0,0.2917717140776054,0.0,0.0,0.0,5.042179933903163,0.0,0.7513962781190606
1.0,0.0,0.0,0.0,0.0,0.0,2.88757095309005,0.0,0.0,0.0,0.0,0.6842951858258842
1.0,0.0,8.83777184926153,0.0,0.0,0.0,73.68011965634513,0.0,0.0,31.988891584827424,0.0,0.7677838264515061
1.0,0.0,13.82650592824849,35.2212045751176,0.0,0.5821686706632266,55.742650215991546,0.0,0.0,2.7653011856491685,0.0,0.7193182338454096
1.0,0.0,44.68700715392306,28.79317471257916,0.0,0.0,176.90526543408677,0.0,0.0,51.597369084941015,0.0,0.7245823428269337
1.0,15.347263551475043,0.0,91.55436532431472,14.024223590139828,34.92825497921869,81.49926161817575,0.0,0.0,69.32729397390186,59.8014062522972,0.680413349958925
1.0,23.32020936860465,1.9907495802461552,39.24620601057778,106.64729894178603,0.0,29.86124370370009,0.0,0.0,45.78724034567322,0.0,0.7223461794406095
1.0,0.0,0.0,162.6157937963504,93.51897298910824,0.0,22.33733431268535,0.0,0.0,121.81292978517637,0.0,0.7588320717204813
1.0,119.8063237860833,0.0,46.48734959407936,58.03118808388368,34.94351110427506,220.2689182108711,0.0,0.0,117.6223543420653,0.0,0.7386448209277179
1.0,0.0,13.705622449926873,166.75173980745203,0.0,0.0,75.05459913055518,0.0,0.0,49.2749759509294,0.0,0.6836524270718239
1.0,0.0,0.0,171.09728688681673,0.0,0.0,156.10071194056164,0.0,0.0,51.46551856555583,0.0,0.6528426139913172
1.0,133.0312502484774,0.0,304.45151842580253,154.69633957465732,89.32098230969197,152.03571456968845,0.0,0.0,148.23482170544625,0.0,0.6228825085061392
1.0,165.730387693193,113.58594863850507,280.12477724727574,0.0,62.24995049939481,59.016186837087865,0.0,0.0,167.3472695243446,68.31325736621893,0.6944129552537467
