frequency,852.6628345413255,852.7564229968832,852.849989060657,852.9435327289393,853.0370539980231,853.1305528642008,853.2240293237653,853.3174833730092,853.4109150082252,853.5043242257058,Max_Oxygen_LifeTime
0.2,89.2733357114897,61.21956401444336,28.30313855657564,22.068967068343174,0.0,28.92655570539895,15.086695001522706,8.104422934702239,0.0,51.743623352329976,0.45973694591830416
0.2,181.90383820391983,222.6784183617068,72.76153528156794,143.5897930556546,107.9120354175912,55.01053271287634,69.24648526796564,12.478427548288195,126.71755299036346,118.28143295771798,0.971616363897645
0.2,304.1103290257244,283.89305732702337,91.72256949621222,156.84346570465985,65.54652298105194,176.20948385815245,100.23510494829684,99.59666478939042,86.40223483865923,51.926466257716434,0.9117780783164717
0.2,423.17798508387705,265.7352503653701,46.449657584190696,282.74878773632383,36.72763622936014,141.7794780912799,108.02245949811784,144.20998342998735,188.2291356754706,101.27105577948568,0.9391676774955388
0.2,549.5244026887418,295.53369790533293,117.52986028797493,265.8225699130708,140.40479953865466,0.0,148.02977928888103,116.21520860690124,194.83137913509944,245.83986436075296,0.8415457954533347
0.2,605.9088788572358,456.3617605739256,176.99744974640342,144.11424018123964,187.29132404506356,87.78387249135042,79.77752581461466,226.75117552325997,99.2215106009724,130.67501540243364,0.8653322467273351
0.2,722.6138750517829,404.0829008590136,218.1416285106081,369.0413368001461,363.0432312405201,0.0,338.41942946942385,216.87886944542365,215.3004206139432,345.6802940942344,0.7316352996703497
0.2,922.1928084685944,623.836311611108,478.4831464754096,423.1933061486726,238.54610354806036,269.4945047372403,280.6220197715518,233.3300808757266,202.0339448417245,396.0699882525375,0.6677301296999959
0.2,997.0104001143754,977.3857260866512,495.2344210525671,644.9206602052078,390.9542904346606,160.4605699913913,332.849863411399,177.0068637794723,197.40113286710712,391.339087964616,0.7000370427067865
0.2,1157.592199175271,1081.5182320881777,576.0489841094904,631.8365599733589,327.96332477546935,209.2034094895068,284.4321102756322,325.85015902304986,503.7787153767517,342.75548504240413,0.6751327152436368
0.2,1520.563596939328,1181.7448490516126,847.9625960649308,818.6593530043718,577.36546092758,348.8917376897828,367.206264602632,455.5738569571307,402.91959208268855,451.9109515745609,0.5234310677705861
0.2,1911.877120764712,1384.9777957263764,1012.0793486806732,1326.261741909788,664.4185037140297,504.2369884775467,665.4486099213382,302.336171845066,494.450979508115,629.9099457691925,0.6944522570889506
0.2,2219.0105823717017,1658.4359449959418,1254.777848052764,952.0342753453804,1000.8281112396108,760.185784215793,876.6256198724788,618.2400797962136,846.683947846474,440.8079492717397,0.6630253734709786
0.2,2642.4535767565385,2066.6965231853555,1115.943776084041,1536.155992145941,816.3089534401901,1044.2002270003022,857.9081541694167,458.7969819556752,740.9480825539096,745.1682913235414,0.79822163316433
0.2,3260.798265414798,2495.4018880023214,1817.1610912369845,1576.6641130602902,1106.810343706912,1212.9697727658345,941.0181489420518,901.044536765544,692.0022042359379,1193.965924354052,0.7036243975064377
0.2,3944.8843470376632,3300.2522129042054,2205.552313139985,2103.4977953215903,1281.9222166253046,1312.7588335200712,1320.835090325843,912.617019052264,1407.4712996968549,817.9045528754806,0.7339582087744879
0.2,5279.310293630772,4295.597994586198,2717.4237929732976,2606.674726193445,1465.796472086286,1307.0018542769385,1466.6108034596666,1438.1092053913223,1421.822577923697,1480.4544368071486,0.7500676178642665
0.2,6115.6207404620345,4489.591545674709,3291.2727784562308,3035.011306927774,2149.495688229797,1833.9566521129068,1797.478150827717,1225.67764318237,1529.3611663815734,1658.8598459439968,0.6612667032813783
0.2,7980.289894741602,6176.467359121104,4162.749348298457,4249.051548762284,2883.132771050838,2020.110766412561,2136.2458262959826,1720.716712951627,2071.2528111318657,1965.7723438982987,0.5525249130712094
0.2,9428.231488012074,7650.452951214699,5078.396049665919,4179.875731195354,3011.6860107121847,3325.544936583997,2529.0004424039107,2257.06491096263,2544.863348404652,2524.468183546557,0.5601010204217014
0.225,207.3161970057244,163.34626027705735,101.2952280711815,178.5508178374376,40.27153083560156,64.72210312864549,94.10388327910978,64.9275701227045,21.779501370274296,81.77586363555831,0.8247662403650454
0.225,282.3600827275721,287.8283237663103,81.77505917022107,64.62466682145136,58.90786937186148,130.74067210801314,157.58476448000062,100.41678998410126,26.09842313943217,246.3194031540704,0.7810588398643363
0.225,411.56139287061353,337.4477647349423,106.14809011372692,207.1380888920041,79.00024097978141,238.35811539604148,154.74274006348926,59.18231111200115,165.05892273438857,255.4612603504271,0.8336496532846075
0.225,423.17798508387705,265.7352503653701,46.449657584190696,282.74878773632383,36.72763622936014,141.7794780912799,108.02245949811784,144.20998342998735,188.2291356754706,101.27105577948568,0.8326921862102807
0.225,694.7927865701448,688.9464345130888,309.54895628413004,428.6299166041683,116.92704114112276,140.00474662950222,136.3123137513614,194.77583432192267,299.3947658692431,211.391782273556,0.6972630871582721
0.225,634.844969294077,415.8761391174373,228.5178468309593,370.10671446397447,36.22040799914341,223.57870028562164,289.4339875567913,113.27109410641204,164.30894174156876,116.5638584699706,0.8245197440059927
0.225,731.7852039343013,591.3906006214675,426.3836100611988,552.2187730304794,263.45653955000904,0.0,196.55244463796708,26.692307296514077,351.85314163586725,231.56443213079748,0.8684417707442
0.225,806.2431554206314,637.9966613070001,301.8758998366261,534.1453961350907,230.03613575713317,433.2719450182896,117.25142841989788,239.7140314362356,106.82907922701804,237.4806708949044,0.7852449718092277
0.225,1232.616062235748,843.6463999507587,410.0608222837582,532.146190738171,339.4865561340313,184.1420507584831,250.25472537000863,331.3745715191201,356.92732305609024,387.7528645927526,0.7001181046785798
0.225,1276.9114090957014,1151.2697421853777,603.7037541258462,732.464185817632,509.2497350301421,254.84763642803253,464.2504146119052,311.8764781461936,318.5595455350407,450.4387420082883,0.8729390368811302
0.225,1456.0166725895976,1269.909278348822,602.1121578378037,646.8540889340516,592.5925980300914,460.2707167028904,342.7041530776431,188.96326218308923,460.27071670289007,728.7223032803774,0.9409197834843136
0.225,2118.2712687425533,1681.4496652228754,788.473444630615,972.3983303231112,753.9875285632721,628.5841974092975,757.1226118421212,565.3600179525018,495.3431580581996,568.4951012313513,0.8786739544765398
0.225,2443.941465686678,1857.9343710204191,1245.5457309046255,1284.2760848624528,742.612438930518,705.00470392799,547.8380501860811,598.9172126522013,812.2148141590774,713.4243460927352,0.7488796733202973
0.25,107.1071142775052,113.02198476745698,0.0,0.0,0.0,0.0,2.8775045626792277,52.75425031578616,8.952236417224274,78.65179137989941,0.8907084191471129
0.25,170.8511690687005,64.7721798739454,0.0,85.13469151096434,40.918951956294926,0.0,18.423224814445557,54.10610234979269,19.97465427250417,86.88004965128023,0.9102083319707164
0.25,344.3238962131515,206.02793789861627,100.77196962509645,109.50396699307905,95.34397126121542,75.51997723660631,203.43193868110797,86.84797382209713,178.65194615034662,50.26798484811605,0.9443221441693939
0.25,250.750003508291,314.29084209363805,52.2505242912564,259.41466331538385,56.71413691915272,69.05471300804254,102.40052499291464,40.697644548466016,94.78612698062102,176.1814160775532,0.843301338754155
0.25,551.3194816647703,376.9555069302589,117.32078569826304,422.5312507478801,176.42223413272654,152.60523252480843,202.2974951388596,112.0281186742813,199.6511616268687,311.97331735803806,0.8709211639441403
0.25,685.0843746899026,411.2362845360797,117.58449068751725,336.04409707011484,76.1204860766559,289.0103007951081,182.8748263061121,42.08287035132178,158.42962955791776,230.52748832157985,0.8162583665516217
0.25,777.853870196768,747.1621392131875,142.56804069792264,428.0341407064948,0.0,219.13235885051083,234.31321503593765,0.0,108.57612358707529,312.5276262521593,0.8839646218926953
0.25,1054.7581929048426,679.983959307093,347.0941152756613,384.6079598437549,244.02209573420063,0.0,366.7615677676714,89.5961724636018,245.11473198375663,211.2430082475169,0.8620823431292292
0.25,1206.4155784758018,729.859958508492,542.9065252862633,554.6155085778436,414.4980085219352,100.69725630758894,424.6457940413045,218.56768810949484,287.2603900867647,261.5006268452887,0.920458161603352
0.25,1387.489030615733,821.3394261622976,567.8396032726996,679.802025048939,294.4822942567498,302.93228835306974,386.164730201821,299.5522907145417,363.3497461417573,375.6022375814212,0.8298172285604452
0.25,1289.6295119028114,879.7576022253236,585.9123394305086,532.566754656866,476.9984371843216,118.69392612135512,279.1752269820632,153.36855622422246,448.1029120985984,365.4172556994524,0.8914172453042928
0.25,1496.7704239676912,1135.8776512338868,724.661185090986,855.5027879546363,551.6435344178076,299.54579410176336,615.8661526732254,323.9887309004672,400.6724541905188,739.5186564784336,0.8738477512417712
0.25,1859.0192094138456,1420.263771177569,714.5297879767661,869.2324719775287,694.3511770201451,418.5768272796553,424.268230369984,242.1433314794542,581.5579157754418,299.0573623827451,0.9391192474088602
0.25,1916.96149188752,1553.2583842968777,994.8510567028242,937.9711722074456,663.4163451239835,618.5687438872428,649.7432959664403,470.3528910194768,424.4114458501326,589.5818796732516,0.9311141893419929
0.25,2635.718729469428,2298.0078107452164,1050.6561915864356,1387.7618936104247,787.9921436898269,745.6269746742449,544.6950302003411,603.4010501219334,481.75249337719066,994.9762551659566,0.8825515117549522
0.25,2894.2701904287565,2236.7431725810743,1473.0396129408678,1113.5744533782245,1109.0971293267326,807.1975647118435,753.469676093939,862.844306494672,1197.3643749132889,902.5006052364588,0.9153880401320287
0.25,3017.9345331444,2369.2196334965383,1515.6827417238346,1224.9026676580745,1259.8231384465723,939.494973713622,856.8946293485212,791.7545203776696,1093.9509022012078,805.8570181961016,0.8366406301068983
0.25,3726.9522378371616,2725.4177563246903,1779.0136132440994,1680.0617237509828,1022.7384578324244,1014.2568673044428,1154.909910226801,834.0230685848378,745.673167251698,1060.1988159976754,0.7023520808996986
0.25,4283.337833333227,3260.2596094364308,2196.4092644396887,1790.1981319994854,1857.3966278864336,1087.2565626652297,1209.5729259650673,1152.9449799929198,1042.70924516714,819.2176183970652,0.755610973873429
0.275,70.9428255047242,155.43082055688984,0.0,93.46166987734556,0.0,0.0,0.0,0.0,25.73582214013862,57.90559981531197,0.7349682530279553
0.275,137.10852956412938,165.88693157159275,40.49532282478778,116.34696811588788,93.73536653859524,6.783480473187812,70.30152490394636,0.0,32.88960229424384,159.51457112708312,0.7725901930008846
0.275,253.1490294389089,161.20227644942665,0.0,140.1656157397508,32.618642448711,31.90954152591299,114.16524857048827,52.00073433852472,58.85537659223932,38.76418377962759,0.7802447031227839
0.275,411.00745713338586,412.6067079393524,92.4900049450616,282.8008508550729,242.0199553029277,122.60922845743028,142.5998635320113,76.49749688539667,133.00435869621248,154.32770277576552,0.7744336608163489
0.275,493.0077956645926,456.12217591596425,84.86691373058365,252.20167649265343,254.90062427913853,194.32424062691985,221.3137184917696,172.43277524765244,215.6159398314125,183.22856639359256,0.8173128926325012
0.275,498.35434061532914,507.9936895634013,158.72794601158768,333.2001619716934,26.990177054601936,124.34760143013052,218.491909489635,200.49845811990025,128.52465264096182,223.63289559527345,0.7840962965634557
0.275,600.0041023255674,538.0302221661464,322.67964418201313,375.9979544867664,210.15723607133265,225.04481622136123,169.30294635730084,126.37131987814874,277.6706809377408,451.8207464136559,0.80167380927598
0.275,906.3836686695656,566.1289713943265,284.6881825558468,391.85217522896033,240.3071350851636,162.0088643442018,60.97883758167044,183.2973342691636,178.96747597934092,251.1317808097204,0.7916037598162216
0.275,927.754296238312,715.8928452424237,382.42139168932897,317.0273337104538,142.26075770843048,161.7642486845863,204.97786594548012,147.99707858377008,253.92780408171447,191.2106958446644,0.766825166377979
0.275,964.6345177416738,803.8620981180615,466.3241909501635,656.978395372929,425.9206509400412,284.5082609046126,373.311874885194,286.6126119468061,272.72389506832656,374.9953557189492,0.8298172285604452
0.275,1291.4657513274426,971.4449159985068,624.7191956421223,545.9178955611259,390.5042204013827,469.3055204823792,429.0293004409809,330.5276753397353,626.4703356439222,356.7947753667344,0.8419934897076728
0.275,1439.7311375295635,989.9600575283796,497.9939586817234,663.0645818574158,608.3501618160346,359.3531824751731,570.3282767025323,343.58801059884246,338.95119534109847,379.29148808347287,0.7573560230931569
0.275,1757.855971212318,1287.0897198080092,631.9605594767783,825.1965495820023,388.4437760278482,378.5847969408469,532.877819652416,544.7085945568174,327.31810568844065,507.7374229805631,0.8159663184531726
0.275,1990.5297763862927,1482.9967915171171,640.9297447526545,657.0832586447948,697.2065028284975,664.8994750442173,503.3643361228165,707.6281246943942,647.7037989654873,379.86811701193903,0.8465959102028908
0.275,2107.728971964802,1785.0712660688498,927.8528074976422,750.9843977858505,604.6300268102785,495.00551727645234,609.7156999329815,428.89176668130966,745.3336498717357,817.0981483809932,0.8661823154686811
0.275,2293.51487873874,2044.726824095893,867.1699020003057,1414.9820607811885,1024.4565807769131,600.4404011091773,767.2958512182014,409.66302266910986,613.5974616912507,621.9701366071159,0.8753687785904483
0.275,2476.725555417746,2149.4105009312643,1035.0401627559154,1318.0052766535798,872.0072825632217,1071.894338738172,530.3253459141652,534.6978752679926,514.7091696504973,755.1982841109849,0.8164756490907241
0.275,3004.721371457962,2603.828975003597,914.8233046958624,1648.916430662298,748.55154026479,884.5920747993039,1060.064648329329,662.45825512459,511.30210564179646,711.0911032190542,0.8361569321063043
0.275,3650.927301816604,2662.3117892423325,1831.1371976088712,1797.0959174054533,938.971978944286,1087.1933864966693,885.7824786264447,737.561071074061,515.5835564142715,1041.0958195545404,0.7819711433974208
0.275,3599.3063834381887,3111.077054595044,1969.16700559126,1686.2746713296503,1249.0102799905555,993.4469701876388,829.4728234354782,703.9070353820221,1291.1117501025967,733.4519266887178,0.8320106428086772
0.275,4607.374096322587,3179.594431308334,2168.54260087271,2357.043789597996,1670.8059909741248,1493.9887602276792,1136.4596460751736,1098.2920500109628,1405.9696101204172,1290.6878913958626,0.8289673586522995
0.275,4807.823692703013,3714.212519578448,2648.246535960377,2363.6637028052864,1823.769413619628,1485.5223890695763,1350.5488167731614,1137.51823881135,1066.7790774270848,1273.3049049167798,0.8365105221819555
0.275,5233.213299924576,4122.4381240092125,2646.535157396497,2767.1042873457395,1820.508352212324,1335.666531778135,1413.4806511070788,837.9982081578567,1491.2947704360226,1305.738024343926,0.773445122916722
0.30000000000000004,25.36860216947201,9.080806458390493,0.0,53.90827961012802,0.0,15.13467743065094,23.494784963772364,0.0,59.09731187206544,79.85344091981533,0.7407217240849905
0.30000000000000004,147.68752875984515,155.90300578012108,0.0,48.14651649091983,40.69526989113459,47.19122846530637,86.16697991033658,61.13843363926315,50.82132296263755,59.99208800852706,0.867026873689901
0.30000000000000004,204.9440747931204,169.21369333247767,0.0,120.0001490564982,0.0,35.28094270013157,0.0,0.0,135.0563475336243,157.30356617893014,0.8479892845776956
0.30000000000000004,185.7260953304538,248.56766457240207,62.07831131593257,211.6768648149831,0.0,35.109864596715994,0.0,68.69321334140066,79.3788243056187,37.65405768343445,0.8758760872989872
0.30000000000000004,498.3194003265037,293.32019236764563,109.88430167247148,94.22874256322152,141.4908077986932,47.85284105091508,108.99813794930628,46.375901512306456,111.95201702652334,162.75873715465548,0.797632544766235
0.30000000000000004,569.4268550358973,476.0356624104199,196.51063448277557,317.4651999317446,236.3964563332399,143.65381365655057,370.3220207579696,3.891299692728136,277.2551031068861,303.5213760328018,0.7840962965634557
0.30000000000000004,679.3134705355178,582.1240619343112,134.9852897238983,361.0856500114279,0.0,150.17113481783696,320.927526318568,40.49558691716936,156.92039930403166,291.9056890279299,0.8105519957228438
0.30000000000000004,644.2705030155732,633.6122916137183,226.39511115664183,571.8681703891799,254.32697552012377,269.7630058262584,242.19866599387487,176.7792994583517,467.4912035572215,309.08813065379184,0.77806321886658
0.30000000000000004,1023.2880549940592,881.7694941970083,502.7019206334796,609.2296284862048,291.2016539477775,384.5105951326462,208.38996864620643,123.24555981501392,459.15774808054096,361.96093434630296,0.6703456165782044
0.30000000000000004,964.789434589514,960.6593428318536,480.7426805916928,537.324937671643,214.7647713983508,271.34702847830096,197.00537684041,0.0,152.40038585767564,424.9864418632749,0.7814791732500574
0.30000000000000004,1023.9553518588224,749.30970027974,341.46307708173447,409.582140743529,103.26329395864406,461.2137877228511,197.84900018967076,82.00320402598173,94.1518268446458,558.402770272163,0.804430205528871
0.30000000000000004,1396.6423267714997,1080.2809736054037,440.11447072812746,714.1392310440547,240.06243857897877,211.6829642508436,258.2066926576223,269.37238747524924,380.0988610833827,186.56015091118292,0.8523502692667881
0.30000000000000004,1881.6210267461493,1072.1330250959013,683.6790304959372,1149.3225930551205,342.3407462087428,576.9168358510439,447.5992479713135,326.80258642474405,417.5253903248647,661.1236372611005,0.8192687141174579
0.30000000000000004,1470.198627924934,1166.2509298386628,641.4380114112646,785.9292770549928,408.7038656779741,510.36379186302565,337.4903133249935,312.7203820717829,384.44997465920505,490.75426295423387,0.7077329333746215
0.30000000000000004,1879.1230356515205,1530.1113869308667,640.9626628092009,1047.5889329059628,584.4560149210953,499.6960430889365,519.6395658729735,368.9551715046911,368.40118476069017,741.7882502173899,0.7396000724320938
0.30000000000000004,2476.7048601198308,1591.7515485584431,791.8003313970311,1330.923204098245,795.8757742792218,724.2644207778728,748.7170780710161,750.4636964490978,813.3419580600383,675.9413123176128,0.8241658209092182
0.30000000000000004,2442.6806227813045,1986.6646706804904,1363.1576048053826,1203.6131497138108,891.8596167762572,907.7529341417012,641.2342275519487,497.5830898258213,794.665868272196,841.7345389313955,0.8088869096929134
0.30000000000000004,3067.188467558574,2376.554700663019,1533.594233779287,1598.1394456386845,735.8154151971327,928.1601465381376,555.7342741094131,795.842462226372,936.551024079859,708.0609740975915,0.7500953902929088
0.30000000000000004,3025.2331908387446,2583.4683259777557,1556.108175138245,1474.6042698383103,1297.213417126689,1182.83398699989,889.6938906270159,687.6463942952456,943.1166184706703,1373.9229750560387,0.8399572348441947
0.30000000000000004,3327.722979916849,2617.1490792278605,1724.450283710412,1629.0856734262188,1153.6966762952404,650.3436205094986,1011.0082744414472,652.49470194448,890.5477140824664,802.3533752482124,0.7962337857581046
0.30000000000000004,3507.456221662192,2621.0792824291166,1854.8258172840265,1875.71685625585,1408.6529135286576,1099.017871624848,1395.2229599039133,1227.3485395946193,1119.1628020619628,1235.555733476407,0.8213576247342389
0.30000000000000004,4338.472590318306,3317.6555102434104,2199.468185607525,2163.3469658510285,1645.8712306438315,1039.662933860894,1020.0318361671456,948.5746405619028,855.1306155396626,942.2926892999038,0.7957711616736298
0.30000000000000004,4681.573660526969,3842.754350639759,1927.083429128636,2253.155075343296,1554.546573328388,1765.6779642523802,1341.7848241733225,1304.2865848586368,1428.1938104202077,1278.2008531614645,0.8035843122847343
0.30000000000000004,5097.310656747223,4026.737280330123,2852.5600287758853,2582.326587793182,1602.4066021210783,1533.3373520296527,1678.3827772216464,906.5339074499634,1474.6284894519404,1427.143380014085,0.7433503506397324
0.30000000000000004,5854.40585817813,4602.963667696582,2928.5761282739395,2958.78651034116,1835.5095771144888,1800.721864431022,1407.0714314338993,1221.2318084143278,1413.4796942966432,1678.0494039156397,0.7786844305942255
0.30000000000000004,6974.436872845144,5077.420487024216,3515.283623675188,3477.2291324851994,2774.1724077501626,2553.4563588482283,1541.2068931945344,1734.3334359837256,1841.8373735954435,1877.037777946183,0.8174794864497246
0.30000000000000004,6825.352354105392,4775.774002684727,3632.6261156315263,3562.5972114203296,2281.3641611337825,1927.2743496997025,1872.0402844063635,1178.655500456061,1745.790992307304,1215.1494364534458,0.8171196267616777
0.325,66.84008823167989,51.98673529130655,0.4740431789480486,77.26903816853775,0.0,4.266388610532832,0.0,0.0,3.792345431584685,59.72944054745867,0.6904838691894314
0.325,168.8867630203219,61.347755797980135,0.0,123.41724989946604,0.0,0.0,9.021728793820536,15.697808101247814,99.78032045965598,18.223892163517657,0.7902560967884147
0.325,201.02707491556157,59.68306336510146,5.645695183185314,100.81598541402282,0.0,67.1434462857393,0.0,86.9033794268876,114.12369548867385,126.6248776800128,0.7698843571903901
0.325,239.3700611782124,291.0413093241116,26.676783926487456,211.73195170482447,142.99717510144214,62.24582916180427,138.19054736693982,44.9419693175961,201.1573706889194,240.09105533838772,0.8540364758011214
0.325,460.7416980365742,387.2943979014225,258.09794224199896,249.54383901340717,165.7726211885754,148.9593838082395,113.85806366332748,187.3053637984792,161.3480850358553,278.15583946766293,0.911080856110562
0.325,655.6444865274431,542.9606644249058,261.08874054881835,280.24823767864456,131.518581992875,49.68479764175284,214.6513153019513,0.0,314.99512230392264,348.767795210735,0.8393893428768292
0.325,575.1718743737329,699.3975101623168,318.1037956898423,524.9071662511844,407.862203051536,184.1842519061956,187.0565209417694,140.7411827431356,99.4523153567566,323.84833376099067,0.853862127489083
0.325,845.6914899901985,715.7308353904502,283.41273947700205,172.39678671395183,279.62379910966246,313.7242624157189,217.1062830485589,197.78268717512705,283.7916335137359,476.26980417458776,0.7881536447098433
0.325,947.7962397112672,913.2348152687716,429.3748730738304,461.09006256223824,211.8412015828273,369.1973340445436,498.4977219588218,160.20236741580408,420.0229582246842,383.0219038215419,0.8422857745123126
0.325,797.9641935003502,952.2316355700684,403.6312525385776,439.55654726714215,148.77298522887898,367.7059578100133,260.35272415053805,179.62647364282245,380.3854735965653,510.5618356718343,0.8507270960130764
0.325,1303.6174716711955,774.3768714237308,441.3359115077319,397.3835671378655,415.5082452285321,424.1174673215988,343.4626498181321,215.23055232666573,305.8539427799991,425.02370122613206,0.7855066817485893
0.325,1135.8862908389142,1214.5581929833793,722.1303610420972,738.1561188863403,591.0105241346554,632.7746203348036,392.3882526711597,366.6499143152545,583.7260887509084,549.7320569600902,0.7770964449164884
0.325,1593.9520952090286,1186.09086296387,530.9795917924544,914.0144881618204,545.1660694357645,487.9134989466925,483.3535597041998,224.95700262962745,583.1655631232015,375.4349976318787,0.7981384129485255
0.325,1893.800541814076,1881.6784551338571,1015.500261438272,735.5902599132356,935.0536861968249,610.5123655309852,461.7413017283079,357.05055312642435,582.4111645904793,872.2392370356944,0.786338007417429
0.325,2328.2809806306414,1897.6677890599235,1053.6659335813156,1174.2376272211168,659.2836450255134,900.4270323051155,386.6609485690169,538.1180021559592,530.3966621691742,571.9731082518642,0.8731201779845464
0.325,2642.3905748165243,2396.4386187328064,1380.7717327290593,1411.9936131645572,760.7943926527444,992.0911803687798,551.7989481049215,729.5725122172462,685.6070071141984,834.7074157245352,0.8598952948851466
0.325,2939.7315811769054,2516.261554355757,1068.6312589060324,1139.6520941252534,897.3847590316499,773.9279800524437,838.975100159767,623.9213561314723,850.258784260017,775.9192184230758,0.7899872613901785
0.325,3395.382942097781,2321.724765009536,1092.4942854582132,1554.3277573441248,1190.8606291680526,696.2383760455282,1105.0516910381923,582.5240921823804,562.2927165257469,486.25064940253816,0.9136288311130605
0.325,3616.3987141801335,3080.6634618842886,1914.826276236327,2243.99509283419,1159.8928277861494,1268.3773587642263,1018.714328568104,851.5292637046296,1014.2560601717446,1597.5461753620891,0.8563762312848724
0.325,3874.352727240862,3025.982856593771,1757.7285430549864,2219.8360025503143,1269.818128968549,948.4540581520012,704.4988511087821,1302.6582529935974,897.6300566846637,882.7738101019039,1.0
0.325,4876.881227050657,3655.364836847762,2464.741205658884,2681.8254581898154,1738.343899113075,1627.2969545491756,1179.7694185623316,1096.275475281204,1029.4803206563015,1284.136847663741,0.8517081958335102
0.325,5018.896570932645,4048.007870335197,2104.4716127986367,2499.334861501766,1718.402645803818,1582.0912793250095,1518.7724510251758,1233.8377236759245,1518.7724510251758,1107.2000670762577,0.8584751997628941
0.35000000000000003,161.67744545467227,242.72613889039116,0.0,81.88857626924958,0.0,73.69971864232473,18.26745162929408,60.05162259744972,50.18299930346315,112.33432898473984,0.8523549816245227
0.35000000000000003,229.40119222107217,181.0689780326654,0.0,98.07902976769375,46.21031210208648,0.0,162.20762615426267,0.0,123.30608790505718,84.87608345281197,0.7463067162827757
0.35000000000000003,346.906549317841,283.01660644499657,55.177677935638336,192.1978446753336,153.65267252890683,156.82076886970896,252.12766712217515,122.49972517768497,191.1418125617328,209.35836652134557,0.6192042971891081
0.35000000000000003,267.28019786600544,244.7960592442593,3.9347242588054847,241.1423867182258,69.70082972741262,0.0,49.184053235069264,189.70991962098168,145.02269411026157,181.8404711033707,0.5540864987958815
0.35000000000000003,619.7320956928367,278.70720827014884,250.836487443134,325.05402492630856,101.46194997699808,74.84384581636591,185.3872666246384,127.14059163784312,131.52474997018265,104.28033747635902,0.7302500020489329
0.35000000000000003,570.0564036434574,560.8033141930129,87.5738822988499,420.024167554107,31.39441063543675,189.68833373411283,266.3567891806531,118.3073579735406,196.9586183023192,193.9844109789621,0.6804298684094228
0.35000000000000003,876.2585293981003,453.069437880699,368.2926412220406,341.5393078502509,167.8163638775903,269.6180090455694,201.17116912034103,40.30372300165712,397.1306499215023,272.05013026118667,0.8338688810904584
0.35000000000000003,792.3699888590271,688.888833597587,336.6833301541855,385.0977277943593,75.02383756454425,203.2665549778288,230.98472156571447,148.1997973565624,217.3104260490242,266.4639747982084,0.7947853517880402
0.35000000000000003,707.1184667976743,654.1434429254846,264.4827117767105,419.0912999666572,321.3818114912849,155.39340335842346,333.1540390184379,210.3304651518053,283.71068340439416,298.62217160545515,0.872504444314464
0.35000000000000003,1024.448609650382,770.5397981639086,399.95883858943625,703.39036041542,302.1724698681996,654.2873340618377,358.4101239825588,415.4871460687744,371.4203275463285,502.78141514180976,0.8146116015808736
0.35000000000000003,1134.798255905043,1092.851328632108,651.9623483591301,783.6043009710013,518.9816640257828,328.4355156689391,419.46927272935136,302.55336905372366,412.775614121968,408.3131750503793,0.8459107878036762
0.35000000000000003,1309.2967011637986,1092.1988220908847,779.2519897848963,874.6216982518056,443.7806534691353,521.4183055879258,472.5353394390576,320.1355037984689,625.8936646119769,438.029716275151,0.8494062754673287
0.35000000000000003,1869.4861287002395,1248.0706161894536,571.1154372991203,1106.0776955398558,378.8224414378569,302.8483695035703,396.1130922918667,0.0,374.6307685035514,673.2874650728161,0.794213019500791
0.35000000000000003,2036.3695981555295,1657.202539013174,1150.7279353041265,968.3088995830218,482.2255476011066,477.8166283087537,326.26002763412004,559.3816352172835,728.5739130613288,533.4792343747098,0.9166130334041646
0.35000000000000003,2468.114987136146,1905.384770069104,1122.9923191469463,1075.4811056445756,904.5641427853976,675.64647772852,297.4078559499055,83.29888081584478,446.1117839248581,534.3468947149757,0.8443615931248561
0.35000000000000003,2825.357488151718,2493.830980040804,1559.6510219630864,1697.898918057921,1334.8304142360494,859.6871596965206,1100.6143184248972,754.3234718960881,1059.676834629825,793.9187431077157,0.5672028010280062
0.35000000000000003,3344.860491743792,2472.0070773390007,1533.7794565878428,1493.5491757593093,1232.770748245779,1012.2226015607828,992.8258590184536,783.7720782844665,914.5204909772008,983.4866866832584,0.5053471891170971
0.35000000000000003,4296.413448060586,2867.358813560348,1873.803568754088,2205.245582149505,1630.2322286774563,1327.3096443416453,1085.279895024992,942.6827497269636,765.3998123294153,1088.3630765449495,0.582362436670972
0.35000000000000003,5813.06724408958,3876.553944935951,2844.8050560426245,2507.061616345066,1899.476159552329,1566.1419031406392,1524.695580253471,1431.2208945930502,1495.5949705667365,1505.2951737956482,0.6153543183338227
0.35000000000000003,6195.334351773822,4625.394319284819,3092.4498525161016,3034.584993312579,2020.527050877085,1719.8195038686174,2150.4858330227,1197.1385625384414,2067.957263338988,1349.8638466657708,0.6006659417228113
0.35000000000000003,7304.107975236711,4933.827802850464,3437.757427884238,3024.185095313253,2367.276015006799,1891.6177632605088,1550.1452077963295,1811.5068998085017,1465.0274153785726,1372.8999224087652,0.6004280235961192
0.35000000000000003,8712.21451682424,6523.496218247304,4265.867748350852,3873.189153053941,3119.5525175119574,3106.426770593954,1637.436928020827,1555.4010097833104,1944.7981683507217,2101.213319123587,0.5690224900158267
0.375,228.54489556150423,177.86047314806785,0.0,114.15619910549196,39.05955488741893,6.277428464049563,24.877216505677385,36.96707873273565,19.5297774437094,80.21158592952087,0.45973694591830416
0.375,302.32514179242656,169.94297718479578,60.41249575348219,156.54716290902363,72.49499490417875,39.92477980230132,130.0181973824945,23.902335276377716,234.03275528849005,83.00151590478441,0.5843958185975948
0.375,385.86958128876125,373.6692930568371,34.04731599606707,153.49664961560285,0.0,55.04316086030874,262.4480608030177,128.5286178851534,70.93190832513983,138.17535741737254,0.5565096326650063
0.375,451.4768268111839,512.7261305883653,121.86717143294884,272.78040445095314,68.51081917344546,189.43083642427305,135.12732998264795,104.18696003335012,255.4159111120612,275.30614893661,0.45284481909635943
0.375,433.5147775529833,462.0354866025216,123.14235554330102,211.3887847201079,160.05150843093892,145.62338502940787,98.64809953605024,102.00347707129016,124.82004431092088,120.4580535151091,0.5545697635220345
0.375,606.774520337825,685.7283133456385,139.9967718610765,478.840133519609,202.1363311727816,328.2430838935947,250.38587134422295,274.87616824942427,384.16868727412896,322.3946547819047,0.47333689335885143
0.375,716.9102250344683,567.9959975299514,239.4752971573911,389.1473578807607,155.73472647418953,287.59770655452513,65.17365682131528,41.30191042746132,299.3441214467389,381.1901090828094,0.6010148331222689
0.375,1143.4802102751912,776.4891380043163,464.21003751694354,814.7875182527679,412.0232336619112,403.1851459122686,483.9905196232867,340.0559477005353,357.73212319982053,383.4046638059254,0.45973694591830416
0.375,988.843658895147,929.9525254320582,439.4860706200654,689.9931308735025,352.90731470791263,486.0715941057924,295.77412552730374,560.7842261112033,319.06688727016746,286.5449180442825,0.5700746016935583
0.375,1464.1630327092666,1223.4527347751866,572.3977163471826,776.6223982558214,460.57167242505096,235.9719062424645,402.7632937873387,398.0249020957228,618.3601157558553,569.5546813322131,0.5375525654655853
0.375,1504.1867161816178,1642.336832678079,895.9138151897369,898.4912427363128,415.996806017329,550.5385239485842,524.2487629735111,162.8934209435883,441.2555959737714,523.2177919548808,0.5236081754723285
0.375,2101.276139651818,1522.0642711053065,630.92721395245,762.6652517233672,574.3125200343701,627.1166095541179,774.6414369752686,265.6535637694524,600.986750822696,545.4608010184254,0.6013944016440795
0.375,2499.433259702887,1485.239011972891,1380.6280668399015,1541.9771517060376,804.9723574640183,696.2242563088206,729.3215044864891,291.3739884212635,760.6456857974971,690.3140334199509,0.5569846167761031
0.375,3111.1098929132663,2257.4132738574795,1224.1568493176342,1159.2633055812903,752.2610798174243,751.6310454122171,630.6644396124302,599.162719352069,693.6678801331524,729.5798412299642,0.6178536516632939
0.375,3207.134788162452,2356.5824528075864,1070.8638063409292,1525.128325463897,812.355919332514,1125.430114944289,917.3960633939809,630.2408643688018,641.8362049470153,977.4190028576764,0.6236118095029126
0.375,3804.141297117337,2880.8639088453724,1444.9030313634703,1468.7487750476537,795.1065159694809,929.9840036831416,1194.5227226795478,533.548514933597,874.0955419233374,967.9881576798084,0.6901408819186805
0.375,4463.358002496083,3137.2053331434367,2493.655172739791,2385.447623645373,1476.6669293711975,1568.6026665717186,1287.9139114019863,1247.2343816672428,935.629183899106,1260.251831182361,0.7005711035186568
0.4,170.8138377615014,107.4286210205349,43.81037039449142,88.08680855913718,0.0,1.631237195539696,0.0,57.79240349911633,159.16214350764722,124.90616240131622,0.9743644205180163
0.4,339.5313602624741,265.4420995458588,0.0,183.09108673494484,8.528260226373055,0.0,130.85549284841036,14.12493099993023,191.35283882924367,162.30345243316077,0.7248558477265435
0.4,434.3683593197023,204.443906870971,199.64756887986317,183.16015703543007,163.9748050709988,117.51028078214183,108.81691817325876,57.855827017738,253.90614240427044,101.32264006215286,0.8291139271257634
0.4,458.3466772718308,482.7268196799069,87.44344410363293,293.21184602779533,127.75194621831888,248.3523839969355,200.56730487710607,110.52331224994492,363.7517247284956,244.12649264620205,0.8373113939085657
0.4,636.6516947023187,451.96598593845,135.41255421842175,380.7148775669768,161.64430555916337,225.80575140611205,142.50221674294647,13.115875670370528,269.0526928057127,133.99462171351703,0.9038360119441948
0.4,686.2431355488687,669.4051087769498,320.2966870391666,438.911231188017,363.327199900737,239.84833690666585,132.0849655663852,0.0,202.43049963573503,287.3689902407476,0.8914680187822625
0.4,1020.1992035062816,917.7355428931556,476.41568182717225,490.1312899407404,396.9458348162046,278.7495648963387,465.5238753840446,428.0076531910497,429.6212541455872,271.8917608395546,0.8359040809206278
0.4,1171.5466375278552,924.605133623631,366.6840093497892,514.4980179034723,321.9450512712265,169.74487035690004,468.8818253527805,258.78416927796127,328.08569257612714,334.6649511170924,0.8708120897313306
0.4,1241.7176667928495,981.9402690991708,503.0900307448011,454.6104459639385,270.7539074553839,270.75390745538385,572.6079259022644,198.9492394308984,522.7562774011886,375.94545933838776,0.8537678237425901
0.4,1420.3492417509838,1292.3854336401769,556.4709663056149,733.4630533860792,490.2827896965772,407.9152810275522,313.780985405809,418.70150240087673,507.4426873359571,492.24392085536334,0.8770497712764139
0.4,1952.6720963605492,1296.4821751523575,846.41373295359,951.6672541498916,548.7436183203006,381.5440143365927,366.7427379183626,340.9775530421844,550.3882045889925,758.7024652900058,0.8785762174611224
0.4,2115.7635205554825,1865.5056193706648,1006.3063614387156,1277.6632894213164,373.3355575052197,546.816444509215,389.1598276035566,610.1135249025643,487.6219526598785,532.7504266440259,0.8372462050235656
0.4,2646.078869774313,2259.9286040895445,1257.203979754015,1475.6004414937618,740.0158370253998,975.5041957708652,753.3095346965147,632.400189211612,872.3197805141153,814.7137572726173,0.8939331446856179
0.4,3041.487360042523,2651.067291801247,1213.8883924174163,1536.6446706688705,1044.7289174428602,700.9968642945619,849.8572022721709,788.2831533814324,874.2161666685072,702.350140094358,0.8182358075795448
0.4,3478.086593081912,2874.051171862403,1618.2362122970542,1738.3199008269205,954.8823425266482,795.0118897248382,844.9261939932762,674.204805480936,851.4367554195942,1012.7539996494752,0.8137164261077712
0.4,4277.675970927255,3104.890171485171,2023.813268222124,1907.2341629097896,1515.528369060347,1008.0206639339845,1152.5787545212784,1004.1346937569064,954.3942754903104,791.960722088458,0.7949590313398263
0.4,4864.892461723918,3864.009554434677,2235.6950416577715,2380.229885531761,1668.416665990497,1551.452052450853,1121.1893669300182,1096.9609826968065,1271.5724414809897,1421.9555160319608,0.7857342037393725
0.42500000000000004,226.38510128048665,182.20128875693084,0.0,32.11297714340906,0.0,0.0,55.115889848971605,0.0,130.95717629404405,33.25173519813984,0.8050210241815935
0.42500000000000004,219.4687408303557,363.0515240104143,42.58348702678546,325.3815162559504,0.0,127.7504610803564,110.82625469791589,35.48623918898786,188.8959809136892,253.31715359523653,0.7768435192056238
0.42500000000000004,394.7710331625908,255.5776910993365,19.299917176837774,120.4782708614721,9.649958588418889,0.0,134.51457426280868,0.0,67.84213310645995,74.86028480712825,0.7826324058125824
0.42500000000000004,484.7040674509627,566.7161238075035,0.0,265.2577447781871,202.4672641302105,93.86536137682242,302.0990982196019,135.83246834052082,150.24865012194414,183.8864076119317,0.8461608306977746
0.42500000000000004,647.2712402873458,506.7452473302247,225.6932614159824,345.6371644955456,362.6706181873178,103.620176624948,304.82784835900765,34.77663462070158,310.86052987484373,429.0301148615138,0.7824619773550663
0.42500000000000004,899.4727359876595,603.9479526327938,528.4544585536946,275.41847588656304,257.9677184612437,73.59667261982558,327.3913838706665,279.9708473888202,403.6436065334752,397.1944135719443,0.9110407803032047
0.42500000000000004,971.6361829223616,962.7738296784596,323.0730591640688,709.3910937505302,228.4070131496597,120.85027150775656,196.1802740809245,252.1742332128516,291.6519885720521,281.1782983747132,0.7947839548334689
0.42500000000000004,1020.6525490009044,857.3481411607596,351.6998575098949,561.3589019504974,282.805810452334,318.10337777194854,160.3275045722253,273.02455685774174,208.80850064976832,411.6631947636981,0.852644416160131
0.42500000000000004,1389.748684830222,774.771195189516,457.4665513140219,619.9995775293829,304.0645939871643,404.0497983162769,451.9879099809198,92.22379577388442,304.5211474315894,216.8628861019565,0.7565355482554537
0.42500000000000004,1593.487975079563,1213.7858799830026,262.3484462927705,843.7824335479124,428.1953384039119,272.0470949542407,278.83614901726975,14.547972992205192,452.9268924906608,457.2912843883226,0.8616430387169728
0.42500000000000004,1636.6259802789257,1444.6986785224094,855.2825933466605,912.4412706457324,504.98904806427606,437.3425400681271,557.9525930845166,608.2941804304882,762.4652916775257,547.9891539222933,0.8594104259235139
0.42500000000000004,2009.881100623576,1737.6262901805414,1006.0844780867586,1055.2733724105,645.7472289709783,680.0650622201003,725.8221732189293,174.4489856830364,800.1774785920268,628.0163484589318,0.8319714442634475
0.42500000000000004,2596.1691492724285,2013.4433870539951,905.7118011298088,1357.0325969470357,803.1668039849425,765.710248141608,946.2385664684984,518.8654047150429,649.6563292171782,629.3929465478333,0.8606791711072438
0.42500000000000004,2631.9501754245625,2238.1372831712097,1531.4945809852602,1418.510119360335,931.3054466886916,767.3800139265165,837.2605768968457,440.18223777572064,920.2029273382648,852.2816324885991,0.8722505059127653
0.42500000000000004,3150.918330511124,2687.6931474397866,1271.225274090749,1891.679096164992,1032.2095403598762,1135.8535310927327,984.9704425428596,809.4102133423072,1017.403255969468,1016.6981948080202,0.8111144096326467
0.42500000000000004,3676.058713896841,3121.750331715305,1955.89520180088,2127.6102984549425,845.0190282713085,1377.486455176669,969.2865324288534,1018.9935340918714,980.5835782613576,760.6677527219441,0.8369905623372914
0.42500000000000004,4433.719963354527,3429.369807242065,2261.407770859671,1993.3110759619092,1430.389012656941,1585.9012948937095,1168.771996185711,476.2563643501025,1263.5372931737418,1314.5647607826816,0.9003047343044643
0.42500000000000004,5439.426400919056,3845.8547536328256,2490.615289798345,2543.3825628872937,1752.7529211045558,1617.3169201762564,1340.2887364592789,1433.5109189164202,1490.6754647627806,1430.872555261973,0.8910419476384728
0.42500000000000004,6116.663104296332,4215.689196196923,2905.5081595362526,2969.8058064278503,2138.595646611835,1688.5121183706513,1478.8458785067455,1247.747089678974,1486.300678146351,1511.46062693002,0.8319100900187415
0.42500000000000004,6793.913613016196,5405.534049987172,3211.46271981177,3758.1821332325258,2588.695869185872,2015.257085936282,1755.2570641403208,1702.8459925529926,2035.8104473430767,1982.3717076854095,0.8515332226171272
0.42500000000000004,9187.221829684338,6836.950483826681,4728.389508609361,4579.130570057264,3392.8561703708165,2749.0377637804254,2500.6441570855163,1935.910710474221,2119.6997019749388,1988.262726235032,0.833292264809196
0.45,138.87728135569796,112.8781624042244,159.22441792641663,39.079421032649925,84.13379486781247,19.53971051632506,95.11478920756514,0.0,22.123473890384467,0.0,0.8511489064454287
0.45,211.48699561263692,183.7069241550448,79.57646275594146,85.31170331492802,0.0,62.549967346449534,52.154843833285874,0.0,0.0,107.89421301593856,0.930240492867139
0.45,395.8281038055249,326.99787401597405,331.340475264526,106.61086065195424,98.79417840456048,93.36592684387048,91.41175628202176,0.0,172.6183996299465,0.0,0.7871852803205086
0.45,378.0834016742616,242.90532151494665,218.91467247643348,50.98012920684052,59.51526396092699,38.292766734550106,145.55864945482543,0.0,57.43915010182489,59.976622596283136,0.8766407429783756
0.45,523.5607850255361,331.4994562330055,370.23226941091497,350.46517854770593,136.23265324644055,147.71893577506214,82.00671479736697,0.0,154.39700701263257,40.60267312442946,0.8629169914369046
0.45,373.60900130862063,394.4432636272627,321.2418014266287,182.72211141619783,0.0,149.78145342591262,0.0,0.0,177.37277379384406,134.57807281501175,0.8997764060861648
0.45,707.5247504318269,333.9541582309457,405.4494414110642,254.10228351029315,142.68106296984794,65.924222153097,103.37413239030168,0.0,118.8493019098083,72.4237933512895,0.9268319237168208
0.45,727.514418709451,416.1515963902229,367.0944314588975,352.076931990124,170.19832731276145,45.05249840631946,323.37682189424663,29.367554516711905,159.51921657941168,185.88327120236897,0.8323165618899174
0.45,883.1966627432952,650.273749191195,560.9988785395224,374.7340249576376,70.1707831048125,386.8577728239142,42.24942438247886,0.0,4.041249288759015,298.6850610691761,0.7962666824138577
0.45,1143.0104153784791,967.4093764672996,680.3537968773343,402.5192764082751,535.6232602404938,182.41660434837172,348.39566852469244,196.0477352227558,0.0,70.96206366958633,0.8382227600851322
0.45,1322.7865855360849,1059.913782177205,589.1365188262254,647.6512069263471,476.9833666343257,300.55271615062514,159.14221990866426,182.1934606753791,407.386351242514,165.34832319201055,0.8352138456676882
0.45,1879.1313991156971,1240.0804875098145,1265.9154976662687,911.0496977813846,419.20959876511,168.17129252786435,751.6525596462786,327.56843066297006,489.4028339071753,135.02448704411094,0.8194193883673982
0.45,1851.1022085829643,1404.7931933054892,1371.5966549790653,1016.4463878043092,642.8535993370954,750.3471520131349,516.3905961888145,501.1096499750636,261.8838023528988,312.9959327919959,0.8533218692787569
0.45,2380.0784361177634,1628.9304440005612,1350.22639793402,1092.0869222568545,629.9252614008814,419.9501742672545,482.1850583403652,80.09358993756942,247.31601757749405,420.4913471722383,0.8158148264909361
0.45,2826.5603859490966,1674.6910369826478,1503.779974384844,948.3190209419812,629.0476609502504,952.4731092690114,268.23541768822014,402.3531265323298,580.385483405042,234.40926988240508,0.726130259292322
0.45,2892.3618083359397,2444.6062141836496,1724.5240210419888,1195.0704471928873,645.9840255096689,676.3832737689478,872.0784344380526,545.2865156508087,694.7494862589282,248.2605274507748,0.7758196920968995
0.45,3261.043674641142,2363.790038895644,2224.46908059638,1635.8546969683896,1119.9005260419294,865.2564778585859,1160.5635808565469,0.0,800.5955546287838,532.6193573258942,0.8019852126575849
0.45,4119.152064031805,3301.2591677141386,2429.1864334371344,1842.8566801785532,1259.4956851643194,1393.0898061599455,1042.7763333269695,491.3294894394696,954.45577555764,92.03150557476484,0.8691078051561709
0.45,4388.081487132276,3041.0971877786365,3005.835818685609,1783.4416901273316,1605.5676727025054,1144.819116553617,1351.6858152327095,561.0475615690553,1386.1635983458923,340.8599012325968,0.7500379633126585
0.45,5021.32383093569,3293.455467271309,3572.75005694914,2114.7810521171577,1493.8417044236303,1184.6531984194262,1338.3933395264887,796.032286176571,1069.348092589128,707.2046490924913,0.7778348447335088
0.45,6557.657719969444,4182.547758278137,3759.166845842357,2867.7886467903427,2336.189294853041,1720.1036173399875,1813.1335039290152,777.4640522083054,1373.6147540237098,667.3470435927217,0.7778092804648814
0.45,8787.24349534656,6000.195954269298,5514.310521015969,3639.249285306813,2780.5255889530554,2437.036110411552,2276.1612913478093,1228.3009833920846,2103.3295600563574,2150.0702169464985,0.8031025678448216
0.45,11187.60899932038,7939.47193047088,7069.031486266429,5316.846176504229,4224.085445684792,3151.421463937895,2857.506508751977,2134.023542140488,2947.941879578414,1832.5723060523676,0.729228648649962
0.45,14924.18030906356,11073.061493127956,8963.559336559741,6527.047849146353,5219.010525765648,4019.003070610582,2832.134383212687,2639.432456107494,2929.9452098494144,3071.551929010049,0.7190216883293316
0.45,20221.28708939284,15558.676290801766,10995.907265199794,8180.369266907109,6250.0949891178,5329.886648068242,4800.725251225999,4299.85235673067,3888.837057925532,3199.928824300727,0.7524188488641564
0.45,23764.943387757456,17243.01948371977,14672.507017631167,11422.475664334172,8819.171402080021,8265.35440017291,6762.397075918412,4714.731582025014,5784.108490312759,4301.190597048322,0.9187355494140683
0.45,25948.75683055256,19292.304603316374,13255.870176129552,11857.61044901526,8111.746232693295,9320.50497047499,6371.280835522087,5048.453541054751,5957.322363679042,5379.620318529191,0.7704084246972513
0.45,28059.531950446537,21168.42963865711,15967.707181064696,12087.956623262397,9972.080695926546,7264.378412315771,7805.918869037925,5703.581453120129,5401.8660558035,5603.009654014587,0.7883502805622419
0.45,29103.13537320418,20901.9589891678,17647.831373395224,12596.185646053029,10868.39884053568,8313.521266009473,7259.803752330731,4885.065385106219,7170.702639041721,4154.823652281063,0.7915159891606007
0.47500000000000003,122.98572695614828,168.90467984055869,138.39908177049583,7.064454289909235,0.0,140.4863069016054,110.30182039017468,0.0,8.991123641702798,26.01003624921161,0.768295111824054
0.47500000000000003,96.42199742337375,95.72831398867326,48.21099871168688,0.0,0.0,0.0,14.0470895526857,0.0,0.0,0.0,0.7754786713083507
0.47500000000000003,195.91326133048628,223.87213538073036,195.30983239415016,82.06633534172312,0.0,6.838861278477044,0.0,0.0,0.0,0.0,0.7255601761019314
0.47500000000000003,407.2807971412541,211.65009243574127,123.78617791539904,272.8150274057029,0.0,30.58246748498113,135.6793597151138,56.06785705579832,94.9027364018059,184.7083948894484,0.717434999389859
0.47500000000000003,632.4705751442222,380.9381597096275,325.94071839273863,216.4850263601068,179.5504701816079,150.43417771972562,189.2559010022353,1.617571803438008,149.08620121686067,132.91048318248153,0.6477553245344658
0.47500000000000003,520.3059676913484,163.1679514680069,247.24939584692865,82.69396179841146,0.0,20.25724567544984,95.73629805520802,0.0,58.8292614136353,0.0,0.6307757807813782
0.47500000000000003,721.3443179345361,668.4044559745337,510.82322943862,115.78659867275388,85.7563845784834,183.89636259790333,283.89387963346303,0.0,93.18654064304523,48.29601441965143,0.6686732873388289
0.47500000000000003,865.9401379966419,596.9360505297883,710.130839810395,416.4902393824677,220.39691324635805,190.43358667207983,156.8080757387227,136.49959883837877,189.76773497042907,176.4507009374166,0.505916240766824
0.47500000000000003,895.1238576065963,762.3507996730997,683.9271528167757,394.3068011706319,227.610956457423,301.2927083875504,540.5760215863793,129.85496874814524,59.09130600336967,308.5879313509295,0.6571459325435947
0.47500000000000003,910.9508331537464,650.5097923518729,753.2634655058747,699.910596752835,629.9590577210724,445.79285891428486,303.9137486747205,205.9025527432114,330.3925798336367,339.8775342786216,0.6287988106741926
0.47500000000000003,1060.463440640511,1037.9889407211283,656.7548309775224,265.1158601601277,254.7109990863396,442.8308873004334,169.80733272422603,47.86236093942663,459.0624705755431,87.40083301982239,0.613993447100558
0.47500000000000003,1691.2509751996984,1008.6054393963448,964.0753979218924,485.8227524862744,565.0862263107997,227.5485119344513,267.18024884671365,15.140214101314022,219.97840488379455,186.13557336321105,0.6615174224788783
0.47500000000000003,2006.495245836682,1318.102039673487,1351.2714676946937,1072.1379734239238,907.3114311031588,701.1506784790445,616.4410623018089,459.2690033705526,525.0975605203321,122.98203312478132,0.6553329998267687
0.47500000000000003,2014.975807638374,1681.3131470186863,1277.7763253276678,1076.2787445638303,624.5341683352273,864.4896206964639,668.4086415660627,571.9931324908931,279.49664428532304,528.6603194234015,0.5574616460286904
0.47500000000000003,2863.7574144265222,2222.188293051081,1754.3894628463866,1245.161953951978,975.8755424688328,902.7999564466978,570.2197302987105,514.4060937306233,417.1637784728208,551.8069842143935,0.6074360417691748
0.47500000000000003,3113.417521719227,2007.035959064488,1766.0241916321315,1174.5585886777872,1007.7042881476942,970.0275106086413,636.9169536363764,464.68025631499,460.4939476995399,793.0064605838829,0.49595810599416723
0.47500000000000003,2919.359991799795,2178.970401238218,2106.0823068306013,1253.1637284116507,759.5706680372658,720.5691438366996,522.3646765879172,455.2309054230081,867.6240711503112,556.8906160441572,0.6478371301940737
0.47500000000000003,3324.358581743369,2399.147991411762,2318.813297034183,1031.4157795087456,952.4426901206172,953.804295110068,1111.0696713915993,667.8672473254653,784.2844739234816,760.4563866080983,0.6524151794198672
0.47500000000000003,4027.158285311383,3282.654115222452,2347.19428474145,2294.439997240138,1277.991190172616,1147.2199986200696,1082.577420977617,505.99534913229775,1301.0247523210758,483.7048051176586,0.6789738412873781
0.47500000000000003,4836.568624849019,3652.843871319906,3074.2953721512786,2717.644832914831,1888.1499136047223,1781.638892837277,1341.070579662841,731.8598169399502,1407.2365168062545,947.302563492284,0.6639153508761279
0.47500000000000003,6180.473377231158,3556.534007986837,3346.721623696739,2554.572825866779,1431.8624756450736,1384.7617363146442,1254.5924203469092,1034.5035111119912,927.4563762701042,1097.875414938388,0.6366928133571066
0.47500000000000003,5726.172314080022,4452.677421448163,4114.718476407805,3197.4013398696907,2171.6822775639152,1758.1152666519954,2069.6569356649397,1413.7797377429515,1545.8661178800185,1578.6599777761185,0.6403723637548756
0.47500000000000003,8102.082289971532,5806.062534723075,4725.0972591164345,2862.2887784431573,2555.9465199935657,2030.935713425073,2144.395809147144,1458.477957736441,1440.9432156703026,921.0896861800863,0.6649098009257333
0.47500000000000003,11007.791921222337,7985.379242984559,6901.094758897651,4640.34948111466,3991.476775313211,3285.6002990955603,2671.9001324870865,2350.495895034033,2105.500966862271,2648.8560550847933,0.7172023645453496
0.47500000000000003,12968.18861082888,9169.213252381143,7177.453444395534,5082.876121503981,3885.97479413738,3737.021214850568,4177.29108637088,2615.2557637613845,3200.5246947644364,2512.438248855444,0.6435448894915344
0.5,217.0637030176857,143.38006540257132,168.73871990647436,31.738190228155315,11.323675910547822,0.0,14.034978593355014,0.0,15.789350917524484,0.0,0.5771860131308403
0.5,242.7382835870792,89.27892557338664,214.7713912387894,115.45306841217044,7.708822890874836,88.9203756714854,129.25723963536475,0.0,74.04055474258759,0.0,0.5991418852414753
0.5,291.10677689478297,234.932266040868,327.72255117607995,131.4529039415504,46.39514256760597,56.85679236226226,64.36188895408095,0.0,21.605581097659638,84.83033420449532,0.5894693601588729
0.5,197.2593275401282,293.9944101982249,250.75338246626453,116.12667756882102,34.77113570198875,199.04246270433265,89.6025420012786,33.43378432883525,90.2712176878552,137.30140764375025,0.5698473637502038
0.5,520.2207604850382,285.9508970896076,506.0543857668375,209.34753750229987,52.20571423929522,44.86018660763584,135.1052403680256,0.0,38.82636033877255,220.3658289497894,0.5921104331555114
0.5,435.1196236301787,334.34259908367983,572.9470248481849,326.339717722634,141.68064039184293,102.25903961335972,252.23896437962,80.91802265057137,182.88065925055892,179.91662911683832,0.6374798519739147
0.5,568.2807032308192,442.3687233840767,504.8674058745906,49.69407437050611,197.86168261631005,119.2048041648338,176.5206690829637,0.0,100.91250685053696,60.66945275908448,0.6196135578895886
0.5,798.0679256575322,520.1004987604481,314.80648347380634,282.9909346120916,0.0,114.87087641650598,332.55621073349954,0.0,69.3244064671043,0.0,0.6199085319224859
0.5,1146.3217887707845,632.5167677058416,779.8957472816941,421.92286422214187,466.3938281340576,410.5294767736346,277.1165850378874,203.978388191018,325.2628352235154,114.66893173981576,0.6051567315783566
0.5,1186.4826179137897,848.3678050191753,811.3985316275088,408.2023936996482,299.2200565137987,269.9527150787297,288.4373517745626,18.09954009800342,100.5102120335928,198.3247478823764,0.6047136175888149
0.5,1304.223261962328,944.1111274665766,669.191235074391,336.2418444377472,445.71593332445616,431.311447944626,357.6427941449235,165.44580350547687,474.1133473589781,422.6687567167281,0.6579043391795402
0.5,1380.4739752262703,1143.883999821832,1010.88444036442,686.9449193097339,389.7808871227116,340.61933379191936,305.0649961151851,343.25298843464003,340.61933379191936,220.7880475481128,0.6250883396848459
0.5,1606.6713393757318,1412.9115718808675,1073.8319787648547,569.7688212472744,700.7005453217745,395.67279253282953,658.4954474516056,329.0079220333586,442.6739242518805,322.2934746449232,0.7770423524060598
0.5,2198.261598476144,1511.900189418956,1592.337301351641,675.7775785397292,662.547790392906,766.7985209898729,629.7379157887847,367.2589189558124,560.4138258994312,268.3001036175748,0.7057322453070973
0.5,1728.0260111960836,1441.7716223890577,1139.4914087260393,898.5514212359551,351.4629175314066,511.1685514411184,505.64240493905214,0.0,397.88254814876245,153.62687275743883,0.6298986828982335
0.5,2543.0263649371564,1820.395289212818,1763.948923655831,1148.330749299946,1096.5882475393748,225.78546222794657,528.5966941221969,0.0,433.3434522447823,302.2232489196989,0.6374671266490877
0.5,3138.0351778486342,2400.8013433133488,2069.876623825239,1659.7344039191266,1115.4335139502675,1068.7974048332178,1059.8534934957013,1008.7454287098928,1215.7330910924168,586.4650434171515,0.6325658882583579
0.5,3079.3396868973687,2061.9688867406367,2165.565391195238,796.8961881123226,1010.72999858913,425.0113003265727,691.3074431874398,113.55770680600646,457.5512280078257,522.6310833703325,0.7328332105264246
0.5,3643.637854953535,2883.8236911527083,1882.5462250593264,1589.0309534102914,1142.2515497671793,1383.7148520597352,963.6843771137025,944.887832623863,1244.9096004424575,631.1301284473092,0.706178199770931
0.5,3378.4530655615804,3288.3113189391,2439.7869437076456,1492.1811445027215,1113.7348033108187,1356.5960380127096,1105.5400990724108,421.654781721688,507.3266896686743,873.1084879466753,0.6932682441140984
0.5,4363.660155176885,3760.295861263229,2570.5748575596576,2470.959007692033,1458.6028098503284,1631.108305962555,1299.8653580287485,117.4333189496376,962.1433304287564,1084.4359591280347,0.7299921681396336
0.5,5659.2082087018725,4426.9897131350845,3751.34234906625,2597.6259623795218,1565.6319467652468,1658.246794320374,1652.9545173172237,1422.7404676801932,1240.1569110715134,1104.321801323994,0.7315109697435289
0.5,6992.703597891036,4681.555798588067,3716.461113164848,2944.197237207283,2277.284827884611,1665.870066164249,1718.5457994816943,1299.9618472269854,1479.623723363277,728.9945235896629,0.6806139311435399
0.5,9026.612647245218,7006.709635217636,5314.151338960374,3963.170137419974,2651.601677577674,2520.2258719173437,2868.3717569172186,2229.00950270361,2215.8719221375773,1210.847008836048,0.6914744845987428
0.5,12141.373049153615,9018.044252301215,6961.89484241858,4664.810133586501,4205.645480091237,3873.886403527352,3470.2251696853614,2519.0983874451717,2848.3345812975454,1895.9463577015997,0.7204795820487688
0.5,16254.228776622604,12099.574108552386,9527.49982413607,7453.984099888184,5610.6896067884045,5151.771788407072,4111.96463845335,3884.792695135015,3803.986567645944,2532.433542629223,0.7154714200900498
0.5,21146.83194666121,15172.439396047894,11727.63731319141,9902.317493485232,7624.49527672235,6353.746063935294,7194.10765846917,4911.18203121317,4974.124093961658,4511.414875918714,0.676692372336098
0.5,23343.097613368715,17227.002168817962,13727.854229632558,12335.979175433282,8482.839045366303,7852.695878351984,8182.59435990654,5363.63036864542,5574.91366582081,6082.734923944116,0.7676858300884343
0.5,26828.26312391367,19552.15626318593,14874.114784142128,11165.585973190056,8348.47548967793,8058.955007261538,9053.229295559937,7167.536679821594,6028.502150315001,5072.322662334548,0.6923272355593874
0.5,26533.45311860313,18298.40003838112,15612.006285386851,11866.516290204909,8913.415819287466,7771.215309920838,5258.760720789504,5736.127092724459,5838.557933665967,4537.879519446439,0.7323794447582878
0.5,29074.17387668196,20701.693746871515,16883.26553349136,11906.28009841371,9725.466504630189,8867.572921781524,8486.732312573005,5291.680043739427,6364.047022300258,5580.317137034305,0.7448654596270493
0.525,45.55028117642765,58.63219583955394,78.96432826778619,43.65892002031289,39.56097084873122,64.30627930789784,110.48701420303016,0.0,38.30006341132151,0.0,0.6844826571291516
0.525,344.5317787324085,158.6118069300122,212.85405222447383,102.312097158864,136.3537821367675,60.227596499367976,78.3706923392395,0.0,51.06252746685531,0.0,0.7096115585150706
0.525,220.09347947663747,173.49005588638877,165.07010960747817,78.12926896012301,0.0,125.3201306628542,99.86447912196184,33.87559781980275,0.0,37.98766460717778,0.5986832906670423
0.525,275.6228632501697,352.80621375447845,240.0514060612271,232.89237065213177,198.2157928893265,157.05133928702847,34.45285790627115,0.0,49.44208829406464,42.50677274150361,0.6429969620006211
0.525,587.2821916571945,214.6936286021213,376.3932602708073,127.18559264024384,86.42097961452465,91.04096909077305,103.81388117216484,0.0,70.6586625779133,50.00459197821567,0.5513533196828614
0.525,743.7304743028144,456.3375584154738,532.7055241339102,288.9514457999616,204.167418553371,144.31986990871903,307.6538047514155,0.0,138.70916222328253,94.13520672231778,0.6085901832834727
0.525,567.0934136824869,456.2330470979408,514.6151336424651,205.977249157086,353.5724117696478,126.931839846803,133.4916248518055,9.511688257254114,131.52368935030495,52.8062692902722,0.6890026203265422
0.525,749.8229414318874,838.2284374139919,562.1867866943603,394.3967637079177,285.42345845650755,423.62470319587896,161.29492532245132,144.69634240336234,311.76468787158353,253.6696476547725,0.6227479308920082
0.525,1023.0114808997956,812.544314836594,586.115794027858,334.4460610633946,296.58424282980303,454.71301309951,295.84185423698733,110.98709462592106,294.3570770513563,190.05147976077492,0.6623467535729134
0.525,927.7971167564214,794.0031977735213,821.4787347075094,649.0597855420457,473.4552668769893,277.5427426520281,166.04781016627777,242.10328196905775,403.7709340733952,217.01692215976405,0.5779427154822109
0.525,1225.4083849667056,1176.103018107137,796.9617488076908,783.785314560737,523.2319534838762,428.0215898929839,104.56138144356906,298.3824787535996,300.08266381772256,174.2689690726151,0.7088915425491977
0.525,1451.1931996519688,1055.887650211262,941.9491970171304,634.9242048222578,331.8131289584816,464.0165250310611,435.314471936356,292.67396564752005,242.2279329356149,142.640506288836,0.6336890117933881
0.525,1592.9488248549023,1072.2134756371925,1071.7405098340882,971.9447253791044,141.88974093125609,551.0051606163785,474.8576663166036,170.2676891175074,224.1857906713848,42.09395647627296,0.6247273154023415
0.525,1944.7841560051909,1270.5122829869306,1382.0572590129482,718.2896214052092,712.7874028568407,356.6438022715284,591.238393106516,160.06453958890475,460.68575300431615,254.6026582836018,0.6721763590688403
0.525,2194.417113116534,1626.190213296938,1313.333768454631,1004.3465729301616,821.3863551866928,503.5551612214515,562.1466508915656,30.401244640153543,153.11172300586384,136.52922592941673,0.595333341804923
0.525,2649.709504520084,1407.0590703678236,1520.925122305104,866.1953236657408,442.683324368407,425.2548470310685,330.5601201648602,137.68497096497697,123.16123985052826,0.0,0.5994085205632591
0.525,3323.00397038151,2208.875451995838,1723.0854077839026,1157.893387233595,865.9191907767434,597.0778535680798,740.8767083541092,767.7608420749751,537.6826744173279,312.60620605658664,0.676344249786825
0.525,3448.846999882954,2512.965777840501,2371.205368330564,1369.6943270705467,738.9917643897634,1135.395872463846,956.226465999898,648.4226138695258,832.1861076787036,773.1192703828963,0.6736461766935724
0.525,3846.203078459342,2711.36184047436,2178.8106449953743,1609.6289440072514,892.5163553860781,902.3784145616148,1144.703297160518,816.4376131747946,939.713352869004,982.6837535624144,0.6505298998228257
0.525,4139.636087035162,2767.8613238994667,2341.299783697765,1577.3199612639758,1265.686918940453,1382.825580239366,1174.3334975501064,223.22650549415488,428.7717036224351,526.755615274985,0.7097571973787657
0.525,4185.227920832255,3251.2430473545555,3080.497708226787,1731.0587377008762,1168.4646479480916,1218.0358754367987,1166.8909581865448,103.07667938127923,685.3418911533926,689.2761155572583,0.8021413513444323
0.525,5196.211087574016,3793.979160445537,3244.8065370447703,1984.890686102464,1609.0088142930983,1560.4539177119332,1733.744669303333,715.7661478775226,1123.4598484814449,1089.1365595188977,0.6226256484737404
0.525,5610.159027297754,4534.908767702547,3328.198737752109,2466.0039680429686,1708.070395512115,2307.3456245107923,1940.164886622041,1373.5279454356976,1522.2134788029944,1306.4381315992348,0.7020267755814148
0.525,7213.333433637012,4920.662058979449,4725.224473169176,2700.4117186576736,2857.158614891293,2283.742753986027,2433.5451674751184,361.1131027154272,1992.074478715874,996.0372393579372,0.6279617634785647
0.525,9507.517101860472,6167.515740797966,5354.605356624022,3728.7845882761335,2708.2286168403675,2693.870145380773,2514.941501038138,1190.648633341727,1919.617184367275,1424.8021679135702,0.6148873443602293
0.525,11803.497416894925,8235.624978168395,6749.439264483026,5051.491337707776,3872.039981164725,3843.805019419408,3634.609621033643,2317.833677820184,2385.854267479359,2656.6532187639987,0.7082469390475477
0.525,16801.83219991977,12464.877630410883,10219.065207113128,8199.071388361841,4893.767567020726,5575.86348897273,4145.163425921474,3545.0427508253806,2796.438609726129,3340.87798507104,0.7069329543685018
0.525,19464.548820946795,15921.517640214914,11827.121376602572,8879.700624908233,6783.151914696094,5346.879908674141,4499.411355357871,3161.840506147853,3980.379410053728,2719.38704457711,0.781442815179121
0.525,22593.015175561664,15882.492007787689,15074.28359334248,11539.522418547956,9217.994376143844,6360.729093184938,7863.002592472609,5519.382292726033,6228.175549130143,5613.274386431513,0.7077359158726267
0.525,24438.05834063281,16939.573249604106,13605.671532529735,9804.278569094666,7733.161971671934,6537.427389346939,6006.610635511075,4527.77378447362,4492.386000884562,2709.959216951509,0.7245972553169665
0.525,25316.70503011776,17714.61140395092,14085.958231568758,11418.982017044427,10651.131422785847,6817.4695965967885,6987.067664746133,5320.906423806405,5712.286581074126,4935.117411642508,0.7066819105453669
0.55,144.97534328598303,86.38054217635545,61.76208765609408,0.0,53.84387128992817,0.0,101.64110462751142,0.0,59.89050924227308,0.0,0.7547186591637212
0.55,189.70479224256948,158.3704683497671,168.18603968968097,91.54907884342896,1.3213269111421737,109.67013362480898,62.47988679829895,0.0,0.0,0.0,0.7822958096089884
0.55,318.4545894278011,143.91320225066474,85.20918114159419,106.41330916761294,0.0,139.59384283795723,61.25636985294312,1.9633451875943797,73.42911001602815,0.0,0.760521017734464
0.55,402.44279341006217,284.94287533410505,313.25879487043625,125.08055795182544,117.72287807230624,22.073039638557614,144.255117637845,0.0,250.3840759,0.0,0.7275260683593776
0.55,496.217150536767,119.53975435790908,356.0758640448355,154.1299811508359,144.4650648410474,9.664916309788492,151.0779023161657,0.0,243.1489471620447,0.0,0.7550741242322543
0.55,540.154446281158,385.445725987864,445.2664311679375,143.2160725000778,77.20701850827228,124.06165951138448,0.0,0.0,0.0,0.0,0.78769981194939
0.55,651.5658135616761,708.1658075859403,653.5634604095912,328.6129064820512,380.2187833865274,178.45645174709193,160.14468897453546,104.54351837422904,157.48115984398194,98.55057783048343,0.7463924986063925
0.55,940.6245765811412,661.1921709859067,520.9392862313202,335.2473291200185,361.00806305453455,118.4278185045106,227.55314975488983,0.0,32.558705389457515,236.1400610663952,0.715385123775848
0.55,1010.656055569126,876.3810182461325,621.0693275615665,743.240699548403,452.3744919388754,579.462977968526,454.64392918940473,91.91220864644389,319.6124127829013,192.90216629500532,0.8770753355450415
0.55,1085.5567330530212,435.233960690194,483.85258900679264,150.9122222947232,205.3650860093139,33.838565308352905,0.0,0.0,23.33694159196757,150.52327326819028,0.7788062869413496
0.55,1304.9940616027288,770.5876186262708,987.7419394951876,726.7431271746416,563.3603524256471,194.818447865257,306.08418560571107,98.44329212724242,160.48738380407576,2.0681363892278264,0.798056181217775
0.55,1306.449284250062,949.2519406410224,1039.8907665818165,461.67756661468354,541.1539755676948,630.4533114699547,200.03051242106176,195.1190489464378,317.4591391325339,87.51334918421469,0.8247665812219611
0.55,1577.2770597797928,1215.1638530052817,950.4886113136916,627.2569002213075,548.5570053466403,592.1230185808313,468.4517552063534,267.95440397803407,348.05965411832085,322.2948075819714,0.7568465801904205
0.55,1823.4038337821755,1553.123795666776,1407.1331181445894,840.4328192493447,484.3339369148219,532.175476508241,405.91326892148487,236.7416392251677,420.21640962467234,327.4926009281488,0.6882704295974433
0.55,2088.259280194005,1790.6186663248902,1277.573258817877,892.9218416073452,713.0641444564895,665.3143133544927,447.2567513220392,0.0,539.0425377736558,378.81532674251054,0.7149342895228463
0.55,2168.3819003663352,1623.050912401172,1477.746970624046,1098.3095518133337,673.5749527725051,612.3943457084526,780.6410151345972,124.71431439980046,620.6301966593821,360.0243415692345,0.723875977737836
0.55,2771.791162170417,1715.960022588587,1770.345640790848,1263.3716596180448,952.686001612024,1062.7074821131505,653.252540475436,443.2115322460135,182.5356381041412,370.69737464299897,0.7589343287949905
0.55,3476.571904220722,2165.015548624672,1553.3480105888457,1289.337662975091,1055.387899495577,498.6136020527093,1171.055799316454,973.7015295655784,671.1352153448654,769.1588592608632,0.7950761179034961
0.55,3549.1215621676324,2439.0224710844705,2219.503501884045,1428.9573406496029,1425.4839392382034,1364.352074397579,815.5546513965159,669.6717921177523,775.9578753065662,591.172920220132,0.6859551590020895
0.55,3611.349262804082,2358.143995653106,1940.1735628906392,1154.360908051745,826.05642961501,1179.071997826553,846.5313325712797,651.6667389185076,563.4128468656224,511.8725739067372,0.720265329130749
0.55,4137.123149263889,3658.706289325037,2497.381790398508,1987.680893366365,1120.121132998781,786.679079102005,968.2790993020792,199.1496019841159,938.521112798706,846.9580774037104,0.7386146682006182
0.55,4993.132607164557,3443.2667788785398,2430.8671903301138,2077.041845466043,1119.2595920308631,989.4444766892358,616.6217978727315,336.4111220743403,394.9862350943433,498.68001625137487,0.693235862707171
0.55,4136.795622409092,3672.6062447987088,3001.3683678225407,2136.439959181608,1860.097002366793,1724.8475793939836,688.7702095837542,673.7424959201087,799.8083160984687,948.4157067722967,0.7362281454001418
0.55,6116.688762064981,4641.34306926927,3532.1084073828383,2475.5646630962533,1786.0404138154988,1644.3200147538423,1604.3475945056816,1079.2553467003115,859.407035335433,723.1374208530716,0.6985770905657197
0.55,7105.013249855644,5424.099710562794,4505.904356638427,3763.720891645248,2547.2831703652564,2604.9759561815904,2033.9151609826224,1291.7316959894447,1496.1010559151025,1400.2723608303447,0.6914125404093763
0.55,8104.698279395719,6447.8210332134895,5543.869375283063,3552.9709676948323,2838.6286819156667,2985.2452313117,2197.0434807991933,1440.810752335447,1570.891600671777,2115.467355571326,0.6851922592522638
0.55,11100.967793093883,7971.633500689971,6742.521477408432,4930.272461486166,3385.7134874442345,3360.578272244204,2920.712006243652,1795.9111260422465,2296.101908522872,1929.1277666024132,0.7312942415550547
0.55,15373.301871101648,10351.45383104444,9385.88211959574,5991.795454125764,6053.055290803779,4730.134532066664,3922.0881149328575,1675.8941034056734,3637.667444642078,2467.8962775999994,0.7652763977703027
0.55,15864.041678132517,10609.2118849608,9261.426919064234,6003.769393539241,5498.35003132803,3968.307780270453,3525.682944879422,1978.793381748137,2632.775404972948,2517.907368106764,0.7422715385036568
0.5750000000000001,57.11952954489994,0.0,95.67521198770746,43.83923892571062,0.0,0.0,0.0,0.0,0.0,13.85148591463829,0.7545151188916022
0.5750000000000001,213.0923557836548,136.80489816267942,180.76382077114843,68.79669950832137,18.92402049512569,93.43735119468305,90.48047299231958,0.0,123.20325843180782,0.0,0.71002523486195
0.5750000000000001,141.38230864200798,168.32221678797416,106.71545009758664,19.004121250255142,48.86774035779904,0.0,66.20116963000959,0.0,6.68276791217764,0.0,0.6806241568509906
0.5750000000000001,161.98640709260266,108.91820503320324,68.90306880292995,142.72778537749778,39.8011515445496,0.0,0.0,0.0,0.0,0.0,0.7390368063800046
0.5750000000000001,336.6546811733293,423.77146270502425,222.95989849637155,72.84341054627592,16.98038962058463,43.312298162650734,47.98805762339118,0.0,82.68711467415098,0.0,0.7804645558329799
0.5750000000000001,539.1346252380613,582.2772966837122,496.2894894575532,179.71154174602032,92.23605619414958,74.97898761588944,111.27833876326434,0.0,120.20440871753674,88.6656282124407,0.7718783701433269
0.5750000000000001,864.6503421754021,379.2558097419453,494.6527387741498,253.93937391614085,155.07495620660174,97.54181680372632,375.6186572509584,0.0,123.99383491999085,0.0,0.7923070612509037
0.5750000000000001,1048.1674233962715,652.8543678146425,734.7826311926193,285.46305221833245,129.32174308990113,227.41522435411565,425.8065347761227,124.54565598714916,368.8608808586951,0.0,0.7432293464348967
0.5750000000000001,1219.8954776534283,775.5497244003345,779.0731709019008,472.5333252656253,563.7514402506217,152.29118767881397,277.9607795680148,44.63032235317423,242.33482049662132,233.33045721484055,0.7670041162583706
0.5750000000000001,1228.3724237678318,824.118756547917,773.5870481454275,484.3649122482521,238.6904274946856,539.8265434217163,543.9348123975282,0.0,330.30482565529684,366.8684195400247,0.9276278246134199
0.5750000000000001,1082.288380711446,975.5174588425276,846.4489950572085,782.5579614890605,49.311871545886135,346.4694974702254,192.10189958745127,145.36282133961203,96.908547559741,95.19335202771076,0.746177758749922
0.5750000000000001,1889.2095512674227,1334.5193548676614,863.2657510355947,708.5118475022159,336.54312756355296,604.565701454194,574.2674974491644,228.40184557637207,655.3734589395498,725.7585174743098,0.783075519802124
0.5750000000000001,1857.429361881096,1108.5504296222905,1269.568927779718,718.8666086377464,295.35937531835845,367.7700608802788,187.69611915392423,38.11088713785245,351.5729338466911,195.31829658149508,0.7042489496318506
0.5750000000000001,1916.4470818155355,1207.903255352234,1267.5282617867333,826.8000892250584,442.2187977225372,487.43442760203294,278.74690508128486,204.21564703816065,547.0594340365319,693.6375748546767,0.7680139048691523
0.5750000000000001,1973.3670039721624,1567.808948263219,1219.8139714290933,781.2879705463903,448.9920152235786,932.5218777720482,310.3173252069724,374.1600126863156,210.36688825160692,458.9347288474112,0.764951400170067
0.5750000000000001,2588.4596922651585,1404.5603698419702,1287.8379014340503,848.1832704308849,840.9575938151567,438.5429884468994,651.4225379718195,0.0,407.41699687145393,124.5039663017814,0.6694551278876831
0.5750000000000001,2605.224567641952,2226.172010665743,1519.8666834383691,1368.7331880523566,770.9027083197824,661.2090423138055,709.3523735053171,485.0897674486533,454.00989541362713,534.4519171513435,0.723508339208052
0.5750000000000001,3150.409801663613,2062.0980484894044,1388.3812489053696,1264.2586856391752,1063.359279115541,783.1238012258865,319.90351357266564,362.1307773642579,355.73270709280445,623.8118514666984,0.8459337956454407
0.5750000000000001,2917.435284732883,2421.817066480562,2023.152890923291,1480.7526520698618,1225.82453980875,912.588401870895,1114.632490843797,701.7303090166242,781.7343442475051,423.7501866042418,0.7857244649703711
0.5750000000000001,3793.456064153304,2645.8146712464554,2215.3615159350284,1683.9551776189676,1033.3679982557696,1296.266912330338,1283.6477644547583,836.3690786425598,1062.1116128612557,392.5957116846885,0.7830463034951205
0.5750000000000001,4154.983502194652,3094.824058867952,2574.136252896724,2115.059413865813,1862.604720061581,1247.2464039137658,1363.706158496075,514.676979928271,1232.9706920617407,1332.149321770546,0.762213282618409
0.5750000000000001,4019.529980307207,2880.5335738952035,2553.995354992104,1955.3419536697531,1447.65277047041,1062.8041553346136,1209.7463538410082,826.452682604751,824.8977387052119,988.1668481567624,0.7243288304963786
0.5750000000000001,4385.869358639477,3387.5619522443963,2605.624100875529,2326.5992692973223,1232.220438855853,1243.080686791532,1171.2359696785802,645.7670503292027,1121.9471521243458,665.8167388258406,0.8275743900595364
0.5750000000000001,5494.323625447718,4006.5868611440615,2447.2571304830685,2615.76252690948,1680.6885394862318,2119.850272141596,993.5706794469256,1104.4524688052377,979.6013201576897,1329.7083873441725,0.7458130418508381
0.5750000000000001,6060.632111089693,4861.364963646207,3593.142284803484,2343.556236068662,1886.9587984250657,2111.530191225284,1678.2285412165647,1374.4514704577643,1178.766854324794,1335.3145472311703,0.8300370812706419
0.5750000000000001,7448.364214025245,5196.463034457619,4011.1989761048353,2971.7053066079934,2473.070045418019,2284.071196418593,1460.7198276391796,1427.544497761621,1041.504295550028,949.0154971035,0.8530364016124176
0.5750000000000001,10709.973092470798,7929.851524299053,6429.267960924209,4698.797016628301,3986.398759268526,3140.110049284397,3560.7281693212853,2058.881488468852,2610.8638261749197,2135.931654601736,0.7673747981534679
0.5750000000000001,14633.697636374383,9939.030613171106,7979.92927209117,5136.720659139261,4664.527002571277,3133.126906650184,4159.322847215864,2846.079091107337,1956.230862924508,2421.2483241039217,0.8293170210376367
0.5750000000000001,21778.8877316923,15574.071433935613,12844.72109400434,8366.280043272041,7448.924775369405,5224.556668626443,5486.658173741481,4246.04438286363,4286.233280314603,3576.811873136565,0.7575764728344356
0.5750000000000001,23311.30651989078,16638.61606312378,12668.740111597794,8711.984618835115,7619.237838976926,6773.905424369645,5853.598959686329,4391.604983203673,4706.495993523016,4050.4730553577215,0.777737700512724
0.6000000000000001,7.941581159067975,89.53914581542568,39.96971616322119,37.61342285228893,28.62460022169553,32.028135004153256,0.0,74.70322496881522,13.963219620339276,44.33322229457725,0.753035799880364
0.6000000000000001,180.4067793076427,164.68325267073803,142.83582618577574,7.779007915100187,150.94585571428453,6.289410654761822,0.0,88.54828158677878,14.06841856986208,29.129901979949693,0.8250563095997383
0.6000000000000001,231.5054212699835,269.2824565399807,206.9019162479852,143.7464624119897,139.87189469199,113.33110580999188,67.41747832799514,163.89421455598833,88.14641562999377,76.91016924199454,0.7768435192056238
0.6000000000000001,245.51552402317384,348.0023060546411,96.31287949945124,82.73029392901583,112.15922933162592,74.08683038419325,65.44336683937068,186.65765321795365,0.0,80.05493616514222,0.7925087349256313
0.6000000000000001,322.86770013828715,476.94773057304457,154.78039420946087,187.6974916205226,178.82621714094572,85.44438051382005,0.0,198.20294824107432,65.83419482212359,80.30837949932814,0.7809792497746779
0.6000000000000001,315.30558832493983,501.379217651703,333.91295125761616,305.36466840200313,199.8379799892909,66.27279948624445,37.72451663063138,197.54392154553628,119.54593445787934,58.1161472417836,0.678009784312696
0.6000000000000001,520.0236586179027,646.614356600194,404.9688036172107,380.98639320809554,150.5731083914067,169.69832175563778,134.48364318022809,373.39702282546426,147.53736023835424,144.50161208530162,0.7459878527544044
0.6000000000000001,913.0118918117224,892.7305093049895,529.4140192274791,542.0024635420029,410.1734772482384,196.86928191880492,218.89905946922175,372.4081443046667,395.137279872557,194.0718498489108,0.8093385451053304
0.6000000000000001,909.8488014833312,872.0656507505919,616.3614993270049,441.5667211896871,363.7105318010128,221.3558325756426,266.39029506516994,297.3037820283201,79.00113335027255,79.00113335027255,0.7428407695517603
0.6000000000000001,1088.8561758065534,1028.7621397879898,742.6190146399957,528.9071117130516,400.75956470657866,219.2835354054865,301.664101338219,322.7567100069865,151.23002441757694,97.90154212295766,0.758836332431919
0.6000000000000001,1594.6816120685708,950.1064298978408,746.8541611107171,496.1618552833433,645.4456415659635,361.67587871970034,407.374996969482,368.2043241839548,87.91639891862752,250.6923058273736,0.838123911579773
0.6000000000000001,1524.4747131451877,956.754258093395,583.7675572954261,581.5990299652052,630.17404216215,442.37957536503313,392.0697413039117,332.2183869898189,348.26548923345257,259.3558686944018,0.7430589179773803
0.6000000000000001,1656.41910442835,1032.6972946683766,694.8479810483913,698.0395400164612,727.6754447199688,475.9982232378744,277.6656302220933,444.0826335571737,351.0714864877043,409.8873588992806,0.6935750153376271
0.6000000000000001,1746.2946084814364,1255.916203559217,992.0841262237782,562.5900468405059,740.995279815096,430.9099939306896,373.3294690023827,557.870331682448,262.88813430382703,196.34015057521017,0.8148058900224419
0.6000000000000001,2208.9084190517237,1497.2345567463246,1157.5603701232724,690.6366392668104,749.1303813741034,402.785855738816,372.5127786832872,421.7706667736391,468.9761428602265,507.4588679308141,0.7307335319298279
0.6000000000000001,2300.760632554334,1449.2895009305744,1171.2470499293086,1033.5808071333602,801.6077680913686,586.436514587465,599.9863416343103,455.8161818558762,515.4354208619957,406.4948114053593,0.8564790564542399
0.6000000000000001,3121.989008385872,2132.7047121299397,1712.4933137795224,1383.122594291469,623.5773052229338,712.0737085017522,695.6637794169382,488.1953902732178,351.0552686358434,312.37472150735294,0.7700590463593434
0.6000000000000001,3282.4526583417005,2337.82201549938,1906.5373523074911,1551.143981780269,934.141602392732,996.4588427108732,640.4484698042639,599.7263127646867,715.7227600895436,731.7648219536195,0.7756482476235791
0.625,58.89348643801051,46.422871140344384,64.3644660524705,51.33066167684522,0.0,44.089659245942265,37.4923014755641,22.52756311836467,36.285467737080246,10.700592481223206,0.8005819309581614
0.625,271.80047226822666,144.53658207548986,150.7286791655334,119.44229386847132,90.43720749932,108.36169907576176,75.44581454447781,67.62421822021224,95.32570520198594,20.04284058093034,0.8128980651751632
0.625,385.3209709949384,228.2954324391064,192.56391382554065,229.8405791899632,135.20034069997837,126.1226035386941,57.749859813276494,0.0,67.21388366227495,134.04148063683567,0.6954838140618056
0.625,460.7496277828184,301.4210612411322,241.09480979329047,195.6924742088522,126.74818683989028,39.516847638307325,36.363907667165904,29.217243732578392,133.26426278024957,108.04074301111704,0.7758876996063889
0.625,418.4296614487712,320.77979880028323,310.52656322219207,254.6220168559325,159.1692761170355,171.86375826133892,65.91365728772952,84.95538050418457,129.14194335262545,99.35873524483657,0.7731224978831928
0.625,503.4674621320829,416.87909003060304,274.5729828377362,256.0004044739404,141.0512032493672,184.21989890575705,40.40790698069071,73.53737108908294,111.93743176017402,154.10220426176411,0.746866289718287
0.625,859.0003756512556,583.8956801812457,556.7102537760459,445.6045980330558,395.6661517017652,226.0527304345409,198.27631649879356,176.11428410325018,229.89414938310185,161.93058337010245,0.766066759742033
0.625,986.3028821451576,667.0566340913588,589.7654371941233,608.9202120773512,342.7696558051314,263.46216681492444,156.2626372052806,153.91029643014724,95.77387441613972,202.3013066614599,0.7246799131188612
0.625,889.6491658772746,945.7102541718472,535.6948437036966,425.0383164817291,517.7406389557615,232.3054246977727,146.93134905963225,595.0536430744208,180.2748721629404,216.18328165881056,0.9046080528567414
0.625,1234.79449393475,966.2023845257146,702.0665544583075,713.4098109642697,628.7405034733371,324.903275635062,366.6302549248518,387.29118641785465,446.84328307415655,397.0139777086794,0.6583114009953761
0.625,1213.6480265186317,1114.3572996299936,953.7023466814246,478.5557351757104,562.9315460081153,460.2316954494811,392.901502967057,575.715759770601,235.22953322973484,262.0763821309546,0.776341465374525
0.625,1737.63364377853,1430.333649029349,959.9765142091752,689.8571310695891,718.0785591587995,507.08978725374993,344.4806063587753,603.8489692739001,418.84182957796486,393.3081565448697,0.7272559392542147
0.625,1521.7311085620695,1395.7691908722084,1110.5024949275237,784.4834138478835,653.8905433017778,395.48337392331325,227.37978524162372,502.4583849025701,237.56788152536265,156.5262065410772,0.8304329400969626
0.625,1821.672917956301,1544.6398770081726,1144.2669082640082,868.6792570947396,840.253258110497,397.9639857793983,439.8802893663324,669.6972642050406,240.89829647663325,246.19805899911933,0.8279309788321849
0.625,2033.6355027603229,1654.0167481733918,1273.888438211177,975.2889882944768,734.2692957849222,503.44071078105696,405.60607872643857,580.3835724490123,482.03938501910926,489.173160273092,0.7996387311804235
0.7000000000000001,139.8474540050245,97.08418294563693,132.65603304608848,100.03780226805702,13.35549606659556,38.91072411710046,0.0,0.0,46.10214507603656,0.0,0.7704524520487761
0.7000000000000001,172.1106735267132,129.75818967028238,82.7407945485055,61.25765056335938,24.920447022769448,42.72076632474764,0.0,63.09906290494338,59.66175986731999,0.0,0.773823689251259
0.7000000000000001,146.67992919344343,53.03454634772048,123.83633366331698,90.97361728664389,64.9239030856225,25.64894936715948,0.0,0.0,17.767240967876155,33.664246044396826,0.84300839117218
0.7000000000000001,167.14729381728296,166.83661111502033,138.25380250686047,0.0,87.76786338918666,0.0,15.378793761999129,0.0,35.57316940906857,6.213654045252131,0.7942752914371906
0.7000000000000001,377.5231322200668,227.2295629950165,339.1545358438304,145.7211458227009,217.0907111028504,146.91395192766154,111.527370813827,109.34055962139908,56.857091003127536,28.428545501563725,0.8717930001868117
0.7000000000000001,458.9696073650359,298.6119541780073,263.28993057059427,236.2024891538664,157.75725881102275,60.45916924213644,111.81695816825244,0.0,68.04365283882024,73.46114112216578,0.8279783055038491
0.7000000000000001,479.95328659644514,394.6386178765331,278.5547243723905,223.30997987343096,119.81349650829178,187.41255095849527,82.75056665455959,105.3612848672138,175.75754157052927,58.74124731534924,0.8401205465089783
0.7000000000000001,608.8452114891094,548.1812864313177,376.94357070000575,269.40297627937497,216.4599144107567,196.05477598222677,133.7363802410408,117.46741852099666,96.51078986466864,0.0,0.7201082914806091
0.7000000000000001,1074.3914470864474,863.8970087809743,611.6516075058207,422.38057537660194,412.986608708424,309.30505066705035,253.2891753493957,275.208430908478,216.75708275092512,268.2499370801978,0.855418467053237
0.7000000000000001,1077.1769077857168,718.9279329759008,651.9298204387936,607.4958390670334,320.41066254792673,62.83242678350448,221.12848542040032,278.0595240529679,254.45397144922032,98.24075568912586,0.7429115474876461
0.7000000000000001,1130.9051588189309,811.0227122950969,648.06373010371,496.0441240316522,227.8407991749947,318.3735670590985,150.88794647350642,123.72811610827534,139.5713504879935,111.6570803903947,0.7909549954879447
0.7000000000000001,1525.03598981679,900.554849322642,935.516148693936,399.442891667428,458.11357796868,323.0906286726479,226.64566488976809,126.98586898079202,276.475562844256,231.46791307891195,0.8064031178156387
0.7000000000000001,1826.8975612030265,946.0641336591756,864.1974085345734,756.9388649221263,546.3618874625873,419.8405849972927,382.6284372133827,122.58119269993948,180.3694692584825,196.1299083199031,0.7914147153271924
0.7000000000000001,1911.57159221698,1360.5558914002393,1136.469882934527,818.5036309221273,566.5837814048845,563.7532212979493,376.9362542402188,283.5277707113537,443.4544167531986,609.9857030445593,0.8611658390359279
0.7000000000000001,2197.356111173128,1474.7215260242824,1305.8964155200758,1120.2413874578176,904.0821338215908,642.6924767481,674.7745070931363,296.6272969606617,626.3884941137376,379.7250149035418,0.8573277901726684
0.7000000000000001,2587.7018892618075,1791.738583362364,1515.2864035279636,1103.6189991012911,948.148862323133,742.862590168875,747.2420306414995,540.8608983690852,647.0623298302214,667.317242016108,0.7679619241896103
0.7000000000000001,2857.9440781913977,2005.9595684590151,1829.939006382292,1117.4212678800288,1173.0955031694716,756.9446535312121,775.5027319610266,397.0304051954205,696.2091241245475,306.4894770984477,0.8236562398212448
0.7000000000000001,2836.9024254059577,2152.647530407191,1859.887466271813,1241.6470955388677,1232.4624660757972,947.738952720606,692.2914457789528,400.10542098501656,486.2113222013043,660.719281999647,0.7732702025463734
0.7000000000000001,2878.454993621248,2194.43569498972,2041.1523623468709,1570.3968308706114,1213.5435386704603,1042.6901797562969,995.4328677162092,608.2864267724127,565.8760185313083,527.706651114314,0.8459337956454407
0.7250000000000001,173.61540073673183,137.04332336932316,42.96199423085925,16.99445974321964,45.40919643388287,8.02138499879967,21.07313008159235,32.22149567314443,21.345041437483864,0.0,0.8020356857007725
0.7250000000000001,94.86632335564993,110.04030181668794,43.20529745013116,13.089004321353409,62.31756039724013,23.28221122647819,0.0,2.316637932982904,12.278181044809392,20.03891812030212,0.6749855313340757
0.7250000000000001,135.02784376914184,224.3845050869563,142.42910258536486,70.76325502340053,118.42014105956824,0.0,19.31548032526494,0.0,75.99829174707047,23.828443018083856,0.5876111218770907
0.7250000000000001,223.4146673626612,278.8050318977358,158.34643244413502,106.2506620821504,123.54728149087256,66.30370773343495,29.65134755780942,53.94897958434769,7.412836889452355,7.412836889452355,0.7126861321557894
0.7250000000000001,491.12676582829977,244.53496483772955,146.26390420200644,170.945938036095,192.885523666396,44.10770861091757,132.3231258327527,110.840614903083,32.223766394504544,0.0,0.6735959713104622
0.7250000000000001,402.618823015687,286.6801903747511,204.3540184574479,138.34693979002435,220.18597459539083,94.7481682716892,81.59546624939814,107.17016462607518,128.1170604393535,6.576351011145523,0.7093027214920566
0.7250000000000001,509.2552727750344,352.1310797770457,312.214415860081,115.93629774608873,134.7505215031294,22.373671494859224,97.37632025603504,17.034499888131453,127.6316260274924,15.00052975223516,0.7076553032122223
0.7250000000000001,628.9381744303115,431.0534659723408,423.70262241892425,211.7042943383938,356.66292921176625,24.69883433947928,286.3888648411049,21.46446317597604,117.61349685466324,0.0,0.6613017649307141
0.7250000000000001,702.5870910200218,689.3182130026465,388.4464039586618,367.8796430317301,273.0071652074967,106.48274608943674,176.47607763109144,235.5225848084115,0.0,17.249541422587885,0.6970407997558266
0.7250000000000001,961.3059686622332,773.2162692533113,532.610435950017,353.0871980983329,290.5147832454638,162.01785988689326,132.9663815623469,22.71974586919653,253.6417530643088,67.78678275727488,0.6985305504869367
0.7250000000000001,1238.7251500908974,975.2280226248243,815.2328967142823,432.5641419591716,690.2882494181632,298.54760608049594,294.42402036115203,402.4619662079613,339.3711047020002,193.8085288091617,0.6602958514466247
0.7250000000000001,1619.963860243782,1208.4720545721707,999.9889556897692,729.4627464178561,775.5388798688901,433.3893740443798,450.724949006155,580.741761219469,394.156230709836,233.1178633017664,0.6377398121811124
0.7250000000000001,1950.5532979099569,1653.1706160114577,1009.4187538651222,683.8317244321564,678.388780171119,406.24156711924775,420.5911474438009,454.238439239305,282.5382884593063,332.01959992328284,0.6936772724121366
0.7250000000000001,2009.0574535287135,1505.6265406573896,1233.431659856725,822.2877732378167,967.4583763315044,527.2803690938586,417.3654838943521,485.80305392423344,529.8727012919601,283.082676032691,0.6921076263184149
0.7250000000000001,2328.068614880229,1598.87162818352,1183.8727548723043,805.3337308959244,919.0026729398232,675.0433869493801,573.1702785138104,398.91364566349387,207.4994366556077,174.25663285031652,0.7118807359594138
0.75,28.930353105127622,0.0,17.120619591198714,0.0,40.04128581941577,0.0,0.0,0.0,0.0,0.0,0.7229381342830489
0.75,93.86887256073194,115.11170983454689,79.18795884270277,18.79601832081007,79.18795884270277,0.0,34.58912247202326,4.226323646099305,48.49150288682361,0.0,0.646684923867422
0.75,73.6799162765754,46.27531446408079,58.89585477246647,0.0,97.71904067350049,0.0,17.668756431739943,15.86582210197056,15.986017723955184,0.0,0.7994628714863492
0.75,242.92758164994413,232.02566647005676,134.73121590238225,100.58559477292351,204.46233375109608,30.85447692420967,103.46534595251644,67.46845620760516,82.07290861839772,0.0,0.6721010296906184
0.75,356.3451614211044,326.5703317569079,247.01198689417467,121.2431063926084,102.18721540752256,55.26208385674881,24.058062368670814,0.0,112.90615408663334,0.0,0.7468765154257375
0.75,405.6816471962287,323.8552153194681,261.74599594313173,145.16797703437342,247.2045517240689,0.0,123.23257812765148,55.454660157443165,37.216238594550745,0.0,0.746614055601163
0.75,495.6755395229957,322.42490027059154,269.3079421043817,133.78523575507995,126.33893320841504,111.694538199974,144.21005932041086,32.26731103554804,113.92842896397346,40.7064539217683,0.7845071188452574
0.75,470.9215675642516,465.8116247979919,295.3009030185884,133.12745627887185,187.72316057101523,43.300041335148215,98.43363433952948,60.78142448287886,120.75601589740091,0.0,0.7869996350364286
0.75,586.3733832065292,551.7727605943423,425.9244783500168,345.08762552154485,276.8049808974947,138.40249044874736,134.11568764723748,129.8288848457276,45.31762961596152,34.90682281229469,0.8176575841878275
0.75,872.3030796213462,633.6699554925362,568.2220522504575,269.1754789751134,250.3801836850805,106.73042682554372,316.1637172001955,154.72555586973473,152.37614395848064,65.44790324207868,0.7769358346201123
0.75,1091.3769327730124,678.7151467364387,624.3881667893334,389.2193220867954,417.1270172651029,234.7967421001605,143.6316045176893,315.91510941844103,71.07159705408979,0.0,0.8799640978999367
0.75,1482.227737098836,1048.3102084695524,537.5396250183661,673.9753852639915,529.3362090542304,510.7705834511864,376.061858145379,256.46468856297946,360.51854368701663,279.779660250523,0.7443127844862479
0.75,1665.6181911480026,1254.6819344328069,769.7492283204236,773.9377065881889,784.1762090205042,368.5860875633468,307.6204594436518,566.8407255709044,237.34710184003387,242.93173953038763,0.8359850344379479
0.75,3172.942774575853,2094.142231220063,1673.7273135887624,1059.2747416660925,1249.0411268378407,1028.155495223137,664.48743875252,599.8082206553969,612.0118467114578,784.0829741019176,0.6980231980787931
0.775,44.80843328470314,34.70616832597008,11.8946022901212,0.0,41.38669837932582,0.0,7.576698719049805,0.0,54.01452957774216,0.0,0.794170412386412
0.775,21.249813619662195,7.98865173671511,15.497984369227316,0.0,0.0,0.0,15.418097851860164,12.781842778744176,3.3552337294203465,0.0,0.8575612771594665
0.775,119.49231496176982,53.20460739173693,55.32282361108008,6.977653428424515,50.71258831015675,0.0,0.0,0.0,39.87230530528294,0.0,0.6707376020304907
0.775,415.1305425618758,231.49024024478436,171.35450744376493,75.43909132744368,235.8010454634954,46.12561584020842,86.4316446351569,23.278348181039767,55.82492758230833,83.1985407211236,0.7658008913483078
0.775,323.6503280238373,324.34386444103126,167.37345534947016,104.7239989962845,196.03962726015288,101.94985332750876,158.35748192594895,64.26770799330484,101.94985332750876,0.0,0.8166201009526989
0.775,455.5705847827216,240.3217622737514,184.02591638678996,0.0,140.9761518849959,0.0,41.6305414962404,40.68439282587129,0.0,0.0,0.5921036160172103
0.775,372.53236479252735,347.047253317787,52.219493119811,136.6701566341465,172.6491375396622,114.93285567039744,12.492701703304068,0.0,74.45650215169225,25.23525744067421,0.7807649968566576
0.775,420.7165941420082,386.14816061059474,353.1875611969215,152.47626883235836,218.1294953067482,82.26751235770477,142.8292641259174,37.51612941393703,165.6069141272363,27.86912470749608,0.7010994317369557
0.775,676.7840498893523,425.9251398732727,275.5286843423055,150.69368172766872,293.06502994769494,179.8218490044173,186.36082533185063,196.7637422164037,172.9856464802824,0.0,0.7785889906580162
0.775,936.848096260828,611.0476577959472,433.7132419226577,263.2522530212011,377.3511407536277,269.78200864444244,234.0401883909112,134.03182595074207,108.2564748063686,86.94885119368654,0.7848004992614096
0.775,1523.462492734185,888.2646759961776,876.87666732956,529.7532920471031,652.0689406885521,319.70779886282173,407.8594215044177,250.1144125668249,150.15300315984769,107.55341518472234,0.7505763623034478
0.775,1337.5941273330088,1202.5797734902724,611.4592371147013,569.9163590092438,667.7152178825082,381.67519259389,411.101397918589,315.46623061331724,399.8502017650276,227.62035295281876,0.7800163289897128
0.775,1404.4965757853715,1125.0973904822736,937.581158735228,575.67483146343,644.5870466304692,394.721667827531,294.4004838428616,390.5025526132225,98.91481224656656,266.2730490808048,0.7432506499920859
0.8,0.0678402028821006,0.0,1.1645901494760618,0.0,0.5314149225764553,0.0,0.0,0.0,0.0,0.0,0.6996356406518467
0.8,24.88624286507536,9.985220902653694,14.056118655274046,0.0,14.824212570862793,22.12110476895588,0.0,35.25551072552343,0.0,0.0,0.6539480749407497
0.8,125.0002237368276,134.6156255627374,92.33420109538056,17.25503615334501,97.07604309171964,0.0,40.70081046857716,82.32364576977582,59.79989628716515,0.0,0.716836795503978
0.8,281.17084593058075,209.35198362391895,108.44648208305924,59.60965571452925,168.23568495335513,40.9367515147972,11.131923657532573,18.13426273243209,61.94376873949575,0.0,0.818119397966457
0.8,299.31280612273486,341.0127326723418,182.32134552522623,207.8046339722083,165.4097086467745,0.0,75.29153404790155,79.46152670286226,72.2798726859855,28.2632835502892,0.5554853576353355
0.8,375.1994745739798,357.6274675193937,246.00809876420576,154.68316069177928,85.13761164475531,53.21100727797207,0.0,28.95668768150108,0.0,35.144014109172254,0.7661051061449736
0.8,274.327640115606,309.7329715697092,200.71511644484443,206.06412335517655,130.1591681514156,98.31984130420044,0.0,86.34825440964754,134.4893166026369,62.15036600576401,0.6122088176811413
0.8,588.3697796817999,422.0328520315929,288.2635105394362,128.65542300452896,278.3048271687928,16.956677090555072,129.19373021375293,31.490971739602276,65.13517231610044,0.0,0.6777810314497189
0.8,702.7394166665048,493.4189248492427,393.5225246164528,285.2533047109724,338.0886840248468,98.16409271430224,102.2061435907735,114.9097320596832,177.27280272523993,116.64203957817088,0.6758760200245967
0.8,718.2052996358951,797.4366974083762,507.14924867299305,470.94869624246286,313.16892998864284,295.75168306451985,168.7082349120933,183.05185002607692,154.7061344436807,56.69143116479249,0.6726707476771713
0.8,984.0585713043238,720.5372685018551,465.4928747405846,279.7379983595437,550.9990876778892,304.431602957817,231.0879116883188,164.74688440937558,157.74422041882045,0.0,0.7794283508112826
0.8,1289.1691205949564,933.7243793371674,585.8333633953644,631.5753666977245,501.9030821066303,406.642212843917,236.68339323423032,244.65676995666004,80.15341863074111,182.5483618029968,0.8117501077791811
0.8250000000000001,0.0,0.0,0.4294813805851811,0.0,0.7730664850533261,0.0,0.0,0.0,0.4390254112648519,0.0,0.8039508754921074
0.8250000000000001,40.28786645416028,50.163200313856834,3.58308573670406,0.0,0.0,0.0,0.0,0.0,0.0,0.0,0.8185715067912563
0.8250000000000001,64.49722887451712,33.13619098140329,35.30582253375708,5.325459264868386,26.03557862824545,12.130212769977993,0.0,11.14401660981718,6.311655425029199,36.09477946188573,0.8427680870470821
0.8250000000000001,129.72240717193688,85.96233750367433,51.83231552939836,49.42480360590172,85.11262741302845,14.161834844097912,43.33521462293961,22.80055409899764,0.0,0.0,0.8122422199502585
0.8250000000000001,319.28341000654785,409.1939770097962,126.45775508686305,75.11231906755162,104.26038318331794,95.29174807077446,57.39926472027826,88.11683998073968,0.0,76.68183021224674,0.8182860391249174
0.8250000000000001,474.9905310103162,347.4864415189528,267.8593816784966,124.48027709235872,158.4981665811612,176.13707224202176,105.58144959857955,23.9385148254536,122.46440215968896,105.58144959857955,0.7839049382953681
0.8250000000000001,374.2210713699612,441.50262984623294,226.8796739316141,255.82639095047523,243.30889169907584,175.2449895195916,75.6265579772047,138.47483546860585,74.58343303958809,175.50577075399573,0.8528387046016991
0.8250000000000001,519.8781178666383,334.207361485696,286.6974914705726,265.12691830278663,299.5306172792553,215.1596412179154,224.9892694969065,0.0,83.82488560139598,249.83638542435608,0.7683696742742165
0.8250000000000001,541.2575491957865,478.72645135747695,221.3310021160632,170.43359689883445,303.63937741021016,67.1845748867419,101.5039681189304,152.4013733361591,123.02629946792996,21.81317366452659,0.7290972393392984
0.8250000000000001,611.9071886559623,401.3459697458307,381.56950167139854,180.6056863856238,396.40185272722266,172.1716044127042,228.01104368168936,82.01417642632194,83.17749807775913,36.35380160741221,0.7751301451127306
0.8250000000000001,947.4065264028794,675.2791198829035,506.8192967991088,439.147402056046,489.5413662264119,257.36917415579745,258.44904481659097,211.29469262860573,325.04106889886026,94.30870437597052,0.8155591838046619
0.8500000000000001,0.0,5.154352094803042,2.6134743015902746,1.814912709437691,1.8875092178151984,2.555397094888269,0.0,3.862134245683406,3.8330956423324034,0.2903860335100305,0.8307699236379601
0.8500000000000001,105.59757624658418,99.66261172795326,38.29731821456181,35.16186526132283,25.867486864221576,18.58875679420252,0.0,20.7163855839004,11.31002672418346,1.6797069392351671,0.7391886013261659
0.8500000000000001,40.41739576907899,12.540979462918273,9.746522082594092,0.0,46.82420049470029,0.0,27.331156329512105,0.0,24.33222645794469,0.0,0.6715215729350646
0.8500000000000001,146.86335334705433,36.60900272569637,120.93791172807867,31.765788357316307,88.17499100080175,0.0,36.75145020711931,0.0,29.913971098818045,0.0,0.7412353334819605
0.8500000000000001,396.9637854000952,280.1707695621362,227.8457322207443,142.84514413451703,105.31241692761148,47.24708013104581,86.32527257588278,20.75339033793601,122.97487678968469,0.0,0.7179860514024936
0.8500000000000001,548.7511542318622,367.3626575684053,182.15277403703877,83.30623372043588,266.98756250463856,0.0,8.407051109401788,50.18754753188339,145.2127009805763,0.0,0.7669067285683617
0.8500000000000001,353.23707345077423,380.3297635255232,293.89118090608605,34.57543304777484,259.57377347807073,83.60030080208243,55.73353386805496,48.250790895029056,99.8559148469318,28.89886941306553,0.6939292630600354
0.8500000000000001,550.9878800631232,222.3899222368281,422.1365069368156,86.52989701578403,215.1117065999865,50.67794591578629,183.57277217367263,49.06056466315481,123.729665826308,0.0,0.7702877045398445
0.8500000000000001,745.1960969349228,336.0240069001033,336.0240069001033,213.72955540924931,183.72741193602585,68.00485853930661,141.15294167402297,93.14951211686537,93.72098151635534,72.86234843497137,0.8082784800995814
0.8500000000000001,691.3026334031382,495.6918882563309,491.0418705428569,192.2007321569263,274.66104627586566,203.0507734883657,287.68109587359294,134.23051132895014,119.66045582673154,0.0,0.8081029387883395
0.8500000000000001,883.9258380684739,545.4302070562055,407.3596207222541,258.6682200549216,311.087077893866,112.03246087146935,179.86862983951505,37.68676053780315,30.14940843024252,0.0,0.7629871175147199
0.8500000000000001,972.4336117365558,616.8958462630583,655.4754761335867,333.6003288804521,373.3146537471725,331.70917055346536,343.43435218078287,276.1091157400567,209.91857429552255,0.0,0.8109797711512089
0.875,0.0,0.0,0.0,0.0,0.1267673955898195,0.0,0.0,0.0460972347599343,0.2765834085596062,0.0,0.7591780414892381
0.875,1.2165330070551126,0.5926699265140293,3.1817017107595253,0.0,0.0,0.0,0.1351703341172347,0.9046014667845712,0.0,0.0,0.6442061519066969
0.875,9.514066381801998,26.14793078442271,0.0,0.0,0.0,4.2844802249174565,0.0,16.88589265114527,0.0,0.0,0.7660071097819021
0.875,162.52247790313757,102.63047352380605,100.44993938378182,0.0,81.9880836649102,0.0,34.59780835505076,0.0,13.228573782813523,0.0,0.7041330582807395
0.875,182.80493569366809,148.0542184751547,72.7340592945629,9.859505815485193,96.97874572608386,0.0,14.223549373158969,49.78242280605639,0.0,0.0,0.8168146734416963
0.875,447.154418871809,329.58797615719857,287.38463774682555,100.23292872463584,183.38355380697783,67.82679387381371,161.2770432110682,114.04949784707937,92.69661829421209,0.0,0.6792198263610595
0.875,456.4809479979245,415.8989694716709,209.806176563834,138.45616203074758,166.8370228301537,59.67938018566706,68.1671142565175,11.40539265770526,29.70706924797649,57.55744666795445,0.814675796299871
0.875,554.4501356441322,414.3696929019686,349.5021026501085,270.09522492800386,277.92407202736626,62.91037847701953,159.65256049056956,210.2604649543053,117.15310480831636,65.7063952982204,0.7619973069064581
0.875,558.3953483639194,330.6890485187966,311.23675154710264,145.60616409694418,250.59135510593924,38.61853075262762,173.0682304099238,107.27369653507674,85.81895722806138,37.1882147988266,0.769470459507851
0.875,633.9150809508067,641.96283100194,383.8157716694337,164.6693472001119,331.5053963370674,203.05092436705527,151.97866442717094,123.1924815519634,180.76484730237848,40.85780795190747,0.7815970529331728
0.875,823.4473052524336,666.7006137703229,467.779924580021,389.055128858064,390.1094788007688,333.87748185651384,119.49299350654178,256.20703607726165,131.09084287629435,97.0001947288398,0.7742302828570464
0.875,992.24194057413,763.8778575881391,434.6529712833357,314.7618277156906,420.189912694223,184.97490721865253,203.24403385753175,183.83308680372252,168.60881460465652,65.46437045598401,0.806100404412528
0.9,0.0,0.0,0.1166699532612444,0.0,0.3402873636786297,0.0,0.0,0.0,0.0,0.0,0.9328934958558044
0.9,0.0,0.5292680830716677,0.0,0.0,0.0,0.0,0.0,0.0,0.0,0.0,0.8541271437405197
0.9,14.81717736872319,47.83831550473487,26.67091926370174,0.0,9.398323931018709,0.0,0.0,10.922376460373094,8.805636836269782,0.0,0.7746506730522527
0.9,109.2066858184219,147.82511228011774,52.339991907792886,46.6816144042477,85.86587861629806,51.4912352822611,32.53567064538476,39.75010196240486,46.25723609148182,7.497350192197358,0.8533005657215675
0.9,297.9524203077633,247.48622445617735,164.5197984761701,22.60885574151049,151.19672277135143,80.34218379572478,98.10628473548304,51.2736549852113,76.50675291100426,26.848016193043712,0.8166769104385385
0.9,417.7832073490993,334.3265140150089,268.3607444335722,114.19074507089616,310.338961439941,0.0,194.39912399377943,38.97977293448535,137.92842730664046,44.7267907389287,0.8756096508104042
0.9,517.2234233502762,459.9079797563216,376.56523327429096,217.9094401374022,250.02823944609176,137.05866946380445,146.4728002956617,201.85004048305743,43.74801974804263,0.0,0.7901426198404511
0.9,401.5198364736564,390.1586816804059,218.35585309954533,141.32168157457883,171.24862590801905,43.50490981805662,78.14257687064948,11.361154793250456,157.9477617598234,106.1298118491445,0.2
0.9,634.8249750071948,408.9002387673776,369.7752518925134,154.44073766393757,265.6380687819726,122.08172596292208,209.1568847220183,56.48118405995431,116.19826929001016,0.0,0.7462075837299877
0.9,606.3155533966191,490.2388486730301,367.061707224328,309.02335486253344,381.5712953147765,6.791722084890845,76.56123077513315,155.90089331226713,90.14467494491484,16.97930521222711,0.9216214609656732
0.9,828.7305621523271,592.9880835161671,454.3160372596024,139.0022177952708,367.1507510411904,117.54106777937388,233.43127786521725,91.12734468288537,89.47648698935484,91.7876877602976,0.8029645207942347
0.9,1018.9145008685698,863.5441128908209,730.3158816538626,359.52857894367946,523.1553643501975,294.6032718901758,251.82012157746237,282.5939665392387,126.09770618483957,284.4704205003226,0.7992385286417918
0.925,0.4155538316970176,0.0,0.0,0.0,5.1647404796629335,0.0,0.0,0.0,0.0,0.0,0.9222610324862429
0.925,0.0,0.0485388914355199,0.8251611544038387,0.0,2.3298667889049565,0.0,0.0,0.0,5.909610032274551,0.0,0.8354936323854438
0.925,25.819085753698907,47.25191755696248,52.53535981544141,0.0,23.62595877848124,0.0,10.068446568044749,0.0,0.4984379489131063,0.0,0.8937794547373227
0.925,205.37591141870425,114.5541194802106,118.96589831809386,80.62906151993573,98.42830717622344,0.0,31.18671247469213,0.0,0.0,45.63909142637872,0.8558961911295351
0.925,250.29872183482573,217.5528740158335,140.9577012438229,104.0715738155328,119.50352508655212,53.635440393176935,87.51045537834132,59.09308169634231,45.73127022997192,11.856255244807532,0.8011022025584686
0.925,429.5780455387399,362.0983881186059,202.69361247708176,109.49529317229292,186.141998392898,78.68382695404304,28.01042383477261,118.15306053940444,196.327607060088,57.80332918630347,0.8768566190245626
0.925,562.6225700237479,362.1223254249591,312.691517199773,309.35910316212,183.8381744105237,60.26115384755838,128.85334278924927,69.70299362090854,98.30621411076343,38.045060263205066,0.786039425613288
0.925,523.7979423145465,473.5590116075383,306.28620823079484,279.73950052765974,214.65724938448997,49.66803376715592,84.20729862822411,25.975810763282688,79.0692261695528,25.11946535350414,0.871715360556165
0.925,544.5058825378883,571.0083812454847,436.08656964317606,196.0582574846047,205.69552974191245,195.45592796852296,194.85359845244125,142.14976579528943,149.0765552302294,184.01166716297,0.7682652868439879
0.925,588.0551421390512,539.5460697433339,487.5944180163075,143.02352312801833,320.7858013265181,0.0,145.5272171871521,143.96240840019348,181.51781928720047,0.0,0.6706536051478579
0.925,913.2034355095368,602.494052591258,502.365115238856,296.2577837127774,377.80609351524913,230.5374158972832,283.52661298412147,121.46225046528504,154.15039152534757,173.7632761613851,0.826121487459213
0.925,859.706518680035,890.612233073618,635.0747408925291,450.3942524430696,455.29393887132056,100.63202125715446,131.16083669471817,266.844460861668,232.16975690789195,96.8630316969614,0.8595226246580455
0.9500000000000001,0.0,0.0,0.0,0.0,0.2223489060688737,0.0,0.0,0.0,0.0,0.0,0.756999965802185
0.9500000000000001,0.0,0.0,0.0,0.0,2.5017433531581794,0.0,0.0,3.976200788352855,0.0,0.0,0.5996263281319643
0.9500000000000001,88.13959823180417,43.06940941076213,17.7964063335423,0.0,51.80965630830065,0.0,20.850227538706363,13.268326615540412,3.053821205164063,0.0,0.6503134556817807
0.9500000000000001,188.47662917656643,154.8867348678714,140.11340172284352,57.3827361106873,75.57726219456377,0.0,85.84084101110946,0.0,88.32898133027207,0.0,0.6926939002122696
0.9500000000000001,155.84591140409535,157.47099911425275,83.36699953107498,12.188157826180552,53.95291197722592,62.40336807004443,53.62789443519443,35.58942085244721,16.25087710157407,40.46468398291943,0.6495813437221375
0.9500000000000001,534.6420886725666,318.0046087707276,256.07207367626955,59.91024823423088,227.2544859180319,39.94016548948725,113.75363588778016,57.88796137400367,128.16242976689898,18.453367599573223,0.6749216206625076
0.9500000000000001,609.9000316817117,319.4316604287321,326.39398955751875,156.2346656499727,276.8222061605577,104.43493693179994,42.609454268174375,27.013837019692254,120.30904734543354,71.01575711362395,0.7543689764892827
0.9500000000000001,481.9372881144853,453.6052172374519,353.7127611555404,263.4590508359186,277.77112787689424,0.0,160.0615962949927,125.30369490976618,149.2545177130315,27.1637380573619,0.728255502157546
0.9500000000000001,763.6095255208257,424.33370379380057,515.7629627944167,293.7204766500632,331.9487382531082,203.24692418952307,182.53994915454032,149.40878909856792,183.4956556946165,102.89773748152972,0.7667007536039919
0.9500000000000001,868.446450845653,423.9485586399784,279.78708008678666,264.9283312008217,389.4889069682725,123.61214498749555,74.60988802314311,54.69284164408372,106.5403909483018,130.25116044718203,0.7121218922267993
0.9500000000000001,1031.70291187536,598.8701909372791,552.7486714930573,385.2920778186523,257.21616613123655,168.16615551200846,295.5325053618208,110.33686574733044,164.9731272427931,117.07770320456284,0.6833471775309519
0.9500000000000001,1043.5739932215856,841.3195893295372,371.1056303717984,381.0164632303925,417.7232515955555,220.2407301909783,223.54434114384296,326.3233485662995,224.64554479479787,16.885122647975006,0.6767435008733523
0.9750000000000001,0.0,1.153959482609156,1.8001767928702834,0.4500441982175708,4.44274400804525,0.0,2.9772154651316227,0.0,0.7962320430003176,0.0,0.6639971565357352
0.9750000000000001,0.0,0.0,0.8253215875429143,0.6277093764410897,0.5463396424579855,0.0,1.5344006979671083,0.0,1.1275520280515872,0.0,0.6578361677965343
0.9750000000000001,113.29191822856272,67.29793897263315,103.98025371662604,0.0,53.753699682543456,0.0,0.0,43.172262737160885,6.913205470983279,7.618634600675451,0.7410251383843576
0.9750000000000001,155.46852630006018,127.78449294481808,95.5646575144233,46.4528695282876,77.42144921381266,47.54771830504859,64.90889176511567,0.0,76.6394143732691,78.04707708624751,0.6801452528853709
0.9750000000000001,192.32014546997183,130.1125083443765,68.36680911822859,81.30107030275833,66.05711962099113,0.0,26.33046026850696,51.27510683867145,84.68861489870658,25.868522369059463,0.7677923478743813
0.9750000000000001,447.1303303371595,318.41477968112974,231.1881249647135,37.24003310242412,152.45919592267592,157.7077911921451,148.96013240969648,138.46294187075816,12.746588511567987,33.491036481374714,0.7568352182932528
0.9750000000000001,627.6376310182919,445.3670443493793,322.4787302603839,220.75909667441456,374.1633008392008,88.24865508404368,176.22239223947662,124.53782166065976,81.37570686877547,65.9803028665747,0.6923734947121396
0.9750000000000001,569.6347588538237,412.553658685042,297.4759296236635,199.9475542441452,257.4864187748344,0.0,103.56995615524067,70.48510905009435,184.69975514351253,0.0,0.7326911868118273
0.9750000000000001,662.6938282240793,444.3911618095497,271.30619447402427,258.72908612092385,318.9195332393332,72.76755547150982,78.75665468727196,121.27925911918304,159.60949410006066,0.0,0.7103463929033211
0.9750000000000001,733.0725298746991,539.8191261483009,294.642311881742,182.80727379524137,219.98320678553415,176.04801325155177,153.6195578111272,200.0126642700876,17.205390474846247,76.8097789055636,0.7206441672448837
0.9750000000000001,799.930279687897,498.01364250102233,490.0771701105678,179.89337418363624,398.14636492113607,0.0,94.57629598624992,75.7271740589204,218.9143634367044,0.0,0.7774581978423989
0.9750000000000001,949.5989880075014,712.1084571635604,665.9902653941712,447.7459090681642,486.6013934722952,292.32397145164003,221.14943927211027,180.4782780266647,250.92653946966865,149.24863635605473,0.7092561377136692
1.0,0.0,0.5900859567651788,0.7331370977991616,0.0,0.0,0.0,0.0,0.0,0.0,0.563263867821307,0.6593657632027403
1.0,0.0,0.0,0.0,0.0,1.3193982711941306,0.0,0.0,0.0,0.0,0.0,0.7513962781190606
1.0,0.0,0.0,0.0,0.0,1.0812598638070563,0.0,0.0,0.0,0.0,0.0,0.6842951858258842
1.0,40.91905526268311,22.6131621188512,7.048258322758814,12.823914448352845,16.348043609732247,0.0,0.0,0.8810322903448518,0.0,0.0,0.7677838264515061
1.0,156.17501918193844,163.73905145000953,34.260616743616126,73.71223602414378,46.12576539941392,14.089864028759878,16.314579401721964,0.0,11.86514865579779,21.65389629683097,0.7193182338454096
1.0,391.2996839988591,319.0019619402816,246.4695070178776,98.11833707949792,243.65271265195904,26.29008074857361,104.69085726664134,65.95993473526057,29.576340842145317,6.337787323316853,0.7245823428269337
1.0,521.7690145496593,314.67929714700387,358.90158055069594,216.25775176683555,276.38927127307534,128.35248109852083,155.04763998245693,183.89998342267063,97.34295310202948,49.345596724851504,0.680413349958925
1.0,644.2470126010419,476.4471834080581,288.3606736563368,287.2014347672661,297.6345847689024,100.5639736268833,149.8316264123881,100.5639736268833,92.4493014033884,90.130823625247,0.7223461794406095
1.0,652.2301251934874,564.5174652675136,353.278671812573,222.7719459711586,296.8269252858217,201.83016903381537,216.7018656994649,124.13314155613604,53.7202104044892,0.910512040754054,0.7588320717204813
1.0,860.0231568600874,461.9643796368603,490.2608901583197,181.8607193064584,411.7301250032581,128.4470814681979,182.17865762692423,68.35673890015482,217.4698111986321,27.342695560061927,0.7386448209277179
1.0,856.6229199241751,554.3441022956521,418.6678013138728,237.4335267181137,435.62733893659527,211.8279503073368,194.20333277784093,150.6405988841814,171.25807599415768,37.909554686085386,0.6836524270718239
1.0,743.9662430012409,549.4652644388249,421.6503356692373,226.80203393081712,324.0525232120251,209.4358751306014,87.52544035308716,0.0,76.4110987209491,0.0,0.6528426139913172
1.0,1066.703996250836,813.3908468143632,568.5989348207072,472.15402012700406,396.2375410909968,204.1223696529378,202.18572477957025,250.21451763908505,273.4542561194954,161.5161824388521,0.6228825085061392
1.0,1180.1501713052735,933.8221425302114,750.929759961436,472.4719883026698,509.5447685530973,268.9836167058792,278.0458518782059,113.68985943464418,121.10441548472969,122.7520946069709,0.6944129552537467
