frequency,382.11664853624654,382.2474853620783,382.37830787761266,382.50911607888264,382.6399099619211,382.77068952276096,382.9014547574352,383.0322056619767,383.16294223241846,383.2936644647934,Max_Oxygen_LifeTime
0.2,7.221875708364439,10.416166887064096,10.693931337385804,0.0,0.0,0.0,0.0,0.0,0.0,21.80450935025417,0.45973694591830416
0.2,28.38621194994677,13.50792154859536,32.888852466145224,0.0,0.0,7.634912179640856,0.0,9.788348948257507,10.179882906187808,32.497318508214924,0.971616363897645
0.2,19.912058257566937,35.320198575922305,13.037657192454542,0.0,0.0,4.266869626621487,1.8963865007206608,10.193077441373552,0.0,26.312362697499168,0.9117780783164717
0.2,73.69840352558171,49.031999080284976,46.02390097720001,34.292318375168634,13.837251274190852,32.78826932362615,22.56073577313726,43.31661268442354,70.69030542249675,70.08868580187975,0.9391676774955388
0.2,0.0,26.65139923123163,42.46651525855589,0.0,0.0,34.26608472586924,0.0,0.0,11.12915572293189,36.90193739708995,0.8415457954533347
0.2,0.0,24.52477382861594,29.30232717185281,0.0,0.0,38.53893030211077,1.2740142248631658,40.44995163940551,25.480284497263312,68.47826458639516,0.8653322467273351
0.2,101.27235686814026,41.14189497768198,23.911528704977563,0.0,0.0,53.44929945818513,0.0,54.50421984222827,0.0,80.52558931529208,0.7316352996703497
0.2,19.366723030492864,31.76142577000829,43.76879404891388,0.0,18.979388569883007,15.106043963784431,0.0,4.648013527318287,0.0,74.3682164370926,0.6677301296999959
0.2,41.14730867251479,42.00454426985885,9.858209369456668,0.0,0.0,30.86048150438609,0.0,9.00097377211261,73.29364357291698,107.15444966800726,0.7000370427067865
0.2,105.92147093856018,75.79269698270305,3.76609674448214,49.90078186438834,19.301245815470963,52.25459232968968,0.0,33.894870700339254,31.54106023503792,99.80156372877669,0.6751327152436368
0.2,32.13025621753466,106.59084999150386,111.1808865940088,14.79011794140484,0.0,64.26051243506932,0.0,0.0,56.10044736394939,67.32053683673928,0.5234310677705861
0.2,125.06806423070203,55.649551515495865,38.43835001585797,20.65344179956548,0.0,64.8288589819694,0.0,33.84869628262119,44.74912389905853,166.94865454648755,0.6944522570889506
0.2,49.40947074680275,153.78697769942357,145.7579387030681,17.910933145715994,0.0,37.05710306010206,0.0,19.7637882987211,137.72889970671267,176.63885791981983,0.6630253734709786
0.2,158.484146174456,149.082544282751,167.88574806616103,12.759316853028238,59.767326311553326,92.67293293252088,0.0,122.22082459216524,91.3298469479916,140.35248538331064,0.79822163316433
0.2,103.650124927899,172.9935183655779,105.10998584237645,0.0,0.0,91.24130715484064,0.0,87.59165486864704,40.146175148129885,189.05198842482983,0.7036243975064377
0.2,178.283788561442,197.093546070218,130.0326714737123,0.0,27.805728491234078,87.50626319300135,71.96776785966466,175.83034192986253,85.8706321052817,272.33257610532195,0.7339582087744879
0.2,112.47623695869956,247.62913459455632,352.8488401365656,221.324208209054,76.19357987524809,114.29036981287214,50.79571991683206,161.45782402135904,206.8111453756734,219.51007535488145,0.7500676178642665
0.2,240.74832135757603,245.8273998672296,308.80797338693293,0.0,135.10348835678317,219.41619161703133,50.79078509653503,115.80299002009988,439.84819893599337,360.61457418539874,0.6612667032813783
0.2,418.9377361371809,329.9283021137005,321.6207549381757,97.3169811990052,54.59245286773462,224.3037737391705,293.137736050662,352.4773587329822,179.20566050060714,321.6207549381757,0.5525249130712094
0.2,413.9677268808594,465.7136927409669,367.2701479339332,302.9032147908728,316.78627880212105,487.169337121987,234.7499914629264,266.302409670309,267.56450639860424,330.6693428133694,0.5601010204217014
0.225,39.822566071124136,48.97717896103773,32.27001043694542,11.214400790144154,5.263902411700316,34.55866365942382,23.801993513775344,13.731919334870392,12.816458045879031,83.07811197596587,0.8247662403650454
0.225,49.55824586572305,42.9135648557937,40.14494776832314,1.6611702524823369,14.119947146099864,51.49627782695244,0.0,65.89308668179936,31.285373088417348,42.9135648557937,0.7810588398643363
0.225,57.454884229794494,26.308289094695372,30.541806880048654,0.0,20.26040654419069,37.79926594065427,2.721547147727108,20.562800671715927,0.0,92.53260302272166,0.8336496532846075
0.225,73.69840352558171,49.031999080284976,46.02390097720001,34.292318375168634,13.837251274190852,32.78826932362615,22.56073577313726,43.31661268442354,70.69030542249675,70.08868580187975,0.8326921862102807
0.225,36.330816175929925,89.79880979333623,48.66958393379292,47.29860973847481,0.0,53.81073716623584,0.0,26.733996808703157,41.47196940837284,92.54075818397246,0.6972630871582721
0.225,12.103543033706076,39.9783694143625,24.207086067412156,0.3667740313244266,20.906119785492315,68.9535178889922,9.536124814435093,0.0,77.02254657812958,88.3925415491868,0.8245197440059927
0.225,47.10783523840944,88.80985331831288,15.83132167848186,17.375840866626433,0.0,17.375840866626433,0.0,57.91946955542144,0.0,96.14631946199958,0.8684417707442
0.225,74.21617118010207,106.14156325198957,91.6300214011316,39.80308621949608,0.0,21.14538955410729,3.7315393330777575,43.94924103402692,43.12001007112075,103.65387036327104,0.7852449718092277
0.225,104.36311382218372,128.3078975129878,24.396572062328666,6.325037201344468,17.167958117934983,41.56453018026365,95.77913476321623,82.22548361747809,54.6663929544772,95.32734639169163,0.7001181046785798
0.225,69.97479258615898,33.746708481268165,72.45616820978164,0.0,0.0,68.48596721198538,0.9925502494490636,10.9180527439397,38.21318460378895,81.88539557954775,0.8729390368811302
0.225,120.88144529729662,84.2989026415358,77.40653953247941,24.388361770507213,51.42763242911304,159.05453328591662,31.2807248795636,79.52726664295831,64.15199509198636,53.54835953959193,0.9409197834843136
0.225,126.2977143470633,54.709608979833874,109.41921795966776,22.69866755546299,58.78372879748108,1.74605135042023,26.19077025630345,100.6889612075666,84.97449905378453,141.43015938403863,0.8786739544765398
0.225,144.428293904167,56.89599456830821,70.65107017822888,30.011074058008724,0.0,136.92552538966478,0.0,50.01845676334787,51.26891818243157,151.30583170912732,0.7488796733202973
0.25,1.0683970792530215,33.47644181659467,16.91628708817284,3.205191237759065,0.0,19.40921360642989,0.0,16.560154728421832,24.038934283192983,37.571963953731256,0.8907084191471129
0.25,63.29182122129297,52.4911691357481,47.30685613468656,12.960782502653853,1.5120912919762826,42.770582258757706,2.3761434588198727,22.249343296222445,5.184313001061541,46.65881700955386,0.9102083319707164
0.25,64.66732627429393,34.43666561761181,42.84867553947119,5.2575062011621085,18.138396394009277,48.106181740633296,10.252137092266112,32.85941375726318,46.26605457022656,73.0793361961533,0.9443221441693939
0.25,43.577445706760905,36.850725899677,23.397286285509207,30.124006092593103,26.029480992628997,27.784277464042184,24.567150599784668,8.189050199928223,47.96443688529388,82.76790023498883,0.843301338754155
0.25,62.22911059881544,60.91902405989301,53.71354809581965,2.9476947125754687,0.0,50.76585338324418,0.0,37.00994472455866,52.73098319162782,90.7234928203783,0.8709211639441403
0.25,27.228985642217648,75.82755495301117,37.56910677217372,47.56455719779791,18.267547329589053,91.33773664794526,18.612218033920925,0.0,8.616767608296724,97.19713862158704,0.8162583665516217
0.25,47.788094357398826,87.85657347244863,73.52014516522897,5.881611613218318,22.79124500122098,54.77250814809559,0.0,15.80683121052423,44.11208709913738,133.4390634748906,0.8839646218926953
0.25,46.654132256823175,66.53284947929566,86.41156670176814,27.992479354093906,14.199083730337488,58.41908734767424,0.0,24.341286394864262,12.576331304013204,104.26184339133528,0.8620823431292292
0.25,30.432238399890053,56.95176043407996,175.6374901936512,47.82208891411294,28.693253348467767,74.34161094830286,0.0,78.254327314003,56.95176043407996,154.33492331372813,0.920458161603352
0.25,113.41784163415666,125.65379135402418,107.77048022498704,29.648647398140536,0.0,64.47404275468656,2.353067253820677,85.65164803907265,82.82796733448784,167.0677750212681,0.8298172285604452
0.25,169.348465630814,42.58470188377194,40.10884712308752,13.864786659832724,19.80683808547532,40.10884712308752,0.0,40.60401807522441,0.0,109.92795137438804,0.8914172453042928
0.25,120.65062437522828,94.491860683254,73.13776787347909,18.15097888830868,6.940080163176848,133.9969323813376,0.0,80.07784803665594,44.30974258028295,171.36659479844369,0.8738477512417712
0.25,110.65366801866996,81.83760863880799,114.68791633185064,0.0,76.0743967628356,117.56952226983682,81.26128745121076,67.42957894887701,79.53232388841903,208.6282699102007,0.9391192474088602
0.25,134.025048547316,63.35729567691303,120.01333892646024,84.07025772513458,52.39160988667808,80.4150291283896,49.95479082218142,19.49455251597324,154.1288058294134,249.16474934478293,0.9311141893419929
0.25,190.10692517524868,183.36554484988525,159.0965756785769,41.79655801725325,0.0,92.35691045747896,45.84138621247131,31.01034949667177,104.49139504313314,197.5224435331484,0.8825515117549522
0.25,101.88129378561288,147.47851617917388,184.52625937394225,38.4726563945671,14.249131997987812,129.6671011816891,9.26193579869208,97.60655418621654,84.7823353880275,200.9127611716282,0.9153880401320287
0.25,92.75479235304113,161.57286409884583,124.17173815003892,110.70733280846844,23.93672060723642,145.1163686813708,33.661013353926215,97.24292746689794,127.16382822594348,252.83161141393467,0.8366406301068983
0.25,111.79498604765767,208.6314880466851,259.0179606315449,33.85341126795267,19.682215853460857,136.20093370594913,173.20349951045554,163.75603590079433,18.107638585183988,190.5238494615011,0.7023520808996986
0.25,129.51742230092253,146.3378667555878,101.76368895072488,110.17391117805748,74.00995560052716,180.8197778876516,5.04613333639958,181.66080011038488,84.10222227332633,270.8091557201108,0.755610973873429
0.275,21.87713131726361,48.65775758494839,49.97792930236945,0.0,27.15781818694793,28.66658586400059,10.56137373936864,33.94727273368492,10.56137373936864,34.32446465294808,0.7349682530279553
0.275,58.84501643957728,32.742557785445726,40.29853265901012,25.873489718569,27.934210138632015,31.82668204319549,18.088545909442043,0.0,22.43895568513064,92.7324189028358,0.7725901930008846
0.275,78.98524624138265,45.28487451172605,72.66642654207203,18.166606635518008,18.693174943793892,66.34760684276142,28.17140449275981,22.642437255863022,30.540961880001287,81.61808778276206,0.7802447031227839
0.275,33.2522683320496,40.97154490913254,83.42756608308872,15.438553154165884,60.56663160480462,42.75291642692092,10.094438600800771,2.3751620237178286,50.472193004003856,48.09703098028603,0.7744336608163489
0.275,15.69956998715685,82.84028418755103,74.15541568401747,17.703770411049213,24.718471894672486,42.4222423057217,11.023102331408,28.726872742457218,49.10291038536291,104.55245544638498,0.8173128926325012
0.275,64.42239679501107,70.86463647451217,0.0,70.86463647451217,8.589652906001476,70.86463647451217,37.57973146375646,35.07441603283936,16.105599198752767,65.85400561267798,0.7840962965634557
0.275,58.2331831460847,106.05381036538604,64.7892368777631,18.89686075601424,2.313901317062968,50.5201787558748,12.726457243846324,10.79820614629385,99.49775663370764,133.04932573112066,0.80167380927598
0.275,112.13329032632,56.267600880590685,59.88480379434294,8.842051566949964,43.4064349650271,58.27715805489749,19.291748873345377,54.65995514114524,30.947180484324875,111.73137889145865,0.7916037598162216
0.275,81.36047412307134,78.80464771082826,99.67723007748008,14.908987404751294,60.06192068771236,77.10076343599955,12.779132061215396,4.685681755778978,100.10320114618726,197.65057588013144,0.766825166377979
0.275,85.79010525044511,70.3197584020042,48.28623410270954,2.812790336080168,36.09747597969548,112.04281505386,38.91026631577566,35.1598792010021,57.66220188964344,161.26664593526294,0.8298172285604452
0.275,79.485224976941,136.5390367702054,83.38634031323258,117.03346008874747,29.74600443922332,78.02230672583165,0.0,102.8919169946905,104.35483524579983,121.90985425911197,0.8419934897076728
0.275,117.24209653575012,106.39591139367631,79.0222060351091,39.76934552093726,26.857220351801782,89.3519061704175,17.044005223258825,14.461580189431732,66.62656587273905,147.71471193490984,0.7573560230931569
0.275,97.1881112078338,92.2463428413338,95.54085508566712,8.236280610833374,68.08658638288922,84.01006223050041,0.0,0.0,79.61737923805593,136.17317276577845,0.8159663184531726
0.275,128.8534989252873,152.07034557849224,129.43392009161744,89.38485961483894,83.58064795153773,195.60193305325143,0.0,94.60865011181006,63.26590712998342,190.3781425562804,0.8465959102028908
0.275,173.72124827669475,112.0376166422162,122.10841364376373,88.74889857613755,39.65376319359337,123.36726326895716,54.75995869591466,95.04314670210476,92.52544745171788,183.79204527824228,0.8661823154686811
0.275,210.50441169204743,107.91681865225216,87.9322226055388,92.59529501643858,144.55524473789333,241.1474589636746,15.32152363581358,96.59221422578123,53.292256124568965,210.50441169204743,0.8753687785904483
0.275,93.23466568761576,80.01482503041652,192.0355800729996,66.09920328599624,91.84310351317372,142.63512288030768,0.0,75.14435741986942,0.0,271.35462401619515,0.8164756490907241
0.275,57.83130618136992,163.97737448894762,115.66261236273984,134.6957004730641,0.0,135.4277423234612,83.45277094526797,115.66261236273984,86.38093834685633,257.6787313397748,0.8361569321063043
0.275,198.2788057181436,145.35179383322077,123.23304259773066,182.47969769279348,65.56629830520286,110.5937561774506,139.82210602434824,8.689509413942547,83.73527253435545,149.3015708395583,0.7819711433974208
0.275,129.99223718413123,239.416082408748,155.49704321392912,88.85545326510235,98.72828140566928,293.71663718186613,25.504806029797894,67.46432562720734,26.32754170817848,238.5933467303674,0.8320106428086772
0.275,70.27836869414803,217.776179533718,257.6873518785428,103.24846758769895,70.27836869414803,185.67371482157628,9.543975995501585,180.46790973312088,0.0,259.42262024136124,0.8289673586522995
0.275,165.74089126574663,125.89062232753432,277.1405067066583,120.45649474505085,9.962567234553076,101.4370482063586,0.0,28.0763258428314,36.22751721655664,268.08362740251914,0.8365105221819555
0.275,164.77868903143275,6.6673457989597065,150.49151946223338,79.05567161623652,142.87169569199372,243.83436064766929,0.0,107.63001075463526,32.38425102351857,260.02648615942854,0.773445122916722
0.30000000000000004,34.358608691927536,23.762028441146143,31.78974075234417,1.2844339697916836,19.58761803932317,12.041568466797036,2.408313693359407,4.816627386718814,45.91851442005269,62.13449328867269,0.7407217240849905
0.30000000000000004,27.02750625079544,32.773511516712574,29.368471359132045,28.730026329585694,35.114476625049186,41.07329690081511,34.68884660535162,16.59957076820507,27.453136270493,81.50814877208387,0.867026873689901
0.30000000000000004,46.80799738973454,36.294971238029454,44.55520607151202,16.7707798134343,15.769539227557624,79.59862657719563,2.5031014646916865,28.535356697485224,49.81171914736456,53.81668149087126,0.8479892845776956
0.30000000000000004,50.44382337452132,75.66573506178197,50.16043110837232,40.808486325455455,28.339226614899616,32.59011060713456,40.52509405930645,40.24170179315746,39.10813272856147,118.4579672502804,0.8758760872989872
0.30000000000000004,16.780342258463467,87.52100079904474,30.27042132899292,48.6958951814234,5.593447419487823,37.17997402365435,8.883710607421836,17.767421214843672,15.793263302083265,91.46931662456556,0.797632544766235
0.30000000000000004,107.638496692489,20.94977452404148,48.04000020168132,53.0968423281741,47.67879719264613,85.60511314134192,32.86947382220301,61.40451153598365,60.32090250887805,96.08000040336265,0.7840962965634557
0.30000000000000004,63.15004426180879,62.022364899990784,131.56259221210163,77.43398284483698,63.15004426180879,27.06430468363234,22.553587236360283,72.1714791563529,56.75986121150672,126.30008852361756,0.8105519957228438
0.30000000000000004,117.08204278690911,86.37870988824415,128.54462040241071,41.75653274218437,28.65644403875398,119.1289316468201,24.15328854694978,74.09737672877814,38.89088833830897,199.36697495533127,0.77806321886658
0.30000000000000004,77.95113635159188,116.9267045273878,85.31318811813111,71.45520832229255,6.062866160679368,82.28175503779143,23.81840277409752,106.53321968050888,0.0,95.70667296501004,0.6703456165782044
0.30000000000000004,29.44269772521286,63.94585912194668,101.2092734304192,23.462149749778995,35.88328785260317,72.68666000911925,63.94585912194668,82.80758735216116,109.02999001367888,177.1162285032336,0.7814791732500574
0.30000000000000004,34.31352158781359,84.0922923419657,88.4418936699984,105.84029898212924,44.46259135322324,104.87372090923309,0.0,0.0,62.82757473825022,185.58298999606225,0.804430205528871
0.30000000000000004,30.056640108017422,126.96339355972876,79.28734373321838,25.39267871194576,0.0,54.41288295416948,49.748921558097805,117.1172528346886,136.2913163518721,171.0119178559612,0.8523502692667881
0.30000000000000004,117.24521028557844,128.41142078896686,98.26265242981812,16.191005229913213,137.902699716847,115.57027871007016,99.9375840053264,54.71443146660327,21.774110481607423,160.23512072362388,0.8192687141174579
0.30000000000000004,128.1817961317153,137.95350256328103,64.95310745687816,85.6461328413703,50.58295093986971,136.80389004192037,17.24418782041013,20.69302538449216,83.92171405932929,194.2845161099541,0.7077329333746215
0.30000000000000004,74.0488886406564,139.45874027323623,64.17570348856887,61.09033312854152,119.0952958970557,182.6539253136191,72.81474049664546,98.73185152087518,88.85866636878768,200.54907340177772,0.7396000724320938
0.30000000000000004,107.652169054351,152.39915498658124,142.67154934913987,27.237295784835798,101.1670986293901,121.2708169467689,23.994760572355343,136.18647892417897,153.69616907157342,220.49239444867072,0.8241658209092182
0.30000000000000004,159.32905892629478,179.0749679385279,145.03029722778115,53.10968630876493,61.96130069355908,188.60747573753696,11.575188041653895,89.8779306763714,166.81888648265905,202.22534402183567,0.8088869096929134
0.30000000000000004,132.28779558531394,214.24871241534544,115.7518211371497,125.09824147741648,47.45105711212348,148.10481462268845,61.83016532791848,153.85645790900645,138.7583942824217,296.92858465616666,0.7500953902929088
0.30000000000000004,154.10642745402052,195.30319518925373,164.78707094093284,47.29999258489738,86.20805100150653,145.71449328573226,22.124190080032648,59.50644228422574,38.90805841660914,258.62415300451954,0.8399572348441947
0.30000000000000004,182.8980206838287,182.8980206838287,255.57802016954224,152.54813078869554,70.28395554662413,134.9771419020395,19.16835151271567,83.06285655510123,59.10241716420665,250.78593229136337,0.7962337857581046
0.30000000000000004,276.7477937087924,172.86348676104748,171.20133784988357,89.75604120285158,0.0,81.445296647032,34.90512713444228,34.90512713444228,166.2148911163918,217.74150736247327,0.8213576247342389
0.30000000000000004,247.5306242257772,185.42930154015812,105.83464852056196,210.7946305244251,74.34665391940304,118.079979754346,15.743997300579467,145.19464177201064,190.6773006403513,241.40795860888517,0.7957711616736298
0.30000000000000004,276.0352555585168,257.8750413770354,339.5960051937016,0.0,127.12149927036955,177.97009897851743,50.84859970814783,220.64660230499865,233.3587522320356,299.6435339944426,0.8035843122847343
0.30000000000000004,261.57822212128866,209.64725155309165,144.25269602276947,18.27200816288413,85.58993297350989,184.6434509091449,111.55541825760838,102.90025649624222,156.75459634474282,301.9689770076641,0.7433503506397324
0.30000000000000004,231.47604903586247,152.9577416536536,193.74647276129457,149.89858682058053,86.67605360373705,332.42815852727387,0.0,180.49013515131128,209.04224692665997,307.9549198626893,0.7786844305942255
0.30000000000000004,261.74645433639864,274.4628812677217,213.00015109966048,170.61206132858374,166.37325235147608,252.2091341379064,83.7164772978765,125.04486482467628,235.2538982294757,359.23906080987507,0.8174794864497246
0.30000000000000004,243.89892285260984,228.51790969974255,282.3514557347781,92.28607891720372,132.9358993926387,255.984004615577,34.057957695634705,191.16402061420771,162.5992819017399,428.4710806870173,0.8171196267616777
0.325,51.570601082008125,38.19392639862036,50.866565572356144,20.06501202508166,11.26456815443181,27.633393753840533,3.52017754825994,22.88115406368961,18.48093212836469,44.00221935324925,0.6904838691894314
0.325,38.38760843542487,51.85341872429118,27.735549550202258,28.33849627955448,13.666792531983722,50.84850750870414,28.33849627955448,10.4510766421052,10.853041128340015,65.5202112562749,0.7902560967884147
0.325,59.0681092506174,35.26119069333434,24.70529284246355,0.0,0.0,31.892287123907497,26.502041412824536,19.53964070267572,30.09553855354651,80.17990495235898,0.7698843571903901
0.325,63.98030693207565,74.68830809225567,56.217006090945134,46.04440498877411,35.60410385759858,36.67490397361659,37.745704089634586,24.36070263940956,39.08420423465709,68.79890745415666,0.8540364758011214
0.325,55.19804505192143,48.29828942043125,88.38258404146944,46.326930668576914,22.01350606237343,74.9116325704648,13.470951471004636,0.0,72.28315423465902,96.92513863283824,0.911080856110562
0.325,73.79045492709886,18.809331648084022,75.23732659233609,26.405407890579493,19.17104956439333,91.87635074256428,0.7234358326186163,47.02332912021006,110.68568239064828,114.66457947005068,0.8393893428768292
0.325,59.18815066261395,135.17293867542915,88.78222599392093,49.190152239875104,70.38590889608146,143.17133741362025,22.79543640384456,25.194956025301884,87.18254624628271,110.37790258703684,0.853862127489083
0.325,112.26317809525676,84.83044660581432,74.70143805586633,0.0,116.48359832440173,113.52930416400024,1.6881680916579962,50.645042749739886,96.64762324742028,75.96756412460984,0.7881536447098433
0.325,92.84627719359426,119.11498000934289,96.46954654749062,28.080337492696803,81.52356046266814,131.79642274798016,34.87396753125248,31.703606846593164,89.2230078396979,104.1689939245204,0.8422857745123126
0.325,105.92582569246544,131.34802385865714,114.87067319538475,54.1398664650379,12.240317635573785,107.80895148255372,81.44519042131788,88.97769358167098,90.86081937175923,182.19242019104055,0.8507270960130764
0.325,126.17933816001894,171.09918254498567,33.81606262688508,34.82549733216523,52.99532202720796,62.08023437472932,29.77832380576447,99.42931847009493,156.96709667106356,167.56616107650515,0.7855066817485893
0.325,104.94078099856488,142.26507939496167,103.31798541611283,56.25691352500386,64.91182329808137,73.02580121034156,56.797845385821205,124.95525984880663,83.30350656587109,130.90551031779745,0.7770964449164884
0.325,82.39622754959201,119.07947954084877,52.48526823364424,22.57430891769644,0.0,110.04975597377016,111.17847141965498,72.23778853662863,60.9506340777804,257.91147938468185,0.7981384129485255
0.325,170.6229420116776,205.6067826399712,32.528834268413355,112.3165409645216,96.97275121527,173.69169996152797,0.0,147.3003815928152,144.84537523293494,185.9667317609292,0.786338007417429
0.325,172.01273346624816,167.38162141138767,176.64384552110872,80.71366724185492,35.064134129658285,166.720033974979,51.603820039874456,140.91812395504178,49.619057730648514,191.19876912209892,0.8731201779845464
0.325,107.88088239764528,177.4356618382324,186.66231625382048,103.62242651352771,31.2286764835289,238.4735295105843,47.55275737264628,64.58658090911659,161.111580949115,221.439705974114,0.8598952948851466
0.325,173.00385519042828,161.17453175860413,134.55855403699977,51.753290014230686,70.23660787645592,187.05117676571948,24.397979578137324,101.28858188499436,194.4445039106096,283.16442964929075,0.7899872613901785
0.325,212.9197291008593,148.42214692797126,281.3027077901864,98.68907151755155,73.82253381234172,190.38442930551284,90.9182784846735,221.4676014370252,134.43471946879072,225.35299795346415,0.9136288311130605
0.325,165.53235032097845,195.32817337875457,99.31941019258709,31.451146560985904,0.0,192.017526372335,104.28538070221644,153.11742404690506,81.93851340888433,205.2601143980133,0.8563762312848724
0.325,246.47896384999345,263.89797189592935,118.44925471236434,102.77214747102198,169.83532844787533,202.9314437351536,32.22516488498147,134.99731235600345,148.9325187927522,298.7359879878012,1.0
0.325,278.07637077479575,134.85308950617184,198.09453837803176,192.5144105363971,0.0,207.3947514474229,122.76281251596336,143.2232812686239,117.18268467432866,198.09453837803176,0.8517081958335102
0.325,248.81239738137327,164.5688297640579,186.11950985220832,201.7927317344996,184.16035711692197,175.34416980813313,12.734492779361624,132.24280963183224,93.05975492610416,417.299532616004,0.8584751997628941
0.35000000000000003,12.62962335658384,39.5260434678272,39.759925381838016,35.5500509296434,32.50958604750284,28.767475423329856,36.485578585686646,40.22768920985964,24.323719057124432,85.83466244196795,0.8523549816245227
0.35000000000000003,57.25023185641526,49.89699106751788,63.02777819054891,19.95879642700715,45.69513918814796,51.21006977982099,20.484027911928397,31.251273352813836,58.82592631117898,77.99687551080427,0.7463067162827757
0.35000000000000003,35.876898371166206,74.106380242081,56.1679310564979,21.467324435206,21.76139737267458,71.45972380486383,13.527355123554468,57.93236868130936,52.050909931937845,86.75151655322975,0.6192042971891081
0.35000000000000003,38.81913717954757,99.23924585416596,73.25546854850106,42.5758278743425,18.15733835817548,67.62043250630867,45.08028833753912,29.11435288466068,55.724245306124736,113.63989351754653,0.5540864987958815
0.35000000000000003,67.67026080462311,96.2731545467834,40.462630171836494,40.11381439449308,48.48539305073511,102.2030227616215,0.0,21.97539397263534,30.346972628877374,104.64473320302544,0.7302500020489329
0.35000000000000003,103.80440021073356,104.90870234063496,69.57103418378951,0.0,79.14165264293516,93.12947962168649,33.8652653169769,38.28247383658258,83.55886116254084,107.48540731040494,0.6804298684094228
0.35000000000000003,110.29859033872222,80.1116077197035,108.36352735032358,77.01550693826569,67.34019199627251,79.33758252434404,62.309028226436055,78.95056992666431,61.535003031076606,65.40512900787387,0.8338688810904584
0.35000000000000003,86.03743395227136,77.39252432070343,55.16275669667159,11.526546175423915,36.63795034331173,52.28112015281561,0.8233247268159939,60.514367420975546,77.39252432070343,148.6101131902869,0.7947853517880402
0.35000000000000003,94.41240693755776,103.1542964688131,54.636809570345925,93.975312460995,19.232156968761764,96.16078484380884,0.8741889531255349,57.69647090628529,33.65627469533309,151.23468889071754,0.872504444314464
0.35000000000000003,92.56046209297372,117.3367474006889,68.25165386653617,43.94284564009864,62.17445180992679,92.09298501169609,85.54830587380904,43.94284564009864,112.66197658791246,157.07229930928872,0.8146116015808736
0.35000000000000003,107.3653085422779,104.38293886054797,115.3182943602244,131.22426599611742,47.22085329405741,194.84815253968955,74.06218042962689,119.79184888281934,149.1184840864971,176.45687283568822,0.8459107878036762
0.35000000000000003,74.73487977217566,111.56849908846225,124.38019276369234,78.47162376078444,25.089566780658973,95.02006142462334,36.29979874648532,98.22298484343086,120.64344877508356,182.5666348720291,0.8494062754673287
0.35000000000000003,145.32310696283884,172.16994600015042,123.7289103458708,53.11005113902945,0.0,111.47274469840248,61.28082823734168,76.45512856277865,143.57222615605764,141.82134534927647,0.794213019500791
0.35000000000000003,144.26067171938445,160.2214268883376,85.94252783282477,40.51576312118882,85.32865263401888,193.37068762385576,78.57602544715408,98.83390700774848,38.67413752477115,192.142937226244,0.9166130334041646
0.35000000000000003,252.23734589050028,192.44266171482312,117.52748269012412,140.89552018406692,114.09100658807372,201.37749958015416,47.423370208295694,212.3742231067155,91.41026431454098,227.49471795573731,0.8443615931248561
0.35000000000000003,130.07040262226846,269.1111778391761,133.0605268204815,41.11420772542968,103.90681588790407,76.99569810398648,47.09445612185581,102.41175378879755,56.06482871649502,195.8531349829559,0.5672028010280062
0.35000000000000003,205.6534911241698,112.8293472704589,209.65453180751936,179.24662261406235,97.6253926737304,231.26015149760727,65.61706720693354,196.0509934841307,35.20915801347653,356.092620818115,0.5053471891170971
0.35000000000000003,160.5530777697981,212.92600688187127,149.39163386066775,43.787203028126754,98.73584996538386,218.07744253223916,39.49433998615354,98.73584996538386,77.2715347555178,247.26891121765695,0.582362436670972
0.35000000000000003,242.6180049726423,251.4583371376374,269.1390014676275,164.0372746171306,236.72445019597896,372.2762100592366,148.32112854602832,255.38737365541292,319.2342170692662,455.7682360619677,0.6153543183338227
0.35000000000000003,325.44208085557057,324.3854507229226,295.8564371414278,201.81635533575968,181.74038281544853,278.9503550190605,91.92682154037222,175.40060201956078,342.3481629779379,325.44208085557057,0.6006659417228113
0.35000000000000003,387.05156369618464,401.5520545551195,215.27651813649464,269.93221445094144,168.42877843839736,250.9700340969497,140.54321909429183,287.778972431169,248.73918934942125,432.7838810205177,0.6004280235961192
0.35000000000000003,364.2938959832757,548.2684053260002,427.64935615428016,281.4444480673468,282.66282230140456,488.5680678571691,129.1476688101245,325.3059204934268,261.9504603224223,594.5666262201959,0.5690224900158267
0.375,66.29730877612216,29.005072589553443,45.32042592117725,6.992294284981634,28.48712486473999,59.56398835354725,9.582032909048904,41.694791847483074,45.57939978358398,62.41270084002125,0.45973694591830416
0.375,67.58477112036401,42.13076641269445,71.09566832142188,64.07387391930612,17.26191123853453,96.84224779584626,19.89508413932793,41.25304211242997,59.68525241798379,134.8769674739732,0.5843958185975948
0.375,75.21708843087355,77.42935573766394,67.63217195044932,16.750023894270157,44.877422509176654,55.30668266975996,21.490596694535306,52.77837717628522,76.79727936429526,89.43880683166897,0.5565096326650063
0.375,65.4109258878004,101.63310527728127,44.66229885887447,19.341940450693667,32.7054629439002,103.74313514462966,21.100298673484,63.65256766501007,83.69785140481986,114.64495612592972,0.45284481909635943
0.375,95.67958517221308,53.07226990021194,127.8219458160034,44.10230879031697,0.0,79.98215322989687,34.01110254168512,55.68850855726465,79.60840485031791,104.64954628210803,0.5545697635220345
0.375,99.3452254759736,49.26546017456068,131.10312542321105,41.93671403289049,72.06600372642346,69.21593578244061,57.001358879656976,67.99447809216225,28.500679439828488,103.4167511102348,0.47333689335885143
0.375,37.98604495414656,105.516791539296,93.27684372073766,27.434365800216955,37.98604495414656,84.83550039759398,0.0,48.95979127423334,107.62712737008192,196.26123226309053,0.6010148331222689
0.375,82.50677428853368,121.88500747169748,177.67083781451285,77.35010089550033,68.91190807053665,113.44681464673384,30.002463377648613,123.29137294252476,98.91437144818528,162.20081763541282,0.45973694591830416
0.375,172.31603944970584,106.2289220471198,123.36261915149396,42.589475659444346,82.24174610099597,90.07429334870989,0.0,141.47538466183238,164.97302640497406,141.96491886481448,0.5700746016935583
0.375,171.53480177252044,163.61781092148104,144.0892334889172,39.58495425519703,30.08456523394974,155.17302068037233,32.723562184296206,85.50350119122557,126.67185361663049,157.28421824064952,0.5375525654655853
0.375,222.2108969219805,221.06252019370157,88.42500807748061,43.63831567460082,0.0,128.04400520310506,50.52857604427464,90.14757316989908,68.90260369673814,198.09498562812217,0.5236081754723285
0.375,197.6748192366053,90.95467142788586,70.33827923756506,85.4973911422127,76.40192399942411,126.7301755228543,48.50915809487245,90.95467142788586,39.41369095208387,214.0466600936247,0.6013944016440795
0.375,113.23227480906938,182.3566286169315,42.79126664296226,122.44885531678432,25.016432806654866,211.98135167744385,53.98282868804471,169.8484122136041,65.17439073312714,221.85625936428127,0.5569846167761031
0.375,245.6236815179334,178.25261458730026,192.99003547837623,106.6708559735025,90.52987118803831,258.9575385146212,11.930293102299624,75.09066834976821,115.09223933983166,211.23636610542275,0.6178536516632939
0.375,169.42495415645146,139.03482785036152,244.64051676402408,157.2689036340155,175.50297941766948,223.36742834976116,190.69804257071445,70.65704366165913,121.5605052243598,161.06766942227674,0.6236118095029126
0.375,198.37946740008292,198.37946740008292,239.05140841516277,133.6363776209764,68.89328784186982,147.7470510343714,175.1383582486088,114.54546653226546,131.97629839587108,305.4545774193746,0.6901408819186805
0.375,256.46628491026866,242.87266556873496,276.4035932778513,128.6862630998521,38.062134156294285,315.37196872358123,74.31178573371741,88.81164636468667,153.1547779146127,238.34145912155705,0.7005711035186568
0.4,68.78644666733693,30.3698651323714,43.86758296898091,25.43800669207177,53.212156855864414,61.25887325845855,60.7397302647428,40.49315350982853,59.44187278045342,80.72673552279919,0.9743644205180163
0.4,46.01295122974226,74.21443746732622,54.3249682260828,45.12237798013434,70.05842896915595,85.19817421249051,40.07579623235616,15.139745243334549,94.99447995817756,110.43108295138144,0.7248558477265435
0.4,68.11737293075764,86.81625961763228,108.1864158312033,96.8335203427437,17.36325192352646,73.4599119841504,9.349443343437324,42.07249504546795,79.1363597283802,138.90601538821167,0.8291139271257634
0.4,68.79652491808481,80.38330806218332,51.77843717519016,4.345043679036936,31.863653646270865,64.0893942657948,5.43130459879617,80.74539503543639,57.20974177398632,119.48870117351574,0.8373113939085657
0.4,90.02607998116869,90.42093120915628,108.58408769658504,30.40354455504381,0.0,72.65262594971509,39.4851227987582,58.83283297014972,86.47241892928045,147.67435926735567,0.9038360119441948
0.4,60.43445500752553,119.20175263553313,105.86449359938956,56.68335090361016,74.60529273342807,90.86007718372804,77.10602880270498,77.10602880270498,53.34903614457426,93.77760259788444,0.8914680187822625
0.4,75.03960647038396,77.73564023578697,68.29952205687641,62.00877660426937,45.83257401185128,79.98233504028948,45.83257401185128,58.86340387796586,53.47133634715983,145.13648437086238,0.8359040809206278
0.4,123.11873950759023,106.0189145759805,66.44503401996934,21.985489197783973,21.496922771166552,105.53034814936308,73.28496399261324,104.0646488695108,40.551013409246,236.4661504828321,0.8708120897313306
0.4,103.92525996601664,159.45395279099617,136.01982554375712,20.377501954120916,0.0,94.75538408666226,52.98150508071438,121.75557417587248,106.9818852591348,207.34108238318032,0.8537678237425901
0.4,116.3226206392267,144.72063131171396,132.70608833489243,45.873709547864046,4.91504030869972,224.45350743062053,53.51932780584139,59.526599294252165,80.82510729861761,256.12821164224096,0.8770497712764139
0.4,127.62025765915854,222.87748347173616,97.69971878213092,42.74362696718229,9.159348635824776,141.66459223408984,40.30113399762901,25.035552937921054,117.85028578094544,211.88626510874647,0.8785762174611224
0.4,99.2296448030726,120.12009634056156,178.22166467920275,90.09007225542116,6.528266105465302,116.20313667728236,84.86745937104892,143.62185432023665,148.19164059406236,239.5873660705766,0.8372462050235656
0.4,72.62759340137406,244.677426313367,108.5888289690447,76.8583269975706,97.30687271252056,76.8583269975706,14.807567586687911,187.5625227647136,155.12689852720672,246.08767084543248,0.8939331446856179
0.4,27.13293325635104,140.18682182448035,125.86666260585062,133.40358851039258,82.90618494996149,170.33452544264816,70.09341091224017,103.25588489222478,91.19680344495764,258.51655852578904,0.8182358075795448
0.4,105.55654161981788,161.15502537376778,208.6957578590293,62.85045989576943,146.65107309012868,151.4857238513417,70.90821116445782,194.1918055753902,132.95289593335843,232.8690116650945,0.8137164261077712
0.4,287.4123783598816,264.0384801197706,294.33797783843283,101.28689237381366,159.2887880066813,128.12359035320017,251.0529810974868,136.7805897013894,273.5611794027788,322.0403757526383,0.7949590313398263
0.4,187.05117378637848,213.10805371681923,265.2218135777008,134.0068110708383,87.47666833790834,237.3037279379428,48.39134844224717,169.36971954786506,109.81113684971471,354.5596876249263,0.7857342037393725
0.42500000000000004,56.31866581595372,40.84371710075922,55.05022739667548,14.713885663627543,32.472023533522865,73.82311600199338,19.78763934074049,54.28916434510853,22.578203863152616,90.31281545261048,0.8050210241815935
0.42500000000000004,83.31153031110988,78.75068011159657,52.60180563438689,0.0,17.635287438118144,44.69633195523048,2.12839675977288,66.28435623292684,40.74359511565227,73.27765987218058,0.7768435192056238
0.42500000000000004,82.40811055643763,113.67759124188431,124.7521989846467,38.43540334252823,27.68651935690593,44.94987848532962,0.0,76.54508292791638,99.34574592772124,141.03838684165018,0.7826324058125824
0.42500000000000004,88.85359605322128,94.5630640727054,94.20622232148764,37.11154212664664,39.96627613638869,100.62937384340724,37.11154212664664,101.69989909706052,94.91990582392314,124.89461292621463,0.8461608306977746
0.42500000000000004,88.93688632657421,136.3698923674138,60.08180765173013,42.29443038641529,61.662907853091454,114.23448954835531,28.45980362450375,40.31805513471364,60.87235775241079,83.00776057146928,0.7824619773550663
0.42500000000000004,68.03309864758207,121.69895907145116,89.16139015304235,2.9579608107644377,42.67914884102974,69.72336196801889,26.19908146677073,88.31625849282393,29.15704227753517,173.6745561748834,0.9110407803032047
0.42500000000000004,144.93284718321806,75.38302887548184,93.3313690839299,22.88413376577127,18.39704871365926,138.65092811026125,39.03763995337453,127.4332154799812,99.61328815688672,154.8044342978645,0.7947839548334689
0.42500000000000004,54.00195219182825,56.84416020192448,97.10877367828763,70.10779758237352,73.89740826250183,17.52694939559338,79.10812294767823,118.42533375400932,37.89610680128298,193.27014468654323,0.852644416160131
0.42500000000000004,52.88869958242127,130.69611339117563,108.8286702945976,51.363064017543735,51.363064017543735,160.70027950043385,62.04251297168649,32.03834686242827,105.26885397655002,154.0891920526312,0.7565355482554537
0.42500000000000004,156.64522295113483,176.6309927759348,179.33177248198885,103.16978477126466,16.204678236324295,239.28908195638877,36.19044806112426,46.99356688534046,107.49103230095116,220.9237799552212,0.8616430387169728
0.42500000000000004,99.29846147233395,161.79808134021474,175.81668766572074,127.91978272024198,11.682171937921645,88.20039813130842,37.38295020134926,91.12094111578882,49.64923073616698,153.0364523867735,0.8594104259235139
0.42500000000000004,101.2986504408342,69.44372891855929,140.79875312845505,21.66134663514693,82.18569752746924,171.37947778983897,59.88725246187681,94.29056770593373,171.37947778983897,176.47626523340293,0.8319714442634475
0.42500000000000004,177.14777264711785,211.3461843550556,136.10967859759245,125.85015508521111,94.38761631390834,136.10967859759245,64.29301401092307,90.96777514311457,95.75555278222583,251.01634193626347,0.8606791711072438
0.42500000000000004,135.30800397038735,150.58471409607623,132.39815442263708,90.9327983671958,137.49039113120006,136.03546635732494,0.0,77.11101301538204,103.29965894513444,337.5425475390308,0.8722505059127653
0.42500000000000004,162.5680002096037,175.91899539589966,120.1589566766636,140.57812578511624,171.20687944779522,142.93418375916846,88.74485035596724,89.53020301398465,151.57306299735995,237.961855379275,0.8111144096326467
0.42500000000000004,133.38551865947971,182.88077401111056,178.6862608457181,178.6862608457181,116.60746599790994,133.38551865947971,140.0967397241076,110.73514756636052,156.0358897525989,237.40944516121235,0.8369905623372914
0.42500000000000004,151.5691007052523,131.72076608908833,312.1601716905792,95.63288496879017,10.826364336089451,221.9404688898337,109.16584038890196,64.95818601653671,172.31963234942376,310.3557776345643,0.9003047343044643
0.42500000000000004,200.81917926060095,354.61728240164666,224.32971732037868,131.2671708337587,159.67573765599005,152.8184973885549,111.67505578394396,217.4724770529435,220.4112943104157,427.10810808596113,0.8910419476384728
0.42500000000000004,178.5304753540004,422.4529271458032,188.91015415365155,293.7449100301285,205.51764023309343,390.27592286688457,92.37914131689556,180.60641111393065,346.6812719083496,391.3138907468497,0.8319100900187415
0.42500000000000004,344.55399093601045,309.0683639625343,398.3547802183776,297.6213875194774,208.3349712636342,373.1714320436525,165.98115842432395,225.50543592821944,123.62734558501371,513.9692422932515,0.8515332226171272
0.42500000000000004,436.7331316501972,425.566659534141,413.1594682940786,383.3822093179288,299.0133088855044,307.698342753548,408.1965917980537,223.3294423211236,409.4373109220599,523.5834703306342,0.833292264809196
0.45,0.0,12.856859837416607,0.0,0.0,5.899029807755856,0.0,8.016630251565651,8.924173298912706,23.898633580139112,0.0,0.8511489064454287
0.45,28.706549866989747,18.969825350700827,0.0,11.24759556191996,0.0,0.0,0.0,33.239163003882865,39.28264718640702,0.0,0.930240492867139
0.45,0.0,3.0506644765476523,6.304706584865148,0.0,0.0,11.389147379111234,0.0,13.829678960349357,9.96550395672233,8.135105270793739,0.7871852803205086
0.45,17.06942839441725,7.130267557161638,3.241030707800744,3.8892368493608926,0.0,6.265992701748105,10.587366978815764,14.69267254203004,37.81202492434202,0.0,0.8766407429783756
0.45,24.269789064958186,0.0,0.0,20.76693291125288,0.0,26.021217141810837,0.0,22.26815697712658,40.53304977858996,0.0,0.8629169914369046
0.45,2.1096947584185184,61.444859838939344,0.0,0.0,0.0,33.755116134696294,22.942930497801385,31.381709531475455,49.31411497803286,0.0,0.8997764060861648
0.45,11.885911606155403,0.0,14.784914436925014,24.931424344618648,0.0,36.52743566769709,0.0,29.85972915692699,13.625313304617167,0.0,0.9268319237168208
0.45,5.626532674317771,0.0,0.0,0.0,0.0,15.316672280087266,0.0,45.012261394542165,19.067694062965774,0.0,0.8323165618899174
0.45,0.0,66.75870670104757,21.67937382559792,35.09993857477759,0.0,0.0,18.238203377090315,23.399959049851724,39.91757720268824,0.0,0.7962666824138577
0.45,39.05436118855567,60.834678005250176,0.0,0.0,0.0,46.56481526327792,10.13911300087503,45.06272444833347,76.6066315621669,0.0,0.8382227600851322
0.45,17.023860373674296,56.88460661447265,0.0,34.04772074734859,0.0,29.065127467248804,49.41071669432296,20.760805333749143,139.09739573611927,12.041267093574504,0.8352138456676882
0.45,0.0,107.75265965541628,0.0,62.094753021765314,0.0,117.79739911481953,0.0,11.414476658412742,60.72501582275579,0.0,0.8194193883673982
0.45,0.0,95.74965278592632,0.0,59.22658935211936,0.0,26.651965208453717,0.0,73.53968177888154,76.99456615775517,0.0,0.8533218692787569
0.45,3.548275342166577,78.56895400511706,16.72758375592815,33.4551675118563,0.0,0.0,15.206894323571046,92.76205537378338,138.38273834449652,0.0,0.8158148264909361
0.45,104.5005953006414,67.8142160993524,21.67831498257986,16.67562690967682,0.0,37.79808766193412,0.0,128.95818143483405,85.04569723935177,0.0,0.726130259292322
0.45,14.830126107731694,4.152435310164874,65.25255487401945,37.37191779148387,0.0,126.9458794821833,50.42242876628776,49.829223721978494,52.79524894352483,0.0,0.7758196920968995
0.45,31.84370351232073,73.67758851870286,30.59493082556305,57.44354359085308,0.0,72.42881583194519,0.0,161.716062935119,114.26270083832732,0.0,0.8019852126575849
0.45,31.28315771051196,100.10610467363826,14.598806931572248,59.78559029120063,0.0,0.0,0.0,130.6940811016944,98.0205608262708,25.026526168409564,0.8691078051561709
0.45,71.92766487764968,163.67213538485592,96.88216085560978,35.22987667476719,9.541424932749448,3.669778820288249,0.0,16.147026809268297,117.43292224922398,0.0,0.7500379633126585
0.45,78.40144634357178,75.20138730914027,71.2013135161009,302.40557875377687,25.60047227545201,68.00125448166939,76.00140206774815,172.80318785930106,285.60526882301144,86.40159392965053,0.7778348447335088
0.45,187.6126421989071,203.6175121495248,272.08278916050034,103.14249523731384,18.67234827572061,84.47014696159324,0.0,196.5042366159169,266.7478325102945,0.0,0.7778092804648814
0.45,231.11888939941244,190.3930939105292,107.92335804554062,101.81448872220813,53.96167902277031,346.1692616555076,104.86892338387436,141.5221393238693,423.5482730843858,106.90521315831856,0.8031025678448216
0.45,103.53131449519825,195.2977068886694,558.8337998320359,263.53425507868644,128.2376509088251,184.70927699711504,292.94656033300413,500.00918932340056,324.7118500076672,296.47603696352223,0.729228648649962
0.45,195.5381008129172,545.5923232472305,667.2908615154097,378.7696078683781,440.30257665565966,329.54323283855274,218.78388902144584,577.0425072940633,310.39964254917624,181.8641077490768,0.7190216883293316
0.45,497.20438015730514,712.2959301940077,347.5754757839469,667.0955319978891,586.0465421289866,434.8590033350725,470.7075950078564,466.03169174618887,715.4131990351193,299.25780874671665,0.7524188488641564
0.45,943.628524713992,919.7391949743974,614.2970504467218,416.3568897472225,423.1824125299639,860.0158706254105,346.39528122412366,561.3992488804763,703.0288466223593,489.73125966169215,0.9187355494140683
0.45,1001.2294559794768,825.4542330708593,584.1941231962867,866.8131090493575,415.3120462840858,284.3422723521749,384.2928893002122,949.5308610063538,887.4925470386066,472.1805007545208,0.7704084246972513
0.45,961.945849865608,568.8342690354067,490.9365825114496,405.7925995666595,385.8652844093682,485.5018601958248,396.734729040618,920.279645445817,1090.5676113353973,644.9203814541553,0.7883502805622419
0.45,560.6179601282711,1072.249884905528,653.1471380135196,468.0887822430224,591.4610194233538,858.162767445541,707.576066181313,669.4758164638577,680.3616020974164,377.3739019633669,0.7915159891606007
0.47500000000000003,0.0,16.542527174318614,0.0,8.872810029861801,0.0,5.413917984322455,0.0,2.706958992161228,21.80605854796544,0.0,0.768295111824054
0.47500000000000003,0.0,0.0,0.0,0.0,0.0,2.1116790593279062,5.522852924396062,18.842674683233625,34.2741755013991,6.172600327266188,0.7754786713083507
0.47500000000000003,15.637459519625812,9.985365717351424,0.5652093802274389,6.217303182501829,0.0,8.289737576669104,9.231753210381504,4.333271915077032,24.86921273000732,0.0,0.7255601761019314
0.47500000000000003,13.186003897356889,7.275036633024491,2.273448947820153,1.1367244739100766,41.37677085032679,0.0,2.273448947820153,21.597765004291457,23.189179267765564,25.68997311036773,0.717434999389859
0.47500000000000003,2.0201589095049908,11.86843359334182,6.818036319579343,33.08010214314422,0.0,20.201589095049904,0.0,41.91829737222856,30.04986377888673,15.15119182128743,0.6477553245344658
0.47500000000000003,17.414682719479764,29.111111411667665,0.0,34.82936543895953,1.299603188020878,18.71428590750064,18.974206545104817,47.04563540635578,39.24801627823052,0.0,0.6307757807813782
0.47500000000000003,34.5077691638497,0.0,26.388294066473296,11.019287632153684,0.0,11.019287632153684,0.0,2.3198500278218286,52.48660687946887,0.0,0.6686732873388289
0.47500000000000003,0.0,0.0,33.990475878503894,18.7103536945893,0.0,23.387942118236623,14.96828295567144,15.59196141215775,34.614154334990204,4.365749195404169,0.505916240766824
0.47500000000000003,0.0,45.4405358107923,32.11586741514644,0.0,0.0,76.53142873396598,11.958035739682185,83.70625017777529,84.73122466974804,0.0,0.6571459325435947
0.47500000000000003,0.0,37.387688021477,32.20523621651978,49.60346727601898,0.0,21.09998234875434,69.59292423799677,88.10168068427252,73.66485065617744,0.0,0.6287988106741926
0.47500000000000003,0.0,34.305375548122136,0.0,46.00038993952741,73.28875685280639,0.0,9.35601151312422,23.779862595857388,31.57653885679424,10.525512952264746,0.613993447100558
0.47500000000000003,5.0051554960741,79.24829535450658,10.844503574827216,94.26376184272888,0.0,0.0,35.45318476385821,35.45318476385821,62.98153999226576,0.0,0.6615174224788783
0.47500000000000003,37.28227943762956,64.52702210358962,0.0,29.63463237350042,0.0,70.26275740168647,45.885882384774845,47.79779415080713,0.0,0.0,0.6553329998267687
0.47500000000000003,86.24998861167217,109.08086795005596,0.5073528741863069,89.80145873097632,0.0,61.38969777654313,7.102940238608296,13.698527603030286,121.76468980471364,90.30881160516265,0.5574616460286904
0.47500000000000003,33.954110991966104,0.0,68.98613026939145,59.8239098429879,0.0,115.33618654413884,27.486661279210654,0.0,62.518680556636006,0.0,0.6074360417691748
0.47500000000000003,40.89208832851744,48.17424104455479,0.0,10.643146277285362,0.0,6.721987122496018,33.04977001893875,20.165961367488052,99.7094756503576,0.0,0.49595810599416723
0.47500000000000003,19.76281992001952,109.59381955647189,0.0,0.0,11.378593287283964,77.8535330182587,0.0,158.10255936015616,72.46367304007157,12.57633994910333,0.6478371301940737
0.47500000000000003,45.27544378141294,125.6234144357514,5.739140761024174,5.739140761024174,43.36239686107154,43.36239686107154,63.13054837126592,190.66700972735867,97.56539293741096,7.652187681365567,0.6524151794198672
0.47500000000000003,0.0,130.83998661941655,0.0,0.0,0.0,118.31275385798304,0.0,74.4674391929658,192.08423567531364,52.196803172639584,0.6789738412873781
0.47500000000000003,69.53311275031734,102.7880797178604,55.173013377969184,0.0,93.71854327216684,54.41721867416139,0.0,136.04304668540348,163.25165602248416,0.0,0.6639153508761279
0.47500000000000003,0.0,101.06919543387475,222.99393913188248,121.92474369800766,20.85554826413289,6.417091773579351,0.0,191.71061673568312,293.58194864125534,0.0,0.6366928133571066
0.47500000000000003,176.6215168652,185.1539572934705,158.70339196583188,69.96601151181835,49.48815448396908,104.09577322490048,60.580327040720775,271.3316056190029,224.40318326351496,87.88413641118647,0.6403723637548756
0.47500000000000003,114.96897263623678,41.543410280320856,55.06917176693696,221.2428128882204,0.0,142.02049560946895,92.7480787653675,156.51238291655764,199.98804483782365,0.0,0.6649098009257333
0.47500000000000003,290.82311263392535,237.42980679879057,94.29030604928047,249.9261124197796,0.0,371.4810852784905,142.00347296578386,333.9921684155236,288.5510570664728,252.19816798723213,0.7172023645453496
0.47500000000000003,256.8142178899856,592.648195130736,239.52864553200575,324.721823582049,132.1111601645599,204.95750081604615,417.32310407122657,297.55878130522365,497.577547161847,365.4663869972872,0.6435448894915344
0.5,0.0,24.64882692034571,2.0914156174838787,19.12151421699546,0.0,12.10033321544244,34.358970858663724,0.149386829820277,15.536230301308812,4.182831234967757,0.5771860131308403
0.5,0.0,5.20552497946396,14.44113381399679,0.0,0.0,1.1754411243950875,0.0,37.61411598064281,44.16300224512972,0.0,0.5991418852414753
0.5,0.0,33.01849492353767,6.390676436813743,11.290195038370948,0.0,25.562705747254974,12.994375421521278,7.881834272070284,77.3271848854463,0.0,0.5894693601588729
0.5,16.49318755000061,49.89711170190058,10.438726297468738,25.888041217722478,2.9228433632912467,0.4175490518987496,0.0,17.95460923164623,65.55520114810369,0.0,0.5698473637502038
0.5,22.3609158061942,65.11695262243366,36.3672037287554,4.423038291335116,0.0,12.531941825449495,49.88204295227936,34.40140893260646,22.852364505231435,0.0,0.5921104331555114
0.5,0.5552592969861365,38.03526184355034,15.269630667118754,52.19437391669683,0.0,35.25896535861967,0.0,24.986668364376143,47.47466989231467,0.0,0.6374798519739147
0.5,7.1390469568823685,43.4054054978448,2.570056904477653,25.415007166501237,3.1411806610282427,0.0,0.0,19.13264584444475,19.418207722720044,0.0,0.6196135578895886
0.5,39.838480382311374,25.72248339645301,8.155909369607054,0.0,10.038042301054835,0.0,26.977238684084867,24.78141693072913,21.95821753355745,0.0,0.6199085319224859
0.5,34.42503585485704,53.35880557502842,18.58951936162281,31.67103298646849,0.0,24.09752509839993,5.508005736777128,18.58951936162281,11.704512190651394,14.45851505903996,0.6051567315783566
0.5,56.27007692165256,50.49878698097025,54.82725443648199,12.985402366535206,29.217155324704216,0.0,42.56326331253207,27.774332839533635,80.07664792696711,0.0,0.6047136175888149
0.5,0.0,70.15915010307536,9.251756057548402,0.0,0.7709796714623667,0.0,11.950184907666683,56.667005852483946,80.56737566781732,13.106654414860234,0.6579043391795402
0.5,99.4961253727756,36.18040922646385,17.26792258535775,64.54913918812301,0.0,17.679063599294835,57.97088296512958,104.01867652608357,94.56243320553052,5.755974195119249,0.6250883396848459
0.5,0.0,0.0,0.0,46.2703402294177,0.0,0.0,13.027571520904011,106.01747858390851,56.15332552113799,0.0,0.7770423524060598
0.5,0.0,78.31648670323221,76.82946480380375,57.993854077709926,0.0,3.965391731809226,0.0,32.218807820949955,54.0284623459007,4.4610656982853785,0.7057322453070973
0.5,0.0,0.0,41.40908267930484,49.173285681674486,0.0,61.596010485465946,73.50112175576608,87.99430069352277,115.42781796856222,0.0,0.6298986828982335
0.5,77.65458306565849,80.95903340887799,39.65340411863412,40.75488756637396,103.53944408754464,0.0,36.89969549928453,37.450437223154445,285.83495468848764,0.0,0.6374671266490877
0.5,25.132284579755485,100.52913831902194,74.79846601117704,0.0,14.361305474145992,4.188714096625914,19.74679502695074,80.18395556398178,89.15977148532303,0.0,0.6325658882583579
0.5,108.85334537979573,56.60373959749376,77.75238955699693,0.0,0.0,0.0,0.0,90.81479100257242,113.20747919498751,9.952305863295608,0.7328332105264246
0.5,52.14091196018119,170.6429845969566,0.0,0.0,0.0,71.10124358206527,134.07663075475162,0.0,77.87279058988099,0.0,0.706178199770931
0.5,13.257982095294956,47.44962013052931,160.4913622062021,97.69039438638389,30.00490684724648,106.06385676235963,30.702695378577797,138.85991773493137,96.29481732372123,0.0,0.6932682441140984
0.5,31.860739526715992,144.89050594292272,81.92761592584111,57.652766762628936,61.44571194438084,130.47731425226547,43.23957507197171,163.85523185168222,241.23131355942107,0.0,0.7299921681396336
0.5,86.7488737022171,135.49347892536764,52.87550397087518,131.36258017764305,0.0,195.80460064214716,44.61370647542593,51.223144471785325,85.09651420312724,62.78966096541427,0.7315109697435289
0.5,133.04015409374398,84.58181982118822,115.4189416309964,0.0,0.0,185.02273085884923,123.34848723923282,249.34015634787772,132.1590934706066,0.0,0.6806139311435399
0.5,14.356395386423603,159.9712628772916,236.8805238759895,91.26565638512147,187.65859683682285,111.77479265144092,0.0,160.9967196906076,287.1279077284721,91.26565638512147,0.6914744845987428
0.5,160.6901299835706,226.85665409445264,285.933907764883,180.7763962315169,225.675109021044,237.4905597551301,193.7733920390116,235.12746960831285,265.8476415169367,61.44034381724758,0.7204795820487688
0.5,495.5427518267177,636.9223841922654,469.8373641238909,525.5323708133491,365.587736217982,295.61195858250886,596.9362255434237,562.6623752729879,731.1754724359639,462.6969786508834,0.7154714200900498
0.5,463.6769052533798,621.4226565251481,538.5663023217951,500.3249080740937,594.3350022663595,417.4685538707405,277.2501082958353,699.4988364475386,623.0160479521356,565.6539565805836,0.676692372336098
0.5,694.3901221365116,928.7467883575844,541.6242952664791,611.0633074801303,423.5779745032721,451.3535793887326,777.7169367928931,553.776122403868,538.1523446557966,503.43283854897095,0.7676858300884343
0.5,569.1275609068421,694.0144864976852,811.7650163404802,499.5477023633725,362.172084213445,945.5724366163836,772.5148397262152,1002.6636026007689,952.7088323644316,471.0021193711797,0.6923272355593874
0.5,733.1504753571204,887.0215627777505,742.2017157936281,655.3098076031545,541.264178103158,758.4939485793418,248.00398796030984,896.0728032142582,783.8374218015633,624.5355901190285,0.7323794447582878
0.5,820.4541495925122,608.3001017573774,771.6399438959326,730.3356159988266,413.0432789710588,651.4818991043518,597.0352850581668,664.6241852534309,940.612194384093,274.1105396807935,0.7448654596270493
0.525,10.038882262047348,10.038882262047348,27.606926220630204,15.648845879073804,0.0,7.676792318036206,0.0,11.219927234052916,18.010935823084946,0.0,0.6844826571291516
0.525,21.54904363395169,4.90547334756624,0.1751954766987942,9.46055574173489,0.0,0.0,0.0,16.81876576308425,0.0,0.0,0.7096115585150706
0.525,22.559486247463475,9.720754236711905,23.84335944853863,11.18803789508351,12.838732010751572,0.0,0.0,7.519828749154491,33.93093459984344,7.153007834561589,0.5986832906670423
0.525,29.337006460718516,20.95500461479893,4.191000922959788,35.623507845158194,0.0,0.0,0.0,23.05050507627883,37.71900830663809,21.583654753242904,0.6429969620006211
0.525,7.381987262082419,44.54647485739391,24.94602592014059,17.05493608825938,0.0,47.09198770638785,8.654743686579387,10.436602680875144,76.36538546981814,0.0,0.5513533196828614
0.525,39.12309144397962,53.429296524240826,15.766021925185816,0.0,0.0,62.1881975937885,0.0,49.34180935845191,2.0437435828944577,0.0,0.6085901832834727
0.525,15.053549630972569,29.492668664762583,0.0,15.66798022815512,0.0,27.956592171806196,0.0,55.29875374642983,24.270008588710876,0.0,0.6890026203265422
0.525,50.02166284950633,18.927115672786176,0.0,0.0,55.76739439303069,44.61391551442456,45.96585234819499,52.38755230860459,0.0,0.0,0.6227479308920082
0.525,46.24195258554887,73.70897705365685,47.6326880016556,32.682282278508225,0.3476838540266833,22.25176665770773,21.55639894965436,32.682282278508225,67.79835153520324,0.0,0.6623467535729134
0.525,0.0,59.30310741755935,16.410922807374913,48.11384186707645,0.0,4.848681738542588,4.848681738542588,50.72467049552246,53.708474642317896,0.0,0.5779427154822109
0.525,0.0,87.58749683264342,0.0,62.9037477252621,0.0,98.73499642952532,24.683749107381328,17.91562435213161,111.07687098321595,0.0,0.7088915425491977
0.525,33.80884613761057,40.73354956338623,59.87831785817775,4.073354956338624,0.0,0.4073354956338623,0.0,96.53851246522537,117.31262274255236,0.0,0.6336890117933881
0.525,94.80401777511554,74.42558404775426,0.0,46.958999458702095,9.746207434824962,28.79561287561921,22.150471442784003,19.935424298505605,123.59963065073474,0.0,0.6247273154023415
0.525,10.307445826120114,47.3205467471878,1.4055607944709247,39.82422251000953,0.0,9.838925561296472,29.048256419065776,95.57813402402287,38.88718198036225,28.11121588941849,0.6721763590688403
0.525,140.82533965383757,111.31414715284956,97.8529014506445,4.659661973840214,16.04994679878296,0.0,0.0,74.55459158144342,95.7819405733822,75.59007202007457,0.595333341804923
0.525,23.94275361812749,109.91900524685802,0.0,52.238735166823616,91.41778654194133,152.36297756990223,5.985688404531873,58.76857706267656,77.26979576759327,0.0,0.5994085205632591
0.525,60.318154407668,21.66768653479336,128.83489290958215,12.883489290958217,0.0,67.34551220273612,31.623110077806523,38.65046787287464,177.4407843254699,0.0,0.676344249786825
0.525,22.13028145627909,98.97153651280368,38.7279925484884,91.59477602737734,24.589201618087877,102.04518671506467,49.17840323617575,81.75909538014218,127.24911837360474,15.982981051757116,0.6736461766935724
0.525,71.26012052853409,168.25306235903884,63.34232935869697,90.39478252230712,13.1963186163952,13.1963186163952,81.1573594908305,62.02269749705745,143.8398729187077,64.00214528951673,0.6505298998228257
0.525,0.0,160.09373824975776,131.80131036941265,0.0,0.0,135.94166566897536,51.06438202793999,140.77208018513184,129.04107350303752,66.935744009597,0.7097571973787657
0.525,91.38902362231435,75.9118502669224,0.0,33.90237973085855,0.0,0.0,95.81107315242632,117.92132080298626,0.0,68.54176771673576,0.8021413513444323
0.525,0.0,114.48303237975502,0.0,36.06999650321049,0.0,83.11781802913721,0.0,101.9369466395079,130.9497699138294,0.0,0.6226256484737404
0.525,63.689722860118415,189.37077597075208,10.190355657618946,65.38811546972157,45.85660045928525,101.05436027138788,47.554993068888415,56.89615242170578,162.19649421710153,45.00740415448368,0.7020267755814148
0.525,156.11131193805303,75.26795397013271,67.83408197308256,48.320167980825936,157.0405459376843,87.3479959653392,143.10203594321527,152.39437593952795,262.0439878960176,0.0,0.6279617634785647
0.525,246.22097270459184,243.11734699823143,176.90666526254287,111.73052542897445,137.5940729819778,139.66315678621805,171.73395575194223,71.38339124628922,417.9549284565341,8.27633521696107,0.6148873443602293
0.525,235.61548137635344,301.7320705380853,145.45649615581004,111.79714167347385,112.9992614764144,319.763867582194,0.0,443.5822072850736,265.6684764498679,99.77594364406804,0.7082469390475477
0.525,360.7359617795046,556.3157000936939,491.122453988964,748.9979608032284,462.1476779424175,323.06875291899405,446.2115511168169,517.1997524308559,522.9947076401653,401.3006482446697,0.7069329543685018
0.525,342.7014467018497,674.2451718831741,347.4833273535034,546.7283545057417,487.7518264686791,409.64777582500176,489.34578668589705,814.5136709983498,781.0405064367737,304.4464014886199,0.781442815179121
0.525,638.0339674274388,819.0976608865768,586.3014835819708,500.0806771728574,529.395751351956,560.4352416592368,281.07982889370953,872.5545608602271,919.1137963211482,489.73418040376384,0.7077359158726267
0.525,732.7102733224126,739.6884664016736,643.7383115618338,523.3644809445805,401.2461020575116,383.80061935935896,457.07164669160017,828.6604281622523,598.380056546637,434.39251918400174,0.7245972553169665
0.525,558.6151574512172,588.2915876908131,673.8295336755308,455.62048779614906,439.9094364928336,581.308898222673,204.2436669431013,696.5232744469865,666.8468442073905,684.3035678777411,0.7066819105453669
0.55,15.237943094044516,9.16973566721263,0.0,0.0,0.0,35.060754021695345,1.348490539295975,23.73343349160916,10.653075260438202,0.0,0.7547186591637212
0.55,9.547490363793052,33.593021650382966,35.007464667241194,6.364993575862036,0.0,21.21664525287345,0.0,17.857343087835154,47.91425719607254,0.0,0.7822958096089884
0.55,2.206790658844606,31.26286766696525,23.722999582579508,0.0,0.0,51.123983596566696,12.68904628835648,27.58488323555757,29.42387545126141,0.0,0.760521017734464
0.55,0.0,30.07271713694021,0.0,0.0,0.0,35.502513286665526,0.0,43.85604582470448,15.036358568470105,0.0,0.7275260683593776
0.55,8.338074556578803,72.89859469466039,12.1497657824434,0.0,31.44645261338292,45.74029471037515,22.63191665357104,12.1497657824434,36.449297347330194,0.9529228064661488,0.7550741242322543
0.55,0.0,32.01818489882379,2.4841695180121905,1.1040753413387514,37.81458044085223,55.203767066937566,3.3122260240162547,76.45721738770854,15.181035943407831,0.0,0.78769981194939
0.55,19.02306656699039,72.66187721489773,23.389016270889822,38.66984023453784,0.0,37.422426033423726,0.0,63.92997780709886,38.66984023453784,0.0,0.7463924986063925
0.55,43.90159105688487,0.0,15.080699218013889,44.23671770617407,0.0,33.51266492891975,2.010759895735185,21.78323220379784,74.39811614220184,0.0,0.715385123775848
0.55,81.48506069710547,45.348207692302175,41.45109609374495,18.42270937499776,16.651295012017204,40.742530348552734,56.68525961537772,13.462749158652208,70.85657451922214,9.9199204326911,0.8770753355450415
0.55,71.40555332669652,67.03378475567429,0.0,0.0,38.61728904402976,27.32355356888898,0.0,30.23806594957047,57.19730547087426,0.0,0.7788062869413496
0.55,48.04122640884336,4.261721697558685,66.25040093477593,23.245754713956465,0.0,70.51212263233461,0.0,60.0515330110542,79.8104245179172,0.0,0.798056181217775
0.55,2.509300727596395,54.78639921918796,0.0,0.0,0.0,65.660035705439,12.546503637981974,100.3720291038558,20.07440582077116,0.0,0.8247665812219611
0.55,46.0720352964772,71.08256874313625,25.44931473519693,7.02050061660605,71.960131320212,17.551251541515125,0.0,101.35847765224985,71.08256874313625,0.0,0.7568465801904205
0.55,65.60017320554653,31.41416745054341,30.028248298313557,29.104302196826985,0.0,32.80008660277326,0.0,82.2312030323048,60.51846964737039,0.0,0.6882704295974433
0.55,0.0,86.46927293020964,108.8320159294018,110.32286546268128,0.0,67.08822899757645,68.08212868642943,33.792589421001466,86.96622277463615,33.29563957657498,0.7149342895228463
0.55,26.999750525048643,50.1423938322332,64.4687920700141,54.55051636693501,0.0,67.77488397104048,5.510153168377275,89.81549664454957,85.40737410984775,0.0,0.723875977737836
0.55,0.0,143.4544847483647,0.0,0.0,0.0,15.223741238601972,0.0,145.21107027589576,41.57252415156693,8.782927637654986,0.7589343287949905
0.55,0.0,7.95730793315116,74.67627444957243,42.84704271696779,0.0,109.56600923338904,0.0,75.28837505981483,164.0429635449624,1.224201220484794,0.7950761179034961
0.55,81.33513910261918,139.24575814368404,19.520433384628603,59.86266237952772,27.328606738480044,105.41034027699445,22.77383894873337,9.760216692314302,127.53349811290688,0.0,0.6859551590020895
0.55,44.969286351112345,101.84220732457796,111.76190284320568,72.74443380326997,0.0,80.68019021817214,91.26119877137504,150.11805884856622,147.4728067102655,42.324034212811625,0.720265329130749
0.55,146.5129541505715,21.440920119595827,60.03457633486832,0.0,9.291065385158191,127.9308233802551,0.0,120.06915266973664,138.65128344005302,0.0,0.7386146682006182
0.55,49.67517970206986,119.36871540348132,58.57222681288835,163.85395095757374,106.0231447372536,130.49002429200442,0.0,116.4030330332085,242.44453376980368,60.05506799802476,0.693235862707171
0.55,157.1808715100732,198.62657394805265,60.995562078535855,7.037949470600291,241.63626515727668,68.8155059347584,0.0,161.8728378238067,161.8728378238067,0.0,0.7362281454001418
0.55,312.2892690163829,63.81933290525536,109.7692525970392,5.105546632420429,183.79967876713545,0.0,29.782355355785835,5.956471071157166,243.3643894787071,11.912942142314332,0.6985770905657197
0.55,84.26370575421386,244.54792865625103,0.0,167.61150166327323,0.0,133.72283739255676,108.0773617282308,180.43423949543617,155.70467367626472,39.38412334164343,0.6914125404093763
0.55,171.40467775358536,244.71631703373333,118.74420446784528,211.67445144268072,89.83257207567425,242.6512004342925,191.02328544827284,14.455816196085513,413.0233198881575,261.2372498292596,0.6851922592522638
0.55,141.25931207095283,373.1600160541004,214.24328997427844,237.7865086527706,64.74385136585339,280.16430227405647,131.84202459955597,262.50688826518734,357.8569239130805,0.0,0.7312942415550547
0.55,423.5176037254857,519.1506110183373,482.26359391966594,625.7131048589434,234.9839607767211,364.77161353130543,397.56007317456886,556.0376281170086,566.9671146647631,338.81408298038855,0.7652763977703027
0.55,658.4667500268916,558.0469842275836,427.5012886884831,467.6691950082063,337.1234994691057,285.4790484866044,121.93828704201698,469.1037630910536,371.55313345744,459.0617865111228,0.7422715385036568
0.5750000000000001,0.0,9.496557624155614,0.0,6.286453638525547,15.114239599008233,0.8025259964075168,0.0,15.51550259721199,27.285883877855568,0.0,0.7545151188916022
0.5750000000000001,4.431356060087101,32.496611107305405,21.23358112125069,6.462394254293688,0.0,27.69597537554438,49.85275567597988,18.279343747859286,27.69597537554438,0.0,0.71002523486195
0.5750000000000001,6.650718191570321,9.19363985305309,15.06192061032102,0.0,3.129749737209563,25.037997897676505,0.0,35.79651261933438,24.842388539100902,0.0,0.6806241568509906
0.5750000000000001,10.622868159922175,46.90096508342999,7.616396039189485,4.409492443741281,24.45263991529256,0.0,16.63581240138756,26.6573861371632,46.70053360871447,0.0,0.7390368063800046
0.5750000000000001,17.979449558596475,60.85352158294192,0.0,0.0,0.4610115271434994,30.88777231861446,0.0,18.209955322168227,58.54846394722442,0.0,0.7804645558329799
0.5750000000000001,48.21346708153645,0.0,43.19703698056734,28.98381836115486,0.0,2.229524489319605,29.541199483484764,6.409882906793864,45.70525203105189,1.1147622446598024,0.7718783701433269
0.5750000000000001,36.85522055563467,43.66879074239067,9.910647544372347,16.104802259605066,10.53006301589562,10.53006301589562,18.89217188145979,56.36680790861773,24.776618860930878,0.0,0.7923070612509037
0.5750000000000001,0.0,20.64730462379814,23.400278573637888,2.4088522061097826,30.62683519196724,0.0,29.594469960777328,25.465009036017705,36.82102657910668,0.0,0.7432293464348967
0.5750000000000001,25.66885170631894,57.20486951693934,13.934519497715996,18.70159195746094,0.0,92.77456402426702,0.0,86.90739791996555,46.20393307137409,3.300280933669577,0.7670041162583706
0.5750000000000001,0.0,35.0173672464182,0.0,61.95380358981683,0.0,5.387287268679724,32.70852984555547,56.5665163211371,48.1007791846404,0.0,0.9276278246134199
0.5750000000000001,30.52463407003376,57.03286892032624,46.991870870973024,56.229589076377984,0.0,91.97554213207542,59.04106853019688,46.18859102702477,122.09853628013504,0.0,0.746177758749922
0.5750000000000001,26.632785573505995,46.27992247199403,67.67347153923654,0.0,38.85767075478744,83.39118105802696,3.929427379697606,0.0,101.72850882994912,10.915076054715572,0.783075519802124
0.5750000000000001,0.0,62.46983166287692,0.0,4.015917749756373,20.972014915394396,35.25083358119483,0.0,79.42592882851494,140.55712124147306,6.246983166287692,0.7042489496318506
0.5750000000000001,117.2818916984465,60.03715884563333,19.546981949741085,41.420985560165626,0.0,93.08086642733848,70.74145848477725,20.01238628187777,142.87912996596458,0.0,0.7680139048691523
0.5750000000000001,21.56687568372888,81.8560963450619,24.50781327696464,51.95656414716503,32.84046979113261,162.2417238935059,35.291251118829074,63.23015825456877,153.41891111379863,16.66531302833595,0.764951400170067
0.5750000000000001,57.26787685091871,100.99971008252936,92.149220023751,121.30377551149144,0.0,29.675172550021514,36.96381142195662,82.77811290269159,79.6544105290051,25.51023605177288,0.6694551278876831
0.5750000000000001,46.2356847014158,101.60434415866682,91.3297475583522,0.0,99.89191139194772,51.37298300157311,17.695138589430737,82.19677280251697,51.37298300157311,3.424865533438208,0.723508339208052
0.5750000000000001,97.08390775345916,103.0767415654011,76.70827279285663,43.74768682717605,0.0,74.91042264927405,8.389967336718694,155.81367911049003,157.6115292540726,19.776351579408352,0.8459337956454407
0.5750000000000001,158.7643985361706,103.51438784558324,134.6322099586727,61.600586632034194,29.212649330655392,134.6322099586727,52.70978031400865,130.8218643938046,38.10345564868094,0.0,0.7857244649703711
0.5750000000000001,0.0,167.44837357047157,74.85927289032847,44.65289961879241,0.0,196.34142626498428,81.425875775445,21.0131292323729,107.69228731591112,72.8892920247935,0.7830463034951205
0.5750000000000001,92.8969236541362,101.34209853178491,25.335524632946232,4.222587438824372,0.0,75.3028093257013,66.15386987491516,54.89363670471683,85.15551334962484,0.0,0.762213282618409
0.5750000000000001,6.554060820935462,104.13674415486344,91.02862251299253,95.39799639361615,0.0,66.26883718945855,33.49853308478125,93.94153843340828,4.369373880623641,0.0,0.7243288304963786
0.5750000000000001,79.81413077471633,71.98921599288141,13.30235512911939,90.76901146928525,0.0,35.212116518257204,0.0,77.46665634016585,326.2989464025168,30.51716764915624,0.8275743900595364
0.5750000000000001,43.34266419185717,256.78484068383307,127.574634225089,26.986941855307293,44.16045030868466,76.05410886495692,152.10821772991383,96.49876178564423,246.1536211650756,35.16480302358223,0.7458130418508381
0.5750000000000001,135.2858319655309,63.715262796669386,0.0,182.4176701986836,139.6498910611932,0.0,0.0,211.2204602300547,336.0325503659961,0.0,0.8300370812706419
0.5750000000000001,202.45243221376765,169.49505952780547,86.63080820310059,219.4019381665482,16.949505952780548,132.77112996344763,220.34357738614716,203.39407143336655,57.43999239553408,84.74752976390273,0.8530364016124176
0.5750000000000001,317.07482917067614,235.4398918095692,262.6515375966049,198.76332574878208,134.87511390095926,243.72169704910183,256.7359624255102,430.65387245569445,466.1473234822627,0.0,0.7673747981534679
0.5750000000000001,239.29161538769148,325.32905013382776,289.0320073503015,295.75368193984343,375.0694420964378,420.7768293053227,142.4995012982882,439.59751815604,405.9891452083305,165.35319490273065,0.8293170210376367
0.5750000000000001,659.5785606545248,777.4188990344896,612.1150910292613,692.3119879822929,772.5088849353243,671.0352602192437,564.6516214039978,739.7754576075564,779.0555704008781,582.6550064342701,0.7575764728344356
0.5750000000000001,482.7996016533711,912.9301558536472,560.0475379179104,788.2800768813222,423.10801453986335,684.6976168902354,733.855394513124,551.2693633423946,779.5019023058064,651.3405535032751,0.777737700512724
0.6000000000000001,0.0,0.0,1.0494359590196918,0.0954032690017901,0.0,0.0,0.0,1.3515463108586938,0.0,0.0,0.753035799880364
0.6000000000000001,2.925125536130237,0.0,4.583701871049444,0.0,6.423213806141654,5.005884938119788,0.0,11.881437744693953,0.0,0.0,0.8250563095997383
0.6000000000000001,0.1411886127535981,0.0,5.25927582507153,0.0,3.03555517420236,0.3529715318839952,0.0,0.0,0.0,0.0,0.7768435192056238
0.6000000000000001,0.0,0.0,2.137271966646065,0.0,4.499519929781189,9.67396784902956,0.0,7.574191881798336,0.0,0.0,0.7925087349256313
0.6000000000000001,5.6146510584455935,0.0,3.7856359409216496,0.0,1.0633808822813624,0.0,3.700565470339141,8.166765175920863,0.0,1.4461979999026529,0.7809792497746779
0.6000000000000001,0.0,5.75877450213659,1.532577085246028,0.0,3.5295714690514584,0.0,7.987977535221722,7.6164436963742,0.0,0.0,0.678009784312696
0.6000000000000001,0.0,4.977997433981314,14.933992301943942,0.0,4.922686351381521,6.582018829375292,6.913885324974046,6.8032631597744615,1.935887890992733,0.0,0.7459878527544044
0.6000000000000001,0.0,0.0,20.769860610086766,0.0,4.714630936031965,5.0968983092237465,0.0,21.852951500796813,0.0,0.0,0.8093385451053304
0.6000000000000001,9.039673570959572,10.360856631330586,6.8145231534926,0.0,0.0,12.864150850980929,7.788026461134399,5.3542681920299,0.0,0.0,0.7428407695517603
0.6000000000000001,3.9880769979352566,18.27264369963063,6.01837074233866,0.0,9.716405776787717,13.124398847750571,0.0,7.903643504998963,2.7553986531189043,0.0,0.758836332431919
0.6000000000000001,1.2687759084662396,10.863893716242176,9.912311784892497,10.705296727683896,0.0,0.0,13.877236498849497,9.674416302055077,19.031638626993598,4.757909656748399,0.838123911579773
0.6000000000000001,0.0,16.98946781513809,10.825846933367064,0.0,0.0,9.561514444798648,1.738457171781572,12.011158641399954,19.51813279227493,8.92934820051444,0.7430589179773803
0.6000000000000001,4.319710042684561,21.266264825524,25.170618133335044,2.1598550213422807,0.0,5.316566206380999,2.6582831031905,0.0,40.788031364579226,0.0,0.6935750153376271
0.6000000000000001,0.0,18.48845704109296,0.0,13.500873281170206,0.0,5.245562230263583,17.026579042494912,16.252643631472413,20.552284803819614,12.8989235170416,0.8148058900224419
0.6000000000000001,5.422242887460238,11.966329130946734,6.637573189822016,13.368633325979554,0.0,0.0,7.665929599512751,8.881259901874529,23.558710476551383,0.0,0.7307335319298279
0.6000000000000001,15.108856397569822,20.145141863426428,6.320044506172998,20.046391168017475,0.0,7.70255424189834,4.14752920717603,8.887562586805778,31.600222530864983,0.0,0.8564790564542399
0.6000000000000001,32.99541323536089,14.308690529250356,9.610314534571136,22.210504702119955,8.542501808507675,9.289970716752096,0.0,32.14116305451012,2.34918799733961,30.112318874989555,0.7700590463593434
0.6000000000000001,21.808961622965217,0.0,50.250545595182736,44.292427213651,0.0,0.0,6.969874333112594,10.342394171715464,0.0,17.761937816641773,0.7756482476235791
0.625,3.625066382423851,3.668917991888656,2.8503546152123023,0.0,0.0,3.040378256226456,0.0877032189296093,0.0,0.6577741419720698,0.8185633766763535,0.8005819309581614
0.625,7.134758908807761,0.0,8.466975302568546,4.263092460034513,0.0,7.1939685263082405,0.444072131253595,0.0,0.0592096175004793,0.0,0.8128980651751632
0.625,5.053012088687729,1.3685241073529266,0.0,0.0,1.6141566394419136,5.825000046681688,1.4036144690799246,6.491716919494651,0.0,0.4561747024509755,0.6954838140618056
0.625,5.804651228106575,0.0,5.728274238263067,0.0,0.0,7.332191024976726,0.4582619390610454,0.0,0.0,0.0,0.7758876996063889
0.625,9.314060172156951,0.0,0.0,8.427006822427721,7.007721462860945,24.438319785040388,7.983480147563104,0.0,0.0,0.133058002459385,0.7731224978831928
0.625,17.965727192744115,4.924615575676052,11.901154307883791,0.0,0.0,8.982863596372058,2.006324864164317,0.0,0.0,0.0,0.746866289718287
0.625,16.803539014584,0.0,7.462274514463822,0.0,0.0,20.454148129573497,10.683400204160437,4.0800925402823776,1.664248273009917,2.30847341094924,0.766066759742033
0.625,15.568632823478229,0.0,4.94533042628132,1.037908854898549,0.0,16.972862450693913,1.6484434754271065,0.0,0.0,0.0,0.7246799131188612
0.625,0.0,0.0,11.282444805879877,0.0,0.0,0.0,2.536881080612043,13.61904580118044,0.0,0.0,0.9046080528567414
0.625,5.240641960437935,0.0,19.48633066979739,0.0,0.0,0.0,0.0,21.25781527614261,0.0,0.0,0.6583114009953761
0.625,2.2516308297508543,0.0,15.140276269014365,0.0,0.0,11.335796591159474,13.27685765128952,0.0,0.0,0.0,0.776341465374525
0.625,8.488250660605084,3.346329587353927,11.100020094637417,0.408088974067552,0.0,0.0,2.285298254778292,6.855894764334876,0.0,0.0,0.7272559392542147
0.625,5.821915129094669,11.981332584513666,3.7969011711486975,0.0,22.10640237424353,12.150083747675833,0.9281313973919036,19.23763260048673,0.0,0.0,0.8304329400969626
0.625,0.0,0.1755658889051152,2.984620111386959,0.0,0.0,14.659751723577122,0.0,24.315875613358457,0.0,9.480558000876222,0.8279309788321849
0.625,3.063738870977115,2.970898299129324,3.1565794428249063,0.0,0.0,11.326549765430546,22.46741838716551,2.321014296194784,0.0,1.4854491495646618,0.7996387311804235
0.7000000000000001,0.6766012277351506,0.8165876886458714,2.5430873732114283,0.0,0.0,1.74983076138401,2.799729218214416,0.0,0.699932304553604,0.0,0.7704524520487761
0.7000000000000001,5.776538254219616,3.702337259461222,4.906712030611257,0.0,0.0,1.2935877171611496,8.45292663455303,0.0,1.1820715346472574,0.0,0.773823689251259
0.7000000000000001,2.0629817041249776,5.800619144539644,1.0436260385573417,1.1407075305161642,0.0,0.9950852925779304,0.0,0.0,0.0,3.1066077426823195,0.84300839117218
0.7000000000000001,1.8909061749918716,4.515596835801484,0.0,4.487374355577724,0.0,1.8062387343205932,0.0,0.0,0.0,0.0,0.7942752914371906
0.7000000000000001,9.28239029826604,0.0,0.0,1.661439508639058,0.0,3.503470268217144,5.959511280987925,0.0,1.9865037603293083,0.0,0.8717930001868117
0.7000000000000001,6.417319699252226,0.0,4.370076605012252,5.15747779510455,0.4724407140553786,7.007870591821448,0.0,0.0,0.0,0.0,0.8279783055038491
0.7000000000000001,5.081968496821973,3.557377947775381,3.853826110089997,10.926232268167244,0.0,0.3387978997881316,4.319673222298677,2.9644816231461517,0.0,0.0,0.8401205465089783
0.7000000000000001,5.6610158163726805,0.0,2.50487425503216,5.761210786573967,0.0,13.576418462274304,1.7534119785225115,0.0,7.264135339593263,9.769009594625423,0.7201082914806091
0.7000000000000001,16.5613082713323,0.0,0.0,9.1656095394778,0.0,22.69278499774159,0.0,0.0,0.0,0.0,0.855418467053237
0.7000000000000001,10.784734759555308,4.225597829767285,3.4057057135437816,5.297764443290327,0.0,11.478489627129042,12.73986211362674,0.0,0.0,6.748342802762679,0.7429115474876461
0.7000000000000001,11.650688133547243,2.946938763191362,4.112007576546086,11.239487375892637,11.650688133547243,0.0,15.21442803322052,0.0,0.0,0.0,0.7909549954879447
0.7000000000000001,17.449151473773963,1.898234051540264,11.462413311223898,0.0,0.0,16.938088459897735,0.0,10.440287283471449,0.0,3.9424861070451622,0.8064031178156387
0.7000000000000001,26.645183623738877,8.35147546415696,13.282822881087736,0.0,0.0,20.361692560230303,0.0,0.0,1.670295092831392,6.363028925071969,0.7914147153271924
0.7000000000000001,40.026361267466,5.0568636290802855,2.142738825881477,10.19943681119583,4.114058545692436,37.54078422944348,3.9426394396219178,0.0,0.0,13.88494759171197,0.8611658390359279
0.7000000000000001,15.192779463276317,0.8599686488646971,16.81716468890963,13.281738021354768,0.0,46.82051532707796,20.73479964484881,0.0,0.6688645046725422,10.701832074760675,0.8573277901726684
0.7000000000000001,19.49363414909205,5.76852439105785,23.0740975642314,5.867981708145055,0.0,22.47735366170817,0.6962012196104302,0.0,0.4972865854360215,3.67992073222656,0.7679619241896103
0.7000000000000001,17.982076166654775,26.25791803880839,41.89006379732078,10.93228494222762,0.0,20.842861011349854,0.0,10.114917843743312,7.662816548290387,5.517227914769078,0.8236562398212448
0.7000000000000001,35.56347051599514,22.21413260969784,5.3188768220403295,20.754048776196576,0.0,37.02355434949641,14.705130037405617,0.0,14.49654663261972,10.53346194168771,0.7732702025463734
0.7000000000000001,35.00335173653459,0.0,15.630427504993436,26.52769738523534,6.164112255490369,43.25885922156633,0.0,3.632423293413968,0.0,1.9813217964076184,0.8459337956454407
0.7250000000000001,4.686395314821798,0.0,0.0,0.0,5.48521269803006,1.43787128977487,3.594678224437175,1.517753028095696,0.0,0.0,0.8020356857007725
0.7250000000000001,0.0,0.0,0.0,0.0,3.629752832056007,0.1361157312021002,0.0,2.019050012831154,7.667852857718314,0.0,0.6749855313340757
0.7250000000000001,2.616268768779187,4.949697670663326,0.0,2.7576887022267105,5.727507304624706,0.0,3.959758136530661,0.0,8.308421090042012,0.0,0.5876111218770907
0.7250000000000001,0.0,8.347975989922986,0.0,0.0,8.26731921707349,0.0,9.47717080981595,5.162033462367837,9.961111446912936,0.0,0.7126861321557894
0.7250000000000001,9.891869176175724,3.7150458896949545,1.0742301367792642,0.0,0.805672602584448,3.536007533565077,8.549081505201643,14.502106846520062,17.635278078792915,0.0,0.6735959713104622
0.7250000000000001,0.7632557882599813,0.0,0.0,0.0,13.738604188679664,2.2897673647799444,14.311046029874651,11.49654031066597,15.455929712264622,1.0494767088574743,0.7093027214920566
0.7250000000000001,0.0,4.182758337941831,0.0,0.0,16.880417578122387,0.0,0.0,7.917363996818465,6.971263896569718,0.0,0.7076553032122223
0.7250000000000001,0.0,5.470785396550001,0.0,1.036569864609474,6.104244758255791,0.0,15.721309613243688,7.083227408164738,16.1820073308479,0.0575872147005263,0.6613017649307141
0.7250000000000001,18.32112851323421,1.16943373488729,0.0,0.0,10.005155287369035,8.12106760338396,4.872640562030376,5.652263051955235,18.64597121736957,0.0,0.6970407997558266
0.7250000000000001,1.604815896502912,3.4284703243471304,0.0,0.0,14.370396891412438,0.0,5.762747991987729,15.829320433687814,5.616855637760192,0.0,0.6985305504869367
0.7250000000000001,3.7150251749316494,13.164110945953457,0.0,2.6651267559292275,6.541674764553558,0.0,12.518019611182735,20.2711156284314,4.603400760241392,0.1615228336926804,0.6602958514466247
0.7250000000000001,0.0,19.835197569133065,4.020648155905351,0.0,21.532804568293106,0.0,15.993244886823508,9.20281689018336,25.37475725060266,10.185641994960225,0.6377398121811124
0.7250000000000001,6.589902922836618,0.0,0.0,0.0,27.13489438815078,2.519668764614001,9.10957168745062,23.1615705670287,11.919971463366236,0.0,0.6936772724121366
0.7250000000000001,4.670973290336067,0.0,0.0,0.0,37.26624342507254,0.0,4.163258802256061,5.077144880800073,0.0,0.0,0.6921076263184149
0.7250000000000001,4.515473678516748,14.28149814600646,0.0,0.3150330473383778,13.756443067109164,16.80176252471348,12.81134392509403,10.816134625284304,17.851872682508077,0.0,0.7118807359594138
0.75,0.0,0.1916065412940003,0.0,0.0,1.3959905151420022,0.0,2.367709403133004,0.2874098119410005,4.146913000863007,0.0,0.7229381342830489
0.75,1.176255906925509,0.0,0.0,0.0,2.2435992298764336,4.46541594295795,0.0,1.6990363100035129,1.7426013435933465,0.0,0.646684923867422
0.75,0.0,1.1770300644738445,0.0,0.0,0.0,0.0,0.6355962348158761,0.8239210451316912,4.190227029526887,0.0,0.7994628714863492
0.75,0.0,0.7251508105955065,0.0,2.699172461661052,7.251508105955065,0.0,1.9740216510655453,6.727788076080532,4.592621800438208,0.0,0.6721010296906184
0.75,6.204686114706396,9.79687281269431,0.419865977686899,0.0,3.638838473286458,5.085043507541332,13.948880814264756,3.0323653944053817,7.231025171274372,0.0,0.7468765154257375
0.75,0.0,0.0,0.0,1.5929361653837613,3.620309466781276,2.220456472959182,5.261516425055453,1.834290129835846,12.695218530179671,0.0,0.746614055601163
0.75,0.0,0.0,0.0,0.0,0.1944501654192556,11.03504688754276,0.0,4.0834534738043695,8.458582195737621,0.0,0.7845071188452574
0.75,4.740605836321263,0.0,0.0,0.0,16.59212042712442,0.0,0.0,6.478827976305727,12.062208183528549,0.0,0.7869996350364286
0.75,0.0,0.0,0.0,0.0,10.974518183654473,0.0,2.4587718334963573,12.71364948051775,1.9790114757409705,0.0,0.8176575841878275
0.75,2.8922957886636183,0.0,0.0,0.0,19.391528583085623,0.0,8.742621361187755,13.212533034576984,13.344001024970783,0.0,0.7769358346201123
0.75,19.4582093319338,5.611543515201881,0.0,0.0,9.25540294065765,2.332070032291691,9.036771375130304,0.0,6.41319258880215,0.0,0.8799640978999367
0.75,0.0,1.1838537952537422,0.0,4.989098137140771,24.43812477345225,8.709781493652534,12.092220908663226,16.489392148177124,13.86800160154384,1.1838537952537422,0.7443127844862479
0.75,15.495000010188368,7.018323534026495,0.0,0.0,29.349352960474437,5.55997059189112,26.432647076203683,3.0990000020376733,27.16182354727137,0.0,0.8359850344379479
0.75,0.0,13.265107600685658,0.0,0.0,22.467029089449586,0.0,38.60026806325647,15.89422802604678,28.32279730957208,0.0,0.6980231980787931
0.775,0.0,0.0,0.0,0.0,0.0,0.0,2.5848835738246767,0.0,1.6115632157795825,0.0,0.794170412386412
0.775,0.0,0.0,0.0,0.0,4.850249560133836,0.0,1.595888564947262,0.672776551889532,0.3911491580753093,0.0,0.8575612771594665
0.775,0.0,0.0,0.0,0.0,1.415396977412196,1.0737494311402864,6.515706775328557,0.0,0.0,2.659970181688437,0.6707376020304907
0.775,4.305835941400552,3.1660558392651126,0.0,0.0,0.0,0.2954985449980771,1.055351946421704,3.8414810849750034,0.0,0.0,0.7658008913483078
0.775,3.9390924246018746,0.0,0.0,0.0,0.0,0.0,0.0,5.433230930485344,2.8524462385048053,0.0,0.8166201009526989
0.775,0.0,0.0,0.0,0.0,6.207733909986492,0.0,10.979350273632823,7.041608614313035,16.214230361905017,0.0,0.5921036160172103
0.775,0.0,0.0,0.0,0.0,0.0,0.0,9.542229986276224,0.0,10.227313164778106,0.0,0.7807649968566576
0.775,0.0,1.7319399578962356,0.0,0.0,3.5163629448196296,0.0,2.7291175094122497,12.176062734300809,2.4667023642764567,0.0,0.7010994317369557
0.775,0.0,0.0,0.0,0.0,12.923167140245168,0.0,8.557232295567745,2.561348442210754,10.536456091821512,0.0,0.7785889906580162
0.775,0.0,0.0,4.846237859520611,13.932933846121754,17.096450226642155,0.0,3.9712226904405,5.653944169440712,10.096328874001273,0.0,0.7848004992614096
0.775,0.0,0.0,0.0,0.0,15.777794476303876,10.077962963921848,0.0,0.0,30.233888891765535,0.0,0.7505763623034478
0.775,2.712090822584213,0.0,0.0,0.0,17.035320479357093,8.475283820575667,18.47611872885496,11.017868966748368,7.458249762106587,0.0,0.7800163289897128
0.775,1.4690201769335618,0.0,0.0,0.0,21.392606326594997,0.0,15.241084335685702,6.794218318317723,14.139319202985533,0.0,0.7432506499920859
0.8,0.1350811113938226,0.0,0.0,0.0,0.0,0.0155011111435534,0.445103334264891,0.2701622227876453,0.6820488903163505,0.0,0.6996356406518467
0.8,0.5716455459902721,0.0,0.0,0.0,4.7085541024988204,0.0,6.15271127131635,2.0609326263333494,1.2786808265571876,0.0,0.6539480749407497
0.8,0.0,0.0,0.0,0.0,1.1866736858349043,3.1472649928664858,0.0,0.0,5.133653553937957,0.0,0.716836795503978
0.8,0.0,0.0,0.0,0.0,3.270320982744147,0.0,3.797792108993203,6.294488773238735,3.094497273994462,0.0,0.818119397966457
0.8,0.0,3.7659086387299623,0.0,0.0,7.304955311271374,1.814895729508416,15.562730880534666,4.854846076435011,0.0,0.0,0.5554853576353355
0.8,0.0,0.0,0.0,0.0,7.561649119647266,0.0,1.9388843896531447,0.0,0.0,0.0,0.7661051061449736
0.8,0.0,6.934219212987896,0.0,0.0,3.9410310634967183,3.9410310634967183,6.634900398038778,0.0,11.424001437224664,0.0,0.6122088176811413
0.8,0.0,2.2140039600567314,0.0,0.0,10.7010191402742,0.0,7.432727580190455,0.0,17.501174160448446,0.0,0.6777810314497189
0.8,0.0,0.0,0.0,0.0,0.0,5.371879321065325,4.3540495549687375,16.568006748127797,39.75190697588341,0.0,0.6758760200245967
0.8,0.0,0.0,0.0,0.0,5.350917095421792,0.0,7.491283933590508,0.0,1.2039563464699032,0.0,0.6726707476771713
0.8,6.063423123987947,0.0,0.0,7.146177253271509,0.5774688689512331,0.0,12.920865942783838,14.29235450654302,13.137416768640554,0.0,0.7794283508112826
0.8,2.054743400080391,9.862768320385875,0.0,0.0,7.397076240289407,0.0,17.588603504688145,0.0,36.90319146544382,0.0,0.8117501077791811
0.8250000000000001,0.0,0.0,0.0,0.0,0.2560833228236548,0.0,0.0,0.0542074186998977,0.5439434083334566,0.0,0.8039508754921074
0.8250000000000001,0.0342319974887762,1.6431358794612618,0.0,0.0,6.367151532912389,0.0,1.574671884483709,0.0,3.115111771478642,0.6846399497755257,0.8185715067912563
0.8250000000000001,0.0579446660774259,0.0,0.0,0.0,5.079815726121003,2.472305752636838,0.0,1.9508037579400053,0.4442424399269319,0.0,0.8427680870470821
0.8250000000000001,0.0,0.0,0.0,0.0,0.0,0.0,1.4977598611943257,1.3868146862910422,1.109451749032834,0.0,0.8122422199502585
0.8250000000000001,0.0,0.0,0.0,0.0,9.924387327272198,0.0,2.9421856235718464,7.684813195896614,7.157854576749417,0.0,0.8182860391249174
0.8250000000000001,0.0,0.0,0.0,0.0,0.0,0.0,2.5169389180419977,9.13007254583862,13.226267255593244,0.0,0.7839049382953681
0.8250000000000001,0.0,2.349433034498283,0.0,0.0,8.835911194960934,0.0,7.201522997049085,7.712269308896538,19.408359850203205,0.0,0.8528387046016991
0.8250000000000001,0.0,4.2246485699228655,0.0,0.0,6.951953342911045,0.0,9.251445602489314,0.0,3.3690235431030446,0.0,0.7683696742742165
0.8250000000000001,0.0,0.0,0.0,0.0,12.30382788469626,0.0,0.0,0.0,9.512681744186462,0.0,0.7290972393392984
0.8250000000000001,0.3987188447675147,0.0,0.0,0.0,15.777874285800223,0.0,3.360630263040481,1.8796745539039976,18.625866034139616,0.0,0.7751301451127306
0.8250000000000001,3.5249210481777062,0.0,1.5509652611981908,0.0,5.146384730339451,3.736416311068369,16.70812576836233,0.0,10.222271039715348,0.0,0.8155591838046619
0.8500000000000001,0.0,0.0,0.0,0.0,0.1109019642973773,0.0,0.2644585302475921,0.0,0.3725168544347803,0.0,0.8307699236379601
0.8500000000000001,0.8772657037322152,0.0,0.0,0.0,1.3816934833782388,0.0,1.1843087000384906,3.6625843130819984,0.4824961370527183,0.0,0.7391886013261659
0.8500000000000001,0.0,0.0,0.0,0.0,0.8810214286844094,0.0,0.0,1.655252381164648,0.0,0.0,0.6715215729350646
0.8500000000000001,0.0,0.0,0.0,0.0,0.0,1.1996433007165082,7.504745299831179,0.0,0.8090617609483428,0.0,0.7412353334819605
0.8500000000000001,0.0,1.7728580355201269,0.0,0.0,8.172443139348877,0.0,0.0,1.7728580355201269,0.0,0.0,0.7179860514024936
0.8500000000000001,0.0,0.0,0.0,0.0,12.922853303387104,2.844025630475154,2.2951785789799493,3.2431871224716677,16.315725985357464,0.0,0.7669067285683617
0.8500000000000001,0.0,0.0,0.0,0.0,7.327565928406659,0.0,5.356703368352455,0.0,14.554061981938744,0.0,0.6939292630600354
0.8500000000000001,0.0,0.0,0.0,3.5900373726003765,3.854010708820992,0.0,8.024789421106723,8.922298764256817,7.391253414177245,0.8447146759059708,0.7702877045398445
0.8500000000000001,0.0,0.0,0.0,0.0,0.0,0.0,7.386961205297186,10.464861707504346,0.0,0.0,0.8082784800995814
0.8500000000000001,4.917872550947436,1.7000053262534347,0.0,0.0,14.207187369403703,0.0,3.035723796881133,0.8500026631267174,11.35360700033544,0.0,0.8081029387883395
0.8500000000000001,6.24033599885181,5.703532902176386,0.0,0.0,7.515243353455943,0.0,3.891822450896828,16.03699251317831,16.10409290026274,0.0,0.7629871175147199
0.8500000000000001,0.0,0.0,0.0,0.0,17.852696834051965,0.0,5.926206417942561,10.74124913252089,16.297067649342043,0.0,0.8109797711512089
0.875,0.0,0.3227600861707893,0.0,0.0,0.0,0.1331667488396963,0.0,0.3724154840432183,0.0,0.0,0.7591780414892381
0.875,0.0,0.0,0.0,0.0,0.5070680940983202,0.0,0.2545522560734539,0.2036418048587631,0.0264734346316392,0.1099665746237321,0.6442061519066969
0.875,0.0,0.4442430408708728,0.0,0.0,2.221215204354364,0.0,2.443336724789801,0.5676438855572263,0.0,0.4936033787454142,0.7660071097819021
0.875,0.2847085661459901,0.0,0.0,0.0,6.519826164743175,0.0,6.519826164743175,3.985919926043862,4.583807914950441,0.0,0.7041330582807395
0.875,0.0,4.495133138759845,0.0,0.6964290778360325,1.7727285617644462,0.0,0.0,0.0,1.9943196319850016,0.0,0.8168146734416963
0.875,12.201637207340225,0.0,0.0,0.0,0.0,2.3616072014206884,3.148809601894251,5.166015753107755,15.252046509175278,0.0,0.6792198263610595
0.875,9.350679972910154,0.0,0.0,6.025993760319877,5.350666873387477,0.0,7.636388644543292,0.0,5.610407983746092,0.0,0.814675796299871
0.875,8.706945111529711,0.0,0.0,0.0,9.747397672026974,0.0,8.925987755844925,10.623568249287825,16.099634357168146,4.435613547383061,0.7619973069064581
0.875,0.0,0.0,0.0,0.0,0.0,10.308814004376115,0.0,3.4736221101702136,0.0,0.0,0.769470459507851
0.875,4.061671884709565,0.0,0.0,0.0,4.7285135374230745,0.0,8.668941485275639,5.092245347994081,9.760136916988657,0.0,0.7815970529331728
0.875,13.904129242583425,0.0,2.8909575652896224,0.0,23.678319106181668,0.0,9.4988605716659,17.001583776822304,8.466375726919608,0.0,0.7742302828570464
0.875,2.087197196455015,12.29955490768134,0.0,0.0,10.212357711226325,1.9381116824225144,7.901532243722558,4.994364720088787,16.473949300591368,0.0,0.806100404412528
0.9,0.0,0.0666460975860709,0.0,0.0,0.0,0.0,0.4208225019006194,0.1390047178223765,0.1390047178223765,0.0,0.9328934958558044
0.9,0.0666375592067655,0.3257836227886314,0.0,0.0,0.7058645160420347,0.0,0.1085945409295437,0.0,0.2270613128526824,0.0,0.8541271437405197
0.9,0.1492446744122656,0.3814030568313454,0.0,0.0,0.6135614392504253,0.0,2.03967721696763,3.117555421056215,0.0,0.0,0.7746506730522527
0.9,2.7982222360202567,0.0,0.0,0.0,5.319392765503854,0.0,0.8865654609173089,0.0,4.100365256742554,0.0,0.8533005657215675
0.9,0.2767499191288542,2.3721421639616085,0.0,0.90932116285195,7.393176411013679,0.0,0.0,5.57453408530978,4.507070111527056,0.0,0.8166769104385385
0.9,0.0,0.0,0.0,0.0,3.963954200093297,0.0,3.2788263136574183,0.0,9.151351054536375,0.0,0.8756096508104042
0.9,6.399001652810605,9.490044824083526,0.0,0.0,4.121390895030559,2.006466619949088,2.657212550743387,0.0,18.70894551033609,0.0,0.7901426198404511
0.9,16.769727371547333,0.0,0.0,0.0,8.737624941162203,1.68239983339148,6.186889709891249,4.7215737259696375,28.329442355817825,0.0,0.2
0.9,4.263469751893254,0.6913734732799872,0.0,0.0,20.04983072511963,3.3992529102932703,17.745252480853004,17.51479465642634,8.699782872106505,0.0,0.7462075837299877
0.9,0.0,0.0,0.0,0.0,7.315962966553849,15.901638514079854,7.6182754858329345,1.5720251002512404,15.478400987089136,0.0,0.9216214609656732
0.9,0.0,0.0,0.0,0.387989333794923,3.103914670359384,0.0,0.0,8.859089788317409,1.8752817800087944,0.0,0.8029645207942347
0.9,0.0,0.0,0.0,0.0,11.319246884723166,0.0,0.0,2.940064125902121,11.539751694165824,0.0,0.7992385286417918
0.925,0.0139520941964974,0.0,0.0,0.174401177456218,0.5627344659253968,0.0,0.3697304962071822,0.3743811942726813,0.2697404877989505,0.0,0.9222610324862429
0.925,0.0,0.1069476579413852,0.0,0.0,0.0,0.3707518808634688,0.0617919801439114,0.0,0.1829993258108147,0.0,0.8354936323854438
0.925,0.0,2.010977553765016,0.0,0.0,1.4447799900836034,0.0,0.0,2.53812700960633,0.0,0.0,0.8937794547373227
0.925,1.519549366659664,2.7709429627323283,0.0,0.0,6.465533579708766,2.0856559934544405,0.0,0.0595901712415554,0.0,0.0,0.8558961911295351
0.925,0.0,0.0,0.0,2.543226171677129,8.882862425712872,1.9534925666505487,9.10401252759784,0.0,8.293128820686292,0.0,0.8011022025584686
0.925,0.0,0.0,0.0,0.0,12.218615037436562,0.0,0.0,0.0,0.0,0.0,0.8768566190245626
0.925,0.0,12.726895235307731,0.0,0.0,14.03221782354442,0.0,2.882587382356024,1.0877688235305754,0.0,0.0,0.786039425613288
0.925,0.0,0.0,0.0,0.0,0.0,0.0,10.454378712358835,2.0126076665503643,6.093728768166381,0.0,0.871715360556165
0.925,0.0,0.0,0.0,0.0,12.56355819581175,0.0,3.656998160283232,3.2441112712189963,21.8830051204045,0.0,0.7682652868439879
0.925,0.0,0.0,0.0,0.0,24.08866459851676,0.0,6.006842571640311,0.0,19.61417982576428,0.0,0.6706536051478579
0.925,5.862930867535954,0.0,0.0,0.0,0.0,0.8086801196601315,0.0,6.065100897450987,13.275831964420492,0.0,0.826121487459213
0.925,0.0,0.0,0.0,0.0,0.0,10.260502658886834,11.441567713147188,4.428993953476331,10.260502658886834,0.0,0.8595226246580455
0.9500000000000001,0.0,0.0,0.0,0.0,0.2104799089133472,0.0,0.0,0.3314453738060754,0.0,0.0,0.756999965802185
0.9500000000000001,0.0,0.0,0.0,0.0,0.3242812801518627,0.0,0.2935100637870874,0.0,0.1372869653197667,0.0,0.5996263281319643
0.9500000000000001,0.0,0.0,0.0,0.0,1.381813125876994,0.2474889180675213,1.8149187324951563,2.2686484156189457,0.0,0.0,0.6503134556817807
0.9500000000000001,1.7360356702253266,0.0,0.0,0.0,0.0,0.0,1.1269003473392472,0.5482217905974716,1.187813879627855,0.0,0.6926939002122696
0.9500000000000001,3.628361581186141,0.0,0.0,0.0,4.646849042571725,0.0,4.805987708413222,0.0,3.8829834465325375,0.0,0.6495813437221375
0.9500000000000001,0.0,4.010206110842509,0.0,0.0,20.744152598061863,0.0,8.119429656520635,0.0,4.75283687210964,0.0,0.6749216206625076
0.9500000000000001,11.017798184278014,0.0,0.0,0.0,13.9086066187668,0.0,0.0,0.0,5.508899092139007,0.0,0.7543689764892827
0.9500000000000001,0.0,0.0,0.0,0.0,0.0,0.0,5.091262559772146,14.701735706308332,2.8602598650405318,0.0,0.728255502157546
0.9500000000000001,8.298199023893071,0.0,0.0,0.0,12.540887246635393,0.0,0.0,11.916962507996816,7.79905923298221,0.0,0.7667007536039919
0.9500000000000001,0.0,0.9287622324733686,0.0,5.01531605535619,0.0,0.0,12.321578950813358,19.56592436410563,7.739685270611405,0.0,0.7121218922267993
0.9500000000000001,0.0,1.6676326841309126,0.0,0.0,3.543719453778189,9.658372628924868,2.7793878068848543,0.5558775613769709,13.966423729596391,0.4863928662048494,0.6833471775309519
0.9500000000000001,0.0,0.0,0.0,0.0,18.47601957544134,0.0,6.182636900731344,17.11008816714023,20.488971124516663,0.0,0.6767435008733523
0.9750000000000001,0.0,0.0,0.0,0.0,0.0339008604919752,0.0,0.1966249908534563,0.1378634993340325,0.4226307274666244,0.0,0.6639971565357352
0.9750000000000001,0.0409794630688406,0.0,0.0,0.0,0.1092785681835749,0.0523626472546296,0.3301123413878826,0.0,0.0,0.0,0.6578361677965343
0.9750000000000001,0.0,0.0,0.0,0.0,0.2763199791451678,1.160543912409705,1.1881759103242215,4.89086363086947,0.6907999478629195,0.0,0.7410251383843576
0.9750000000000001,0.0,0.0,0.0,0.0,4.411105979287907,0.0,2.971369999936993,4.104779175170691,2.1136549484087888,0.0,0.6801452528853709
0.9750000000000001,2.4427344753466613,0.0,0.0,0.0,0.0,0.0,0.0,2.8046210642869074,0.0,0.0,0.7677923478743813
0.9750000000000001,0.0,9.300499920910433,0.0,0.0,5.4334499537950425,0.0,8.859949924656782,0.0,0.0,0.0,0.7568352182932528
0.9750000000000001,0.0,0.0,0.0,0.0,4.361310272949281,0.0,12.276280768301682,5.168960323495445,0.0,0.0,0.6923734947121396
0.9750000000000001,7.099548645006768,0.2817281208336019,0.0,0.0,4.225921812504029,0.0,8.001078631674293,0.0,13.29756730334601,0.0,0.7326911868118273
0.9750000000000001,0.0,0.0,0.0,0.0,0.0,0.0,0.0,2.756501749602919,1.1729794679161356,0.0,0.7103463929033211
0.9750000000000001,0.0,0.0,0.0,0.0,8.243772078136564,0.0,0.0,5.174922618392294,3.911278723203479,0.0,0.7206441672448837
0.9750000000000001,0.0,4.145005818654076,0.0,0.0,9.261497376055203,0.0,3.108754363990557,6.670868739396405,6.929931603062284,0.0,0.7774581978423989
0.9750000000000001,0.0,2.489232695860808,0.0,0.0,3.982772313377292,0.0,11.023744795955007,17.922475410197816,0.0,0.0,0.7092561377136692
1.0,0.1068144678381589,0.0,0.0,0.0,0.0,0.0,0.0,0.0,0.2066247082770944,0.0,0.6593657632027403
1.0,0.0,0.0,0.0,0.0,0.1874362960446919,0.0,0.4967971730116591,0.0,0.101907112412648,0.0,0.7513962781190606
1.0,0.0,0.0,0.0,0.0,0.0847069366551531,0.0,0.0,0.0,0.0363029728522084,0.0,0.6842951858258842
1.0,0.5368293479282741,0.1917247671172407,0.0,0.0,0.996968789009652,0.0,0.5560018246399983,0.0,2.262352251983441,0.0,0.7677838264515061
1.0,0.0,0.0,0.0,0.0,4.589540284752771,0.0,0.0,0.0,0.0,0.0,0.7193182338454096
1.0,0.0,5.103002471187362,0.0,0.8734869094825214,0.1379189857077665,0.0,9.976139966195111,0.0,3.034217685570864,0.0,0.7245823428269337
1.0,0.1056224442884557,0.0,0.0,0.0,2.8518059957883053,0.0,0.0,0.0,20.279509303383502,0.0,0.680413349958925
1.0,0.0,4.313754699957728,0.0,0.0,6.243592328886186,0.0,12.714224378822776,0.0,5.903032747310576,0.0,0.7223461794406095
1.0,0.0,9.0351824970711,0.0,0.0,4.69591721887248,0.0,4.398707268310931,7.430248764038734,0.0,0.0,0.7588320717204813
1.0,0.0,6.351436346361545,0.0,0.0,13.76144541711668,0.0,5.043787686816521,0.0,9.527154519542318,0.0,0.7386448209277179
1.0,0.0,0.0,0.0,0.0,9.508797305852632,0.0,20.32016958510974,0.0,2.0841199574471525,0.0,0.6836524270718239
1.0,0.4761685483162393,0.0,0.0,0.0,2.3128186632503054,3.673300229868132,12.176310021229549,5.237854031478633,11.15594884626618,0.0,0.6528426139913172
1.0,0.0,0.0,0.0,0.0,0.0,0.0,0.0,11.303037204722512,23.89568268112477,0.0,0.6228825085061392
1.0,0.0,0.0,1.5328340915322751,0.0,12.2626727322582,0.0,6.85741567264439,7.260793065152883,18.474684576889,0.0,0.6944129552537467
