frequency,556.9903133271202,557.115052240697,557.2397750071781,557.3644816225121,557.4891720826478,557.6138463835335,557.7385045211182,557.8631464913503,557.9877722901787,558.1123819135516,Max_Oxygen_LifeTime
0.2,19.53602637205424,0.0,52.51084795545788,10.701262853481696,8.585896940584266,0.0,67.31840934574069,0.0,58.98137898314472,0.0,0.45973694591830416
0.2,70.68616162691934,0.0,214.8648833572612,131.72532849085937,33.325981908471974,9.822394667760395,110.32654010752428,50.1643727674908,70.86156153170161,0.0,0.971616363897645
0.2,134.6530020691983,83.25548392922133,228.10303505097772,207.2891640686724,49.91081306981247,38.65433182428031,191.9973404898359,56.49479266625672,172.245401700506,0.0,0.9117780783164717
0.2,416.6692008798878,159.82201560269945,699.6592790971456,235.5555508208406,302.3951121521556,161.4391017639394,412.3569711165769,400.7678536276781,189.19908086525243,129.6364072595237,0.9391676774955388
0.2,75.04721324997114,174.7602937918915,225.404042593446,130.9390189221528,237.73697623941973,206.51103785918733,326.1667345094932,128.0525876433066,254.26835538189735,102.337108977234,0.8415457954533347
0.2,197.18880153397168,152.1007687664359,383.2482785240576,194.0497612780027,327.8870231006256,83.32725043114255,366.4116080602308,219.7328179177395,253.97689343738796,134.97873100661073,0.8653322467273351
0.2,314.11125799253153,236.9224333103161,480.4610515933908,165.08956789176227,327.34362793805485,168.55518859177946,237.8676025921394,244.16873113762415,219.90938623749983,150.2819158098662,0.7316352996703497
0.2,410.1979901859213,205.79306952644023,401.5220597674386,518.4736018086031,381.04686397981646,127.70969576008356,511.1858202570775,124.9333980261674,430.67318597354574,219.6745581960141,0.6677301296999959
0.2,406.299028148131,192.780824319812,390.5539807435236,439.325225143158,469.27921776655313,284.9469554687257,534.5635606637037,263.4415248673126,404.7629259623164,155.91437186024703,0.7000370427067865
0.2,353.03426336928186,272.4732785382993,612.8539840807256,465.2291427674048,167.44874857539426,474.0866332462057,653.3453691266668,481.2569826814236,504.03338676976585,261.9286470159183,0.6751327152436368
0.2,472.0237764638416,382.919578583447,841.6919615163574,540.1085225365532,377.8931879337816,265.0278706186143,581.6904815474086,422.2168145717205,694.5557988625758,525.4862951920802,0.5234310677705861
0.2,930.3758389191744,507.33754310122936,624.0200378165061,610.6555230033024,590.0947309829897,524.8142163184943,721.6837999129978,579.3003151723234,900.0486706892124,417.898097812867,0.6944522570889506
0.2,835.0247902981547,558.3432825784231,828.937797128322,894.2346329501792,757.5539681366283,655.1818102803285,1132.180729589153,576.6042620879216,795.1826531865167,783.0086668468437,0.6630253734709786
0.2,678.6921647633663,389.2853108172882,1248.4807108900586,799.6293324206671,1178.0844491193889,830.3148824232679,1310.4534883462902,991.5644392996676,979.530890279045,599.8724186782589,0.79822163316433
0.2,1022.187057607061,712.8495795212403,1128.1335088753533,1144.4832698735486,721.3514552402969,393.0482543965712,1215.114237385745,996.6814304498786,1045.7307134444598,910.3546923794134,0.7036243975064377
0.2,1044.143380176201,1000.17944837931,1831.830491537194,1319.6506861033913,882.9422969209237,798.6780943102133,1867.0016369747093,1036.8160582100477,1340.16718760861,1104.9601524952343,0.7339582087744879
0.2,938.665792763744,1071.1355107035645,1180.8496942733516,1550.6271277863434,1089.8275567932317,1307.6305286206596,1736.7348910269484,1106.0815099146812,1505.9287567023598,1214.982995828398,0.7500676178642665
0.2,1965.8871644530009,1771.1187139007147,2396.380048150346,1725.612066575409,1604.564384690106,1686.476349875651,2053.259927317583,2197.0609328655264,2248.028377869869,991.134778745053,0.6612667032813783
0.2,3041.100156781894,2728.483567238585,2829.4991318869347,3087.8863130400814,2719.9769933734565,1835.29331140054,2967.730957195205,2301.028230516092,2644.481150320484,1791.697120341782,0.5525249130712094
0.2,2694.6762683381726,2519.4035777832373,3235.194630178563,3650.195129750577,3373.151199518577,2624.567192116197,2565.7660314139016,2623.4364005642246,3160.56238774872,1624.9474601770655,0.5601010204217014
0.225,268.4167132189434,113.80540552827738,161.78822515641502,141.69285625232283,212.64181177085115,203.6194012424839,372.99465343411697,251.3971660858863,285.2312055672667,192.9565524362308,0.8247662403650454
0.225,330.6609877325256,111.87404761243036,355.4667632563451,308.33578976108635,309.57607853727654,196.70979990389532,398.1326971573169,217.050535833428,171.90402438007587,303.3746346563224,0.7810588398643363
0.225,344.35692244427497,249.25914134440072,320.24380985769744,433.2232250105392,285.29334329962273,292.60855723038185,342.4603854992635,344.8987901428486,474.6761039515108,241.4020597150661,0.8336496532846075
0.225,416.6692008798878,159.82201560269945,699.6592790971456,235.5555508208406,302.3951121521556,161.4391017639394,412.3569711165769,400.7678536276781,189.19908086525243,129.6364072595237,0.8326921862102807
0.225,505.4626086475898,274.8414548843214,426.54165456348943,368.1954239176557,425.3133128656808,168.89698344846408,524.808990388052,354.3765798173261,321.5184394009896,462.7777346487966,0.6972630871582721
0.225,473.2068091124148,238.5750995941773,672.0193921075625,211.2999849022796,366.07804538279726,274.72284195693,531.7004285721454,394.9962392730008,515.9268682683975,268.4791410033629,0.8245197440059927
0.225,440.0584273665484,520.6666141404522,357.3744932937455,512.3636249448577,372.2506822691868,474.30825779837846,619.9565266044465,341.11447278570324,371.55876650288855,199.61769857743587,0.8684417707442
0.225,627.8011881024535,213.97247594497935,654.9192275885376,379.2810728121919,283.0677546355436,382.62439274883286,491.8395106790832,465.46443117892,508.55611036228527,202.82807615617628,0.7852449718092277
0.225,731.8522106247362,299.94606641201904,883.2419931322895,667.8960992980175,463.8841998760766,98.36288007843508,510.4345340695774,587.3437818675284,497.07661208361714,536.3408070120446,0.7001181046785798
0.225,764.7876538802212,502.8923468247263,666.9659772211236,656.7391655703968,525.5691900502427,307.6936374913442,496.66733103732986,695.8678362340365,852.382518888595,371.7223713045721,0.8729390368811302
0.225,736.2857740081685,482.1484262053498,693.5336968076924,725.3602431680473,702.0841122477858,249.38711700276608,900.1687366099857,723.4601508480238,780.937943528665,501.6243724855643,0.9409197834843136
0.225,917.2580058798368,929.2517148822448,840.0810957773837,702.935640662886,899.0067095718193,561.618460677987,953.2391328870614,776.9837571125362,733.1806459733081,428.1232648250949,0.8786739544765398
0.225,1003.288423982938,733.2800374057355,641.4099639645245,589.3129101228659,893.4924825532019,522.6510885405238,1073.87152918777,996.5662234872386,1086.7557468045247,594.9147438692808,0.7488796733202973
0.25,283.5037343449007,153.47810491828676,219.68747450361752,196.07545836234289,120.29364980081893,124.12262539129556,280.31292135283667,252.7123889714814,205.16927538972635,111.1998327734354,0.8907084191471129
0.25,247.9242547261616,111.67236141841926,232.24754541092392,149.60612716887044,174.18565905819227,188.12051178284776,268.2459149496175,204.18430034043627,257.2141565425991,107.22095013137655,0.9102083319707164
0.25,293.70150079882853,85.9671594158572,317.4896736782849,281.68965112702483,111.404017544383,174.28958347324146,207.2632884546678,192.4251212130256,296.76334483281954,206.7922355263611,0.9443221441693939
0.25,234.5246258104164,199.41144161086777,402.7534635425813,399.0849219097914,344.58087479407527,254.17752741464145,328.0724374465268,292.17313718280906,289.55275030224584,210.417066509234,0.843301338754155
0.25,378.5468334117169,328.3673694478404,613.5980067162036,375.9058089925669,361.82034542375806,181.6437906060863,462.4727205092001,339.2249142821274,306.6522797792603,288.7520031605659,0.8709211639441403
0.25,400.2204606531393,198.87498199122197,489.1583407982818,482.98209912153607,343.0902251432378,185.9048744700529,354.5162722452214,313.75307717869634,536.0977775415527,342.16378889172773,0.8162583665516217
0.25,566.1638700381191,506.5503386379451,607.9921489763634,441.00838975046,439.03225058802286,248.33482141288096,565.1758004569026,322.7693965313308,545.0850523054618,414.659867584638,0.8839646218926953
0.25,745.8638294170688,594.655567702887,821.1044788758078,757.4952341643141,677.1658451286537,367.4796937332624,688.0702870791977,393.2868730162125,599.3808258814552,452.5343409474911,0.8620823431292292
0.25,316.2873343184841,249.68002622924723,760.7255713349733,567.1359098124524,384.842224515592,412.1083740258052,814.8683539338286,690.2230990299893,558.5665485378156,286.684086278821,0.920458161603352
0.25,553.6291849093824,469.7204204029354,723.5549743370179,652.7174244019234,578.9283098862003,367.68061632976594,838.2443408985964,752.6489680603565,587.3613515451423,255.94281434881597,0.8298172285604452
0.25,684.1155279654183,590.5043889247556,903.724598226694,833.627157618043,542.5896826859323,631.3206201652345,751.1073857622943,630.8769654778359,669.9185779687323,500.4424873832638,0.8914172453042928
0.25,769.6036044117761,741.8615229600144,889.1815417038473,1006.3679202500788,488.3562959008207,605.0643626978848,921.7067406472916,899.22608843638,976.7125918016444,749.0361991975401,0.8738477512417712
0.25,954.2374728699692,598.4638696192079,1306.3965402386482,1073.000794709846,837.0232378366969,749.7580143978327,1082.2953155494902,812.2378489309821,657.3291682702783,845.8013964074697,0.9391192474088602
0.25,902.2482747552916,762.5171444846599,1280.504810995716,1030.517085745912,1009.7757460963636,582.394984370172,1266.859192805223,1038.1586319325863,1004.8633235477896,519.6251406939117,0.9311141893419929
0.25,1222.5010807192252,997.812146911148,1203.1730003916516,928.3518582339194,1105.9285962435276,670.4427863628147,1561.9504914722936,1076.3324732419258,1270.217279027934,916.2718080291844,0.8825515117549522
0.25,1213.473915078734,709.827981887191,1498.8094437689977,1420.2942982904706,1180.9188547583665,1399.2292592596416,1481.5744118346872,1224.3256018521886,1292.6273950733496,683.0179322115948,0.9153880401320287
0.25,1343.081304670836,1290.135484776128,1457.6855477340698,1447.632543956592,1436.909339927283,924.8763475278224,1619.2038084255207,1233.8386636222588,1430.8775376608007,1109.851617033386,0.8366406301068983
0.25,1512.337346689154,1452.37994255269,1793.784455517967,1896.770114387655,1368.4395767616377,1257.6947244154676,1548.3117891710342,1530.6772585426606,1597.6884749304731,1201.9696076298137,0.7023520808996986
0.25,1577.8803334340332,924.5745793331254,2269.615837776173,1573.359186346829,1289.2804443675402,1512.3237006695797,1798.6630161924752,1571.852137317759,1745.9163001750976,1416.6260873237702,0.755610973873429
0.275,200.7422277303945,169.81981386283462,267.1493788230253,114.39603381605782,270.6978525455318,118.95835717356654,273.4014515722051,195.84195449455137,226.59539342294573,242.6480126438107,0.7349682530279553
0.275,342.5965227238724,196.121123188038,415.8342224917903,342.5965227238724,250.48524206338195,223.81605167170275,334.8009132247672,223.4057564349085,329.67222276482977,176.63209944027136,0.7725901930008846
0.275,311.1425678318062,182.1092208992842,318.92702934693244,342.9880922118619,470.6060825052716,360.68005020078215,309.01953287313694,379.5514720556295,412.3405675284305,164.4172629103624,0.7802447031227839
0.275,310.16423541733127,402.7346933291931,603.0380117419295,330.38077220268013,383.8481918586689,277.7113737355852,464.9803460630324,401.9366721402976,437.8476256405885,230.36211652779423,0.7744336608163489
0.275,582.7010022996898,534.8159687260116,629.3889100340263,347.4657748689979,354.6485299050489,301.97499297400293,514.764110917035,319.0340361846268,416.5997920909961,382.1824242099134,0.8173128926325012
0.275,431.9384677974861,470.41850947209593,637.1653567287336,519.1598955932666,348.2443771552107,289.24164658747725,538.3999164305725,367.1637309785601,414.3017820299565,400.833767443843,0.7840962965634557
0.275,562.1743807335897,519.3288839843813,678.2718557959672,438.1297570806352,635.0808308471645,489.26793062001485,790.9140488624408,355.20298917893587,562.8654371327714,333.7802408043305,0.80167380927598
0.275,474.9687891137257,405.4699443078527,712.2731348498506,604.964037688445,622.6088221210248,580.1173004262411,571.1148593892121,449.4018565685584,411.9517018545134,296.3603589390422,0.7916037598162216
0.275,451.1152351017728,470.19794386242506,949.5555879299616,518.2863699392628,503.0202029307431,495.3871194264832,359.89988722586645,485.4641108709448,466.3814021102951,442.3371890718737,0.766825166377979
0.275,707.3235409597505,712.3638512278733,911.45610681868,1004.281820923254,739.2455059911848,561.1545431842179,750.5862040944609,925.3169600560144,783.3482208372527,466.6487256569373,0.8298172285604452
0.275,631.7671071624542,772.8879754981905,876.4348665061439,963.81620912889,552.2500853757538,562.2989397773696,759.7807741047791,660.6029502279599,571.4739807527596,484.0926381300136,0.8419934897076728
0.275,919.9495538793424,546.972018453414,854.2388714593902,858.8663843058656,706.1584603721707,844.9838457664393,824.1600379573015,947.7146309581948,781.5869197697265,626.5652394127923,0.7573560230931569
0.275,962.7657135475042,802.8787146190741,944.0712336727972,701.5349552982836,669.5575555125969,649.879155644483,948.498873643124,703.5027952850943,1045.9069529902897,649.879155644483,0.8159663184531726
0.275,818.0161509929732,589.200444421513,973.5068243222152,1057.7526071962516,814.3759011156968,587.1203016344971,1164.8799607274395,970.3866101416946,723.889689880623,584.0000874539766,0.8465959102028908
0.275,871.8529937892805,996.4839844926624,1181.4566765773218,1157.2072077979308,887.079404418196,722.408593172097,1447.0729508818183,1136.3413858249633,1187.660029055773,883.6957576117725,0.8661823154686811
0.275,1278.4492723052597,1073.730271184485,1462.875427833893,864.236482865556,1134.6088079609217,524.0328949972046,1190.7125575392158,1511.816996614949,1322.0192054884017,1174.000802345681,0.8753687785904483
0.275,847.1922819087489,1262.3726054931735,1431.3123467715204,1405.1298038427724,1282.9446035086132,998.676994567929,1243.047395236243,1359.6220506570896,1146.4213439515772,984.9623292243024,0.8164756490907241
0.275,1332.0966860008689,1257.326118692108,1408.8348998177592,1388.5025525671324,1300.6143418708657,1205.5114273114696,1641.0171877765565,1289.464344991485,1132.0526243414613,855.9262310345327,0.8361569321063043
0.275,1520.9989096436552,1208.164327018021,1109.7842207171952,1810.477064154711,1334.8552552759122,1186.931210550213,1458.7151013381024,1202.502162626604,1351.133977901233,1200.3788509798233,0.7819711433974208
0.275,1448.4809910627446,1100.5506970263034,1931.307988083661,1742.6000319960976,1834.7425886794776,1280.4129676722607,1787.5655996575892,1461.0123787716836,1465.4352214924916,1191.2189728027477,0.8320106428086772
0.275,1715.6508141185573,914.1845751714668,1898.332255585646,1789.500758541422,1687.6655720214712,1341.7368849880495,2444.044476478816,1761.5155164443363,1644.1329732037882,1178.489639421717,0.8289673586522995
0.275,1615.6219858615334,1233.4231132644586,1799.82399027669,1435.477294318965,1740.5872223370116,1433.8543691699308,1919.9204513050704,1657.8180397363708,1433.0429065954163,1507.6974634508963,0.8365105221819555
0.275,2411.6651745400723,1590.709088939385,2449.214101532207,2223.067154875051,2164.1836102737493,1316.7725988376933,2152.236224412624,1858.6718861105,2690.7219728679597,1033.4488769879763,0.773445122916722
0.30000000000000004,180.1009647301092,128.45859545046977,219.3721814803644,225.2700565234435,217.9336753722964,194.0544739783679,276.7685751922764,168.01751342233794,158.09182127666998,151.18699195794247,0.7407217240849905
0.30000000000000004,312.70585858659376,181.90328603147,293.82910248898867,298.59596008939457,264.4652596704914,321.28620226732386,326.2437341717456,270.7575117030264,364.9506178870375,186.6701436318746,0.867026873689901
0.30000000000000004,231.22087160638975,165.95872452835056,242.88283603270648,354.56857226935307,304.78095491084764,172.23824383482784,358.8296746558921,402.1135041612593,407.4959492810987,259.25443993888115,0.8479892845776956
0.30000000000000004,325.511198097421,240.1978107645564,466.93845031291534,363.85144061903605,250.1002575085482,356.7419916746298,474.5557170390655,319.92520249824486,425.0434833190981,221.15464394918277,0.8758760872989872
0.30000000000000004,435.7074510808878,321.03207999126244,580.7467379088962,525.3252218038855,412.418622504844,257.3562955301853,664.1738073648455,431.5803169028536,450.15242070400257,248.80723187568856,0.797632544766235
0.30000000000000004,647.8960721585588,611.3265136401197,734.9510388971462,408.4140075245258,580.5821945316944,384.4658010611216,644.6598280418829,642.0708327485407,543.3653871899214,363.7538387143956,0.7840962965634557
0.30000000000000004,499.4539393810775,509.5575254777971,717.0178266637341,478.9099809844195,693.7795786412813,238.4446318825378,460.04995360388,532.7957735002454,445.5681468652516,256.96787305985407,0.8105519957228438
0.30000000000000004,417.4038345197872,574.7555436665265,616.9360717594749,438.3107049658565,363.85290320178166,381.825476041386,439.41106656828384,586.125946891581,727.7058064035682,490.39448748062944,0.77806321886658
0.30000000000000004,702.6811609375309,405.0795869788989,737.6018149874371,612.2754676749993,589.7710461761708,509.8415491286103,934.3214994685692,743.0339167285329,689.876921119235,600.2472423911444,0.6703456165782044
0.30000000000000004,594.7765969442203,530.8886048954655,975.631465673576,879.1812067096494,849.0920233576529,467.4127934405728,895.2562498703044,820.6515623811102,1014.3764414966932,588.593888036275,0.7814791732500574
0.30000000000000004,788.5092697516791,497.0942568231346,886.3692889520555,676.3599557123133,644.7503034927245,297.91014694626955,701.4744739141828,683.2880986645524,729.6200546576506,564.6436506074643,0.804430205528871
0.30000000000000004,574.8082551484588,782.8164121004057,1113.4008043990336,1018.6828043584128,850.6047846784904,713.1708238352414,1126.8656181302983,558.5576178865871,932.3222749096162,749.8508336548923,0.8523502692667881
0.30000000000000004,1171.0276326235266,685.8090065471396,1125.0068969544263,805.36287420926,839.8784259610852,768.346195518895,1246.5616661673796,738.8328976441456,1095.4935990796769,743.3349261335151,0.8192687141174579
0.30000000000000004,862.633292768767,1122.195788025758,1277.7272831995888,1190.6914464963506,888.3835403141023,932.1589611411744,901.773669037681,537.1501637957151,1140.7359662584,527.8800746793922,0.7077329333746215
0.30000000000000004,829.3129978686596,814.9382392389396,1253.921252777417,973.613459497808,1027.2423666933128,774.0254646774173,1219.6429821988454,873.543024421657,1100.2219105057577,834.2888758558724,0.7396000724320938
0.30000000000000004,1029.0184751294455,1092.9326661312762,1000.5476082286306,779.7531302223119,1136.5105236325198,1140.5777903326357,1121.4035330320912,1204.4919813344663,1170.7917715335043,679.2335389194346,0.8241658209092182
0.30000000000000004,1521.4773695921633,944.3652638847896,1342.1211760636554,1457.4215861891253,1162.7649825351473,761.9587949561391,1525.7477551523652,1102.9795846923114,1512.3265433917318,1021.2322039684336,0.8088869096929134
0.30000000000000004,1082.1841094900758,1057.061978376917,1464.8134910597853,1377.2081107677293,1357.8833945268354,995.2228864060525,1401.6860846728634,1238.7143110413183,1378.4964251837905,834.1835843986015,0.7500953902929088
0.30000000000000004,1186.612771487148,1056.7415580179363,1514.7084686725375,992.4894839857968,1627.4913645800132,1501.7213473256152,1129.1960244797078,1386.8878533107306,1434.7351424836029,1404.6597035749396,0.8399572348441947
0.30000000000000004,1454.79170534393,1408.994032376883,1457.6540599043744,1562.1300013604534,1216.500688187249,1207.9136245059303,1832.6225073220928,1662.3124109758708,1851.227811964957,1243.6930565114365,0.7962337857581046
0.30000000000000004,1147.4466089524672,778.1192124304545,1769.197367210295,1623.9980883357102,1373.0639499729698,1214.4616607407336,1867.486109833088,1540.6015794436437,1374.5531733460443,1441.568225134311,0.8213576247342389
0.30000000000000004,1425.493085025888,1705.2627559188195,2068.884961225036,1731.1238179341324,1575.9574458422514,1844.7557570923243,1948.983673699497,1444.3011301279323,2104.933714337295,1617.491878775935,0.7957711616736298
0.30000000000000004,2332.42978067984,1834.54103782108,2044.4353117713424,1745.0512310980982,1907.759970594424,1588.0372974841423,2435.749830260009,2056.638467233564,2418.665412612891,1501.8016655510912,0.8035843122847343
0.30000000000000004,2083.4298899815026,1789.612854214881,2135.9895356758216,1965.3860955532696,1716.3740036572126,1798.2291895746,2121.3417655642907,1880.946009027964,2002.4363376000863,1392.3997941315572,0.7433503506397324
0.30000000000000004,2143.374827401617,1797.1092436057015,2690.638903110727,2594.7078046976053,1959.7352961536487,2337.977912753932,2612.980394871537,2402.8456078713743,2304.1736209321757,1878.4222698796752,0.7786844305942255
0.30000000000000004,2159.057600273216,2212.227004677481,2600.553547558636,2502.7598216007877,2192.2884780258773,1974.8635921584328,2789.4948239237965,2351.7966912386723,2565.42376250582,2136.2707126713835,0.8174794864497246
0.30000000000000004,2536.6540427506543,2418.532783484038,2487.4368513895643,2482.515132253452,2919.5637915399416,2293.521117426858,2680.3682415250446,2772.896561283892,2784.7086872105565,2317.1453692801865,0.8171196267616777
0.325,278.3358817010027,108.81119454600176,306.09062117940334,167.63231855420162,149.49711946320147,195.7024527994016,308.9291740806039,272.3433811318022,254.52357680760355,221.24942891020248,0.6904838691894314
0.325,294.2386067750868,232.6537821012317,351.86183454009824,313.5063735590128,172.86968329503193,117.40732657121002,419.38905457722126,237.87588711743604,344.4788584827068,222.92986241588548,0.7902560967884147
0.325,436.0598957542253,157.9635524536541,460.8108727628874,169.23228995353108,231.6128011135731,250.72940937229555,487.97657923580846,287.15157879154526,297.2129515592949,233.82630312247736,0.7698843571903901
0.325,307.4867156965921,301.2506356590636,459.7909781516129,394.5519869897774,334.82952816883073,454.9939935073589,482.816504444025,439.64364264575136,363.6114360343487,299.57169103357546,0.8540364758011214
0.325,422.4314367197594,186.6352131570236,729.1725914667902,503.3851963698877,240.5062604878344,283.7797247371759,700.3236153005626,415.3663813321105,448.9253944234388,329.4082074490657,0.911080856110562
0.325,638.1248404951568,345.15132307127567,544.1399731799727,513.6759127398782,504.6015117577238,339.3177795827459,621.2723815282961,509.462797998163,447.2383341205259,439.1361903864576,0.8393893428768292
0.325,547.1444605033766,654.2801472686083,870.70140080105,464.3740804272262,598.3832672171819,451.8331137490209,762.8490873684939,775.031740713032,632.0647205815031,460.0743204232696,0.853862127489083
0.325,532.4125267815144,431.4507763193959,663.6249889925845,572.116585952011,623.5427959252269,412.1659475794392,640.1806873871508,765.3430072484279,644.3401602526303,459.8108185840365,0.7881536447098433
0.325,851.7516560126385,585.148112420308,707.2906795760039,706.0733117970432,604.625996883673,331.9356143965393,762.4780188888775,704.4501547584272,821.3174615386304,689.4359521512495,0.8422857745123126
0.325,777.8039976646784,740.6853687088826,1064.2079642668054,617.9408115936857,854.9938737886682,645.3579807087616,837.6999671160819,764.7281170097963,556.3576317352039,532.736686036057,0.8507270960130764
0.325,998.0228482357164,716.2973228841751,727.6025205307068,933.8093256034236,920.6952963334478,859.6472290421833,837.9412495608466,745.690836765155,976.3168687543796,806.2866961505591,0.7855066817485893
0.325,911.6355908224656,422.6189448150927,868.0166630319151,1168.987264786702,931.5064357048248,1007.1125772084436,838.937377838217,804.5268903590054,801.1343070864108,634.4130719758663,0.7770964449164884
0.325,930.383950131223,910.1582120848929,1310.627825402247,949.5984012752388,1220.623291096072,1138.2034085572725,1293.941591514024,968.307208968094,1050.7270915068934,764.0272547001522,0.7981384129485255
0.325,1061.3041282441304,499.8577474476263,1282.9132285976975,922.1798046970988,944.1757451788418,1261.4671866279934,1141.03941249045,1232.3225654896837,1034.3591011539943,1069.552605924782,0.786338007417429
0.325,1336.668488674732,934.1860479607004,1740.3364446780554,1334.890215740796,1177.2166822651927,1187.2935622241628,1397.722526073181,1164.1760140830029,1385.2746155356313,637.8072256381415,0.8731201779845464
0.325,1290.8829193200966,1097.5684328800455,1474.6588620213356,1543.9722798567489,1599.9317364578137,1249.549229785216,1473.3870561894917,1302.3291718066766,1037.1576558675288,1107.7428795347817,0.8598952948851466
0.325,1190.3588770199456,983.0231349458002,1579.8586097343216,1254.6130846275903,1238.052721842114,1136.703301595005,1548.72512769763,1386.4335723999689,1889.2061865669932,1195.6581931112958,0.7899872613901785
0.325,1537.9810072326502,1361.1375595925017,1738.496412430932,1894.45283869626,1391.7718576088992,1103.5309626363712,1728.7491357893502,1842.2352852592076,1343.731708446816,1164.1033246233542,0.9136288311130605
0.325,1446.0303607930164,1595.8242750905513,1847.952645690356,1837.5708892538944,1629.1942064934633,1844.986429565653,2129.0016235060257,2111.945880788975,1751.550621637491,1431.199280169499,0.8563762312848724
0.325,1854.8659126849543,1798.681501362566,2110.817119820278,2118.6205102817207,1637.1513188107006,1768.2482785629384,2601.6503798450312,2039.8062666211472,1935.240834437818,1360.9112964756252,1.0
0.325,1852.3466977761332,2210.650377507914,2288.97722842602,1934.8398705515876,2069.828698729603,1819.849387288832,2326.4741251421365,1641.530811794415,2334.806768856829,1767.353731886271,0.8517081958335102
0.325,2021.2598600708309,1679.848620137029,2317.032579499348,1996.6852721064472,2074.7973552789617,2196.792631245024,2192.404311965672,1856.2590551670912,2366.181755428127,2215.2235722183177,0.8584751997628941
0.35000000000000003,273.6715995607136,339.6796806186207,396.0484863474354,289.5973588000811,283.52042435348005,248.5256639196061,365.0351657234037,285.82546845391573,384.10416691791016,228.61846487039776,0.8523549816245227
0.35000000000000003,380.7055322643399,296.7056095088594,420.7054954812378,393.6466968345125,425.64666740802863,312.70559479561666,623.9994261835795,429.1760759271672,419.52902597485775,275.2938644927558,0.7463067162827757
0.35000000000000003,562.2628493546479,525.3758770445972,503.77065040585086,349.372323450919,375.4566824415982,311.69491601993855,587.8202515980418,504.82456390042336,517.471525835299,223.69313922310036,0.6192042971891081
0.35000000000000003,486.3659922704289,502.07331382010807,429.9879274224732,431.6708547313658,503.4757532441856,429.70743953765617,690.2806845314453,445.1342732025202,422.1342666476327,406.4269450979534,0.5540864987958815
0.35000000000000003,471.2890790838155,433.47344342788585,650.9914799281097,513.48007754291,472.85170865637343,407.8463184379171,609.1130073835265,610.9881628705956,622.5516217075342,351.2791279112792,0.7302500020489329
0.35000000000000003,592.9884805674891,481.51456152866416,703.472986123725,704.4623996063185,633.2246288596098,444.2466536843213,732.8255861073213,449.1937210972857,559.6782266535217,382.9030177635458,0.6804298684094228
0.35000000000000003,595.0210087016847,376.9159886123159,732.6802980108762,519.083012835912,532.60621757913,519.429761675481,885.2497874215644,606.4637204074861,705.9806373640046,382.8107188850011,0.8338688810904584
0.35000000000000003,777.1334685846322,533.3341222465007,760.1670995505112,486.4921903479484,594.1917503036731,430.4294057134623,710.3744947764608,656.155880689158,523.3756012916909,521.9002648539395,0.7947853517880402
0.35000000000000003,706.0914611069261,606.2282760918029,907.7759328041344,751.9110401138655,635.2081807628565,543.960643082372,798.5138597875886,867.0474181312993,637.5579027632155,603.4869337580546,0.872504444314464
0.35000000000000003,598.9440785528268,889.201593543814,1058.4137667853113,640.4094378372527,593.0802903711914,849.4116023112806,1111.606702433011,922.7089545817332,791.1925625078978,981.765678411068,0.8146116015808736
0.35000000000000003,839.482204316375,550.8962794373261,873.3287016787324,827.9031394292525,744.1775933223654,598.548584934328,1098.6751183281167,855.9601043480485,794.0566420668952,655.5532120709305,0.8459107878036762
0.35000000000000003,939.826688344642,681.0754219861456,866.6493431452902,912.0862568311636,766.2098497344093,1006.7863506185616,1133.0531423350951,963.7408534424692,1017.3085832616068,736.5562850131054,0.8494062754673287
0.35000000000000003,726.3191374603703,919.7950776046016,1286.353547985969,1276.9412049519235,999.2770854476356,953.7840941164228,1220.4671467476614,1104.9044906074566,1180.2032348798095,952.2153702774152,0.794213019500791
0.35000000000000003,1077.4681421930743,674.8613631806562,1203.4202629496924,1277.1215039164435,1075.268105149288,977.3664567009138,1193.520096252664,924.0155583891574,1161.0695498568543,543.4091498145755,0.9166130334041646
0.35000000000000003,953.860041191402,1093.0287754130056,1458.1927550298533,1060.391859865459,1404.6189502631296,1047.4602518183208,1613.9878424549215,999.4285647860868,1358.434635809063,1193.4026854931828,0.8443615931248561
0.35000000000000003,1310.7201508690057,1169.400809104388,1448.6906930657442,1783.5706498539391,1300.003992251783,1172.0798487586926,1813.0400860513032,1461.416131423692,1383.0542215352566,1383.0542215352566,0.5672028010280062
0.35000000000000003,1502.7410694254816,1081.8875351923004,1871.973727228026,1753.6758854077916,1777.3354537718376,1464.74236871959,1754.3928420248874,1713.5263148506226,1602.398039201316,1442.516713589731,0.5053471891170971
0.35000000000000003,1946.9692313909052,1593.1146891389049,2153.8972137078363,1497.7278125318428,2042.356107997968,1330.0315294645873,1731.5795100201235,1615.4229102808747,1806.1966634950045,1503.1125555661115,0.582362436670972
0.35000000000000003,2063.758311633671,1964.310682970729,2339.219442354928,2186.0876955641997,2235.371476140519,1427.4695016928813,2434.2667334664147,2120.9626998026224,1879.8242019827424,2394.6636955032936,0.6153543183338227
0.35000000000000003,2794.6618029022616,2318.471123071696,2641.2962161576274,2514.438261689841,2875.131400885559,2556.093112410604,2705.6718945442667,2326.991433446393,2680.110963420162,1815.772810964276,0.6006659417228113
0.35000000000000003,2832.233868071802,1985.7617134293137,3272.9590394972342,2215.618378798584,3095.069968037533,1484.0745568407308,3480.829415135536,2647.349158970435,2954.1578383981164,2270.58410312602,0.6004280235961192
0.35000000000000003,2988.8496168378747,2634.073822289917,3627.446047024204,3584.872951678448,2885.145923046933,2504.171300593891,3785.730632284061,3416.7638059541846,2722.4948664695644,2662.4558858537544,0.5690224900158267
0.375,439.234517752853,251.52150937353116,513.020347993429,478.4477420002031,264.74727139778446,361.2721310835676,348.97449271013875,392.13224247349245,451.3001252135776,176.34349365671912,0.45973694591830416
0.375,490.4565843756766,370.9225370879652,503.0391156691205,528.990586461847,429.64101645736673,192.93214649946336,523.7478650895791,387.9613815478349,478.9225973566876,311.4176495127215,0.5843958185975948
0.375,377.1670113561434,286.8394763541846,536.3020416730761,445.691348254182,382.26386286095527,342.9048429071242,698.2686561593492,460.4155859347524,362.72593209250834,315.7216348814567,0.5565096326650063
0.375,519.2595277896874,500.03936322951,712.4064273862152,658.8420343496574,646.5537324177411,322.9617815439481,730.3662532867073,563.0562962136953,719.0232053495539,489.3264846221993,0.45284481909635943
0.375,622.1784181252666,527.7466022418839,611.7976156699998,643.9446168217913,548.5082071524128,551.1871239150632,662.3621695650047,562.9073847516518,463.4525999383055,364.66754431561566,0.5545697635220345
0.375,491.0120469801335,534.7872666217486,633.6463043124002,575.2793447902442,463.2877412071077,455.6270777698258,588.4119106827293,746.3674948895622,1018.8682371586256,431.91550046394974,0.47333689335885143
0.375,872.0287143635528,465.132401850464,751.7749714461181,639.84066986259,865.6000551509858,544.9234073711526,978.6688260073204,496.1412286404949,586.1424576164395,404.6273739674763,0.6010148331222689
0.375,787.5318496477599,616.5849361508866,1010.1408524815276,948.8183724556206,720.7491487976284,597.6841717593396,1089.524062926023,658.1666178122878,812.7328688364902,609.4446473807445,0.45973694591830416
0.375,980.2807682572916,614.0461188188846,789.9264714234386,535.97454085477,983.7896032219696,875.8929280580801,1039.930962656842,918.8761563754024,864.489214422875,584.6596259896934,0.5700746016935583
0.375,807.6936428865057,780.7389955536435,1097.1014353025146,915.9851207676596,1127.8391910329703,566.9933710895294,1251.2631025045075,810.0580856350008,813.8411940325975,1035.1530352918985,0.5375525654655853
0.375,1149.7987419351189,999.0644997038048,1026.8448719921687,1323.6832944067382,756.243467849942,1213.076256591949,1636.9841596588583,1102.46921877716,1315.9665243266386,822.6076905388168,0.5236081754723285
0.375,1033.3184342181896,1203.9083334529494,1531.5061335757512,1277.7944044590852,868.1613343221161,860.5554152479558,1204.4516133868208,998.5485184505936,1198.4755341142632,587.2856085120218,0.6013944016440795
0.375,1143.10328395587,1040.47171976169,1367.241182770747,1192.0597197496445,1233.3482800576464,1110.6622722852946,1532.985260578591,1272.8673306381663,1407.9399065029254,1163.7475641098729,0.5569846167761031
0.375,1399.6429677589254,1229.874952801645,1607.1372082622715,1555.5780333493196,1281.434127714593,1183.9747117205989,1732.2625229900475,1139.3320114910898,1543.0026248339657,1416.6197692546527,0.6178536516632939
0.375,1950.9161960072176,1159.9306343322762,1573.1218872898407,1736.4923991676249,1402.2635602843218,1445.8290301184,1993.80095537514,1342.3610392624664,1915.5192517670348,1164.6956075953776,0.6236118095029126
0.375,2054.0566050605034,1241.209440204915,2373.097258055057,1947.709720728984,2077.8545092465733,2077.11082474076,2026.540278345357,1374.3289667457625,1851.0307349730624,1649.4922338972424,0.6901408819186805
0.375,1919.469571412116,1204.1342531320547,2304.3378357307915,2369.2945048141096,1834.2139432402585,1727.847397616321,2655.9158071442625,1706.7364801642414,2576.3438875171946,1748.9583150684005,0.7005711035186568
0.4,404.432918931718,410.479644574172,479.7844230915094,341.4074324276961,346.9890253284209,410.7122109450335,506.76212211168246,364.4315031431876,445.36460020370527,398.8513260309931,0.9743644205180163
0.4,498.4342670228209,284.05965697992144,539.9261270311229,374.2246604595024,522.637852027663,238.84416850933448,598.4402885812955,442.845813550158,581.4179870394267,259.5900985134864,0.7248558477265435
0.4,587.8685027737188,574.7050350271325,711.4255977587316,494.8267193830687,665.0542909241619,465.8072563962756,634.8381490513159,792.2014225673315,587.5693330522059,436.18945396645495,0.8291139271257634
0.4,358.1557173097826,290.67710390359275,624.5015904178714,693.9267022877018,444.1260661205528,223.84732331861275,823.0444337091642,547.6149011040873,652.0769853194421,267.96795516112326,0.8373113939085657
0.4,656.6007571918765,550.8229412434011,896.1043739046473,735.1381322439227,765.5625207775975,606.011366955648,1047.1650006939417,826.4112978449471,603.5349632377935,436.2008263025774,0.9038360119441948
0.4,545.9512878026079,600.4717310441828,664.3278666216419,688.9740943883804,607.9402849128886,371.1871272748231,824.1549194120097,637.0676450008532,722.582586797571,547.0715708829143,0.8914680187822625
0.4,663.4698596411242,533.4329878789368,817.6621874582063,681.1838607480464,927.9721034422264,667.4957689836041,811.6233234444812,750.832092372995,706.1444986714384,653.0024953506695,0.8359040809206278
0.4,963.8974885587542,644.7870121012934,956.0182175351116,741.9646880595308,974.8409205360316,730.5835188031601,794.4931615504721,933.6936163014608,715.7004513140615,653.9794949622068,0.8708120897313306
0.4,983.62178985271,775.0300692203731,1003.7050189726745,1219.5997320122708,901.4631252710448,659.095064755133,1145.200496863321,708.3902635041322,928.3929097728158,496.6034836936197,0.8537678237425901
0.4,933.5828372098492,914.5001691536728,1150.831673541703,909.607177344397,1037.803562747427,477.5560005853294,1103.369652991725,933.0935380289194,1116.0914316958426,749.6063451810729,0.8770497712764139
0.4,1174.0672206876682,1001.7320974273632,1536.791622978405,1035.1049308206266,1031.2752614148424,1084.8906330958266,1171.3317425406774,1389.6228986703986,1390.169994299799,938.8161000466137,0.8785762174611224
0.4,1065.117962823497,989.0798874983734,1573.9881592301135,1042.891448497693,1483.3273771116908,1092.0237433231569,1521.931323045989,1516.082240328668,1273.345307559998,1074.4764951712052,0.8372462050235656
0.4,1497.2788473889586,809.2886934621342,2205.485424571669,1604.046832709097,1327.9663026209234,1091.686855817772,1348.1827258768092,1603.415069482352,1199.0866043646597,1204.140710178629,0.8939331446856179
0.4,1595.0123619628312,1118.9396629011096,1817.8549019491727,1667.267367352343,1453.2034728806152,1156.0800862321628,1805.699854313556,1287.7597689513614,1604.466287901649,1330.9777161002296,0.8182358075795448
0.4,1870.558024565281,1591.1655291940915,2043.1027439288875,1524.7466414055864,1472.044697834277,1343.538588852174,2261.12996253897,1491.5371975113358,1855.397191483125,1222.9738686273995,0.8137164261077712
0.4,2051.554107613991,1693.9864540752235,2803.1442513863776,1991.0545913970184,2143.0790167627392,1814.2098516858664,2460.3136594902016,2326.9044698835423,2018.9774450356208,1975.5418949311284,0.7949590313398263
0.4,2002.7525704703955,2110.3108892009022,2597.241572445993,2375.454651652852,2285.405826669171,2458.8331933044064,2685.6228265966465,2872.3907598961323,2489.6832537154864,2111.144674617416,0.7857342037393725
0.42500000000000004,283.66377819688705,349.5792394766116,424.35919382499054,441.63359057415965,286.6186092197698,369.1265831664608,356.85266968678854,365.7171627554399,299.34711208758023,216.3845487527526,0.8050210241815935
0.42500000000000004,649.7298905892161,250.62955947257075,587.0725007210757,547.0262558923042,439.4189993796256,399.3727545508559,605.5972942473096,496.3554971293711,623.0323940367049,521.1460296424192,0.7768435192056238
0.42500000000000004,478.6115754284008,424.0381823765039,691.6520937593363,668.3051876408765,429.2912362531562,441.54836196534734,704.4928921244897,563.5359464342945,484.7401382844974,318.6852685169597,0.7826324058125824
0.42500000000000004,440.5698709441687,463.26976995508096,671.0857468155376,366.7152699368379,428.7403461074971,458.7937335303926,745.5797815978266,618.652177269207,476.3781623416647,455.2768477681395,0.8461608306977746
0.42500000000000004,675.0131186618721,477.0423246786692,656.597230849483,517.4156171904501,518.4780722565475,549.2892691734337,744.4268496470413,777.7171083848236,743.0102428922402,542.2062353994373,0.7824619773550663
0.42500000000000004,757.2064171071253,461.13870801824055,899.1826203147128,725.0251443800723,619.3948491936286,506.1924898361138,821.5689625612313,748.1199401018381,781.8156256631072,466.4391529379898,0.9110407803032047
0.42500000000000004,844.2547459222969,662.9409885837455,874.4067011338076,632.7890333722346,813.2987385718112,529.0663074446375,998.6327566052304,733.2955507439358,786.7650179856823,644.0457633178638,0.7947839548334689
0.42500000000000004,1024.9711893829478,668.4594713367062,863.692078838219,800.4536907562053,641.7210924832357,736.7908839622328,816.5816018106794,664.6397029290642,806.3955527236448,509.7268730637337,0.852644416160131
0.42500000000000004,1155.0410718923622,654.7510928241936,1037.030958432748,1078.0383337662065,687.556993090956,835.1835442914005,815.5911316320827,927.6779575435309,887.5818572174869,469.3066288162258,0.7565355482554537
0.42500000000000004,813.052057822176,999.8604472979898,1300.3993329572577,968.8870355714292,1096.168399385257,956.7880466157408,1387.996012996432,873.0630430423848,1056.4837156106034,588.9787823628504,0.8616430387169728
0.42500000000000004,1460.1171962987994,1377.429555791556,1534.9547443528254,1170.710454523445,1065.5192156503067,842.0532504819931,1475.294041708357,1010.0452289808876,1319.3388716377326,888.1071262075471,0.8594104259235139
0.42500000000000004,1411.628980756591,1040.0274981554849,1514.375934471184,1315.7318239563062,934.997278802787,1154.7615964701115,1089.688525784206,860.791145564473,1313.4485583182047,1363.6804023564505,0.8319714442634475
0.42500000000000004,1763.66719125138,1224.394387811071,1620.2696503365717,1591.4675801528251,1606.7878302505585,1250.7452179791726,1866.006461904257,1342.053908561682,1259.3245580339078,1187.0129775725934,0.8606791711072438
0.42500000000000004,1347.87926374493,1553.841472324912,1722.0004907224873,1572.743067416109,1411.101840429288,1218.1752146708277,1964.4623312027184,1534.9398772337065,1868.6507974645624,1410.4500612882134,0.8722505059127653
0.42500000000000004,1584.612284635224,1393.2203923524617,1853.4053098264592,1799.9281634533304,1860.441776454497,1391.8130990268514,2157.3806681579063,1204.643086720915,1716.897857242431,1089.9486806838174,0.8111144096326467
0.42500000000000004,1670.1117306391454,1405.539575290372,1705.438126381736,1597.204062829964,1529.5577731101037,1467.1728614795702,2012.101306445092,2133.864627940833,2278.928338117861,1477.6956176582182,0.8369905623372914
0.42500000000000004,2329.62105580542,1377.402595104941,2140.4706994353774,2091.1622732021588,1923.028623095449,1892.3118985567276,2063.678888088564,1813.903417497348,2499.371375624696,1832.495119191839,0.9003047343044643
0.42500000000000004,2458.410204256208,1961.6375603401048,2533.8915600455857,2772.623289984068,2399.6049619551877,2246.0091798256453,3401.0494614397826,2458.410204256208,2382.0511582832405,1917.7530511602324,0.8910419476384728
0.42500000000000004,2648.5843815216904,2662.534088587292,3378.619051288024,2616.035065035291,1945.5191454155088,2492.347662386979,2679.273737066007,2726.70274108904,2521.1770569892205,2399.3496152829907,0.8319100900187415
0.42500000000000004,3185.53334004115,2474.788135711301,3458.3446305920083,3145.534692178437,3180.405308263882,2531.1964852612914,4036.786615068251,3032.7179930784578,2725.036086442162,2694.267895778526,0.8515332226171272
0.42500000000000004,3051.446355547505,3234.866628285338,3558.3532911138736,3690.6382150884265,3092.57696216144,2606.7911489103453,3760.6714101337775,3538.3438068151977,3070.34420182959,3035.883423315206,0.833292264809196
0.45,181.2246640987844,0.0,217.2268853148396,0.0,0.0,97.69142049075263,25.080199049385744,0.0,138.14335444137453,105.98406695062948,0.8511489064454287
0.45,167.23781005467782,0.0,129.07616212273908,0.0,0.0,202.03225375733075,142.76945932184736,0.0,10.55057325177233,0.0,0.930240492867139
0.45,113.4050908973138,0.0,450.3569077361012,0.0,32.63455853160265,127.8186875821068,0.0,0.0,177.8583439972298,165.07647523901852,0.7871852803205086
0.45,279.3905232603738,21.091528643231342,525.8435908313173,0.0,0.0,84.94396467275263,2.600325449166768,0.0,243.85274212177669,0.0,0.8766407429783756
0.45,0.0,0.0,526.613884907189,0.0,0.0,122.11821346322913,0.0,158.58639227827692,113.41938181927333,67.24866001673725,0.8629169914369046
0.45,265.53264603216854,0.0,463.7123898171385,27.8580066886327,0.0,50.77915143244868,83.22138706984377,166.44277413968354,526.4810631155786,114.9583567151222,0.8997764060861648
0.45,78.69334161926496,0.0,209.33204174583432,130.63870012656494,0.0,55.434225869731726,103.50306508543696,0.0,171.72980461741548,152.7348600886268,0.9268319237168208
0.45,589.7781299108493,0.0,761.1523561783541,0.0,16.71943670902857,196.45338133104292,0.0,13.375549367217154,195.19942357786724,174.71811360930676,0.8323165618899174
0.45,248.9411892546687,0.0,640.9890510753366,13.804502176781837,15.64510246702325,435.3019686412549,176.69762786283576,186.36077938658093,517.2086815568383,180.37882844330807,0.7962666824138577
0.45,250.5705665465434,0.0,776.8189708366785,16.068653566107773,0.0,501.6432785170273,39.16734306739412,131.5621010725338,174.74660753145773,0.0,0.8382227600851322
0.45,918.3389555352866,0.0,562.9961916038644,30.537268775354715,0.0,415.30685534485946,185.44450492671663,128.81175192513973,705.1332971764333,0.0,0.8352138456676882
0.45,315.645679328702,0.0,1116.05474238467,616.028027935513,141.0331758702758,518.3427113154166,281.45581851166963,0.0,890.1574477006816,252.76075675451295,0.8194193883673982
0.45,846.7504661034366,0.0,1036.163859534222,263.9907922380176,185.45353154721124,671.8565662457589,397.3061423182153,279.8302397722992,793.2923306752416,69.29758296247661,0.8533218692787569
0.45,861.5056577533105,229.78002988070247,893.3630660258659,275.1937820990098,71.84862291255433,576.8224348922666,419.5688451214061,408.0459527675016,768.644701724833,71.84862291255433,0.8158148264909361
0.45,613.2085108839327,315.1520104421588,786.3934600184282,273.528160006405,0.0,662.2651917546449,772.2710821920064,489.8235256636444,350.82959652996107,425.90118392302367,0.726130259292322
0.45,909.0395175505428,203.8596474786084,837.6489795230235,0.0,300.6334879159381,614.751855237064,629.8231910428802,847.1677179266856,843.2015769251597,3.966141001525838,0.7758196920968995
0.45,913.406352600322,443.3443996624941,1485.3289774003551,11.688929557955516,409.11253452849047,743.9168740099528,1342.5570520853105,624.5228078108283,918.4158938394512,434.160240724108,0.8019852126575849
0.45,1178.719949914416,475.9500113219115,1306.073761537673,216.59443874609727,491.7530390415912,841.2788286061187,1634.2189841873471,982.5764882172988,860.8002157892369,170.11494545295253,0.8691078051561709
0.45,1209.1325247288917,0.0,1072.7125402018612,739.0233694162798,230.6381033370891,1201.281014828062,956.9027691645092,1282.7404300492385,1236.6128093818295,305.2274473950397,0.7500379633126585
0.45,1225.9589448451609,191.489224369355,2093.5442016247835,1099.7258248698347,344.46664942421273,1398.1922695572796,1478.4251847958376,930.7018167672676,1385.3550031191098,195.7683131820864,0.7778348447335088
0.45,1699.046181168712,445.8658627979486,2666.872347348804,1020.1410940816976,1183.0307559572288,1026.085972252345,1404.1802239049996,1316.1960269795366,2086.652237894408,1199.6764148350176,0.7778092804648814
0.45,2039.457728732496,1714.070280690382,3244.344304118518,1752.1909859003467,923.0656475838772,1628.2986939680036,1955.047595767599,1455.394066765703,3080.9698532187126,1575.2019974255709,0.8031025678448216
0.45,4285.381292075925,1947.6145519787049,4315.271983907594,2801.859060641408,1162.590592820907,2687.015876235571,1499.2541745037972,1942.8949690579204,2842.762112621592,1483.5222314344985,0.729228648649962
0.45,5209.320940585654,2258.164746094501,5187.379258842225,2653.115017476229,2587.289972245961,4258.514731703744,2755.509532278906,3347.9349393514567,3688.0310063746224,2049.718769531953,0.7190216883293316
0.45,5308.435171915993,2957.4674161557864,7580.203659308415,6085.838516684223,4506.021531873741,5779.462399577192,4412.232924596064,4822.818605344972,6417.224929065347,5118.77376608785,0.7524188488641564
0.45,5975.919490233735,5072.344034665736,7374.6360414034,4935.438662610002,2852.1952511615827,6902.312507811031,7837.832550192034,6918.284801217521,6366.099800592648,4015.8909136355137,0.9187355494140683
0.45,7599.787465949287,2825.148403048458,7977.702913012862,5850.77634203918,4998.16222366405,4760.812888008246,5435.991095262093,5071.901823091074,5820.819629771947,3627.0665468175193,0.7704084246972513
0.45,6111.765250673001,4917.512270656424,7964.916426560767,4798.813698606094,6288.601898829616,4900.555331792107,7322.975169553897,6010.023617486989,6307.981257531721,5789.583412250674,0.7883502805622419
0.45,6965.223074193187,4730.820269828197,7967.186546726058,7511.086951481056,6812.381188552613,6822.0854352599445,7639.668220353332,5866.217134586952,5407.691477665173,4126.730912296287,0.7915159891606007
0.47500000000000003,6.032866797780481,0.0,186.01339293159305,2.2120511591845,0.0,76.6174083318249,64.14948361640992,102.75983112221004,27.55009170986846,72.3944015733772,0.768295111824054
0.47500000000000003,286.06428916313496,0.0,170.94350461001372,0.0,0.0,0.2172090274585237,36.27390758560556,0.0,36.70832564052508,120.9854282945088,0.7754786713083507
0.47500000000000003,0.0,7.054064844128841,243.1133062351807,0.0,0.0,0.0,75.32733529981198,0.0,72.30416465232778,0.0,0.7255601761019314
0.47500000000000003,320.419639336974,0.0,89.07301169424643,79.95290810780294,139.53758487255462,271.17107997019014,109.44124303729768,37.39242470441036,152.91373679933704,0.0,0.717434999389859
0.47500000000000003,443.3570129645443,0.0,532.5011496154538,32.07838250695255,0.0,74.96211491099015,0.0,186.05461854033783,332.9398437037635,0.0,0.6477553245344658
0.47500000000000003,4.170761153844208,0.0,478.24727897411753,0.0,0.0,0.0,99.40314083328369,185.94643477554803,305.8558179485661,145.28151352556603,0.6307757807813782
0.47500000000000003,0.0,0.0,478.1083290863792,0.0,0.0,0.0,321.06544726968315,0.0,75.6132393932245,0.0,0.6686732873388289
0.47500000000000003,96.7413273792553,0.0,0.0,0.0,0.0,351.1043002298914,465.7761322527187,16.679539203319386,315.66027942283944,90.48650017801113,0.505916240766824
0.47500000000000003,406.1503893188795,0.0,553.2599791509161,10.964689925369507,32.43720769588523,256.75648908572646,388.78963027037867,217.0094881062633,575.1893590016551,163.09976263986752,0.6571459325435947
0.47500000000000003,525.1893737832303,29.699681835050896,641.0181329399479,295.5118342587969,0.0,207.4027781481396,0.0,0.0,528.6543366639893,173.24814403782315,0.6287988106741926
0.47500000000000003,100.08616407823216,0.0,434.7492752148319,0.0,0.0,221.5448944440082,607.2936518288683,30.75564416986981,513.9841551100998,0.0,0.613993447100558
0.47500000000000003,286.67693821153364,0.0,457.9022690110326,308.4286903326415,122.70219145241025,918.0354869575616,85.89153401668337,178.47591483986196,215.84430950946293,0.0,0.6615174224788783
0.47500000000000003,644.8999317171455,0.0,681.331345104547,0.0,244.15438445585207,320.8520968503553,0.0,0.0,867.9624452645128,148.9213915660047,0.6553329998267687
0.47500000000000003,498.6442027273832,0.0,1127.5464829019163,664.1805094831358,413.8407668893931,298.50809414972355,578.6986461584423,126.86594001363343,804.6149992308508,0.0,0.5574616460286904
0.47500000000000003,480.69649845409856,0.0,1122.8263037353704,0.0,407.9073735007877,541.2339885142875,319.2631916269334,172.9642573148175,918.1519325794987,314.9390851940669,0.6074360417691748
0.47500000000000003,1156.530355644624,18.72620394502313,465.1589059943772,720.5843278044903,294.3759260157684,285.3873481221569,328.0830931168049,116.10246445914,1524.3130011248843,62.170997097479855,0.49595810599416723
0.47500000000000003,733.539926280144,0.0,584.5896792407336,0.0,0.0,699.905999529311,713.5197317855985,343.5465375263976,1254.0649831383355,191.39305936785377,0.6478371301940737
0.47500000000000003,1238.12443210965,0.0,1468.3541818821095,811.7730436421391,573.8689688772712,1121.3041516695516,503.9473411685951,501.3892328377924,746.9676325950783,220.85001922617332,0.6524151794198672
0.47500000000000003,399.23926200261513,350.8466241841176,2084.605936796898,587.2260473744758,375.9735707437319,834.773002369114,726.8201949278389,986.4653093771016,810.5766834598652,459.7300592757476,0.6789738412873781
0.47500000000000003,1064.2055650259624,0.0,2178.9432081633304,1018.7266947257028,771.1195119798774,615.4807113967865,362.8203208398147,735.7470573018991,1764.5801676498943,733.7257741774451,0.6639153508761279
0.47500000000000003,1402.973014036597,0.0,2212.793064187703,874.1766104280044,375.4132682819661,1129.457632859741,1115.5137114664112,1095.1341340453844,1124.0945861700034,1030.7775737684856,0.6366928133571066
0.47500000000000003,1548.269015510736,201.9481324579209,2593.379124728019,1196.8564460359405,1867.7349877605648,1420.4826266108196,1111.2852034690236,899.0685219030692,1197.9973959368317,624.0995957880477,0.6403723637548756
0.47500000000000003,1775.0628385395937,0.0,2572.1616532258686,480.584698643896,1700.132966170392,1382.3269557768356,1843.5332391528352,1335.8187591338603,2015.355187861549,1474.05145471155,0.6649098009257333
0.47500000000000003,1889.7425571243275,1629.978909802568,3612.3856919949258,1999.116724417701,1259.3220095306183,2462.4378497576818,2477.628706326192,1904.9334136928544,3085.2629690671524,1008.6728761499652,0.7172023645453496
0.47500000000000003,3561.2231183038894,1512.322844861549,4782.968647995553,3229.370616320078,2256.927214984449,2529.343447956232,3600.8472976452417,1768.229003107765,4594.753796124139,2408.81990245962,0.6435448894915344
0.5,99.67957252715964,0.0,206.94997422472412,72.71215310598379,0.0,7.99034649516263,33.15993795492616,120.25471475220404,4.993966559476927,0.0,0.5771860131308403
0.5,54.33898439878237,0.0,278.20661847145885,0.0,0.0,0.0,108.45342753972128,1.571788804922054,53.665360625244354,92.51099823263942,0.5991418852414753
0.5,100.26781440381576,0.0,413.6047344157449,0.0,0.0,0.0,0.0,0.0,285.9911524472509,0.0,0.5894693601588729
0.5,86.8222837904327,0.0,322.4428867458197,0.0,74.53874524773653,19.26282180559583,0.0,0.0,333.60973996645345,0.0,0.5698473637502038
0.5,154.76131504281392,21.35771863648135,526.7141996043229,0.0,92.65964085366244,36.47241182537757,15.44327347561103,0.0,304.9225060716242,0.0,0.5921104331555114
0.5,155.92237589027687,0.0,238.70973261297777,15.220993836907049,12.251043819952043,77.96118794514055,69.79382539850586,0.0,309.2460455157224,0.0,0.6374798519739147
0.5,293.6431537747017,0.0,414.6898114425604,0.0,0.0,0.0,156.17691793739257,0.0,313.499387840095,0.0,0.6196135578895886
0.5,86.40911829948897,0.0,517.6157863183131,0.0,0.0,0.0,39.42940349588665,262.1635870736992,83.47288612426621,0.0,0.6199085319224859
0.5,482.88442696171694,0.0,134.8762031456492,301.97538997796323,0.0,0.0,159.73393341822398,118.76471130230634,281.7209430892,3.6826267070502463,0.6051567315783566
0.5,398.40636481945336,0.0,507.4134331598901,0.0,113.3480577876181,268.65901356469465,71.38515979815968,340.0441733628488,663.689053258557,65.11484170778108,0.6047136175888149
0.5,441.7606858077879,0.0,488.1532899182957,0.0,0.0,125.77550447736692,75.77458671382324,0.0,267.53068370390434,14.948727991160252,0.6579043391795402
0.5,277.63581596509295,0.0,287.53174603909986,0.0,152.28736836105762,0.0,177.57696743906203,0.0,375.4955689191313,203.9661143030721,0.6250883396848459
0.5,522.0096779627027,0.0,826.565381906425,0.0,150.7760980076464,132.15434885132075,284.1318500303349,220.45748194742356,0.0,0.0,0.7770423524060598
0.5,689.3229837199914,0.0,817.9082326062244,106.0496898030698,204.1456528709237,178.29604098142485,0.0,288.98540471338254,712.5213533644156,277.71762517180844,0.7057322453070973
0.5,290.00998842029554,0.0,554.4105029228157,209.72082694832932,0.0,130.1238134200864,472.737045563403,526.0324372301393,561.3319823600558,47.7582081169505,0.6298986828982335
0.5,621.560970912631,109.73055055210445,1480.9942091295147,261.4385600402639,45.659692176047,1073.7392127851006,369.6962172963765,462.48849494447074,824.0837991128463,243.76384048825352,0.6374671266490877
0.5,208.84135186449893,70.4139423910947,1462.6896214877545,397.6787428224277,156.8310535074419,203.2402428106578,634.525639956114,400.07921813122186,1017.001372489569,586.5161337803746,0.6325658882583579
0.5,1031.3800518118906,83.17581062999132,1519.6220602099493,116.44613488198596,336.8620330514705,163.85634694108518,805.1418468983118,755.2363605203151,1086.2760868276914,24.95274318899361,0.7328332105264246
0.5,1437.004521328414,0.0,1667.9031684227778,1255.0020583246169,769.662156981192,1902.4237550793923,773.284096543453,365.8158957887045,1866.20435945675,231.80413198492903,0.706178199770931
0.5,607.4326416876521,204.3436997382372,1477.0597108933289,813.6424939349125,0.0,1207.4006733392107,749.260232373554,773.5202149908789,780.9848250269829,287.3874863898612,0.6932682441140984
0.5,1410.9999612972356,162.3004987832821,1974.994194569179,1287.2458309749734,926.1272211821556,1458.6757328148303,636.015079607021,697.8921447681522,1714.299018398512,420.9669187191596,0.7299921681396336
0.5,1332.340297962705,848.4555131304771,2196.262448051301,786.5889652980521,765.598529426341,1399.7306447087474,1052.8360729340463,659.5415902850141,1331.2355381799964,1719.0062219154115,0.7315109697435289
0.5,2479.997267258116,0.0,2044.083258286388,951.941943916648,1550.4400967751585,1154.5830507900123,1515.0957176693337,1444.406959457698,1888.5679902208028,1080.3598546677847,0.6806139311435399
0.5,2207.6822259307723,1135.3794304786777,2761.6596292078207,1168.288979188206,955.748143772517,1757.9183935672409,2300.9259472744257,1596.1131124120575,2178.886370809932,1358.890115464215,0.6914744845987428
0.5,3439.553213962572,619.3407716459877,3698.6651694471366,2569.0002415724134,935.3309612613087,2543.721026403194,2483.682890376287,1856.4423639899064,4107.872464998942,2016.017409745633,0.7204795820487688
0.5,5940.8005855293,2411.8390033826745,5883.512248156799,4231.69852058274,2774.6651400752557,3639.719034400152,3637.809423154383,2683.0038002792144,5837.681578258788,3595.797975747892,0.7154714200900498
0.5,5865.72904420791,3500.6875479962137,6191.721250442512,5313.886028425175,4502.101514860633,5173.261939461243,4595.85090750327,5552.52084606095,4205.938660830523,4271.98936928327,0.676692372336098
0.5,7869.308138385418,4895.684620606134,8491.424533986405,4619.446370320641,6358.122416235325,6543.828802981873,6720.2498703911015,5116.210954867682,8584.277727359677,6088.848155452795,0.7676858300884343
0.5,6663.205082158507,5518.078537426656,8108.927344882497,7524.43567100893,6801.574539646977,6944.715357738439,6970.957841055213,6634.57691854021,7634.176964879077,3933.986817214252,0.6923272355593874
0.5,7179.638109533961,4555.657087708322,7697.6565031416285,6874.6366254472205,6012.886400567229,7683.132622947008,4560.498381106548,6296.102064362052,7382.972432258464,6685.826182917339,0.7323794447582878
0.5,7483.903261764332,5718.997527775631,11229.62069435489,7868.015036017912,7586.835175126424,8437.906361217703,8932.481652250108,6941.627815759274,8535.817205635281,7993.541759630224,0.7448654596270493
0.525,137.98978372686815,0.0,272.2287721879142,0.0,35.139029332451635,67.51431478481872,93.76988164558269,0.0,215.7694329234157,174.90550555365553,0.6844826571291516
0.525,48.02529711002871,0.0,246.92030806815487,0.0,0.0,130.0197068100822,66.29833698604207,0.0,57.396086790036655,59.73878421003597,0.7096115585150706
0.525,188.35563779513092,0.0,362.7317555976588,0.0,73.3311662770113,127.77771782716738,24.28021893452898,33.35464419288832,82.16033679865846,82.89610100879503,0.5986832906670423
0.525,136.18125752847908,0.0,224.446887408048,0.0,0.0,239.2979298957208,61.08542004363719,104.23750576253684,52.95937792774133,0.0,0.6429969620006211
0.525,278.0933861687446,0.0,365.231583058831,118.79386997906072,0.0,56.84405812751461,23.486467130532425,90.54203270610226,281.4972219847643,19.061480569707975,0.5513533196828614
0.525,325.2120866200933,0.0,586.7872343217374,120.24648580910834,53.09585087675092,306.0819638777388,52.70544020853988,0.0,473.958551208639,380.6504015061149,0.6085901832834727
0.525,366.4384211584736,0.0,552.533269571918,0.0,73.94497287951575,0.0,366.0276157535877,0.0,252.64532400500164,0.0,0.6890026203265422
0.525,0.0,0.0,338.0580774878192,0.0,0.0,506.6351669302749,263.9383920493142,0.0,230.49414374169535,0.0,0.6227479308920082
0.525,284.9957002158022,0.0,521.6397645059234,0.0,231.9948685280353,378.9094546099157,430.0506079928503,380.769132914748,552.3244565356821,0.0,0.6623467535729134
0.525,503.7267451395328,0.0,510.2103567106354,124.68483790582464,172.56381566166314,416.44735860545546,293.7574781061222,111.71761476361937,480.7847349648592,0.0,0.5779427154822109
0.525,564.3111214032266,0.0,758.625799999619,0.0,0.0,163.43727761395567,461.0315388067843,453.0460040699474,369.9964428068341,83.58193024557472,0.7088915425491977
0.525,626.3879682165813,0.0,768.5508027422584,283.2362986718418,0.0,117.65200098676485,242.38490944033177,22.876777969646827,518.5403006453777,294.67468765666825,0.6336890117933881
0.525,706.1265405719236,0.0,683.0234071136214,491.68207103581824,63.385520001006384,578.7631125325255,207.33581308739437,731.0068381424084,235.77043888223807,353.6556583233572,0.6247273154023415
0.525,809.4391460916949,0.0,1053.7744920481728,419.7555943354735,0.0,558.2122903774766,501.82721054136914,303.2264293408475,751.8010644814527,66.40909402919868,0.6721763590688403
0.525,551.7769254118265,0.0,953.320986564741,718.625405994331,0.0,600.2391396889041,495.00690297297234,236.77253261084624,376.6206366675532,0.0,0.595333341804923
0.525,512.9840324519438,148.4379327946033,868.7984890037271,73.49132947183857,0.0,43.65821552782693,425.66760139629815,61.12150173894943,1345.400675182483,117.1495449996655,0.5994085205632591
0.525,806.5686818674866,33.67228477698839,1682.0480860692917,682.0595358316288,0.0,663.2657024677343,74.39225706545169,397.80280620260106,556.7673134056181,880.1778625427763,0.676344249786825
0.525,1295.489686649464,0.0,1818.288824155214,306.6101859899988,162.75822205367794,856.5356938380312,707.7516625667455,314.8302982149338,729.9459655740636,118.36961603904189,0.6736461766935724
0.525,967.882716725,434.9737277533491,1102.874563269152,772.0121942884065,387.32954662013503,1067.582577244541,891.1226471214768,1029.6436922680766,423.5038322953604,500.2639018988838,0.6505298998228257
0.525,1411.793252052386,0.0,1963.5921832467309,73.8192550092711,740.0380314679936,625.6181862036055,207.6166547135868,1184.799042898861,1970.974108747652,1198.6401532131083,0.7097571973787657
0.525,1066.333180760772,0.0,1282.1621702123582,765.7494283282095,390.2661179124511,373.51226941620246,991.4336227775756,295.65614993367234,1218.1033377267313,339.01905192394963,0.8021413513444323
0.525,1235.1703817813766,223.3372591845784,2123.27675985339,429.89801063697314,591.371897559177,1254.04395298008,1173.3070095189903,833.5827279424349,1756.2906532120635,947.87268686788,0.6226256484737404
0.525,2296.0564281086,438.31739923338296,2064.4068181510715,1044.6943194163723,856.1951269999552,1808.910924815544,841.4331420516678,1779.3869549189822,1794.1489398672693,1409.2017939083962,0.7020267755814148
0.525,1358.1213105754518,791.5126027781952,2594.471451492732,1576.8123907779031,1081.0297714553108,1888.69569265755,1914.7895147271515,779.0869732212349,1861.3593076322404,1161.7963635755318,0.6279617634785647
0.525,2903.7139723416853,1347.4118194667792,3282.760007797438,850.7785102382702,1622.7043780642216,2326.8446410093984,1743.05841121988,1691.8733626364387,2856.679062832573,1381.9963117529037,0.6148873443602293
0.525,4246.917992889166,1858.2275547993413,2666.781585996651,3501.0550297171103,1046.4585970366752,2387.082974807128,3877.201437868541,2401.5501443514,2978.629462840149,1647.6498647658598,0.7082469390475477
0.525,3901.601132003452,2425.424338266295,5261.543532532976,4442.091060419018,3731.124021965588,5623.807391363464,5889.209255854266,5517.259197589794,4796.605959702358,3880.291493248713,0.7069329543685018
0.525,6560.537217090779,3998.560045244415,6790.731505409763,6189.668641465762,4951.308627453511,6321.817214389619,6477.411501864486,4763.742911045458,5467.114347575649,4878.840055204938,0.781442815179121
0.525,6834.607605976406,4844.639197083815,7918.367921364038,5665.52998916464,5757.764909623182,6578.655701704006,7427.216969922414,5990.658083780945,6564.820463635241,5610.189036889552,0.7077359158726267
0.525,7154.677731094716,3937.755464652068,8906.605665901438,6860.745747358841,6037.269634194048,6545.818621927565,6590.141698840104,5981.282589672926,7250.322265484981,6667.123885056653,0.7245972553169665
0.525,9348.8580989992,5534.617366473672,9684.996817165476,6505.684774509564,5590.640486168078,7098.596124608382,8317.098977961094,5401.562457199541,6921.189578909522,6671.419836938771,0.7066819105453669
0.55,151.46786367655668,0.0,149.66467482326595,0.0,28.129746111361666,57.34140553469776,28.49038388201981,0.0,73.75042409965754,0.0,0.7547186591637212
0.55,123.64896000508529,0.0,328.8636775661071,0.0,0.0,50.59441193324663,214.4351945021273,49.88514447623914,236.42248566937823,74.70950547152279,0.7822958096089884
0.55,287.7127200065012,0.0,477.553933549257,0.7377249230929261,0.0,46.96848677029156,10.819965538707432,85.57609107885771,321.893974776507,0.0,0.760521017734464
0.55,134.0431807499733,0.0,270.04115788588825,78.47111206404608,0.0,138.79054340153692,62.55348434998838,54.734298806237454,195.2003819671507,0.0,0.7275260683593776
0.55,246.2467650488084,0.0,610.9977947782859,253.5736416285241,0.0,161.191284753814,157.68712638960028,90.78955761825458,72.3130862433104,0.0,0.7550741242322543
0.55,318.8935767714439,0.0,434.7877701814401,243.23017024580932,0.0,385.6988283867602,0.0,181.96126544944505,54.25619882569815,356.5407351402943,0.78769981194939
0.55,514.1704094839826,0.0,592.5678441822754,271.0549603930176,0.0,316.0917845813976,482.4778294995734,36.27966392952716,385.7320590208328,42.11777076876081,0.7463924986063925
0.55,139.8159984804613,0.0,472.7752512720751,146.9860496845861,0.0,227.20099753075152,280.5282533614376,318.1710221831016,386.28650862229983,203.0020747168221,0.715385123775848
0.55,261.9802781059974,0.0,632.9216122054514,0.0,39.32072890198728,0.0,256.2953534454692,172.44271470268205,599.2858079639924,284.7199767481103,0.8770753355450415
0.55,438.92874033198825,0.0,779.4517031422662,157.35181257184033,0.0,510.54086555818526,138.3526773077538,510.0537082437162,719.0441961487401,72.58643985512398,0.7788062869413496
0.55,349.6950489138433,0.0,787.9795102191956,184.43175913085383,236.2384330440217,504.078937175067,50.77054043489968,0.0,312.9123104355024,0.0,0.798056181217775
0.55,350.08145515744263,412.7158369108512,517.8521205683579,231.52351826706223,154.34901217804787,397.0572414725007,474.79098311289073,96.74775038696214,423.90054793824817,313.1719087670431,0.8247665812219611
0.55,610.2035762856309,344.9997142845687,674.1576049540307,0.0,0.0,69.82137074807073,291.6069013595777,337.95890378896496,941.1216695789988,202.4233017486018,0.7568465801904205
0.55,609.0975698441816,234.12573932144247,1121.8267614980095,242.7741835180122,172.35113791737442,220.5353270125513,770.3292795088187,117.37174266774136,745.61943894719,313.81497513270426,0.6882704295974433
0.55,1065.8847118165272,0.0,1016.7104794758716,0.0,89.7097481890486,724.9876686981488,677.142469663996,669.8327864782134,406.6841917903471,383.42610892651857,0.7149342895228463
0.55,842.9134930690334,0.0,1821.4004850233075,513.5583082771959,438.403433895176,510.61105830144106,811.9673683234948,799.441555926493,414.82543408904536,884.9118052237008,0.723875977737836
0.55,1007.6736510133068,0.0,1449.2649013408156,248.19933750677083,183.21339109333096,856.5617515218048,946.6025206488662,245.85044787737127,778.2654305417499,558.252768587791,0.7589343287949905
0.55,755.4710448382164,117.86330493683477,1272.7599942832387,220.17520158339693,576.2206019134443,398.6071493350065,907.711147048302,466.54224870831786,1704.925445718315,892.9782339311919,0.7950761179034961
0.55,1334.7098653572373,0.0,1498.2857810594382,234.05277299940732,472.45596928878246,815.2693245369873,546.4131652179569,1246.8313149002097,1354.7218124910275,952.7427004994712,0.6859551590020895
0.55,1745.6112866688752,0.0,2160.3487200263785,176.86031273240877,253.794548771007,857.7725167521866,1360.055804912223,1021.3683060296568,1436.10573938716,800.2929151141456,0.720265329130749
0.55,1676.2742099037855,0.0,2358.6344070938208,1387.6568715965216,899.3010441958262,1454.5549301445674,1173.583084242787,852.4724032121851,849.605343560129,784.6186581134646,0.7386146682006182
0.55,1223.4130648346054,431.2679766637324,1832.1453353438965,647.3976753136138,487.77895291623895,855.5960088754223,764.385310362635,706.882913474132,1211.5160172025132,34.69972226030329,0.693235862707171
0.55,1058.2236364447597,436.0466960449212,1966.915672087548,1748.3694863000278,141.1661965613092,1377.1546731203,1832.0235287067355,965.1585142673068,1261.084689281014,908.692035642788,0.7362281454001418
0.55,2061.780844432229,0.0,1839.9004555446631,246.91304814668064,1364.2799296215478,781.701677773147,1638.5013333236234,1793.248681470856,2016.266918506576,1618.0200666570836,0.6985770905657197
0.55,2535.2242650732296,594.0018205606267,2856.107722778166,771.5899937179364,1098.5971815317398,1891.007857619852,2260.881156195752,950.4029128970196,1555.4274476536348,526.6407893630343,0.6914125404093763
0.55,2551.583933958927,502.5847142646348,2903.6693793915806,1355.8741467249176,2441.1257549996726,2510.16211684921,2760.0737467445306,1271.6497852684795,3109.3977377031893,597.8548936170048,0.6851922592522638
0.55,2833.359332462253,2106.130437130274,3500.7728641089184,2968.730945013211,1592.9775802510003,3995.036658771776,2875.859722449184,2438.263114435573,3481.8838018925026,2666.5059495505952,0.7312942415550547
0.55,4220.025380349918,1331.7742434091222,6145.526138310456,3058.148262643186,2586.820752630092,5725.350451089456,4315.021622678138,3598.8961035884427,5011.0517828137845,3757.832124406837,0.7652763977703027
0.55,5528.514472136157,3483.616336363381,7588.758935381927,4646.10064244058,3719.5661212602654,5066.206357013048,6595.084231507336,4300.808274298844,4623.081151231151,3220.8104783888293,0.7422715385036568
0.5750000000000001,111.78439653369746,0.0,200.6753486572941,106.06103543117123,0.0,0.0,103.55706494881666,61.34727681769227,143.7994477009498,0.0,0.7545151188916022
0.5750000000000001,240.23238656904957,13.57942575672827,246.8986501223526,0.0,0.0,134.06596701643903,201.9630958000832,144.43571032157683,104.19123035163348,0.0,0.71002523486195
0.5750000000000001,307.86435035128267,0.0,374.3023664848666,0.0,123.98275451699958,188.85136869467055,97.82605525180983,0.0,194.8674095256647,173.6804831208595,0.6806241568509906
0.5750000000000001,298.8368152644085,0.0,502.2602617089712,84.96078066261566,117.12259037717212,109.35015302948892,176.0859081871913,147.67630960599922,154.10867154891054,73.43613218156804,0.7390368063800046
0.5750000000000001,314.39473960522065,0.0,353.5399669874424,6.164602737355206,96.47603283964172,184.32162184698407,255.8310136003269,0.0,223.15861909233485,73.97523284828699,0.7804645558329799
0.5750000000000001,160.99015444827864,63.72526946910836,809.4227209760807,0.0,4.099286340118775,156.8908681081641,181.8592485434284,11.552534231240356,570.5461260655537,42.48351297940699,0.7718783701433269
0.5750000000000001,336.2802739443987,0.0,682.4998663305041,0.0,194.6449861500848,174.76634926667128,132.93838415782406,164.4128925565558,458.0369248553038,149.5039148940004,0.7923070612509037
0.5750000000000001,449.1126033159459,0.0,934.1174023887028,11.503908896412558,98.9336165091522,339.13523426624243,170.25785166690795,325.7906999464003,605.1056079512995,360.7625829914993,0.7432293464348967
0.5750000000000001,684.0312118853558,236.8366131474003,498.6808189873944,360.893886700801,35.79518169722757,322.15663527504256,471.7118464757818,228.5007489165413,430.5228702762374,0.0,0.7670041162583706
0.5750000000000001,261.39611043379773,0.0,540.8017954053644,404.4435881908767,0.0,488.831308882109,640.1117349993119,389.0068100156545,329.31793440478805,118.86319194923166,0.9276278246134199
0.5750000000000001,641.7976011231633,0.0,747.0631490898164,203.01212822138524,361.447519293634,388.300975407574,638.5751863894934,262.6268007943329,367.89234876097976,0.0,0.746177758749922
0.5750000000000001,572.7288693849428,0.0,699.4181299930339,669.059413165284,0.0,561.6362613132703,287.8239883861116,265.05495076530417,705.2563447676015,123.186331743348,0.783075519802124
0.5750000000000001,530.4413492921342,273.2757457545489,978.5419716975324,667.0792221694086,250.00554033004212,516.7178948110092,471.9674997638663,424.83041698087777,761.9500596693537,731.519791037297,0.7042489496318506
0.5750000000000001,1041.7876034938597,17.42536015401745,980.7988429547916,557.611524928608,331.7041772175814,824.5929358598347,18.67002873644626,513.42579025235,370.9112375641241,0.0,0.7680139048691523
0.5750000000000001,721.6310102208644,0.0,422.7538615735343,138.9516568272695,46.53569639026707,608.2412147910634,817.3241323754957,54.40088451255817,557.7729243396508,369.6638417480172,0.764951400170067
0.5750000000000001,971.8452708646432,0.0,1157.7211213810242,224.86104762841845,222.77255492599707,636.9902742415122,528.388653715094,639.7749311780847,801.2850334994337,178.91420817494233,0.6694551278876831
0.5750000000000001,794.5775937476574,602.2302799874183,1417.416514495109,608.3365439163092,514.4527360095326,362.5594207782309,750.3071802631631,563.3028474407037,842.6644221877258,213.7192375113748,0.723508339208052
0.5750000000000001,955.2164654327418,153.05901417588194,911.9432362940128,0.0,646.694368795495,318.9397258743576,1068.2076748505478,540.1140081389857,857.4510218230214,690.7689540293849,0.8459337956454407
0.5750000000000001,1452.1200914057013,539.2375778026934,1839.3521157805592,773.6148557137881,520.555331012686,1341.7249967374355,777.0116278574336,452.6198881398989,1369.7483669224516,485.7384165403883,0.7857244649703711
0.5750000000000001,1768.4530302377557,0.0,1310.0952935028529,461.8700565566328,880.7141952971625,983.4495500825698,881.5922752525826,71.12447638989505,1102.8684240211685,371.42782114725634,0.7830463034951205
0.5750000000000001,737.7968112999596,301.1415556326333,1253.5017253208675,944.8316307974036,990.002864142312,904.3657342592724,800.8483245105505,285.1434104896532,1532.057664281063,512.8817119368438,0.762213282618409
0.5750000000000001,1370.1097769781825,133.4079882345504,1959.2472432694497,804.3430531513734,673.8564077248873,920.2229845375938,891.0095564570287,782.9198725589613,1232.806664999572,705.9911786134944,0.7243288304963786
0.5750000000000001,1496.2665397345106,371.4507843396826,1631.2444303818982,389.2385683784803,1237.8205010531035,2103.1438775289366,1597.7615427794422,884.1575007522065,2080.124392302249,437.370219307007,0.8275743900595364
0.5750000000000001,779.6910939029999,430.85314305438646,2039.4444461838752,562.0774505836482,963.4051244439664,1655.6133466607878,930.5990475616449,323.68662523882483,1368.0134059925006,1147.1191549849204,0.7458130418508381
0.5750000000000001,1845.2099962281216,738.7842679395268,3466.333769005408,1111.0941912771505,753.9567726523577,2201.180299105789,1656.1372451914765,1518.4175870289646,1575.606258638819,1638.6305089843677,0.8300370812706419
0.5750000000000001,2000.7910963793963,1337.2184671837142,3358.15598114781,1689.7807749157612,1905.0956128521264,1256.6327968449611,1028.7264479181626,1041.3179589085958,2240.0298051975865,445.7394890612333,0.8530364016124176
0.5750000000000001,3777.936080320011,1099.5249479993226,5078.381414500523,1713.3604585370797,1944.3398001312075,3312.8132965620293,2602.4727186459118,3246.36718459659,2154.752488021716,1735.5091625255711,0.7673747981534679
0.5750000000000001,5497.158642231222,3178.2133680395023,4781.7011080232505,3945.8022301169135,3068.557816314175,4591.152116500509,4125.565429666681,4876.975603784611,5290.430962749038,4174.101493545109,0.8293170210376367
0.5750000000000001,7734.305809771532,3985.3341481590073,8476.22139254251,5431.960107485268,5164.958039349427,7473.869366261976,7053.6693901793205,5451.65698136415,7434.475618504238,4957.046592850182,0.7575764728344356
0.5750000000000001,8986.683539193109,4728.103617537859,9514.89769706107,9566.545303608136,6979.469739294971,8784.788349963583,9491.421512266908,8327.00274647803,9608.802436237584,5624.893876673651,0.777737700512724
0.6000000000000001,62.9353369961955,21.387496137983312,6.1357570887655495,0.0,8.502406251574993,0.0,0.0,0.0,11.13201643247462,0.0,0.753035799880364
0.6000000000000001,123.34876122869318,65.83033618135146,0.0,0.0,53.52870770301811,0.0,0.0,0.0,80.79177622256744,65.49785973599104,0.8250563095997383
0.6000000000000001,102.1544042146048,70.63247377124131,24.32247719395321,36.19184606460252,36.97016533480917,18.87424230250832,5.059075256342385,83.47474172964854,0.0,96.1224298705045,0.7768435192056238
0.6000000000000001,147.171270626642,75.44594631843337,46.7144763505916,50.02169591523494,60.97686072311671,0.0,0.0,45.68097023663985,102.73050772674286,124.43413611971656,0.7925087349256313
0.6000000000000001,175.62598350228333,159.6813014219695,0.0,96.37153433836934,44.78579819617667,114.42654198813642,0.0,215.25320808424087,55.57190666227138,197.66716167212917,0.7809792497746779
0.6000000000000001,202.25235690807415,163.59399501805115,40.70648702327078,0.0,186.635402767072,32.25797084862984,0.0,108.03860077874413,202.50837254973055,76.54867685508123,0.678009784312696
0.6000000000000001,210.38722327973863,203.9841338755735,178.67668527815454,32.015447020829484,129.89124219879423,0.0,175.32268606644865,174.10304998946444,158.2477809886724,194.836863298192,0.7459878527544044
0.6000000000000001,213.89044624817743,187.9004741260686,182.28102069425995,44.60441161497271,232.50488574104125,136.9741774003112,0.0,289.7530675775819,212.4855828902268,278.1629448744774,0.8093385451053304
0.6000000000000001,411.3080692554617,349.9760179219361,56.73214748351195,58.265448766850376,244.5615546924365,0.0,115.38092157119613,219.2620835173573,106.1811138711672,234.9784216715721,0.7428407695517603
0.6000000000000001,372.1419579203067,225.8434008861167,0.0,246.62898822430645,253.4242763925616,146.6982798676194,42.37062034323643,123.51435552886706,290.9982227346761,355.7533217498096,0.758836332431919
0.6000000000000001,104.9142051763533,196.71413470566384,359.7682952505796,370.259715768215,334.851171521196,354.95972751333017,445.448229477937,254.85409007422632,246.9855246860003,160.86844793707567,0.838123911579773
0.6000000000000001,60.55001115380651,250.91227643591725,151.15722208899757,293.1666007662702,338.4702062338667,156.82017277244714,323.6594121386922,165.96801618417575,524.0407440145972,49.65972137794297,0.7430589179773803
0.6000000000000001,179.0548635371675,249.119810138667,375.0535376903821,496.40785696749055,355.82002293702976,73.2705323937265,395.660874926118,286.21301716299206,254.15715924073552,220.7274788360993,0.6935750153376271
0.6000000000000001,40.76794044738308,348.4236770793709,298.6488660680308,280.63512494011866,91.4908430970306,334.20230250470235,386.8213884309746,349.3717687176823,482.1045980812527,281.1091707592754,0.8148058900224419
0.6000000000000001,77.81906950155698,343.743836804886,551.4331415010882,411.25574478305634,223.15004698128212,408.6789544022086,602.9689491180147,140.17739671803403,638.5286563736931,329.3138106721469,0.7307335319298279
0.6000000000000001,373.4413380178961,354.93258365549445,213.39505029594065,473.6063616261959,460.5413585468504,425.1569752069642,461.6301088034648,241.15818183954647,351.1219577573532,487.7601149621513,0.8564790564542399
0.6000000000000001,585.7014311782948,384.97360401065714,373.78935557609606,628.083846298734,803.4999533249976,516.2413619531306,362.0164624870856,376.1439341938986,495.6387990473617,960.0794314088428,0.7700590463593434
0.6000000000000001,884.3320062311014,741.1780514732967,612.8972348721492,1069.0068050095656,680.4460706669589,586.8692430980041,638.9252266462943,349.51874668138765,596.7846685357756,901.064286657337,0.7756482476235791
0.625,15.335689574749765,0.0,0.0,0.0,0.0,0.0,0.0,0.0,9.694062839997422,9.7735223714727,0.8005819309581614
0.625,10.299685192702336,0.0,1.931190973632372,113.45746970085892,0.0,0.0,0.0,0.0,0.0,0.0,0.8128980651751632
0.625,55.69964324856779,0.0,0.0,42.53774124805001,13.16190200051777,48.451059538138615,57.41641307472192,0.0,94.80384484430952,0.0,0.6954838140618056
0.625,125.38662073516066,0.0,0.0,159.22440083421824,51.27565450593425,132.44480799508705,79.71599728857848,0.0,86.98177829144358,109.40190252885614,0.7758876996063889
0.625,99.09306998540896,1.928818880494474,0.0,137.91054995536246,169.01275440333805,23.145826565934943,108.25495966775834,0.0,36.64755872939753,77.63495993990699,0.7731224978831928
0.625,35.941673782035934,0.0,61.72052946018552,83.28553372940604,105.84203244778742,130.8772672890683,115.7569769393842,0.0,82.54191289253734,98.1579504668006,0.746866289718287
0.625,105.64445539473806,0.0,57.49159589161206,116.73420485606266,178.31149791763593,162.55238026206908,149.41978221576002,0.0,97.47306105481258,193.4869445489248,0.766066759742033
0.625,94.92006913629704,29.20617511886049,0.0,204.4432258320217,156.98319126387406,0.0,8.29720884058444,0.0,283.1007656407711,247.92060015669037,0.7246799131188612
0.625,336.3727616363176,151.25733592180237,124.02365500157522,65.14002057946172,140.95269989793243,93.47776964510444,43.794703101446856,222.2857199434748,183.27531213882625,147.5771087704197,0.9046080528567414
0.625,212.8070159928067,316.97259169865566,279.94498470946706,0.0,246.57944874118695,0.0,21.158632565250617,83.41383992069849,167.64147340159906,334.4691532429961,0.6583114009953761
0.625,258.94806810854635,324.0060951374729,239.68746800130015,32.101000178744805,118.13168065778426,215.29070786545384,205.44640114397288,225.5630279226524,327.8582151589222,308.1696017159566,0.776341465374525
0.625,341.04538285486524,294.25287650010944,89.08573325232646,113.38184232114313,347.3443740949279,0.0,143.52701468430448,327.09761653758227,275.35590277991764,198.4182240619986,0.7272559392542147
0.625,317.2190543039049,159.53978830827006,167.4470081369582,279.54347747308964,260.4731237686023,58.14132226977659,225.58833040673676,261.86851550307625,240.9376394859577,451.6417913916308,0.8304329400969626
0.625,449.5561777917557,423.9087316959962,357.1285890315574,365.3551283452929,403.1004263730167,257.9262031894585,238.5696400983179,419.06959092321006,461.1701156464425,320.8350332356663,0.8279309788321849
0.625,362.3507600190302,544.0379348873314,0.0,69.09230593583209,366.95691374808536,377.70460578254887,194.99384119668173,531.7548582765147,433.4902453899984,341.87896566767114,0.7996387311804235
0.7000000000000001,0.0,0.0,0.0,15.473064334235326,41.59971394777954,0.0,72.67267101243226,0.0,21.687655747165344,39.57045960886356,0.7704524520487761
0.7000000000000001,0.0,26.30930286677278,0.0,53.2248108687251,28.491641353417748,21.459661785340845,47.16275951693408,0.0,37.09975427296134,0.0,0.773823689251259
0.7000000000000001,29.421379416429264,0.0,0.0,0.0,7.65219733700845,89.18767930720342,24.275936379475365,0.0,77.18164555430985,0.0,0.84300839117218
0.7000000000000001,7.670910200410695,0.0,0.0,59.21942674717029,3.528618692188936,64.28222747944248,31.29731361767561,0.0,48.01989785457146,15.03498399280458,0.7942752914371906
0.7000000000000001,91.69070237096228,3.3377771741030995,33.57411157480666,137.24154380578662,42.99842359580437,46.728880437449554,0.3926796675410579,0.0,30.82535390201515,121.92703677166485,0.8717930001868117
0.7000000000000001,91.5991739509326,0.0,97.37762651325772,135.90064359542438,108.93453163790794,12.841005694056308,89.03097281212044,0.0,72.55168217141545,27.18012871908488,0.8279783055038491
0.7000000000000001,29.69765445610365,0.0,0.0,93.69725088088362,57.78380828280493,133.29412348902142,147.79762915362943,0.0,122.47404783447249,1.611500629399956,0.8401205465089783
0.7000000000000001,42.75602222694723,0.0,71.89547686569477,96.40529852445364,180.28335486776493,38.39872059872357,59.91289738807827,0.0,6.8082837940991245,35.130744377554386,0.7201082914806091
0.7000000000000001,66.66176323454182,0.0,123.35862371752776,165.27993874130988,239.5012833735836,129.88735310647775,136.0724651591659,0.0,175.5884588291258,132.2926744602999,0.855418467053237
0.7000000000000001,92.56756490036268,0.0,274.2742663714425,272.9028950395836,280.78828019776256,0.0,292.44493651854907,98.73873589371888,232.1045979168317,0.0,0.7429115474876461
0.7000000000000001,193.7259130400637,0.0,96.86295652003186,171.37292307390192,245.51033979500315,144.1767852817393,220.54950099945552,0.0,191.8631638762156,222.03970033053287,0.7909549954879447
0.7000000000000001,291.7060710376701,57.94433519931921,152.79841816258997,367.509961606641,226.22103468227496,346.07849516305936,137.32013684222213,0.0,484.1923900217094,115.88867039863842,0.8064031178156387
0.7000000000000001,177.7041005436154,358.8671616817535,237.80354087345307,436.6937750585197,261.5838949607975,342.8694689320864,247.31568250838947,0.0,231.31798975872013,243.42435183955195,0.7914147153271924
0.7000000000000001,101.57046504595704,0.0,135.58259324941952,276.29030170757784,197.0839757543097,354.56478853198774,109.02517807685254,0.0,92.2520737573377,201.2772518341878,0.8611658390359279
0.7000000000000001,488.2583509165982,168.81272771052406,162.06021860210677,629.5416184158695,412.9419031688245,560.4582559989483,474.2339089221854,381.77647651457255,468.0008235913355,226.4687670208885,0.8573277901726684
0.7000000000000001,323.85102735014624,210.8545920977564,188.6878272874812,300.6029569393684,353.58693136393174,536.868230648908,329.7982081529039,221.66764810277184,653.6492355030502,289.78990093435294,0.7679619241896103
0.7000000000000001,376.0084030984917,65.53765371583508,403.778595350965,404.33399919601374,529.8552681771939,386.00567230938304,507.0837105301648,179.39544195097778,199.3899803727604,416.5528837871,0.8236562398212448
0.7000000000000001,392.8843306551933,550.4916090421233,415.56163689791896,708.0988874290562,636.6653727644754,782.3670653739767,229.60772570757817,188.78857447067443,392.8843306551933,517.6095149901739,0.7732702025463734
0.7000000000000001,633.6656847808625,126.25444710931258,273.4515750187508,558.8703962089936,655.8050901981364,943.617360622685,266.86958962442293,326.1074581733428,201.64809798975568,488.862006105727,0.8459337956454407
0.7250000000000001,16.810225413861307,32.15289146619399,0.0,0.0,0.0,14.008521178217352,0.0,30.418503129843028,17.343883363507196,3.468776672701318,0.8020356857007725
0.7250000000000001,49.67241173244744,0.0,0.0,0.0,0.0,8.75234714736462,20.914699676819943,22.05136813751616,0.0,0.0,0.6749855313340757
0.7250000000000001,68.5548747685811,52.96616939484669,27.81166754177528,0.0,0.0,29.05167819650461,43.75466167400414,40.211774089063766,52.78902501559987,6.908630790632317,0.5876111218770907
0.7250000000000001,88.90788149137178,0.0,0.0,32.93632882521218,0.0,15.356815893964033,107.69977462477571,0.0,0.0,89.31200822542311,0.7126861321557894
0.7250000000000001,89.25774322315428,32.967055914080056,0.0,16.595660800285096,0.0,48.441388281912445,36.77957258441537,27.808945124800893,13.904472562401468,0.0,0.6735959713104622
0.7250000000000001,77.9191961559946,34.65731117367819,22.46749827810884,33.46223147803411,0.0,98.2355509819428,142.214483781645,24.618641730267303,15.77505198250158,102.7768538253905,0.7093027214920566
0.7250000000000001,112.02283728498718,78.34113787858797,0.0,65.86643439473643,0.0,0.0,29.689794291566923,82.83203113277386,2.7444347664471147,103.29054484629108,0.7076553032122223
0.7250000000000001,266.0319111216023,107.91316134433757,0.0,95.7945710329406,0.0,304.4074471076894,86.27282150255868,183.22154399372772,0.0,184.0871575873981,0.6613017649307141
0.7250000000000001,157.22694760163486,237.95631200164493,0.0,47.526158074199714,11.067735441937284,135.4169983484052,247.07091765971128,173.17750750324873,3.5807379370969645,208.65936524357645,0.6970407997558266
0.7250000000000001,352.70091775772937,192.61490534541383,14.985220339965371,166.66488963474018,11.330288549729834,319.44103846658635,117.68880364558532,323.4614634358451,216.73745516096804,34.35635882821438,0.6985305504869367
0.7250000000000001,89.42788151388642,28.325573330189805,173.19064836173268,101.97206398868256,123.8232205576865,99.13950665566432,197.46971121618108,361.353385483706,87.8092773235895,81.33486056240179,0.6602958514466247
0.7250000000000001,314.71367967445457,432.0038419428846,26.860342504220803,471.3990109490739,0.0,186.23170802926384,152.2086075239179,291.8823885458653,129.82498877040055,117.73783464349998,0.6377398121811124
0.7250000000000001,320.47250820340446,363.2021759638593,42.244103354084245,184.51447442014197,129.1601320940989,245.2100252162413,306.8767048250795,486.5355351815313,167.5197201972341,34.47507285218397,0.6936772724121366
0.7250000000000001,369.37109981394246,716.8648479860091,180.10656933076487,193.3347354398036,183.66799866781292,578.4778794606746,195.8786135376957,458.9156088597434,345.4586456937548,294.58108373591176,0.6921076263184149
0.7250000000000001,585.6076796449871,493.0048480030132,0.0,469.327987640006,48.93217808354428,461.4357008523376,456.1741763272278,425.1311816290631,67.87366637394767,0.0,0.7118807359594138
0.75,10.971828689532876,13.440490144677712,0.0,25.71522349109268,0.0,3.7715661120269264,0.0,13.577638003296748,0.0,35.24699966512443,0.7229381342830489
0.75,54.46096630598744,7.530674699625604,10.477460451652776,0.0,0.0,0.0,36.01627030255676,13.7516668427943,7.858095338739955,9.71347896038662,0.646684923867422
0.75,117.83105862847314,0.0,0.0,0.0,0.0,8.964124580344187,39.51291755809656,27.95391480975765,0.0,0.0,0.7994628714863492
0.75,8.275922746842985,45.21479744616273,0.0,74.6851564958935,0.0,104.15551554562424,28.6629519524786,54.49997906457092,0.0,28.25924840385159,0.6721010296906184
0.75,187.23085944758935,48.38550300331004,95.60227405001731,16.59599378374359,0.0,52.82668443839555,0.0,92.79731735417266,0.0,32.257002002205624,0.7468765154257375
0.75,177.5240642381133,116.3338895075371,20.5579638422883,132.53840218322273,0.0,121.65477426671715,17.65566306455392,80.78070498028491,0.0,56.836723563973536,0.746614055601163
0.75,39.21488459427295,64.78980932966668,0.0,55.29055157080552,33.61275822366222,10.717111317689485,116.67037093575378,160.51309905357238,95.7232897239068,43.59915740605426,0.7845071188452574
0.75,0.0,117.4432573204709,128.7917069042472,0.0,0.0,138.29273446275698,15.835045930850008,144.62675283509603,0.0,0.0,0.7869996350364286
0.75,255.7058550207936,20.73290716384832,41.766291243114445,128.30364288352283,38.160568258096575,133.71222736104895,159.5532420870042,231.06674795650824,0.0,22.53576865635657,0.8176575841878275
0.75,268.7552316684452,164.34909387567868,91.89057553369624,206.50677727464935,80.6924408808441,103.74742398965672,166.3252352850052,57.637457772031496,142.2821814715301,66.20073721244731,0.7769358346201123
0.75,254.87296551452232,96.39894397683948,52.21609465412187,177.09654480593554,55.137274774631145,144.59841596525837,118.30779488066656,136.93031814891924,22.639145933955646,167.96785692934094,0.8799640978999367
0.75,373.6933416873651,258.87373216664287,230.48659623347652,198.28626293615116,195.744131360047,460.5495038709341,243.62094271001615,161.0016664866194,222.4365129091452,179.22027611536726,0.7443127844862479
0.75,313.7445107404394,316.0279496832373,173.08467186408492,401.88525393243896,0.0,396.40500046972267,185.87192994375428,278.1228632327885,121.93563954541172,247.0680936107377,0.8359850344379479
0.75,460.4589064700385,490.996493245034,50.8959779583267,257.47377084800564,305.3758677499601,515.5463179072851,426.328662427397,525.1267372876755,335.3146783136817,457.4650254136664,0.6980231980787931
0.775,1.918730386915099,2.078624585824539,0.0,12.151959117128351,0.0,15.98941989095855,14.79021339913666,27.18201381462954,0.0,52.845032739617935,0.794170412386412
0.775,40.9213199457667,26.967306630926643,0.0,10.975066652121278,0.0,12.386146650250945,4.390026660848441,6.97700665741967,34.72824662064105,0.3135733329178221,0.8575612771594665
0.775,24.45439965527433,19.318975727666945,0.0,12.716287820742762,0.0,0.0,26.04393563286738,28.48937559839426,14.917183789717674,0.0,0.6707376020304907
0.775,117.60041057687695,56.47357846047888,0.0,21.78568757089555,0.0,85.4506580450685,69.79880483879342,34.68789088958142,82.2779850978506,0.0,0.7658008913483078
0.775,80.53450821801923,83.93737476244257,0.0,0.0,17.241190491744753,29.71836782129703,53.76529140188951,106.1694361860078,35.16295429237459,107.30372503414894,0.8166201009526989
0.775,62.67131369673396,0.0,0.0,116.9864522339036,0.0,51.99397877062394,0.0,149.94692091885216,78.45520010924515,0.0,0.5921036160172103
0.775,0.0,99.29949301461006,19.124346802814237,65.21892627626218,0.0,79.19441047831796,71.10334067712819,31.13835953791431,0.0,164.76360322424145,0.7807649968566576
0.775,115.17805550212816,77.31129752882565,0.0,33.13341322663923,0.0,84.14835105178277,111.23360154657584,48.64826545181192,0.0,29.188959271086908,0.7010994317369557
0.775,148.46035980396638,56.000764405426125,0.0,51.62570468625095,0.0,161.0021976655973,133.8768274067202,265.4202896298805,102.08472678072326,45.50062107940781,0.7785889906580162
0.775,202.3486072955289,93.41760703477009,0.0,127.8168702750094,117.36219223140738,171.32182084354687,248.5515392946756,254.62199751354052,72.50825094756452,92.40586399829184,0.7848004992614096
0.775,462.7340633551684,242.1282889649133,87.74563634283962,233.43650423283987,0.0,208.18893905871923,92.2984759644036,145.69086788999837,0.0,0.0,0.7505763623034478
0.775,175.80504412965396,256.4885184886737,142.68235465595035,191.0924392713626,175.80504412965396,337.5966427127406,168.5859964238477,224.63977861011136,228.4616273955409,235.6806751013472,0.7800163289897128
0.775,356.9819348239525,49.2230245182522,0.0,281.99732738025887,151.34929968695894,460.4882947922351,350.5415390925921,288.89775137814445,1.8401130661032572,350.08151082606474,0.7432506499920859
0.8,0.0,1.07625024680403,1.2648714240789376,4.6489572516585245,0.0,0.0,0.0,5.6697306816169375,4.094189083202855,8.45466688726439,0.6996356406518467
0.8,28.566640998776897,0.0,0.0,27.43603515449813,0.0,2.2612116885575326,12.66278545592232,11.306058442787664,2.7134540262689706,0.0,0.6539480749407497
0.8,76.39020947290437,29.082567058212145,0.0,37.09642998091925,0.0,5.558001704457968,19.64688974599256,37.61345339528759,0.0,0.0,0.716836795503978
0.8,90.38607695442016,3.87620602923486,0.0,14.62386820120195,0.0,10.21908862252652,54.443075592428485,28.54297166981647,0.0,70.12409089251238,0.818119397966457
0.8,61.60808618129346,11.594141679874053,0.0,0.0,0.0,12.730822236724473,39.101811155654985,72.29288341568594,0.0,10.230125011653758,0.5554853576353355
0.8,161.9923464797341,119.9763405711971,0.0,74.31732837001242,0.0,69.94572081883476,32.058455375300234,36.91579709882936,42.501740080889576,124.59081520854993,0.7661051061449736
0.8,53.98999130113516,171.2182594503563,69.2371647704356,57.73929625260168,0.0,16.24698812302651,6.748748912642463,20.24624673792512,0.0,25.245320006548656,0.6122088176811413
0.8,96.66893365317311,106.96972166539544,0.0,187.26304360682823,0.0,0.0,195.45084946269785,21.65806710262279,28.78938188031654,30.109995728037468,0.6777810314497189
0.8,222.6906218810135,56.94760177873194,0.0,53.547744956121576,0.0,176.22591197199665,121.82820281022312,59.21417299380509,0.0,55.24767336742676,0.6758760200245967
0.8,274.4725243993407,131.70659595719326,32.842866167443056,113.94463772377992,0.0,79.42611511922244,134.05251496915284,211.4678423638383,181.30602649577887,159.52249281329156,0.6726707476771713
0.8,190.2396653821872,149.00901547045837,10.850171029402237,261.4891218085929,0.0,183.72956276454357,189.51632064689275,237.98041791155475,181.19785619101705,122.6069326322456,0.7794283508112826
0.8,418.39649051985737,266.8513049772316,0.0,235.55392970212284,143.3090341544396,180.3717154012753,282.49999261478416,454.63555662787337,191.0787122059188,115.30611943460596,0.8117501077791811
0.8250000000000001,0.0,0.0,0.0,0.0,0.0,5.151102102644405,3.764987355023754,2.9127140980407367,0.0,0.0,0.8039508754921074
0.8250000000000001,0.0,0.0,0.0,15.95114745670186,0.0,0.0,27.52859319140488,22.46882061105311,0.0,6.003120010586751,0.8185715067912563
0.8250000000000001,31.065187681598747,0.0,0.0,0.2903288568371042,0.0,0.0,0.0,8.709865705121045,0.0,4.54848542378526,0.8427680870470821
0.8250000000000001,45.721562682167374,53.92087027562607,0.0,0.0,0.0,74.48862491684378,0.0,61.70326392365377,5.280909975448141,0.0,0.8122422199502585
0.8250000000000001,11.22127438781068,0.0,0.0,138.17569246165831,0.0,2.860324843950938,146.316617017521,133.11511773774467,7.920899567865598,0.8800999519852888,0.8182860391249174
0.8250000000000001,41.29483267719756,37.58571596966491,0.0,129.32453586930455,0.0,114.73534348634368,0.0,177.7903275143977,0.0,0.0,0.7839049382953681
0.8250000000000001,91.8705734932396,53.22863311028956,0.0,95.96508373249236,0.0,148.4259961729215,0.0,0.0,0.0,0.0,0.8528387046016991
0.8250000000000001,99.13841246282826,72.34424693233413,92.43987108020472,86.00927135288589,0.0,40.727131606350575,51.712739473854135,15.27267435238116,0.0,66.18158886031999,0.7683696742742165
0.8250000000000001,174.95393311517685,0.0,46.80659874533291,113.30621769449378,19.69302020382925,27.398984631413978,146.41332412412035,174.0977148454446,60.50609106104055,16.83895930472359,0.7290972393392984
0.8250000000000001,65.92610864517428,42.238372638466494,33.961934756604656,128.142089963995,0.0,98.74646576289992,186.6479439564648,196.92214270636163,7.134860242984117,67.63847510348891,0.7751301451127306
0.8250000000000001,30.37767843594513,197.45490983363527,293.1799197887603,111.62030681114216,0.0,80.88939955617637,85.83460302249313,89.01366239369527,89.72012003174143,0.0,0.8155591838046619
0.8500000000000001,3.5904750387020874,3.0917979499934694,0.0,0.0,0.0,0.0,3.405252120038861,5.813150062660421,0.0,0.0,0.8307699236379601
0.8500000000000001,21.20826827848483,0.0,0.0,4.725158217485914,0.0,0.0,0.0,4.615270817079358,0.0,0.0,0.7391886013261659
0.8500000000000001,0.0,11.303318896712511,0.0,2.9428759257713506,0.0,7.55784044573063,0.0,0.0,0.0,19.66376186765368,0.6715215729350646
0.8500000000000001,54.65591566066499,110.15054102456192,0.0,6.569892675322587,0.0,11.46236594418002,13.69892515280107,30.193549316377183,0.0,0.0,0.7412353334819605
0.8500000000000001,91.64466972772686,102.04406487413496,0.0,0.0,0.0,53.08024605979429,92.94459412102776,69.9792631727078,0.0,0.0,0.7179860514024936
0.8500000000000001,176.74812025313793,15.499835156570002,0.0,59.99936189639737,0.0,139.74851375035908,3.999957459759597,176.49812291190204,0.0,2.2499760711151287,0.7669067285683617
0.8500000000000001,39.752836675511794,26.33308926275918,0.0,106.34516817652651,70.13717044023251,117.48609055692478,0.0,81.53129560200323,0.0,80.51848447651226,0.6939292630600354
0.8500000000000001,130.14632202498754,23.542728984195016,2.116200358130348,105.28096781696016,80.4156136089352,101.84214223499986,105.54549286172735,131.7334722935835,0.0,0.0,0.7702877045398445
0.8500000000000001,43.74145498147816,58.88272785968076,0.0,45.14342469242167,0.0,67.57494006753815,95.89472822862372,115.80269812403807,9.25300009223606,0.0,0.8082784800995814
0.8500000000000001,205.03541749013084,255.8379615863496,42.89316597345434,139.63094455188445,0.0,146.93190897289688,83.96109084165556,68.75074829787734,0.0,104.64715670119452,0.8081029387883395
0.8500000000000001,202.05808707864935,194.99782114079187,71.61126879825694,57.15453378264591,0.0,190.963383462016,188.2737583428336,254.8419800426202,0.0,0.0,0.7629871175147199
0.8500000000000001,367.8215596697243,164.42477389877695,144.38202493594608,262.41154660594697,18.929262909339595,201.16981366396487,204.51027182443693,248.67855194623044,18.55810089150973,83.88261602962366,0.8109797711512089
0.875,2.4540322103027337,4.659268528316684,0.0,0.0,0.0,0.0,0.0,0.7916232936460332,0.0,0.4410472636028002,0.7591780414892381
0.875,1.785589920863459,0.0,1.377455081808954,0.0,0.0,0.0510168548818131,0.0,2.2855550987051902,0.0,0.0,0.6442061519066969
0.875,20.15637697522441,0.0,0.0,7.543184021402806,0.0,14.900879911131938,7.975989661975273,0.0,0.0,0.0,0.7660071097819021
0.875,39.37189840877572,0.0,0.0,6.847286679786601,0.0,9.700322796364516,32.66726353481723,50.49873926342854,20.11390462187416,2.853036116577913,0.7041330582807395
0.875,50.27941509193592,18.557386642765263,0.0,0.0,0.0,70.26429301491258,44.093619544347504,78.8292406961888,0.0,0.0,0.8168146734416963
0.875,79.87082620608521,7.395446870933795,21.200281030009982,31.30739175361928,0.0,90.7174816167872,0.0,98.112928487721,12.818774576285918,23.91194488268549,0.6792198263610595
0.875,74.44121641633187,2.0822717878698698,74.70150038981413,0.0,0.0,20.302149931725907,54.13906648460478,223.32364924899207,68.71496899969033,0.0,0.814675796299871
0.875,120.45087028436804,45.820718308632685,119.35336804943049,0.0,0.0,173.954104237561,90.81830994106063,20.85254246380829,0.0,112.21960352233836,0.7619973069064581
0.875,130.81379266606558,0.0,37.6159832988257,27.22948044765671,0.0,241.1352959230678,186.114902441204,48.0024861499934,0.0,49.686783909642045,0.769470459507851
0.875,318.93051394994865,44.34652860637354,92.33797737217589,145.79680637711937,0.0,123.62354207393192,57.71123585760976,129.6984090063119,0.0,187.7133882105404,0.7815970529331728
0.875,175.54438739511525,297.2873515414333,8.966903874799272,53.80142324879719,0.0,182.4420057603457,23.796783360045367,72.76987375318093,0.0,157.95546056377634,0.7742302828570464
0.875,312.2399498054371,233.8064695911513,0.0,241.27632484965451,0.0,242.3968031384307,140.80677162278724,189.73432356598144,74.32505982210765,222.2281939404716,0.806100404412528
0.9,1.7173385745125445,0.0,0.0,0.0,0.0,0.0,0.0,0.0,0.0,0.0,0.9328934958558044
0.9,1.2737062549572395,0.0,0.0,4.921699897795815,0.0,4.760940855908044,0.5812057668251717,4.773306936053248,0.0,2.930760994416098,0.8541271437405197
0.9,7.228568912884202,14.540224824766618,0.0,0.0,0.0,0.0,0.0,0.0,0.0,0.0,0.7746506730522527
0.9,97.17076218077749,27.76307490879357,0.0,13.048645207133102,0.0,73.57214850830294,23.320982923386847,65.38204141020873,0.0,21.655198428858853,0.8533005657215675
0.9,125.1939322527178,45.56108294007116,0.0,4.952291623920778,0.0,72.69964103915666,72.10536604428671,93.30117419466728,24.36527478969059,0.0,0.8166769104385385
0.9,108.13317083236213,5.639598478785725,46.3427874995836,88.76237605740265,0.0,35.30879047587327,66.6943820099831,36.779990079034434,0.0,55.41518505241165,0.8756096508104042
0.9,129.6060675642435,0.0,96.45734588114505,196.44693259737352,0.0,169.00413841710434,7.064481670168122,180.14428258929263,0.0,31.5184566822894,0.7901426198404511
0.9,69.88394058112489,20.39414608398565,0.0,20.39414608398565,0.0,52.752857870576456,0.0,116.6545156003969,52.48093592279022,100.61112068099588,0.2
0.9,268.4671513242615,116.04709121758482,0.0,28.5787612700023,0.0,129.0374372494026,150.11066525657637,111.7169758736438,168.87449841364838,112.58299894243228,0.7462075837299877
0.9,209.94043963515685,199.3373871283308,67.25364732901055,45.74459795802079,0.0,115.7247445030726,193.27849998157305,50.28876331808911,0.0,0.0,0.9216214609656732
0.9,205.41612562863688,230.6881410845265,0.0,68.36404181016108,108.21606618290978,199.2601218637405,62.85603844157048,100.11606122909772,86.83205310485013,100.44006142725132,0.8029645207942347
0.9,268.4732866973823,81.38902107012508,0.0,31.671745755795072,0.0,184.87460894661905,226.4898097652811,219.1242874964915,0.0,95.38351338082605,0.7992385286417918
0.925,1.7942609683985775,3.145782217322163,0.0,0.0,0.0,0.0,0.0,3.460360439054358,0.0,0.8155731674538941,0.9222610324862429
0.925,3.262767044008052,3.608096402680446,0.0,5.072769199808111,0.0,0.0,0.0,0.0,0.0,0.0,0.8354936323854438
0.925,21.912642649829184,65.73792794948754,16.923603475091397,13.01063157333576,0.0,23.282182815443143,27.5864519073744,14.673644631581984,0.0,4.499917687018386,0.8937794547373227
0.925,88.97492633940806,16.720120385929338,0.0,13.58509781356712,0.0,3.732169729001993,10.89793560868609,19.55656937997031,30.603791777816348,0.0,0.8558961911295351
0.925,21.607200144821118,167.68664727775348,0.0,32.872492528017176,0.0,13.850769323602956,8.125784669847235,101.75698529740288,0.0,0.0,0.8011022025584686
0.925,108.69808533023004,0.0,0.0,48.72672790665484,0.0,46.22792134733921,101.45154630821447,0.0,0.0,52.72481840155962,0.8768566190245626
0.925,99.46635786561896,98.92133672662976,83.9332554044132,85.29580825188619,0.0,89.65597736380472,75.7579383195678,153.96847176458823,0.0,153.4234506255978,0.786039425613288
0.925,68.62770028362343,88.23561465037298,0.0,107.84352901712252,0.0,0.0,199.4405004160819,168.06783742928187,0.0,0.0,0.871715360556165
0.925,157.8160063361645,163.13564699918183,0.0,82.74996586914978,0.0,153.9740436350963,0.0,8.274996586914172,0.0,114.6678098472496,0.7682652868439879
0.925,27.640088126850056,87.83405782532324,0.0,118.54526685515664,73.70690167160015,120.0808273066483,58.65840924698151,234.633636987926,51.59483117012066,94.59052381188602,0.6706536051478579
0.925,237.3709594844949,171.5283747057234,0.0,179.6320774477248,40.85616799092972,75.63455892535838,113.11418410712032,225.5530596524062,149.58084644613288,142.49010654687933,0.826121487459213
0.925,230.7890323716064,277.76051812672426,127.22985117921908,0.0,76.55982323865712,201.940403325155,150.16081272896133,271.1031421929273,0.0,213.03602988148216,0.8595226246580455
0.9500000000000001,4.77600041609308,1.5758377007413678,0.0,1.0667209051172004,0.0,3.103188087613759,1.248548332125875,6.473056401506805,1.0303554197155098,0.0,0.756999965802185
0.9500000000000001,0.6048507553687047,0.0,0.0,0.0,0.0,2.941235045714244,0.0,2.976814501912422,0.0,0.0,0.5996263281319643
0.9500000000000001,11.160277826056696,18.70379894922424,0.0,0.0,0.0,0.0,0.0,19.633822101395708,0.0,9.506903333307209,0.6503134556817807
0.9500000000000001,37.54011817261329,3.509848447033176,0.0,36.77710764064892,0.0,0.0,0.0,3.3572463406398856,0.0,30.215217065761053,0.6926939002122696
0.9500000000000001,88.82549640359338,80.05457665099443,0.0,2.232597755207149,0.0,42.89777115362043,8.611448484370017,30.14006969529397,16.5850118958236,40.82464466664221,0.6495813437221375
0.9500000000000001,43.65872846597404,62.51136121264402,0.0,82.35623778808522,0.0,0.0,0.0,194.72785139652788,0.0,39.44169219369186,0.6749216206625076
0.9500000000000001,222.182950023582,0.0,0.0,162.6062180369385,0.0,188.295267609161,0.0,0.0,40.44658868818016,0.0,0.7543689764892827
0.9500000000000001,155.06346792613968,49.29929109666593,0.0,0.0,0.0,0.0,218.69394829509068,167.9615382711961,94.58584919709013,40.987201318738265,0.728255502157546
0.9500000000000001,120.66914902825964,20.00732004613641,26.57222193627454,25.946993184831936,0.0,143.8026128316034,65.33640452566357,219.76790613177567,81.27973768742801,154.74411598183409,0.7667007536039919
0.9500000000000001,99.5852595813166,149.8432410522603,114.47651335048444,47.15563693570022,0.0,184.89973430051072,22.026646200228377,145.18972424939366,28.851804177764865,193.586298999193,0.7121218922267993
0.9500000000000001,167.111806343459,76.94106083730061,0.0,49.437242709939326,0.0,152.14137369185684,168.15625513310627,156.66731844699282,6.962991930977458,79.02995841659352,0.6833471775309519
0.9500000000000001,208.5597961749121,76.72407009543451,0.0,225.12931366031063,0.0,131.11531227576523,204.95772715634712,79.60572531028551,90.41193236598042,231.61303789372656,0.6767435008733523
0.9750000000000001,5.061785362033994,0.0,0.0,0.0,0.0,0.09059123690438,0.0,0.0,0.0,3.986014423794062,0.6639971565357352
0.9750000000000001,0.0,0.0,0.0,0.0,0.0,0.0,0.0,0.0,0.0,0.0798488265749519,0.6578361677965343
0.9750000000000001,0.0,21.459555659012263,0.0,0.0,0.0,0.0,4.9841548627382055,47.48791994220096,0.0,3.876564893240547,0.7410251383843576
0.9750000000000001,12.58564831594911,51.416977876131845,16.883186765297022,0.0,0.0,1.6883186765295628,83.95548327834108,25.32478014794554,0.0,0.0,0.6801452528853709
0.9750000000000001,34.60218031212194,0.0,0.0,46.53917701368305,0.0,0.0,11.483693029350327,12.54140159784286,0.0,0.0,0.7677923478743813
0.9750000000000001,83.63418151724942,0.0,0.0,51.01439811022717,0.0,77.25738175347004,29.431383525131444,47.58073669896161,34.091352583277484,141.2706409206307,0.7568352182932528
0.9750000000000001,81.47336392400167,0.0,0.0,0.0,0.0,98.19968366998812,0.0,164.02584525096805,0.0,22.39168611156244,0.6923734947121396
0.9750000000000001,103.0456820657564,146.24017345222467,9.598775863659757,14.115846858322794,57.31033824479106,79.61337628094006,93.72922313926412,147.65175813805564,0.0,91.75300457909816,0.7326911868118273
0.9750000000000001,249.4852327195922,47.3110983131379,20.57004274484268,54.95139990407919,0.0,69.35042982546933,32.03049513125529,131.06055805999736,23.80247803331769,50.249675848115416,0.7103463929033211
0.9750000000000001,168.23499802676773,127.83447878736456,0.0,0.0,0.0,110.34768687777174,37.38555511705964,29.848144811199525,0.0,0.0,0.7206441672448837
0.9750000000000001,169.3918117819539,0.0,0.0,105.46425063052632,0.0,263.8228792695926,32.775044042101726,159.00763941217812,0.0,0.0,0.7774581978423989
0.9750000000000001,206.32542851580823,0.0,47.03792152691928,230.20073716962295,23.162612873104518,68.77514283860165,168.19620424777528,244.81100067419624,29.220527009148203,209.88890741936277,0.7092561377136692
1.0,1.8687731651190227,0.8861318764179248,0.0,0.0,0.0,3.9832066524132905,0.0,0.0,0.0,0.0,0.6593657632027403
1.0,3.574203497450386,1.3312084454789528,0.0,0.0,0.0,0.5288362317655898,0.0,1.2947369812192469,0.0,1.632098025621474,0.7513962781190606
1.0,1.1595757370676745,2.614729603191784,0.0,0.3486306137588976,0.0,0.0,0.0,0.6972612275177953,0.0,0.0,0.6842951858258842
1.0,0.0,0.0,0.0,0.0,0.0,0.0,15.370037998716006,17.67554369852306,7.588956261866116,0.0,0.7677838264515061
1.0,20.66698780854025,11.06120474259866,0.0,67.968192299916,0.0,42.789397293737565,90.23614395277964,0.0,0.0,0.0,0.7193182338454096
1.0,118.16718902042528,17.966941020649813,0.0,0.0,0.0,100.20024799977548,83.6153793653303,29.484210905680428,0.0,0.0,0.7245823428269337
1.0,107.69545285258948,0.0,0.0,0.0,0.0,119.86742049686096,65.35817408990101,196.86834624650035,0.0,59.53679826003064,0.680413349958925
1.0,141.9120057918702,127.97675873014325,0.0,143.90275537211636,0.0,38.393027619042975,0.0,196.799815647242,33.273957269838014,89.58373111110028,0.7223461794406095
1.0,84.2862081398666,57.481406964644165,0.0,0.0,0.0,108.70836032173536,76.54259891146927,0.0,0.0,48.54647323956868,0.7588320717204813
1.0,97.96662934591193,111.6944372797342,0.0,169.10163409389787,30.575572216240506,204.66913646789155,118.24634561178532,217.46095749713447,0.0,178.1495075048263,0.7386448209277179
1.0,263.0174213009902,200.6894715882236,0.0,184.0469300418834,96.26568149353815,77.9915182269685,143.9090357242381,40.7905430057365,66.24384184131668,82.5600590436098,0.6836524270718239
1.0,127.47088704316587,64.0762747703619,49.76136232166325,264.4850490521293,0.0,103.27186837988988,197.341293042762,330.606311315162,101.22688088722064,14.99657494625508,0.6528426139913172
1.0,202.2075003776867,130.37062524350853,0.0,98.8232144702975,28.506696481816583,218.1712504075033,128.47017881138743,187.38401820714,0.0,110.22589306302412,0.6228825085061392
1.0,28.29543204517929,168.15571043992227,59.42040729487577,295.889375101017,0.0,307.20754791908945,194.02581973837223,185.1329696670291,102.67199627822237,0.0,0.6944129552537467
