frequency,545.6981975195246,545.8243730813499,545.9505328607029,546.0766768535323,546.2028050557865,546.3289174634142,546.4550140723642,546.5810948785851,546.7071598780253,546.8332090666336,Max_Oxygen_LifeTime
0.2,43.800517725879885,0.0,0.0,2.737532357867701,0.0,0.0,0.0,8.710330229578823,0.0,34.59245434032451,0.45973694591830416
0.2,172.94430611449752,40.868177814074826,25.43298619330815,98.39934658238624,0.0,5.086597238660689,0.0,39.46497857582384,40.517378004512665,83.84115448552612,0.971616363897645
0.2,195.1831370687608,0.0,52.67183677154688,58.61865705220615,86.44128050814477,13.592732070076108,274.19089222608176,139.75027659547806,86.01650763095573,252.1027026122065,0.9117780783164717
0.2,421.7899737238195,73.57742033648667,163.86473100580207,353.0638118710564,225.04449077277263,180.0355926182163,465.4513000773386,308.5939424369145,317.7574306839507,352.52478315064184,0.9391676774955388
0.2,300.71365868694977,204.4118151109372,0.0,180.2707535060513,101.28749760310892,167.67541701654497,155.34248337057122,38.573217999111534,161.37774877179268,238.78658761354484,0.8415457954533347
0.2,262.82327961329605,93.029738495042,0.0,128.1299159026818,39.380686847594646,171.50574489423482,355.85301810834,0.0,77.61990451120145,282.5136230370934,0.8653322467273351
0.2,410.5185247384855,7.876410681859662,166.97990645540665,318.52204797437406,108.0643545551045,226.84062763753417,153.43248008261176,195.33498491009976,153.7475365098855,240.703110437607,0.7316352996703497
0.2,454.9657911453001,106.88746275572272,370.28871026089513,344.6079562221838,63.16077344656448,246.7434611016823,454.2717167118204,209.61047891057237,313.3746067156426,341.484621271529,0.6677301296999959
0.2,617.8971042441798,178.9559046474748,241.9360942658995,407.06707924103966,266.1297036924915,294.9316196765249,435.8689952250732,94.470284427637,421.66005000628286,518.8185132590962,0.7000370427067865
0.2,649.127516517715,471.1341364199397,264.0375733203956,518.7958709010987,0.0,401.53956837222967,635.6303881690679,360.2046128045026,283.8614805824719,540.3069192067496,0.6751327152436368
0.2,874.135028436913,203.34034900910984,201.05562598653412,551.5321376494287,92.75975471651516,234.4125821161175,446.43487861101016,605.4516009821782,466.08349660514847,636.5238340891889,0.5234310677705861
0.2,802.3849085927277,152.6638807508273,509.3936223032599,357.75778115345304,217.4303756148126,578.7862953718165,504.25342429818176,386.54288998189134,550.0011865433817,814.2073640044043,0.6944522570889506
0.2,483.6392754940957,382.37384366867263,696.1306734228468,472.01865216986846,187.0366992185395,531.7818578373274,410.041994440645,696.684036438289,498.02671389552216,665.142344558237,0.6630253734709786
0.2,925.379919686225,729.2330706500014,485.5537029823016,711.1827471190616,446.4446686652629,749.6901039850661,1053.5372167558994,684.7089392736797,881.4574657609332,791.2058481062293,0.79822163316433
0.2,1207.9203425465412,931.2823864571022,267.4820899304429,937.8222908563838,433.5956616720915,541.5040842601675,611.4810613324374,908.3927210596344,842.9936770668622,902.5068071002836,0.7036243975064377
0.2,1644.9837814003993,1200.948070251783,1003.8431093623816,1037.5487904066658,494.5942327150423,707.8193019299677,1283.746808469267,1153.3204774718154,983.3266078571676,1099.8310271189307,0.7339582087744879
0.2,1407.592340317586,603.8343584618747,1045.1291857092426,1015.0593724345614,629.8406834561962,956.5451411973406,1635.9603816739564,1129.649741940785,1355.579690328943,1225.5480653573406,0.7500676178642665
0.2,1793.8720375633673,1217.757882425052,1139.486449025536,1667.363557999027,1085.7886051816809,881.0086922178243,1393.4135411007144,1264.1746626968618,2146.093487861196,2194.330534026008,0.6612667032813783
0.2,2019.247971233859,1990.53828443906,1567.336234649127,2208.51923973287,1426.9777658745868,1884.206111125004,1168.5905847214335,1757.6708248812836,2275.5085089207214,2399.9171516981582,0.5525249130712094
0.2,2713.8997247216234,1862.4136860902065,1498.2988063567248,1775.342736588725,1620.4242939691978,2089.7027880356395,2141.7191994261443,2440.248169145526,1830.7515226351247,2328.2998055007533,0.5601010204217014
0.225,357.2054350094739,159.73767730905877,38.55029953029856,155.84163639908144,114.0104603130126,213.05192134032296,219.20356488239176,169.58030697636826,75.87027035218446,201.36379861039103,0.8247662403650454
0.225,227.4689615534328,82.85129024956007,159.0050211076874,187.2836052048446,41.673702880017736,170.91179335912176,244.83300442010648,308.33578976108635,107.16095026290417,268.15043341249645,0.7810588398643363
0.225,411.0066493689732,128.96451226079793,170.14645735248075,286.9189463953474,215.39241018347707,172.58486199606773,257.1162229737354,79.38361784120681,219.7273517720755,218.37268252563587,0.8336496532846075
0.225,421.7899737238195,73.57742033648667,163.86473100580207,353.0638118710564,225.04449077277263,180.0355926182163,465.4513000773386,308.5939424369145,317.7574306839507,352.52478315064184,0.8326921862102807
0.225,386.92763480921366,265.9359775752202,160.9127624127183,315.6838163364058,342.70733368816065,285.2823593156804,313.53421836524376,245.66833956140457,367.2741676443003,368.1954239176536,0.6972630871582721
0.225,486.0228268592117,516.9127157873819,205.38489978837325,307.9130417627317,208.9996740246501,366.07804538279726,427.20059155982034,223.4587709697529,365.7494295431387,416.0276530113313,0.8245197440059927
0.225,736.1983753427813,470.1567632005823,408.922217883065,528.969603336049,346.9957567992518,303.75102140552445,332.4655257069597,330.7357362912118,201.347487993186,560.4517707026794,0.8684417707442
0.225,660.4914274829391,184.62555650113703,20.431399612799844,211.37211599425947,221.40207580417976,328.0168337837077,563.1636693274105,244.80531536066127,241.4619954240228,672.7502672506175,0.7852449718092277
0.225,561.8422944397892,512.4584616432062,380.0935983277801,298.7317098678406,175.27212787638882,27.525415001370856,403.97594369662113,457.8124171551871,306.4226346476365,513.2680326726568,0.7001181046785798
0.225,758.1179941080118,409.07246602895606,602.4925994230795,497.11197502214304,470.4333359332991,158.29325859381123,518.45488629322,482.4387235232785,421.0778536189356,703.8714279606913,0.8729390368811302
0.225,673.1077043674694,482.6234492853542,256.037440122839,259.3626016828787,695.433789127716,643.181250327135,911.0942674501068,611.8297270467876,498.2992109255279,624.1803271269217,0.9409197834843136
0.225,830.1732492101761,639.838301998042,590.2990691620076,624.1943337340317,530.3305241499664,408.82903729948254,841.6454926037851,1010.0788842462998,862.5041169557987,1188.9415880648214,0.8786739544765398
0.225,1048.663277328905,459.9105505806757,767.4512232588651,609.4795116099601,417.3366141079218,590.993460246787,816.187176852678,886.2100986828658,620.68317910279,844.1963455847485,0.7488796733202973
0.25,208.5196290313933,75.30318661271424,124.92032863931102,203.73340954329723,44.99046318810466,59.66820295159974,261.806205998865,170.8680357250362,135.9286334619334,189.37475107900792,0.8907084191471129
0.25,272.5037866154847,245.0211604085245,92.12485967966624,309.85693350240854,0.0,159.47664784883398,294.3737638083461,196.6362551145824,223.1511832156631,269.794231919023,0.9102083319707164
0.25,317.48967367828647,224.22119387368448,124.35797307280004,337.27389666714004,193.60275353379157,51.81582211366655,278.1567541647287,246.1251550399173,140.37377263520654,394.5068274563263,0.9443221441693939
0.25,385.19687144280783,291.3870211186399,315.2325417317665,236.88297400292385,180.5446560708119,211.98929863757053,346.1531069224136,435.77033823768,225.09123304038843,250.7710244699091,0.843301338754155
0.25,326.0197921863712,191.62099396732663,139.0939527419789,296.96852357570486,317.5098246135493,452.4955171479598,339.2249142821293,199.2506200670978,253.53834423854684,484.481257335461,0.8709211639441403
0.25,510.4663745830574,236.2412441355333,314.3707013463697,357.2955809997555,261.25502292635514,276.0780029505442,405.1614539945364,303.87109049590225,395.2794673117443,440.6748436358256,0.8162583665516217
0.25,341.54271857448094,332.97944887058617,153.1507850888438,324.74553569376786,73.1171490101592,282.258543701377,229.23214284265865,230.54956895095157,185.0983682149072,410.7075892597638,0.8839646218926953
0.25,612.466156222108,370.3875449200749,230.4472065547853,575.3910535902633,159.93181527461456,551.7647626974219,342.39947724701847,465.6196712881414,300.5991164366079,475.7971504419792,0.8620823431292292
0.25,721.3844127559523,364.5873705937183,472.09390294827614,425.7414487809156,384.4527080940183,384.063191672442,452.2285654479788,448.7229176538104,540.6487931453893,721.3844127559497,0.920458161603352
0.25,830.6546034055522,426.2902558593949,403.0993912973104,419.1221704492996,581.0365703009393,439.36147043075,632.8997765034163,227.27047270842348,514.415541195317,756.8654888898262,0.8298172285604452
0.25,652.6160451602681,504.4353795698332,596.715554548306,754.2129685740695,467.1683858285251,385.9795780349632,617.1236701685453,605.588648296239,663.707412345182,704.0799888982622,0.8914172453042928
0.25,1064.243641899442,368.30004685958215,594.063192467011,583.5403339853109,526.6212358342856,576.8439694969559,865.2659542454337,560.1030582760646,606.9776096945571,940.8392106140226,0.8738477512417712
0.25,1000.710077068184,559.2203371851588,318.0791576233197,600.0129564258153,642.3546624730758,863.357713549019,916.543027242531,619.6347226428366,495.1914158454019,774.5434033035439,0.9391192474088602
0.25,1245.0262037004377,629.8817356730838,642.9815291359544,841.6617299895129,581.3033349149349,779.9835357684898,943.7309540543886,728.1301866446222,515.8043676005783,1235.7471833309007,0.9311141893419929
0.25,1258.1372288231987,1024.3882573615642,891.5077051094747,1031.0322849741713,758.6271528573853,901.7757477834992,1142.7727493679724,1161.4968271853145,712.7229620793914,970.632033950492,0.8825515117549522
0.25,1009.8452044474276,970.2684644501196,828.5582018791144,972.1834679983768,840.0482231686575,874.5182870372781,813.2381734930613,1032.1869125104208,1136.2354386323757,1526.8961624767624,0.9153880401320287
0.25,1383.963520032575,996.5877744738218,589.7762216119427,951.0141573492614,279.473505013841,877.2921296477663,1123.2556220700208,1014.012981021448,1275.3910792358324,1039.480590591052,0.8366406301068983
0.25,1345.1619963321918,1031.9727323723084,682.1036447054162,1146.9498720692932,735.0072365905316,820.3583648318462,1387.4848698402825,859.8597134394031,1221.720281933592,1393.1279196413593,0.7023520808996986
0.25,1822.7758006575568,895.1871232662969,1034.5891584550702,1811.4729329395511,1253.8647921844477,1081.307678356174,1471.63337688475,1387.992155771484,961.497280545288,1675.0849958089073,0.755610973873429
0.275,174.04418734201002,118.95835717356766,181.47908466535637,217.30177176876165,111.69243478938684,138.55945011693913,250.251884906326,163.39876617448817,152.2464201894664,184.01370875286185,0.7349682530279553
0.275,365.5730559843968,181.35049466341587,220.12339454054796,204.532175542336,77.34065213586834,195.7108279512424,236.7403516307481,255.6139325233207,128.21726149845594,308.131722833088,0.7725901930008846
0.275,408.5662831574607,199.3293933418326,209.00099704244136,415.8789591262136,181.16564980654056,357.61344414936923,327.4191691816141,286.84561219369,296.75310866748555,282.12775672997657,0.7802447031227839
0.275,583.0874820195452,448.2219010962284,246.58854736866556,459.1281906777992,213.8696786239566,175.03264743104813,424.5472724923329,261.2189358317493,320.0064967470403,327.72070157302727,0.7744336608163489
0.275,524.0418361719362,239.1258864085532,383.67883150909176,452.5135672712551,253.4913964806572,310.6541553092323,300.1793042149917,366.320506838635,251.6957077216439,406.4242224565883,0.8173128926325012
0.275,412.3777799462278,227.03224588019307,313.93300666201696,487.73452822566895,342.151703890066,402.1164354996628,492.544533434996,267.75695665248816,279.3009691548709,306.55766534105027,0.7840962965634557
0.275,480.6297256302562,502.0524740048592,422.2354598994742,601.5645954868965,396.3208449301958,363.4956659691072,412.21514211135445,554.918288542192,372.1338709588683,427.763911092921,0.80167380927598
0.275,702.1904008883754,401.1487726100772,219.65956130354277,437.8787320411612,86.06333631401132,327.3287561064264,554.1902702395957,459.48459053003353,321.92729148420955,601.363061273633,0.7916037598162216
0.275,555.3068249349255,596.5254758579305,431.2692179906961,485.84576504615967,473.251177264128,486.6090733965841,494.242156900844,525.5377992683106,395.3937255206752,419.8195927343063,0.766825166377979
0.275,814.0101083016621,452.7878724196027,307.0389004997488,669.9412398045148,325.1000122938514,442.28722602768136,576.6954998442619,617.8580337005897,414.9855454086909,666.5810329590987,0.8298172285604452
0.275,726.5758639081361,588.5133425641955,713.4686625147217,669.7779912033501,221.07479683554664,578.4644881625798,555.3084323675524,697.3031141295145,647.4957488345485,456.5675152038463,0.8419934897076728
0.275,954.6559002279126,435.9117101379978,588.156882787043,716.338988634421,509.0264131123143,604.3531777497085,743.1785631439772,672.3776165928998,577.0508519555057,676.079626870079,0.7573560230931569
0.275,962.2737535508024,444.2398770226844,551.4871563039103,692.1877153609317,663.1620755554595,317.3141978733446,779.2646347773353,843.2194343487088,605.1107959445249,816.1616345300506,0.8159663184531726
0.275,1003.6688947339088,592.32065860203,679.686655656587,989.6279309215698,263.6580982539345,459.1915202331804,732.2102610286764,468.55216277474193,610.5219079883974,1030.190715268326,0.8465959102028908
0.275,1287.4776098453606,419.5722039969107,995.9200433582552,955.880222815542,887.643345552603,628.7943648609609,1148.184149647459,829.5574087089464,839.1444079938213,1046.1108043202546,0.8661823154686811
0.275,1144.1583823572305,616.5443969614071,746.0604997112857,767.5470421029748,1135.2056563606934,617.1412453611748,993.1557372156668,978.2345272214396,863.6396344657882,1174.000802345681,0.8753687785904483
0.275,1375.830291517747,984.3389353450478,766.1510776054862,1123.9791642983653,897.687186128477,721.2667182990621,528.0146157297394,1049.1718987876611,701.9415080421315,1178.2144317936252,0.8164756490907241
0.275,1407.5231354790114,977.9203145383065,690.6439243520016,1023.8320663945676,793.617424943896,727.373325837008,1134.020270849587,973.9850215220548,666.3762840851234,804.7674218232723,0.8361569321063043
0.275,1565.5884542260465,1253.4616421493324,946.2892239151056,942.750371170479,1067.3179877815896,847.9091176142845,1492.6880876865896,1260.5393476386048,1114.0308440107617,1343.3485018630354,0.7819711433974208
0.275,1547.9949522808,1281.1501081257263,893.4142296020569,1401.3040020408562,861.7171901029795,1501.555103712372,1338.647063496157,1275.9901249514576,1102.762118386705,1492.7094182707658,0.8320106428086772
0.275,1865.6828064723836,1099.1981201466417,949.9434956288488,1333.9632066277536,1127.960730079761,1211.1390885349845,1253.8943195166444,1449.7910141962448,1549.2940972081049,1588.1624890096114,0.8289673586522995
0.275,1510.943313748965,1377.863451528321,1333.2330099299347,1543.4018167296074,1570.9915442631527,1384.3551521244472,1390.8468527205791,998.9104292293094,1217.1938617741373,1861.4951459399065,0.8365105221819555
0.275,2320.353011172848,1720.4235640031093,1557.4270854690803,1616.3106300703828,1070.9978039801113,1492.5698479372184,1560.8406242865512,1853.5515778843048,1416.6186092485957,1688.8483299415404,0.773445122916722
0.30000000000000004,185.27958671915388,58.40334798755949,153.34475112004483,187.5811964920628,102.56548550524631,195.4929800864358,293.59909665667186,183.98493122189248,130.1848027801507,200.24005024306,0.7407217240849905
0.30000000000000004,315.1846245388059,152.5394432129727,110.78177063342116,271.5202089190923,204.7842025134164,145.4844939643718,292.3037080568595,236.2454626760916,126.9890864747996,173.51361665475574,0.867026873689901
0.30000000000000004,396.73105904142136,137.25235055587925,251.85357789910356,302.98680653756884,185.0215509944449,273.15908983179713,388.8816599083233,247.3682069659065,209.2425540337177,373.407130188788,0.8479892845776956
0.30000000000000004,447.8952834975451,311.54620909948136,414.88712768423176,344.30045602192183,106.8956430569544,250.6080752902921,315.3548424625564,380.1016096348208,362.83580505554994,359.28108058334595,0.8758760872989872
0.30000000000000004,574.8508319402781,207.83068539379263,285.9514394779826,382.05470676646286,374.9796196041197,330.76032483948245,488.770604798452,487.8862189031592,299.8068185042387,409.47066952053495,0.797632544766235
0.30000000000000004,619.7407483434778,367.9609560660746,470.5498945647059,544.9835092482584,338.1875101926545,284.46585785583017,588.3491804117186,342.7182519560005,496.43984749811614,592.2326733517285,0.7840962965634557
0.30000000000000004,792.4579361858922,303.4443691047553,523.3657598099768,498.780366974631,308.8329483563383,423.67704365569386,589.7126418450895,521.0082563874097,457.3556639780896,457.0188777748641,0.8105519957228438
0.30000000000000004,721.1036367890185,419.2377705238296,492.2284234846694,468.0204682313278,196.2311524324128,499.5641675008342,732.4740400140731,677.8227470936451,455.5497034038458,702.7642767486042,0.77806321886658
0.30000000000000004,729.8416696430141,583.5629299006345,303.4216829669505,511.0055709302765,391.4993326261572,407.4076305822237,504.0214401202942,184.69145919727455,520.3177453435836,524.973832550236,0.6703456165782044
0.30000000000000004,916.6896407511776,610.0272789171481,504.9212274820982,748.1077778612349,348.70478240804607,538.7200361788591,619.5074325759985,483.9000171950898,694.9364812529168,440.62105483948136,0.7814791732500574
0.30000000000000004,750.837492448885,432.142916645895,426.0807915626869,761.2297068772423,288.8169593214573,494.4962032160446,727.0220010505606,789.8082965552271,556.8494897861971,726.5889921160465,0.804430205528871
0.30000000000000004,1116.6509318514072,404.87301978146616,669.5262551890731,750.3151375766622,397.444157033182,520.4846963016327,1079.9709220317563,640.7394120394764,432.2669511657626,912.3572062736008,0.8523502692667881
0.30000000000000004,892.402091670388,647.7918770813615,765.3448431926487,1006.953705455429,577.2600974145878,724.8265867883343,810.8653534740458,672.8031464667414,767.8459701311917,627.2826361853477,0.8192687141174579
0.30000000000000004,1184.511387085472,409.94394092175486,1013.5297433844364,1195.8414960054213,599.9807678063383,667.4464163751163,779.2024907218787,750.8772184220079,810.1027877762813,1046.4900602424686,0.7077329333746215
0.30000000000000004,956.4743242085242,757.992080051956,874.6487750854797,1084.7414012122113,804.4336079326024,450.0405201767259,789.5059739709674,880.730403736519,851.4280111451602,932.700684936286,0.7396000724320938
0.30000000000000004,1126.0518378322265,969.75258892775,621.7107670177894,1013.3304464289974,952.3214459272516,938.37653152685,954.6455983273172,983.6975033281516,1201.00575273437,1127.7949521322728,0.8241658209092182
0.30000000000000004,1259.7637402597495,973.0378526461524,1134.092393773789,1012.081377768002,674.720918512004,1074.9170510109805,1189.6074060564226,901.6614082827656,1190.8275162164823,1290.8765493412232,0.8088869096929134
0.30000000000000004,1519.5668537423194,818.7238114058874,866.3914448000908,1154.9738739974464,746.5782041065496,910.1941349461188,1489.2914649649156,926.2980651468656,1007.4618733586196,1216.168808760278,0.7500953902929088
0.30000000000000004,1627.4913645800175,997.2742129030828,941.2245313005792,1652.0985418689218,917.984419416616,1266.586097676087,1271.3708265933783,1034.1849788364414,1229.6753317427335,1453.8740581527434,0.8399572348441947
0.30000000000000004,1874.126648448483,1317.3986864427843,991.0902665525526,1491.2867259895495,943.8614163052883,1162.831540178987,1361.765182129614,1411.140798297214,1499.15820103076,1508.4608533521916,0.7962337857581046
0.30000000000000004,2075.232770376725,768.4392605054823,1153.4035024447555,1484.011091266884,1182.4433582196775,831.7312538610647,1169.0403478620212,1141.4897154601788,1303.0704514385593,1682.8224115720789,0.8213576247342389
0.30000000000000004,2260.883754975093,1159.829447959488,992.1243791329146,1501.508933979992,1452.1378155871178,1558.7167378320414,1770.3072452300598,1445.8684672197714,1479.5662146942695,1826.731380536197,0.7957711616736298
0.30000000000000004,2232.3639058896024,1262.61981849149,1059.2338941210835,1552.241374794953,1406.617052945744,1116.1819529447955,1819.083707568928,1664.5104050474176,1470.0734613493123,2120.094875637132,0.8035843122847343
0.30000000000000004,2241.108827064471,1314.8527758940293,1806.8455249343244,1809.4304255422485,1362.242620372518,1650.028221387333,1782.719785927098,1409.6324648510067,1388.9532599876686,2006.744505279945,0.7433503506397324
0.30000000000000004,2383.6593881887534,1552.2565352750808,1350.344413853186,2326.100729140885,1395.112259779313,1633.5695615490542,1879.335899388376,1847.3588665840016,2004.5031420797757,2301.43273240608,0.7786844305942255
0.30000000000000004,2587.261196457572,1970.116323908056,1752.6914380406115,2042.2748013138496,1462.1586211173053,1859.979700499216,1902.705114752652,1650.1504438323848,2342.3021547379176,2705.942902717086,0.8174794864497246
0.30000000000000004,2321.082744589079,1427.2985494716509,1737.3668550465266,1880.096709993697,1889.940148265915,1833.8325501142667,2239.3822069296625,2226.585737175779,1989.3588748153209,2444.1257229918,0.8171196267616777
0.325,300.09812061020386,121.58468260140116,208.94903300500212,232.91903528180308,144.13540842760182,184.03284642780207,231.3420614478031,217.6223890920025,216.6762047916023,250.89653698940245,0.6904838691894314
0.325,340.33718898709674,177.0113527906433,187.8157079965825,166.5671427582347,308.2842685428085,195.1986840539739,219.68855585410415,305.403107154559,268.84837204113006,340.3371889870955,0.7902560967884147
0.325,276.88897856844244,135.62730490925196,206.6605966495563,264.21164888107944,234.4299854885437,228.19193437253887,285.94421405941654,232.6189383903486,219.13669888156608,333.6351209785433,0.7698843571903901
0.325,563.1659972352576,142.23059470209003,210.10792741826396,284.7010386363922,145.10878548864216,129.51858539481927,234.3326998717399,341.0656082063609,379.2016361281699,377.2828422704664,0.8540364758011214
0.325,519.2815709920957,282.0134608902637,259.93516280386484,542.5373783097685,285.5459885840881,205.47536085741595,332.9407351428901,335.8845082210765,368.26601208112857,551.3686975443258,0.911080856110562
0.325,569.4186616302659,107.59646878841576,324.7339208614238,412.8852446880804,354.2257240534322,310.1500621401039,334.1324075929447,426.49684616131424,378.2080695062708,605.0680940601595,0.8393893428768292
0.325,810.863074079334,369.7793603401997,513.4630071390554,537.828313828139,600.8914605528248,360.4632136649596,620.9570072379518,594.44182054689,435.7090137341884,685.8117206309513,0.853862127489083
0.325,642.4494907683224,409.1408764045453,125.9185876550019,659.8436500239684,229.90540929201956,487.7927269518136,648.4996331181101,505.5650201043232,321.0356784357294,695.7663702258437,0.7881536447098433
0.325,745.0290807237785,650.4801832245168,661.43649323516,604.220207624023,380.6303255549571,510.0770993844141,529.149194588129,486.9471115841672,740.5653988675886,651.2917617438221,0.8422857745123126
0.325,954.1174852047238,328.16242417739653,228.1952075578045,480.8549660182952,389.7456040358812,475.793334797049,781.1784184788435,649.154204124699,657.5902561601074,821.6714682488042,0.8507270960130764
0.325,1041.887015104256,654.3448397811869,308.8579997032136,829.801507255343,825.279428196731,492.0022015770098,451.7556979553616,679.2162746035549,710.8708280138425,741.6209656124032,0.7855066817485893
0.325,795.31845004767,572.3772635626418,544.7519426286258,934.8990189774258,754.6074507764902,585.947596653033,672.2161427276758,627.6279054306707,792.4105215282996,947.500042561359,0.7770964449164884
0.325,953.6435488845068,572.388386711165,758.9708201885661,999.15145948875,723.0701351563309,852.0092152016915,881.3365353688724,530.9256237161866,999.6571029399072,1024.93927549782,0.7981384129485255
0.325,1066.2532148525236,432.2202304662629,630.1836948019524,644.4810561150897,770.4078153730724,491.0593712549247,913.9313270164472,941.9761511306718,905.6828493357954,910.0820374321388,0.786338007417429
0.325,1539.9843607880075,919.3671068445708,852.9782506443188,1211.5966256546144,866.6116764711563,1077.6333979648143,1327.7771240050574,970.3442642840538,1065.1854874272726,1327.1843663604095,0.8731201779845464
0.325,1560.505755670701,629.543886762018,1099.4761416278054,1235.5593656349515,1136.9944136671622,990.7367430052758,681.6879258675589,979.9263934346156,1258.4518706081162,1282.6161814131203,0.8598952948851466
0.325,1473.2098733958628,1104.2449905354738,863.788522890375,1310.2559035867885,1030.7169797679685,898.2340774841638,1138.6905451292669,1434.1274172221415,1240.7023798877935,1186.3843899514309,0.7899872613901785
0.325,1739.1926464767623,827.8222804887386,1213.535941877094,1168.2807288983192,999.792089808096,1097.2648562239235,1358.3526234091885,890.4833446131992,1356.9601553175369,1452.344219595882,0.9136288311130605
0.325,1822.7398086303767,1283.6300279654922,1514.9948856923738,1488.2989405700462,1448.2550228865446,1523.1519800353071,1165.7229370085258,1400.05401086011,1045.5911839580262,1718.9222442657483,0.8563762312848724
0.325,1828.334385116051,1640.2726749952765,1607.4984350572158,1711.2835281944074,1094.8156817404256,1122.90788740162,1868.912015515554,1650.4170825951524,1634.0299626261249,1617.6428426570917,1.0
0.325,2449.7972521195843,1443.2138913847325,1618.1994093932735,1614.8663519074034,1321.5572931502252,1633.1981680797228,2016.499778955574,1604.0339150782977,1496.5428111587669,1624.0322599935575,0.8517081958335102
0.325,2596.1296856663207,1353.3576657530268,1320.0064392299275,2351.2614698783213,1509.5818320980627,1381.442909140899,1555.2203526033538,1637.7207550552207,2357.4051168694173,1730.753123777541,0.8584751997628941
0.35000000000000003,375.51263890719787,271.5761049239548,209.96856260324225,356.234088249016,269.6901597508728,227.57071755201764,297.1411394924146,345.3375161378694,250.20205962901545,375.303089443521,0.8523549816245227
0.35000000000000003,460.23487089558176,232.94096226310091,255.2938828843076,468.2348635389605,254.5880011804799,259.76446700854774,416.9407930608238,397.4113992549264,409.411388219996,527.0583388579248,0.7463067162827757
0.35000000000000003,352.79754230828274,268.747941116092,374.6662473206684,404.9662602896411,250.30445496106665,206.56704493629024,442.6436677206234,345.6836262199143,405.756695410571,478.213248162457,0.6192042971891081
0.35000000000000003,518.3416111394193,289.1830092449887,364.91473814522783,382.0244991189883,196.90249514062316,349.7683923651807,348.3659529411032,283.57325154867675,504.5977047834498,516.6586838305249,0.5540864987958815
0.35000000000000003,629.7397177413059,405.3461111218234,344.40355779201866,471.2890790838155,538.1696247893431,349.0914465096947,487.2279007239189,392.8450745413514,483.4775897497764,450.0373168970117,0.7302500020489329
0.35000000000000003,525.0487547627617,392.1375436010829,431.0544739164109,567.2637300200691,298.4730672489312,610.7979232541668,505.9200940992937,360.8061166522999,622.6708850452845,683.0251074834645,0.6804298684094228
0.35000000000000003,537.8074501726795,368.2472676230713,478.8601474458199,694.5379256582031,350.90982564458454,622.4141670276944,455.62797519464783,745.1632562353872,372.40825369790906,660.2097905407962,0.8338688810904584
0.35000000000000003,759.4294313316379,523.3756012916909,500.5078865065711,569.4798649713674,418.9955483209036,411.61886613215313,511.2040756802565,614.4776263227315,515.6300849935063,665.0078993156577,0.7947853517880402
0.35000000000000003,891.7194991350374,464.4617154036691,513.8058774111403,422.5583397306558,584.6891577552097,384.179547058177,809.8708494559755,737.4210877783387,711.9657661078168,878.7960281330779,0.872504444314464
0.35000000000000003,763.967831664587,624.0745993312662,522.2959901785833,565.0178755019343,554.5468251775832,522.2959901785833,717.476368224472,964.5931558791352,461.563898297356,976.739574255379,0.8146116015808736
0.35000000000000003,848.8345259559758,436.8870251641181,290.3673194770672,794.5019907164019,541.0986091482216,583.4067308511661,422.63586837996974,571.3823173145425,819.4415150886654,774.0159528391825,0.8459107878036762
0.35000000000000003,1042.6575982653071,735.1214351072355,615.0723263161372,915.912523246818,634.2036583944022,577.287945461569,616.507176222007,732.2517352954956,597.8541274457041,888.1720917333332,0.8494062754673287
0.35000000000000003,1332.8923552098508,760.3081539721916,1024.8995748180878,797.4346181620352,642.1309581003134,688.6697653241919,1152.4891137240152,690.7613971095377,804.2324214644001,1137.324783280274,0.794213019500791
0.35000000000000003,1464.124652638064,645.710872350519,1097.2684755871244,870.1146508164596,239.80403777242464,629.7606037830865,858.564456336593,717.212076273491,955.916095524026,894.315058298079,0.9166130334041646
0.35000000000000003,1303.0134584641798,1025.9075717397534,716.1647694677845,799.2965354851149,830.0860784544941,940.928433144264,1280.2291966668354,1354.7398906527362,1123.818318382385,1244.5133268223528,0.8443615931248561
0.35000000000000003,1680.4276231631789,1328.1339086219923,1072.2856216358073,1458.0673318558122,1099.076018178867,1151.987051351397,1075.634421203691,1331.4827081898766,926.2779604761554,1675.069543854565,0.5672028010280062
0.35000000000000003,1686.9989200182083,961.4388235207886,1233.8823380158672,1582.3232539227338,1061.8127499137136,1203.7701600979892,1422.4419283111438,1043.171877869313,1121.320149132374,1690.5837031036674,0.5053471891170971
0.35000000000000003,2155.4357117176296,1390.0329518464494,1431.5723981108124,1372.3402247338545,1570.037218992036,1426.9569040814426,1532.3440177521488,995.4082123349804,1670.8088386333673,1977.7391915867304,0.582362436670972
0.35000000000000003,2141.204252539333,2172.006615399534,1843.7414340607863,2032.0758812631807,1321.8614004578994,1648.3664467760616,1814.6992062211657,1739.0134003360945,1918.547172435568,2209.8495183420696,0.6153543183338227
0.35000000000000003,2185.932961687446,1829.9733282554485,1775.0646613962558,2137.6512028974653,1703.115373787662,1520.40205130794,1867.841374365234,2400.8341233604847,2220.0142031862542,2549.4662043413923,0.6006659417228113
0.35000000000000003,2647.3491589704413,1735.917511940977,1919.8028442363927,2346.5367403784808,1805.8738883577091,2422.4893776309277,2050.721205816283,1750.9081640302802,2472.4582179286003,2735.2943178943306,0.6004280235961192
0.35000000000000003,3627.446047024204,2295.672295182631,2321.871123087709,2426.666434708034,2117.7385889939683,2893.878865681956,3115.4772850457657,2393.917899826685,2203.9763975148558,2356.802893627817,0.5690224900158267
0.375,348.97449271013875,329.25186513011084,207.66766687205703,433.6657758479045,214.8606251659504,351.0627709244934,319.50656679644976,356.86354374214926,337.8370089002417,540.1679647800544,0.45973694591830416
0.375,581.942072321755,230.94187644840807,305.1263838660004,511.9517420019755,297.00016573898574,344.97106629523694,373.2817617054863,462.4080250340418,465.2915217887904,392.15555864564953,0.5843958185975948
0.375,523.2767544941103,153.1887035613167,371.7870014343963,380.848070776288,384.2459717794952,407.7481203850201,347.43537757806905,408.5975956358224,447.9566155896553,474.85666519838753,0.5565096326650063
0.375,667.349320302524,478.6136060148864,329.8936441722092,450.8861555018467,218.3536727902033,454.3520868159762,500.03936322951,552.3434176063846,357.30601002033075,601.4966253340478,0.45284481909635943
0.375,673.4127012109324,501.9620284013847,314.77271961127394,761.8169543783533,356.9656586229994,361.6537629576348,497.9436532574124,358.97484619498664,421.59452552191055,600.4122194287418,0.5545697635220345
0.375,673.7735889838831,434.8338484400589,469.1244371593235,336.3396042464225,306.0617439943027,322.84224485692226,783.9412250819512,507.06296084872514,349.4721701389075,520.1955267412102,0.47333689335885143
0.375,844.8014518162109,443.5774856671508,457.1911169408204,676.143686592384,403.8710611189405,516.183519126734,509.7548599141671,600.5124017386499,622.8236307705015,811.5236864805651,0.6010148331222689
0.375,749.7303208646687,802.232444174519,626.665343826377,593.9040188810325,529.2214029632964,441.4378527892226,476.2992626669654,745.5301509998808,462.85871909964567,964.7790179418135,0.45973694591830416
0.375,777.2069446764754,453.5169191848036,515.360135437277,951.3328797986874,608.7828663718675,585.9754391014484,603.5196139248475,736.4167382120763,690.363279300663,669.3102695125829,0.5700746016935583
0.375,907.946015422771,620.9026657552572,613.3364489600671,724.4652581394206,498.4245313831263,764.1878963141648,946.7228764981184,828.9736276229778,668.6644092748962,832.2838474708728,0.5375525654655853
0.375,1031.4749340402304,580.8155613623022,814.8909204587138,743.3821843831084,864.7927003100382,698.1104665798459,841.1279387310605,1103.4981214545116,845.2435494404498,997.0066943491086,0.5236081754723285
0.375,1224.55297093996,643.2434417004922,780.1499850353948,818.1795804062034,740.4905498629837,958.3458033443148,754.6158281435692,799.164782720799,866.5314945205134,1511.9480559564795,0.6013944016440795
0.375,1576.6331671899104,1148.4118131383286,875.3174785296733,1244.5551749983952,936.660482415855,1053.4481244299168,1152.5406691691285,903.0397975936212,951.9962333873996,1119.5098209227258,0.5569846167761031
0.375,1524.7682824867013,965.162603553436,955.7310471669184,1248.7380655746756,848.8400747864112,857.642860747158,907.3157243828068,1475.0954188510525,1473.2091075737492,1120.468898718059,0.6178536516632939
0.375,1761.6786864154533,1290.6270438345018,1041.4870132208778,1033.318487626991,923.7241025756445,1443.1061882537665,1432.8955312614075,1006.7707794468508,1224.598128617233,1673.1863258149804,0.6236118095029126
0.375,1851.7744194788756,1756.58280273458,1172.7904656699527,1932.092346106875,1276.162611978214,1059.7504207860986,1449.4411018330643,1637.5932818042097,1711.961732385693,1848.799681455612,0.6901408819186805
0.375,2448.054466077638,1446.097845467418,1076.6567900560324,2059.9383683047977,821.7018639040042,1526.481723458026,1906.4782375954517,2157.37337192978,1662.078770169463,1886.179278506912,0.7005711035186568
0.4,522.3440689595413,321.4067245334309,297.6849547053471,271.1723884269033,213.9610611944693,298.15008744707484,298.61522018880254,335.12814041438054,256.5207070624997,443.5040692367944,0.9743644205180163
0.4,522.6378520276647,217.03434465881625,267.03735543805266,261.7178862062191,209.58708773425,455.34656624496665,383.533731615212,268.6331962076031,416.78041431417256,469.9751066325098,0.7248558477265435
0.4,726.9824232774256,249.2083780206148,323.1032992344098,541.7963656606659,248.31086885607456,612.6995896593256,429.6077200931609,305.15311594360986,357.20864748693344,604.322837456953,0.8291139271257634
0.4,627.4213381133343,356.53363525674814,347.7743921703681,497.0059410494454,508.036099010072,305.9246752021041,638.4514960739608,473.647959485764,441.2063184250942,576.1635452374738,0.8373113939085657
0.4,729.4777808888225,416.7433685194124,393.0406472199222,493.5118837729905,310.965552570937,383.4888043081851,721.6947977755536,729.124008929127,504.83258648319577,577.709610180137,0.9038360119441948
0.4,573.958364810266,456.32864137810367,464.17062294024686,514.9567892474674,452.59436444374944,507.4882353787565,729.6777129728423,584.4143402264593,434.2964074654129,531.0141800651885,0.8914680187822625
0.4,777.0005030991321,564.8350807503012,606.7045379121178,799.1430044827866,387.2924787468224,756.4683654524699,815.6492327869637,490.7583488486227,629.6522211642699,788.6756401923292,0.8359040809206278
0.4,982.720191559674,410.1598305084256,612.8321907276359,754.2213318740847,636.4700037985606,705.1947566158715,856.6518551814171,703.4438074995074,618.0850380767309,713.5117649186043,0.8708120897313306
0.4,989.0990341581586,881.8363331765363,634.9039024060877,756.7725882022258,364.69318333750255,681.4604790023643,849.8857413947787,671.8753014678379,667.310931213301,909.6789917292128,0.8537678237425901
0.4,902.7569888114116,444.2836562822554,815.172435425371,755.4779353522052,595.4771031888811,800.0041608166138,951.1976077232428,580.3088285801273,827.894214129492,827.8942141294887,0.8770497712764139
0.4,1257.7728519855318,887.3891108832233,839.7917911256136,960.1528295931316,890.1245890302105,746.2384384985913,1153.824682399951,827.7556872788647,911.4613185767284,1149.995012994163,0.8785762174611224
0.4,1537.1389381110146,970.9477310746872,925.9097941513452,1258.722600766707,938.7777761294444,1179.759984082919,1281.5340233642453,952.8155746510052,1449.987605622987,1548.837103545645,0.8372462050235656
0.4,1520.022323551833,897.1037819798817,813.7110360493584,1381.6661768943716,969.7565530557168,1024.0881905559058,1233.8335818357125,1493.4882680284795,1056.9398783467232,1404.4096530572378,0.8939331446856179
0.4,1475.4877268792534,1457.2551554258218,1252.6451868929073,1392.4282347025244,742.8084666211353,1201.3238746536297,1220.2317265312608,897.447683763172,921.0824986102048,1241.165419681491,0.8182358075795448
0.4,2040.9369106314407,1353.6458109069497,1168.106091758634,1178.9352582458916,968.8494283931368,1282.1733120910585,1643.8674727654009,1408.51358777571,895.9330407122815,1780.3149705048183,0.8137164261077712
0.4,1677.6981227860358,1500.853383074884,1079.6836740259607,1376.751811347766,1673.0443138462676,1832.8250874449327,1576.089960934454,1265.8360316166484,1368.995463114821,2169.450600754756,0.7949590313398263
0.4,2187.852932936853,1858.507693413201,1669.2384038641628,2027.7661329658615,1183.1415060355916,1756.7858725982974,1636.7207726200606,1675.0749017797768,1958.561943395072,2284.572041252657,0.7857342037393725
0.42500000000000004,430.2688558707591,273.89010635196246,179.79010300780186,287.75508269011215,256.61570960279334,236.15918713667088,255.7065308265201,280.0270630917986,410.2669227927733,485.5014665292858,0.8050210241815935
0.42500000000000004,522.7805702476772,300.48304793287394,226.92872069635948,281.1409841040138,342.4362568011104,324.18388670908524,379.7582672877852,428.52206201125335,302.117588538132,542.9399043791656,0.7768435192056238
0.42500000000000004,568.2053276579865,408.2790207465453,289.7934721953676,458.1830325747503,123.15492977486969,391.0606774841801,438.6299987005421,375.8851885071837,516.8421341973789,540.4808766423168,0.7826324058125824
0.42500000000000004,731.5122385488119,400.92497689694267,498.43862757761866,394.2109222599133,391.97290404757024,293.50010270446114,409.2376159713632,466.7866557173362,446.9642086937232,397.72780802216647,0.8461608306977746
0.42500000000000004,531.9358364271443,547.5185107299358,324.4029468490419,490.5000888492637,362.65132922862585,536.5398083802397,737.3438158730427,455.0849199792796,519.5405273226495,656.2430791607816,0.7824619773550663
0.42500000000000004,726.9181604228413,267.6724684473697,607.2795465199139,688.3006331503782,431.6076577510622,488.3981390340947,737.1404470537869,645.8970737923796,507.70690267032745,672.0206951825727,0.9110407803032047
0.42500000000000004,817.7210253361678,667.3632753480994,483.2353355231408,746.160384967517,627.16066839942,714.8023515475427,690.680787378335,665.3531450006668,764.65358416391,842.2446155748615,0.7947839548334689
0.42500000000000004,949.849077366061,539.8606016128813,758.0118195602228,856.4769607349026,428.2384803674513,564.0524681945896,552.1687442597164,522.8838531344894,551.3199068357985,746.9769330492703,0.852644416160131
0.42500000000000004,962.3064078251192,748.1567810837322,601.4415048906959,858.4210569803607,543.1199044164497,746.3342310689095,749.5236935948476,961.3951328177076,715.806518320674,835.6391817951047,0.7565355482554537
0.42500000000000004,1007.1198406714004,621.4040727640938,490.2510324844439,693.9980064982176,606.8852860172698,729.8110138070498,1057.9355942852862,539.6149074236472,746.2656387867863,614.1446793906802,0.8616430387169728
0.42500000000000004,1183.2706024485983,594.5136684571438,884.9670892262588,948.2911683488989,736.8620116088583,720.6384872055365,736.3386721119747,727.4419006649933,853.5667194133861,1351.2625809474894,0.8594104259235139
0.42500000000000004,1345.414277251637,617.6233551066043,598.2155971827347,834.5335907262995,974.9544274695754,717.5162267735677,1119.3709790795294,1080.5554632317974,1069.1391350412875,1188.439764632117,0.8319714442634475
0.42500000000000004,1634.9770904303969,911.8612858172528,911.8612858172528,1165.5646274357655,844.4521853872164,1209.0741377133334,1367.7919287258792,1311.413408366211,1256.2605080143628,1608.6262602622874,0.8606791711072438
0.42500000000000004,1466.5030674207428,935.3030674438954,1383.0753373630257,1349.1828220270834,1289.8709201891768,1141.2652760238732,1224.0412269405117,1178.4166870652014,1083.908711609199,1464.5477299975105,0.8722505059127653
0.42500000000000004,1552.9481848090354,1368.592759154311,1330.595839362877,1663.420710869307,887.2984417961907,1033.6569476594773,1664.1243575321098,1324.2630193976424,1052.6554075551965,1476.954345226169,0.8111144096326467
0.42500000000000004,1698.673497409754,1591.9426847406423,1224.3978439294185,1566.3874197353646,1192.8295753934838,1140.967419941593,841.0688688502295,1464.1663597142442,1412.304204262359,1801.6461828721997,0.8369905623372914
0.42500000000000004,2082.270589783056,1693.461523911296,1755.7033078450258,1658.7031250911602,1560.086272624728,1552.0029240619003,2183.312446818335,1735.4949364379734,1409.7359893562295,2104.095630902675,0.9003047343044643
0.42500000000000004,2660.2789464836064,1997.622857867594,1876.5016125311588,2028.342014293504,1745.7257751751542,1779.9556923354462,1823.8402015153183,1901.0769376718877,2288.138308638326,1953.7383486877272,0.8910419476384728
0.42500000000000004,3268.8813557053195,1668.384965045613,1950.1690477707052,2566.746100070177,2189.1740288279684,1728.8336956632088,2408.649419993389,1583.7567421809852,1761.3830121496078,1747.4333050840066,0.8319100900187415
0.42500000000000004,2908.61962406849,1534.3071077596776,2410.17493531768,2756.829883461243,1731.223528006912,2161.9781972977303,2329.152033236788,2021.4701266004856,2494.2746564649347,3108.6128633820745,0.8515332226171272
0.42500000000000004,3038.106699348395,2450.0501885707467,2959.1804001702963,2871.3609968594583,2516.7484695663256,2148.796286074069,2863.579530743309,2761.308833216763,3370.48646630967,3441.631299371612,0.833292264809196
0.45,0.0,1.011298348764627,153.11057000310478,203.270968101874,59.868862246921104,0.0,170.7071612716254,0.0,0.0,0.0,0.8511489064454287
0.45,0.0,91.58795503665498,0.0,0.0,47.140859210044354,162.07476356976784,0.0,161.17684244195829,0.0,21.9990676313542,0.930240492867139
0.45,128.3625968909663,303.5013943438923,71.79602876952274,40.79319816450177,118.8441839859153,145.7676947744867,147.1274680466355,157.73369956940562,218.65154216172849,0.0,0.7871852803205086
0.45,0.0,94.76741636959902,151.68565120134113,106.61334341580137,86.966440022102,66.74168652858853,0.0,239.22994132325724,0.0,3.7560256487949832,0.8766407429783756
0.45,9.367972539647925,261.63409021436985,190.03601437565848,0.0,157.9172513825886,150.89127197785362,0.0,0.0,0.0,0.0,0.8629169914369046
0.45,49.36861944821133,188.65865289138284,75.110828160494,244.0220332725899,286.33799279963046,224.9798514854237,0.0,281.75376385086804,0.0,103.32146784518504,0.8997764060861648
0.45,143.04356185965315,197.31483194190469,387.2642772297872,0.0,115.52027488936656,320.5881454144475,17.056684882995732,101.564805439644,0.0,123.66096540170584,0.9268319237168208
0.45,139.60729652035815,528.3342000051822,185.5857474701772,48.90435237389574,80.67128212104718,159.25263465345864,0.0,392.4887767443559,0.0,0.0,0.8323165618899174
0.45,0.0,455.5485718338686,326.24640144466167,305.9997982520427,97.0916653100476,393.88846211089896,66.72176052112442,414.1350653035179,0.0,0.0,0.7962666824138577
0.45,0.0,177.25733465116028,313.33874453916434,508.17116902825967,56.74243290532913,313.33874453916434,92.89690342908018,398.7034666091255,25.609416620988902,202.36460584820867,0.8382227600851322
0.45,506.3634386022875,709.0198586569298,388.6561480500012,460.27992390492807,439.1814472964996,501.3664309845,149.35500546493208,403.6471709033574,152.6863438767862,415.30685534485946,0.8352138456676882
0.45,558.6379044212067,416.3836620931808,570.8485689987223,409.66779657555486,448.1313899947197,371.2042031563831,460.9525878011034,543.9851069281908,0.0,137.98050972589346,0.8194193883673982
0.45,130.01546517722548,687.0360367994386,993.2653557955456,62.03783617593773,339.2281680258517,475.8434030090216,115.49597160413268,803.8519623647603,0.0,604.5389142250581,0.8533218692787569
0.45,733.3982074658473,873.7063673045027,471.0829521153095,1047.905387007576,349.7536738007146,494.8065540203907,239.9472878400241,441.9368126319121,0.0,364.665652141057,0.8158148264909361
0.45,940.2530500220284,658.5487765371699,778.9606295834698,1078.503696112225,844.369537411089,130.8178156552383,286.16397174583693,534.4205082733866,0.0,500.9727713160863,0.726130259292322
0.45,46.00723561774481,695.6611316682632,446.5874767722152,606.8195732340033,402.9599257553949,696.4543598685684,379.1630797462128,679.7965676621419,17.451020406731722,292.7012059128774,0.7758196920968995
0.45,953.4826825133274,603.6497193144771,1006.0828655241318,377.3854400140276,586.1163249775392,832.4187692344773,465.0524116987081,1438.573259168524,0.0,296.3978566481828,0.8019852126575849
0.45,375.5543058087027,855.2226765940527,1086.6905531939778,536.3733526030114,859.8706259233746,589.3599749572027,1229.847392536893,1100.6344011819224,385.7797943331876,350.4553794303899,0.8691078051561709
0.45,387.6683013538313,419.074340957173,1544.7845729896806,769.447970282029,1408.364588462639,1499.638391059864,856.7960179288392,423.000095907588,0.0,640.8794956558174,0.7500379633126585
0.45,511.3511131204201,1380.0061421031985,1297.6336824582806,669.6773991911648,848.3293571223621,929.632044564088,662.1889937689061,1198.1448675624615,455.7229585550096,351.95505484647134,0.7778348447335088
0.45,1458.8731030748856,1870.2586724831303,655.1255744044513,1569.4478370487843,2009.3688216760852,806.1254799386877,1637.219448194065,1609.873008609122,0.0,1109.314266641301,0.7778092804648814
0.45,307.6885491946206,1064.6568383636827,1935.9872431626245,1091.8859135136554,2176.9645582398257,1328.7788673183657,1241.6458268384742,1914.20398304264,751.5224741390738,755.606835411565,0.8031025678448216
0.45,2023.1278787113229,1821.7590074243349,2930.8609938096342,1955.480523513345,1697.4766571769112,3100.7659789580075,1587.353055691858,2182.0205037112,624.5581398510108,983.2464418309296,0.729228648649962
0.45,2817.6776305519597,4401.135663036023,4265.828625618234,3550.895495478173,2495.866298314989,3106.576440173755,3070.006970601365,3441.1870867610264,513.801047491941,2280.106427837951,0.7190216883293316
0.45,3443.083982726832,5635.653201751424,5258.414581367925,4130.867102763078,4595.641756605725,3338.8744190849784,3134.623674346942,4026.657539121202,1379.7346226181396,3422.242069998457,0.7524188488641564
0.45,3525.3133304357266,5985.046515037469,5250.32101833824,3794.560562145368,3121.442482871251,5152.205501698267,4622.838063082691,5179.586576109418,3016.481697628496,4054.680769051302,0.9187355494140683
0.45,3970.4165566496754,4606.4206017078905,6106.560577551728,5346.120958460391,4382.89744094467,3244.542374789732,4431.289053068673,3749.197758368548,3230.716199897174,1783.576561141526,0.7704084246972513
0.45,3904.940778472008,4355.510868295703,6928.120735998726,5891.325045436687,4617.132210773987,4612.28737109844,4326.441830242561,5653.9279013360265,2381.23870051985,4137.493082897148,0.7883502805622419
0.45,6385.394333429661,4155.843652418307,5230.588975256215,5296.092640530756,6919.127902333337,4124.304850619454,5405.265415988312,6307.760359770929,4286.850982967388,3328.556620617589,0.7915159891606007
0.47500000000000003,0.0,0.0,0.0,108.59160236006466,101.55325776265256,0.0,69.98125485426455,7.842726837115539,0.0,0.0,0.768295111824054
0.47500000000000003,0.0,186.3653455595812,80.36734015972783,0.0,39.74925202494688,63.85945407286276,0.0,107.301259564607,0.0,19.983230526201464,0.7754786713083507
0.47500000000000003,0.0,71.04451021587435,113.87276105523624,0.0,0.0,38.54542575542138,80.11402215832696,165.51859294975196,0.0,0.0,0.7255601761019314
0.47500000000000003,158.99380585696258,264.483004006799,65.05673891661502,208.85037212950851,36.78441779864815,18.240207172880066,86.64098407119414,126.76943985153444,36.480414345767045,0.0,0.717434999389859
0.47500000000000003,0.0,141.82021739916652,231.9773556029263,78.6764539381117,151.27489855911404,99.94948654798304,0.0,84.75446325521726,0.0,88.80646946662223,0.6477553245344658
0.47500000000000003,0.0,219.31252400629776,212.36125541656003,133.11679349352403,137.28755464736824,82.02496935893346,116.08618544866052,0.0,0.0,0.0,0.6307757807813782
0.47500000000000003,149.6754379783799,364.88235009755056,0.0,51.95986707021584,117.87910141302277,0.0,0.0,433.90366605649126,0.0,0.0,0.6686732873388289
0.47500000000000003,71.30503009419596,0.0,149.69886434980134,43.36680192863136,545.8379204286593,411.56762984192943,147.1969334693008,137.60619842739086,0.0,69.63707617386069,0.505916240766824
0.47500000000000003,62.59010499064877,88.63124356339746,94.1135885260874,401.124906436418,192.7957978544078,0.0,53.45286338617245,321.1740423972684,0.0,0.0,0.6571459325435947
0.47500000000000003,348.9712615619043,357.88116611241844,569.7388965358123,280.6619933412715,345.0113039838949,232.64750770793057,30.68967122955747,765.7567966471796,0.0,12.869862128523556,0.6287988106741926
0.47500000000000003,275.23695121514885,439.4408141559949,128.2353977252396,89.13923988217933,18.76615576466964,218.93848392113395,0.0,225.71515128060344,0.0,184.5338650192426,0.613993447100558
0.47500000000000003,0.0,643.0710306573898,343.0083988328721,45.17671594384432,4.461897870998927,119.91350528303356,226.99905418695707,318.4679605423875,0.0,156.16642548488002,0.6615174224788783
0.47500000000000003,107.37679735231458,938.2686816261388,511.9572302333371,535.6056915549773,419.9199753599319,309.3474399911751,235.20631800981985,3.1957380164349067,0.0,354.72691982459435,0.6553329998267687
0.47500000000000003,360.92342292648914,470.8286757725169,605.8357456266053,190.63812376380568,508.1421875412372,545.4556993099496,529.851867115766,777.4778997626954,125.50908504022684,229.30849050592485,0.5574616460286904
0.47500000000000003,508.8031902677639,404.3039514733906,500.8756618075004,307.01155673380333,154.94714717785718,556.3683610293286,419.43832398844,546.2787793526401,0.0,0.0,0.6074360417691748
0.47500000000000003,407.48219784370735,437.4441241557427,402.2388607390972,282.3911554909474,716.839087015489,305.61164838277205,244.9387476009012,712.3447980686792,0.0,155.8020168225955,0.49595810599416723
0.47500000000000003,292.29483962036227,253.85606619083347,282.6851462629891,1129.939777272148,1483.096008155928,161.76317151592608,160.96236373614497,861.6691710452369,51.25169790603535,370.774002038982,0.6478371301940737
0.47500000000000003,414.4135495904217,1110.2190155693966,1302.9298431567204,784.4865547802239,497.1257189531211,561.9311300001723,695.8054659789749,945.6473796209416,0.0,994.2514379062326,0.6524151794198672
0.47500000000000003,705.4157589696654,990.187819978521,859.8999489287177,972.5058946217672,437.3949956672087,535.1108989545586,536.0415266049135,201.01557247683996,0.0,901.7781931947308,0.6789738412873781
0.47500000000000003,642.7680335769376,985.37552317219,1466.440906792663,875.2155928893469,712.5023013706558,756.9705301086884,658.9382985725805,999.524505043379,0.0,561.9167085987112,0.6639153508761279
0.47500000000000003,725.083912453168,813.037878164936,1455.5308715960855,1179.870271743322,1336.471235083803,1741.917564828324,1247.4446600340757,769.060895309052,387.2119709994008,400.083283054783,0.6366928133571066
0.47500000000000003,940.1427183351908,1658.9411558972845,928.7332193262658,1538.0004664027151,917.3237203173412,1301.82383691802,483.7627579783025,1291.5552878099863,695.979439544257,1560.819464420552,0.6403723637548756
0.47500000000000003,1449.5054620388846,1738.8897967061705,2197.5122913798,1064.5209453832797,1074.856100192831,1131.6994516453285,1167.8724934787374,1335.8187591338751,1269.932147223018,0.0,0.6649098009257333
0.47500000000000003,1690.7423360766763,1971.7731825943663,2535.353961286597,1762.1393619487412,2283.185742249093,1554.0246269599677,1364.1389198534223,2769.2931524418555,1113.4897864727864,975.252991699209,0.7172023645453496
0.47500000000000003,1682.37661453486,3318.5250198381304,2217.303035643097,3516.6459165448728,1840.8733319002504,1613.0343006874843,2245.370162676547,2100.081505091595,1436.3765011239727,1149.101200899178,0.6435448894915344
0.5,101.477400488572,67.31866922174906,35.55704190347745,68.51722119602243,0.0,39.55221515105762,0.0,107.66991902232228,0.0,0.0,0.5771860131308403
0.5,0.0,99.02269471017875,124.62039810464915,92.0619157169474,93.63370452186945,86.22384301294355,0.0,209.0479110548221,0.0,0.0,0.5991418852414753
0.5,0.0,12.53347680047535,215.3479195718344,0.0,143.5652797145541,178.31719266133211,220.76010273567505,149.26231462386315,0.0,0.0,0.5894693601588729
0.5,99.10582233313204,0.0,258.2334807271701,0.0,240.08734424363985,0.0,156.8942877499132,204.0742426070918,0.0,0.0,0.5698473637502038
0.5,0.0,0.0,177.1047745394434,156.73279676310648,0.0,156.07563618967686,146.5468078749399,156.4042164763917,0.0,0.0,0.5921104331555114
0.5,0.3712437521193752,84.64357548329353,442.8937962788199,0.0,95.78088804688744,49.00417527979974,77.96118794514055,277.31908283342653,0.0,96.89461930324558,0.6374798519739147
0.5,0.0,396.3609799975847,153.50396335166946,109.20928735964335,30.54805240828997,0.0,122.57406028827184,71.78792315948533,6.4914611367604245,0.0,0.6196135578895886
0.5,185.40208877852317,212.24764009486455,123.3217513594704,280.6199036036899,263.42197229165185,184.9826270392008,265.09981924892674,523.9077124080809,0.0,0.0,0.6199085319224859
0.5,170.78181353936947,662.4124789303236,0.0,255.0218994630974,266.0697795842429,612.2366900467881,0.0,22.09576024229101,0.0,0.0,0.6051567315783566
0.5,58.84452361740248,286.50530351422907,180.3922281385909,119.6183758779967,52.091873366225954,200.6501788921205,0.0,303.86926130297104,0.0,0.0,0.6047136175888149
0.5,0.0,448.9773131138655,667.5380258122423,253.61290247074848,177.8383157569311,227.32376014146385,403.1001823823745,348.97547758678394,0.0,0.0,0.6579043391795402
0.5,0.0,520.0861027781746,192.4208625500661,229.80548727407623,53.87784151401952,621.7942729832107,389.23991624413605,297.42767611310046,0.0,21.99095572000631,0.6250883396848459
0.5,0.0,287.1353579587712,374.2370878835063,183.8146852204732,162.18942813571124,0.0,0.0,317.7711388288489,0.0,379.6434021546984,0.7770423524060598
0.5,247.22833935342172,329.41684895080607,709.8701111193411,752.2899870405707,144.49270235669505,315.49782716415,449.385560540532,200.83160006457305,0.0,0.0,0.7057322453070973
0.5,467.1998620136092,617.3959658016852,625.7017411263797,798.7387270573383,148.11965995690628,255.4025912341023,0.0,687.9950560615183,0.0,0.0,0.6298986828982335
0.5,22.093399440027607,550.1256460565643,399.8905298644135,581.0564052725929,516.9855468965271,766.6409605687812,382.9522569603947,694.469189064706,215.7788678642169,0.0,0.6374671266490877
0.5,99.21964609654376,1114.6207017135805,808.9601790613318,641.7270658824784,641.7270658824784,0.0,234.44642182489204,693.7373642395356,0.0,0.0,0.6325658882583579
0.5,400.0756491302632,596.3705622170344,509.8677191618464,88.16635926779571,882.4953507842091,141.39887807097958,378.4499383664567,516.5217840122491,0.0,263.6673196970691,0.7328332105264246
0.5,479.90699200004354,1073.9050802114054,485.3399013434352,1047.6460183849915,469.0411733132498,719.8604880000497,938.9878315170544,890.0916474264881,157.55437095850365,852.9667669132701,0.706178199770931
0.5,501.99502492773735,122.23298934113552,728.7325547742867,487.9988811100517,480.5342710739476,678.346437030603,268.7259612996064,1020.7854224366954,0.0,771.6540624818554,0.6932682441140984
0.5,1455.6325984626465,967.7167239953708,870.3364247254038,1339.9934930795528,716.150950881279,1216.2393627572903,522.4047304587166,1493.164588806283,554.8648302153799,642.1013483114004,0.7299921681396336
0.5,682.7415457221923,683.8463055049007,1561.0255729861608,1255.0071131721738,2228.300481750234,1312.4546218737148,826.360317476045,1123.5406990282518,134.78069349208488,568.9512881018185,0.7315109697435289
0.5,37.70067104621011,1420.8440400538152,1385.499660948004,1522.1645934904905,1139.2671531774788,1123.951255564959,1380.7870770672328,1490.354652295258,0.0,478.327263898723,0.6806139311435399
0.5,889.9290463534604,3063.330492378476,1657.8185162424268,1638.6212794952048,2059.5892567378955,1306.7833300074642,2003.368777692458,728.1237651982773,285.2160888159063,0.0,0.6914744845987428
0.5,1767.96511089763,2188.232063085978,2123.454074214846,1598.9103594534347,846.8537081690147,2948.188469110773,1711.086876766873,2551.6207811435697,1222.8820338112248,1399.8365399957952,0.7204795820487688
0.5,3330.3620125885973,5100.571637399135,4563.970877343322,4017.822061058701,3681.730481806644,3145.129721750788,3082.112550641041,3328.452401342827,2421.387059611417,3232.9718390553103,0.7154714200900498
0.5,3215.178034039144,4979.371150132183,4495.709510816823,3879.946454595945,3675.4023251938447,4327.386737663002,2441.745544737484,4676.81629205824,3413.33015939741,2923.2765160382405,0.676692372336098
0.5,5773.147297983643,6984.881471504945,5564.22761289377,5527.086335544465,5127.817604039358,5849.751182516582,6355.801086400968,7421.291480359356,3298.6096945857566,4552.127805125022,0.7676858300884343
0.5,5248.496663354365,5756.646567579127,7185.669068192431,4690.247472797575,4649.690907671665,6369.766405070964,3864.802088470043,6415.094330799946,3883.887530882224,4179.71188827129,0.6923272355593874
0.5,3827.0424312789114,6165.3871426106,6208.958783194436,5739.353323568802,6564.793847962282,6492.174446989231,4683.951362760704,5422.248605986539,898.0599253665301,4775.935937326545,0.7323794447582878
0.5,5972.561509472471,4908.094893240275,5304.759339855102,5287.185598549398,5774.229286165043,5744.102872498094,6705.637575368196,9040.43463455666,4303.056085429076,4360.798378290731,0.7448654596270493
0.525,0.0,138.97683511261025,126.53998765225109,0.0,239.4586661812458,9.67310358028134,0.0,199.38437992008156,59.81531397602378,31.585644343775662,0.6844826571291516
0.525,0.0,219.5107482541362,170.54837217610776,188.8214120521185,148.9955559120927,124.6315027440758,0.0,270.81582175216664,0.0,143.60735184608893,0.7096115585150706
0.525,112.81717888770991,185.9030904280063,0.0,122.62736835620582,127.53246309045517,48.80569260577014,0.0,106.68581046989964,0.7357642101365659,138.8141809792242,0.5986832906670423
0.525,45.95416920714057,103.95729741371304,273.20314010342946,56.32187811362982,273.20314010342946,104.79792246018756,0.0,145.42813303967003,0.0,96.11146364664096,0.6429969620006211
0.525,0.0,267.8818787206894,76.24592227882418,320.3009502873795,0.0,253.24538471180583,0.0,263.11650857826334,0.0,6.126904468832358,0.5513533196828614
0.525,91.74650702967988,225.6573662261881,90.96568569325778,54.267082881384056,129.2259311779757,313.10935590554203,24.59587209731802,428.67091369611785,0.0,0.0,0.6085901832834727
0.525,269.0775402004527,209.9215618968401,117.49034579744892,285.92056180078487,236.21310780955525,103.93376743620315,396.4272157151657,248.12646455125304,85.44752421632776,117.07954039256308,0.6890026203265422
0.525,23.95331297708195,284.7280599162086,427.544039175772,38.415690623616754,0.0,206.54083076461345,0.0,349.35681002417675,9.038986029088107,50.16637246142821,0.6227479308920082
0.525,0.0,88.33471947961144,656.0015220301755,336.60177317494487,134.82667710046013,279.41666530130016,220.37187912282317,381.234052490956,0.0,0.0,0.6623467535729134
0.525,110.22139670875082,401.4851780567532,320.6894030937842,395.99904518890185,226.42766563697575,302.23604708371624,220.44279341749595,335.152844290858,0.0,34.413015262010326,0.5779427154822109
0.525,376.91723957876025,292.8029403507301,270.44344308758565,365.73749094718494,299.72373712265625,180.4730850525402,123.5096039297652,79.32297838592555,12.776855578941436,184.73203691218936,0.7088915425491977
0.525,86.60494517081602,549.0426712715735,226.58903893748084,230.94652045550524,241.2955390608257,186.28233489571156,54.4685189753549,668.8734130173566,0.0,345.87509549350483,0.6336890117933881
0.525,480.42669832536313,308.6341674815167,370.24252337034704,475.0952059888282,556.2523671116086,389.198940566905,0.0,840.5986250600324,0.0,0.0,0.6247273154023415
0.525,18.16852572497329,722.9820236763281,558.2122903774838,63.27658959385504,669.7294482755642,350.8404967580056,103.37264636619832,637.1514021480286,209.25129628067305,308.8649373244604,0.6721763590688403
0.525,53.30843570478054,293.5425550497082,329.5430570841051,906.243406981293,253.38814893441523,618.9317080529172,134.30956528218132,224.31082036817344,0.0,0.0,0.595333341804923
0.525,380.554112017545,699.2590853706693,538.451324843185,886.989412140321,167.35649285666025,420.5741429180482,550.821152576066,325.98134260776345,0.0,26.92256624215925,0.5994085205632591
0.525,521.5288758483058,1576.3327733973372,734.5256539725295,292.08749353065565,373.5274381075644,678.1441538808193,626.4611121300894,665.61493163822,0.0,784.6425429429356,0.676344249786825
0.525,655.9649555496671,665.8290902195873,764.4704369187888,724.1918870166156,323.05041043987814,50.14268457209335,602.5342260876034,641.9907647672748,0.0,0.0,0.6736461766935724
0.525,597.3168634665711,1002.2924030990066,1057.8772810877715,439.38522600643176,909.6509397844018,573.4947728999591,292.04118435367667,1257.2770021268332,371.4481529090536,206.45811824398805,0.6505298998228257
0.525,836.9258036676633,702.2056632757325,1278.9185930356955,1170.0351918970089,937.5045386177932,752.956401094605,1303.8325916013243,1326.901108791723,164.24784239563502,349.71872060643835,0.7097571973787657
0.525,435.6000609022844,1311.727785205721,1829.1260475896584,1124.4788902477308,932.3023927908504,556.8190823750806,1553.1803076515578,1174.740435736454,0.0,359.7149824192991,0.8021413513444323
0.525,1200.5688345837737,830.437132742655,944.7270916681,936.3388378020084,808.4179663441835,1022.31843992941,1199.5203028505136,673.157372753515,53.475118396306655,579.8380484932933,0.6226256484737404
0.525,650.6628750278128,1233.1935118328156,962.9356335490132,1403.5241073898342,889.1257088076413,1269.5307055516391,899.3455445410531,1991.732430713399,372.45623561801074,0.0,0.7020267755814148
0.525,611.3409742023196,1230.1373261387928,1911.0618258600675,1282.324970278023,1231.3798890944872,990.3226756895044,944.3478463287752,2594.471451492732,0.0,1508.4714282146424,0.6279617634785647
0.525,1834.3614708552027,3412.7976987931984,3010.2342085828973,2272.892833043055,2337.911678540943,1177.256117419138,1054.135324880593,2210.640746928069,1045.8350467319187,1788.7099410375338,0.6148873443602293
0.525,3493.017713303626,2784.126405633618,2510.8576475749014,2737.50997043537,3714.847646316004,3513.9147359787044,1395.2781293822031,3137.768327827274,1110.757128344589,1022.3466477961846,0.7082469390475477
0.525,3188.696853663207,3897.726652229867,2882.612951549721,3235.190610946269,3911.287331437436,3628.45030796548,3979.090727475214,2650.144165134412,2223.9513900397083,2919.4205093988207,0.7069329543685018
0.525,3972.982902097861,5748.46292218774,4689.142910201341,4124.314332381639,3612.771469450588,4305.485763003035,4953.440056049055,5398.908632518189,2201.765739199093,3928.222901591386,0.781442815179121
0.525,4708.592689407516,5808.494115875349,5654.000624107362,6361.903638626496,4468.781896215343,4775.463006739909,4805.439355888953,4512.593483433127,2444.2253921508127,5132.873323516694,0.7077359158726267
0.525,4887.202427989398,6984.38380400964,4105.716598215433,5981.282589672926,5535.719027025692,4399.648581951308,5148.47530242129,6100.255059280304,3804.786233914398,5622.032387329085,0.7245972553169665
0.525,4299.774436543475,5322.196370965832,5653.666495824248,5569.631816282678,5154.127011882721,6398.307128428665,4607.901594862534,4808.651107100724,4078.016254419887,5371.216600698421,0.7066819105453669
0.55,0.0,0.0,124.05939310651334,209.16990698191256,46.341953529614194,81.6844550541428,0.0,141.18968721279143,0.0,50.669606777516,0.7547186591637212
0.55,0.0,218.9272217298441,207.57894241771615,34.04483793639176,238.78671052607265,0.0,80.38364512758808,78.49226524223208,0.0,0.0,0.7822958096089884
0.55,0.0,21.148114462016785,78.69065846331814,147.5449846187194,224.51428492815128,67.13296800151778,167.21764923454754,177.5457981578597,0.0,150.49588431109393,0.760521017734464
0.55,0.0,218.657938598394,84.89401447498605,0.0,24.295326510933016,63.67051085623716,261.3842024624508,178.72424099996542,44.40180362342996,0.0,0.7275260683593776
0.55,0.0,297.21634125554453,167.88104163094962,143.03337323016163,78.36572341786238,103.85051152123044,156.73144683572116,183.809034195552,0.0,48.73965724769331,0.7550741242322543
0.55,102.97605083244844,328.8590010455509,0.0,243.9683498216727,174.94855947877886,335.5026172282874,65.69798225152343,48.35076221881653,0.0,0.0,0.78769981194939
0.55,126.35331230628718,319.4278456323855,327.7679982598649,160.54793807894214,284.3992045969836,210.17184621243055,69.64027443943512,319.4278456323855,0.0,193.0745333261031,0.7463924986063925
0.55,101.7251014585398,243.7817409402885,146.9860496845912,103.96574245983231,320.411663184389,457.9870206635578,272.9100739570553,591.977352540672,0.0,110.6876654636996,0.715385123775848
0.55,142.12311651320005,322.6194744849616,363.8351782737951,163.91532771189242,217.44836826519756,414.9995002185437,81.48392013423597,550.490204627795,0.0,109.90854343687708,0.8770753355450415
0.55,196.3243977289625,625.9971490861336,466.6967072564339,572.4098444951018,470.1068084576782,279.1411411878249,231.88688168482372,362.4450419611509,31.178068125689983,295.2173325651362,0.7788062869413496
0.55,0.0,484.3924010880657,449.1638628271181,364.71898434865847,358.5021834790788,380.2609865226047,539.3074754360146,517.0306056533575,167.8536234786453,107.23981500024787,0.798056181217775
0.55,201.3247984930996,626.9030530854491,351.7591618115567,522.8852405306872,115.76175913353433,327.1527975512796,222.57574944514857,822.0762605134809,0.0,103.458577003399,0.8247665812219611
0.55,197.1426938768973,564.43830806421,461.7598216699931,820.2544227378028,629.5658051485427,583.8005369271152,387.244577258191,426.5557691919745,0.0,204.7702385804675,0.7568465801904205
0.55,92.04415609207253,437.3641779408474,511.49369962574747,575.1215390719432,351.49748198919093,638.7493785181318,294.0471026833971,464.545002558644,0.0,657.8995049533988,0.6882704295974433
0.55,814.6974168871974,415.3229082826254,678.4715029704993,194.03886274963983,592.7488547009601,850.5813161628137,597.4004712737288,1067.8782617762822,0.0,455.1939074777589,0.7149342895228463
0.55,736.0756814475258,821.5459307447336,705.1295567019872,1111.1132408637347,834.0717431417439,938.699117281429,634.3955572836037,356.61724706767217,0.0,745.6542438687645,0.723875977737836
0.55,111.96373900148348,1339.6500519687404,700.7520727714949,880.8336110256175,493.2668221743423,728.1557851145069,151.11189949150204,512.0579392095561,0.0,378.9541935434682,0.7589343287949905
0.55,742.3751220674591,1271.123003936886,1099.239017570669,723.5497330844901,133.41471322711666,873.3343497750511,580.3130777793032,1089.4170754925894,0.0,361.7748665422404,0.7950761179034961
0.55,375.0064875938593,959.703377763388,873.5649966223492,791.7770387712486,899.6675363620567,626.4609537530683,1159.8228491011814,1407.796976628432,184.45794749396117,852.6829648305693,0.6859551590020895
0.55,578.3332226349835,1261.898331345735,2071.034262096513,538.5396522701875,875.4585480254214,881.64865897105,909.9463090082398,1085.9223201769871,64.5540141473308,478.40714594116287,0.720265329130749
0.55,1294.9552761799575,1379.0556926403417,1298.7780223826994,1585.4839875885923,1158.292099431809,1004.4265647713116,1264.3733065579909,1299.7337089333848,280.9718459017697,788.4414043162063,0.7386146682006182
0.55,629.5521038654639,1195.6532870263677,601.7923260572258,456.05349256395874,1398.8945174081375,174.4900319375129,1063.7943424372309,1452.4312317525985,997.3691598246472,196.3012859297048,0.693235862707171
0.55,558.390733064728,884.6414984508478,1150.2430830921296,756.0234082505561,1278.8611732924333,1404.3422369024763,1572.6959972459624,664.0039616031863,155.80565398248032,576.1672170761476,0.7362281454001418
0.55,955.7924444387792,1526.9922148057633,1347.2122073994292,2194.90907776477,1740.9076666563474,1013.8226999939898,1203.8433407336129,1603.228040731246,190.0206407396103,1321.041699992175,0.6985770905657197
0.55,1483.167432368935,1726.8918907020634,1997.560761514235,995.718515702677,1873.8614133149963,1513.7860829132974,1927.7502382730815,2691.991755860378,982.2463094631556,1017.763944094626,0.6914125404093763
0.55,1393.1537821236814,2069.710128249151,2479.78611763541,2490.831935531326,2359.662848017213,2036.572674561371,2265.7733959018333,1273.0305125054847,524.6763500564826,1350.3512377769596,0.6851922592522638
0.55,2652.339152888279,2258.817023379633,3110.398911636338,3324.4749500890443,2989.1940957476777,2246.22431523535,2745.210375452325,3662.903981466476,1943.999319772716,3058.4539905411903,0.7312942415550547
0.55,2146.5497064550427,4941.631451881601,4724.236205015101,4251.081844187984,3878.404278131115,4351.558638958211,4061.089359531544,3639.0868214965417,3196.988924507511,2720.180862052388,0.7652763977703027
0.55,4013.064634180744,3468.270008890406,4674.875006452409,4421.660603148453,5141.019703443756,4976.0466831093645,3013.635057503796,3230.4019330594465,1373.4963088304924,3069.2654945932927,0.7422715385036568
0.5750000000000001,33.44589144288236,176.1722089371076,185.83038079761843,107.31302067234957,91.93148770931256,33.26703640842861,21.462604134470723,264.8843060262485,0.0,79.59049033199341,0.7545151188916022
0.5750000000000001,94.31528434673992,262.20636642993856,237.76340006782547,181.2236091898076,27.158851513459343,117.77065610836172,0.0,67.40333148340271,0.0,23.94916906186888,0.71002523486195
0.5750000000000001,0.0,184.92786380488977,64.3454801923677,37.14251295656835,74.28502591313968,322.5121019397875,31.38803911822887,175.51145206942408,0.0,0.0,0.6806241568509906
0.5750000000000001,243.6257085877568,210.3918385493828,270.96324684512825,286.7761366214521,90.05306720075504,235.5852561591161,68.87987580534048,254.34631182594129,0.0,0.0,0.7390368063800046
0.5750000000000001,71.8176218902139,125.75789584208684,220.3845478605266,122.98382461027856,172.6088766460053,219.15162731305276,270.3178300331174,146.10108487536849,147.64223555970642,102.02417530326528,0.7804645558329799
0.5750000000000001,140.12106035313317,324.5889456584526,187.07652206721903,38.75688903384408,338.00479186248083,251.54711632543908,29.440329169938924,348.43933891005355,0.0,231.7960094139612,0.7718783701433269
0.5750000000000001,264.63435351043125,448.9258829504052,432.3603522142289,362.7851231222817,267.1191831208603,578.5511609609874,259.6646942895779,393.017216715806,0.0,250.55365238467928,0.7923070612509037
0.5750000000000001,0.0,409.539156712286,191.42504403630875,274.25318809047707,485.0047990727518,349.7188304509376,245.26333767151763,456.93526136550446,0.0,308.3047584238587,0.7432293464348967
0.5750000000000001,50.50553033992681,357.9518169722645,497.2097841231206,357.9518169722645,192.21522226455767,331.4731894154137,375.1138903887442,482.989780435183,1.4710348642682516,83.35864230861229,0.7670041162583706
0.5750000000000001,80.78580578367743,615.4128899189459,616.4420084639657,152.82410393472392,148.70762975466195,313.8811562295601,170.31911919997998,561.3841663056626,242.35741735102644,0.0,0.9276278246134199
0.5750000000000001,356.613897193123,450.6009935919132,378.09666208428,523.6423942218307,153.06469984945946,652.5389835687417,46.187944515977605,635.8898407781019,0.0,61.76294906206088,0.746177758749922
0.5750000000000001,21.60139466589527,588.4920492762706,805.089817412686,298.33277498033453,251.6270567838074,474.6468611722332,58.38214774566218,829.6103194658617,0.0,291.9107387283109,0.783075519802124
0.5750000000000001,541.7781160374137,852.047521697601,646.7923764147087,636.0522816033906,560.2749459902295,243.4421490564536,486.8842981129139,551.3248669808022,0.0,377.096662263928,0.7042489496318506
0.5750000000000001,402.0279521248726,911.0974023387148,930.3897653663824,544.5425048130985,220.9286733813114,267.60374522243416,247.06671361234464,339.7945230033757,0.0,135.66887548486028,0.7680139048691523
0.5750000000000001,453.5591817192042,767.5112742675998,532.2110629421824,620.6944293180392,561.7055184008038,418.165835168857,272.00442256281326,299.53258099085446,476.4993137425682,260.2066403793691,0.764951400170067
0.5750000000000001,655.7867085633997,1206.452617771081,611.9283618123449,267.3270659111949,458.0760660665778,329.28568274998605,612.6245260464801,926.5945956453022,0.0,1175.1252272346176,0.6694551278876831
0.5750000000000001,709.8531817342257,885.4082696899972,541.1676406984566,676.2687301252906,731.2251054853615,706.8000497697716,190.82074777801623,1105.2337711302716,0.0,361.7961377871196,0.723508339208052
0.5750000000000001,213.9620774081794,790.1371098294361,768.5004952600718,584.9899494680366,757.2815099278091,902.3269631520722,609.030632322893,476.8068766212054,264.447511403357,306.919384446934,0.8459337956454407
0.5750000000000001,480.6432583249343,1044.507434169008,441.580378673082,1124.3315795445303,906.9381623516352,575.7528783468188,722.6632735592098,1169.3388104477458,0.0,357.5102681180144,0.7857244649703711
0.5750000000000001,842.9567572136298,492.6028549967149,947.4482719099072,981.6933901716995,88.6860754985163,879.8361153417225,785.0034801551957,868.4210759211217,8.780799554310619,350.35390221691483,0.7830463034951205
0.5750000000000001,862.017702998439,1748.5031573920076,1056.8186467982969,973.0636516379702,981.5332578901412,958.9476412176816,370.7805403726928,1120.811227370228,53.64083959706866,807.4357960400191,0.762213282618409
0.5750000000000001,1046.814506220009,1632.0568487671944,1251.30850278392,1220.147512831319,1468.4616515160724,929.9607938977708,656.328350876546,1237.6755696796606,572.583190378944,1216.2523890872485,0.7243288304963786
0.5750000000000001,961.5866783328864,1361.2886490871351,1403.142258590208,1184.4571489366986,1582.0664392157958,1238.866841290667,1197.013231787618,1915.84897500272,0.0,1191.781530599728,0.8275743900595364
0.5750000000000001,1280.5305343063344,668.1504325031337,1698.2612466078072,1242.256777943632,1144.932083192768,1257.5662804887104,1516.734287858993,1739.8156106587253,775.3169503186954,665.9633607109815,0.7458130418508381
0.5750000000000001,1973.592728413523,1679.4795601342655,1437.8866004763208,1985.2638858849111,1189.2909463355295,1423.8812115106286,1537.0914389831987,2056.4579464604444,732.9486892038327,697.935216789642,0.8300370812706419
0.5750000000000001,1713.7046457975855,1701.1131348071526,1308.257991905722,2135.5202639770087,1889.9857996636088,2049.897989242073,1233.9680770621785,1575.198024902848,849.9269918540552,1232.7089259631364,0.8530364016124176
0.5750000000000001,2268.6601085338816,2385.731829615808,3439.377319353312,2088.3063760562954,2300.301114231693,3607.074649551763,1922.191096142716,3020.1339938571678,916.0071149519569,1748.1655648046883,0.7673747981534679
0.5750000000000001,3081.1412402826454,4970.452467550475,2987.6643765167805,3534.144503148002,4429.365236905741,3611.442678954384,3694.133750747274,3681.550326778803,2013.3478349571644,2484.3274177775,0.8293170210376367
0.5750000000000001,4622.199736909314,4981.120549813254,5377.246568932863,4501.829952093977,4963.612217476492,6482.460047691945,3801.4966586228593,8174.202659733094,3781.7997847439774,4746.946604808866,0.7575764728344356
0.5750000000000001,6185.974693253364,5871.39381701201,5915.99856812087,8153.27897900149,6894.955474036098,7289.355378577477,5810.3557365472725,5657.760535385431,4563.770323978935,5552.117703811833,0.777737700512724
0.6000000000000001,17.9690029028135,9.904865014721658,15.16408537652091,0.0,0.0,0.0,10.430787050901287,24.10475999157942,26.55906282708534,0.0,0.753035799880364
0.6000000000000001,47.21165524117088,0.0,39.23222055252296,0.0,0.0,0.0,60.0119983875452,37.902314771081286,16.291345822657654,14.13024892781529,0.8250563095997383
0.6000000000000001,0.0,0.0,53.3148700091463,0.0,0.0,0.0,7.78319270206483,105.65684093053468,92.42541333702331,0.0,0.7768435192056238
0.6000000000000001,38.239726216192125,17.56960393716931,72.34542797657986,20.46342105623212,37.41292132503108,0.0,111.41195908393216,40.92684211246511,43.82065923152792,0.0,0.7925087349256313
0.6000000000000001,114.42654198813642,46.89612376562987,103.405952903214,29.075596734690485,0.0,0.0,93.08880567477468,20.399813838048978,68.4683406978193,61.668402751803306,0.7809792497746779
0.6000000000000001,56.32344116427403,54.27531603102842,130.56797724445437,90.1175058628378,0.0,0.0,36.6102367567785,153.86540063513158,53.507269106060384,0.0,0.678009784312696
0.6000000000000001,0.0,39.3332634827334,307.04338238072046,137.81887669919024,28.356538789876883,89.33834263907792,60.37198581070765,281.4310247640574,32.93017407856699,0.0,0.7459878527544044
0.6000000000000001,171.7445455096203,0.0,211.43193537176344,79.37477972428182,15.102281097981942,17.560791974398946,255.68513114724732,133.110803165945,154.53496937471013,146.45700506648748,0.8093385451053304
0.6000000000000001,242.64492808826424,238.4283495590844,355.72589773445435,118.44752413787296,89.6981250752816,0.0,158.3133575046655,162.52993603384536,181.312876754737,45.61571317931081,0.7428407695517603
0.6000000000000001,204.6580907144977,54.36230534603941,301.3910164037735,34.77588650812765,145.89883420076407,0.0,251.8253850588543,190.6677915445631,113.52128469319734,222.24589538527616,0.758836332431919
0.6000000000000001,215.0741206115252,312.5569029212216,149.0655998547366,226.87696869386423,8.305707909795172,487.8510540700456,148.1913148116002,0.0,0.0,44.588537199950615,0.838123911579773
0.6000000000000001,299.26516304075534,239.1507634779826,269.64357485040455,33.54209250966177,227.82486211108343,679.1184704229057,0.0,207.3511173324594,54.45144887932139,219.54824188142783,0.7430589179773803
0.6000000000000001,312.31564432825644,381.9226501022941,25.186745510344565,279.80184557853806,0.0,414.4364488520106,171.26986947033382,348.4929696976579,0.0,308.6521177085696,0.6935750153376271
0.6000000000000001,348.8977228985256,371.6519222179946,0.0,70.63282705418438,233.7045888437147,435.6481078040013,0.0,507.2290264964991,170.65649489601734,238.91909285442625,0.8148058900224419
0.6000000000000001,446.3000939625643,283.96229996925234,197.38214317282,301.4844745590052,284.47765804542274,648.3204598209072,74.21156296837275,293.75410341646847,52.56652376926087,250.97938309442168,0.7307335319298279
0.6000000000000001,387.0507162255465,307.0275723645677,187.8094192655613,370.1750872480597,386.5063410972393,662.504531148367,3.2662507698363865,512.2569957359208,241.70255696785136,364.7313359650013,0.8564790564542399
0.6000000000000001,513.2981386808787,347.30034612582307,201.31647182208707,556.2691984557673,235.4578617802197,476.2135254504916,510.94356006307606,406.7534562253299,675.7640633092279,460.9087644347797,0.7700590463593434
0.6000000000000001,508.1655536857066,131.99910114030916,601.1226671647968,539.1512581787375,167.94251835222846,599.2635248952159,531.7146891004089,430.701292453128,823.6000254247584,603.6015235242396,0.7756482476235791
0.625,0.0,27.25461929605792,0.0,0.0,30.67137914949994,26.380564449829016,0.3972976573772296,0.0,30.27408149212271,0.0,0.8005819309581614
0.625,0.0,63.08557180530001,0.0,0.0,0.0,0.0,0.0,28.00226911765929,0.0,0.0,0.8128980651751632
0.625,0.0,128.566984758681,0.0,53.410616813695256,0.0,132.95428542552025,24.22552976906981,14.878671826672912,117.12185258431737,0.0,0.6954838140618056
0.625,0.0,63.73127908227504,33.214998870241395,0.0,0.0,57.29587305116591,0.0,0.0,14.531562005730205,9.134124689315788,0.7758876996063889
0.625,47.2560625721184,228.3239349785463,33.51322804859433,66.30314901700038,39.78188941020073,19.288188804946003,52.07810977335458,86.55574726219487,108.49606202781985,0.0,0.7731224978831928
0.625,0.0,151.69865072142014,0.2478736122908595,48.58322800882051,19.829888983192284,99.89306575283142,53.29282664232999,59.985414174155984,134.8432450857052,80.06317676963783,0.746866289718287
0.625,0.0,154.96465694642308,0.0,0.0,82.58944993566499,76.75273969286215,82.29761442352523,3.502026145681697,84.92413403278458,51.94672116094746,0.766066759742033
0.625,107.86371492760986,80.64886993048887,31.19750524060173,62.39501048120172,119.47980730442912,426.1446460524634,35.51205383770543,141.71632699719876,54.76157834786321,42.48170926379629,0.7246799131188612
0.625,131.75213201947653,0.0,300.3065355527752,2.944181721104591,65.87606600973827,0.0,232.22233325220728,293.3141039651504,240.68685570038508,0.0,0.9046080528567414
0.625,307.61396575633256,0.0,227.04840329634223,156.24836355877167,159.09664101947808,0.0,206.703564291292,220.9449515948275,283.2001589502754,96.43453688393004,0.6583114009953761
0.625,42.37332023594336,148.52062749366414,237.5474013227177,0.0,26.964840150146426,0.0,327.0021884874888,170.777320950928,217.85878787975392,0.0,0.776341465374525
0.625,210.56627859640784,273.5561909970421,233.5126038280688,61.19020061775864,242.9610906881628,0.0,0.0,396.38652017828105,43.19308278900654,159.27449278446304,0.7272559392542147
0.625,250.705381627279,0.0,500.015371520086,71.6301090363643,0.0,20.000614860803918,193.49432051381905,247.9145981583312,263.2639072375521,118.14316685218832,0.8304329400969626
0.625,280.1862507442707,258.4101172667361,289.86453228984305,329.0615725494017,0.0,0.0,196.46911537508345,313.0924079992126,307.76935314914675,53.2305485006396,0.8279309788321849
0.625,214.95384068925563,218.0246098419598,584.4697287312622,362.8625548778131,0.0,0.0,363.3743497365982,428.3722968021602,106.45333062705868,0.0,0.7996387311804235
0.7000000000000001,0.0,30.56564347992374,0.0,0.0,32.7217262150218,16.23403471132915,11.414555656403373,0.0,0.0,20.79985697388944,0.7704524520487761
0.7000000000000001,0.0,71.4109649240988,0.0,0.0,2.182338486644971,48.86013389543643,0.0,0.0,0.0,0.0,0.773823689251259
0.7000000000000001,0.0,71.64039920682157,9.235410579148748,0.0,33.64328139546891,0.0,16.49180460562212,18.86662446883188,3.82609866850388,0.0,0.84300839117218
0.7000000000000001,0.0,91.13041318087951,65.66299131551614,0.0,13.654220156730927,51.7019347507684,10.89269248458362,0.0,54.61688062692371,57.83866291109664,0.7942752914371906
0.7000000000000001,0.0,99.74063555556424,41.42770492563911,62.43606713911344,121.3380172703522,41.820384593180165,0.0,92.08338203850438,10.209671356080854,0.0,0.8717930001868117
0.7000000000000001,0.0,150.6678001435898,7.918620178001538,97.80566003639233,2.140167615676424,162.01068850667272,0.0,60.3527267620633,56.07239153071045,0.0,0.8279783055038491
0.7000000000000001,0.0,24.632938192271773,0.0,0.0,0.0,78.9635308406472,29.92786883173204,0.0,0.0,0.0,0.8401205465089783
0.7000000000000001,0.0,149.50991211843277,23.69282760346797,0.0,0.0,60.45756009160694,0.0,99.40094339385918,106.48155853972192,0.0,0.7201082914806091
0.7000000000000001,0.0,219.9150952067337,136.75969983168778,63.56920720819597,224.0385032418597,286.23324110501545,255.9949155140895,309.25560263446954,177.65016284668792,43.98301904134602,0.855418467053237
0.7000000000000001,123.76626270011468,254.0465392265476,47.65515378203937,37.71271162607202,173.13563064697323,231.07606941794015,139.87987584943642,146.73673250872207,197.13462895447392,243.7612542376182,0.7429115474876461
0.7000000000000001,0.0,36.88243344416619,210.8632053474539,209.7455558491435,195.5886622039099,128.90224213819724,52.90207625324985,318.9026568505667,246.62798929330967,0.0,0.7909549954879447
0.7000000000000001,111.52300130828054,282.5778538487362,256.7807183147926,138.9076528750801,15.081402312151804,178.19867468831967,22.622103468227703,166.68918345009777,192.0894399758254,0.0,0.8064031178156387
0.7000000000000001,0.0,379.6209252488922,264.61048548100547,174.67751002340742,482.9573730102642,253.80123362312247,0.0,377.0267048030013,363.6232324992228,324.7099258108386,0.7914147153271924
0.7000000000000001,176.11759535491674,557.2397990594691,127.66196065409368,252.99432348602824,298.65444080026674,177.04943448377992,180.77679099922764,333.132488568162,240.4144952463915,107.16149981912866,0.8611658390359279
0.7000000000000001,0.0,532.9287957876928,332.9506414229168,135.05018216841867,365.6743394098792,322.0427420939276,19.218679770122385,359.9606778565995,551.6280517802423,186.4731361479333,0.8573277901726684
0.7000000000000001,0.0,302.22491534012096,199.50088329249664,92.4516288428616,490.9127426276022,538.4901890496606,90.28901764186192,456.8516162118116,467.6646722168215,388.729363380225,0.7679619241896103
0.7000000000000001,0.0,492.08780671382925,192.7251342321672,307.6937301574044,360.45709543710456,409.88803764650953,130.5199035866273,194.3913457673162,33.87963454801496,342.6841723955226,0.8236562398212448
0.7000000000000001,0.0,556.1609356028055,205.22962149665355,569.2003866923687,484.7274209382246,569.2003866923717,69.7327166963789,384.9472734702389,327.68707520735893,98.64628215584808,0.7732702025463734
0.7000000000000001,0.0,861.6417243479173,415.2634421510126,418.2552536938832,568.4441931461953,412.27163060813575,268.06631424157433,384.7469644136884,432.0175867911069,232.76293803565085,0.8459337956454407
0.7250000000000001,0.0,10.40633001810456,52.165064577933066,20.946074523619988,1.334144874115938,0.0,0.0,0.0,81.5162518084837,54.29969637651844,0.8020356857007725
0.7250000000000001,0.0,27.28004305672153,0.0,0.0,0.0,33.3043858984139,0.0,4.433006996717353,29.32604628597586,35.00938858945899,0.6749855313340757
0.7250000000000001,8.502930203855284,126.65823116158953,53.32045815334032,71.74347359502623,14.348694719005088,59.16622266849093,0.0,0.0,95.83510917261512,108.41236009915043,0.5876111218770907
0.7250000000000001,0.0,66.68091111852884,42.43330707542744,16.97332283017116,0.0,134.77626580623823,0.0,18.18570303232605,83.25010721464866,0.0,0.7126861321557894
0.7250000000000001,0.0,235.03043944187291,91.50040008805765,59.65467260642927,34.31265003302085,0.0,0.0,0.0,111.90857755867803,106.52620108290978,0.6735959713104622
0.7250000000000001,26.052737365041065,36.56943868670915,145.79972286857722,24.14060985201011,0.0,167.07214145104197,0.0,0.0,0.0,200.29535698994644,0.7093027214920566
0.7250000000000001,0.0,66.11592846441323,112.52182542434078,23.202948479963208,0.0,0.0,0.0,86.32494810825251,172.6498962165062,208.3275481803209,0.7076553032122223
0.7250000000000001,17.600809737979883,15.869582550637835,165.33219639119108,92.3321166582565,6.347833020254609,0.0,25.96840781013464,0.0,147.1543109240963,124.64835748864576,0.6613017649307141
0.7250000000000001,123.04717638388829,261.0683477774557,211.9145815500285,0.0,71.94028037259012,69.33610732742788,34.8308144790364,37.109465893553725,32.55216306452055,292.969467580685,0.6970407997558266
0.7250000000000001,0.0,339.17767013385856,145.10079207235182,85.52540389151191,0.0,164.8374237396224,0.0,104.53104920073604,205.0416734322133,381.2093857215655,0.6985305504869367
0.7250000000000001,0.0,256.5487641620052,131.51159046159552,159.02786169663594,78.90695427695731,117.75345484407438,111.68368913046228,133.93949674703998,306.3208430136251,148.50693445970867,0.6602958514466247
0.7250000000000001,130.2726611454705,306.65557692318754,0.0,0.0,111.02274901744478,178.62127765306877,178.17360527799883,81.4763722628023,499.60237057850657,346.9460906795187,0.6377398121811124
0.7250000000000001,380.6824945931354,167.5197201972341,241.3255099652922,240.3543811525533,67.49345248526289,448.17594707839606,197.13914898573017,242.2966387780289,393.3071691587236,123.33335921767204,0.6936772724121366
0.7250000000000001,226.9139263319796,294.0723081163338,390.7396758362356,210.63310650547072,110.91308506809646,217.24718955998893,0.0,0.0,434.4943791199801,340.3708894979682,0.6921076263184149
0.7250000000000001,0.0,166.7903274460577,332.5283499870916,279.38695228345654,175.73491913874744,74.18749580408134,17.88918338538191,9.996896597713633,335.15911224964765,236.2424511775352,0.7118807359594138
0.75,0.0,25.989519208331064,46.01310656672844,11.520420124009332,6.514523284410146,46.35597621327634,0.0,0.4114435758574205,0.0,22.83511846009011,0.7229381342830489
0.75,0.0,21.173201329381957,18.881256855582983,31.43238135495833,0.0,38.308214776355726,0.0,55.6615086494059,24.883968572675776,74.65190571802634,0.646684923867422
0.75,22.41031145086074,6.487195419986002,29.25135389375528,17.810300153052374,35.50265129846874,50.71807328352693,0.0,69.11811847475985,41.63599969554674,90.4668888568955,0.7994628714863492
0.75,73.67589762432736,30.88332146992389,0.0,38.75554066813896,0.0,75.69441536745961,0.0,39.36109599107901,101.53144247955288,139.68142782475178,0.6721010296906184
0.75,38.10066178521507,0.0,164.3237130981961,46.74927826406704,43.47682878558214,45.81429269878549,79.00628026627373,0.0,139.7803420095609,129.26175440014475,0.7468765154257375
0.75,0.0,0.0,9.43247752763838,28.539290981058397,1.934867185155886,0.0,0.0,0.0,19.83238864785525,149.22663165519816,0.746614055601163
0.75,0.0,88.65973908270229,85.24974911798276,0.0,0.0,90.60830477682696,108.1453960239555,0.0,49.44485448843045,110.58110314161104,0.7845071188452574
0.75,89.99584437366397,138.0288170305764,167.05973457046807,15.835045930850008,0.0,58.06183507978336,53.047403868347295,0.0,151.75252350397926,173.12983551062655,0.7869996350364286
0.75,56.1891831831832,217.54528676269567,84.73449014790151,116.28456626679936,82.33067482455627,220.55005591687652,137.01747343064767,158.3513344253316,201.01905641470088,328.72174546738665,0.8176575841878275
0.75,12.186205357516128,70.48237693265597,311.2422719689701,0.0,73.11723214509078,110.99327582385432,93.2080031399144,135.69504344043926,326.39268944047524,108.02906370986386,0.7769358346201123
0.75,38.340489081697385,46.37373441310165,144.59841596525837,11.319572966976992,0.0,57.69330738007698,0.0,92.38232131113652,147.5195960857693,293.57860211128155,0.8799640978999367
0.75,107.19321479240789,288.1082452918452,185.5756050556305,44.91099117784607,260.99217514673,102.95632883223176,138.12248230167836,33.471399085376525,219.470692737024,229.63921904144055,0.7443127844862479
0.75,2.283438942797949,222.40695302852143,293.1935602552579,192.72224677214604,0.0,199.5725636005399,177.6515497496808,267.16235630736,164.4076038814523,154.3604725331401,0.8359850344379479
0.75,219.15209332644147,579.0165963023771,313.7587347078028,558.0594289077692,20.957167394605108,243.10314177741876,417.3470192582778,211.36800257987275,617.9370500352151,610.1529592886437,0.6980231980787931
0.775,0.0,6.715556354202664,50.68646105433868,21.74561105170348,2.238518784733979,27.66169641135822,0.0,0.0,8.794180940027202,32.93820497537447,0.794170412386412
0.775,0.0,0.0,18.89279330829441,3.762879995012796,0.0,1.0975066652121992,1.4894733313593878,0.0,49.70137326746358,11.994179984103756,0.8575612771594665
0.775,13.083103815572098,40.10521543465012,29.223007588052933,7.458591894858559,0.0,26.41075162769616,0.0,0.0,31.423903557027845,66.76051105889881,0.6707376020304907
0.775,0.0,0.0,152.28830146645836,30.457660293291863,0.0,0.0,0.0,35.32242547902538,70.85636248786604,84.18158886618058,0.7658008913483078
0.775,32.213803287208314,69.41847750623711,17.468048261373802,57.8487312551969,4.083439853307398,0.0,28.357221203527896,48.09384716118289,77.35849944322389,181.48621570257853,0.8166201009526989
0.775,0.0,0.0,23.90794559542116,54.77937049047836,11.60579883272851,83.56175159564528,25.532757432002725,10.909450902764378,0.0,175.0154463975451,0.5921036160172103
0.775,0.0,79.1944104783191,60.070063675504855,0.0,0.0,10.052541268145488,0.0,44.86865980660091,63.74782267604597,85.32400881255316,0.7807649968566576
0.775,0.0,53.11864660143859,29.451922868124687,39.70750315255975,0.0,107.5521111880601,0.0,64.95200846809435,129.6410533391533,137.26699765322016,0.7010994317369557
0.775,0.0,141.1685936053433,51.62570468625227,191.9192863477589,32.95878321777557,149.33537174780034,56.29243505337078,19.25026276436469,0.0,254.33680500797283,0.7785889906580162
0.775,194.25466300370744,100.16256061128772,213.14053301795803,55.64586700627045,23.607337517811704,5.058715182388222,126.13063188088,179.75301281419394,235.0616321416404,223.59521106155853,0.7848004992614096
0.775,0.0,255.3729133185508,222.6752469455108,8.691784732073435,14.900202397840442,159.34938675468652,5.380628643665493,101.81804971857856,48.83955230403455,131.20456000320868,0.7505763623034478
0.775,133.34005762490673,0.0,245.8722718624869,150.7507020918527,0.0,252.6666697032461,137.16190641033438,223.7904788800172,32.69803960865653,369.020732726252,0.7800163289897128
0.775,0.0,309.1389951052782,331.220351898511,102.58630343523204,70.84435304495973,83.26511624115305,239.6747268598944,281.07727084720824,392.4041113464313,459.1082099926571,0.7432506499920859
0.8,0.0,3.772423545498556,1.098440973542237,0.0,0.0,0.0,0.0,0.8987244328981753,0.0,2.585219665003392,0.6996356406518467
0.8,0.0,23.74272272985409,11.909048226403144,0.0,0.0,0.0,0.0,3.467191255788149,5.426908052538285,23.139732946238617,0.6539480749407497
0.8,0.0,1.2925585359205396,30.89214900850101,0.0,0.0,26.2389382791866,0.0,0.0,49.37573607216497,0.0,0.716836795503978
0.8,0.0,34.53347189681602,47.74781063284152,0.0,0.0,42.462075138431,0.0,0.0,85.62891500945022,74.88125283748232,0.818119397966457
0.8,23.64295558248889,146.8591279450748,0.0,32.96373614866211,0.0,6.365411118361719,0.0,0.0,116.16875291011247,74.56624452938678,0.5554853576353355
0.8,0.0,5.585942982060215,108.07585334854778,20.8865694111798,71.88865750824729,64.84551200912823,0.0,90.58942314383827,0.0,130.905359449139,0.7661051061449736
0.8,27.24494931399853,73.48637704876627,119.72780478353404,0.0,0.0,96.48211408443412,16.74689544988841,0.0,65.48785981896907,183.2160352950521,0.6122088176811413
0.8,0.0,210.2417245571732,123.87357891622356,0.0,0.0,0.0,0.0,2.377104925897916,84.25516348459566,121.7605967598696,0.6777810314497189
0.8,0.0,109.07873972543231,208.8078731886855,136.84423711008705,15.865998505517172,29.182104394075925,0.0,0.0,162.9098060834379,236.006727769571,0.6758760200245967
0.8,84.4530844305672,184.65733937000925,92.49623532871514,104.5609616759386,0.0,15.416039221452271,125.00397020873564,118.30134446027648,119.30673832254573,114.61490029862506,0.6726707476771713
0.8,21.338669691158064,192.40969958806733,307.78318486737646,0.0,0.0,186.98461407336455,47.74075252936918,124.41529447047932,239.4271073821437,260.7657770733001,0.7794283508112826
0.8,113.65888915696834,248.31996435381285,273.8520336571891,182.01894567891293,12.354227082279207,138.77915089093568,0.0,0.0,179.54810026245744,339.7412447626782,0.8117501077791811
0.8250000000000001,0.0,0.0,0.5994009719440847,0.0,0.0,0.0,0.0,0.0,2.350775686843165,2.959542298973868,0.8039508754921074
0.8250000000000001,12.606552022232412,17.837842317172218,11.834722306585466,7.203744012704179,7.804056013762699,0.0,0.0,0.0,21.52547318081813,14.493246882701987,0.8185715067912563
0.8250000000000001,0.0,0.0,33.77492367874726,0.0,0.0,0.0,0.0,0.0,35.32334424854646,0.0,0.8427680870470821
0.8250000000000001,0.0,66.8452025839593,0.0,56.00544000277591,0.0,13.202274938619722,15.286844665770204,0.0,92.97180983091164,76.01730938342067,0.8122422199502585
0.8250000000000001,0.0,0.0,3.5203998079401546,92.41049495843431,0.0,0.0,14.961699183746909,0.0,6.160699663896021,56.1063719390494,0.8182860391249174
0.8250000000000001,0.0,0.0,22.254700245195927,0.0,0.0,40.55300933569058,0.0,61.32406289787255,3.4618422603640355,225.26702137081637,0.7839049382953681
0.8250000000000001,0.0,0.0,8.444927368459792,0.0,0.0,10.492182488085598,0.0,9.724461818225194,48.87821598108254,102.87456976123134,0.8528387046016991
0.8250000000000001,0.0,107.9804870878918,120.03786157661416,107.98048708789057,6.430599727318833,0.0,0.0,23.042982356224694,71.54042196642003,182.46826726266477,0.7683696742742165
0.8250000000000001,0.0,152.69225810215227,114.4478420541363,64.21637022987713,49.66065964443857,29.68223335069901,17.409771484544205,99.03591319896552,185.79936453177757,170.67284176651705,0.7290972393392984
0.8250000000000001,76.20030739507115,99.60264899205852,78.19806826310618,0.0,20.548397499793737,147.8343042346301,71.06320802012206,116.72631357522042,100.17343781149675,263.41904017097283,0.7751301451127306
0.8250000000000001,81.94908601324481,294.59283506485104,123.63008665791098,47.68589056805138,0.0,161.42557029332883,128.22206130520547,261.7425548957484,215.46957960378768,198.86782510972444,0.8155591838046619
0.8500000000000001,0.0,0.0,0.0,0.0,0.0,0.0,0.4131895877871535,0.0,0.0,1.2680645970018622,0.8307699236379601
0.8500000000000001,0.0,44.72417196550935,0.0,0.0,1.6483110060998418,0.0,0.0,25.383989493937467,22.19725488214484,61.42705682732038,0.7391886013261659
0.8500000000000001,0.0,39.32752373530735,5.818868307775232,0.0,0.0,0.0,0.401301262605115,0.0,1.939622769258411,55.24580715197915,0.6715215729350646
0.8500000000000001,0.0,11.182796043102709,14.11828000441704,0.0,0.0,14.11828000441704,0.0,23.623656641054595,106.23656240947572,69.75269031885263,0.7412353334819605
0.8500000000000001,0.0,0.0,78.862079860266,19.715519965066253,0.0,30.331569177025308,22.965330948318964,148.62468896742382,122.84285516695309,40.94761838898338,0.7179860514024936
0.8500000000000001,28.74969424202374,28.99969158325964,34.24963574919418,0.0,0.0,90.99903220953624,0.0,81.4991332426062,145.74844993999906,143.4984738688828,0.7669067285683617
0.8500000000000001,0.0,200.03019728441896,41.77845892649257,0.0,0.0,96.9766652657366,0.0,0.0,202.8154278795182,114.9540627431968,0.6939292630600354
0.8500000000000001,0.0,187.81278178402573,41.00138193876617,6.613126119155835,0.0,8.464801432518987,0.0,0.0,130.41084706975354,25.923454387090157,0.7702877045398445
0.8500000000000001,0.0,191.2286685728688,7.290242496912602,0.0,0.0,11.776545571935642,56.0787884377912,83.55739477230813,92.81039486454418,49.62972776744471,0.8082784800995814
0.8500000000000001,0.0,192.86714345510828,78.78957437677151,0.0,100.99667449068691,80.61481548202462,0.0,0.0,167.00956113068526,124.42060200810484,0.8081029387883395
0.8500000000000001,1.6810156994895853,44.04261132662836,135.8260685187588,65.22340914019622,0.0,63.54239344070663,105.90398906784388,0.0,314.6861389444501,202.73049335844303,0.7629871175147199
0.8500000000000001,143.63970090028636,194.1177353251925,64.58219110245422,142.5262148467951,0.0,201.5409756817947,134.3606504545298,49.36454837141488,283.5677816222691,258.3287644098152,0.8109797711512089
0.875,0.0,7.169845259594084,3.924189755645367,0.0,1.006492473349967,0.0,0.0,0.0,6.457384295312632,0.0,0.7591780414892381
0.875,2.4284022923743227,0.0,0.7040325973690302,2.5916562279961157,0.0,0.0,0.0,0.0,3.7038236644196503,2.785520276546968,0.6442061519066969
0.875,0.0,20.094547597999576,8.594283434221413,0.0,18.85796005350729,0.0,0.0,22.011258291962555,16.199296832849058,35.4282331497037,0.7660071097819021
0.875,0.0,46.64714050604927,0.0,49.92813204011348,0.0,26.390584078345693,0.0,9.272367378878217,25.24936963171492,34.37908520476372,0.7041330582807395
0.875,0.0,0.0,28.23260531976218,0.0,9.833828819242616,0.0,12.371591095176846,0.0,0.0,58.68575263096572,0.8168146734416963
0.875,0.0,114.8759413951725,79.62431131038765,0.0,0.0,31.800421545015546,0.0,28.595727900943785,160.23468220356557,184.14662708625104,0.6792198263610595
0.875,0.0,104.11358939346982,38.52202807558431,7.548235231026799,91.0993907192861,72.35894462846083,0.0,0.0,38.78231204906774,76.26320423071593,0.814675796299871
0.875,0.0,261.2055319150762,159.1378240659073,138.83403271956718,0.0,3.018131146077303,18.108786876465064,29.63256034330613,54.05198507066237,104.81146343651086,0.7619973069064581
0.875,0.0,72.98623625145234,95.44353971343769,0.0,0.0,29.19449450058119,1.122865173099522,48.0024861499934,113.12866618975164,112.8479498964758,0.769470459507851
0.875,0.0,33.10802478147114,50.11765219213479,18.528344143758645,149.74546988316553,20.95829091671119,0.0,11.2385038249024,225.07381984467776,78.97327012093967,0.7815970529331728
0.875,42.075472027906685,276.9393773640032,122.08784506457928,0.0,227.62140605260487,108.6374892523796,118.98391680022524,151.05784219854593,177.95855382294528,222.10331136041924,0.7742302828570464
0.875,47.43358089149664,280.11957219387176,183.0114538333296,135.2043801789081,0.0,112.79481440339836,94.49366902006676,35.48181247789042,293.56531165917727,530.7332161166554,0.806100404412528
0.9,0.0,0.0,0.0,3.501462538033893,0.0,0.0,0.0,0.74418004895541,0.7537208188138478,0.0858669287255925,0.9328934958558044
0.9,0.0,2.8689305936900755,9.793935475010867,1.768349460765811,0.0,3.821118764871662,2.2877248268649044,0.0,3.1409843568847986,3.1657165171752077,0.8541271437405197
0.9,12.96157184379188,18.279139779706604,38.30310653838513,0.0,0.0,0.0,0.0,0.0,5.151393937917542,24.42757770560761,0.7746506730522527
0.9,28.73478253060172,43.03276610863003,0.0,0.0,0.0,10.272337716253746,0.0,0.0,59.41298030481848,63.02218004296089,0.8533005657215675
0.9,4.556108294007476,11.885499897409868,14.658783206805683,99.83819913824308,7.329391603402392,30.704208068308827,0.0,36.05268302214291,48.73054957938028,83.99086594169567,0.8166769104385385
0.9,0.0,0.0,79.1995786368546,44.87158789642133,1.7163995370211609,0.0,115.979568715889,0.0,100.77717281655411,162.07715628161148,0.8756096508104042
0.9,64.93888919885563,144.0067417380475,54.07045586013507,24.45397501212128,7.064481670168122,56.51585336134621,7.879614170572658,74.44876837023614,102.97840588437762,80.96982837346748,0.7901426198404511
0.9,0.0,89.73424276953686,156.898963872797,0.0,94.90075977748012,77.76967706693169,24.47297530078277,0.0,143.03094453568576,118.28604728711676,0.2
0.9,0.0,0.0,96.99458370424908,99.59265291061315,81.40616846606589,71.87991470939933,125.86201933051376,101.32469904818878,106.80951181717934,73.03461213444886,0.7462075837299877
0.9,62.709481968943614,68.76836911570138,67.85953604368716,183.28133618942215,8.482442005460033,165.40761910648652,73.91842319044491,9.997163792149474,9.088330720136636,294.15897097508883,0.9216214609656732
0.9,53.46003269514991,175.6081073986145,163.62010006697395,0.0,0.0,69.01204220646535,76.78804696212381,69.01204220646535,80.02804894364952,300.67218388544825,0.8029645207942347
0.9,45.66623806649604,157.62217655209875,115.27042350655836,114.90214739311754,73.28694657445715,0.0,176.03598222407282,0.0,177.14081056439025,258.8981077479545,0.7992385286417918
0.925,0.0,2.726344588345885,5.2429703622036055,0.5359480814696913,0.0,5.417736040943725,0.0,0.0,3.3788031223089896,5.848824715169334,0.9222610324862429
0.925,0.0,0.0,0.0,0.4763163567894949,0.0,2.750726960459323,0.0,0.0,5.8110595528318605,4.179676030827808,0.8354936323854438
0.925,0.0,36.68411157895496,36.390638686323584,0.0,20.73875107930236,20.83657537684615,0.0,19.07573802105658,48.42302728422055,32.67331537965553,0.8937794547373227
0.925,0.0,48.81678005534648,27.91662957293532,18.81013543416991,43.29316885642312,0.0,0.0,0.0,27.468769205454805,70.16479090523747,0.8558961911295351
0.925,0.0,41.36763104649433,82.55058516867413,0.0,0.0,0.0,0.0,0.0,4.062892334924038,99.35618528131138,0.8011022025584686
0.925,0.0,139.93316732167543,134.68567354711283,0.0,0.0,0.0,0.0,0.0,33.48400789482971,56.97278955239575,0.8768566190245626
0.925,0.0,110.91180178440324,34.063821186855805,59.40730414987578,0.0,0.0,34.608842325845,58.86228301088658,85.84082939087664,225.9112621112267,0.786039425613288
0.925,0.0,78.15154440461633,121.56906907384749,20.168140491513316,0.0,0.0,75.35041378079495,49.58001204163765,166.94738517975307,273.6704619473468,0.871715360556165
0.925,0.0,68.5642574344392,136.24190809170707,13.594637249931482,0.0,0.0,0.0,0.0,274.8481009225332,246.47668405310935,0.7682652868439879
0.925,0.0,193.1735047976524,25.183191404464225,60.193969698473175,0.0,25.79741558506033,111.17457668799636,176.89656401184007,219.89225665360684,169.52587384467978,0.6706536051478579
0.925,136.41232949037826,43.21974795734808,176.25553463855857,55.37530207035175,0.0,0.0,92.85492725211373,0.0,145.52899507513064,300.8499642968481,0.826121487459213
0.925,82.84734495391021,186.03667192775364,184.55725505357637,56.95754965581338,161.2564392852885,174.57119115288083,16.643439834490824,95.42238838441304,331.01952559709525,277.3906639081804,0.8595226246580455
0.9500000000000001,0.0,0.0,0.0,0.0,0.0,1.86676158395517,0.0,2.800142375932727,3.660792197106903,11.964244697167132,0.756999965802185
0.9500000000000001,0.0,1.304580060599074,2.229645921751166,0.5099722055068784,0.0,0.0,0.0,0.0,2.2652253779492906,0.0,0.5996263281319643
0.9500000000000001,0.0,7.130177499980641,26.660663695579625,19.633822101395708,0.0,54.66469416651762,0.0,0.0,24.80061739123668,73.26515720994466,0.6503134556817807
0.9500000000000001,0.0,1.5260210639273468,66.83972260001808,41.50777293882356,14.802404320094988,0.0,0.0,1.6786231703199428,87.74621117582245,37.99792449179039,0.6926939002122696
0.9500000000000001,0.0,66.97793265621011,4.146252973955719,0.0,0.0,27.58852940362897,0.0,34.7647364739372,0.0,48.7982080780958,0.6495813437221375
0.9500000000000001,22.82160806175936,88.30970076071928,76.15471385826062,93.76704181896434,16.6200841319325,0.0,9.42631637333556,0.0,135.68934358458762,76.1547138582595,0.6749216206625076
0.9500000000000001,0.0,213.71102941997705,35.25412122145414,56.84385437257608,57.66371765679643,0.0,65.86235049899501,0.0,107.40209023280188,152.22128310348646,0.7543689764892827
0.9500000000000001,0.0,130.1271985923606,143.02526893741833,101.17819626234106,0.0,178.27999454724207,0.0,0.5732475708909339,38.694211035173225,62.48398522716784,0.728255502157546
0.9500000000000001,0.0,228.20849427624017,139.73862594723286,0.0,0.0,134.1115671842565,0.0,146.92875658881218,220.08052050749765,89.72032583189112,0.7667007536039919
0.9500000000000001,6.204689070486945,88.1065848009149,136.81339400423687,18.924301664984903,0.0,140.84644190005395,0.0,0.0,118.81979569982558,178.3848107764997,0.7121218922267993
0.9500000000000001,24.370471758421104,206.45271075348228,114.54121726457952,0.0,0.0,95.04483985784135,0.0,65.8002737477373,115.58566605422676,229.430584125706,0.6833471775309519
0.9500000000000001,0.0,170.01765767626756,11.16641395755108,91.85275997340672,27.01551763923728,64.83724233416946,35.30027638193736,207.8393823711981,210.72103758605076,166.0553817558448,0.6767435008733523
0.9750000000000001,0.0,8.821321693567029,1.5287271227619352,0.0,0.0,0.0566195230652568,0.0,0.0,0.5095757075873116,1.664613978118531,0.6639971565357352
0.9750000000000001,0.0,0.0,1.460092828799521,0.0,0.0,5.292836504398198,0.0,0.0,0.0,1.6197904819494249,0.6578361677965343
0.9750000000000001,0.0,71.99334801733147,53.85656226681154,22.42869688232224,0.0,0.0,0.0,40.28858514046806,28.658890460745788,58.56381963717503,0.7410251383843576
0.9750000000000001,4.297538449348613,32.2315383701125,86.10425250301468,0.0,0.0,10.89732963941885,0.0,0.0,38.52436252808671,71.06286793029524,0.6801452528853709
0.9750000000000001,0.0,53.64093454499231,79.02594018881993,22.362981162418915,0.0,0.0,0.0,0.0,13.296907718195552,38.681913362022485,0.7677923478743813
0.9750000000000001,7.848368940035721,83.38891998787243,0.0,0.0,0.0,0.0,29.921906583883192,0.0,85.5962737522575,0.9810461175034892,0.7568352182932528
0.9750000000000001,0.0,219.6003915037644,0.0,0.0,21.042789357853813,77.96623236435877,0.0,100.6276978266627,0.0,142.17371784088857,0.6923734947121396
0.9750000000000001,0.0,167.41394373970886,124.21945235324058,45.17070994663294,0.0,38.67742039180395,4.234754057496838,0.0,103.3279990029226,167.97857761404126,0.7326911868118273
0.9750000000000001,0.0,176.90236760564784,65.82413678349684,0.0,11.166594632913796,125.77111849703728,0.0,109.6089420546609,85.80646402134454,163.97262645174513,0.7103463929033211
0.9750000000000001,0.0,102.20728374744483,29.546648398966823,68.13818916496277,0.0,142.90929939908204,61.8067645080417,66.02771427932286,120.29706848150585,151.9541917661112,0.7206441672448837
0.9750000000000001,0.0,77.2322820002014,126.23259537007638,70.09316349598026,102.868207538082,0.0,27.2584524706594,0.0,0.0,128.1796276894089,0.7774581978423989
0.9750000000000001,0.7126957807118803,69.48783861931354,182.0937719716367,52.02679199189597,0.0,155.36768019497762,131.848719431518,135.41219833507253,214.5214299939843,173.8977704934606,0.7092561377136692
1.0,0.0,0.500094227285392,0.7896224641347915,0.0,0.0,0.0,0.0,0.0,0.0,0.0,0.6593657632027403
1.0,0.0,2.242995051971433,2.3979987750751315,0.6564863566745395,0.7750186155185732,0.0,0.0,0.0,0.0,2.553002498178829,0.7513962781190606
1.0,0.0,0.6517876692014578,2.561677118489356,0.0,0.0,0.0,0.9549447246439492,0.0,0.0,0.0,0.6842951858258842
1.0,0.0,15.56216347370022,1.4409410623796255,0.0,0.0,0.0,0.0,17.48341822353928,0.0,39.09753415923367,0.7677838264515061
1.0,0.0,0.0,0.0,0.0,0.0,49.338794838697375,39.150843102093226,0.0,44.24481897039531,78.01060186885451,0.7193182338454096
1.0,0.0,147.19070913070485,95.5933400457628,0.0,0.0,133.83067606406772,0.0,0.0,134.52171225717,74.63190885500434,0.7245823428269337
1.0,0.0,74.61945381923911,0.0,35.98668694828494,0.0,0.0,0.0,43.39571073175591,2.646079922668028,0.0,0.680413349958925
1.0,7.39421272663024,163.2414655802274,40.952562793646095,0.0,0.0,45.78724034567322,73.942127266305,26.164137340384325,45.502847548495374,168.07614313225454,0.7223461794406095
1.0,0.0,197.75986644830783,190.31408834407944,0.0,23.82648993353104,0.0,7.147946980059583,0.0,173.33771426643912,57.48140696464282,0.7588320717204813
1.0,65.20708768565484,99.21461188535056,26.83162459792456,65.51908332051414,12.16782975952434,4.055943253173834,7.175899601771164,0.0,86.4227908561076,212.4690273393813,0.7386448209277179
1.0,0.0,149.13022522897356,153.37244170156924,76.03357216269195,0.0,132.81400802667747,0.0,5.221189504733975,155.983036453937,206.5633097810488,0.6836524270718239
1.0,74.98287473127385,206.88456800856108,77.02786222394465,150.30658071132592,0.0,177.9139118623855,257.32759282778073,116.56428708225236,109.4068308579038,80.43617471172982,0.6528426139913172
1.0,75.63776799842034,123.90910737429748,65.37535726496706,57.39348225005705,0.0,77.15812514411584,92.36169660108642,2.280535718544981,142.15339312265905,408.9760721924616,0.6228825085061392
1.0,0.0,235.6605268905654,130.96742832340163,0.0,105.09731902495166,193.6215992805844,68.31325736621893,81.24831201544302,140.2644988525327,183.92030829366536,0.6944129552537467
