frequency,770.9352882179179,771.0456022738095,771.1558969037771,771.2661721041131,771.3764278711104,771.4866642010614,771.5968810902591,771.707078534996,771.8172565315646,771.927415076258,Max_Oxygen_LifeTime
0.2,33.16579231739703,83.66258137208048,47.37970331056718,110.9682524905389,0.0,35.65946091269003,7.979739504937623,149.62011571758055,114.08533823465518,163.9587101405154,0.45973694591830416
0.2,91.91855785570056,181.3765807018796,54.13177020947569,174.34648067467492,88.22775534141817,123.90551297948171,140.42624804341258,239.90216342835816,134.62641552096872,324.96637375753426,0.971616363897645
0.2,41.4986103289127,246.65071472415303,39.15766307958942,318.15601252166414,131.51867273470802,154.28970506903448,183.0195122198202,239.8406863624853,317.0919455901536,519.0518491908622,0.9117780783164717
0.2,147.45065721493097,232.51834406969897,142.0495342400251,514.1869072110416,255.7431728617943,313.80524484203266,165.8144753296111,445.052533132246,399.6831001430364,654.8861607073402,0.9391676774955388
0.2,244.2622823434647,235.58558124837936,125.15484003820148,387.5593155804811,287.1199271464623,254.25363511962368,174.5857432465668,432.7833334094111,370.2059133903104,685.1964561755318,0.8415457954533347
0.2,204.7337221622373,270.500141292565,39.45985147819653,557.584857844082,321.1116899276432,316.5366346837943,231.8981126725901,489.2449701390895,499.5388444377494,793.7720848077805,0.8653322467273351
0.2,212.45921271727823,332.421323909798,159.10764221323657,435.0204979560318,392.08668973976165,340.3135680672006,642.1129846462763,599.8105559625983,475.1130982756371,951.4889556164588,0.7316352996703497
0.2,201.33847515208004,503.8677901474336,147.78730904945428,519.5158581644346,419.3682228556279,528.2092292849907,405.80656390756025,799.0946734015197,803.9629612290312,1151.3500712064542,0.6677301296999959
0.2,172.3892934200078,363.24886827787367,203.9426908763485,702.2554921685587,425.5860681306444,443.2867545085916,422.1228903610459,678.0132477813701,993.9320198747326,1613.4560431028858,0.7000370427067865
0.2,417.5615526780458,579.4300493133613,346.5591833967587,832.5873064531887,499.1297507214294,533.7856690611053,641.1344892840037,1021.9269578699544,1054.0470773067273,1719.6942893187943,0.6751327152436368
0.2,330.11934760411185,599.8007563958205,542.5678597931658,993.563085022084,635.9719470486982,869.4821651875292,768.2944039940357,1192.275702026501,1434.943183621757,1926.230368058944,0.5234310677705861
0.2,760.218380993727,788.5463016947128,748.3721596096784,1239.7328204958676,702.5324333844469,1129.5114563138504,912.1590465717414,1562.1560633834513,1760.9665613940056,2554.1483410216074,0.6944522570889506
0.2,743.5515219791235,828.3862593861377,751.8686530974582,1296.9179790523265,1258.6591759079868,1183.2505204350855,1329.0775527098874,1600.770502575488,1924.5841407826529,2680.888597143223,0.6630253734709786
0.2,712.0095081335779,966.4278082456608,563.0964272622876,1457.177799457119,1256.416439416068,1705.5672298982995,1619.957280571485,1999.173182871248,2239.122195773165,3310.452336292529,0.79822163316433
0.2,1430.5310718248602,1269.9813180011815,1357.792203765969,1902.350756531181,1539.3117213543733,2081.249053648995,1731.31612082514,2278.495894060943,2980.327675061596,4085.172103415565,0.7036243975064377
0.2,1063.8632828694535,1499.9811503811552,1173.2598523294596,2405.990322955969,1698.216544704656,2060.913895800246,1931.69378690789,3392.762063588506,3404.5093462150835,5099.789070263095,0.7339582087744879
0.2,1601.789811440958,2417.749847568991,1701.9525703668542,2198.694708129429,1973.124917702817,2715.795130226535,2228.0106375711543,3336.315636743064,3960.093468753116,6513.836655676779,0.7500676178642665
0.2,1957.0715939504216,2722.208158407273,1801.126000956236,3817.47515949509,2593.6214413769803,3376.085293944297,2881.801601529977,4267.984650367182,5263.847735452859,7631.302468861663,0.6612667032813783
0.2,2984.3514012244627,3259.2398915907297,3407.338729423718,4012.519591935498,4097.756333134339,4037.025155030165,4051.941584739962,5928.215350379477,6571.752746430736,9705.268444753174,0.5525249130712094
0.2,2998.089234140121,3698.323227601419,3536.2949734509893,4594.577416643307,4269.387843628108,4646.698393502887,5059.133949522161,6618.230996452171,7447.634367348078,10667.804285498578,0.5601010204217014
0.225,31.23098309699713,189.8515025106932,34.10752101382583,282.72258382544777,104.1717659880102,169.7157370928924,156.5658494731041,205.8779280473101,187.591365576042,340.25334216202145,0.8247662403650454
0.225,25.352753906877098,137.94880802271354,60.15065142612012,411.60941637047495,54.68241038738193,232.64880055722497,166.53279527066314,178.21494658069477,262.97268268113675,490.65035502132696,0.7810588398643363
0.225,93.93155800345144,305.6847812482263,48.051692967083525,371.6540546437138,188.40607298958173,306.7706952135841,166.41631519108586,238.086636904702,310.84287258367584,562.5034340553506,0.8336496532846075
0.225,147.45065721493097,232.51834406969897,142.0495342400251,514.1869072110416,255.7431728617943,313.80524484203266,165.8144753296111,445.052533132246,399.6831001430364,654.8861607073402,0.8326921862102807
0.225,117.85014936065788,423.0912672869572,264.31665352690635,495.4014111505462,208.31475487510548,238.46962337992133,334.780580951425,453.8615412714631,634.7907523003583,875.10659211935,0.6972630871582721
0.225,292.39747548399407,282.8484588296745,252.55502668493625,490.9511666065711,280.8728002115393,372.7409259548213,328.9471599194933,325.9836719922907,710.2492732195666,986.182926885768,0.8245197440059927
0.225,197.9390580040199,355.3196750509991,425.6903033781724,437.129863648107,382.70528903053946,367.7991953454732,382.0119823475131,691.5734163187736,612.8831077952841,1040.3066778810223,0.8684417707442
0.225,265.0254509046582,406.09939176542434,37.59490244574507,648.0467837429914,186.8578319580596,448.1610152938321,487.61705152402,841.9769240819337,649.9079175274343,1419.6728507729863,0.7852449718092277
0.225,244.5763361395709,491.9918668943609,432.3687799747639,625.8396130403945,438.0471692052017,642.063582270217,441.6975622819117,923.5494484076336,936.5286237914914,1666.2016399027489,0.7001181046785798
0.225,396.9742028975122,630.4360236812345,448.2110528786726,1018.0539322343608,744.0481692916335,916.4713079238862,644.2476962848516,1409.2361433948722,1436.4139507761831,1804.873732814615,0.8729390368811302
0.225,591.1646640589345,891.506775992258,497.87297794335393,1027.6364812425438,597.3523779339475,784.8877061458802,734.4340391650048,1384.6199740317554,1361.2970525028604,2209.489831370028,0.9409197834843136
0.225,405.4707707311844,826.6169578566157,468.6949501879799,1301.5820746022944,814.5991386210264,751.8974730440391,957.2454278086724,1609.8652636891486,1395.634572967775,2538.372428108368,0.8786739544765398
0.225,713.4243460927349,879.0106419993888,862.7326671475481,1450.984999724406,879.5719514770384,1202.8862106032504,1351.633222180414,1889.367701768801,2054.9539976754545,2955.294399825531,0.7488796733202973
0.25,0.0,40.28506387750948,0.0,164.17762143731025,0.0,48.43799347176732,0.0,129.64756668515935,0.9591681875597506,169.29318510429562,0.8907084191471129
0.25,0.0,109.18184811087224,0.0,195.67404039763773,31.61037520794345,126.82935819628852,109.56970547538684,216.03655203465652,124.89007137371529,265.10050864575896,0.9102083319707164
0.25,153.3999537618564,232.695929860293,181.95594515444816,258.1839221776476,239.30392786849603,276.11991677134154,181.95594515444816,296.1799107248151,353.9998932965917,446.5118654114344,0.9443221441693939
0.25,64.59110038014622,182.74555229504776,0.0,328.4693763234264,117.36675556880223,191.1476466534408,269.3921503659756,236.8340347272027,326.1062872851283,632.2576004690733,0.843301338754155
0.25,154.95752897991144,268.1617958817443,29.109668631899872,470.4592910206039,102.0308587400935,284.6278710674655,303.1522056514017,389.3050633195498,433.1165847958436,836.8294639028994,0.8709211639441403
0.25,288.39143505464745,255.5915508102348,167.7126156648271,457.0323493301654,246.30856470332552,322.7384836502116,310.051735970769,482.71527755928105,610.2016200941681,867.6497681257848,0.8162583665516217
0.25,337.6090408193864,346.8495619757333,236.62334532502445,567.9620325026041,336.9490035939331,402.622707526541,368.3007718029671,557.7314555080773,669.2777466096928,1003.9166199145392,0.8839646218926953
0.25,371.13211276589607,397.355382755243,355.8352052721104,413.3807144153993,457.4503764808297,446.5240139852684,635.9142972416628,709.8493501282938,869.7384546466731,1149.8175466162254,0.8620823431292292
0.25,229.8863719580224,410.2047146483558,507.3892759684705,793.0884682830246,485.9228066005737,501.9250837657332,550.7125141473168,796.9914627135513,1054.5890951283134,1199.7804879439066,0.920458161603352
0.25,563.1921065197238,632.0595584047312,318.5647774312616,835.2819164212257,514.6046404658842,737.2619849039146,741.9094816568903,988.6493092694324,1113.2867221901515,1742.811282365987,0.8298172285604452
0.25,476.1093441047609,564.1295589812713,427.2092247289217,1058.0207646772462,609.4733060388676,717.4981152054941,708.6071844098868,1130.037304121664,1021.1234018754768,1812.8607892242903,0.8914172453042928
0.25,639.8298162013666,777.8605181234593,530.5555105130433,805.17909454554,763.9615932771374,884.2591841884057,1040.9815436624483,1226.46029937026,1382.7033855737398,2204.6570445889784,0.8738477512417712
0.25,615.1889340364771,885.7892809675769,356.4887935669746,1013.5871503595112,945.8077135565014,821.1142458502013,1020.8307542926572,1484.421406014006,1567.205450964247,2441.0945254702265,0.9391192474088602
0.25,754.7523134963703,887.107429341386,738.3446545073188,1289.0950745731484,641.5394664719148,1376.0556672151215,1169.3191639530723,1551.070696431671,2021.4235874511485,2662.963053923063,0.9311141893419929
0.25,614.9001674261629,1140.2282632193808,743.2061078733543,1681.291993218386,1165.64736462873,1378.6836431070856,1301.215905478593,2228.407890219618,2333.110379358128,3515.703811593091,0.8825515117549522
0.25,941.5172862566033,1210.7963470677648,1016.3525596886836,1743.5979091953127,1355.3499521587923,1462.1661116729583,1764.705294009489,2120.3327472422825,2226.509289034807,3624.074010821953,0.9153880401320287
0.25,1326.3063424477505,1382.0447862063145,1182.5951742027792,1811.8351959109016,1253.107663294938,1831.310073850641,1870.259829730119,2175.813949129474,2842.6606316867483,3903.034158129785,0.8366406301068983
0.25,1471.5559566047737,1287.081362621178,1170.4594928614335,2048.3041125075083,1302.6309452558105,1771.2388219267827,2137.360813051313,2733.1925476420074,3381.327423821919,4500.1905743048,0.7023520808996986
0.25,1704.87869340145,1417.2087278629413,1328.1140928667628,2052.1967620306204,1748.6709716199105,2148.841789823085,2460.67301230971,3082.825378723702,3423.3480938362154,5151.633004906153,0.755610973873429
0.275,0.0,82.1175903813634,0.0,148.8275504025122,36.06401392006271,101.92740084449646,82.1175903813634,143.07085334484964,25.5665075207956,184.04499122585983,0.7349682530279553
0.275,71.74044500431958,158.89789108406603,0.0,225.49933572991,56.94012397190984,166.50361161460995,120.66372841700743,158.69233106972703,38.23416266705857,265.3779785116808,0.7725901930008846
0.275,0.0,76.11016571365893,102.11053288292126,342.73211268573107,68.0736885886142,107.5469732910398,135.91101020296236,239.67611190574576,273.7129562000528,411.5149021971434,0.7802447031227839
0.275,51.97565119391065,144.9987397409611,58.10611261678218,385.1529024369279,49.04369138297219,292.9294392928608,174.0517960493521,319.8501611932965,347.5705084967155,461.9169411233191,0.7744336608163489
0.275,355.0615754664706,154.7396730918065,205.12003177285968,559.2819579771686,159.537802490002,338.5680056601734,205.41991486024693,498.70557432494985,546.9867513942926,846.5699556941272,0.8173128926325012
0.275,226.84601191129755,256.7279936503212,262.83291465076684,536.269113144413,247.73126796545384,288.5378451789592,259.9411099663452,463.0100611390648,459.1543215598359,884.2496101698171,0.7840962965634557
0.275,318.178747857586,387.0770839007412,141.25890002817744,580.6156258511116,337.5672243320417,748.8799038258525,445.9349589124817,650.2064074826402,705.2558317583271,1080.2151178625334,0.80167380927598
0.275,210.71977010470795,429.37761374075774,276.0284659762014,681.2310375987819,325.46101478501134,528.2427113583775,321.13115649518846,779.3744921680981,816.8999306798952,1126.845619926375,0.7916037598162216
0.275,95.98776931402156,371.7135927220278,273.04887366618084,651.6460514386165,334.61871772816284,479.17400378672926,551.069225424323,648.5866803051019,780.5220604379205,1281.8765049426306,0.766825166377979
0.275,504.62337991809216,591.32264285648,508.8320820024799,940.644915860664,562.7034686826432,893.5074525155209,738.2063456016127,1092.1581908986232,1121.6191054893372,1612.3537685289498,0.8298172285604452
0.275,533.6599155485263,506.0794605201777,409.7667604211819,727.1608857474179,674.1889006929702,639.1661006569718,636.1016056538218,968.3804209953572,1209.1621712428466,1789.6650818395208,0.8419934897076728
0.275,502.6307739394677,562.4456907643674,449.77108000118415,949.6197647860054,539.2616144756465,817.4705299402966,643.5899577748903,1204.18092243616,1228.756043302204,2121.3429804179564,0.7573560230931569
0.275,326.3322077797405,721.1843202141393,489.0053627152606,1223.4993046968516,611.2567033940759,961.2504609826192,778.8593478730965,1188.9928778923477,1348.215390147417,2418.4075700414,0.8159663184531726
0.275,544.529742493109,726.9081251463034,485.6475789507919,887.9221829744092,660.7308262978586,745.1459634116228,899.9070481201906,1362.6270589660094,1558.0324689515749,2548.086546211773,0.8465959102028908
0.275,473.5326752028162,825.0091954607539,880.9515998104897,1267.462757135939,992.836408509962,1106.9815163750798,1044.258214528406,1666.9706346638518,1864.1817368664567,3295.516183511724,0.8661823154686811
0.275,882.7191554154837,857.0030824596126,846.2382147106431,1529.8073167701946,1254.1070927549251,1270.8524425866551,1548.346811226753,1797.7329140778752,2118.2867537138504,3433.394763712935,0.8753687785904483
0.275,901.990340989464,1389.215040415906,717.7194610781816,1337.9939822710749,945.0909874771878,1290.520806429524,1128.1125732873768,2401.143262301593,2221.244911744137,3685.4175982256497,0.8164756490907241
0.275,777.4683688614981,1296.6568823023972,778.7827701613485,1652.8596345618494,1398.5229830408016,1781.013761297261,1379.4641641929709,2333.06230723442,2565.054136658011,3851.195808561605,0.8361569321063043
0.275,1136.1277267890828,1185.771260419068,1162.3678802792176,2107.7225992616445,1409.167161754,2322.608180545722,2083.610025784224,2648.127922490909,3421.1486604435304,4645.925554429015,0.7819711433974208
0.275,1418.893405004055,1793.3749023164214,1714.3423180710108,2264.615918658216,1504.5735897934724,1814.794948513776,1995.7574077672864,2986.249888824256,3429.423258424689,5063.994369967621,0.8320106428086772
0.275,1589.0182851222448,1810.2345561882823,1387.2752773542734,2604.743698749405,1493.2098296957563,2071.176284382377,2256.561750979972,3285.528983649818,3924.252019826406,5645.688495375504,0.8289673586522995
0.275,1888.003824531777,1733.516000819013,1473.3259819343582,2604.3394702735923,2059.566618233846,2513.272963663963,2728.742823052818,3537.771163022292,4328.09834538443,5838.826642533458,0.8365105221819555
0.275,1616.9945016597014,2094.1404201822365,1759.7962371314995,2702.971771415292,2346.3949828419995,3012.518048306255,3188.668692061886,3758.165433524267,4489.276115131376,6886.122010505329,0.773445122916722
0.30000000000000004,23.927204318933832,83.74521511626841,0.0,115.31182804305458,33.8728494876473,67.0250000500255,12.540161299682184,74.08784951766256,0.0,142.2659678481186,0.7407217240849905
0.30000000000000004,0.0,104.6995676072383,0.0,205.5779831120225,0.0,176.34616952824985,58.27256956242276,166.2201164567469,56.74410872144117,290.2165021813776,0.867026873689901
0.30000000000000004,40.67420782626626,171.23616775477828,0.0,223.37106397408084,92.5843846653132,165.1687444878767,46.96635047342344,267.19134312392566,336.1801928623993,342.0228967490453,0.8479892845776956
0.30000000000000004,140.94829700420755,60.04295684655776,0.0,313.444588283725,47.57641072163683,127.2096543359274,102.2765620860856,336.85116468153564,222.61689508787288,515.4535193691777,0.8758760872989872
0.30000000000000004,230.4025680229241,234.24261082330625,169.2572711245327,421.5185443188624,160.69102180060352,222.13170660671665,135.2876617365375,464.3497909385086,544.3999139310887,762.9869656451449,0.797632544766235
0.30000000000000004,183.21536053262076,184.83673540459088,265.5812040287016,512.35445954255,283.09205264597864,386.5357694776706,342.7586479344781,400.1553184022195,582.0735790372642,871.002581222335,0.7840962965634557
0.30000000000000004,237.2366466897512,272.67028524227453,234.1994776709635,487.9718223518921,368.847304170552,468.7364185662368,379.3086641241541,550.739982073505,726.5583219388823,1055.5849656408843,0.8105519957228438
0.30000000000000004,268.2929077018645,429.6361768540817,124.95834057347116,648.6807973887546,376.7126443759057,547.244026805584,493.21792073411257,644.2705030155734,737.9892584456768,1182.3264165436965,0.77806321886658
0.30000000000000004,277.2053127700472,521.7524961253904,270.98471669105595,641.4989706459718,412.8920647430437,719.2564216333624,620.8932461343134,788.071765757203,882.5470687068824,1268.2240256043394,0.6703456165782044
0.30000000000000004,217.2428264529471,484.0467539978214,384.5115426382011,732.6782778089889,339.0805333039346,588.9510846424005,696.3334703415758,785.9564614828106,911.5112509156926,1412.0783719441563,0.7814791732500574
0.30000000000000004,103.69717334502478,391.793085901914,157.93209664263196,693.3392594366095,416.95809031200366,599.1874325919636,476.83344563256185,985.7739658573072,1079.0580339291914,1527.6893194469976,0.804430205528871
0.30000000000000004,690.4121295565974,384.285996639993,324.735624279316,956.99309332744,830.4485520610017,779.7376880976128,661.1021806603269,1177.9808032596393,1161.6974983172663,2019.595050138268,0.8523502692667881
0.30000000000000004,615.010388869879,661.6248682218747,617.5165436737498,1114.737656761704,759.8661365336076,923.7686607067538,793.9498418662496,1419.9873118731598,1528.7544303611498,2259.5491711698573,0.8192687141174579
0.30000000000000004,480.94949849983806,713.6836442331288,801.9265243226913,1205.986027890688,717.295925874222,905.1345712110684,936.6130255120236,1660.61747443399,1560.5056689522642,2323.213135457372,0.7077329333746215
0.30000000000000004,597.7516967771201,966.7068682818116,801.0648318255008,1269.1836305063782,872.5291218016349,1034.847237793939,1013.7957415218996,1425.9618790586717,2039.225204667821,2880.1770820613965,0.7396000724320938
0.30000000000000004,593.8502485477734,1039.820141084631,807.5198967997663,1513.7359276707948,1145.1994498955592,1366.437777785906,1337.9096776105716,1935.2531629145085,2034.8104104651648,3124.7002783881367,0.8241658209092182
0.30000000000000004,885.7468024049324,1272.0766706726463,987.2195209689204,1489.081580854669,1244.5690060016857,1528.2035928311466,1739.0956886418446,1841.7909700800972,2523.369772482789,3291.750538958289,0.8088869096929134
0.30000000000000004,957.205491874866,1141.8047977927436,839.0877541721687,1355.4494490473494,1307.0405401528012,1362.549422351883,1666.557370209646,2257.1460587231336,2605.6902027638807,3839.1492013969687,0.7500953902929088
0.30000000000000004,1097.220641096597,1310.9115524712154,993.1148124781934,2113.6222836604866,1591.0384202667888,1891.0275843119252,2147.1827152545766,2685.519434294481,2862.2253802388764,4474.495910289681,0.8399572348441947
0.30000000000000004,1431.9032085528868,1694.335143620667,1438.3564528578322,2078.661693337416,1451.9799686127171,2028.46979318784,2121.683322037052,2703.909363772126,3304.7781112770435,4666.412659620524,0.7962337857581046
0.30000000000000004,1092.302894812476,1433.2744951740206,1445.958340264056,2380.832334253149,1820.50482468746,2506.924676618797,2269.6621625816606,2970.258076672449,3450.7519730243857,5424.20904732698,0.8213576247342389
0.30000000000000004,1506.883058972096,1495.8896442635971,1195.9264715031277,2208.891112500524,1750.3086703745712,2062.8357456590397,2283.4892837367665,3247.7688024536683,3919.937587487599,6131.184431711374,0.7957711616736298
0.30000000000000004,1446.1277509620138,1883.063756889657,1511.3420802049454,2586.5633335977845,1680.8993362365684,2941.1662488562265,2871.8760240356114,3786.5069916677303,4216.921564671081,6276.879189632191,0.8035843122847343
0.30000000000000004,1794.9371367509275,2697.154216070177,1852.782633702497,2951.8470757823097,2483.9029064129,2604.774094072895,3281.652744968868,3801.398851906847,4808.94653761552,7018.299174915003,0.7433503506397324
0.30000000000000004,1685.3731329016323,2600.839256150754,1707.3443198596112,2970.687569943399,2457.1110748006417,3303.00177268283,3350.606011091784,4629.512185270807,5385.687203074582,7772.307386385041,0.7786844305942255
0.30000000000000004,2421.2170019630184,2623.857167549708,2371.7461634160336,3798.7895830406014,2807.470087541402,3690.334283149136,3874.8985654205794,4963.257013454251,5427.52180597211,8867.64780954707,0.8174794864497246
0.30000000000000004,2572.329326518333,3191.739915879343,2366.187904262838,3887.097345018693,3306.1533368441155,3727.313084705821,4333.9014803380205,4985.8607153183175,6643.868996712996,9505.190843426832,0.8171196267616777
0.325,15.16938172633869,144.89919836513118,0.0,143.00302564933884,0.0,74.42477909484931,39.34558385269102,145.37324154407926,37.76543992286405,141.2648673265292,0.6904838691894314
0.325,53.9499381870473,0.0,7.217383035056473,176.46501520713127,45.46951312085591,60.806452070351,0.0,73.61730695757625,79.57164796149785,278.5909851531807,0.7902560967884147
0.325,18.146877374524124,26.21215620764599,0.0,192.3569001699556,0.0,15.12239781210348,42.141081903061554,103.63883300561548,174.61328673708755,345.3955660284423,0.7698843571903901
0.325,57.67953281402707,264.3645253976242,57.19887004057684,318.9197501842248,109.83144373337656,312.43080274264673,146.84247728904398,244.89768307289003,321.0827326647508,418.4169442884215,0.8540364758011214
0.325,0.0,323.5810773022548,108.25365120321558,366.0566243683666,227.7161273266552,289.06969531103897,270.781612546463,467.8209558809263,438.9139863498223,725.0339908923813,0.911080856110562
0.325,217.8986876968372,228.2902793604718,188.672336142865,467.94636210304384,135.41542886673793,369.2262412985156,309.7993264721053,616.351280549325,665.7113409515891,906.3416354126268,0.8393893428768292
0.325,261.37648223725193,391.3466560969844,235.52606091708412,675.342256989383,327.7977036849053,411.093505716557,543.5769149824167,651.2870038164492,649.1328020397685,1024.322944811648,0.853862127489083
0.325,202.70830965266853,466.7974532562387,267.4991899341757,703.2273321782297,301.22075920349823,350.85587801564697,453.5361619705501,606.60935281107,774.8383051209481,1231.026725348636,0.7881536447098433
0.325,418.803143244361,438.3201829295352,287.876335356318,907.9489503540372,328.1302297069897,647.7217545517155,495.244882011293,1097.4268772976025,1059.2060079141363,1564.2094097680165,0.8422857745123126
0.325,147.92768417644203,416.7334188513483,260.7753746767564,779.7902208729588,426.4543809543715,690.6109598408752,526.1999051419153,1006.3309029260244,855.8673155922719,1644.5331975158174,0.8507270960130764
0.325,498.42864749333177,445.413964078132,450.3982505530652,865.4533788293305,563.6774886197315,599.9268448010648,597.2081430874647,982.8106694663968,1070.7153582061298,1894.481977426928,0.7855066817485893
0.325,338.4834308314336,709.9896354025195,347.7103823175129,1111.6048395597584,762.9231991910792,1011.079631264053,695.906393660609,1328.6810139954125,1467.5709153121843,2342.674419412964,0.7770964449164884
0.325,406.3412524976608,358.2085604935739,372.39503813688367,1199.2640207755153,758.9765539170771,776.7096509712145,529.4596120449571,1146.5713895289357,1422.1943837418128,2128.984966328143,0.7981384129485255
0.325,414.90596682746553,1077.7637066593927,793.9966775542865,1290.4512275032191,850.1990794352979,1352.7146727243396,1126.252053380265,1859.638297533461,1761.559596211696,2900.484740212189,0.786338007417429
0.325,690.7629542024072,798.8617140174013,484.0686222484624,1309.658051604736,1157.6070487880409,1258.5784178460024,1310.8459500642412,1773.532400041606,2035.4640103625527,3271.4723574779528,0.8731201779845464
0.325,1000.3745364026872,1276.9111916885256,824.5125159904949,1627.3608700461548,883.1331894612258,1724.8495987529136,1476.3489177356855,2118.627600980213,2504.7594284069837,3518.514770710597,0.8598952948851466
0.325,758.6618192109286,996.9466775632676,791.1853792645906,1804.725709916461,1442.9840725849162,1580.3795201585488,1556.4846597109604,2414.0446513299626,2529.5364768266395,4038.895161765968,0.7899872613901785
0.325,1190.1629955247204,1682.6923477172484,806.4644916920145,1653.391734697296,1395.2672866643848,1954.7694686168036,1589.2094395107342,2410.324237712725,2878.4364123886257,4120.9219311632605,0.9136288311130605
0.325,1130.9140832098135,1621.3236068093388,1319.6474453223582,1877.6740396,1740.9538087783135,2044.116059730748,2002.5055546980605,2944.686275795329,3328.8404026149574,5345.463807234823,0.8563762312848724
0.325,1251.052343811378,1857.8127305598969,1558.342075760048,2316.7925591956964,1514.5552437266497,2209.671202256847,2533.3809962180408,3162.8167066981405,3718.7530919793217,5302.898122330479,1.0
0.325,1653.1800769663248,2226.783467307671,1652.3451375335137,2696.0194285476077,2071.4847328047736,2326.9761992450235,3158.575874325053,3625.307017266556,4221.453772293807,6381.442084976576,0.8517081958335102
0.325,1701.6935105580285,2205.6058524442046,1665.6369555539568,3046.3391837586614,2340.1583625813514,3009.40320058376,2930.254665208967,4357.566586467717,4637.224744791983,6947.482549565078,0.8584751997628941
0.35000000000000003,31.49560625740368,167.34665458100503,0.0,324.40474445125807,103.51555923266686,166.08683033070886,20.99707083826914,264.3531218538084,105.40529560811106,477.6833615706228,0.8523549816245227
0.35000000000000003,20.98325396472295,220.91358387579103,82.75418136649161,239.3034019572336,28.999328513044084,163.15069374818293,106.802405011455,230.10849291651232,220.44205007883096,442.29870154854217,0.7463067162827757
0.35000000000000003,105.3392033316732,126.98786166048828,69.9621275260486,279.05648601899384,144.67639956330055,256.8798116333785,59.66581441844146,264.800052485384,294.8969677230049,541.7444742771764,0.6192042971891081
0.35000000000000003,116.35541736753548,260.2539045467099,36.81777699310906,332.48419986906885,14.052586638591292,130.68905573889862,223.7171792863726,420.1723404938783,354.687286758043,639.3926920559018,0.5540864987958815
0.35000000000000003,96.1383291448716,249.89702494334708,124.0090499718865,465.0339373945744,128.39320830422596,119.62489163954716,401.15048740905706,498.85458738690704,502.6124373860551,751.2568456630195,0.7302500020489329
0.35000000000000003,119.6292278950328,345.9994519505508,226.3702240555179,516.1902043426554,236.6147159470815,513.5464644996713,322.8667283244394,555.5158345070447,632.514757433958,950.4244735528024,0.6804298684094228
0.35000000000000003,263.01653717460823,458.9760179757695,244.2544592255609,634.4361913881569,267.5333337178975,358.2167104716263,251.5508228724127,632.0040701725395,762.9911699279256,933.5871009090786,0.8338688810904584
0.35000000000000003,341.1182368082473,604.2560316159094,236.8979304377968,454.9475075958314,328.9222435095776,635.3003781943413,298.2474724856506,567.298476165395,873.3070352956536,1221.8167831940036,0.7947853517880402
0.35000000000000003,385.3442477221511,372.0023898580441,346.1034892983068,558.3959923713045,382.20498704824354,694.9538316862827,489.7246651295769,915.4868940282876,831.1192634170226,1328.29967264713,0.872504444314464
0.35000000000000003,462.07206850678847,571.6095888340109,272.79459085323566,928.3409768728574,710.524988176197,659.7432258789023,493.1286834654645,1163.3640089925682,867.4867989132894,1549.4732760463787,0.8146116015808736
0.35000000000000003,413.221858029127,484.6208831745486,499.34693211079167,755.4909348199915,624.2952261152794,842.508496715974,605.5529820146063,1120.0722069688002,1162.911622056053,1646.640017416284,0.8459107878036762
0.35000000000000003,737.0784503623436,583.7201251894243,540.5880962345406,1163.6062922495255,509.43718643379145,700.6558481337754,1200.5081392442592,1237.4099862389928,1287.2514419201916,2051.6468439539613,0.8494062754673287
0.35000000000000003,671.7155877224516,818.4241404231431,561.684173196933,976.1358345763864,587.3581699195539,1008.6212998172535,1110.7933275909495,1519.4814386857329,1602.266979138266,2295.988849765821,0.794213019500791
0.35000000000000003,751.169624434638,486.0833519819155,754.4763139039027,1287.9555482786125,779.2764849233882,821.7123331122856,1151.2790502156702,1527.6905348003054,1953.1512465123676,2595.200118461269,0.9166130334041646
0.35000000000000003,1003.2887422708432,1097.694140528801,735.4982661665715,1838.1286366696445,1390.782795251218,1458.6559573974623,1466.6773311056547,2017.0669732370152,2400.858853736686,3483.7443043426697,0.8443615931248561
0.35000000000000003,1121.418613468295,1157.65835322131,1040.2147521698726,1754.2718465626108,1242.2177459783447,1834.8046015693108,1708.6366187254807,2275.721435230992,2617.9856440094663,4109.183824216858,0.5672028010280062
0.35000000000000003,897.9973399226247,1248.5755014284173,1043.1137100541207,2017.979622274122,1372.1399354017706,1869.2712627829355,1764.385173479973,2468.4150879793106,2831.924411179989,4388.692599669851,0.5053471891170971
0.35000000000000003,1082.967508885024,1625.6074563975203,1251.0009017227003,1986.3396942325317,1610.191548797733,2067.2732091314124,1768.2046016955485,3172.593784036127,3649.716124249529,5233.700630127624,0.582362436670972
0.35000000000000003,1559.9690465404226,2079.370837615781,2177.2547065620706,3141.984009510189,2346.567344739438,2809.5315897556734,2761.0305736111154,4223.115751205249,4941.812626801881,6832.470419782473,0.6153543183338227
0.35000000000000003,2506.212426486976,2323.131806384029,2479.6515075083094,3014.66430407858,2842.0183307172515,2983.360363853724,3532.602224162565,4648.160821266533,5863.322864540497,7788.989490493776,0.6006659417228113
0.35000000000000003,2662.6848239860733,3021.180937933803,2632.643250191571,4179.78430060845,3149.3583194570137,3517.868291336245,4002.5390152208856,5400.473582458403,6052.375733799107,9438.06110043954,0.6004280235961192
0.35000000000000003,2978.4507381434287,3762.714116494086,2846.099456720236,4794.179061800458,3943.193136616622,4208.989511706175,4560.103241762745,6581.468267135149,7519.959171772337,10943.591492884689,0.5690224900158267
0.375,37.66457078429673,177.39547844702727,3.719957608325565,306.89650268686233,110.66873884768674,169.95556323037607,114.38869645601235,182.74291750899533,193.4377956329314,395.7104905856362,0.45973694591830416
0.375,79.84955960460265,117.93569823179809,101.3879276558442,259.51106871495864,106.11586210611672,210.1304200121123,158.1231410591145,322.0248686685621,434.181980350027,576.8080029332483,0.5843958185975948
0.375,75.47155045794891,44.54523842818791,27.23785279685371,339.62197706077,312.1003966306157,189.8137866780745,47.949970027794585,437.2242829161626,486.3091634771594,667.3273935229166,0.5565096326650063
0.375,208.37392006670024,404.1191177051157,238.99857195529103,463.4741131180545,153.43897750366114,244.36577898731213,252.25873050499015,418.3264304369361,442.32100305067735,777.9293015823476,0.45284481909635943
0.375,179.84823588885374,227.49459688925916,103.68116583891012,374.4601329327627,205.34910515667636,298.62860063634304,277.8252599178562,582.8290778711548,567.7298789625756,715.7020282666514,0.5545697635220345
0.375,225.8955744390217,645.5203632027707,151.69363008445626,556.3318192495,381.24447271828416,520.5101909403995,429.4940128897257,865.2019817106218,652.830899592383,1040.2893282418377,0.47333689335885143
0.375,202.72038604304467,405.06185547666325,197.0366369016509,652.4944014320056,342.9195315307579,356.560529470103,334.96228273280667,878.707617259478,790.0411306537351,1166.6842404234294,0.6010148331222689
0.375,473.46898658799785,428.4368251969617,316.0668523800768,747.0288455055078,478.098461123525,541.6485206566697,720.0937209351683,1015.1175072446676,1003.7542515665556,1697.333709252796,0.45973694591830416
0.375,364.3339525440342,467.6131791397496,389.824144639998,856.1188655678874,334.0094136712497,621.4333038567726,537.93095043896,888.6408347937721,903.1438751242345,1697.7346908053123,0.5700746016935583
0.375,531.6475477992872,797.9451608680923,403.2371329565003,745.3490130911575,504.6387151570775,826.375511017787,776.6223982558214,1351.3893104488118,1382.1888564443143,1955.53425112982,0.5375525654655853
0.375,309.80679109840725,817.0445322645184,485.0718642655595,917.048721071658,680.9563578053178,931.4823153324824,838.1794381464396,1361.3972301013205,1449.5452521942116,2379.996596508064,0.5236081754723285
0.375,604.7973552210285,759.3990193819395,780.0851575443149,1395.7699539034356,793.1500869100257,818.1912015276381,1005.455189102826,1467.0826933579403,1641.826123624322,2593.388479093591,0.6013944016440795
0.375,695.6332340199333,797.8800899973749,807.336446619566,1142.4460844184632,986.41620015231,1270.1068988180432,1277.1991662846865,1762.428465460868,2182.0542905705984,3247.076455144872,0.5569846167761031
0.375,904.0993714723649,877.6379264536616,1080.5090049303874,1527.8334326275155,1080.5090049303874,1380.4053818090254,1348.2736271434574,2117.5456359014765,2658.1151555692736,3449.438368509546,0.6178536516632939
0.375,1029.9390748884098,1627.440154095196,952.1820851286224,1869.5781485226037,1051.0835194722115,1900.9537759695352,1811.601445631534,2413.877076841114,2602.8129203802464,3913.086405718415,0.6236118095029126
0.375,1414.3506722681109,1537.3052881396804,1198.9937996203323,2164.0012393396178,1793.6470327446486,1951.625084652362,2187.10180353367,2434.50139425707,3346.601090177074,4878.69012188584,0.6901408819186805
0.375,1800.4759860597576,1479.9212917499772,1596.2647467913444,2636.847117406089,2173.1004784300103,2240.6284977896853,2809.328323481402,4004.492907088174,3670.10717266858,6144.236171135693,0.7005711035186568
0.4,80.16365646651637,154.03539803595152,27.96406620924988,349.78386150070065,157.7639401971848,232.33478342185117,0.0,267.0568322983364,169.88170222119308,385.4380459174943,0.9743644205180163
0.4,63.69544356572316,222.0012740177716,35.445581565862696,323.5408723380249,97.2754682070668,229.463501715848,120.19516756544417,249.45161162140965,370.44630358307626,554.3369147142437,0.7248558477265435
0.4,228.4255968265101,207.1418469909692,156.1807558354485,364.8214584486389,256.6040825242686,173.26770992877022,237.4187305598373,385.2058949108472,452.6543979108009,602.8397312573647,0.8291139271257634
0.4,148.88140297198476,173.26154538006094,88.74371836539702,616.980137207046,225.9226529815053,442.0932489997802,344.5726793674757,560.0931382548684,468.7488713659434,789.266476890784,0.8373113939085657
0.4,158.09947429690092,344.9120818181271,83.6580177893915,458.7011653367485,250.61957024194845,287.8402984957032,308.0458366905985,730.5897231522712,505.84742112483787,1021.9748529102368,0.9038360119441948
0.4,233.4873045706075,510.0051220027853,327.7802544933528,516.3661543388434,405.983534389598,429.5567718702843,336.38635706566686,804.1093229523004,847.8881925592893,1204.8543601239685,0.8914680187822625
0.4,470.7680784862913,483.6768861225907,439.7062601114461,775.3352586552287,481.659884929419,683.3600042465961,511.9149028269956,940.729356495314,887.0771247569447,1558.7385220831443,0.8359040809206278
0.4,282.03088278937133,446.073729077435,425.45871898241097,783.8090008469776,475.4610838937459,753.1057943224738,714.0688603127473,876.3572376565536,1264.97210880956,1699.2031725132576,0.8708120897313306
0.4,315.11730107560726,387.37932367349686,244.2273421979307,677.342123211864,460.09870084479087,453.2383822437254,537.3916237501285,922.4841745566036,1238.5161847790196,1700.4443039174275,0.8537678237425901
0.4,495.67590038323937,707.9683483218573,536.8596547177517,705.0266515836777,562.8446425716705,630.5036675497981,634.4259298673707,968.7987924404362,1335.040036343779,2157.244274664939,0.8770497712764139
0.4,458.8395689651263,902.8778615120228,376.6102555305159,1139.1500887808036,627.6837592175264,1035.5411538531944,1213.1564708719527,1823.84617197966,1774.5085839188932,2618.1813397579967,0.8785762174611224
0.4,793.5578412277351,1141.1056993134418,568.5015553847143,1411.2904591406102,624.1795427677533,1216.1244612611156,1056.1235080445929,1966.312080737852,1598.251279932078,3069.9083990774566,0.8372462050235656
0.4,780.5299632611789,1004.6237240028312,972.9720628811287,1566.757225524264,876.1179798487199,1478.7656076059316,1307.8466375487392,2234.6072751921824,2137.7531921597733,3484.847889499424,0.8939331446856179
0.4,802.4925492792954,1315.3840774021503,955.4127146562944,1916.9151704116728,1112.3927074326828,1668.589061149024,1774.1445735331472,2492.057385325164,2350.640064246435,4290.560923254648,0.8182358075795448
0.4,1375.17525238118,1422.1959737934774,1070.625656772302,1942.3174921848863,1652.2358108567153,2216.48446780428,1941.594096470851,2460.268823434189,2936.986598983477,4890.878422592929,0.8137164261077712
0.4,1255.9455612315485,1398.949263748012,1454.130040262517,2041.688731036682,1557.496846972787,1963.9693274951255,1789.87786356204,2885.7214534979826,3943.4825356985625,4957.720751915871,0.7949590313398263
0.4,1573.1740521082154,1918.2196620501657,1318.3582868968472,2645.0711890465263,1922.3969696765816,2430.3575770487514,2556.5122673665105,3703.600941580307,4156.421088283787,6433.8892062057175,0.7857342037393725
0.42500000000000004,0.0,18.22012887569311,0.0,171.72471465340735,0.0,83.58484121724209,71.05850261520305,184.9343080882849,241.64445921387968,287.8780362359509,0.8050210241815935
0.42500000000000004,58.68878019717221,300.2681777529744,102.63712257738028,342.5786937090752,192.71757590327263,290.168248137647,131.84502714062415,397.9918210580333,364.41637936383705,573.7851905788656,0.7768435192056238
0.42500000000000004,0.0,91.52839509621552,103.2253145973293,390.3846883496731,225.4581233839685,233.64596703474817,251.19134628641888,425.7678698405424,295.6396403906513,692.457634465937,0.7826324058125824
0.42500000000000004,0.0,306.5841325516004,174.27561975764954,420.9525080175579,192.21575708564288,145.12289659966038,214.32056915049185,438.8926453455512,421.59322720784337,904.3751370879496,0.8461608306977746
0.42500000000000004,115.6855396566199,479.4207486996736,282.82630400713526,577.0082438087853,456.35461349206514,289.56871276012845,334.28152870103065,607.1716513879654,895.675773292358,919.8064993557022,0.7824619773550663
0.42500000000000004,265.93436859019386,369.1214559746913,184.750410133273,652.8859462820592,227.9979394047168,451.44350730717633,408.1959780357325,797.0443771868719,746.2095620783327,1162.75155453487,0.9110407803032047
0.42500000000000004,200.6114507028757,273.52444784588874,224.7815050044269,727.9214687150528,441.90915948002936,515.2249908614016,443.5204964334661,777.8729142715923,780.6927539401065,1389.778122339199,0.7947839548334689
0.42500000000000004,447.8113058741469,479.2814261350081,185.418546401831,781.6497437765261,360.20529541823595,656.6198065239154,377.2161712349176,1021.5030927917386,947.080511093756,1557.7709529126305,0.852644416160131
0.42500000000000004,282.15002865475606,443.7699479812668,268.90997876642604,832.2969291870877,503.57844920096426,766.0966797454379,510.4267508673418,962.8712142926868,1142.7532713962044,1785.123967702421,0.7565355482554537
0.42500000000000004,520.3325006878794,452.4419600575875,467.9597979159399,965.9854066824377,333.1485815215034,675.995811704477,923.3113525719684,1154.1391907149605,1346.657366645145,2067.751894625459,0.8616430387169728
0.42500000000000004,560.5745507587862,848.9898949284142,523.8671433190153,1125.3442337964034,682.7577783797377,811.7580959537895,851.6118526026835,1437.357197034455,1374.954604386845,2364.481430656096,0.8594104259235139
0.42500000000000004,363.7690324406927,901.9870505644222,563.3844291730853,1064.9967584977512,459.28700165074895,974.6264642750637,1213.7073692439467,1599.2110294090833,1558.601593397622,2902.144765100747,0.8319714442634475
0.42500000000000004,933.9577284870774,878.0799156716113,762.0259967471815,1462.6478035872574,1076.4154490715628,1150.1004769600895,1530.1924124850736,2114.76030040072,2186.603202592033,3339.159847148407,0.8606791711072438
0.42500000000000004,965.2660941135244,1440.7151580611874,1095.2308794508665,1509.9426316579622,1169.6830680360772,1720.2374099425056,1639.9074169953042,1641.8666851159678,2341.325404192818,3777.468936639124,0.8722505059127653
0.42500000000000004,1197.898913300157,1608.9495704243425,1228.216543242421,1962.89027347124,1174.6318949723727,1468.64239929619,2029.8710838088,2459.2533311306343,2887.225456129572,4544.119185532379,0.8111144096326467
0.42500000000000004,1067.9473993660563,1833.1339704210025,1561.2517340520694,2347.526123994357,1921.2509279145345,1971.7110659663856,2037.2339317949095,2823.5083217371966,3287.440337258699,5186.850309897059,0.8369905623372914
0.42500000000000004,1919.604733860108,2042.718623964216,1515.4347920051737,2313.245198271927,2003.840553405024,2568.3825363166247,2740.094014619724,3670.737828630383,3895.096694149054,6215.6315306508295,0.9003047343044643
0.42500000000000004,2200.395287809132,1926.884922298084,2194.239105948754,2889.0082016199026,2657.711654580014,2893.4054743773154,3090.403293909388,4332.19312060263,4573.163667708825,7062.899502955689,0.8910419476384728
0.42500000000000004,2308.19233841286,2429.33283255645,2219.6665926925443,3111.446999580356,2787.1632152575157,3240.042293363551,3166.4261469224457,4465.424984123709,5294.771444029822,7788.401923477871,0.8319100900187415
0.42500000000000004,2501.344083206992,2816.8381808013,2538.340133739224,4156.917344524356,3209.4073836710904,3836.284906578349,4211.383752252364,5280.15854540572,6272.885901353934,9167.826855501056,0.8515332226171272
0.42500000000000004,2971.81229893281,3615.6307055232014,2865.9943947354272,4457.718448399214,3561.0509444108666,4556.853116542025,5113.789454422988,5918.005526323095,7322.598970458879,11533.037684838948,0.833292264809196
0.45,68.79269983433414,0.8074260543936114,174.7269981707735,51.19081184855382,150.50421653896572,122.72876026782612,61.52586534479182,96.24518568371629,181.347891816801,295.3564506971764,0.8511489064454287
0.45,0.0,58.06931065974102,102.51742499188832,206.2894338560552,27.06316638771872,188.36680710922155,204.3179449139036,148.93702826618753,181.55620894542477,486.420089909065,0.930240492867139
0.45,208.87912005535648,124.19839570859035,302.8964370865096,0.0,344.3682790101823,245.35697054319425,87.28628509589747,350.8821808830105,481.1602183395738,581.9085673059828,0.7871852803205086
0.45,104.49773090813942,45.67450490024636,282.1208055202086,196.7694579793443,340.7133522104237,155.01650147962405,209.918179086991,380.62087416871975,399.30589890063874,487.42539825363946,0.8766407429783756
0.45,116.46556238323144,346.72545865466634,340.58163311610133,143.44497018301695,291.96527450658726,341.11587881510707,456.2458269508245,395.3418172641804,326.4241220924516,730.8481162397281,0.8629169914369046
0.45,0.0,294.49511331485843,355.30863575846195,172.02343617148998,52.367199881991965,432.7332592399018,269.1561456300237,464.266196803252,552.9525837001738,767.489176765109,0.8997764060861648
0.45,112.34973071161544,346.3342938465504,301.4563022399822,349.1198243600617,188.7970681379765,242.34115467546823,660.1707317021378,548.7495111616926,663.5752689964291,849.5868066208947,0.9268319237168208
0.45,82.76310818346046,258.63471307331395,391.4561528193513,381.1107642964189,302.35232263796445,490.2379271028364,468.879705636137,508.5926486757813,954.1117995827155,1014.181797457808,0.8323165618899174
0.45,267.0898393570613,430.94412870128326,204.2667822318101,672.3169271298793,480.1738927643455,654.3149984799536,592.5941002516369,758.6527073897272,913.3223392594972,1191.066381286923,0.7962666824138577
0.45,212.48527539480665,308.70502274339844,590.9496149659341,393.69913290132126,530.0104416451594,743.6984638818235,841.5218736862251,753.3204386166827,1395.9881677824849,1551.944341609994,0.8382227600851322
0.45,276.6148892005754,460.1382291509572,523.0858481677546,345.7686115007194,564.7553987845081,1133.9437284856922,853.3392014601086,1226.1486915525506,1375.0951703528604,2156.6208909628194,0.8352138456676882
0.45,681.9467775260338,704.369616529749,847.6808049447982,877.9028922976321,884.7272346031103,966.1318892470327,1461.384159416047,1412.1514042122374,1863.5329024174605,2504.533626110624,0.8194193883673982
0.45,333.5461708035913,654.9729704721392,1278.8571193369924,626.5187947637761,1125.5207280197017,1066.5046598838371,1190.333017133196,1566.560451499332,1685.6464461306298,2639.915190720368,0.8533218692787569
0.45,838.2768298195577,840.4415214394921,685.1248977092058,869.6648583086054,795.5241703258554,1174.8863767193416,1324.2500984948083,1560.7426579726307,2021.8219730186368,2695.0410668182044,0.8158148264909361
0.45,721.0310453344849,1097.8662007150594,1222.4888505259578,1327.527941080859,1220.708526957231,1012.4106694161576,1929.2773073106264,1855.6905998032385,2230.745431615086,3433.05728169547,0.726130259292322
0.45,847.3790452273892,1384.4324311413102,1188.7372704722045,1436.3644802509114,1435.0978449067743,1195.0704471928875,1932.2522174803923,2535.1706412894164,2806.23060493465,3756.2071130371046,0.7758196920968995
0.45,973.2468857269148,1179.2285896239127,1450.5378242066893,1213.2255698787571,1386.5435084328649,1859.1681947207985,2262.4657055870885,2507.110641930772,2949.7379926997246,4004.977595511853,0.8019852126575849
0.45,1546.723045304915,1566.7621634542593,1882.934916477241,1727.8172982100978,2018.0134165950408,1920.0443945315817,2527.8976450616806,2820.3203321298847,3905.401470438803,5373.452422268517,0.8691078051561709
0.45,1517.022456980015,1298.4019686032464,2328.817532099486,2080.420776488605,2317.0637424018105,2129.0031072389984,3328.6732423817693,3354.5315797166554,4792.411852732322,5697.453659453353,0.7500379633126585
0.45,1678.329873752106,2078.9083525255096,1984.101932176154,2572.58502785819,2731.4498403354887,2942.415478410181,3251.6039844143856,4029.699920795133,5009.366264405141,6568.120472851753,0.7778348447335088
0.45,1931.7940735578773,2107.411716608593,2507.060515118602,3166.8132822550765,3221.871786562868,3193.393249851941,4020.220099025853,4048.69863573678,5665.3302363604,8243.58709325632,0.7778092804648814
0.45,2371.816589169494,3390.328112566294,3327.282575365637,3637.075301265412,3969.6948595999047,4214.2680642576215,4788.199851187728,6102.373204215189,8039.392985104298,11041.664946280349,0.8031025678448216
0.45,3207.943570704417,4756.649296107137,4750.369062021969,5080.709374901868,4683.798580719175,5671.05137890777,6070.47426672453,7566.426025811829,10292.047618775252,14419.41745954844,0.729228648649962
0.45,5957.701246335555,6118.286185589883,6286.170440264862,6170.841256618573,7375.22830102603,7677.41995944099,9207.356471609495,10300.793921623052,13489.13489736352,18478.94691892072,0.7190216883293316
0.45,5992.170408895952,7423.235821739752,7155.327064218993,9187.107144547224,8508.183088221329,10188.852933537884,10772.92730552413,13991.16045487286,16989.741703645563,23135.00283112481,0.7524188488641564
0.45,7154.0768634514025,8052.207725096817,9227.247087695789,10886.876326963478,11810.51191895988,12134.78634770812,13825.385616687725,15075.117403886006,19695.11713032165,29135.510893093528,0.9187355494140683
0.45,8211.096265935626,10391.27755097567,9977.319079132623,9681.108794836044,10045.392250057925,13824.373144127334,14133.46213643681,17014.613100464416,20988.61443015766,30298.08050805017,0.7704084246972513
0.45,8003.194321129567,11014.546075116696,10177.092440257076,12041.53886982907,11844.263417737428,13606.203975144152,15780.102094271662,17861.164706532516,22058.10324612922,30829.124571968416,0.7883502805622419
0.45,10829.6592260622,9175.477688044472,11687.741686649848,11908.557489148703,13241.200227036525,13523.99941269295,16317.125616231078,16725.82854892633,22228.7907848846,32004.73249726806,0.7915159891606007
0.47500000000000003,0.0,5.137784938115857,51.85951671910688,50.57507048457796,112.71015707991656,111.74682240401977,16.697801048876585,107.41181636248452,143.5368667086116,297.349303293455,0.768295111824054
0.47500000000000003,6.243150912304757,42.66153123408264,138.3898452227558,137.86958264673052,100.06383545555148,95.90173484734837,204.2897715193064,273.4846941306842,237.933418102282,328.97936890672673,0.7754786713083507
0.47500000000000003,24.740586389784205,0.0,123.70293194892103,50.88917363101955,84.68119406584674,204.1601234604144,89.5086255565364,255.6527260277701,268.3247336908303,399.46995585456455,0.7255601761019314
0.47500000000000003,0.0,226.9413261782316,279.12569529942914,264.5626155446765,169.6598791428705,397.5720773047522,355.3391460159691,384.2225875295622,433.0089047079841,615.2901196383071,0.717434999389859
0.47500000000000003,153.13013072545522,349.6651048431612,298.172402433721,297.0940212314292,224.57288537729625,145.04227170826582,561.0278204923814,380.1293738079085,468.8262276964204,749.2053402923245,0.6477553245344658
0.47500000000000003,176.48778424090528,193.13757520702856,178.9852528858237,265.0091728774602,377.3952618987913,107.11365521539231,380.4477235759141,358.8029953199538,579.6902221371876,809.4573374696872,0.6307757807813782
0.47500000000000003,66.56181474503218,43.03298720725344,386.0585255211872,357.5762606070341,293.80075438621225,470.5765507555771,170.27440981287342,495.3437376374497,657.259221877691,818.8651162819091,0.6686732873388289
0.47500000000000003,293.640600427927,237.04320578762363,644.2115213469826,402.8402794986302,550.9922831158947,511.3741068676824,625.5676737007652,769.0587154064755,864.2755087425153,1186.5477323414195,0.505916240766824
0.47500000000000003,244.3899692731944,362.2078201317645,412.5448585790791,356.7364029092303,601.8558944787627,413.274380875417,587.9949708483429,896.218141051103,985.5846223524952,1285.4182861473696,0.6571459325435947
0.47500000000000003,199.1840433446802,223.29163589235,680.5454814276578,590.043207765095,589.2527948946794,593.2048592467563,691.216055178266,780.9279159704134,1037.4168924202102,1208.5412788651442,0.6287988106741926
0.47500000000000003,374.15880421342985,161.89963830814705,315.0591933143118,616.3839700112234,660.0843865211343,692.5475530713542,841.5451636480038,870.6787746546111,1256.4910232706836,1538.2546611488733,0.613993447100558
0.47500000000000003,391.4190645604356,770.3697175080248,753.0030013329882,903.0692411018928,798.4236436369296,827.8134710100683,791.744137415762,1206.3188235429127,1153.773374603059,1966.001331097069,0.6615174224788783
0.47500000000000003,798.107468079494,990.4901506024923,1069.5864789607542,1080.8130545987012,1517.6289066933602,828.7254016375309,1340.5551909493806,1488.541869813225,2208.573607319725,2549.4532675992027,0.6553329998267687
0.47500000000000003,992.3214192455648,854.7397377562779,1031.3209510063073,1011.8211851259364,1403.9831433867378,1219.8186878498973,952.7802273214784,1784.2285780539796,1700.8129128990574,3095.04617334561,0.5574616460286904
0.47500000000000003,993.7128902380156,1350.4598456216693,939.6254486153324,1141.5902572276916,1475.321280005948,1552.424654234028,1489.1308395691865,2208.3787334878425,2597.923392834187,3333.8578378917564,0.6074360417691748
0.47500000000000003,606.4167051523809,668.6132902962149,1528.6006887273036,1309.716552548042,1526.8065564635392,1263.667157778088,1982.5161514597075,2087.771910933888,2606.276135161811,3136.143197060243,0.49595810599416723
0.47500000000000003,938.5940578103588,1573.4877222556495,1762.7410200157765,1453.925672657191,1423.235948696089,1694.328510352487,2231.3986796717663,2104.803568332222,2985.2150244663258,3808.083248173364,0.6478371301940737
0.47500000000000003,1020.5229395931416,1618.9483324566315,1480.0646235326817,1624.394752414434,2023.3450143234268,1673.4125320346511,2211.92730536232,2452.931388495056,3075.865671168655,4946.710926673628,0.6524151794198672
0.47500000000000003,1444.4272521485843,1702.9975627183928,1886.523041772251,2219.395165724188,1976.4282359646268,2032.897614135045,2279.5796345637127,3038.201149195248,3451.319231599884,5681.116651197571,0.6789738412873781
0.47500000000000003,1516.9751442636227,1931.7226039186776,2469.119117790791,2323.0699150717933,2046.3026414109293,2837.066280441967,3456.7667649071072,3927.997341635807,4345.165506308304,6793.305180614598,0.6639153508761279
0.47500000000000003,1461.8356734008016,2227.436781789974,2007.3478725550551,2804.6349328574265,3005.883546360172,3285.0624740278126,4127.737519503144,4425.756742902955,5409.734006369576,6831.319957069828,0.6366928133571066
0.47500000000000003,2506.908400946264,2401.239296836612,2736.4654202189604,2587.0711695811747,2842.134524328614,3514.4086521986515,3610.9683507816103,4723.226765590983,5427.38381280445,7947.045381488086,0.6403723637548756
0.47500000000000003,2429.0775038679767,3158.316482736197,3689.516021798621,3449.1869099509618,4253.722134162011,4529.120730141947,4460.01321729305,4982.961113030232,6923.128749877647,10256.792653275228,0.6649098009257333
0.47500000000000003,3993.902467671347,5411.719651001989,5057.568566714095,5244.346878290588,5627.6062708761165,4944.77387206076,6515.409673953987,7492.963694282898,9861.652282002951,13086.610272145108,0.7172023645453496
0.47500000000000003,4363.153517162389,4734.8783787454095,5135.603052224976,5931.779706112012,6096.551364615121,6245.504943901935,7166.908058251334,9196.894891009668,11508.970803125329,16109.395508532198,0.6435448894915344
0.5,25.99660807632823,69.53693939435051,164.43253329260395,61.24354295282248,162.83764936154083,57.73479830448364,113.7152242847979,200.79588692084224,248.32342806652213,184.8470476102115,0.5771860131308403
0.5,99.49759777756934,79.77735317300612,148.2603844361258,205.44909378935955,75.1162044482911,148.2603844361259,268.01605167111035,187.52159869430196,230.9061368243412,305.4845164197806,0.5991418852414753
0.5,139.64028204171615,144.8711069390443,115.07814774121876,92.10800362686504,148.28251448077998,164.65727068111158,300.20386367274494,293.83590292817155,362.0640537628863,533.9989938663676,0.5894693601588729
0.5,43.46391962748581,57.283217150071074,172.74121903231548,288.19922091456016,109.21702880752858,211.52440885376453,168.95205680838097,200.60270597301167,310.7113023626424,394.29576318473073,0.5698473637502038
0.5,158.45352462580075,233.22050230519363,143.7624693624815,309.5615216199422,225.0879538558561,172.6198993440016,310.34854243762,347.86320141359585,554.587336190303,788.3325190406152,0.5921104331555114
0.5,412.5929946139024,209.2605274406718,571.1686067679526,328.7109418296106,303.22028267961366,227.34111125636724,443.1225049912245,387.3987384772777,652.086629418524,944.0435975899998,0.6374798519739147
0.5,116.46095956768929,183.2278447648725,373.7726084554636,209.446804248698,303.0423921735162,439.624878786932,376.5164530526083,500.59920316792113,639.0109195127666,873.1523251357652,0.6196135578895886
0.5,191.56309419895425,245.48207700670204,504.3601745867575,318.4903891314785,588.7551041988843,403.55511977227286,422.97934960363546,702.9561795867226,1063.3091330099303,1193.250532571459,0.6199085319224859
0.5,418.61510657580095,418.24757794842986,486.2403740121024,511.5998493007157,536.9593245893286,646.8503841733185,601.6443630066606,1047.089059380559,996.7376374307044,1375.6596522504155,0.6051567315783566
0.5,586.1170218970423,506.7871227440918,496.7746112005154,540.2905267552895,573.0237375708272,739.0003712354955,791.3735085403562,998.940574770649,1281.2163809799342,1549.2436130695148,0.6047136175888149
0.5,547.3704444335424,390.1557754308259,742.0367754238173,772.4919730840296,604.5768292277247,429.253664318936,1010.7833169389328,1145.3623660590592,1388.1808338904802,1776.690382420754,0.6579043391795402
0.5,491.176590867471,451.2328287862022,722.4992569864677,853.3041042416121,843.6473705516349,724.6939691887352,877.4459384665548,812.9213997198897,1492.4042975419138,1918.1784647818129,0.6250883396848459
0.5,764.4877955119155,745.3036601163842,1118.4350935594648,552.5030993912965,967.8396307045454,1153.446140656309,1246.4891973246351,1460.3923069848072,1645.9988169365706,2491.5395844946056,0.7770423524060598
0.5,877.9287414231878,783.7326498178068,1316.0993248459724,901.213168561597,1052.0327534353812,981.6502804942818,1431.9922690121437,1829.9442964685857,2081.839462784099,2387.7121647386525,0.7057322453070973
0.5,387.9354844450433,562.009099260127,1027.863249384303,851.5791759683932,1050.5204500427742,1271.0136954752134,1078.1511825531052,1722.499864694017,2062.357874571085,2989.645257617785,0.6298986828982335
0.5,670.8885739637675,693.8199099712934,1307.0861524289703,1170.67410233292,1272.983139904958,1072.480945582745,934.3049465630386,1830.390999780201,2461.296731474436,3243.9020706030733,0.6374671266490877
0.5,1025.3555497652803,1542.1858549117674,1656.5401498700137,1406.7494832293758,1538.352750052832,1662.2898071584175,2115.8738821324664,2527.9326544680466,3115.675399504842,3921.266270691148,0.6325658882583579
0.5,896.5082116263634,981.510471691678,1570.549570738037,1373.317764180237,1458.3200242455514,1409.8421728020517,2053.999924859513,2257.872532984916,3302.4706195688186,4367.655191012292,0.7328332105264246
0.5,1451.6715898306938,1933.152306378125,2023.520308733124,2112.4424230504424,1839.892527947767,1814.5894872883675,2451.503167886397,2987.204685846826,3254.6939728176217,5247.850632759466,0.706178199770931
0.5,1157.688216953185,1932.460254038972,1911.6010068866624,1817.734394701269,1869.882512582043,2268.443127813674,2234.919337747462,3285.331426488769,3741.9999445018334,4942.1516288722205,0.6932682441140984
0.5,1606.0018722560806,1770.4085187855735,2023.0926257668632,2613.498760348146,2271.7273079567854,2679.099441968288,2477.438087358221,3472.7867010761847,4105.306853487682,6397.281285401303,0.7299921681396336
0.5,1885.8147054558287,2482.9599606446022,2348.006897064274,2637.3180399031485,3148.9048168743266,3140.08435520241,3222.996694918429,4324.672357740848,5111.457538875833,7758.478086618091,0.7315109697435289
0.5,2293.2756754988354,2453.184151641085,3220.744837123877,3505.758179895062,3253.667170447281,3527.3928560790137,4467.090312938462,4932.706169940891,6193.161217179792,8502.427740292855,0.6806139311435399
0.5,3130.028569857377,3050.1082880806766,3594.223083190545,4516.043319573866,3738.736469416909,5041.546542215188,4957.247066916477,6337.787824730451,7835.47200925822,11587.34605924116,0.6914744845987428
0.5,3842.3503696334456,5280.393515195537,5142.896407418109,5261.471894859194,5797.584471055587,5603.3225022691295,6247.919035060559,9163.110008213183,10968.232588300334,13797.645549261537,0.7204795820487688
0.5,5596.967811554411,6517.852736146856,6534.623819210625,6969.14733495375,7662.860316227859,8722.487837075125,9522.925892391408,11404.336483363388,14650.30337816027,19989.606368098583,0.7154714200900498
0.5,6678.663198663978,8298.145461814285,9975.46637721996,9711.790168408726,9131.702509024002,10623.599509846292,11809.29188108134,14874.74045061585,17878.94809423291,23846.536097522072,0.676692372336098
0.5,7483.876789423014,9674.550975925738,10071.170498693577,11227.668546390443,11077.546203660564,11883.758784987707,13627.772667812636,17664.39566121613,19944.03123600323,28945.81171302839,0.7676858300884343
0.5,9203.703756815825,9641.793960472209,12462.713924016129,11277.965634128,11605.580916862338,13658.89065399964,13784.603495048865,18927.40153797161,22955.926671594432,32422.484550604087,0.6923272355593874
0.5,10268.20864004213,9854.61996152359,11342.766141239836,12597.060778429252,11818.199855798535,12593.195463676742,14837.010677508648,17477.020653472802,22082.54318108816,30984.3630561181,0.7323794447582878
0.5,9150.196742299426,10467.103480457306,11755.948278989294,11621.651853636818,12553.709134068193,14451.898907333814,16871.23898793741,20308.82659210904,24451.971535445937,33022.88966689662,0.7448654596270493
0.525,0.0,39.08813055970254,70.6108164949465,131.6072137796437,69.82274934656539,69.82274934656539,172.27147863610844,199.6962153997707,142.64015385697903,269.99180503536485,0.6844826571291516
0.525,124.57012195210854,83.60787464353238,187.6033518287761,168.3380026379847,153.18758240056596,206.68165879441443,111.6642084165298,221.4579945815264,242.03263934839117,469.6630273599771,0.7096115585150706
0.525,0.0,44.25367114032039,108.67605080919375,81.06645952253385,107.50117458422956,164.28685879083537,81.84971033917664,373.0232014261517,345.805235547813,444.29902574064994,0.5986832906670423
0.525,86.57958447874643,121.47988209808616,197.32091346318947,227.74681395184476,172.93544910095866,303.1404056038797,244.30208333537763,417.2375324363362,404.7092204704194,477.1944539875096,0.6429969620006211
0.525,0.0,213.0630440810924,394.3296900021237,179.09253322632642,229.36888929138,484.8271309192204,497.6000430006124,347.85803115280385,552.4963885419141,709.0325025606761,0.5513533196828614
0.525,245.00090226404524,221.93465955725225,466.6238558387733,370.9301192038346,648.6601496329239,418.6211345300418,579.4614215125449,467.24726780382167,710.3779341727217,1013.6678551687984,0.6085901832834727
0.525,257.79955069660764,426.3860253251781,329.6291965013876,456.889025598441,238.12019568159943,527.4067144022204,527.7347036524706,770.774738087822,917.3859329496332,1041.3658695441852,0.6890026203265422
0.525,370.9422443657268,362.6429529061824,472.3379356758135,479.91554961713695,624.9727307796098,556.4133665485903,722.3991957394798,934.9332248556402,1065.9176944127987,1085.042148645662,0.6227479308920082
0.525,238.306738293784,377.5045994466952,481.0678081444611,527.095900899024,536.0045640128102,649.9612130099935,734.2223182945559,1145.5055987143571,968.4459193278544,1199.699965989891,0.6623467535729134
0.525,329.3082470204121,438.0158061940186,441.9977680685096,691.6667775991006,547.1215615550742,670.1641834768485,1019.3822398697164,745.0250667172808,1119.3294829194424,1472.92769737425,0.5779427154822109
0.525,481.1523731468298,527.0573698781529,567.0117188850452,604.8408365617838,803.3374427981524,822.8895710355678,775.7094355061525,884.5212796100292,1496.162856428305,1987.9413862259048,0.7088915425491977
0.525,395.740429033051,552.7319618692395,837.1432152622234,647.1008334078901,565.7783496395598,919.7703378075856,831.9246601540954,1131.5566992791196,1169.3912238130488,1881.2891164801968,0.6336890117933881
0.525,395.3994113951004,748.2319005108242,593.5720828957549,688.1652435165925,974.7825201977298,824.8523606137026,974.78252019773,1443.4916310739793,1536.1929284824,2131.183908787468,0.6247273154023415
0.525,572.2307290303339,858.3460935455008,841.3392362141797,1033.4166837208654,983.3965150993324,1078.4348354802448,978.894699923395,1205.486063778938,1803.727280492469,2224.8971002857743,0.6721763590688403
0.525,692.5956278929513,620.1853906591314,1393.4825043241265,1104.3943052913944,1112.6855538296177,1560.9657247962448,1340.4185136794952,1742.267692832069,2308.283593041472,2753.8000144953585,0.595333341804923
0.525,400.8549787587934,802.871856006743,1240.9075864185263,782.5386324465146,1194.4316468522893,1381.497303606393,1391.373440764219,1903.1897252374024,2598.005021752645,3319.5439835184734,0.5994085205632591
0.525,964.7027518906244,1071.6140743619771,1259.803010408042,1788.107498643673,1469.2491684659549,1601.168987421834,1743.092204971524,2071.328721330939,2932.246212810777,3689.378443879829,0.676344249786825
0.525,1178.7115531474374,927.34934554417,1367.0691343018443,1355.2557668426834,1896.7017753875807,1711.625685194052,1874.3876368536096,2522.1539525309595,3121.3542019873125,4186.526167888366,0.6736461766935724
0.525,1039.0383774226243,1668.09686626222,2235.165268855584,1788.554874763419,1680.776656630767,1994.953684651439,2581.7462055958767,2545.8201328849927,3293.927764629282,4878.901560697693,0.6505298998228257
0.525,1471.9688382089787,1265.686918940453,1460.181299965063,1539.747183111495,2364.138139045352,2255.840131429376,2395.817148075876,2980.03701228995,4185.312797730335,5502.57019648792,0.7097571973787657
0.525,1255.0175848331353,2136.283851299036,1923.048888609519,2438.4322855159166,2326.700312446133,2381.7794541002518,2967.97889027623,3388.154056609079,4071.922258000925,5278.9423051069,0.8021413513444323
0.525,1640.8206430876546,2426.907675668934,2671.3564653534218,2529.877542556578,2740.840196667848,2401.793073989021,3666.731845267311,4255.250677966607,4701.453434479729,6231.769830175766,0.6226256484737404
0.525,2053.49227485931,2563.0122123740707,2726.203651435737,3427.926839400906,2820.492038449145,3281.054544245406,3641.8889483928697,4977.338891380845,5394.3836800939935,7744.340402581999,0.7020267755814148
0.525,2029.7730993290224,2053.5827544531166,3961.331371271157,3303.589648468058,3833.3544749791513,3936.529647183559,4271.848956847884,4648.835162979374,6979.205158250084,8425.641707038803,0.6279617634785647
0.525,3006.443024078091,3293.612453269973,4387.065279808295,4023.685502100105,4753.758550930236,4769.221520194415,4815.61042798695,6590.538399953699,8827.14645423663,10744.554642994734,0.6148873443602293
0.525,4317.382332329512,4684.436835018644,5237.585403756461,5268.387180205899,5562.287463827617,6716.07067332947,7380.875681696501,8412.73519275266,10577.843395677715,15262.28023069636,0.7082469390475477
0.525,5575.86348897273,5634.638194265647,6842.613058312166,6940.055332876737,7506.148547013775,7489.134816534247,9329.71111386505,10389.202511908412,14260.599547386566,19525.57577941519,0.7069329543685018
0.525,7240.921073013516,7172.851309694942,9208.137232920362,9454.8901249502,8556.369249144998,9550.187793596206,11944.541718327117,14446.105520284784,17102.52803379221,24896.51593376916,0.781442815179121
0.525,9184.855990130149,8958.410352369872,10873.072655383572,10950.3955560822,12487.64846282878,11686.804134164391,15383.575196137002,16587.603221301386,19693.40639936303,26435.226931705507,0.7077359158726267
0.525,7863.5380164737235,8517.280755408417,10815.624173771415,10672.210524489445,10603.297472237067,11864.220076962962,13978.174517677711,16397.5814062138,20465.31400402967,29658.687677481663,0.7245972553169665
0.525,9581.358992920745,9001.743617157596,10981.0089839115,11396.617436629129,12964.001780734625,12658.35251505888,13953.634464111576,15940.354691003917,20787.87749601984,27409.657013982767,0.7066819105453669
0.55,0.0,35.991892573481366,110.42312641544088,148.71850011362514,141.80805673951664,43.334238658471605,134.6096782248204,244.4569343590856,216.09532301118224,225.02131236940568,0.7547186591637212
0.55,0.0,49.07785669957025,111.7465044851753,103.25226005640356,38.50724141043198,176.4915231311468,164.59958093086635,150.63126787021935,257.8475086600497,347.88649960503056,0.7822958096089884
0.55,0.0,210.8632731476316,187.89213445277773,67.93174349076409,93.6515654482497,52.22498199000928,180.82409177743827,282.13270345730587,251.89718756835316,412.4988239135698,0.760521017734464
0.55,118.39175806135334,149.60615755022255,310.1373549215492,199.99511672511125,185.05679696972385,270.89639556411385,145.59287761593944,366.9921539905607,431.8735129281386,448.1495926616205,0.7275260683593776
0.55,84.18650785631456,100.9729414469998,261.97009997584314,156.67338017972764,287.40409026476,135.3088283370374,142.17600571504508,266.8025581307374,481.7197760720844,470.78316024785033,0.7550741242322543
0.55,154.70872029329394,275.528863760438,126.12444244862826,340.359184645247,517.1691506947257,214.2347421966186,287.9055613839016,418.1555697070176,521.5893998459627,856.054918956227,0.78769981194939
0.55,74.57881565550086,328.61290648205124,568.663469373195,347.59055153724574,620.2693462776712,623.265816549544,423.1681906167044,602.6234657877535,754.1116850879898,1139.9904678769435,0.7463924986063925
0.55,94.45602442655807,174.60053000060745,553.4979916207778,426.4832618047624,534.8930171125164,467.2710905344125,432.2078693457659,896.9744440809892,779.619989490417,1317.3753103734352,0.715385123775848
0.55,123.68433015385628,518.9446512877399,622.204046186831,567.3593126323689,373.7006672538535,526.1312025810832,756.1008439680702,1088.951640712393,1183.1332866093662,1417.641802497412,0.8770753355450415
0.55,311.54817025276594,395.1722109573162,601.3151950196957,512.2458679436867,410.34122299209497,551.9186686500311,625.430034664729,796.567606339157,1141.5653928737431,1134.564310396153,0.7788062869413496
0.55,566.2557433705659,266.3759669325379,738.3246909543171,687.8621630571596,708.9571542272827,787.9599642957838,599.3459255982107,1040.6862310594186,1458.8634089612754,1662.7816569391348,0.798056181217775
0.55,571.5157497744631,713.9481905385677,576.8737099285987,834.94879068613,783.6016725423302,1011.314979093093,997.473582028243,1119.813672214339,1399.3205935884123,1861.8911535621185,0.8247665812219611
0.55,433.7863253210834,538.2510667321003,898.0220147305799,778.0983653977537,870.8518129286114,1007.6397254488668,1236.712633744774,1369.752932223378,1474.686125389601,2072.430565032909,0.7568465801904205
0.55,351.166764850665,1029.3329188810928,929.704145707168,1057.9392002874674,1002.2062727198756,808.8672673526556,1059.4188355326246,1427.3547998284057,1872.725008620752,2558.289338876966,0.6882704295974433
0.55,838.805366358415,910.4301130114106,1247.8622527988566,856.844191441392,958.7104977923188,1157.1375737050623,1037.7629959500696,1597.4971272012574,1886.6488822077952,2733.4125537498767,0.7149342895228463
0.55,760.0513877572721,897.707753651391,1090.661975930327,1182.4328865264065,1393.0353608430498,1491.8655722542123,1660.112241680358,1958.3677011176155,2450.1656579017326,3238.4542489193373,0.723875977737836
0.55,1251.4943407003095,1329.0094746897396,1504.0436482142582,1371.5177739742655,1410.27534096898,1742.2151486172645,1879.741999243672,2112.9125232602632,2613.635283950048,3909.513290079789,0.7589343287949905
0.55,1071.071682522136,1621.311070370604,1418.7288729442082,1640.9157991538036,1380.8263972966893,1280.8422805023715,1761.158135690761,2717.8689003109,2845.2996374016966,4021.583364393671,0.7950761179034961
0.55,1477.5849604091904,1422.0105378268045,1247.6457869745675,1597.069968961321,1676.2635211412205,2146.562072244664,2355.6608372108917,2941.2763151727845,3221.927149213834,4555.018610908822,0.6859551590020895
0.55,908.6620725765108,1485.489511034172,1398.6476812541323,1768.6079967398296,1484.7834798977487,1707.889319007444,2089.8521638123334,2368.734462699452,3331.0549016441173,4588.496355613633,0.720265329130749
0.55,1232.2858513576502,2101.3716623151518,1989.2069439562813,2024.306107524364,2154.783432962232,1711.465736591461,2659.906178224625,2927.7280567549874,4279.045854126132,5304.551850550084,0.7386146682006182
0.55,1424.800046432499,1571.2378289825058,1882.3191724536011,1650.3933871176448,2100.788512906584,2189.4427380179404,2726.117422174181,3264.375217493125,4063.846354658028,5654.081517592967,0.693235862707171
0.55,1566.2217129443911,2558.8856877263106,2209.073908555895,2252.4873035842047,1903.510397395102,1862.6016213107337,3228.453818739851,3712.680147901763,4301.265599727881,6225.647821655824,0.7362281454001418
0.55,2205.750826421176,2456.486917068723,2655.440554212972,3096.954105135827,2484.6493040617443,3815.549205506152,3798.28838767172,4481.453388276631,5783.282438631467,7953.603165287231,0.6985770905657197
0.55,2202.104299294648,2787.832751904547,3069.451774194449,3720.695763239847,3611.177254571551,3833.147803390328,3481.124025527952,5161.059720993405,6620.980555294875,9227.912199131257,0.6914125404093763
0.55,3100.995138729619,3899.1183098779466,4071.089600898856,4281.644194392407,3766.832701400324,5027.955502220332,5772.062049906964,6725.620811016498,8446.436101296247,11096.5577911313,0.6851922592522638
0.55,3287.6861481641117,3856.998772444824,4687.717634805863,4945.353590606185,4636.190443645798,5424.179440166784,6413.250158288021,8799.838841531006,9717.274196332151,12685.743111455866,0.7312942415550547
0.55,5514.843868561226,6457.078499370681,6725.454926721982,7200.947944746568,7485.368615037348,7361.390374141367,7656.021017211817,10510.437692899284,12931.659809220797,16537.238767983916,0.7652763977703027
0.55,6060.4376250598925,6429.546916856566,6310.084158515733,6133.953168654251,7293.354554090272,6703.698631510526,8645.734241461485,11117.694394821776,12584.94211905917,17513.546687530925,0.7422715385036568
0.5750000000000001,0.0,90.53445432866648,66.11585544822165,70.11422251636476,27.845770653138704,50.12238717564973,50.26518599951201,156.2219133053014,93.39043080591142,221.0525793387629,0.7545151188916022
0.5750000000000001,101.32235973431868,176.42706607434872,209.9383523678004,79.24433582333882,107.82749177951818,152.77204045544167,233.0020023462349,282.08618050546704,369.6097752954233,479.2113939963596,0.71002523486195
0.5750000000000001,90.84387630616472,186.2821555519516,161.01293938402983,61.189093695876544,166.44268831267422,181.89658910958505,180.43473362879615,257.0777281215834,398.04236376908034,293.4152786440493,0.6806241568509906
0.5750000000000001,0.0,128.81878080547796,52.21226331650588,148.93334126347617,119.40345463364896,115.76571497635136,118.11954651930868,169.0479017214743,363.5599810440315,453.21956436213,0.7390368063800046
0.5750000000000001,105.32763416826384,23.62488990690032,159.9601920779707,237.47936208498749,344.5296444756293,238.217639894578,365.2014231441672,258.64332595991885,384.6427387967205,511.3804294431128,0.7804645558329799
0.5750000000000001,271.94759794017,198.15875298485037,182.38936273230203,312.1149127343965,211.2503222511167,386.49882902000087,385.0111506942889,596.2614729454056,492.71906147584406,983.3553732956916,0.7718783701433269
0.5750000000000001,372.3121549864255,343.5455852849876,360.078096607653,380.247760421305,326.3517735094156,429.8452943893011,603.1060130508349,340.5697332469078,720.8174936682128,1060.0646260093076,0.7923070612509037
0.5750000000000001,56.2108712862352,368.8608808586949,411.8456647834631,389.067403216492,387.5978379541066,578.2739307485914,705.3913259449147,1052.5761191834272,727.4348048806932,1276.6848216971762,0.7432293464348967
0.5750000000000001,263.08400545029014,589.9815419845048,542.2192671854937,433.3839196926656,522.2530703432842,647.9226622324854,752.0600810565586,1103.6217431017378,990.479960995884,1142.3796546189683,0.7670041162583706
0.5750000000000001,260.46425306649,556.2596193249647,638.4249988412076,595.6990014927615,797.4150082051377,840.9626593487466,840.9626593487467,1191.8088298831035,1126.4873531676908,1978.9531656487115,0.9276278246134199
0.5750000000000001,131.64125708336522,575.4481009963393,724.6701122830204,741.8220676033288,698.9421793025581,880.3241068148171,542.0017881217385,1355.004470304346,1245.660755137381,1823.2528505487596,0.746177758749922
0.5750000000000001,550.0289342451414,954.626489266144,514.6033418700306,1004.0358681051144,941.1088290177464,956.4909941279916,893.5639550406241,1475.7555981526425,1653.3496862436582,2242.533222587607,0.783075519802124
0.5750000000000001,661.2238918417441,790.8009081104434,837.963130943536,916.0904495761342,880.8378789736205,1067.5812259490986,1120.9364679420926,1064.7229094137597,1574.4560248825396,1860.2876784164348,0.7042489496318506
0.5750000000000001,468.0563005108203,1107.534494520827,1080.7032416253016,897.3563468392163,907.2938479116326,1068.281365284781,1304.2970157546747,1374.853273368832,1657.5751788790835,2353.6971290018646,0.7680139048691523
0.5750000000000001,451.0852180917538,751.9831303919377,912.11314980734,1051.8344412580343,945.604395698143,791.7539848872664,1518.0953801440585,1393.0265087705905,2047.1524050753376,2957.172352014503,0.764951400170067
0.5750000000000001,750.9145467576183,766.477542545341,1199.4623182109106,940.4496026009552,1380.6600548822532,938.2263174884232,1641.340234326608,1625.221417260752,2488.411862201227,2770.7690714927667,0.6694551278876831
0.5750000000000001,1018.3228660888192,1111.5624821938995,1402.2506971097384,1229.7878777781193,1251.1172017237257,1961.078984484632,2003.1282231202565,1891.606329347513,2792.9226183632904,3391.3625073514536,0.723508339208052
0.5750000000000001,838.1472055603844,1492.0299873029137,1296.2490369964416,1399.2579683668405,1243.145053743379,1766.507201948261,1566.8874094789176,2220.130384194301,2703.1846896890265,4010.310446146939,0.8459337956454407
0.5750000000000001,928.8604090364972,1288.8785675754614,1525.5006717752697,2016.3728879376235,1704.4927505969015,1772.970780752147,1954.674860768046,2792.683229796594,3248.2994304334743,4107.325808717593,0.7857244649703711
0.5750000000000001,1367.0743531877547,1381.796692375931,1894.975372649488,1909.697711837664,1730.2253864960917,2155.0700316405937,1838.890270980247,3275.3699374836874,3300.608233234846,4372.534738888219,0.7830463034951205
0.5750000000000001,1466.6415544817287,1745.393612223902,1879.134491679715,1511.7227498039133,2106.794528056746,2377.281699989852,2755.21238744083,3565.9225499847776,3772.544695211456,5536.722138819601,0.762213282618409
0.5750000000000001,1493.5236155067971,1546.3917080911092,2225.1247202396958,2000.435326756372,2008.9875182038336,2305.981803015701,2463.0311368690973,3535.164955600942,3893.579524444582,5731.5232136991735,0.7243288304963786
0.5750000000000001,1624.8601719150058,1939.807362049689,2406.7980232838727,2403.456408534433,2729.2638466047943,2561.3477054454547,3133.5992312869867,2689.164469611519,4821.950083441345,6426.7605668597125,0.8275743900595364
0.5750000000000001,1940.8678562482564,2084.9268739185045,2235.970571233371,2731.00974104568,2935.311620650759,2962.377254273654,3788.3156222497455,4219.619590304913,5415.745979445764,7752.994405526097,0.7458130418508381
0.5750000000000001,2173.962902086754,2552.286493277164,2626.833013708771,2981.8608172643026,2824.3812928525304,3215.7505251184707,3183.1364224296426,4927.525000529259,5550.920277638577,8093.888455861791,0.8300370812706419
0.5750000000000001,2395.660942370381,2915.407777118803,3996.119280705944,2758.5789449703434,3672.408486143099,3644.259721398503,4578.195523103113,5567.42354127032,6738.613217250805,8851.78119914864,0.8530364016124176
0.5750000000000001,4308.493716053531,5017.102620980541,5132.046311441072,3927.03223782188,5161.098013425602,5927.810322321673,6100.857416751263,7977.849988447408,9800.528508607256,14796.158132468796,0.7673747981534679
0.5750000000000001,5258.715980744972,6134.2118181506585,6161.481360627228,7255.133537845479,6890.582812106061,7311.107861876335,7916.778752671745,9898.843918995106,12737.746814713872,16466.497938615466,0.8293170210376367
0.5750000000000001,6238.015821737925,7281.17981209578,9491.569171899277,10110.128723970767,9241.699070356271,9919.668296920509,12196.456704686478,15060.352483910136,17492.654451377697,25535.67597167452,0.7575764728344356
0.5750000000000001,8312.747802180234,10445.759526843394,9894.700258784547,11075.541547482078,9877.83109751744,12640.62484281928,13309.76823974788,15624.59203584542,18752.884275267927,28420.78803257248,0.777737700512724
0.6000000000000001,6.807069564915403,40.49333689898394,16.144972686017304,0.0,0.0,22.60296176042424,11.083305573644312,46.86405585076374,48.78399854856039,52.79842418940793,0.753035799880364
0.6000000000000001,38.89503957550094,80.6037628649743,50.97732846491186,113.37490259241764,44.52240700344576,127.93985358239247,0.0,196.6268383646601,221.6189701770032,263.98973669329365,0.8250563095997383
0.6000000000000001,93.76453882399328,42.23278814799698,113.13737742399192,154.59525202798895,0.0,105.96942714199244,21.11639407399851,244.6789515179825,214.26359491598467,397.53064807197154,0.7768435192056238
0.6000000000000001,34.57385417929021,154.34756330040264,131.91571743407746,119.36211561897804,90.96216397170396,53.30135852640574,76.76218814806693,301.4922403134532,167.31275861763646,319.60235440736705,0.7925087349256313
0.6000000000000001,139.83930034912075,195.86840232539612,21.47782242423892,216.8793155664994,111.1243855862796,211.5098599604397,127.6996615875944,311.4284251514642,281.31278283921614,483.951368320079,0.7809792497746779
0.6000000000000001,88.70359315851178,283.698560877654,100.68367614256364,349.20667421598023,115.72250371828834,282.6789793470964,251.07195189981056,518.4572082885428,419.04800905917625,612.5136044824822,0.678009784312696
0.6000000000000001,150.87668320671196,312.3784849491078,150.57310839140666,407.7009769549581,233.4490329697414,299.3247678909819,275.9495071124772,506.6663667444713,555.5419120086175,870.9561451107779,0.7459878527544044
0.6000000000000001,212.95451632069668,434.6510078598128,230.0887877487987,451.0859212704412,334.29313235235804,375.9049343920344,437.448439929707,810.2062632431105,971.408286270764,1111.9792477829485,0.8093385451053304
0.6000000000000001,425.1558577401136,425.537505727313,444.6199050872821,571.3270368374775,415.6146580601289,499.1955672567941,543.0850857847232,925.4963689585056,1034.26604531033,1309.8158920682854,0.7428407695517603
0.6000000000000001,260.2748314976191,427.8217796023556,560.3470378419689,672.1776611612823,455.2819682465998,641.1357087808324,536.8665866823977,784.0082844805958,1074.9270946101974,1364.6519834943977,0.758836332431919
0.6000000000000001,590.6066996662255,416.5148206194384,760.346281736843,579.2907275281843,614.9795627327757,645.4456415659636,973.1736038715404,1082.8514876710165,1171.6383459848778,1733.5198856083837,0.838123911579773
0.6000000000000001,511.33874446605296,512.2061553981412,715.1803135068035,643.1852061434746,716.0477244388918,680.9175816893157,808.4269887062957,1043.4953513022251,1392.194546001722,1732.6533368463795,0.7430589179773803
0.6000000000000001,450.9216884887526,562.1703153757653,831.6290796799643,742.2654285740032,634.2083606550605,774.1810182547038,883.1499601645235,1280.7270201869628,1309.451050899593,1949.1306554999164,0.6935750153376271
0.6000000000000001,622.5304293478417,439.4054812151938,669.2556094126154,510.2012085860628,551.2627304611668,995.3879268344186,860.4040733139617,1290.8420957288454,1505.117163904676,2385.344040882481,0.8148058900224419
0.6000000000000001,843.0282305463371,499.2492199157553,1126.2610870658614,712.7000683072806,1018.509456868216,862.5261445821013,1385.8912055420917,1577.791727894088,1818.437035335495,2351.5510533133674,0.7307335319298279
0.6000000000000001,786.4319617989017,705.6749925997037,995.6412914021936,836.2953253312925,968.5416373085028,1074.77228135577,1377.2044210413574,1450.373487094322,2033.0160501086705,2966.870130177249,0.8564790564542399
0.6000000000000001,913.6814086866104,732.0000509618835,1008.0385009242912,1280.5605375113817,1742.9688963656056,1237.1914392158014,1721.2843472178158,1975.052179136547,2016.0770018485823,2834.22918050574,0.7700590463593434
0.6000000000000001,1440.0835534905127,877.9943858684661,1196.984616011823,1556.6970031947576,1783.1368764299834,1436.3815392141876,2048.4478995666245,2145.9342755098555,2476.6475508615754,3289.239684514963,0.7756482476235791
0.625,15.849749765420846,17.05658350390468,47.54924929626258,0.0,0.0,32.34314419136642,20.274806806528197,34.91772283346525,22.929841031192616,42.31963642949935,0.8005819309581614
0.625,161.97222388166503,50.84037610772582,117.81279463424931,0.0,117.81279463424931,104.93975068389564,139.64808437282386,82.12676140478793,209.55360152094693,202.220854966948,0.8128980651751632
0.625,90.00479823741416,100.43453880569822,187.92847357296995,27.040068139995697,132.88262057369303,233.31715937939128,145.05065123669107,185.0313234151133,263.25437767724367,359.0534762303711,0.6954838140618056
0.625,121.4932868879877,202.41874614728744,175.72385439162235,146.71680665712012,30.47841972103498,212.0877620587882,262.53480159705305,230.5850098894853,302.89243322766487,366.5818206447241,0.7758876996063889
0.625,184.31411574902117,245.8335292175686,266.5841250303723,174.30500482755113,228.9889279107044,191.63785544765776,316.8738042943436,255.3543908257962,433.0771408460445,540.9802390726237,0.7731224978831928
0.625,49.94517695128837,237.42782611014476,277.33377151343547,128.75314460307007,199.5297270164536,278.5886754569352,317.2397169167262,346.1025076172195,344.5966228850198,586.7930839804635,0.746866289718287
0.625,291.6523463253489,236.9859997496756,468.9486054896947,195.3213788460544,363.457331286909,349.5691243190352,512.0906952196856,471.312555611886,657.473627734449,684.3635603743747,0.766066759742033
0.625,284.2971851089619,246.9957813889917,338.73707161918867,328.9916598364938,337.0568282083792,335.37658479756976,443.9203091358614,636.8122526967883,738.2989547096803,1004.113462299738,0.7246799131188612
0.625,224.9771778618808,438.2291607863345,199.3283139362592,584.061272820583,301.19094495515634,368.6108158453617,460.2139012940102,897.7102373967556,843.8476231529502,1264.4889915331444,0.9046080528567414
0.625,415.6493276827602,442.38700373252846,450.8944461120001,508.82607755316457,499.5084025661242,455.3507254536282,581.7470122343506,1061.4047159150407,1034.2619235614882,1563.343816303871,0.6583114009953761
0.625,590.2045353680845,451.7088862744907,852.7070579577886,688.2168408804741,452.9873076507392,642.193671335526,597.4489231668265,1245.6085609248455,1309.103489278524,1795.7558931704757,0.776341465374525
0.625,349.8561164710059,899.054066270562,542.4785621592678,869.936719829313,510.2255014858844,841.7152917401027,623.1112138427263,1278.0275291828168,1168.7254902341283,1795.8683366610276,0.7272559392542147
0.625,545.989341751272,657.5953055867737,639.9976847330432,1010.473913232634,420.9536146326601,812.269130985353,826.1619895540877,1547.6644445570407,1546.7382539857915,1994.551395184672,0.8304329400969626
0.625,650.9071970798632,660.5431289389286,574.7833353932471,856.634342270908,837.8442751457306,963.11138931358,743.4121429268904,1507.5415393507712,1429.490491292342,2293.351782457549,0.8279309788321849
0.625,767.8999505536973,683.8233136317597,618.6002255953474,940.6392227751328,760.2566199244302,956.4354394089514,969.1743237910632,1544.971897862515,1581.1503295077125,2355.674499940108,0.7996387311804235
0.7000000000000001,35.186595406222864,24.39946396781878,99.13887464819,26.32573743896238,31.976139620983567,50.98203786960031,79.74772170534455,71.27211843231278,100.80831165651446,135.73807059991816,0.7704524520487761
0.7000000000000001,13.503690504948963,77.09379670098137,93.78926859800916,36.705486008906746,0.0,65.55427936038862,80.2855780930602,61.74869385444847,62.976302082171095,84.21392442177263,0.773823689251259
0.7000000000000001,75.07661221012312,61.45060785881963,34.732952268028505,13.626004351303486,44.61848483662122,20.70618308286316,97.7866194622956,80.28655505032742,98.4545608520654,153.22575481318722,0.84300839117218
0.7000000000000001,117.43806145526568,45.98103993486592,87.14649798466145,0.0,0.0,86.36979122900492,113.7098690281144,76.7386274588641,181.74938082362547,134.991634133103,0.7942752914371906
0.7000000000000001,103.57533011408884,112.72017691878766,127.0338501783163,94.43048330939008,112.12377386630736,133.39548273810678,204.1686449657759,160.4324211172164,349.2933877359965,355.65502029578687,0.8717930001868117
0.7000000000000001,106.39946988490678,76.92833362350693,296.01155980200144,104.2324745715686,136.9541038029758,62.19276549280701,263.28993057059427,238.5861839985385,328.0830904394072,369.689400455501,0.8279783055038491
0.7000000000000001,118.64799556949517,87.64567059750524,264.10251273131246,128.90440383090535,177.38924288484446,161.77153030496982,226.34028231430216,222.61067931015305,455.9439672572349,455.7108670694756,0.8401205465089783
0.7000000000000001,290.0838598218039,304.9740959723528,270.5059567349712,269.678721393274,153.86577355567167,405.3453174316081,393.7640226478479,404.7938272038101,544.320854836731,674.7482937109831,0.7201082914806091
0.7000000000000001,385.8484827781314,355.9269593165271,395.2424494463097,391.7632025321696,297.47561115897423,392.45905191499753,441.51643340437226,560.1587531765481,769.261492716365,981.147629787494,0.855418467053237
0.7000000000000001,391.9216013181032,442.951251799734,492.5923403634974,380.1188250162295,510.64364529577495,416.9157158397184,622.422879684109,474.19389495175295,724.4821806473707,920.9636920256228,0.7429115474876461
0.7000000000000001,227.4635793088109,380.9920648456037,466.6209744693185,392.30866083111664,344.0245179595946,625.0533182665002,594.4985091056152,572.2425370007729,1091.2970728696353,1216.911288308829,0.7909549954879447
0.7000000000000001,423.554132613148,337.5573732400799,562.5956220667999,371.71496457985,439.226439227866,612.8273740370499,789.2412869565679,757.092965695608,1031.961112476816,1355.051741149464,0.8064031178156387
0.7000000000000001,507.3985797829637,483.3201312169042,717.9755572425028,636.1088321179003,704.4040680507237,773.5748839314039,836.616640177087,997.7233505827218,1305.9274922282837,1370.2826183957525,0.7914147153271924
0.7000000000000001,814.2577907617243,571.7731416009325,982.2043571065526,468.9294577156164,593.9458624385926,925.1213949500238,948.2376358233288,1141.1874831127527,1638.422541897722,2007.81063585278,0.8611658390359279
0.7000000000000001,1122.8710620762631,705.804667590794,883.5706717977154,837.8143334367624,909.341483058482,1102.3596000523878,1259.6141422354335,1479.4549403374842,1895.995399899264,2477.679425499427,0.8573277901726684
0.7000000000000001,858.9177626934155,803.6273267265354,1190.1129484356184,989.2061167539848,1023.146780416822,1091.0281077424968,1562.9128186677513,1599.0432025669006,2126.765779518113,2551.5715053626573,0.7679619241896103
0.7000000000000001,943.6501698554044,1045.4384182128704,1325.4966926991583,1110.110509710708,1092.1147972939184,1396.9171763532925,1785.5120913533424,1596.5571109770517,2089.752104399692,2800.5827448628806,0.8236562398212448
0.7000000000000001,866.2253662358536,1233.036505417239,1382.2867341921378,1121.098833836065,1246.2394102704031,1444.8570224093066,1660.1217754500258,1691.1198998878897,2411.539273397496,3116.459584688171,0.7732702025463734
0.7000000000000001,1077.8302322989264,1262.6184396351675,1391.6672532830996,1102.6706142687162,1382.579308660006,1733.3739711114272,1860.60519583474,2078.715866788992,2743.3475502245865,3291.0476795097065,0.8459337956454407
0.7250000000000001,74.91157854811216,71.648642277414,33.44509677465625,44.18559533237106,0.0,0.0,131.8770076073844,61.31601075353646,90.00265880009121,183.26825387088056,0.8020356857007725
0.7250000000000001,90.928038869579,34.0545776148487,17.02728880742435,68.68831471294311,33.01209054500638,41.46781900039399,48.64939659264099,90.34887938633328,37.29787072102476,138.5349483923777,0.6749855313340757
0.7250000000000001,182.6847298053096,18.232369278988404,30.507627803455843,61.19577411462444,37.7283681119661,23.828443018083856,260.12716961408205,119.14221509041928,247.85191108961465,310.3113147582284,0.5876111218770907
0.7250000000000001,153.61045332031824,75.15792957361414,29.239523286173178,43.03563638598728,129.9305577012343,175.23122758122094,234.3280105610216,118.8113023670558,294.24844208409485,443.74065268805066,0.7126861321557894
0.7250000000000001,236.30762022636668,118.61088481381462,110.61207755276736,129.80921497928074,172.31716213798884,185.57232845629568,253.21938414972365,259.6184299585615,340.97772667092755,463.473746440108,0.6735959713104622
0.7250000000000001,220.18597459539083,118.3743182006194,199.9697844500176,164.16520672266972,179.26645719270758,131.28345166694209,380.6976529785353,318.34410265063696,361.212168501067,574.0910864174073,0.7093027214920566
0.7250000000000001,193.7356554441219,191.19319277425157,153.31049899318307,193.7356554441219,156.86994673100162,197.8035957159145,322.8927590735365,244.0764163075552,380.09816914561975,592.6480483467824,0.7076553032122223
0.7250000000000001,278.7439875455518,188.7696624517345,243.75397223128957,48.221533710411926,244.63607345769952,229.64035260873,419.2921162868744,392.53504575243846,542.4922542421341,759.4891559389878,0.6613017649307141
0.7250000000000001,359.2548723204361,328.0730089796042,259.40656523968704,358.25970646913294,302.5304187961568,455.1225159959727,537.3895597036994,576.864471805391,746.042666526926,1060.183353588286,0.6970407997558266
0.7250000000000001,450.6703688807836,166.48731809066965,336.32672983417154,242.8405624051825,271.89204072972893,324.78062947441595,645.0918007450555,699.4702088910012,870.4269851854472,1309.551253706475,0.6985305504869367
0.7250000000000001,569.8795464133223,648.6400336527901,424.31697052048384,636.6816350666929,378.9575276077013,618.1254993296455,944.3011297297452,856.468753907721,1119.1411642299252,1569.8490833542098,0.6602958514466247
0.7250000000000001,814.3158238623347,689.3172044011136,448.9001516417576,571.1615750563827,744.0611253330353,456.1993410993472,1132.2867646085797,987.2153741389872,1482.1916592317789,1842.5891387002632,0.6377398121811124
0.7250000000000001,730.8389703229341,734.3026621254126,659.0910687001681,606.6408785483529,762.0121965452394,828.317153906968,1347.3761111640824,1198.4373636575128,1515.6125701416026,2447.840478122921,0.6936772724121366
0.7250000000000001,955.0151817806168,755.4056025267963,882.429880233773,920.796396765676,846.6556958999714,1031.7482148444233,1498.3680105027051,1393.6377896994018,1965.5062726006076,2388.574887330783,0.6921076263184149
0.7250000000000001,845.0106257603042,743.1375173247345,942.0581659015576,810.695473445165,1036.9610090231145,923.2920669792156,1730.2343206399123,1453.0322308441778,2125.930920773861,2597.2280908521025,0.7118807359594138
0.75,0.0,14.954337112312343,0.0,0.0,0.0,0.0,34.10147902246928,12.78805463342598,60.16674884906977,20.824263829294765,0.7229381342830489
0.75,64.61826416799201,76.85235893301632,0.0,0.0,0.0,36.2574081217993,109.88441479858194,69.84555920395694,115.66780505113888,94.42496777732396,0.646684923867422
0.75,69.953851995052,45.433945110188425,49.40040063568106,22.837168177078837,13.2215184183088,64.06426651780536,142.6722032957504,69.953851995052,103.24803928479326,142.5520076737658,0.7994628714863492
0.75,161.06036954437448,106.5507936449374,66.64567015629288,96.67736102919032,114.57295764523192,131.4400716971332,228.94021877763575,259.3833026761893,329.3201170377312,376.63031498818606,0.6721010296906184
0.75,143.87197693739776,121.0049077552948,187.93872484040867,117.90832547021836,156.02010744038995,111.71516090006548,340.8622499957222,369.68428511066446,377.54484014201233,569.7711404540654,0.7468765154257375
0.75,211.9600343795605,101.7901095334401,181.64482016015825,203.33375391062492,157.24476969088326,234.1418984425378,329.52391391334,319.4188425068726,385.2250392270385,574.5102792311112,0.746614055601163
0.75,244.4869336154986,95.56088268219996,97.2983532764218,59.570420373319465,225.1265469941698,102.2625549741984,361.64209368302687,330.11941290214537,452.98340492211673,476.5633629865557,0.7845071188452574
0.75,245.008308424348,235.05736724794744,104.350410174146,129.6311796493257,145.49889666034275,166.74550079373844,399.6513131927345,252.53875039567808,402.6097011100427,722.1155961793352,0.7869996350364286
0.75,256.5957676903767,253.2275654891904,219.2393432772193,268.84377569469063,104.4142682367762,257.20816809059244,498.80012597568464,431.7422821520659,468.18010596489984,850.6241558996021,0.8176575841878275
0.75,500.4247370971248,242.32505713220928,311.8005236507236,312.8074144698325,362.1450646061687,388.9954864490728,622.9297867553746,542.7141514996986,704.4879431031957,1033.4056106787707,0.7769358346201123
0.75,438.3368656006166,545.5024150853175,372.4747049798109,404.8476313866476,471.0818946098308,320.0082380445928,846.1613178062836,681.6919675554581,939.9311736053968,1317.987417620869,0.8799640978999367
0.75,716.2877412895335,546.6065584524108,466.2994337508717,554.378215681592,569.4897714049998,600.5764003217247,894.6040988257466,1004.7025762391468,1189.4953147996775,1655.3629898155948,0.7443127844862479
0.75,792.5531655560347,659.4526339359372,632.4602184325609,638.0448561229147,666.8988175230756,752.5299287751662,1075.5081418672908,1007.5617166346536,1550.667732021555,2103.546863366575,0.8359850344379479
0.75,1139.2084923332918,1033.6471269483643,1164.225925748217,1150.1917557837469,1431.4853363759523,1389.9930077853448,1989.8012284407416,2016.039024461273,2631.711958989549,3536.61083104647,0.6980231980787931
0.775,32.34354184368573,8.146987869946027,15.397807074197992,0.0,2.688505997082189,24.44096360983808,0.0,30.22532499749976,41.79404777282312,46.51930073739181,0.794170412386412
0.775,16.137076508164522,8.308197806183715,0.0,0.0,1.8373898994444755,0.0,25.1642529706526,31.475287842657533,32.6735856031648,45.37554186454183,0.8575612771594665
0.775,25.04479176988085,20.80835933119453,35.26207000435961,34.88826714212257,5.980845795792441,31.39944042791032,102.54658520702458,85.47625449820032,103.54339283965663,92.70310983478284,0.6707376020304907
0.775,205.4098686715824,165.7504606594405,156.48222943921175,82.12083941644583,101.3039226397101,93.97555376790127,283.86652365212376,248.7334611196286,370.9447890700874,374.1778929841207,0.7658008913483078
0.775,262.15676569930827,197.6578789002721,120.67533659174504,208.75446157537507,104.9551778020158,158.8198395374116,284.1187522437829,354.39710918610183,354.62828799183313,462.8199690740874,0.8166201009526989
0.775,250.72939764781145,123.47240148316752,123.47240148316752,47.30743351845499,193.0143287552964,0.0,348.89232219860554,244.10635695522777,310.1002267134725,380.5883026559704,0.5921036160172103
0.775,193.1371683330809,165.65322458581193,62.71336255058642,128.17511947589972,128.924681578098,179.89490452757855,309.5691482078748,282.83476656280413,286.0828690056632,452.9853637618055,0.7807649968566576
0.775,345.1483906082207,228.8483894250159,175.52189118663398,98.07788118214968,265.56060178008283,254.3057629559017,428.75576473070896,367.1221235506695,512.0951665002405,674.2184400390398,0.7010994317369557
0.775,268.6924818181706,255.3173029666024,200.33045657682192,263.9368626709464,163.47440818583388,249.07555283587052,525.4959157682806,446.4337474456773,645.5752992356931,814.1025527654527,0.7785889906580162
0.775,330.2681659965722,388.0049525599688,170.11731755286496,379.7568401937692,286.62190472543307,507.9462532184533,637.1666802889124,580.1172364226991,814.8447675107936,1101.8103435848184,0.7848004992614096
0.775,625.9186985652077,422.6216549611443,441.6016694055071,485.8883697756869,609.4693527134267,683.2805199970596,955.3273936995928,955.7491717983564,1288.53209172285,1564.3749683142555,0.7505763623034478
0.775,787.5837307492968,731.3277499814899,433.1710519121132,682.8610588584562,676.3699841544785,684.1592737992518,1059.7761300027626,1174.8845214199675,1218.5910910934174,1788.0747117890628,0.7800163289897128
0.775,682.559083559246,537.2340039552856,578.4875749396358,596.7704075349727,654.4316487971892,606.6150097016927,1133.066830331523,1207.6045324509737,1427.9361047537525,2119.402209320983,0.7432506499920859
0.8,3.4372369460264345,0.0,0.0,0.0,0.0,0.0,4.466146689738294,0.0,0.0452268019214004,0.0,0.6996356406518467
0.8,9.524364553300448,34.871463767729054,0.0,0.0,4.224516535738101,0.0,45.0103034535005,38.55831456255503,63.214129252953775,96.0885488401521,0.6539480749407497
0.8,40.17393913565059,96.0223004258665,17.386753986576654,0.0,107.4817519170193,45.3109346316846,109.7209550819572,41.886270967661936,136.98654656090693,169.12569786942743,0.716836795503978
0.8,148.30595066325648,65.53471185482884,40.75720435903054,7.181886230666175,110.06240648495913,58.71191993569598,134.30127251345746,166.7993077072219,236.64315130045043,312.41205103397857,0.818119397966457
0.8,157.301389595462,130.89143611404424,151.04640061302098,19.9232982403678,76.44986534094619,186.72300443879584,298.617807346908,269.65952502079205,390.3576457560435,428.11924590929874,0.5554853576353355
0.8,228.9310778238333,238.8308001081072,130.4288410953083,190.8171470293789,103.69959092776882,236.35586953703876,385.3466899153605,350.4501688632951,422.7181415384944,681.3483862151494,0.7661051061449736
0.8,160.47020730996445,194.85668030495685,34.89590222454783,171.6776503601842,217.52628102017405,165.30978499074115,345.64773225336785,335.71386227703675,403.9773790374661,517.325382613552,0.6122088176811413
0.8,268.3461437981493,220.7059557818279,55.176488945456974,142.11310323512822,163.37623799947505,127.578808586081,447.6024444697315,390.00357308276665,643.5462686272567,721.0625067555085,0.6777810314497189
0.8,223.7563878046595,292.1825347849231,131.07793556556828,231.2630537181061,225.19997740339923,189.68767327440167,322.78663427820555,483.6025155778125,609.1948106681698,842.4788898245115,0.6758760200245967
0.8,416.3063529510966,400.9381939003999,281.74958259610725,351.4185702925992,395.8154742168343,362.0055243053014,584.3315585720478,587.7467050277583,785.4836848133899,985.9527817635898,0.6726707476771713
0.8,501.2433172186818,360.4529148822579,389.5692546324608,315.85700210030166,371.141191499421,502.3490010066642,658.2504151121807,646.825015969696,813.0461454297147,1285.5416841608546,0.7794283508112826
0.8,665.9867820261055,366.7753292317682,565.6900958860682,605.556979498217,512.394367267722,542.6092685316663,1113.3351812950584,1029.4049000063244,1407.5108172120715,1829.6801320944048,0.8117501077791811
0.8250000000000001,0.0,0.0,0.0,0.0,0.0,0.0,0.8303306691313503,0.0,0.0,0.0,0.8039508754921074
0.8250000000000001,61.52420386925995,28.402508888507786,0.0,7.340956143491244,0.0,0.0,26.829446857759663,0.0,44.13312919598903,26.916839192801227,0.8185715067912563
0.8250000000000001,32.14999482124248,0.0,3.2544473285306807,0.0,28.402449412631395,0.0,77.12053972457552,75.73986510035037,96.25274523169529,82.4459989894439,0.8427680870470821
0.8250000000000001,98.4247521664805,28.748524733518764,38.37857242750534,4.673405498552311,0.0,41.49417609320689,166.96803281191438,71.65888431113544,143.88424201603482,140.62702000189228,0.8122422199502585
0.8250000000000001,185.2023150740228,134.75374256596575,0.4484317556271739,131.61472027657555,95.74017982640164,72.4217285337886,214.57459506760276,258.0724753634386,330.94263565285434,397.98318311911686,0.8182860391249174
0.8250000000000001,259.2919132146501,170.5934161771799,139.34735472079834,165.049760112338,163.28586954625192,166.05769757867287,364.8733628132297,319.51617682815964,484.0619682073302,624.9212291276308,0.7839049382953681
0.8250000000000001,150.47077225119696,209.14654999213164,148.64530361036785,151.51389718881356,170.0293648315085,228.7051425724432,353.0977913832247,349.96841657037487,403.4285696232265,595.8851206134923,0.8528387046016991
0.8250000000000001,290.7931699201522,266.7651896826185,170.10717827253973,333.93431625572407,230.9962645562899,298.7114815893394,459.808167272804,380.3520053509597,579.4019780005285,681.5208940100468,0.7683696742742165
0.8250000000000001,335.0503474871285,177.99549710253697,150.36547712746997,192.82845519441503,135.24167672006487,307.71116982758844,492.1051978717199,423.7572537228699,595.3542198838124,703.5475612598643,0.7290972393392984
0.8250000000000001,319.6226237323681,174.78907812843786,202.4179673500712,259.1298978576342,292.8662257493127,330.38334900816216,576.425878287128,447.29717497759975,671.236592879259,760.5215296270633,0.7751301451127306
0.8250000000000001,598.2483460796299,422.2294283702803,413.950419970863,305.24344011764504,489.1814093394807,484.8619266963065,597.5284323057674,822.5014866377583,958.5651898977462,1109.3871255219128,0.8155591838046619
0.8500000000000001,7.404843854505778,0.1742316201060183,0.0,0.0,0.0,0.0,5.314064413233559,2.148856647974226,0.0,0.522694860318055,0.8307699236379601
0.8500000000000001,79.39414799451556,22.844014373598277,0.0,10.30220256064236,10.526163485873717,52.74279789198425,64.16480507878339,95.74329553640456,105.0376739335058,122.84256748939858,0.7391886013261659
0.8500000000000001,31.42060615437676,0.0,0.0,0.0,0.0,0.0,47.91472044799753,5.929702246053749,21.605926574701588,27.0585263411878,0.6715215729350646
0.8500000000000001,90.02680825930003,67.66255367589797,12.53537836521899,15.384327993677854,39.31550487273229,0.0,125.3537836521899,32.76292072727691,144.86908860713314,135.04021238895004,0.7412353334819605
0.8500000000000001,155.42964678624418,103.76695168968008,0.0,21.636513331039676,69.54593570691323,13.909187141382647,363.846673158708,319.46974275524906,300.9241599000722,422.1327907035495,0.7179860514024936
0.8500000000000001,156.67686158430604,146.48649660321297,164.31963532012583,52.73513877715666,174.76475942574623,47.63995628661012,363.7960298250228,180.11470104082008,384.6862780362636,571.9342345638489,0.7669067285683617
0.8500000000000001,169.00678094248147,100.88801732596986,133.3992454156686,190.6809330022806,170.81296028079805,230.1588528254862,322.53202469939214,374.13714865129486,416.4533502918551,661.5776890633931,0.6939292630600354
0.8500000000000001,289.7808077631397,207.8334909631448,164.43376068420017,237.4854805947219,178.18150133156774,148.52951169999065,480.9013591157593,400.8409871105012,496.8056080999688,618.3787655894348,0.7702877045398445
0.8500000000000001,195.15679992582528,140.86720697427796,38.85991916531806,108.57918590309458,104.5789001066648,219.15851470440407,537.4669702203182,431.1736619151835,649.4749725203526,679.4771159935761,0.8082784800995814
0.8500000000000001,351.8513403195345,292.0211124061687,288.921100597186,195.30074396590896,354.64135094761883,288.921100597186,577.2221988325755,509.02193903495646,727.5727715682356,828.633156541071,0.8081029387883395
0.8500000000000001,371.3858947543511,290.8732699690443,274.77074501198297,257.2977923990015,398.4518409587733,351.8573006574894,707.8258842827393,621.146335045792,739.6883272828818,1065.507502477889,0.7629871175147199
0.8500000000000001,668.3353527570962,447.4480601650508,290.10368735975817,354.4030704773057,416.4330636024691,509.8562849556116,635.8074295329251,725.8265658974915,981.1329400406946,1222.4447425641963,0.8109797711512089
0.875,7.709762513599023,0.9334690038886708,0.0,0.0,0.0,0.0,7.133547079099843,0.0,0.0,0.0,0.7591780414892381
0.875,2.391475142074153,0.0,0.0,0.0,0.0,0.0,2.9009633245160384,0.0,0.0,0.0,0.6442061519066969
0.875,18.965125701472857,6.552734461638463,0.0,0.0,0.0,0.0,16.25582202983388,13.861553668850592,20.477295192620197,4.662522597704291,0.7660071097819021
0.875,40.84867288978682,2.4712720253607685,31.98116738702171,34.16170152704592,72.10299556346713,40.84867288978682,145.22357372561223,109.31744488654694,203.3711507929244,114.25998893726847,0.7041330582807395
0.875,84.85640251032338,11.799080730006873,0.0,68.85490946551954,66.43044082236744,44.9334855197522,230.6477835852028,89.05881482512035,165.99528643448022,276.2277940764622,0.8168146734416963
0.875,177.85692615800042,151.73104999919812,206.2436954459299,155.75041556209075,153.74073278064444,199.7122264062293,336.6218658922607,279.597116968721,349.9360143193427,583.0592169671172,0.6792198263610595
0.875,197.6050588369865,131.8251197878957,186.7301495587094,143.49575413531502,138.1909203410335,143.23051244560094,436.5878212693688,398.658259640256,409.5331689185331,617.4826536543685,0.814675796299871
0.875,269.53602156376365,200.47440608010223,117.43270649043646,277.92407202736626,234.02660793451264,259.47036100744054,433.9418106503748,287.98973258368943,528.447179206964,772.2598460156797,0.7619973069064581
0.875,344.7061448660466,269.1854625053526,212.54495073483204,178.7894942251279,282.05830608956177,151.04136472138805,458.2732315978478,417.65225850989873,666.813297662037,668.5296768065982,0.769470459507851
0.875,357.8153484273108,249.48025158513192,150.74054903468888,183.8601357835836,345.74372335061094,242.0515592302397,555.2947535281969,413.5305410890028,701.3923698410781,818.7038032787518,0.7815970529331728
0.875,489.9212733768214,443.529875897811,348.6383810543808,404.8703779986357,382.37757922093374,376.4029295456066,714.1463611920381,697.9796620705647,825.2045551569416,1154.8646372426365,0.7742302828570464
0.875,547.6931923614012,383.6516594164645,455.96695236202817,384.4128730264178,559.4920033156774,527.140424892662,699.9359143520617,697.6522735222018,1062.6541994948102,1343.542021567579,0.806100404412528
0.9,0.0,2.450069018486134,0.0,0.0,0.0,0.0,2.2070066158585413,0.0,0.0,0.0,0.9328934958558044
0.9,4.284551148675406,0.0,0.0,0.0,0.0,0.0,0.3906502517909929,2.4573160999756003,0.9577231979392083,0.0,0.8541271437405197
0.9,2.201409209067445,35.137877760115,0.0,0.0,3.810131323385963,0.0,64.43355415770485,28.872328472769187,13.716472764189469,55.62791732143506,0.7746506730522527
0.9,82.18793323899368,59.554423224812986,18.38972688652182,79.78312279998698,30.83815739432121,83.31960873970272,179.51202629997073,75.96371798509401,80.06604167516426,182.90705280209784,0.8533005657215675
0.9,150.18739885431972,91.64661166648004,167.54777022726526,34.11514839567209,87.20558643154048,118.89835742633645,350.84099356022534,157.85826062376077,309.66057774533124,371.4312014676724,0.8166769104385385
0.9,287.3508902221676,106.94450523051108,145.6744078256728,82.2073416374723,169.16221972209345,141.17674171784756,249.37059864497675,248.37111728768224,470.2559786070604,375.8049903427305,0.8756096508104042
0.9,363.82846803119,167.5161515668721,233.41506738987303,147.85723130034663,297.6526660072521,288.2385351753948,450.2169627235273,356.9063130077655,576.7539565517266,683.9089163143374,0.7901426198404511
0.9,229.1628052199543,146.30950563015222,244.95758139593667,88.39532631821695,61.23939534898417,171.5257272444398,372.4241961494784,253.8248241614004,446.96445564665817,660.6095860270509,0.2
0.9,364.7743137205383,223.86552640429807,366.2451778887663,235.0440940828307,346.53559803451134,336.82789452420667,530.6877918966541,476.8541633395101,568.9302602705815,712.7807759232776,0.7462075837299877
0.9,362.12227298077096,326.9288039954275,256.54186602474056,148.1830273067093,242.03227793429195,237.40155833095724,483.4471265881392,402.2551762096714,618.6641390055115,842.7909678069094,0.9216214609656732
0.9,295.5035271419652,57.11967619615641,262.8165448100607,140.32290395009522,332.4827394770492,336.1146264028164,547.0942396360183,394.2248172150911,777.5539736528806,1152.9590131617235,0.8029645207942347
0.9,555.8056632730577,395.5564949964908,333.25822348850454,418.4492333217146,392.1788778665397,534.0387973244842,663.1388298470581,671.3952272758274,1026.7956075051222,1288.373289680221,0.7992385286417918
0.925,0.4274267983169324,0.0,0.0,0.0,0.0,0.0,5.972102209817139,0.0,0.0,0.0,0.9222610324862429
0.925,6.4799420066419104,0.0,0.0,0.3883111314841594,0.0,0.0,0.0,0.0,1.868747320267517,0.0,0.8354936323854438
0.925,50.34223284022374,51.63817150739781,0.0,0.0,0.0,0.0,69.08349971935654,46.45441683870151,39.47628555391802,61.9059932550078,0.8937794547373227
0.925,108.62103759478136,86.25788279585579,34.381448874538634,43.96565807407817,30.426060950919148,67.24159470153131,125.0511105082777,86.10575249110119,100.55813144278778,212.22177513266104,0.8558961911295351
0.925,85.8167046290831,79.6062852151363,23.336121434224356,79.79447974283165,61.3514160286866,99.5549051508442,193.4639744708277,245.59385864244177,255.94455766568643,368.1084961721196,0.8011022025584686
0.925,250.05669277951543,225.1019515448999,139.03355830714403,214.91634287770984,106.69425078881564,271.4464709806145,386.7984891365417,337.6529273173498,489.4184964584814,551.8053495450204,0.8768566190245626
0.925,335.18531195393075,229.10346508864365,312.691517199773,204.38806097605053,155.2349539206688,84.1434544507382,507.6377384024734,471.8142874977036,396.5572704807068,724.5223520197227,0.786039425613288
0.925,215.7990432641947,240.06216320792024,185.256056982093,227.216982061242,322.84221948651344,251.4801020049676,430.1708441787584,375.9356348927835,361.6632113964744,736.7425008794794,0.871715360556165
0.925,312.60901884642044,287.9135086870692,189.13146804966476,191.84195087203256,298.7554399765405,337.3045290057715,569.2013926972394,453.5541256095464,571.9118755196073,765.2596501818441,0.7682652868439879
0.925,274.15449947515106,283.54335219690284,165.5567696602225,301.3821723682312,281.6655816525525,293.87109019082976,501.9906588563269,515.4480144241711,700.0954512852887,886.307696933365,0.6706536051478579
0.925,331.0104389450544,356.12869470699724,264.257814043453,285.5911271563359,359.569551660688,473.4619168278532,753.5476728582839,521.6339141795244,770.7519576267379,1102.7946536578995,0.826121487459213
0.925,630.9288523763166,439.84108167452905,295.4887815191352,375.7682591512472,465.4702106838418,364.83818942668734,847.6457520874172,623.7677722119499,1004.0588188354288,1334.22230430834,0.8595226246580455
0.9500000000000001,2.964652080918317,0.0,0.0,0.0,0.0,0.0,4.755796046473133,0.0,5.496959066702712,0.0,0.756999965802185
0.9500000000000001,3.964115071670932,3.1181149039362817,0.0,0.0,0.0,0.0,3.722400738032461,0.0,0.0,0.0,0.5996263281319643
0.9500000000000001,7.055380025723871,0.0,0.0,0.0,4.106863000048223,22.4297902310326,48.01870584671769,73.50231728291435,98.14349528320368,93.19419884724812,0.6503134556817807
0.9500000000000001,124.71803349802498,0.0,0.0,23.63733303204464,34.83396446827631,48.052209913827575,147.266805140436,85.99634978105712,164.52827860462645,188.78764671646175,0.6926939002122696
0.9500000000000001,108.23084149648332,93.11752579201942,65.81605226137498,62.72838561207591,53.46538566417869,47.61506990761203,156.4959464881583,158.77106928237868,105.14317484718424,247.8258757990046,0.6495813437221375
0.9500000000000001,246.7189969477187,209.30669003351545,193.88675272428304,200.20639916249303,158.7495185278354,248.48849795041752,443.13360824728574,292.97880887541595,518.9693655058059,591.2661207589283,0.6749216206625076
0.9500000000000001,255.9352187741977,217.7816551484468,86.33288119695462,260.1126162514697,237.27617670904948,248.6943964802596,507.9715332362749,312.74782446509687,535.2638634211187,755.83045022108,0.7543689764892827
0.9500000000000001,333.5590200162074,240.6765608523248,180.21533743432573,185.1807519179295,235.711146368721,243.3053096965856,465.5806286390846,432.57522648336527,512.6060246308616,777.5254914913696,0.728255502157546
0.9500000000000001,417.9623268599597,334.17872017995256,347.55861174101835,349.4700248211706,343.0986478873298,258.99647236063055,562.592583258147,598.5908629343478,683.6487450011232,915.885434239622,0.7667007536039919
0.9500000000000001,360.087552789661,325.6279011179551,154.27807353938064,300.96870083911966,368.9395734025763,293.381254599478,633.2356174167612,542.1862625410611,742.9374442982471,1056.2357452767844,0.7121218922267993
0.9500000000000001,475.0516502754838,372.8747456605926,194.06516258453297,426.4466643996501,445.9596149337439,417.5771414296075,680.824583180473,634.7030637362514,789.0327634149933,1261.2461663400634,0.6833471775309519
0.9500000000000001,491.50389620953325,412.9513691080844,352.3851683055653,164.0793439922789,322.6526697297832,391.2943639726381,794.3349002221285,721.6554592591057,945.9339361702516,1355.9487622091233,0.6767435008733523
0.9750000000000001,6.346777154350358,0.0,0.0,0.0,0.0,0.0,0.0,0.0,2.180983422131305,0.0,0.6639971565357352
0.9750000000000001,6.370087746105874,0.0,0.0,0.0,0.0,0.0,6.486330223224594,0.0,0.1394909725424643,0.0,0.6578361677965343
0.9750000000000001,127.82375830022144,12.415552682582216,56.434330375373705,8.747321208182925,41.19706117402281,61.372334283218905,163.5184722626453,74.77548774737015,157.59286757323108,186.0922044127948,0.7410251383843576
0.9750000000000001,150.9327242249075,18.768836173045493,58.49620607265845,27.840440323350816,46.14005559207017,46.14005559207017,147.49177092651584,118.86929576262146,192.8497916780425,147.80458486273326,0.6801452528853709
0.9750000000000001,78.83740150570503,85.45851139778574,8.31488219005483,30.487901363534373,25.868522369059463,57.896216730752144,143.04676952890622,163.9879543038591,188.9326008740236,164.14193360367494,0.7677923478743813
0.9750000000000001,225.93952969524435,229.9384594243637,103.9721729571036,270.42762293169733,164.2060520019641,198.69682091561864,345.6574884607554,357.15441143197364,433.6339425013816,645.8271512527781,0.7568352182932528
0.9750000000000001,235.0548289621724,179.7963253114161,232.85548553328653,261.17203218019154,197.66599067111335,275.4677644679494,361.2421581944965,361.791994051718,578.4273217969717,721.1097267459394,0.6923734947121396
0.9750000000000001,293.16051478386174,111.62539718953718,173.19198223737467,98.67915267013208,305.53137065795994,182.39820056228496,494.2588463186207,376.5918683533613,620.5566539634837,710.0295883087056,0.7326911868118273
0.9750000000000001,268.91055478771943,219.79994121847,125.77108353100463,194.34626955148096,150.02693535484124,360.54377278888,535.4254698891341,405.1625619463079,606.6957505567034,726.4777348719459,0.7103463929033211
0.9750000000000001,308.4680720847434,329.667571062679,111.52779897087837,189.25929522330875,222.4411197105122,305.7029200441431,527.8368006390331,514.9327577828984,668.8595547096478,833.8469597987984,0.7206441672448837
0.9750000000000001,479.4952069232951,206.0175958022157,285.3823197067612,223.54397233113625,399.7997966691474,302.5780098860793,657.4044630093176,522.4844323715905,797.284788891079,873.6733356492039,0.7774581978423989
0.9750000000000001,425.231516235864,435.3993065472253,459.3662408525772,495.6797776788679,344.61546448149863,503.3056204123889,738.2542036784897,730.6283609449686,1149.686575920363,1284.4097975459017,0.7092561377136692
1.0,1.4662741955983232,1.4483928029690751,0.0,0.0,0.0,0.0,0.0,0.0,0.0,1.430511410339827,0.6593657632027403
1.0,0.0,0.0,0.0,0.0,0.0,0.0,2.183511223455075,0.0,0.0,0.0,0.7513962781190606
1.0,0.8959010300115611,0.0,0.0,0.0,0.0,0.0,1.529210378812837,0.0,2.0003307480430546,0.0,0.6842951858258842
1.0,25.74572137341067,9.887140147203336,0.0,0.0,0.0,0.0,51.88301265364127,41.11484021609308,45.22632423770239,50.90408788659144,0.7677838264515061
1.0,67.92797605444235,109.1593676333397,0.0,51.91002536911534,110.04925378252452,52.35496844370776,117.90991476699055,132.59303622854034,201.55921279036497,170.26488321069831,0.7193182338454096
1.0,225.8130150011412,203.98285866527203,44.59924412704452,167.36453190833024,189.19468824419937,149.2901013936859,208.4427830779765,198.81873566108797,322.28822203385334,555.8474215412706,0.7245823428269337
1.0,281.7822326637695,149.65467859176275,143.45277299246447,102.46626642318893,193.8769619954548,225.96508227008505,417.4152116397275,452.7391087487742,478.6253234241061,574.6200361784621,0.680413349958925
1.0,228.65987086919571,266.3351347639935,141.71695418889317,113.89522085119636,203.1566153096403,175.91450141647886,494.9950056331893,431.5266764565684,494.12557646638624,782.1964404004553,0.7223461794406095
1.0,267.6905399816919,296.8269252858217,283.7762527016802,266.4765239273532,317.16169419599555,246.7487630443487,587.280266286365,507.4587107135928,692.2926549866659,783.9508670892407,0.7588320717204813
1.0,468.323146046177,264.8426209480417,317.62038214537057,220.6491944032905,278.8319070485385,201.57289517534028,632.6972577270144,563.7046421859279,699.7822433453059,849.5311922847147,0.7386448209277179
1.0,421.66066089435327,342.84869194170204,303.60897744206983,146.98265939692757,263.0391031288907,325.88915431897965,575.9591992657885,514.1067679358597,967.3587244019508,1041.1825940538013,0.6836524270718239
1.0,412.6199330931252,298.3506081877058,160.46330731399314,254.58788801116225,276.12192492342973,241.042284146994,464.7184094937722,483.8211841740096,857.1935983786473,1078.7857846693996,0.6528426139913172
1.0,564.725645073972,449.6889395959407,472.5413491016776,540.3239196695412,442.3296890771441,593.0006602251381,879.2367725088592,816.8768075864247,1165.47288479258,1404.8421911408072,0.6228825085061392
1.0,496.77525535572784,479.474624572195,416.03897836590806,383.497315701644,440.7541651995264,553.2082652924896,716.3284983943704,871.6222556656053,1181.797850427515,1477.1443330892537,0.6944129552537467
