frequency,525.3096471931636,525.4382957689082,525.5669292103998,525.6955475135871,525.8241506744185,525.9527386888428,526.0813115528085,526.2098692622644,526.338411813159,526.466939201441,Max_Oxygen_LifeTime
0.2,66.32294303378927,92.32950043353034,0.0,0.0,33.72142131736763,65.20304343284327,0.0,59.97684529509615,0.0,0.0,0.45973694591830416
0.2,55.601769815716,134.3563270625814,18.41699000205089,12.628793144263536,0.0,87.34915258115592,111.90513925055753,231.35247440671552,0.0,68.40596286476062,0.971616363897645
0.2,126.36993096399644,91.9633279116136,0.0,74.54763994682764,0.0,235.53656040180005,54.79570115749774,205.16529968272295,18.690006596355897,137.41402577093268,0.9117780783164717
0.2,347.4040103067101,296.4657962276048,185.4258798223562,220.73226100946184,198.09305475208228,221.00177536966817,224.77497641256628,419.3643444819568,124.24612005538744,303.2036552327765,0.9391676774955388
0.2,100.50028907251463,195.22771558733868,25.71547866607436,111.2588056572999,122.54212792915033,225.1416397499152,95.25223220188744,263.9772605925575,20.20501895191632,144.32156394225166,0.8415457954533347
0.2,304.4869048288683,283.9404595170796,107.86883788689153,171.22037759823837,65.63447807932441,189.19851724605292,54.50515353544064,305.34300671685776,0.0,178.0691927021673,0.8653322467273351
0.2,333.95981291081546,321.3575558198437,67.10701900943764,33.39598129108091,153.11742365533806,333.64475648354176,402.9571704838995,382.793559138342,77.81893753676704,156.89810078262892,0.7316352996703497
0.2,335.932025803699,383.4761244969917,291.16422484432246,139.16192391248228,325.86794651825954,323.09164878434336,218.63344654579583,583.7165985556019,0.0,240.49679120037496,0.6677301296999959
0.2,349.84727281942065,380.5693165357269,411.6753857984837,278.4185211790114,314.13289699921734,359.83193702721985,426.6523821101825,327.5737911250989,60.67603633970396,359.83193702721985,0.7000370427067865
0.2,461.43307541935,337.4282087161602,413.34955567729656,225.2333293180373,119.3652288333436,444.98345024443694,199.92621366432616,510.7819509440865,167.44874857539426,312.5428783233434,0.6751327152436368
0.2,489.8446160399212,321.2320569739426,417.1904239220613,367.8404066344541,272.3389842908523,766.7530463759218,350.0195670583776,573.0085340616226,189.6320108736648,596.7696534963953,0.5234310677705861
0.2,791.0764729815544,735.0483147262016,362.8979791585312,423.0382958179451,222.57057361989072,596.7769883895917,498.59920649259686,839.908354029795,154.2059401523511,515.5618599093551,0.6944522570889506
0.2,924.1162357839124,476.44555629338254,453.7576726603625,422.2159807803106,470.35856312354974,686.1701391449384,848.3055026687044,527.9083167292516,155.49500733849132,619.7665772922009,0.6630253734709786
0.2,945.2352755702556,689.5223588819327,648.6082922117997,424.182602977104,403.7255696420394,684.7089392736797,385.6752461110994,1058.3506363641484,348.37124414715515,975.319148121822,0.79822163316433
0.2,1060.7724935627978,725.9293883197948,711.5415986413832,429.017728592598,512.0745144634222,921.4725298581886,680.1500575248544,1321.060688654037,267.48208993044733,619.9829370514982,0.7036243975064377
0.2,982.5938756605494,1218.5336429705435,1176.7679077634923,818.4618636188138,740.7922507776434,1022.1614142777504,586.1857572919013,1376.8037974393528,720.2757492724246,1126.2093861970664,0.7339582087744879
0.2,1469.3573621790954,1410.8431309418747,906.970584176921,1220.6718794209048,625.7771951758311,1334.449551271057,1035.376813836376,1360.4558762653787,766.373889676376,1256.4305762880929,0.7500676178642665
0.2,1981.3594245436016,1606.3846505831266,1476.2356392327636,690.7909063980649,1321.5130383267397,1706.4992746987853,1296.0293158245745,1797.512569349384,1049.383287321441,1055.7542179469824,0.6612667032813783
0.2,2088.3638838879874,2192.56941373576,1977.778423641378,1614.1223909073142,1557.7663390508676,1775.7472943446712,1959.7019541779905,2264.875291589317,1728.9611380864912,1783.190546476654,0.5525249130712094
0.2,2433.4634198337208,2244.6212306551743,1802.4817338359464,2668.6680626429243,1927.9995961043144,2028.6400442294068,1990.19313146252,2995.4668211614844,1471.159809109511,2422.15550431404,0.5601010204217014
0.225,307.5821771034504,214.897414402944,142.92318496073688,153.1759241975182,111.75485768092112,275.79868546942623,190.29084023466748,270.4672610662997,79.56125647742657,192.13633329728853,0.8247662403650454
0.225,96.24640903242228,307.0955009848962,112.61822087814512,141.88903599625144,146.10601783530225,237.14321400772127,139.65651619910886,316.27363792870926,174.8807174429332,309.8241362925159,0.7810588398643363
0.225,405.04610468465006,233.0031103871578,304.5296465990282,266.327973849506,238.6927212221923,293.15042492895736,217.01801327920168,332.70676692491554,39.014474297384496,279.3327986152996,0.8336496532846075
0.225,347.4040103067101,296.4657962276048,185.4258798223562,220.73226100946184,198.09305475208228,221.00177536966817,224.77497641256628,419.3643444819568,124.24612005538744,303.2036552327765,0.8326921862102807
0.225,350.9986401483576,475.0611516268664,192.84964655570352,236.4557768278522,298.48703256710763,345.47110250822493,339.6364794436432,436.368388145944,235.84160597895,182.40874212434252,0.6972630871582721
0.225,498.83884460600433,501.4677713232968,353.59064347566544,95.62720934146556,264.8643667670883,504.75392971990846,181.39594349309388,606.953455854604,186.65379692767652,454.1470904120528,0.8245197440059927
0.225,256.0088335308543,537.6185504147927,139.76698479251957,268.46331732424494,261.54415966125146,417.91712284496,356.68257752744734,369.4830192039893,21.79534663843936,507.8661724639102,0.8684417707442
0.225,432.0312318125182,258.9215550931435,365.16483307971214,394.1402725305927,295.6980743961862,479.5806709114022,452.0911514323613,569.4788292077305,5.572199894401543,366.65075305155176,0.7852449718092277
0.225,698.6597984172012,463.8841998760794,359.8543225914772,493.8383279658071,361.8782501651089,571.1523612784861,471.9799101706005,648.871180105893,100.38680765206674,531.8881663500587,0.7001181046785798
0.225,546.0228133516933,482.4387235232785,415.2974818163525,454.4261524799891,0.0,504.2262787791688,433.9725291785445,772.7912456068732,301.91326568876394,380.6152510008535,0.8729390368811302
0.225,644.6063195671511,523.0004110858023,375.74325628417057,254.6123708828229,289.7640788032142,585.2284345664928,523.950457245814,701.6090891677815,355.3172638439443,612.3047501267919,0.9409197834843136
0.225,661.2183919588585,665.3901168292634,774.897894677339,736.8309052349101,608.028899861222,524.5944024531636,517.8153495387588,973.5762916302724,221.6228837401547,876.5836883934043,0.8786739544765398
0.225,610.5998783592446,724.3171034114708,490.72063618595945,764.0901230110154,570.266675385056,574.7481423821864,658.7756485784134,649.8127145841488,409.4940468629417,609.4795116099601,0.7488796733202973
0.25,149.9682106270159,75.14364596311137,109.44488562780047,76.41997115993655,69.55972322699873,235.80108011354173,126.19665383613837,215.85849891314083,51.53162982183672,203.5738688936933,0.8907084191471129
0.25,230.6992284415183,287.98695630954586,116.510851947814,97.73750869376376,109.73696520666164,215.21605874745595,244.8276207873492,192.1848438275397,68.12594665387184,165.66991572645892,0.9102083319707164
0.25,323.1423088179587,238.1172552587149,278.8633335571879,105.04480301225156,42.63029001169977,165.10405137127466,238.58830818701995,351.16995805216885,37.21318133618009,296.76334483281795,0.9443221441693939
0.25,281.953628348612,345.89106823435776,281.953628348612,269.637810009965,204.39017668393845,300.8204138886678,226.1393877926151,584.0842356775623,177.9242691902504,294.5314853753165,0.843301338754155
0.25,393.5126384535764,355.9514022700882,370.6237601542648,318.09671892891515,244.7349295080421,332.7690768130918,332.7690768130918,494.45846069670137,14.672357884176586,391.45850834979217,0.8709211639441403
0.25,383.5446081259261,430.48404486919696,310.0473321726501,240.87342539309367,36.13101380896467,329.5024934543975,202.27191491343152,399.2940244016272,285.95998963334034,387.8679772996478,0.8162583665516217
0.25,312.2299876650011,409.060806624401,149.52786329104617,331.00330970814906,325.4042487479143,476.9082512013954,202.5542641497645,484.4834513240694,62.5777401438295,286.2108220262512,0.8839646218926953
0.25,219.17928320589317,482.3398156123056,545.2220975270981,205.00350867018835,23.62629089284129,430.3619756480548,370.3875449200749,471.7988550601147,75.24064945874147,515.7801042606341,0.8620823431292292
0.25,685.9384183926708,678.5376063827576,142.95252671783678,460.7979267226183,333.8155732893367,464.30357451678674,241.88969779775775,664.9045316276497,121.13960710966576,629.0690208427945,0.920458161603352
0.25,484.4782433060806,586.9396994621962,291.7832413993094,633.7430806693085,356.7176621731443,463.3956391587295,209.56108522464984,801.5606096822079,266.4841164224915,430.08512460591845,0.8298172285604452
0.25,802.1276748128928,716.0586654579702,617.1236701685484,425.9084999006507,339.8394905457281,868.2322232349715,366.0151171021223,627.3277279786652,405.50038428041137,882.8728279190561,0.8914172453042928
0.25,635.6763146446568,769.6036044117761,295.11834923683307,274.55094402259704,545.7537058010166,1015.4558434842768,353.950694384534,699.2917772840372,194.672881911496,707.4230770198975,0.8738477512417712
0.25,893.8230874122918,797.2633431337832,488.4787063501044,902.0848837141966,648.5510096995054,670.7545872608698,668.6891381853944,836.5068755678288,553.0239899587327,1043.051783115441,0.9391192474088602
0.25,949.189201330585,927.902036953418,525.6292126977303,624.4234883968874,310.0284452879677,876.5945125571691,494.5172032234113,852.0323998142835,718.3053415474703,858.5822965457206,0.9311141893419929
0.25,1090.2245309773757,1125.8606790813449,772.519210592831,724.1990097738868,729.0310298557873,1285.921344294086,387.7696115720084,1097.472561100214,503.1340910272348,865.5355971692941,0.8825515117549522
0.25,991.3335034809444,820.89818768609,852.1765789742806,525.9876412545364,535.5626589958222,1087.0836808937818,924.9467138080404,1487.9577569955431,765.3630847866406,780.6831131726935,0.9153880401320287
0.25,1063.607799656995,1133.308625847499,826.3569105085537,863.2179243593013,841.7715163006885,866.5689256184577,1138.6702278621556,1418.8139331278269,881.313331158762,1434.8987391717876,0.8366406301068983
0.25,1422.048549871891,1438.9776992751313,964.9615159845008,902.8879681726272,717.372705962163,1086.992467932829,1118.0292418387658,1305.6606477246398,593.9309915635585,969.8991845604396,0.7023520808996986
0.25,1461.8375581958092,1379.7033861116126,1006.7087514173217,1010.4763739899884,771.609102882739,984.8565404958372,1375.9357635389408,1235.78020383563,642.7564108974392,1233.5196302920278,0.755610973873429
0.275,263.0939802830177,262.0801306480166,110.84756009355132,134.33507663776373,94.45699099435303,166.1023652011603,209.6978995062464,237.74773940796757,0.0,125.7173547402474,0.7349682530279553
0.275,284.7448943357707,247.6131754058183,166.57986613879376,142.57759478628245,108.31794251389508,179.70931371623487,246.17714207703443,281.6676800598072,132.11506624800924,329.6722227648284,0.7725901930008846
0.275,286.60971942050486,385.920576931642,112.99263835590234,151.67905315834074,209.94456813518505,248.39509016443677,223.62634897994877,362.56719238626783,186.1193980434391,321.05006430560167,0.7802447031227839
0.275,303.7800659061672,346.6072030435532,286.48960681343584,360.70557738070255,239.672363731574,453.0100282295997,325.060630943378,322.6665673766914,84.85625308587474,343.68112535093576,0.7744336608163489
0.275,342.6772715116299,344.77224173048006,438.148057199151,339.3851754534403,278.6310391068367,462.6891369056588,392.6572753041581,392.3579938443212,234.3373830511852,443.8344049360237,0.8173128926325012
0.275,447.0098174533739,436.42780599285874,293.0896507549389,403.3991035554826,217.7329024754956,541.9272535840755,356.9023865319994,523.9699008025914,266.1536215827139,421.6771233509232,0.7840962965634557
0.275,518.2922993856099,672.7434046025205,338.2721073990082,468.1907104449992,216.99170934277592,470.9549360417238,392.1745065351125,572.1946985217118,294.39002605102604,413.25172671012587,0.80167380927598
0.275,449.04175892707786,527.9031424114675,134.3164202724948,332.3701230871628,328.7691466723532,437.1585367581978,254.2289348857414,746.1223131490834,265.03186413017755,339.2119782753065,0.7916037598162216
0.275,515.2331365375599,588.8923923536706,407.2250049522798,504.5468196315946,346.9236452686252,394.63041717024817,379.7459043369432,801.855422122528,254.1816806918648,540.0406579264032,0.766825166377979
0.275,622.8983439687096,692.6226360110612,528.812552297105,381.8035028102203,312.0792107678716,822.830651270871,610.2975682984086,606.9373614529925,206.6527209929908,691.7825842997065,0.8298172285604452
0.275,610.3586782198812,673.2732449082587,370.4968927204445,260.83330772889684,376.6135867040359,628.2718534575456,543.9488578265953,869.4443590963238,538.7059772692323,564.0465666298268,0.8419934897076728
0.275,667.7501037464245,625.1769855588525,421.1036690292783,367.8872712948064,397.5033535122515,739.4765528667949,658.4950780534737,680.2443884319077,310.96886328315844,620.0867214277242,0.7573560230931569
0.275,807.3063545894007,734.0043150806755,528.3650364588768,616.4258758686875,549.5193163170995,667.0977555290843,372.4137175040681,748.2711549850557,370.9378375139592,842.2355143553018,0.8159663184531726
0.275,653.6848708189253,590.240515815021,589.7204801182653,700.4880835267226,563.198659583848,1061.3928570735245,712.4489045520488,944.9048610007818,291.2199901818599,535.1167319591668,0.8465959102028908
0.275,1122.2428574648543,907.9452263911672,966.0311632348238,450.0250252547492,487.2451401254461,1030.320452556928,1015.094041928009,1087.8424482661817,406.6015579056084,983.51333840136,0.8661823154686811
0.275,898.2568416523892,1149.5300179551527,306.1832290815142,697.1189309302254,820.6665496824179,1042.0973059967232,774.1123745004327,1376.929258267152,367.0617658579548,780.6777068978906,0.8753687785904483
0.275,870.2578554412196,1049.1718987876611,872.7514309582423,723.1368999368301,862.7771288901519,1212.5010951527,937.5843944008558,1065.3801396483104,508.6894054728046,1304.7633892825706,0.8164756490907241
0.275,1162.2232041327163,1309.7966922421206,1036.9497097820697,1286.8408163139854,592.2615989457368,1311.108456580868,684.0851026582507,1118.934980953955,508.3086812657215,863.7968170670312,0.8361569321063043
0.275,990.8787684974966,1152.2504536528056,618.5914597620107,628.5002474469843,1116.154155657537,1183.392357805582,764.3921928409289,1466.5005773762953,481.2839732702155,1246.3839366600648,0.7819711433974208
0.275,1234.7102595573033,1329.8013780545557,1042.3166012024071,863.9286114633761,973.7625390299688,1559.0520590828028,1189.7446918958165,1452.166693330082,449.655676614898,1365.1841198209706,0.8320106428086772
0.275,1091.42444178634,1383.714748133681,598.5732337432221,956.9398061531216,814.681492159607,1463.006267408757,1448.2362785241876,1504.206762718354,486.6322653548791,955.3850704810644,0.8289673586522995
0.275,1670.8014409286288,1894.7651114950745,706.7839024035161,1794.1437522550725,1238.291888711556,1509.3203885999253,1145.7851552167206,2057.869088972807,1198.5302225602672,1164.4487944305852,0.8365105221819555
0.275,1203.272433156936,2042.149597549326,1482.329231484823,1239.1145907403352,1280.077056549935,1544.6263149035844,1812.5891120747049,1398.697530456893,1047.1030322578488,1561.6940089909162,0.773445122916722
0.30000000000000004,206.42562650775312,217.35827292906947,155.79021150376116,114.93663803462964,119.39600696964182,181.3956202273706,124.718479569493,255.0471329604502,101.41468061879142,293.45524604586444,0.7407217240849905
0.30000000000000004,363.2345491508912,255.88491598976256,111.73514215350284,203.83083099333476,80.27388199082765,329.485197340021,292.3037080568595,261.7958194142647,43.66441561971364,189.5302581921184,0.867026873689901
0.30000000000000004,275.40177529839787,349.8589327894951,236.6033167262292,278.3172664049756,204.75718310051928,355.46564645599244,243.55564167268795,317.3399935238052,116.39537571650608,337.748431269858,0.8479892845776956
0.30000000000000004,387.464967470098,356.7419916746315,169.8650479931159,411.33240321202953,178.49795028275216,331.8589203692122,296.56558453805724,412.60194766638847,138.88816330677818,335.1597359505417,0.8758760872989872
0.30000000000000004,447.7940583165541,178.64595084913276,150.64039749819614,297.44845611679034,211.66302427339457,500.5624167356882,289.48898305915617,653.5611766213307,314.84137872421417,344.3209085673043,0.797632544766235
0.30000000000000004,552.1032463049465,378.64056165110566,329.77327548929645,364.0774631260625,132.03875996038667,558.8993589499654,445.9544392779701,435.9220825162729,153.7215955421157,467.6372748596968,0.7840962965634557
0.30000000000000004,406.8377334945006,381.9155544559293,287.6154175532317,132.35697786700214,232.04569402128504,590.3862142515383,451.9670847265065,767.1989709440976,166.0355981893956,514.6093185261547,0.8105519957228438
0.30000000000000004,667.1859182702055,522.6717611517558,432.4421097529266,276.1907622086099,382.192263242196,514.9692299347811,587.5930956948159,570.7208844576365,176.057856387961,677.0891726920277,0.77806321886658
0.30000000000000004,462.8926697948515,472.5928514753816,271.9930943220379,294.8855230880867,258.0248327020759,386.8432454195024,660.7763760776473,724.7975751691389,98.16583860695718,491.9932148364366,0.6703456165782044
0.30000000000000004,647.9478935525411,696.1730230345058,302.54055589539735,303.36491708312155,431.5530817744986,701.5313707547213,314.0816125235609,839.6118696988053,257.6128711643377,598.4862222889874,0.7814791732500574
0.30000000000000004,729.1870457231365,764.6937783533604,384.9449427837688,431.276898776867,347.2731654809718,691.5152684203366,517.8786856798522,834.4082168102632,111.28329617033778,602.3154279102613,0.804430205528871
0.30000000000000004,791.1738826922234,863.1409905662249,609.1667453592695,483.3403825602119,490.3049413867293,654.668529692508,582.2371178967429,863.6052944879885,492.1621570738026,787.4594513180798,0.8523502692667881
0.30000000000000004,730.8292914408268,749.8378561737176,692.3119365873388,638.7878201026226,761.3430400909926,755.3403354384967,787.8549856394957,1199.5404797228591,772.3479986205577,1123.0059954035964,0.8192687141174579
0.30000000000000004,865.7233224742079,894.0485947740787,630.8810648607409,913.1037779576264,644.7861985352218,772.5074263600877,881.1734710014091,924.9488918284812,462.9894508651497,616.9759311862566,0.7077329333746215
0.30000000000000004,868.5671464344442,1146.110563054493,812.7267379112906,796.6933532858257,842.5820058345606,549.5580799209657,693.8585415501143,1292.6225260112867,388.6713583344482,792.823225962439,0.7396000724320938
0.30000000000000004,1049.9358467300442,1178.3452668337209,840.7621307240616,926.1747314265024,770.4565206220494,1019.1408274291636,572.3225285163796,1445.0417547413526,744.8908442213155,820.4257972234744,0.8241658209092182
0.30000000000000004,627.746677349774,1017.5718734882632,665.5700923115681,877.259205081605,596.6338682683006,1021.2322039684376,974.2579628062076,1142.023109814165,251.95274805195,1116.400796452949,0.8088869096929134
0.30000000000000004,1149.8206163332095,1158.838817245626,963.0150260045632,1028.719061223603,1026.1424323914846,1389.4470977202966,1030.0073756396644,1552.418871351837,986.2046854936362,1059.6386072090354,0.7500953902929088
0.30000000000000004,1533.8473843416873,1313.749854146491,801.7838599967907,846.897018359781,889.2760459128939,1254.2825090316376,1069.0451466623863,1966.5235850049164,599.4581800658034,1423.1150865416166,0.8399572348441947
0.30000000000000004,1470.534655426355,1192.1706744235105,781.4227950002811,1174.28095842075,857.9907794920688,1575.7261855225472,1429.7461029400783,1298.0777931598068,773.5513199590713,1466.2411235856932,0.7962337857581046
0.30000000000000004,1500.3925483706844,1521.9862872802385,1160.8496193101234,1204.7817088157617,1615.0627480972776,1557.7276482339787,1337.3225890192298,1387.211572017161,1268.073702171354,1515.2847821014054,0.8213576247342389
0.30000000000000004,1563.418749107559,1553.2310580106173,1273.4613871176855,1414.5217253830244,1032.8751435206814,1758.5522170412792,1470.1621921432502,1651.1896262504383,1202.9312179850162,1517.96597344428,0.7957711616736298
0.30000000000000004,1145.4695260541398,1526.207976475545,1387.0920042061812,1408.244140340704,1121.876758827172,1611.630064711111,1658.815599165047,1747.491862190543,762.2904445402897,1479.8359857190885,0.8035843122847343
0.30000000000000004,1728.4368731608315,1833.556164549481,1251.9535277680384,1503.5505202720076,1030.5137090231087,1268.324564951517,1594.883675085096,1708.6193018334643,1009.8345041597706,1924.889319362558,0.7433503506397324
0.30000000000000004,1796.1956140970071,2359.905020962648,1266.2904990531297,1607.074305796859,1569.6154959403127,2143.374827401617,1788.886578027439,2061.1481716189437,1015.9560136703354,1963.3898141884324,0.7786844305942255
0.30000000000000004,2519.849987302161,1856.181885898919,2007.145016261027,1654.8977120827624,1291.256964103594,2519.849987302161,1785.9223157932795,2203.6819218267933,1346.3252758080137,1395.696865611969,0.8174794864497246
0.30000000000000004,2390.9711563218248,1931.2825890092329,1303.2712272417034,1823.0047680148289,1806.270922952059,2096.6523519824987,1891.908835920361,2518.935853860665,1585.7779056543714,1916.517431600903,0.8171196267616777
0.325,231.4997588312028,247.2694971712035,154.5434357320018,196.9640318666022,153.43955404820193,360.9693106026037,150.1279089968023,233.39212743200213,65.44441411100117,199.8025847678017,0.6904838691894314
0.325,270.8291704955519,198.98020837605347,97.05912426669109,140.99683543751144,111.46493120794334,231.21320140710696,140.45661767721435,272.26975118967664,161.1649651552651,209.96463616875795,0.7902560967884147
0.325,362.6118745496608,333.23266606783545,265.4190136132096,197.8065886139381,239.6618993277731,259.3821899525592,223.76493035472907,335.64739553209427,119.12665357014424,171.44579196243663,0.7698843571903901
0.325,306.0476203033161,439.1639441813271,318.75962961058684,394.7918362219895,225.2184290476609,311.56415264420656,264.7935523627444,441.8022857356655,288.5386263517945,184.4440595715119,0.8540364758011214
0.325,496.6145182900588,356.196542460565,387.10615978152094,213.71792547633703,496.0257636744207,363.850352463848,340.00579053053895,592.2871433311188,124.2272238994697,355.01903322928894,0.911080856110562
0.325,522.1021422233107,468.3039078291018,240.47162602712476,320.84489186907285,187.96973463036608,502.3329115121852,374.9672120126439,602.4754080652589,330.2433786005915,406.0794439514625,0.8393893428768292
0.325,525.2873471499338,555.7439805112899,472.6152871014772,636.0061672517951,469.3904670985097,582.9757938696739,459.71600708960966,618.0905005686466,372.6458670095049,427.8261203936021,0.853862127489083
0.325,561.5288368398799,432.9633119068453,440.5259898440824,448.46680167818073,396.6624578081037,495.3554048890508,437.1227847723249,651.1465703961428,144.0690147043752,402.712600157894,0.7881536447098433
0.325,375.7608544391172,717.8412003269942,286.0814280556981,499.5265786334236,421.6150407799584,774.6516966784785,563.2354923990218,902.0695242096696,173.27201387203488,583.9307446413475,0.8422857745123126
0.325,781.600221080613,755.4484597708487,274.5934937525535,557.2012369387431,478.3241504076721,749.121420744291,673.1969524256126,593.4762606909997,482.5421764253762,594.7416684963113,0.8507270960130764
0.325,552.1458530565536,776.8931822695791,620.8814547474583,690.5214722500865,479.3403802128973,950.0888102144278,649.3705528167147,972.6992055074882,411.9614022395736,834.3235863139552,0.7855066817485893
0.325,874.801829577114,1016.3210175197823,737.1598796602706,568.0153707835861,384.3312193100559,930.0524714451396,614.0575723402796,899.5192219917562,232.63428154959416,1045.4003027134804,0.7770964449164884
0.325,1090.1672806972397,1077.0205509671243,691.720241184521,674.5283638451375,822.1762515833534,880.3252484665546,795.3771486719654,1215.5668565844894,504.126520804802,625.4809490827837,0.7981384129485255
0.325,1264.7665777002592,1117.393776472576,653.2794323077876,714.318167144623,450.91677987574354,1128.94164522549,985.9680320941576,1081.1004746776996,463.01454714070366,858.3915773000439,0.786338007417429
0.325,999.3893888716606,1247.754841977968,958.4891113911518,815.6345190316736,932.4077750267646,1385.8673731802753,954.9325655232803,1100.1581884613304,577.9387035289882,1237.6779620189975,0.8731201779845464
0.325,914.4283930947308,1274.9853464220685,995.188063416728,948.1312476385552,568.4972068335811,1217.1181810732355,939.2286068156592,1276.893055169828,880.0896356349863,1212.6668606617832,0.8598952948851466
0.325,1556.674101834655,1344.7014581805772,759.7894445975955,963.1506996032264,885.6482017672062,1389.0832304456485,884.323372744371,1173.798514234469,251.05509982780345,1456.6495106103862,0.7899872613901785
0.325,1401.5191342504856,1368.796134096601,1242.0815377560184,848.0130678177281,904.4080255297508,1509.4354113537258,1043.6548346952236,1812.9934553344567,747.7553652185919,1430.7609641752358,0.9136288311130605
0.325,1075.2533452050614,1362.976309301316,1151.6334104161826,1086.376655672702,1411.9188753589249,1408.9526592342174,1118.2634790132654,1927.2989270261792,912.1114583463676,1456.412117229478,0.8563762312848724
0.325,1630.1282673954008,1577.845551303736,1069.064493217665,937.9675334654216,1007.4177085722672,1669.1452197026135,1288.339765184209,1826.77370702376,686.6983606069698,1944.6049029915464,1.0
0.325,2037.3313882423076,1712.3582833693015,1322.3905575216927,1356.554396751929,840.7637508124703,1969.8369741532968,1577.3694551912856,2208.1505843935,1244.0637066035874,1514.874627331086,0.8517081958335102
0.325,1883.4666346990944,1842.2164334731613,1559.6086718827055,1373.543934438059,1324.3947585092913,2183.6276734069625,2041.4461287558688,2129.212514342962,1523.624453791999,2104.6379263785725,0.8584751997628941
0.35000000000000003,237.20999288110863,312.0191514134034,256.90764246664287,290.22600719110886,216.04549704984476,336.32688919980484,340.51787847332395,323.96347084292864,121.95778785936945,387.2474088730463,0.8523549816245227
0.35000000000000003,283.76444493868684,520.4701096222017,251.5291804638937,362.1173140635471,218.35274038399757,407.2937431085128,297.8820790152379,417.1760869620992,309.64677407903207,408.2349187136159,0.7463067162827757
0.35000000000000003,440.27236235783386,396.79843070670194,301.4192594478525,286.4009921501874,336.1984047687599,353.06102068192547,280.6044679300377,558.3106737499987,78.51655534568201,385.2053822663988,0.6192042971891081
0.35000000000000003,477.951355725958,367.7196169933866,216.5366470777236,379.7805960404616,354.5366864070492,493.9391651604524,366.0366896844921,538.2562509613331,269.54885730789204,291.9878880931456,0.5540864987958815
0.35000000000000003,500.97904096243786,492.5408412706194,399.4081187460986,534.7318397297139,294.7119373846413,380.031512046366,514.7301812009588,602.5499631787771,222.83097704692443,461.91330164846136,0.7302500020489329
0.35000000000000003,282.64245152744235,603.8720288760156,421.8199480788761,492.3981098371864,399.7230469676302,594.6375030384787,493.71732781397895,615.7449906671313,227.894905490621,457.4388334522294,0.6804298684094228
0.35000000000000003,477.8199009271104,402.9221515800471,399.4546631843498,383.8509654037082,351.95007216329395,545.0891758036408,548.2099153597716,588.7795295894304,188.28461988637343,517.002519798493,0.8338688810904584
0.35000000000000003,802.9518562452503,515.9989191029429,514.1547485557546,535.5471269031256,476.1648352837021,670.5404109572174,573.5370401751806,709.2679924481483,486.8610244573875,569.4798649713674,0.7947853517880402
0.35000000000000003,862.3479741305893,608.5779980921591,388.0957503921059,427.2577837313684,509.4980537438222,604.270174424841,594.0880457566323,686.1188241039004,439.0063937331472,715.0987287749566,0.872504444314464
0.35000000000000003,805.433190949013,600.2006045917518,404.1825425199167,626.1688093961376,336.7489784311022,680.6182710827592,616.5354430977354,785.7476163392329,353.50265895006186,510.9872558282858,0.8146116015808736
0.35000000000000003,901.3856665975312,786.0403663758119,580.2892903046364,763.3275852510704,427.5347035245204,1144.9913778766042,577.1718497581039,933.0054207123636,566.4834821699889,770.0078149936394,0.8459107878036762
0.35000000000000003,735.1214351072355,857.5619604081149,818.3427296476768,673.9011724567957,634.2036583944022,621.2900092415725,600.7238272574408,1056.049530720086,562.4611631009171,590.6798779163511,0.8494062754673287
0.35000000000000003,980.4523993795482,931.8219603703238,912.9972743022364,765.0143254892142,916.6576299265864,1080.8507250760117,1047.9075244568633,1197.982105055224,521.3392224967547,1115.8855574805095,0.794213019500791
0.35000000000000003,1025.2172624032112,830.5139840283528,594.5600110825492,982.8665493103728,481.25810332768737,953.1660492192946,853.6143729880823,1194.0701055136087,577.509723993227,1181.9699017727974,0.9166130334041646
0.35000000000000003,1508.687605499641,1210.6448295560376,860.2598305644871,756.8069661873701,913.2178444718244,1153.3762796329877,915.0652170499876,1256.8291440101086,253.7058340676957,1343.039864324371,0.8443615931248561
0.35000000000000003,1101.7550578331711,1559.8708387194274,1063.5787427593184,1076.9739410308414,909.5339626367482,1206.9073642646658,1075.634421203691,1672.3905042002605,525.7615321574727,1320.096789659074,0.5672028010280062
0.35000000000000003,1587.3419502423792,1227.4297284620395,1304.144086490914,1475.496717975977,691.1461788769874,1414.55540552313,1408.102795969298,1600.2471693500383,838.1222853809134,1350.0293099848193,0.5053471891170971
0.35000000000000003,1598.4994321731738,1459.2653622870612,917.7140628405182,1174.6432304756677,893.8673436887551,1345.4165095625,1210.7979337057618,1553.11374088433,1053.1018877021552,1276.9533481267872,0.582362436670972
0.35000000000000003,1808.5387336491256,2227.450868547906,2176.4069529509943,1786.5370458918349,1716.1316450685135,2004.79378844414,1771.5758982168795,2133.2836449467027,999.7566916911978,1894.7853496576915,0.6153543183338227
0.35000000000000003,1996.5927311385055,2267.349260823486,2143.331409813934,1367.0364645632997,2081.79583488553,2514.438261689841,2141.4380075084428,2605.321572353328,1512.8284420859852,2011.7399495824216,0.6006659417228113
0.35000000000000003,2112.6825677853917,2941.165939920723,2127.6732198746945,2098.69129250204,1545.036542003888,2839.2295057134816,2458.466942645255,2511.4339133607814,1745.9112800005105,3298.942836452022,0.6004280235961192
0.35000000000000003,2551.110867257166,2725.7697199577005,1780.428679716065,2529.2785106696,2015.126513032409,2801.091350184805,2751.968547862778,2510.721007570169,1287.0174208370574,2651.539707559972,0.5690224900158267
0.375,420.6720447363569,237.59965461115905,293.51910457335464,335.05263794776505,95.59673603495862,408.6064372756338,329.9479578682296,374.2658621951151,135.04199119501436,364.7525947741598,0.45973694591830416
0.375,288.34967547474355,402.9031374587999,364.36913537262944,243.0001356046245,204.7282695870687,397.3982800179174,314.3011462674701,499.1070746399187,162.0000904030836,413.126444134721,0.5843958185975948
0.375,343.18800132405954,382.2638628609572,325.6321794741488,396.1386252907253,218.59829787308144,415.1102392253053,323.36691213867726,484.4840513741461,251.16151582049616,439.1787046646991,0.5565096326650063
0.375,516.1086811404782,397.9519317951316,385.0334605333725,369.59431195224704,296.1795850256714,681.8432148888844,504.1354638734821,629.8542451769324,338.7160147899961,398.2670164600497,0.45284481909635943
0.375,482.5398818721799,676.7613471642437,378.7318573195242,541.4760506504597,440.012078265124,312.763532039289,375.3832113662128,591.7057399501318,283.96517684081107,491.9160905414506,0.5545697635220345
0.375,681.7990459181777,582.2104212335007,337.4339847374606,421.3364890505586,120.01706051743363,688.7301223614342,569.8074423350436,485.1753510279177,373.913334438809,736.1532769731839,0.47333689335885143
0.375,735.8924016268335,537.3602788857819,408.7870946344333,416.3502231198064,348.28206675144554,713.5811725949819,487.4436308823156,883.373407091615,165.6325138296786,779.3803904177278,0.6010148331222689
0.375,732.9296414055143,708.5686561897455,698.908265500733,462.8587190996429,542.661946530616,646.8261591773606,418.7569355193684,782.0716288235353,265.8707524410834,624.5652588939816,0.45973694591830416
0.375,573.2559123544883,526.325244701901,514.482926696109,616.2391406718076,427.2006569497095,478.0787639375588,692.117696783002,564.9224293133742,351.76070520910497,597.3791527366565,0.5700746016935583
0.375,723.0465924903223,808.6394199859056,811.4767512841023,391.0788306013693,476.1987695472575,937.2651055041284,866.8047115989252,1151.9565070676392,531.5267298620803,877.6811482420104,0.5375525654655853
0.375,805.6307963625939,753.1567598179042,868.9083110194241,752.127857140556,696.052661225153,740.2954763510672,771.1625566714755,860.1626382619763,608.5959336506693,830.8389119575887,0.5236081754723285
0.375,759.5053475483879,1142.5177009257927,823.0690998110185,1027.8856348795032,819.8094202078097,917.0565283702977,1074.607709192211,1309.304640623469,807.3139817288305,1086.016587803451,0.6013944016440795
0.375,1328.9018053418856,953.7657431148856,1100.635050496209,896.5515952595036,775.0452606388108,1189.7003734463306,743.194085544067,1197.368248932103,605.1723268001668,894.19224895619,0.5569846167761031
0.375,1218.557085137824,1268.2299487734772,1220.4433964151276,1070.7960350824103,1034.327350387886,1071.4248055081812,1140.5895523426314,1324.819287092569,1026.1533348529058,932.4665414135144,0.6178536516632939
0.375,1258.6336519251038,1171.5027122569518,1296.7534380299198,865.8637129522617,942.1032851618988,1302.1991217591774,1307.6448054884395,2035.324293810741,1010.1743317776402,1763.7208178139217,0.6236118095029126
0.375,1698.575411281024,1820.5396702346525,1103.6278066291777,1334.9136879375783,1421.9247751179175,1412.25687654232,1323.7584203503593,1633.13117476932,902.0893055533626,1197.332054361841,0.6901408819186805
0.375,1662.8907285330029,1980.3664486777293,1356.7824254778557,1677.505979076747,1506.994722733037,2033.9557006714683,1617.421060174679,1580.88293381531,1285.3300894862025,1593.8742676319746,0.7005711035186568
0.4,306.9876095398905,340.70973331510527,144.4237163062673,366.05946773923216,171.40141532643884,455.3649541508363,220.2403532077849,503.7387592904562,243.9621230358671,382.57168007054497,0.9743644205180163
0.4,589.397190887177,421.8339100844149,365.7135096885698,352.6808100705752,316.24244583251567,229.00315043044083,308.2632419847653,441.5159462421987,375.2885543058705,477.9543104802601,0.7248558477265435
0.4,642.3173920891481,378.7488674358942,193.8619795406471,422.726816498354,341.65182196823935,456.5329950293609,323.7016386774373,595.9460852545806,280.0228593364903,487.9458157882618,0.8291139271257634
0.4,364.6440455219161,450.9388107432944,318.57691521576726,304.9514259702839,167.3988678730516,485.3269502676025,292.94801877783925,627.7457545239382,229.03798588832217,458.07597177664,0.8373113939085657
0.4,706.1288315490231,618.3933855449376,392.686875260229,495.6345155311519,515.4457452740124,590.4454007291174,587.9689970112604,575.23320646228,434.0781945444159,536.31829089595,0.9038360119441948
0.4,719.9685929435208,857.3899841277632,514.2099338605957,537.3624508535929,608.6871402997631,681.1321128262347,690.8412328555587,789.7995716159472,228.91117607592244,637.814500387725,0.8914680187822625
0.4,579.7309453174859,572.0817175667712,433.59043618537146,688.0279066302662,426.7463903031516,857.1160990145328,686.8201338275239,648.573995073937,536.251124418677,911.4658751380468,0.8359040809206278
0.4,822.5083474123054,913.55770146327,594.8849622848995,677.1795707540382,517.4054638857626,594.009487726716,657.4813931949349,633.8435801240131,480.63553244210334,609.3302924949049,0.8708120897313306
0.4,756.316151176773,927.936472747363,617.1028584133965,717.062566987753,379.2991681520215,953.040509147314,746.7309736422437,851.2550524711402,478.34600267547256,958.5177534527562,0.8537678237425901
0.4,1100.9231570870854,869.9739436892642,761.8388247042641,817.1296321490806,847.466181366595,1039.27146029021,740.7989599243779,1120.4951243241885,582.7553244847668,861.6558576134925,0.8770497712764139
0.4,990.790184839408,1187.7446114226143,1050.9707040731632,777.9699850036645,788.3648019622234,1011.0327231271252,849.092416825379,1313.576606184103,928.9683787174552,936.6277175290232,0.8785762174611224
0.4,1114.835165920699,1051.0801643019404,810.6828646201927,755.7014870774078,964.5137400856396,921.230527977489,780.2676344901416,1338.2701257222216,438.0962955270754,1063.363238008301,0.8372462050235656
0.4,893.3132026194025,1433.470761487576,1222.4618437542797,905.94846715433,1071.4704325618904,1387.9838091618312,987.4459234046178,1233.8335818357125,790.3357966597431,1528.8670087262774,0.8939331446856179
0.4,969.7026891526792,1098.0059697508752,907.5768901261848,1025.0756839371636,786.701694194203,1248.5935043477048,1064.9172289650244,1655.1123197167267,819.1151545558496,1117.5891020527058,0.8182358075795448
0.4,1665.5258057399112,1919.6502459741791,1596.2191402214771,1281.4513676585764,1368.0846995566228,1449.6644204272793,1586.1119181667066,2204.8182968052406,961.6299840683,1589.7216403291177,0.8137164261077712
0.4,1525.6736974203095,1969.3368163447744,1404.6746649863685,1645.897095030958,1158.0227911787129,1883.2413509590829,1522.5711581271328,1871.606828609663,1259.6309530302944,1600.9102752798744,0.7949590313398263
0.4,1656.7316226164328,1761.7885850973971,1510.8191747262103,1269.0214039366926,1025.5560623141528,1986.0768621400848,1655.8978371999187,1838.4968434168293,792.0961456897905,2189.5205037698806,0.7857342037393725
0.42500000000000004,391.1741684910592,351.17030233508905,305.4840688274164,313.439383119796,206.61087690782955,423.9046044368539,347.9881766181357,409.8123334046367,142.74106787471604,312.9847937316609,0.8050210241815935
0.42500000000000004,418.44239494550914,482.7343254189076,135.6668702362392,145.74653730198335,189.3342867754741,398.2830608140191,246.2707845252215,459.0334866426964,198.0518366701727,436.4223416033219,0.7768435192056238
0.42500000000000004,486.7829925698623,449.4279427803286,406.52800278766057,193.1956481302451,245.14251424381683,367.4219350392422,507.503371749995,578.1277627583306,343.19951994134203,565.2869643931792,0.7826324058125824
0.42500000000000004,703.3771524507783,616.0944421693869,516.9822070513238,565.8988908353992,276.8748245556264,755.810721997109,687.7110249643746,687.7110249643746,153.464105989262,550.5524802364723,0.8461608306977746
0.42500000000000004,561.6845782779284,713.6156527301551,338.923166085736,377.5257001540168,486.6044202735664,480.93799325436646,539.0188702011407,677.1380287940715,304.9246039705532,482.35460000916527,0.7824619773550663
0.42500000000000004,815.1327080158212,751.1487657702705,407.377052403633,639.8394224555198,679.971362562199,647.790089835146,478.9330588202572,722.7535251287504,493.3199807452936,699.2801261984293,0.9110407803032047
0.42500000000000004,650.4781804296557,981.3456356172982,577.3094357830555,504.5427172059439,465.1441623962364,693.8969959342284,761.8394016775,746.1603849675142,309.96209957433075,556.4040801697411,0.7947839548334689
0.42500000000000004,850.5350987674632,816.1571830987205,469.4070954275543,561.9303746347921,620.5001568852458,971.49443167601,672.7036584563041,769.4711247831399,552.1687442597164,639.1745802114765,0.852644416160131
0.42500000000000004,690.2908181131869,828.8046192395304,578.6596297054462,686.6457180835447,544.9424544312693,1019.26109578825,666.5976679205259,893.0495072619458,401.4166407641712,910.819369906444,0.7565355482554537
0.42500000000000004,985.8256201093922,868.2234474601133,832.8943997095045,777.2390505133438,680.9310984260762,908.3920907929904,774.819252722208,1161.5029397459675,445.72675312751534,932.1061091461376,0.8616430387169728
0.42500000000000004,924.2175514923596,900.6672741327005,1079.6493820661042,810.6528806691168,833.1564790350153,1188.503997417411,705.9849812928622,907.4706875921574,765.6456839373302,1100.5829619413514,0.8594104259235139
0.42500000000000004,1376.8091797755374,1288.9034527086085,1075.9889319555912,884.7654347645453,1208.9891553750354,1331.7146834230225,837.9584891834533,1491.543278090164,743.773781611745,1178.7358856701835,0.8319714442634475
0.42500000000000004,1534.4762497892484,1493.4179795273171,1212.138187732883,1160.6621474044878,981.7216262629304,1092.6402369705388,948.6298860518224,1395.9811889057137,974.3679062160156,793.5889550627297,0.8606791711072438
0.42500000000000004,1301.6029447285407,1768.9285888799511,1066.9624539412257,1057.8375459661602,878.5982821702958,1360.2630674253728,1101.5067484182468,1353.745276014614,952.9011042529432,1121.7119017915973,0.8722505059127653
0.42500000000000004,1096.281500649057,1647.9404842876115,1488.2126918310378,1578.2794646699847,983.6980346003772,1600.7961578797226,1208.1613200349389,2126.420214994516,1077.283040753343,2082.79412190065,0.8111144096326467
0.42500000000000004,1546.093532819409,1597.9556882712989,1737.7580203590053,1427.3367130889883,1280.7697520292998,1352.9257943971463,1041.0012362444738,1973.7684089371703,1110.9024022883243,1517.5317660488,0.8369905623372914
0.42500000000000004,1999.820434442268,2028.112154412148,1644.1530976780823,1902.8202516883969,1627.9864005524385,1868.8701877245412,1868.870187724547,2147.7457131419133,1522.0945343794644,1834.9201237606865,0.9003047343044643
0.42500000000000004,1649.179854979442,2422.424906728719,1698.3305052608996,1764.1572690306964,1353.3982631071356,1856.3147383084192,2274.0952657007683,2187.203937524625,1197.169410426807,1684.2874623233351,0.8910419476384728
0.42500000000000004,1839.5013717169636,2523.9669984023403,1698.1443401188917,1512.148245910908,2071.9964894769414,2145.464946689094,2229.1631890826907,2804.821100656395,1962.258793894231,1616.306058667378,0.8319100900187415
0.42500000000000004,2652.218035204902,2467.608891223122,2690.1654703567106,2220.4377595586243,2451.1991895358515,2991.693738860286,2361.9714366113285,2906.568411357572,1425.5928340815206,2521.9660280622,0.8515332226171272
0.42500000000000004,2714.62003651986,3140.377396874941,2655.7032216404373,2826.895476195744,2650.1450315574766,3234.866628285338,2285.527762114999,3771.7877902997056,2502.2971753506176,3107.028256377148,0.833292264809196
0.45,104.97276860186486,0.0,63.30727663272313,7.079088441359287,0.0,0.0,138.14335444137453,0.0,0.0,0.0,0.8511489064454287
0.45,0.0,94.28171842008872,48.71222118371105,48.487740901761214,37.937167649988886,88.22075080736664,39.059569059750814,65.09928176625051,0.0,0.0,0.930240492867139
0.45,31.818694568310267,187.37675690227772,0.0,1.6317279265816784,287.99997904138337,245.5750529502999,187.64871155671065,213.212449073127,0.0,184.9291650124068,0.7871852803205086
0.45,0.0,336.308758092116,18.78012824397491,65.00813622914622,0.0,279.968373360188,0.0,208.3149609831729,0.0,21.09152864323463,0.8766407429783756
0.45,0.0,101.37484569687211,202.4151209459001,14.051958809469983,66.24494867320477,174.31120332696773,19.070515527136205,263.9760833492828,0.0,45.83615135469192,0.8629169914369046
0.45,115.31098971118053,258.47998611099774,0.0,104.37936683336406,325.480255362142,479.22824164371735,216.1640265839572,77.57925913290235,0.0,106.49516480971408,0.8997764060861648
0.45,0.0,424.47886242904747,61.63665673626922,301.59320088566324,145.7571253637633,552.0163471223392,109.31784402282469,177.54458355479437,0.0,125.9868769766574,0.9268319237168208
0.45,0.0,224.0404519009325,63.951845412018606,100.31662025414768,0.0,146.29507120396673,72.31156376653288,36.78276075985431,0.0,297.18798750291586,0.8323165618899174
0.45,425.6388171175045,116.4179683575432,100.31271581796092,71.78341131927915,158.29162496045822,396.18921247369934,0.0,133.90367111480265,13.34435210422279,135.74427140503883,0.7962666824138577
0.45,145.62217294287953,626.6774890783287,285.7207462224077,119.0084654740096,350.49750591079646,328.9052526813316,3.0128725436487755,263.6263475690081,0.0,0.0,0.8382227600851322
0.45,386.4352557754318,474.7157236896418,371.4442329220693,510.8052231514328,323.13982595014664,544.1186072699992,54.96708379564353,320.91893367557094,0.0,354.23231779414374,0.8352138456676882
0.45,433.4785925017038,606.2594962735117,270.4662203919043,410.2783298044299,565.9643031677147,796.1353304538287,286.9506175715523,563.5221702522074,0.0,45.7899921656728,0.8194193883673982
0.45,0.0,618.3984308175565,289.72989448122337,663.2768654980237,265.31074619920645,764.913320509658,0.0,124.07567235186796,0.0,546.4609399326946,0.8533218692787569
0.45,121.32927831458724,626.3030902943073,46.769386612882535,375.510727297674,256.89271777223706,597.15695081091,237.9138362481613,286.038857255619,0.0,0.0,0.8158148264909361
0.45,333.7340865295592,678.6174187115519,715.7815708863357,367.181823486868,540.3667726213552,570.0980943611804,615.4383600144262,0.0,0.0,713.5517217558422,0.726130259292322
0.45,1074.824211414476,1063.7190166101948,832.0963821208783,1097.0346010230478,498.9405379924104,1112.105936828855,719.4579776774453,612.3721706361395,6.345825602441342,817.8182745153672,0.7758196920968995
0.45,1541.268854570573,909.2317349010556,0.0,765.6248860461668,515.1478240899528,829.9139986149174,318.1058686843967,425.8110053255562,53.43510655065785,632.8720432093612,0.8019852126575849
0.45,1027.1968017787297,1042.999829498409,435.977647089792,1420.4133150388366,1178.7199499144265,1404.610287319157,53.91621222006405,503.8377072978006,0.0,884.0399624358146,0.8691078051561709
0.45,990.2716862430696,666.3969028335367,1248.3900742330743,968.6800340157652,939.2368718876309,768.4665315444253,309.15320234546573,577.0859777115189,0.0,1163.0049040614715,0.7500379633126585
0.45,1457.0297407322173,1276.2382383946726,1299.7732268646405,1526.5649339389654,966.00429947225,1244.145072299242,399.0250317864314,463.2113639772682,46.00020473676801,1231.307805861072,0.7778348447335088
0.45,1789.4083293624285,1238.9126107612285,488.6689856265533,11.889756341281332,1059.3772900079357,550.4957186012,1241.2905620294953,1431.5266634899426,0.0,1165.1961214453002,0.7778092804648814
0.45,1686.8412055404249,2484.653107434446,1456.7555205232004,1267.51344823095,1256.6218181709578,1131.368072481102,1816.179312502772,1124.5608036936164,725.6548527465982,2434.2793184070074,0.8031025678448216
0.45,2411.7068725229105,2436.8779814337777,1752.5384579194467,2682.296293314787,1823.3322017312807,2502.9521423248093,182.4905396038334,2040.4330160875315,0.0,2432.158398512975,0.729228648649962
0.45,3320.507837172175,4114.065326892845,3463.1287685044563,2536.0927148446126,3724.600475946991,3766.655365955232,2671.399752262424,1819.331111225935,394.95027138170735,3927.561032073707,0.7190216883293316
0.45,2678.1857855956364,4731.114189340154,3872.427384931256,3276.348680899876,4218.403136222227,4601.894330424254,3176.307499803693,2486.4401884946114,3047.087640887794,3324.2850801751088,0.7524188488641564
0.45,4114.006430275461,3272.038392132575,5487.623663234875,4746.052897932889,5590.302692276702,5775.124944551961,4050.117256649448,2781.460808932762,1528.7766546225928,3440.888351001317,0.9187355494140683
0.45,4532.68100228084,6067.386415356123,5903.77667912737,4030.329981184143,4809.204500132249,6145.734739747333,3574.0662097293302,3986.547094024325,2007.09972190472,3737.6759459580567,0.7704084246972513
0.45,4212.58809786775,5842.876648681439,4411.226524564202,4156.872441599252,3725.681710477633,5324.47880340042,3464.060367999377,5297.832185185037,2262.5401284694926,5508.582711070314,0.7883502805622419
0.45,3651.222823636623,7457.713594590708,4631.351741077943,4837.566983608949,2814.231545128573,3493.5288146423554,4192.234577570854,3389.208162538436,3149.028056531771,6530.958034039736,0.7915159891606007
0.47500000000000003,0.0,96.72696432442956,0.0,0.0,0.0,61.13305021751741,27.95228282972019,0.0,0.0,31.773098468313883,0.768295111824054
0.47500000000000003,19.76602149874294,60.16690060606538,0.0,14.98742289465295,0.0,29.32321870692786,15.204631922111474,0.0,0.0,0.0,0.7754786713083507
0.47500000000000003,69.7848557794238,149.1430852758804,114.12469194252348,9.321442829742706,114.62855371710656,50.38617745806806,0.0,0.0,0.0,0.0,0.7255601761019314
0.47500000000000003,173.28196814238828,76.30486667322623,206.72234795933736,320.41963933697747,0.0,245.63478992815672,78.12888739051631,78.73689429627507,0.0,0.0,0.717434999389859
0.47500000000000003,104.00149275939188,269.4584130584214,171.19726243185164,142.15788458345378,55.37741822253213,308.2901392510502,0.0,31.065380954102267,0.0,43.55906677260062,0.6477553245344658
0.47500000000000003,0.0,281.87394131396087,65.34192474355663,76.8115179166292,5.213451442304273,87.23842080123774,74.72613733970907,54.91502185894414,0.0,108.0922265704588,0.6307757807813782
0.47500000000000003,372.6375541378828,359.0659470673036,0.0,0.0,163.6348052509754,125.63430545335508,0.0,0.0,0.0,0.0,0.6686732873388289
0.47500000000000003,342.764530628234,115.08882050290994,339.8456112676509,0.0,0.0,525.4054849045915,0.0,142.61006018838717,0.0,132.6023366663946,0.505916240766824
0.47500000000000003,53.90972546639575,253.1015924439349,517.1678748132392,330.76814608196804,337.6210772853227,257.21335116594975,0.0,44.31562178169613,0.0,59.3920704290805,0.6571459325435947
0.47500000000000003,13.859851523024505,339.07136761688355,403.9156729567518,143.05346750551615,0.0,349.46625625914913,484.1048139114073,391.0458108282283,0.0,24.74973486254617,0.6287988106741926
0.47500000000000003,381.0572184436972,461.3346625481124,166.81027346372028,31.2769262744494,307.0351595941659,515.026719319247,115.20334511088618,0.0,0.0,0.0,0.613993447100558
0.47500000000000003,519.8111019711118,214.7288350417148,353.60540627647947,346.3548222361165,0.0,366.9910998894763,0.0,46.8499276454602,0.0,356.9518296797302,0.6615174224788783
0.47500000000000003,240.95864643940996,318.2955064372074,12.143804462459912,105.45935454244638,14.700394875615103,331.71760610624125,869.2407404710867,171.93070528435058,0.0,495.978540151148,0.6553329998267687
0.47500000000000003,941.6573515450414,1223.8831860138705,745.5918078876093,89.5524282449209,273.40627714168585,744.913380400906,370.4214077403431,322.25305618436226,0.0,619.4042953606793,0.5574616460286904
0.47500000000000003,324.307982465286,939.0517803383702,857.6144425193098,264.49117681058283,186.6572610189113,308.45292554475884,25.94463859722385,68.46501852044432,0.0,338.7216705748492,0.6074360417691748
0.47500000000000003,370.02978995366107,240.4444586540997,87.63863446270517,322.0907078544029,295.87402233136885,733.3181464871029,596.9913817673394,474.8965320457804,0.0,23.22049289182459,0.49595810599416723
0.47500000000000003,899.3071366949847,1335.7473766760795,549.3541369303292,715.1213473451697,627.833299348949,1221.2318641672746,52.05250568582554,695.1011528506152,0.0,781.5883930670551,0.6478371301940737
0.47500000000000003,602.0081605161304,1037.739279529918,711.154115963801,861.2298047043738,655.7284354630364,935.4149462977211,146.66487763282606,608.8297827316044,328.2905691199756,610.5351882854727,0.6524151794198672
0.47500000000000003,759.3921626902924,788.2416198513263,434.60311271613335,338.7484647294932,41.87824426601317,482.9957505346309,477.4119846325014,546.2784307588281,0.0,385.27984724728094,0.6789738412873781
0.47500000000000003,1620.0584242513005,1277.450934656048,729.6832079285258,590.2146723410893,119.2557043428971,1037.9288844080384,518.4591214229056,222.34114369012823,0.0,320.3733752262361,0.6639153508761279
0.47500000000000003,756.1895832536698,1202.395067840244,681.1069295972839,752.9717552398273,277.8058185286584,1189.5237557848618,358.251518874794,1789.1123756980503,0.0,1025.414527078736,0.6366928133571066
0.47500000000000003,1577.9337129339456,1755.9218974731257,351.4125694747956,726.7850868683449,0.0,1636.1221578794475,303.49267363734,612.6900967791229,586.4482490585998,1078.1976563431406,0.6403723637548756
0.47500000000000003,2116.122947254623,2622.545532922391,1360.3647518065402,1768.603366783633,793.2231316326837,2405.507281921923,928.8720385079888,1023.1803261450872,0.0,2671.6375182677352,0.6649098009257333
0.47500000000000003,2896.8963476174586,3126.278281802164,1455.2840592645505,1628.4598241457345,2176.8497462694386,1496.2993719995784,1180.3295553742985,1470.4749158330771,341.7942727917811,1687.7041647629744,0.7172023645453496
0.47500000000000003,2324.618521359251,3166.632332362959,1457.8395982671848,3452.2566251151984,363.2216439623895,3473.719722258411,3211.209534121976,2334.52456619458,199.7719041792973,1925.0747130006196,0.6435448894915344
0.5,0.0,24.969832797384637,23.17200483597231,65.12132393557894,71.31384246933152,92.0887433567548,0.0,62.72421998702993,0.0,47.14304432146246,0.5771860131308403
0.5,0.0,0.0,122.82406804187598,54.33898439878492,0.0,14.370640502157258,0.0,123.048609299722,0.0,3.817201383384684,0.5991418852414753
0.5,43.29746531073833,136.1591343324543,239.27546619092456,98.558703931025,51.27331418377163,215.91762306276465,85.74037538508128,238.99061444545944,0.0,235.85724524533975,0.5894693601588729
0.5,93.80156705332918,170.85285427570616,337.23896726315627,37.12978695861047,92.68488173126676,196.2574453526485,0.0,31.2671890177764,0.0,0.0,0.5698473637502038
0.5,330.5517684354018,201.7482960430766,204.3769383367951,132.0892752594733,67.68753906331443,237.5635472950245,165.9330447911324,0.0,0.0,122.56044694473634,0.5921104331555114
0.5,236.85351385237664,504.52025913069104,151.83869461695954,67.19511913367023,329.6644518823049,0.0,4.083681273317349,178.5682447695799,0.0,109.88815062743215,0.6374798519739147
0.5,62.62350743699747,243.62071795612616,0.0,140.90289173324757,120.66480701275536,119.51925504744112,286.00614067263143,9.928117032694455,0.0,40.85802009608773,0.6196135578895886
0.5,66.27495481223288,160.23438441944705,278.942056646415,83.05342438494867,348.9921671125105,170.30146616307272,231.12341836417284,61.66087567973042,0.0,0.0,0.6199085319224859
0.5,246.27566103386027,250.87894441767176,128.8919347466906,257.3235411550058,127.05062139316809,410.61287783589046,101.7325627822127,219.57661740775777,0.0,204.846110579562,0.6051567315783566
0.5,221.87279396725145,179.90989597779298,78.62014221013412,219.94346532405967,0.0,617.8674979827097,54.021202009417685,82.47879949651758,0.0,148.55830552589453,0.6047136175888149
0.5,201.0346178121792,677.3320200133454,364.4396789569493,216.4988191823504,0.0,63.91869899669371,284.02583183208,274.74731100997604,0.0,234.54038744754135,0.6579043391795402
0.5,294.67880664810207,604.2015084072082,496.9955992721688,92.36201402403525,26.93892075700976,596.5046739052063,0.0,423.8756715031415,0.0,239.70141734808317,0.6250883396848459
0.5,623.5282459439456,398.8658528967045,285.93395478739666,306.35780870078406,211.44695816210776,290.1388658872143,4.20491109981767,333.99008164241866,0.0,413.2826909532125,0.7770423524060598
0.5,438.1177809989579,428.8384331411896,413.5937902319963,747.6503131116903,478.5492252363815,365.8714298206104,0.0,526.9343962090285,0.0,144.49270235668752,0.7057322453070973
0.5,416.6730621217658,786.2800640703122,852.7262666677979,617.395965801693,405.5986950221861,759.2862942650823,492.8093359313925,600.0922672085886,87.21064090920643,592.4786398276251,0.6298986828982335
0.5,142.1342030641416,731.2915214647521,468.38006812847976,517.7219935445355,553.8078792965647,29.45786592002844,0.0,384.4251502563866,0.0,0.0,0.6374671266490877
0.5,429.6850802729327,754.5494053954895,819.3622387327432,234.44642182490117,644.1275411912727,609.7207284319826,554.5097963298787,772.1528909932565,0.0,218.44325309964864,0.6325658882583579
0.5,216.2571076379793,756.0681186266238,363.47829245306247,1517.1267858910423,156.3705239843833,1108.7335556977878,870.8507372960114,380.9452126853541,0.0,723.6295524809188,0.7328332105264246
0.5,277.07837651323445,1297.5598481812367,1118.2738398491456,277.9838614037997,303.3374383396483,487.15087112456575,801.3541281510077,366.72138067926966,0.0,1071.1886255396994,0.706178199770931
0.5,957.3362371298484,850.0324678609104,131.56375188626288,282.7221051173028,326.5766890793833,543.9834563808051,277.1236475902221,55.98457527074294,0.0,554.2472951804335,0.6932682441140984
0.5,1034.6656797434866,1131.031600896059,1093.4996105524226,704.9927915899264,637.0294577244272,1462.733245284409,517.3328398717433,460.52766529758543,0.0,0.0,0.7299921681396336
0.5,1211.921481646018,1912.3391838917587,723.6176576828935,998.7028435806808,966.6648098817348,921.369658790137,965.560050099014,698.208182680286,254.09475002605097,1009.7504414078908,0.7315109697435289
0.5,1377.2526391566544,1090.9631683995335,1499.7798200568136,781.1107782385432,540.7690003189955,874.1843098838556,836.4836388376588,1175.7896782534829,503.0683292727854,1255.9036042266744,0.6806139311435399
0.5,1320.4956419697703,2576.543417716713,665.0471301716946,227.62437857423964,1467.217379966418,2451.7613788597605,1128.5232744975324,865.2468848213066,0.0,1700.3266833255584,0.6914744845987428
0.5,3044.565476943444,2174.0125045532845,1608.390065141885,1734.7861409880177,1850.1225601976057,2761.754257237753,1145.464437355474,1676.3279559091677,1072.7866937439485,554.5627827748557,0.7204795820487688
0.5,3122.2143868018047,3500.317413460375,2896.880259803253,3420.1137411388686,3513.684692180615,2967.5358758960165,3257.7967852500856,3486.9501347401133,1189.6878061024413,2768.936306337988,0.7154714200900498
0.5,4297.557385458533,4425.397466334845,5533.344833929497,4606.504247576287,3541.1702402737224,5339.454044600438,3566.7382564489853,4350.824085823661,1587.3476708808053,4757.781676613234,0.676692372336098
0.5,5464.41043001748,4686.764935516287,5164.958881388662,3282.3603857454214,1678.321470222028,5072.105688015388,4514.986527775718,4654.266317835616,3215.041820549776,5329.773299626215,0.7676858300884343
0.5,3518.8784447489493,6656.048041253939,6028.614121952942,4721.261316717422,6152.669497632249,7009.128725879601,3986.471783847801,4914.501421140883,2450.0936696658746,3373.3519463559387,0.6923272355593874
0.5,4027.9561073042864,5112.405828501601,5039.786427528549,5080.937421413286,4449.148632947887,6359.03887853868,4006.170287012397,4778.356584025644,1147.386535373941,3379.222791945167,0.7323794447582878
0.5,6414.415576587678,5970.050975000198,6886.396057369862,5480.49675291231,4122.29760342741,5241.99597804896,5495.55995974577,4616.872894459785,3399.263675420629,6853.75910923067,0.7448654596270493
0.525,62.97387841040292,176.08996721654603,94.16470219987951,145.6887845356631,38.889824598273776,93.76988164558269,43.82508152698865,63.17128868754909,0.0,0.0,0.6844826571291516
0.525,0.0,74.96631744004755,94.64497576805783,22.021355748014933,172.65679985410716,41.70001407602522,56.92754730603679,275.26694685017065,0.0,0.4685394839998644,0.7096115585150706
0.525,103.4974988926384,165.3016925441657,118.45803783209304,253.10288828721005,163.83016412389256,167.75423991129037,38.99550313727424,84.85813890249254,0.0,141.0214736096367,0.5986832906670423
0.525,129.73646550552587,122.17084008727755,279.64793212638267,44.27291911419792,202.59063619977437,68.6510454618855,0.0,0.0,0.0,3.642708534712266,0.6429969620006211
0.525,287.2837428719989,7.8288223768441405,229.07815041807413,194.01864151308013,140.23803561997977,279.4549204951548,125.94192519270167,179.04176392259504,0.0,0.0,0.5513533196828614
0.525,33.18490679796988,527.0544020853898,415.7873616451401,57.390368227076856,270.5545930705026,492.30785261457584,0.0,209.26011816130645,0.0,224.48613422155495,0.6085901832834727
0.525,144.6035025199357,318.78499419167764,144.6035025199357,14.788994575903148,446.5454751112811,337.27123741155776,0.0,173.35988086196568,0.0,513.095950702843,0.6890026203265422
0.525,74.11968543850503,298.73848826129466,175.35632896426924,78.18722915159518,177.61607547154384,400.8790303899667,90.38986029086054,114.79512256939122,0.0,209.7044758747958,0.6227479308920082
0.525,198.52065904102295,234.7843859852837,357.5231541043236,190.61702624548064,223.6263161562849,171.55532362092887,0.0,114.8351353234922,28.36009414871304,0.0,0.6623467535729134
0.525,319.69192439053285,437.394411373632,0.0,499.7368303265444,163.58650733244627,339.6414984554637,425.4246669346781,261.83815960223177,0.0,162.09028927757208,0.5779427154822109
0.525,579.2174529119895,515.3331750172883,498.82973656115314,710.1802225961362,340.1837797893021,547.275313964636,0.0,319.95375845597914,0.0,142.67488729817129,0.7088915425491977
0.525,378.011521688966,656.8903388427833,437.9268925618514,585.5365789850651,606.7793013854528,587.1706345543244,291.4065765181499,298.4874839849396,0.0,217.8740759014196,0.6336890117933881
0.525,540.8502781394027,691.9092276745084,445.4758041192005,498.19833944714384,521.3014729054527,824.0117600130425,0.0,0.0,0.0,887.989668051441,0.6247273154023415
0.525,393.4425570786252,693.5364819841433,23.80703370857905,634.018897712692,731.1265352082173,1002.4014193086036,320.1419532916861,103.37264636619832,0.0,190.4562696686324,0.6721763590688403
0.525,659.7784315150249,751.8566386414691,442.3907846150065,141.23273875033638,0.0,865.3966835191852,87.92430304555582,816.242151895293,124.61712242675952,478.3912866494034,0.595333341804923
0.525,661.4219652465554,893.5381444694888,640.3204944081009,728.3645623892178,226.29508381922872,832.4166427305311,194.2790590988278,666.515423724797,0.0,674.5194299048993,0.5994085205632591
0.525,679.7103066611431,505.0842716548882,591.2226745727684,101.01685433098297,248.23521568155363,646.0380218841548,111.19684740309658,823.7963624510662,0.0,1018.7823836015572,0.676344249786825
0.525,347.7107471146739,1231.372811294988,830.2313347182503,533.4852833981623,120.01363848402704,721.7258533491286,0.0,426.6238244740258,132.34380682141554,226.8750974081543,0.6736461766935724
0.525,1124.0497548839203,944.060626158398,501.14620154949824,391.7410448732076,415.5631354398197,1539.6128903237302,598.1991631171957,618.4920550813397,0.0,709.3689190947154,0.6505298998228257
0.525,862.7625429209071,1011.3237936270748,1158.039562958002,635.7683337673823,1260.4637792833832,831.3893595419622,772.3339555345433,343.2595357931221,106.11517907583114,1044.5424583812396,0.7097571973787657
0.525,725.3430878372775,455.3104708978558,1741.414723109326,498.67337288813314,1045.6372502654224,1190.5087637329243,698.7340343432487,651.4290503538481,42.377381490488105,1308.7712237063868,0.8021413513444323
0.525,614.4395956909084,1117.7348276561518,1373.5765705718252,1228.8791913818168,344.9669402428552,1278.1601828450716,257.9388063821935,754.942847947865,0.0,732.9236815493935,0.6226256484737404
0.525,1154.8414378765808,1204.8050792399792,1094.657960779771,582.5306368050028,471.247981041082,1383.0844359229848,943.6314993858894,606.3769201829766,0.0,1928.142341705452,0.7020267755814148
0.525,1835.265485562625,2037.8032473410324,1158.068674708434,1328.299799638767,1510.9565541260458,2184.425676113139,1822.8398560056787,1448.828406341244,101.89016236704384,1846.4485521638908,0.6279617634785647
0.525,1964.3991618509788,2241.0751001398485,1231.2079253854656,1337.7281616266937,1377.8461726785747,2059.8523605606306,672.3225300419545,1881.3963803642991,690.3064660307303,2267.3593142772825,0.6148873443602293
0.525,2080.057487811738,2872.5368861820416,1850.190238385857,2591.2308117098214,2340.46653960888,3912.5656300879104,1877.5171141917413,2428.877020157266,123.77467276777386,3443.186351539966,0.7082469390475477
0.525,3494.780755776672,3488.969036116295,5513.384717816187,3386.2953221162093,3864.793574154374,4110.8230397772295,2768.315798228881,2630.771766266466,2741.1944398137434,4068.2037622677526,0.7069329543685018
0.525,4721.114339134527,5921.10863842696,4991.805770768873,5503.348633699949,3237.640036634483,4194.651476034643,3487.017182313364,3114.017178092778,2570.5028862285417,2783.645745783148,0.781442815179121
0.525,5626.3301479697775,7775.40379465333,4620.969514971896,5386.519354777632,4129.818563530299,5757.764909623182,2061.450472247958,5029.109038000847,2877.7295183058345,4348.87649961927,0.7077359158726267
0.525,4618.931172992346,4889.535221511109,4954.853440119076,5505.392711243419,3872.437246044102,5085.489877335009,5379.4218610709095,4499.958703384969,2360.787043973872,3198.259918268932,0.7245972553169665
0.525,5256.836064655731,6771.794593057853,4411.820675932207,5996.808103952315,5880.093271255696,7355.36875654095,3102.2802530761605,5613.98345270738,2801.1559847188646,4698.939164365895,0.7066819105453669
0.55,159.04125686038586,134.3375695702806,131.9934240609986,77.89775846223026,144.07478937805865,77.71743957689914,0.0,104.04399683496806,0.0,32.09676158860327,0.7547186591637212
0.55,56.74139656065025,103.31662623751843,104.26231618019509,30.02565568001061,127.1952972901254,147.2912085720231,152.01965828541174,0.0,0.0,18.44095388221086,0.7822958096089884
0.55,381.89560185478473,231.8915341590889,90.24834892511568,162.05357477289428,234.1047089283677,64.18206830914328,98.11741477144864,0.0,0.0,42.54213723173121,0.760521017734464
0.55,380.06826875149073,255.51981330463835,0.0,101.64941206873031,0.0,246.30434462807648,35.74484819999563,127.0617650859121,0.0,11.72877831562163,0.7275260683593776
0.55,220.1248572428531,194.95862899077687,200.6927063140334,418.5876445978437,0.0,141.75913382499067,41.41278066797762,238.9198884690891,0.0,104.16907137252228,0.7550741242322543
0.55,350.2662087454873,414.1187420573628,291.58093246463005,75.66340652563457,376.840673476442,396.771522024656,161.66132711330152,0.0,0.0,100.02333252900344,0.78769981194939
0.55,176.8112357025226,57.96406076096781,272.3059832871381,193.4915409574766,0.0,148.4547167690966,62.96815233745447,583.393676292049,0.0,314.8407616872724,0.7463924986063925
0.55,285.90579176453247,489.80412288187466,434.6843542501485,258.1218433485432,159.08551109155337,323.99668878645394,243.7817409402936,502.7998406893467,0.0,222.71971552816655,0.715385123775848
0.55,201.8148254487436,484.63982731001295,227.39698642111787,454.3202291205309,270.5076650967925,387.5223643593231,476.1124403192233,522.5393250468642,0.0,105.17110621976391,0.8770753355450415
0.55,294.73017525066723,628.432935658451,483.7472132626665,385.34143574096186,0.0,73.56075448405093,268.9108375840865,36.53679858479373,0.0,122.27648593044256,0.7788062869413496
0.55,79.78227782626756,643.4388900014698,428.9592600009797,470.922665870644,416.0075915226952,813.8828471757765,0.0,495.2718026098257,0.0,6.734867608710823,0.798056181217775
0.55,332.18591751361527,549.1693114450653,474.23174756152144,338.3375085786829,0.0,679.4711949142055,456.8954454690633,523.44447608205,0.0,423.9005479382418,0.8247665812219611
0.55,201.83656754063537,185.4080097175556,245.84163313815023,198.9028965007966,417.75475607247154,668.8769970823262,32.27038143818647,198.3161622928302,0.0,438.8771875592827,0.7568465801904205
0.55,466.3982406007645,326.78764142755523,0.0,279.8389443604657,470.1047166850126,498.5210333308824,0.0,635.660648447931,0.0,669.0189332061293,0.6882704295974433
0.55,691.7618360355387,768.1812511595479,310.9937937220265,637.935987122114,0.0,400.0390252578236,314.9808936415437,411.3358083631082,0.0,151.50979694149993,0.7149342895228463
0.55,500.2956833862532,1216.4774274973608,974.8029294845616,560.7143078894571,206.3074983036157,675.6570569443219,197.46574837631772,741.9701813990523,48.62962460013445,573.240120286459,0.723875977737836
0.55,894.1439855922238,494.8327485939509,647.5105745050525,144.0652306033035,1015.503283111314,691.356514253888,758.6913502967361,819.7624806611681,0.0,439.242360698109,0.7589343287949905
0.55,946.9989153605834,1334.9656274443478,621.2378364379186,623.6933219574432,577.8575922597879,871.6973594287077,348.67894377148303,599.1384667622627,0.0,1082.0506189340342,0.7950761179034961
0.55,622.98061512111,868.3444886744018,1222.4689444764813,117.46142882870342,480.2867312106888,1279.8945319038537,104.41015895884966,522.9208794522182,0.0,772.635176295458,0.6859551590020895
0.55,338.6874988825664,1371.5517252398292,107.88479076676172,259.9846597166457,622.5483008180856,699.4825368566738,574.7960163803285,656.1517602372329,0.0,911.7149121355624,0.720265329130749
0.55,1093.3054139851447,1163.0705321852363,1025.4516688864132,1165.9375918373034,1260.550560355249,2048.036278120759,783.6629715627791,1214.6776059222934,110.859639879609,973.8445951493449,0.7386146682006182
0.55,409.4567226715518,1066.7686043452538,1543.6419302653856,566.1011831609148,972.5836439244434,1273.9755172710543,634.5092070455137,834.7761755192381,0.0,1248.1985807348206,0.693235862707171
0.55,1079.1371470464394,2015.0167464713925,1325.9165721461952,762.2974614310649,669.2323392536002,1209.8465883068968,685.9631477349488,574.075866015982,0.0,1804.8359649245588,0.7362281454001418
0.55,1516.7515814725,1722.7020962860884,1326.730940732877,655.4005333294492,300.39191110932984,1561.1276592500133,799.9072481434189,1010.4091555495688,0.0,581.4404037002605,0.6985770905657197
0.55,1530.932527218139,2096.765189277964,1862.8386991190216,1402.3341949318208,2124.93434777878,1508.88709882619,1849.366492879515,1272.5111166237157,0.0,1429.2786074108494,0.6914125404093763
0.55,1373.8236008058125,2275.438486560776,2514.304298560164,1742.47777308234,1371.0621463318337,2191.214125104337,1061.779245245902,1313.0716023782118,20.71090855485826,2025.5268566654397,0.6851922592522638
0.55,2702.709985465376,4431.059178267353,3503.9210411449844,2282.428351150148,3236.3259930791155,3039.564928324775,1940.8511427366493,3146.6029475511364,1164.8255033455891,3151.3252131052363,0.7312942415550547
0.55,3103.8195329932937,4643.854769198902,3377.847155093937,3207.950029391548,4472.13079268251,2985.0742300830184,3522.1683694002904,3202.4694769495186,1472.4417560874492,2972.28627438498,0.7652763977703027
0.55,3364.68229844789,4699.812788595979,3947.842742420609,4847.521190523278,4809.155371840875,4070.61336220436,4730.505443541928,4565.532423207514,3182.4446597064048,5492.066944387872,0.7422715385036568
0.5750000000000001,57.591321094161415,59.37987143870099,110.53241129251916,63.31468219668762,78.69621515972261,134.32013087489068,117.68661267067742,37.91726730423026,54.01422040508229,108.38615087907208,0.7545151188916022
0.5750000000000001,144.43571032157683,247.63934607271895,139.25083866900653,0.0,142.95431842084406,8.641452754282902,0.493797300247063,198.0127173981263,0.0,162.9531090807505,0.71002523486195
0.5750000000000001,165.04877236334875,162.95623642213252,246.9192410633896,169.23384424577827,137.06110414959446,53.88280048628943,356.515810984536,160.0789995029613,0.0,40.5428838610429,0.6806241568509906
0.5750000000000001,150.3564604155461,452.945486813319,65.93170991483616,42.07836770987778,270.4272166832195,261.3147039307613,99.96962519607636,47.17065424801411,0.0,63.78758926720111,0.7390368063800046
0.5750000000000001,74.89992325888974,129.1484273476373,0.0,156.5809095288769,345.8342135657458,374.4996162944557,89.69496982855135,40.37814792968869,8.013983558564222,67.19416983719313,0.7804645558329799
0.5750000000000001,279.1241335225987,184.09522291076783,245.2118556179809,267.9442616859142,304.46517635242304,416.63655711383655,239.249257305087,464.3373436170299,0.0,151.67359458437352,0.7718783701433269
0.5750000000000001,0.0,0.0,297.3512767143798,153.23115930964158,222.80638840158403,184.705667708378,234.4022599169117,262.9778004368103,0.0,6.212074026065533,0.7923070612509037
0.5750000000000001,325.33054359054944,260.90865377063494,288.5180351220261,141.72815760380462,185.4430114101744,444.0508834015237,178.08050971646662,41.41407202708416,2.7609381351365028,154.1523792119241,0.7432293464348967
0.5750000000000001,587.9236007530797,430.5228702762318,559.9739383319551,165.73659470770684,164.2655598434386,557.0318686034185,0.0,455.5304629688144,0.0,489.8546098017737,0.7670041162583706
0.5750000000000001,251.1049249836516,621.0730419165349,408.5600623709386,305.64820786944784,0.0,276.3183293365188,273.2309737014766,252.64860280117264,0.0,564.4715219407046,0.9276278246134199
0.5750000000000001,405.4871873204922,486.0475556623123,442.0078876354541,329.7604410791829,233.08799906900128,788.4174715052769,658.9838130360938,263.1638699166112,0.0,99.89485674385767,0.746177758749922
0.5750000000000001,224.7712688208007,380.0677818242602,290.74309577339875,252.7946997387196,50.20864706127027,406.92356978726696,157.63179891329054,145.95536936415544,0.0,381.2354247791724,0.783075519802124
0.5750000000000001,667.6758941033768,963.6251733484778,442.1339030657709,474.9508594336799,610.3953884430316,394.4001483488211,628.8922183958542,639.6323132071587,164.0847818395243,655.1457834901746,0.7042489496318506
0.5750000000000001,591.217576654221,696.3920718695545,565.7018707144023,931.6344339488112,296.231122618325,359.7092203222508,349.1295373715988,790.9868841342216,0.0,552.6328505988928,0.7680139048691523
0.5750000000000001,505.9937692011897,749.8146009924374,541.3871157515294,561.7055184008038,975.2833271649836,639.7019672802577,369.0084094044929,563.6718154313692,0.0,496.8177163918351,0.764951400170067
0.5750000000000001,981.5915701426622,783.1847634116973,717.7453254021827,284.7311717647882,467.82236534458906,1129.1783877811336,190.05283592123985,373.8401937351839,0.0,460.1645587690071,0.6694551278876831
0.5750000000000001,588.491186147405,1411.3102505662089,454.9166627027849,861.7464969655273,1082.3352813969132,1080.8087154146815,0.0,425.1486260494154,56.48294134229351,760.2298591476109,0.723508339208052
0.5750000000000001,730.0354026923087,778.9181244971735,661.9201346035625,1307.0117912087355,782.9249049729783,1435.2287664346,0.0,303.71396006628095,0.0,841.4238999197838,0.8459337956454407
0.5750000000000001,1181.2275129504812,869.5736687716008,1073.379997389943,563.8641758440832,687.8463590869121,852.5898080534016,777.8608208933523,882.3115643102454,140.9660439610184,647.9342863991508,0.7857244649703711
0.5750000000000001,755.1487616705435,1860.651425558002,565.4834912974701,526.8479732585174,460.1138966457726,1497.1263240096162,1184.529859876234,657.6818866177167,0.0,670.8530859491775,0.7830463034951205
0.5750000000000001,776.3805731153993,1272.3230725479011,1519.8237885834765,1072.8167919412767,375.4858771794485,1284.5569482454766,847.9016925781505,890.2497238389839,364.1930688432241,1317.4943058927988,0.762213282618409
0.5750000000000001,501.4971820495834,818.9497671916504,1081.8706199166804,1383.7427100824527,847.1894143361977,1263.9676549521614,153.85738789094484,1047.7882871560266,0.0,913.4065179854588,0.7243288304963786
0.5750000000000001,763.8283734309017,1469.0616935575204,922.8720895425406,1135.2791577705964,853.8136338625012,1813.307631720225,825.5624474479235,861.1380155255189,668.6114118114359,1653.2175753709985,0.8275743900595364
0.5750000000000001,1574.6916903510785,2011.012512885858,1252.0986010083172,1526.5761109236907,1442.3738469257528,616.7542453875052,452.7238609759343,2032.8832308073927,316.0318739662918,1460.96395715906,0.7458130418508381
0.5750000000000001,856.6629584006654,2012.1075480691304,1883.7248158837424,1840.541533239567,1381.865044613605,840.3233379406956,1607.1183838116065,706.1050270196137,84.03233379406026,784.3017820779799,0.8300370812706419
0.5750000000000001,1369.9563957588323,1346.0325248770218,1550.0150029219817,827.2622720712868,2168.2581925521267,1634.3781265578746,1449.2829149985434,893.9972803205504,538.9166703904198,1416.5449864234256,0.8530364016124176
0.5750000000000001,1213.4325685114882,3901.336002541515,2257.585756539636,3501.077280464064,2721.126490012746,2352.508773633107,2517.0420032617963,2148.4242868821398,284.76905128039573,2319.285717650388,0.7673747981534679
0.5750000000000001,2705.4361532236703,3410.107895458688,4186.684917513579,2680.269305286729,1788.6438355199816,4770.915316050255,2570.613753561381,2753.9722171020985,1288.902140771672,2852.841976854472,0.8293170210376367
0.5750000000000001,6097.276736282838,6184.818397966721,5491.050729121888,4066.310185216631,3832.1362402122177,5134.31845776007,3794.9310339965737,2352.682157754504,1737.7019844251738,5733.978840294682,0.7575764728344356
0.5750000000000001,6697.755521765394,5082.594007929225,5646.022442988349,5941.822371394417,5293.87967107642,5235.189209091067,6232.927062841635,4512.122717431842,3357.094425560636,6329.179420497537,0.777737700512724
0.6000000000000001,0.0,31.380014825401084,30.941746461917933,0.0,0.0,16.128275776184058,0.0,29.10101933528812,0.0,0.0,0.753035799880364
0.6000000000000001,18.61868094018057,93.0934047009008,54.19366059373894,15.46015470925696,0.0,0.0,0.0,36.40617076695906,0.0,0.0,0.8250563095997383
0.6000000000000001,20.430880842920796,136.98419155634608,46.89373602994269,0.0,0.0,0.0,8.172352337168153,75.88612884513496,0.0,0.0,0.7768435192056238
0.6000000000000001,0.0,88.05472090863637,0.0,2.273713450692458,19.843317387861767,0.0,82.68048911609127,16.949500268798086,0.0,0.0,0.7925087349256313
0.6000000000000001,22.97910064515856,130.37122406845032,55.3374260434427,84.41302277813318,51.35125552336398,0.0,0.0,33.53072849242459,0.0,120.75751869649604,0.7809792497746779
0.6000000000000001,134.152196227635,134.15219622763388,155.14547884340914,18.1771105575616,73.47648915521228,0.0,0.0,55.55539423930599,0.0,75.5246142884579,0.678009784312696
0.6000000000000001,70.73889246507207,60.37198581070765,49.39526111785113,85.98434342737201,100.31506733193316,3.963817250198009,73.78798265753129,150.01523746903095,33.235083097814965,0.0,0.7459878527544044
0.6000000000000001,33.71672059084574,226.18300063025805,157.69591193010174,0.0,0.0,23.88267708518363,127.1401338946476,139.4326882767267,8.429180147711435,117.65730622847131,0.8093385451053304
0.6000000000000001,244.17822937160264,241.4949521257596,216.1954809506805,0.0,101.96453534198736,0.0,89.6981250752816,166.3631892421898,32.582652270937444,139.53041678377227,0.7428407695517603
0.6000000000000001,249.02732522486735,269.4131897296311,342.56246824672866,86.34013202017846,282.6040432327137,0.0,25.1825385058856,39.57256050924783,138.7038231990846,0.0,0.758836332431919
0.6000000000000001,140.75989194494144,207.6426977448683,213.3255505252523,415.722538011302,174.85700862725488,0.0,118.02848082339791,127.2084737763277,245.23695459972743,368.5111456819421,0.838123911579773
0.6000000000000001,106.2892282124367,189.49104210004143,200.38133187590495,245.24932575246768,105.85361662140112,18.73129841448728,77.53886320415518,110.20973253174763,66.21296183725607,246.9917721166045,0.7430589179773803
0.6000000000000001,246.83010600136168,368.642366105932,141.0457748579207,118.14873348488334,283.9233130256848,147.45694644237278,38.9249703341666,242.25069772675505,270.6430290293227,370.9320702432353,0.6935750153376271
0.6000000000000001,248.8740550566927,429.9595579741351,277.3168042060299,215.69084771580057,247.4519175992246,159.27939523628282,25.124428415248406,249.82214669500408,0.0,219.9572600882008,0.8148058900224419
0.6000000000000001,129.35487711847918,219.54254044809792,237.58007311402125,456.6072554859509,97.40267639598504,60.29689491180192,63.90440144498614,253.55617347526723,223.6654050574504,416.40932554474745,0.7307335319298279
0.6000000000000001,348.9444572441266,381.6069649424859,131.1944059217398,506.8132444528601,9.79875230950687,126.83940489529128,270.01006363976217,331.5244531383348,160.04628772195545,205.77379849965573,0.8564790564542399
0.6000000000000001,272.54247501060433,678.1186419270305,335.5274530368126,182.47984287967125,279.60621086400965,204.25969509433904,317.86811340329564,367.3142643771402,203.67105043988963,280.783500172911,0.7700590463593434
0.6000000000000001,196.4493664858139,667.4320747798849,504.4472691465422,268.95591499950933,312.9556153796115,515.6021227640326,250.9842063935497,386.7015920730232,233.6322118774547,205.12536374386403,0.7756482476235791
0.625,0.0,0.0,5.4032481403265,0.0,20.02380193179792,32.26056977900761,0.0,11.04487487507884,14.70001332294711,0.8740548462293235,0.8005819309581614
0.625,0.0,15.44952778905308,0.0,0.0,122.63062682560933,0.0,91.08784092295932,22.36962877789961,35.56610043104966,47.95790917851928,0.8128980651751632
0.625,0.0,0.0,28.99433484172065,0.0,0.0,28.612830435908062,14.497167420860327,0.0,106.63048142448471,0.0,0.6954838140618056
0.625,0.0,0.0,0.0,0.0,138.67262028325638,61.86293539582327,29.063124011461493,43.59468601719169,92.5868093507978,0.0,0.7758876996063889
0.625,0.0,21.69921240556473,53.7658262937863,0.0,153.34110099931954,82.21590478108169,0.0,96.19984166466725,185.64881724760383,2.652125960680217,0.7731224978831928
0.625,19.0862681463223,29.744833474789075,2.4787361228995217,0.0,160.62210076385608,2.7266097351877887,31.97569598539774,72.62696840094186,82.78978650482692,0.0,0.746866289718287
0.625,207.20321361951187,0.0,39.981465163202046,97.76489656695388,292.711018676579,0.0,93.97103490913088,48.736530527407055,117.31787588034372,99.22407412765266,0.766066759742033
0.625,132.09156474211727,68.03711249280073,230.3305174146491,262.8555760697444,363.4177472176388,137.40177840009332,106.86804986673924,204.44322583202344,70.36033096816493,155.65563784938047,0.7246799131188612
0.625,0.0,236.63860583386491,234.79849225817435,0.0,203.88458418656452,0.0,165.97824452732996,180.3311304177201,122.55156414102214,0.0,0.9046080528567414
0.625,111.08282096756572,336.5036371435021,345.86226308582343,3.662071020908497,78.93797533958792,0.0,41.91036835039934,150.14491185725694,109.86213062726348,16.275871204038147,0.6583114009953761
0.625,13.268413407214425,333.4223885232381,248.247734715632,154.51281419369587,175.48546764380876,0.0,116.41962731491756,228.55912127266828,47.509480264543534,83.0345871290218,0.776341465374525
0.625,176.37175472177734,319.448841460362,354.54322122643026,99.43407600386016,133.62859987848876,75.1379669350435,49.042146083351255,305.5010751430771,280.7550381285444,0.0,0.7272559392542147
0.625,158.60952715195347,255.356687408862,327.4519270233856,136.74838997851634,228.3791138756846,0.0,29.768357002125253,173.95883623117246,113.026730492448,18.140092548168763,0.8304329400969626
0.625,54.68229073247443,335.8363696313024,487.3014758194837,324.70634585389524,114.20372223773298,0.0,100.17021399665616,343.5789948677582,90.4919324510859,0.0,0.8279309788321849
0.625,407.3887075920183,290.1876849304939,469.8276803636591,0.0,330.6194787744247,32.243076103388454,141.25538102436835,258.9681985446735,369.51588804200657,457.0328088940594,0.7996387311804235
0.7000000000000001,0.0,0.0,3.678023489285708,0.0,101.08223175725796,15.34623593805258,6.341419809112763,23.716910086081985,42.36068432487336,9.765786506033642,0.7704524520487761
0.7000000000000001,0.0,0.0,10.790451406188568,0.0,76.26060600553137,26.066820812701465,0.0,18.18615405537307,0.0,38.91836967849871,0.773823689251259
0.7000000000000001,0.0,0.0,0.0,0.0,51.71829924322995,30.6087893480338,89.31961374404823,29.02557610589488,103.96433623384046,0.0,0.84300839117218
0.7000000000000001,0.0,0.0,0.0,10.89269248458362,51.24168013874358,0.0,0.0,77.16935661613178,74.40782894398447,0.0,0.7942752914371906
0.7000000000000001,0.0,28.46927589676572,82.85540985127618,0.9816991688546984,129.9769699562678,10.209671356080854,241.6943353718508,81.8737106824225,2.7487576727915126,0.0,0.8717930001868117
0.7000000000000001,0.0,0.0,42.803352313519525,0.0,170.35734220780887,7.704603416433112,123.27365466293652,107.00838078379994,54.146240676602446,0.0,0.8279783055038491
0.7000000000000001,0.0,38.44580072999462,29.69765445610365,0.0,72.74774269867216,0.0,43.97094574508328,8.748146273890978,117.63954594627022,0.0,0.8401205465089783
0.7000000000000001,48.202649262226814,0.0,0.0,42.21135952341998,80.06541741861487,8.442271904683711,32.40743085991531,180.82801757129212,25.05448436228751,27.233135176399344,0.7201082914806091
0.7000000000000001,198.26720302231985,0.0,44.32663637760787,0.0,218.5406258616917,0.0,178.68101485547166,0.0,122.3277717087458,74.90857930479386,0.855418467053237
0.7000000000000001,0.0,0.0,83.65365124329043,156.67917466468583,427.5250127064864,55.540538940216535,241.3613544068696,215.6481419345461,160.79328866025904,3.428428329641933,0.7429115474876461
0.7000000000000001,112.13749966357392,0.0,282.0202234064005,82.33351304202748,342.0007464822661,220.17695116668668,173.60822207051888,194.84356253837225,184.412167220829,78.23546488156434,0.7909549954879447
0.7000000000000001,131.76383072721816,23.01898247644168,126.2075246122163,0.0,409.97601548559646,96.44159899612666,133.7482257682922,325.4407867359036,278.2121847583762,76.59764858540093,0.8064031178156387
0.7000000000000001,0.0,0.0,264.61048548100547,98.14800686958785,259.8544146635361,239.10065109639743,168.19195890867672,335.9515477430409,223.53532842104508,301.79431187212606,0.7914147153271924
0.7000000000000001,143.50322584474537,0.0,128.12788021852404,0.0,530.2164643224717,604.2976750669986,494.3406578612853,289.3360495116474,444.4872644671688,55.91034773171856,0.8611658390359279
0.7000000000000001,172.96811793109063,339.1837267537667,341.7808456416201,0.0,617.0754477541697,186.99255992550616,404.1116989501213,91.4185848524698,279.4499923331189,30.12657909910893,0.8573277901726684
0.7000000000000001,287.62728973335044,0.0,105.96794884912954,212.4765504985118,606.6124418812444,278.4361921290904,270.8670529255829,375.2130433739598,430.3596289995285,100.02076804637188,0.7679619241896103
0.7000000000000001,292.1424224960201,31.658019167820115,104.97132671435168,144.9604035579112,735.9100946905476,138.29555741731792,283.81136482027784,296.0302494113669,239.3790572163228,192.16973038711555,0.8236562398212448
0.7000000000000001,418.3963001782556,0.5669326560702904,535.1844273282877,76.53590856919273,793.7057184953381,467.1525086001138,551.0585416981936,328.82094051949656,204.6626888405833,336.19106504838066,0.7732702025463734
0.7000000000000001,268.0663142415712,0.0,491.2554553400266,0.0,823.3465365991201,481.0832960942509,619.9033516836389,580.4114393176934,286.0171834988232,44.87717314311887,0.8459337956454407
0.7250000000000001,0.0,28.41728581866912,0.0,36.82239852559977,43.09287943394505,9.205599631400096,0.0,102.99598428175018,0.0,0.0,0.8020356857007725
0.7250000000000001,36.37339074229538,27.05270936458188,0.0,0.0,65.58577018220167,0.0,53.650751344886,28.18937782527861,0.0,0.0,0.6749855313340757
0.7250000000000001,0.0,3.365743205691944,80.95498131586879,0.0,66.25199783837007,56.86334573827989,7.617208307620392,5.137186998161727,0.0,0.0,0.5876111218770907
0.7250000000000001,0.0,25.05585751120404,10.507295085343571,12.729992122627682,91.53470526270812,0.0,47.88901798512581,40.00854667111675,15.558879260989697,0.0,0.7126861321557894
0.7250000000000001,6.279439221728806,0.0,2.242656864903364,50.23551377383453,21.75377158956324,55.61789024960383,117.7394854074266,31.39719610864709,0.0,30.50013336268656,0.6735959713104622
0.7250000000000001,0.0,60.949064477847855,0.0,41.58877340841296,0.0,0.0,3.824255026060824,136.00006936429492,114.24961890357298,0.0,0.7093027214920566
0.7250000000000001,93.0612879895319,92.56229985017828,32.68372312769084,10.47875092643485,103.7895329856447,0.0,0.0,57.633130095393945,85.57646589922098,0.0,0.7076553032122223
0.7250000000000001,160.7155905582772,250.45086643552,14.13835536329579,0.0,26.54548353924953,0.0,0.0,223.0397693026001,0.0,57.99611077596841,0.6613017649307141
0.7250000000000001,114.90913561775666,160.48216390808545,0.0,0.0,110.02631115808003,0.0,240.5604850468072,161.45872880002165,148.1123419435685,48.82824459678083,0.6970407997558266
0.7250000000000001,148.02473750453927,281.7952410271596,0.0,71.27116990959298,0.0,114.7648582133962,195.53885077760123,213.8135097287789,99.77963787342918,220.0268937721804,0.6985305504869367
0.7250000000000001,5.665114666036488,0.0,76.07439694393906,102.37671503625634,239.14876911631643,171.16739312386198,239.553420163892,140.00926246065208,33.58603694865252,0.0,0.6602958514466247
0.7250000000000001,380.5215188097947,197.4235174060225,0.0,0.0,160.7143826502549,111.47042139251676,63.569477259990464,393.5040176868332,182.2026566536303,119.97619651885375,0.6377398121811124
0.7250000000000001,148.5827083488507,23.30709150570081,140.3281134405821,41.27297454134754,110.2231202457177,55.35434232604302,201.9947930494181,465.1707013013039,242.29663877802676,480.2231978987383,0.6936772724121366
0.7250000000000001,11.701839250302514,256.4229122675272,274.2300589527745,83.94797723044104,65.63205492561801,0.0,422.7925398696753,365.8096704768897,37.14062022922404,229.45780442987405,0.6921076263184149
0.7250000000000001,483.0079514052972,224.66709722228936,147.32268670314116,72.60903844654672,372.51593637794366,61.5598369438116,196.78101723919625,313.58686169668573,210.98713345699807,395.6666442884377,0.7118807359594138
0.75,0.0,0.0,0.0,0.0,35.31557359443395,0.0,21.60078773251785,32.91548606859863,0.0,0.0,0.7229381342830489
0.75,0.0,0.0,0.0,0.0,0.0,0.0,34.59744753306239,7.312394273549204,7.094113847473301,31.650661781034724,0.646684923867422
0.75,0.0,0.0,0.0,0.0,0.0,0.0,9.907716641433275,41.16420366500167,22.41031145086074,0.0,0.7994628714863492
0.75,19.781473882695565,43.8018350259696,58.53701455083543,0.0,124.5425447512608,0.0,73.47404585001432,37.948133570885865,0.0,149.370312991787,0.6721010296906184
0.75,3.2724494784838427,0.2337463913201226,0.0,0.0,79.7075194402341,0.0,3.5061958698050284,64.2802576130922,0.0,7.012391739610057,0.7468765154257375
0.75,86.82716493389911,66.99477628604497,53.20884759180501,0.0,0.0,0.0,87.06902333204455,0.0,0.0,0.0,0.746614055601163
0.75,20.459939788314976,10.473540605922931,0.0,0.0,48.22700092960212,0.0,0.0,96.21043114743767,0.0,81.59618844149779,0.7845071188452574
0.75,0.0,0.0,36.4206056409555,0.0,28.239165243349905,29.29483497207228,120.61026650664162,126.15253258243769,33.25359645478478,25.599990921541565,0.7869996350364286
0.75,54.9872755215092,150.2384577090438,6.910969054616561,0.0,127.7026890526872,68.80921363074233,175.77899551958123,239.17962467279744,0.0,109.67407412760195,0.8176575841878275
0.75,91.89057553369472,1.6467845077723284,14.162346766842624,0.0,110.99327582385584,75.42273045597295,61.26038368913032,150.51610401039025,119.227198362716,157.4325989430352,0.7769358346201123
0.75,171.25418456491366,111.3699920944543,0.0,10.954425451913538,106.98822191368956,0.0,308.1845027138346,73.75979804288383,0.0,162.1254966883207,0.8799640978999367
0.75,253.78946901443268,29.65820172121936,0.0,195.744131360047,230.06290763745952,16.10016664866271,410.97793813689685,318.1901356090816,0.0,355.4747320586153,0.7443127844862479
0.75,318.76807641459243,192.72224677214604,316.0279496832353,275.38273650143134,431.1132724002532,147.0534679161871,253.0050348620132,290.45343352389864,71.69998280385477,117.3687616598158,0.8359850344379479
0.75,638.2954412185437,476.0270879631733,322.14160166564534,277.2333858200602,577.8190438798266,31.73513919754597,539.4973663582624,710.7473627827493,295.79544836956705,216.7569884813459,0.6980231980787931
0.775,0.0,16.628996686596675,3.9174078732849176,0.0,21.74561105170385,0.0,11.832170719309472,5.356455663470969,0.0,0.0,0.794170412386412
0.775,0.0,0.0,0.0,46.17367327213853,23.282819969143212,0.0,42.72436661004355,26.026586632173174,0.0,0.0,0.8575612771594665
0.775,14.79491179144086,13.44991981040088,0.0,0.0,0.0,0.0,3.1790719551855515,33.86934352255472,13.083103815571544,0.0,0.6707376020304907
0.775,50.974278685300455,76.77868532267217,0.0,80.58589285933402,21.785687570896517,57.10811304992188,64.08799353380161,144.46237486332035,0.0,40.18719066475985,0.7658008913483078
0.775,0.0,78.03907275210794,0.0,0.0,107.530582803778,0.0,11.342888481411158,143.82782594429267,0.0,48.77442047006798,0.8166201009526989
0.775,25.06852547869295,76.36615631935277,14.159074575928573,0.0,100.04198593811957,0.0,71.02748885629828,129.52071497324957,94.93543445171838,0.0,0.5921036160172103
0.775,15.201403868902824,0.0,12.504380601839562,0.0,119.15939161753184,0.0,125.04380601839785,2.69702326706326,0.0,59.3345118753973,0.7807649968566576
0.775,51.80382861625329,98.61134888880792,39.97046674959633,49.96308343699602,0.0,0.0,1.0518543881475235,64.42608127402119,0.0,0.0,0.7010994317369557
0.775,91.58458345470495,60.37582412459865,0.0,11.37515526985096,0.0,0.0,135.33518064644483,131.83513287110495,3.79171842328321,0.0,0.7785889906580162
0.775,141.9812727856958,50.58715182388223,111.2917340125409,70.484764874608,233.7126414263365,0.0,163.9023719093781,119.38567830436084,0.0,121.74641205614444,0.7848004992614096
0.775,114.64877956116334,105.1292058069865,243.36997249806743,288.0705796915888,369.19390385761255,138.24076669107907,213.155673191334,336.08234297352,0.0,83.19279672127941,0.7505763623034478
0.775,244.5983222673437,59.02633124159712,0.0,0.0,175.38039426460688,0.0,241.2011233469651,217.4207309043051,163.06554817822786,17.410644466947915,0.7800163289897128
0.775,73.60452264411356,69.00423997885648,143.5288191560206,172.0505716806138,91.54562503861666,0.0,281.99732738026097,206.09266340351672,0.0,63.4839007805488,0.7432506499920859
0.8,0.0,0.0,0.0,0.0,3.8722818158205854,0.0,0.8432476160526082,0.0,0.0,0.0,0.6996356406518467
0.8,4.673170823018764,0.0,0.0,0.0,0.0,0.0,31.35546874799772,40.6264366710834,0.0,0.0,0.6539480749407497
0.8,0.0,35.02833632344651,22.10275096424111,0.0,8.401630483483508,61.52578630981757,0.0,10.340468287364317,20.939448281912508,0.0,0.716836795503978
0.8,0.0,0.0,0.0,0.0,50.91925192948814,0.0,36.82395727772676,71.88600272398256,0.0,41.75731040584356,0.818119397966457
0.8,0.0,0.0,0.0,10.912133345763388,67.51882507691542,0.0,0.0,142.9944140517817,18.86889724371631,0.0,0.5554853576353355
0.8,75.28879671471869,102.00417619413498,25.74391113471004,75.04592962854129,148.14892256767223,0.0,0.0,0.0,22.829506100591235,25.501044048533743,0.7661051061449736
0.8,0.0,37.74300317810751,13.24754416185284,0.0,49.74077902280446,0.0,107.23012161197518,25.495273669979607,0.0,0.0,0.6122088176811413
0.8,91.65060103183214,71.84139331601817,0.0,0.0,0.0,0.0,12.67789293812142,81.61393578915258,0.0,0.0,0.6777810314497189
0.8,3.3998568226103623,229.20701412434892,0.0,0.0,53.831066358005565,28.04881878654,123.81145262341356,214.19097982448503,31.731997011034345,0.0,0.6758760200245967
0.8,124.66883892131152,117.29595059800872,9.718807335263886,98.52859850232612,95.84754820294398,0.0,31.8374723051738,209.1219233518772,106.5717494004756,14.745776646607116,0.6726707476771713
0.8,37.25225386761336,135.98881023517438,111.39508923519696,146.4773088969302,179.0278219851369,25.6787381029183,165.28427201456174,269.8075862644686,148.6473431028103,144.30727469105008,0.7794283508112826
0.8,0.0,113.24708158755942,97.598393950005,310.50290733461594,58.47667485612271,6.588921110548537,52.29956131498311,398.629727188208,9.883381665821869,55.18221430084751,0.8117501077791811
0.8250000000000001,1.5453306307933214,1.376749107434033,0.0,0.0,1.807568556018872,0.0,1.845031116765385,3.6151371120377007,0.0,0.0,0.8039508754921074
0.8250000000000001,0.0,0.0,0.0,0.0,0.0,3.0873188625873937,5.059772580351768,17.494806887995363,0.0,0.0,0.8185715067912563
0.8250000000000001,0.0,28.161899113224628,0.0,2.9032885683736818,0.0,0.0,11.322825416657624,9.09697084757052,0.0,0.0,0.8427680870470821
0.8250000000000001,18.483184914067238,0.0,0.0,34.6038574706975,36.410484567562136,0.0,48.36201766989144,11.395647841755718,11.25667652661248,30.573689331540407,0.8122422199502585
0.8250000000000001,0.0,4.400499759925443,55.44629697506019,0.0,20.24229889565764,0.0,35.644048055396695,102.97169438225478,6.820774627884238,0.0,0.8182860391249174
0.8250000000000001,46.98214496208029,51.433085011118806,0.0,0.0,115.72444127501927,0.0,7.418233415065309,97.17885773735487,0.0,0.0,0.7839049382953681
0.8250000000000001,0.0,44.52779885187552,82.14611167501322,28.405664784817503,19.960737416358874,0.0,58.09086401940274,129.23297942642304,0.0,57.32314334954233,0.8528387046016991
0.8250000000000001,45.55008140184,51.17685616324353,0.0,0.0,0.0,0.0,0.0,20.09562414787059,0.0,9.110016280368244,0.7683696742742165
0.8250000000000001,29.11142117087711,78.20126863549378,0.0,46.235786565511006,0.0,0.0,92.75697922093362,91.04454268146918,0.0,80.76992344469042,0.7290972393392984
0.8250000000000001,20.263003090074637,61.35979808966341,10.274198749896868,5.42249378466689,63.64295336741884,0.0,183.2232110398329,81.33740677001893,0.0,0.0,0.7751301451127306
0.8250000000000001,111.62030681114216,110.913849173096,97.84438286926031,111.2670779921199,6.711347561429775,0.0,275.5184788376302,109.14770507798298,65.34733151918152,96.4314675931712,0.8155591838046619
0.8500000000000001,0.0,0.0,0.0427437504607645,0.0,4.17463962833217,0.0,4.21738337879287,0.0,0.0,5.015266720726711,0.8307699236379601
0.8500000000000001,19.23029507116482,55.6030246057679,0.0,0.0,21.5379304797045,0.0,0.0,26.263088697190412,0.0,0.0,0.7391886013261659
0.8500000000000001,0.0,4.481197432424342,0.0,9.229929039918863,0.0,0.0,18.5267416236058,24.94756182528825,0.0,0.0,0.6715215729350646
0.8500000000000001,0.0,0.0,0.0,0.0,89.46236834482166,0.0,22.78494693782202,46.827958430492586,0.0,26.97849545398553,0.7412353334819605
0.8500000000000001,0.0,39.431039930132506,0.0,0.0,0.0,0.0,63.47964120620337,86.44497215452134,0.0,55.68009484639705,0.7179860514024936
0.8500000000000001,0.0,51.24945495317275,0.0,82.9991172900159,45.74951344600345,0.0,103.74889661252044,120.2487211340295,0.0,0.0,0.7669067285683617
0.8500000000000001,63.30069534317055,0.0,0.0,30.89073932746677,140.52754366183862,0.0,15.95177522647944,115.96687386868776,0.0,31.397144890212825,0.6939292630600354
0.8500000000000001,0.0,0.0,73.53796244501336,0.0,15.077927551676026,0.0,48.40808319222119,5.025975850557471,94.69996602631085,68.51198659445468,0.7702877045398445
0.8500000000000001,0.0,0.0,113.8399405287159,0.0,0.0,0.0,93.37118274892286,93.37118274892158,1.682363653133481,23.27269720168386,0.8082784800995814
0.8500000000000001,85.48212509603339,0.0,57.79930166635728,0.0,59.62454277161039,0.0,27.378616578800816,201.3849352796232,0.0,83.35267713990498,0.8081029387883395
0.8500000000000001,99.51612940978316,0.0,28.24106375142534,0.0,116.99869268447576,0.0,101.86955138906949,132.4640371197781,45.05122074631967,20.84459467367177,0.7629871175147199
0.8500000000000001,139.185756686323,260.9268985346259,55.30314065669934,0.0,232.71858517953308,98.35793472500158,19.30042492717114,136.58762256151064,23.75436914113111,0.0,0.8109797711512089
0.875,0.0,0.0,0.0,0.0,0.0,0.0,1.311832886613416,7.034138409254733,0.0,0.0,0.7591780414892381
0.875,0.0,0.03061011292906,0.0,0.0,0.0,0.0,0.0102033709763533,4.183382100308675,0.0,2.1835213889416103,0.6442061519066969
0.875,9.769041601488857,0.0,0.0,0.0,0.0,0.0,19.41442444852888,22.19674642363623,0.0,9.150747829242995,0.7660071097819021
0.875,0.0,6.847286679786601,0.0,7.560545708931079,0.0,0.0,20.25655642770357,73.89363541936754,10.12827821385146,0.0,0.7041330582807395
0.875,6.344405689834132,20.61931849196093,4.59969412512989,0.0,0.0,0.0,67.40931045448765,83.7461551058101,0.0,0.0,0.8168146734416963
0.875,0.0,0.0,35.49814498048244,28.595727900943785,38.7028386245542,0.0,36.48420456327384,144.211213983209,0.0,24.651489569779315,0.6792198263610595
0.875,67.15326515878733,125.45687521913068,0.0,0.0,167.3625949500032,113.22352846539845,123.11431945777854,166.58174302955172,54.39935045808704,115.82636820023518,0.814675796299871
0.875,69.69139191851703,45.82071830863144,0.0,0.0,72.16077194712744,0.0,31.278813695713065,216.4823158413798,0.0,0.0,0.7619973069064581
0.875,0.0,101.61929816548314,0.0,69.61764073215377,0.0,20.492289409062128,165.62261303214186,162.81545009939367,0.0,0.0,0.769470459507851
0.875,56.19251912451477,29.1593612754236,30.37433466189987,59.22995259070475,9.11230039856996,0.0,0.0,123.3197987273132,97.1978709180796,33.71551147470996,0.7815970529331728
0.875,214.5159311586664,234.1741434995725,15.174760403507303,88.28951507494943,193.4781951447138,36.55737733572106,193.4781951447138,63.80296987838167,49.66285222965798,98.29106170453392,0.7742302828570464
0.875,87.77079928741315,65.36123351190341,117.65022032142616,219.2402518370696,303.27612349523287,0.0,126.24055386870556,334.2760228180203,212.89087486734252,141.18026438571204,0.806100404412528
0.9,0.0,2.0989693688486657,0.0,0.028622309575183,0.0,0.0,0.0,3.902174872086803,0.0,0.0,0.9328934958558044
0.9,0.0,0.0,0.0,0.0,1.8672781019275595,1.1995097740859002,1.6941529798945842,3.808752684726401,0.8779916903103033,0.0,0.8541271437405197
0.9,0.0,34.39801758544758,0.0,4.985219939919983,2.1602619739652504,0.0,2.991131963951914,65.05712021595556,0.0,0.0,0.7746506730522527
0.9,0.0,13.74272207985231,0.0,0.0,19.711783185243814,0.0,0.0,0.0,0.0,21.794013803403328,0.8533005657215675
0.9,0.0,17.8282498461148,0.0,0.0,24.16718312473394,0.0,29.515658078568016,50.90955789390525,0.0,0.0,0.8166769104385385
0.9,36.53479014517331,0.0,0.0,0.0,76.9927792321123,0.0,96.60877394093066,29.91439193094756,0.0,0.0,0.8756096508104042
0.9,0.0,0.0,18.204625842356457,37.22438418511745,101.61985171703756,0.0,113.57512838963042,186.937053425993,0.0,4.075662502020212,0.7901426198404511
0.9,0.0,85.38349160495225,0.0,42.14790190690367,0.0,0.0,0.0,10.604955963671546,56.559765139586126,80.2169745970102,0.2
0.9,17.32046137575881,79.0967736159642,0.0,122.6866014116249,0.0,0.0,150.97668832536482,125.86201933051376,25.69201770737452,64.08570709030839,0.7462075837299877
0.9,0.0,9.997163792149474,34.83860109385711,149.9574568822545,176.31361597065157,8.48244200546141,142.08090359146968,96.9421943481241,34.83860109385711,0.0,0.9216214609656732
0.9,8.10000495381059,204.444125034179,0.0,13.608008322401204,47.62802912840716,0.0,129.92407945912157,107.56806578660404,0.0,0.0,0.8029645207942347
0.9,0.0,172.3532210896763,57.81934980999793,62.23866317127104,122.635945775348,0.0,137.36699031292727,95.01523726738522,0.0,0.0,0.7992385286417918
0.925,0.0,0.0,0.0,0.407786583726947,0.0,0.0,1.6544484254065028,1.4563806561676682,0.0,0.0,0.9222610324862429
0.925,1.03598807601713,0.0,0.0,0.0,0.0,0.0,0.0,7.049482080484505,0.0,2.3696738750277486,0.8354936323854438
0.925,0.0,0.0,0.0,0.0,50.37951323509815,0.0,46.36871703579916,8.510713886317372,7.728119505966155,27.097330419654995,0.8937794547373227
0.925,0.0,29.11092388621555,0.0,40.45671986238148,127.64020473186817,0.0,79.12199825484225,56.281119513349786,0.0,0.0,0.8558961911295351
0.925,33.426523300961634,0.0,0.0,0.0,46.53858492730644,0.0,19.39107705304414,97.14006218953524,0.0,0.0,0.8011022025584686
0.925,0.0,88.70763285570497,0.0,0.0,34.98329183041886,0.0,98.7028590929675,44.22887609988625,23.48878165756604,6.496897054221554,0.8768566190245626
0.925,94.2886570452166,59.67981471937038,0.0,12.535486196762688,16.350634169690785,0.0,108.45920665894936,198.11518402275289,0.0,45.5092651056401,0.786039425613288
0.925,17.08689680531007,96.63900652183706,0.0,0.0,94.67821508516262,0.0,135.01449606819054,96.91911958421896,0.0,117.36737313811544,0.871715360556165
0.925,83.04550146153935,125.30709117328288,0.0,2.659820331507311,46.694623597592205,20.983027059677,171.70617917848554,47.87676596715041,0.0,162.2490402220118,0.7682652868439879
0.925,0.0,35.317890384308406,14.43426824402114,20.26939795968976,221.734929195398,0.0,117.93104267456052,109.94612832680274,49.44504653803149,0.0,0.6706536051478579
0.925,0.0,62.46604196960377,79.34875601544262,52.33641354210045,95.55616149944856,0.0,93.19258153303016,71.9203618352726,29.038268158842524,106.6987527697028,0.826121487459213
0.925,256.6788276697016,0.0,0.0,10.355918119237725,98.38122213276765,0.0,146.4622705435189,284.4178940605196,11.835334993415024,181.22856708667783,0.8595226246580455
0.9500000000000001,0.0,0.0,0.0,0.0,0.7030660511000169,0.0,0.0,5.539675609529248,0.0,0.7273097080344774,0.756999965802185
0.9500000000000001,0.9369256798847464,0.0,0.0,0.0,2.59730030246544,0.0,8.550929306290284,1.529916616520689,0.9369256798847464,2.8700761333179954,0.5996263281319643
0.9500000000000001,0.0,30.070748586874384,0.0,38.0276133332293,19.11714257241161,0.0,12.296972789821616,20.97718887675408,15.293714057929003,0.0,0.6503134556817807
0.9500000000000001,0.0,0.0,0.0,0.0,82.40513745207674,0.0,43.033794002751605,50.81650142878024,0.0,0.0,0.6926939002122696
0.9500000000000001,0.0,0.0,0.0,0.0,45.44931144528544,0.0,0.0,15.628184286448592,0.0,0.0,0.6495813437221375
0.9500000000000001,111.3793697796692,0.0,0.0,27.53476624842601,28.52701007719835,0.0,18.85263274666999,5.45734105824619,0.0,0.0,0.6749216206625076
0.9500000000000001,104.39592485732808,15.850690161583175,0.0,0.0,0.0,0.0,166.43224669663144,152.49457086489284,0.0,0.0,0.7543689764892827
0.9500000000000001,10.891703846936869,0.0,26.082764475560957,50.15916245300233,111.21002875294285,0.0,208.088868233598,171.97427126743656,0.0,111.49665253838828,0.728255502157546
0.9500000000000001,157.8702597390429,0.0,119.10607714965384,10.62888877450868,0.0,0.0,148.80444284313714,90.97078333477492,62.52287514417539,97.53568522491447,0.7667007536039919
0.9500000000000001,0.0,48.08634029627383,10.237736966304023,0.0,0.0,0.0,48.08634029627383,168.76754271724377,10.237736966302617,51.18868483151731,0.7121218922267993
0.9500000000000001,62.666927378797126,3.13334636893859,0.0,0.0,154.5784208676999,0.0,50.829841096135134,237.08987524978215,123.94125637139844,0.0,0.6833471775309519
0.9500000000000001,0.0,149.84607117230243,0.0,21.25220720953201,182.62489924124492,0.0,62.676000923030806,34.21965567636722,10.085793251980933,280.96138344806764,0.6767435008733523
0.9750000000000001,2.4572873010321272,0.0,0.0,0.0,0.0,0.0,0.0,0.0,1.279601221274774,1.8344725473143533,0.6639971565357352
0.9750000000000001,0.3193953062998595,1.04944172069962,0.0798488265749519,0.0,3.034255409848951,0.0,0.0,2.0760694909492687,0.0,0.0,0.6578361677965343
0.9750000000000001,0.0,0.0,9.691412233102312,0.0,70.74730930164677,4.4303598779893765,21.459555659012263,0.0,9.552963486914631,0.0,0.7410251383843576
0.9750000000000001,0.0,0.0,0.0,0.0,0.0,0.0,0.0,0.0,0.0,0.0,0.6801452528853709
0.9750000000000001,0.0,0.0,6.497352635027513,0.0,0.0,0.0,37.62420479352996,57.41846514675233,0.0,0.0,0.7677923478743813
0.9750000000000001,0.0,0.0,0.0,6.131538234402384,99.5761809266945,0.0,5.886276705026512,11.527291880676035,0.0,0.0,0.7568352182932528
0.9750000000000001,0.0,0.0,117.08423822190888,36.42021235013287,81.20358457325896,0.0,95.77166951331236,250.35523748832009,0.0,36.959771051617054,0.6923734947121396
0.9750000000000001,0.0,0.0,48.84083012979738,0.0,60.41582455362182,0.0,110.1036054949178,221.0541618013342,0.0,25.12620740781483,0.7326911868118273
0.9750000000000001,9.10959035843006,0.0,0.0,25.27176680080645,62.885559248519314,0.0,193.9461173085167,82.28017097937071,0.0,19.98232723784771,0.7103463929033211
0.9750000000000001,0.0,57.28431832452645,0.0,0.0,0.0,0.0,0.0,24.722705803216133,0.0,0.0,0.7206441672448837
0.9750000000000001,56.78844264720647,56.78844264720647,0.0,38.61614100009922,92.48403516830768,0.0,231.0478352274924,59.05998035309414,89.23898130275303,5.5165915714438,0.7774581978423989
0.9750000000000001,0.0,96.21393039597258,0.0,137.90663356756008,115.81306436552256,0.0,265.4791783148132,153.94228863355548,6.05791413604207,68.41879494824815,0.7092561377136692
1.0,0.0,1.430094018377432,0.0,0.0,0.8861318764179248,0.0,0.9475469569617658,1.6055656770740525,0.0789622464134472,0.0,0.6593657632027403
1.0,0.0,0.0,0.0,0.0,2.1974057216467697,0.0,2.297702248360971,2.954188605035469,0.0,0.0,0.7513962781190606
1.0,0.0,0.0,0.0,0.0,0.4016830984613603,0.0,0.0,1.4930484980544252,0.0,0.0,0.6842951858258842
1.0,0.0,17.48341822353928,0.0,15.466100736207895,0.0,0.0,0.0,72.43130406894883,0.0,0.0,0.7677838264515061
1.0,26.63421668283617,0.0,0.0,0.0,7.713734886286265,0.0,11.788915580927528,64.32963810827167,0.0,45.26361414405611,0.7193182338454096
1.0,32.47870107578908,0.0,0.0,0.0,0.0,0.0,62.65394817457288,93.28988606875647,0.0,0.0,0.7245823428269337
1.0,0.0,1.323039961334014,0.0,0.0,214.06786574384373,0.0,145.53439574674155,40.22041482455354,0.0,56.36150235282948,0.680413349958925
1.0,0.0,63.70398656789249,0.0,14.78842545326048,0.0,0.0,57.73173782715403,108.06926292767652,0.0,18.76992461375538,0.7223461794406095
1.0,48.84430436373755,7.743609228397316,0.0,14.593725084286676,0.0,0.0,88.4558438782348,153.6808600712749,0.0,47.950810991232295,0.7588320717204813
1.0,0.0,38.9994543574489,0.0,0.0,212.78102297424203,0.0,31.82355475567915,107.63849402655894,0.0,0.0,0.7386448209277179
1.0,0.0,41.44319169382769,1.63162172022946,39.81156997359824,118.1294125446138,0.0,162.50952333485483,160.22525292653268,0.0,17.621514578478468,0.6836524270718239
1.0,88.61612468241456,69.52957475081634,0.0,46.012218585099866,290.04739271051807,0.0,185.41219933551383,126.44839329682968,64.75793726791834,0.0,0.6528426139913172
1.0,0.0,158.49723243889954,32.68767863248267,95.40241089247915,119.34803593720578,0.0,155.83660743393068,343.6007149274945,0.0,0.0,0.6228825085061392
1.0,0.0,246.978699708636,43.251588983344746,0.0,187.9625128715481,0.0,91.35382346014993,124.09568054099988,0.0,137.03073519022578,0.6944129552537467
