frequency,476.70541487215746,476.8393850557059,476.97334160400845,477.10728451301367,477.2412137786702,477.37512939692675,477.5090313637319,477.6429196750342,477.7767943267824,477.9106553149251,Max_Oxygen_LifeTime
0.2,32.352655138434194,80.0106048231261,0.0,51.8886815104876,10.079096408511422,0.0,0.0,18.291693482114525,10.950129431469136,89.21866820868064,0.45973694591830416
0.2,127.1649309665431,274.325451078168,75.94815877036346,109.44954058361652,11.57639371557471,0.0,0.0,128.74353010957515,26.13458581243364,93.31274934372551,0.971616363897645
0.2,155.25448661290906,316.88056638366646,134.6530020691997,203.67859461255708,127.43186315697046,47.14978936807948,0.0,63.50354513989,82.83071105202944,170.75869663034152,0.9117780783164717
0.2,219.92371792884092,466.52935751816585,199.9796552735304,277.33027665291337,278.677848453947,305.09025575422464,124.5156344155938,252.8044698740839,194.58936806939053,336.89295025864214,0.9391676774955388
0.2,110.2091942831748,381.7961373381423,0.0,303.862492809325,144.84636962931506,50.11894311449104,119.39329380677154,230.3896966205424,2.886431278844434,312.5217866458618,0.8415457954533347
0.2,263.6793815012874,321.60894258869155,93.88584038303529,301.0624972769029,104.4444303349242,171.22037759823837,61.924703231362514,312.47718911678504,253.69152614138957,333.0236344285737,0.8653322467273351
0.2,266.2226810468304,503.7752272116939,190.6091385009857,474.4749794751776,240.703110437607,316.001596556178,99.87288744596904,375.86231773830553,100.50300030051856,234.0869254648464,0.7316352996703497
0.2,236.33234459950415,414.70947400353526,117.29857925790547,389.3757571815604,197.11713910795532,105.84635110550444,135.6915517450888,356.4072215913212,233.90308408232667,355.01907272436426,0.6677301296999959
0.2,379.4172398963653,648.2351224140306,397.4664405796934,472.7354476846381,357.5277837484966,54.91565314289314,197.00510533080296,78.34121147657653,138.63322226982487,788.4044468696726,0.7000370427067865
0.2,486.7401910730612,617.4936219505746,407.4445620247645,388.04244002358257,465.6509280283019,283.43969532157473,167.44874857539426,395.2127894588033,90.26204583157212,636.4739586908594,0.6751327152436368
0.2,321.2320569739426,917.087821261307,288.33204544887315,717.4030290883177,551.9890822539395,124.2889324280398,272.7959288953662,333.11261669132585,123.37504321900887,523.2015721695077,0.5234310677705861
0.2,685.7024138774473,849.6747302394444,490.88890948498135,849.1607104389377,448.7392858433358,265.2342170620396,184.01908858180292,644.5808298368222,403.50554339864607,842.992472832846,0.6944522570889506
0.2,618.6598512613241,1154.8686132221694,363.00613812829374,652.9683582185714,836.1315163290352,677.8696939133484,130.5936716437143,436.0500561662987,547.8293852850725,747.5934338587234,0.6630253734709786
0.2,730.4364255520659,1017.4365696940196,368.82827748222377,996.9795363589508,876.0423687016499,498.7906069049925,501.7989941601472,894.6943696836241,197.35020393828373,902.516176547032,0.79822163316433
0.2,657.2603921273821,1158.217069112029,390.4322926368656,1008.4532583685758,820.1040116693856,807.6781933107619,608.8650995727274,940.438252616094,753.3969867967564,1045.0767230045333,0.7036243975064377
0.2,894.6660120667672,1357.020028130752,753.9814303167088,1066.85807827126,909.3206559990596,968.671963924866,368.5642948972809,1198.7498736619382,830.1855787646525,1066.858078271265,0.7339582087744879
0.2,1058.1323482064088,2190.220183115406,1300.3162497160165,1360.4558762653735,1411.6558285979456,1136.9640208454389,1220.6718794209048,1384.0241082914824,1410.8431309418693,1494.550989517341,0.7500676178642665
0.2,1163.1499056346927,2074.192985087215,1585.451592813488,1507.1801594139658,1817.5354941725184,1915.8298523951685,960.1902585638446,1757.4667197031215,1051.2035532144494,2001.382349366736,0.6612667032813783
0.2,1743.8476423504635,2614.7081417925465,1316.3923056279705,1714.0746338225258,2497.742751147085,1582.2227389130996,1858.6863895296333,1952.2587020460005,1885.269432858142,2651.924402452467,0.5525249130712094
0.2,2182.427695296969,3109.6767679101868,1914.4300974807115,1829.6207310831528,2147.373157185977,1760.6424464131494,1629.4706263849332,1978.885215942847,2262.713895486645,3013.5594859929624,0.5601010204217014
0.225,96.78585839521888,394.3203510466232,143.33329453020866,200.9536890409206,265.75100101738013,229.66135890390828,148.0495545791268,221.869277083955,143.1282397454707,215.1024691876792,0.8247662403650454
0.225,190.260298267702,455.18598086210335,200.92678174294616,372.086632857304,365.1410157106352,168.4312158067398,155.2841547791153,228.46119257438528,124.02887761910075,398.628812667794,0.7810588398643363
0.225,384.7260659880973,442.1640420370231,224.062293360674,324.3078175970073,343.273187047124,274.1850554788406,154.97416179238698,166.89525116103326,277.1653278210013,298.8400357639937,0.8336496532846075
0.225,219.92371792884092,466.52935751816585,199.9796552735304,277.33027665291337,278.677848453947,305.09025575422464,124.5156344155938,252.8044698740839,194.58936806939053,336.89295025864214,0.8326921862102807
0.225,445.8880363039496,620.6196428169994,218.03065136074747,404.1244185785097,275.76271115767685,226.93612866984665,87.82643139320164,303.0933139338828,150.47185798135936,358.98286118410334,0.6972630871582721
0.225,257.30620245487614,566.8623234159137,56.521924421761895,350.6331009187123,392.6959283953713,158.06421887713378,280.63792707083405,381.8516056865474,397.6251659902932,518.2271791460291,0.8245197440059927
0.225,150.8376370533138,720.9762284841886,443.5180061980486,466.0052686027839,412.3817967145629,404.0788075189684,334.1953151227074,413.0737124808634,91.67883903469566,581.209243691669,0.8684417707442
0.225,332.10311370626965,760.4195455891877,324.6735138470693,460.2637112774802,408.6279922560342,390.7969525939543,286.03959457922275,374.82331289667314,102.89995804992772,543.4752297005292,0.7852449718092277
0.225,439.5970689925159,440.0018545072412,225.87031721715013,367.1404618565452,394.6658768579188,289.01685751441573,325.8523393544862,400.737659578811,222.2272475846121,702.7076535644617,0.7001181046785798
0.225,572.2568084557241,871.057566250787,447.75649270778257,603.3818873927088,622.9462227245272,678.9713648111031,307.248993506528,379.2813190464109,439.3082569963114,728.7714911102797,0.8729390368811302
0.225,712.0595969279016,1055.0262606917054,620.3801424868841,817.0396976090648,375.26823320416304,355.31726384394113,552.4518420461261,479.773310805322,320.16555592354985,787.1132435687334,0.9409197834843136
0.225,476.6195664435307,987.6558630678846,816.6151433813665,979.833878935878,495.3923283603437,305.57884675701246,289.9348784929987,683.6414131372737,565.7901855483918,910.478952965432,0.8786739544765398
0.225,761.2892061378099,1077.2326294356196,453.1883500849801,1020.6541085968267,748.4049885210515,450.94761658641113,233.59646722550767,787.057641371319,402.7718463672424,1305.7874462893567,0.7488796733202973
0.25,138.1622025563791,335.19490481634034,180.7595560004352,221.9210435980621,123.80354409208871,166.7199788353527,132.41873917066252,254.30779546751344,132.89736111947224,293.55479526990365,0.8907084191471129
0.25,221.21578700390552,346.62946152580486,146.89657247241,191.60422496401227,161.02496481824087,142.44516118536603,109.3498859643096,184.44325898050917,102.5759992231572,285.2774016130854,0.9102083319707164
0.25,223.9856674095319,483.7713573703255,120.11849671804626,305.0067710781745,229.63830254920413,157.33167805422477,124.12244660864592,330.20810274254933,249.8935784663644,345.98837584080326,0.9443221441693939
0.25,249.7228697176841,559.4525990002684,240.5515156357137,532.2005754424076,194.69474522585293,216.7059950225854,63.67540119768825,248.93675365351496,74.68102609605275,347.9873777388094,0.843301338754155
0.25,377.9599390963512,462.76616766688295,143.2022129495494,409.3587849684846,325.43289787100343,157.87457083372402,139.3873998996618,258.23349876148114,211.2819535321204,540.8231116106963,0.8709211639441403
0.25,282.87186879496744,606.5069326564558,165.21446485295684,512.0104350022428,368.7216281017351,223.57994869820507,145.1416794035299,427.7047361146608,219.25657952448137,566.3613617576082,0.8162583665516217
0.25,355.70504923861057,617.2141317344025,283.24661328259776,287.19889160746976,450.23037250849904,380.0774322419954,260.8503694416455,396.8746151227086,315.852909462801,536.8511391286436,0.8839646218926953
0.25,635.3654843182455,732.7784990764184,299.14519084320284,235.53594613170424,445.2647129804609,479.06848302714246,429.9984942497017,362.3909541563434,437.2681222167319,628.0958563512179,0.8620823431292292
0.25,573.7576889792208,845.2506348166364,590.8964115284972,798.1191478061234,491.1802076054261,272.6614951021394,149.57430588460258,704.2456902066734,461.187443144192,487.28504338968406,0.920458161603352
0.25,519.475366190679,753.9139243092005,477.7318099789286,616.8769973514298,482.7916349742905,480.2617224766081,59.45294369552405,632.8997765034163,269.01402892017103,860.1702492118397,0.8298172285604452
0.25,586.0678420507908,722.7134857689161,595.8282451735148,526.618113939658,491.5693936353339,444.0983420839061,410.8242405291675,549.6881576842769,544.3643014355177,650.8414264106826,0.8914172453042928
0.25,647.634108373862,1056.5906539127488,539.0573413126614,1001.584802758396,801.1721798568827,647.634108373862,514.6634421050773,781.5613981409846,518.0116243492548,758.1241224317382,0.8738477512417712
0.25,704.3181347373574,1048.7317680730025,888.659464723605,812.2378489309856,981.088310851156,858.7104531291968,764.2161579261635,728.0707991053326,775.0597655724117,1137.029716049606,0.9391192474088602
0.25,865.6780180047763,1476.455888211171,868.9529663704948,1118.3948668926764,831.291060164735,599.8613756540018,927.3562122257956,696.4723524426811,572.5701392730199,1046.891827574505,0.9311141893419929
0.25,898.1517327220819,1302.2294120704823,586.4864374399091,1299.2093995192963,905.3997628449204,689.7708666903923,886.0716825173428,1257.5332263129594,807.551356186561,1166.9328497774466,0.8825515117549522
0.25,977.9284786431484,1307.3090889433186,523.4343031901991,1229.4322779808715,1356.460846681908,941.5434112262664,732.1696899501884,911.5416889702444,954.310101547978,1309.2240924915757,0.9153880401320287
0.25,810.9423047164233,1561.5665867679909,875.9517291441056,1111.1920175370512,1098.458212752247,1065.6184004124907,686.9552581275461,1027.4169860580823,628.6478362181858,1568.2685892863085,0.8366406301068983
0.25,889.4857248950684,1984.2373863043792,1367.0288143113753,1388.190251065416,1007.9897707177248,1191.3888892527889,1086.992467932829,1151.182159420103,924.0494049266724,1818.472798397689,0.7023520808996986
0.25,971.293099234229,1576.3732844049632,1418.1331363528452,1152.892507236901,1349.562405530252,935.123922536594,796.475411862353,1414.3655137801732,1100.899315734056,1619.3241817334,0.755610973873429
0.275,181.31010972619083,371.4069162890647,163.06081629615483,263.43193016135103,276.9499252947116,137.37662554277028,42.91963454841723,291.650745002241,216.28792213375837,259.03858174301007,0.7349682530279553
0.275,327.82589419925165,487.8410365493242,200.22407555598843,254.5881944313324,254.3830468129353,257.04996585210324,126.78122816967206,325.15897516008374,163.09235662603464,269.1536753375588,0.7725901930008846
0.275,450.319304011312,667.1047625688781,185.883505270254,233.76973822692935,445.60144854759847,196.73457283679,139.88441449905952,401.2536071887062,202.39599939324387,464.4728704024475,0.7802447031227839
0.275,505.1474125707655,533.3441612450678,288.6176633171578,412.3109475959374,304.84409415802725,147.63391994564145,279.5734231763408,279.57342317634254,359.90755619180703,431.1974490664616,0.7744336608163489
0.275,278.03247618716694,534.8159687260116,355.2470928247227,470.4704548613816,423.48326566721016,279.5288834863433,340.2830198329449,301.9749929740049,300.47858567482655,632.6810060922157,0.8173128926325012
0.275,455.988493844117,688.4720789615459,413.9811150160021,419.1117872392836,598.6853150541237,310.7263365224663,348.8857111831217,572.0699528958531,283.79030735024133,610.2293275565086,0.7840962965634557
0.275,618.1499490672368,807.8449306423686,484.7760640253419,488.9224024204229,316.50383082481085,531.4223709700439,285.75182106126505,346.9103123887669,347.6013687879463,645.101148635289,0.80167380927598
0.275,449.40185656856073,869.6358041771422,378.1025235552805,745.4021178661202,473.1683009063208,352.89568865159373,266.4722546960995,610.3655023106644,456.9639070396653,661.8594650424793,0.7916037598162216
0.275,438.1389931445341,891.5441532975855,629.3477349262511,388.9056045420545,332.4207866105273,406.4616966018528,352.64845789681624,519.4313324649021,319.82619882849826,696.9005239389506,0.766825166377979
0.275,513.6916214927396,893.8150208802533,396.5044077589096,732.1050664446824,577.5355515556139,557.7943363388047,149.52920462094303,529.2325781527809,522.5121644619516,842.1518406320072,0.8298172285604452
0.275,548.3179249577324,660.6029502279599,356.0789711876916,567.9787270478481,481.9081045644435,607.7372379411983,325.05859455661573,616.0384654903598,412.4399371793618,549.191738383961,0.8419934897076728
0.275,589.0823853563425,1028.2333544868727,513.6539259587897,769.5553863688867,789.4536916087312,543.2700081762317,199.44580368309568,449.7942486774271,536.3287389065171,1109.2148293001972,0.7573560230931569
0.275,591.3359160368433,1029.6722730990955,671.033435502709,594.7796360137628,754.1746749454879,787.6279547212835,333.5488777645389,890.939554028888,637.5801557269102,865.8495941970405,0.8159663184531726
0.275,664.0855847539913,1016.6697871527432,633.4034786455454,1138.3581401930185,790.4542590650442,525.7560894176053,714.0090116423057,887.7009343579184,582.960016060472,1169.56028199822,0.8465959102028908
0.275,924.8634604233,1470.758478526806,781.622412284568,785.0060590909915,655.8635393123757,1039.907451841803,720.15282863448,1042.1632163794238,640.6371286834526,1304.9597850118969,0.8661823154686811
0.275,792.0178264935031,1234.2824907223535,856.4774536685585,953.7637428309074,873.7860572618569,772.9186777008931,822.4570948817213,787.2430392953486,831.4098208782544,1201.4558287350603,0.8753687785904483
0.275,1184.448370586188,1337.803264883136,996.8068129301652,986.2091169828116,955.0394230200184,766.7744714847408,869.0110676827062,1191.929097137256,880.855551388569,1319.1014485054602,0.8164756490907241
0.275,989.7261935870608,1379.9760843652557,966.77031765893,1070.3997004201983,994.3173687726816,777.2203707095165,635.5498221244898,953.6526742714284,615.8733570432368,1475.7348810940252,0.8361569321063043
0.275,1177.7301934141697,1990.2507835821164,944.8736828172598,881.8821039627719,1349.7184368033777,843.6624943207231,768.6388161344855,603.7282782345454,1248.5072483068457,1591.7759645363406,0.7819711433974208
0.275,1270.8301417771888,1917.3023194677912,998.8253144478516,1364.4469793675005,1433.7381819934042,1250.92734953358,536.6382501240096,1371.8183839021754,914.7913027526022,1309.161445357476,0.8320106428086772
0.275,974.8192663818204,1554.7356720603152,1189.3727891261428,1549.2940972081049,1656.570858580266,1232.1280201077975,296.95451336351755,1466.89310658891,980.2608412340256,1928.6496011908223,0.8289673586522995
0.275,1068.696210637692,2134.958033551835,1383.5436895499383,1569.3686191141182,2128.466332955704,1558.819605645409,869.0764173067284,1735.7184468899193,1201.776072858325,1732.4725965918562,0.8365105221819555
0.275,1290.3176730023365,2037.029289323125,1563.4007783996517,1562.5473936952812,1806.6154191441397,1190.471662591434,925.9224042377846,1534.3856984511888,1224.607050766098,2095.059449220057,0.773445122916722
0.30000000000000004,142.26825408792195,271.8776544248457,156.22176333618162,223.3999985829551,246.7037975336557,202.68551062677636,108.31950993751704,196.21223314047023,107.45640627267608,287.26966978117326,0.7407217240849905
0.30000000000000004,255.122218773698,410.5217765469132,141.09898497200012,239.2962515403512,233.38534811584785,184.9540748957296,103.91749568883736,320.9048536592909,183.4286804635992,322.2395737874056,0.867026873689901
0.30000000000000004,254.09626336570423,493.3908026518517,292.67045339121347,461.99320611946064,357.0355262826118,194.21656140750144,282.5783687915146,325.6379297502223,191.30107030092225,434.1839063336303,0.8479892845776956
0.30000000000000004,286.409228903191,524.8296774316462,274.22160214135414,304.944577936819,463.8915436224553,259.24097757992666,96.73928742208813,205.92011049688588,304.4367601550751,512.3881417789366,0.8758760872989872
0.30000000000000004,427.74797802325367,665.3529885585687,378.2223678868609,578.3883755214478,461.9442326412386,382.9390926617538,336.9510261065307,459.5858702537922,271.2116745564375,492.602943678054,0.797632544766235
0.30000000000000004,403.2360169378437,592.2326733517285,418.1227398745559,662.1355462719329,584.7893118833734,463.1065330963509,318.12279666926025,641.4235839252068,374.7570687110936,640.7763351018707,0.7840962965634557
0.30000000000000004,383.26269926882674,731.8364196055858,359.01409263670416,662.121675538234,624.7384069803782,326.0090447207572,240.80213530510497,588.3654970321943,268.7553901726899,723.7535507282124,0.8105519957228438
0.30000000000000004,344.0463943581374,727.3390192027583,666.0855566677831,765.1181008860069,560.084055634197,342.5792455549049,514.2356555331636,404.19949529069015,574.3887564657164,626.4725389804895,0.77806321886658
0.30000000000000004,518.3777090074792,906.3849762286452,501.69339651696936,630.8998165016162,556.4024211951512,449.3124154421098,577.7428208923159,460.9526334587444,429.5240448138292,705.7852190753016,0.6703456165782044
0.30000000000000004,634.7581145489264,769.5411687421081,408.4709685181743,629.399766828708,589.830429817864,526.3546183629713,484.312197788952,401.05171782864,476.4807665055555,966.1513120147312,0.7814791732500574
0.30000000000000004,783.7461714720189,1013.2409067649276,828.346091727055,564.6436506074643,722.2589027708973,387.9760053253729,226.0306638167908,573.7368382322767,577.6339186429087,691.9482773548535,0.804430205528871
0.30000000000000004,511.6629217880481,1182.5820887424247,553.450274747143,870.569853314506,676.9551179373605,744.7434905154483,415.5520099821241,469.4112649071803,781.887804256866,507.019882570371,0.8523502692667881
0.30000000000000004,869.8919492235444,1118.0037415265206,690.811260424219,828.8734674315167,752.8392084999605,839.3782005733786,678.305625731524,876.3948792637436,806.8635503723831,1152.0190678906392,0.8192687141174579
0.30000000000000004,834.8230254198054,1131.4658771420773,638.0911341734342,1284.937352512282,851.8181887997237,644.7861985352218,665.9014015223958,850.7881788979123,1049.0650849970004,877.5684363450625,0.7077329333746215
0.30000000000000004,1105.1977884929706,1132.8415550885918,813.2796132432019,1087.5057778717717,780.1070933284528,838.7118785111742,859.1682657919334,850.3222604813338,696.6229182096746,1181.4945842968873,0.7396000724320938
0.30000000000000004,709.4475201203036,1376.4792589393903,1049.3548086300286,610.0900050174572,986.6026938282328,780.9152064223467,978.4681604279972,689.1111866197205,981.373350928082,1158.0089333331375,0.8241658209092182
0.30000000000000004,977.3082382063542,1552.5901786736408,768.0593457564323,1043.804241929507,968.1574120059184,759.5185746360243,780.2604473570065,1110.30024565266,539.8987458256071,1533.6784711927417,0.8088869096929134
0.30000000000000004,843.8459425190505,1474.4758491802295,1134.360843340496,1287.0261016435547,1271.566328650841,1013.2592882308892,671.8559679750892,1136.9374721726097,900.5317768256699,1376.5639535597006,0.7500953902929088
0.30000000000000004,874.921859161035,1844.8547639653368,961.0469796721972,1252.9154436266967,881.7571861857258,900.8961018548756,669.178515717693,721.1270011053831,870.1371302437441,1709.5152888763614,0.8399572348441947
0.30000000000000004,1244.40864515155,1325.2701614839943,702.7080445881675,1190.0239085031749,1419.012273338424,1185.0147880224044,1053.3464782421377,1448.3514075829376,934.5587639838516,915.953459340992,0.7962337857581046
0.30000000000000004,1498.9033249976098,1920.353539577168,1067.7731584930843,1418.4852628516871,1580.810610516602,1137.7666570274948,1243.5015165156506,1640.3795454395106,1155.637337504365,1606.87201954538,0.8213576247342389
0.30000000000000004,1427.8440906636445,1866.698476378047,1171.5844761482742,1814.1926838014997,1877.6698360209057,1773.441919413733,963.1286429339287,1746.7971888525035,1521.88431617387,1876.102498929072,0.7957711616736298
0.30000000000000004,1531.9027823579156,1743.4241437031385,1378.1430235338853,1871.9640479052343,1605.93525882874,1185.3331672307347,1226.010352104815,1572.579967231996,976.2524369779576,1887.4213781573867,0.8035843122847343
0.30000000000000004,1539.739128782859,2559.913235374296,1381.1985581639203,1763.7638481357012,1313.1295088220877,1457.022309329495,937.4572871380784,1868.8831395243503,1373.443856340161,2416.882068402859,0.7433503506397324
0.30000000000000004,1798.9365026230969,2308.7417684756533,1821.777240340508,2014.553066675427,1689.3009615795336,1787.9729485187386,2032.8256568493528,1662.805705827339,1760.5640632578434,2012.725807658038,0.7786844305942255
0.30000000000000004,2218.873180228013,2761.011214421506,1753.640891690692,1799.2146668943442,2533.142338403226,1917.8963731538647,2054.6176987648337,1646.3526292320814,1763.135428191447,2047.971523214302,0.8174794864497246
0.30000000000000004,2474.640381635681,2528.7792921328823,1931.2825890092329,1725.554729119869,2353.5660908873924,1060.1383019179068,1477.5000846599671,1827.926487150941,1635.979440842681,2553.3878878134306,0.8171196267616777
0.325,253.26199774040293,264.6162093452031,193.0215972816028,333.05687374080344,208.002848704602,218.0954812422026,141.13915814300157,184.50593857800217,81.37184983440048,249.95035268900327,0.6904838691894314
0.325,113.08558448883458,491.0579441099532,208.7041280613997,341.5976970944561,160.2646022214362,231.93349175416927,106.06275360497254,234.99472572918532,171.96932036120427,322.3299303105302,0.7902560967884147
0.325,281.31598258625223,343.6964937462929,199.21518080142403,370.4597453085034,334.2388033446083,167.6224703106919,70.42960937423932,211.0876006673661,161.7868741053975,354.16032142475166,0.7698843571903901
0.325,320.6784234682871,466.5067566535673,341.5453066707867,442.5218334323035,213.22596743702815,274.62737088346137,195.23727502108068,232.6537552462517,344.18364822512353,338.18741741981034,0.8540364758011214
0.325,372.3872943905891,696.7910876067381,355.3134105371089,419.487663641573,546.9530379270471,423.0201913353955,326.4644343708793,363.55597515602994,298.7929674359258,559.3168848554307,0.911080856110562
0.325,408.67212994636526,597.2900360754554,377.5598980075467,606.364437057612,474.4615370669913,309.50189064137766,303.02017565412393,554.1866314102175,309.50189064137766,413.2093304374424,0.8393893428768292
0.325,660.0131606072164,789.005960725891,255.8357202353709,575.8095271964145,638.8726739211003,282.3509069264303,276.6178935878223,407.0439470411507,407.0439470411483,654.6384606022731,0.853862127489083
0.325,692.7412990509498,963.4851692040515,261.2905227315541,677.237809279612,620.5177247503304,381.9152358304905,350.908256287817,704.8415837505304,553.9661589026402,806.1814681095127,0.7881536447098433
0.325,388.3403214883736,866.3600693601663,297.037738066344,725.9569855200634,908.5621523641254,574.1918024096622,375.7608544391145,474.77343379456335,674.8275388037243,839.1721889633822,0.8422857745123126
0.325,313.8211357172028,1019.9186910809098,633.5475078591938,635.2347182662721,906.0319886028908,757.135670177927,404.50869509784445,708.2065683725577,697.6615033282958,787.5054575054012,0.8507270960130764
0.325,831.158130972927,1010.2324616939716,660.223542557386,746.5952525768756,854.672942077708,585.6092380902824,579.278327408223,651.179384440159,708.6097884845349,842.4633286194587,0.7855066817485893
0.325,685.3018210648428,1346.370904468267,564.6227875109915,831.1829017865635,928.5985071854544,625.2046316645276,732.3133321279877,697.9028446487761,567.5307160303588,1156.3862412027656,0.7770964449164884
0.325,522.3296850464965,1170.5645894314034,499.0700862932195,908.6412817314176,728.6322131190708,755.4313160304621,489.9685041723654,871.7293097968645,898.0227692570918,949.5984012752388,0.7981384129485255
0.325,704.9698924398825,1580.4083236132797,800.1023350234244,1251.0191148991682,1066.25321485252,768.7581198369376,710.4688775603182,987.0678291182464,669.776387669091,1206.4773354236395,0.786338007417429
0.325,616.4679504309212,1339.6322768979594,710.1236582848485,823.9331260567079,1149.9498306115215,867.7971917604441,647.2913479524638,1096.0088849488152,771.7704533279374,1276.7999665655786,0.8731201779845464
0.325,1323.3139680320812,1526.8029011268766,1131.27128742387,1418.6994054202626,949.4030534703952,815.227538211017,794.2427419856167,633.9952071734662,1104.5633649551737,1206.3078315025753,0.8598952948851466
0.325,1314.2303906553032,1902.454476795373,1107.5570630925754,1516.266816638094,1255.937913650426,1037.3411248821585,1104.9074050468917,1053.239073156213,1118.8181097866932,1199.632680179815,0.7899872613901785
0.325,1202.3961971438605,1588.1098585322209,1087.5175795823468,1323.5409211178214,1242.7777718018442,558.3797047535438,933.6498554544962,1587.4136244863948,810.4164293430526,1312.401176384583,0.9136288311130605
0.325,1259.900298967867,1887.9965633738573,1763.4154861363063,1730.7871087645635,1238.39523206376,1185.744895850274,1272.5067174978517,1610.655355714069,1029.2769952721546,1437.131712418909,0.8563762312848724
0.325,1464.6963896128168,1595.013010318912,1506.8346981046109,1637.1513188107006,1792.4387889934087,1770.5892957013718,1106.5207674325868,1554.435379919409,874.7600707277387,1671.486236841052,1.0
0.325,2006.500606497947,2441.464608404892,1174.0694994001688,1410.716580897431,1836.5146747182164,1200.7339592871804,1718.1911339695853,1573.2031333339369,1388.2184428677629,2227.3156649372977,0.8517081958335102
0.325,1528.0127730713507,2632.991567612896,1235.7507090663223,2264.3727481470914,1879.0783154197368,1578.0396128559937,1230.4847259310898,1835.19512262619,1286.6552127068344,2754.986843578964,0.8584751997628941
0.35000000000000003,294.2074470009525,533.7224839824954,278.49123722526053,333.6027461720182,265.0800715500028,170.57326343217517,111.27076521189836,240.3532348362476,279.9580834709901,260.2604338854573,0.8523549816245227
0.35000000000000003,333.1761642066172,477.6466195899945,353.4114397163424,450.35252704199536,279.0585669131698,361.176138458444,256.23505848941073,378.5878871528583,314.82323990709983,403.5290406881005,0.7463067162827757
0.35000000000000003,452.9193242927094,613.114175467791,370.7140717160227,460.5601971283616,437.11062187411454,388.8940794974036,394.163646970268,378.35494455167486,238.7114065207636,446.5958433252725,0.6192042971891081
0.35000000000000003,299.56106098317105,589.0245581129768,323.4025311925059,587.3416308040822,445.9757368569675,352.5732712133377,313.5854552239557,352.01229544370744,235.89031113000507,424.37816972615934,0.5540864987958815
0.35000000000000003,516.9178626025413,689.744693327573,408.7838961814548,548.1704540537216,347.5288169371367,329.08978798093966,372.8434160125943,662.242412850533,143.4493947609226,695.6826857033,0.7302500020489329
0.35000000000000003,529.9958221757284,705.4518130889118,411.596008758748,709.079662525086,585.732781695141,526.3679727395522,404.6701143805946,413.24503122973545,537.9111300364707,575.1790378808136,0.6804298684094228
0.35000000000000003,500.7053243387157,877.2745641114603,701.1261536100287,754.5254749037697,673.0394976048785,494.81059406602816,293.00276943643433,642.5255997227405,378.9964816497324,845.3736708710436,0.8338688810904584
0.35000000000000003,458.4607980307078,888.8902037441676,463.6244755628309,539.6043021069362,346.3352287617308,231.62782072669464,374.3666210789738,658.7377194552221,572.7993719563024,794.0998376187532,0.7947853517880402
0.35000000000000003,752.3026604472573,815.7451544568661,729.5886811104862,656.7472990994522,620.3266080939378,612.8858217594773,583.1226764216372,590.9550830894897,546.3103650827284,681.0277597697985,0.872504444314464
0.35000000000000003,578.4208199171031,991.39904470947,628.2630194610089,1120.4023847054636,626.5876514091108,565.4367175149074,532.7670405029345,542.8192488143097,487.53210310174177,944.9075812693578,0.8146116015808736
0.35000000000000003,858.6321962450802,904.0577584945572,632.3950822966882,953.0461099400763,840.8182502648895,354.05217635624155,596.321841686803,686.7276175362591,594.5404470887848,893.8147395559519,0.8459107878036762
0.35000000000000003,747.5568009581064,1145.488508185966,854.6922605963782,892.9549247528987,941.7398215524676,691.5976546291877,778.6452155852801,874.7801592785512,726.5123356720156,1167.0112567740125,0.8494062754673287
0.35000000000000003,976.7920437551984,1267.0059539715437,895.2184041268218,1200.596644786901,1202.6882765722437,1051.5678800812095,597.1608747154354,993.0021900916051,710.1089911239598,883.1915213610996,0.794213019500791
0.35000000000000003,757.3627523225427,1447.074365548738,697.961752140386,1147.8693275941494,926.2155954329404,651.760974220923,683.1115020948395,1135.2191145923969,820.0638080703757,1383.8233005399568,0.9166130334041646
0.35000000000000003,1000.0443556454773,1652.7826665963398,990.191701895275,885.507255799377,1065.3181867405622,759.2701296249196,567.7591723553732,1173.6973779927782,713.0858151708485,1243.28174510358,0.8443615931248561
0.35000000000000003,1736.6874559035934,1894.0810355940475,1221.6420823633478,1159.35441040074,1076.9739410308414,952.3985971056352,797.0142971559105,1271.8740758815734,803.0421363780946,1628.186349904219,0.5672028010280062
0.35000000000000003,1341.425830579715,2250.526821052766,1157.1679799869928,1709.9415317651587,1619.6049980115297,1260.4097328482812,1194.449724075789,1467.6101951879632,1001.5883940779576,1504.891939276764,0.5053471891170971
0.35000000000000003,1450.0343742283117,2044.6638550126547,1367.7247307044795,1489.2660734779872,1537.7287607864178,1433.1108961206055,1007.7161964133064,1195.4129536078494,1368.493979709369,1788.5039363824042,0.582362436670972
0.35000000000000003,1951.9897378266492,2759.011644763997,1646.6063117554822,1770.6958307065895,1702.0505649038482,1285.778632535949,1585.0015860350702,1977.511695625105,1939.6687926825632,2429.86639591496,0.6153543183338227
0.35000000000000003,1795.89208675664,2994.4157461313907,2028.7805703318288,2718.9257106826904,2285.33658272563,1630.219385026319,1764.6509487160604,2042.981087622995,1638.7396954010228,2215.280697422528,0.6006659417228113
0.35000000000000003,1980.7648293995503,2861.215795444457,2062.713727487725,2752.2837235955367,2410.496855959492,1507.060223377658,1798.8782507160367,2551.4089855989146,1459.0901366918945,2318.554189811783,0.6004280235961192
0.35000000000000003,2775.984140109103,3503.0016144750725,2416.8418742436343,3406.939245489778,2805.4578215023166,2031.5007804730803,2332.787301381499,1935.438411487786,2252.0075820074994,3349.083500532727,0.5690224900158267
0.375,333.4284215588234,375.8900785840584,306.28080477219646,541.0960884308789,280.9894352872185,286.55817719216856,203.4911104433445,239.45590191280803,319.50656679644976,328.5557723919921,0.45973694591830416
0.375,487.8352236895426,715.3693312459764,355.9807811770019,495.9614418165573,469.22356281799046,375.90312239161847,245.3593602221438,457.6895757990015,378.2623470091396,508.0197009727755,0.5843958185975948
0.375,427.5692095704042,685.5265273973168,356.77960533689424,537.4346753408119,458.99979385008135,506.5704078950018,440.8776551663036,518.4630614062319,404.350219381811,579.9084378809187,0.5565096326650063
0.375,427.56989029769727,656.0062723653687,325.4824588633189,662.6230503287071,411.5005723867291,478.6136060148864,156.59707846569913,423.7888743186454,339.0310994549164,450.255986172004,0.45284481909635943
0.375,379.4015865101873,564.2468431329781,478.1866421328749,569.6046766582766,691.4953893588131,407.86507711333246,373.708888389556,512.3428308566513,266.2173532882585,842.5193218531601,0.5545697635220345
0.375,518.0067657591314,850.6984350354168,519.4659397471847,825.527683741485,531.1393316516139,438.8465769072062,433.3746744520031,451.6143493026784,489.5528729920777,809.1119763758807,0.47333689335885143
0.375,600.8905581629178,808.4984350864167,670.4713402283529,461.7289940320453,397.442401906371,389.50111699673,441.3085471215383,614.5041894365901,538.8729045828535,540.0073738556623,0.6010148331222689
0.375,798.0322743097311,1084.903876074754,940.4180327260476,759.8107285401592,758.1306605942417,704.7885033114355,431.7774621002101,405.7364089385268,798.872308282687,974.0193916443508,0.45973694591830416
0.375,821.5059861055527,977.6491420337816,300.8825982212557,840.3659740407008,853.0855007876639,625.0112280835086,571.5014948721464,796.9441413527946,560.0977812369382,851.7696876759119,0.5700746016935583
0.375,728.7212550867125,1341.5848154970845,493.6956458861328,950.9788734454102,704.1310505023454,764.1878963141648,627.0502169013489,690.4172825610634,825.6634077750796,813.8411940325975,0.5375525654655853
0.375,777.3359727355544,1261.4346824272527,641.5208193257705,1024.7870666374756,895.1453292917706,712.0006527240278,502.6189578839419,1013.469137186659,698.6249179185183,1174.4924061914448,0.5236081754723285
0.375,836.6510981577364,1779.785063353731,798.078222853064,756.7889478790428,1120.2432236371758,960.5189230797888,975.1874812942416,871.9642938591999,710.6101535002066,1008.327557260235,0.6013944016440795
0.375,1263.429945424912,1229.2194240268504,1215.063346206965,1502.9035952113293,1214.4735096311335,859.9817275581327,840.5171205557845,1086.478972676323,663.5661478071997,1383.75660689395,0.5569846167761031
0.375,1375.1209211539883,1714.6569510685497,775.2739349715919,1048.7890701805434,1113.552424034616,1005.4039108025715,698.5639430279278,1179.5733187402257,1389.5826409466415,1440.5130454338275,0.6178536516632939
0.375,837.273873373653,1898.501490113097,1569.0376244928996,1522.0686023280325,1419.9620324044154,1123.172269159772,1192.6047367078304,1348.4874334578844,942.78399562805,1751.46802942309,0.6236118095029126
0.375,1599.6653720076572,1940.272875670836,1695.600673257766,1413.0005610481332,1244.1841782281729,1571.4053607866877,714.6808100880303,1307.397361222432,1094.703592559398,1589.2537889262464,0.6901408819186805
0.375,1435.5423867413838,2314.081336093292,1387.636843292435,1935.7087386829453,1867.5042361454573,1283.7061727591172,1206.5701282226742,1678.3179374402926,1182.21137731643,2236.945291556848,0.7005711035186568
0.4,288.3822998708069,495.3663699393682,324.1975209837941,416.0612374748967,331.17451210969887,292.33592817548544,215.58902579051244,290.9405299503054,236.51999916823303,253.0322114995458,0.9743644205180163
0.4,398.9601923875304,601.1000231972123,418.9082020069071,581.9499339626091,552.6928531875245,386.1934662311288,259.59009851348463,379.8101031529288,316.774392755698,585.939535886485,0.7248558477265435
0.4,569.9183194829208,700.954657505764,287.20293265280986,396.3998810051795,502.0067926993903,311.734849816904,273.1419557416814,385.3306013091864,566.6274525462707,520.5553154332177,0.8291139271257634
0.4,532.0429133949677,668.6222222603819,384.7578629795309,604.0633565496506,564.8089708662413,238.7704782065203,390.9217747810562,351.0185562764348,349.39647422340033,596.926195516305,0.8373113939085657
0.4,639.2659311668776,819.6896306107649,428.06407122962014,656.2469852321833,716.3882183801464,554.0068888806468,430.18670298778153,674.2893551765708,380.658628630635,670.3978636199412,0.9038360119441948
0.4,401.80819813653136,752.0833745789703,163.93475741815675,787.9324331487715,567.6100940218614,362.5982903258081,418.9858720345589,535.1218846929798,369.6934165010819,823.7814917185726,0.8914680187822625
0.4,689.2356794330138,911.8684660722968,256.85301605038745,544.7055340378892,721.8455451071206,468.6158474649681,434.3956180538663,494.7842581911052,394.1365246290395,745.5984102277677,0.8359040809206278
0.4,722.7042477795205,1141.6188238697691,780.0478313404637,873.723609065973,915.7463878587243,736.2741034313455,507.3375064666628,667.1116133349414,660.1078168694823,830.8253557150381,0.8708120897313306
0.4,674.1574865951078,1220.5126060631794,791.9182391621619,783.245935678538,712.4981967332162,847.6035562675089,588.3473258098113,765.4448916858466,749.9260328204191,709.3031375550408,0.8537678237425901
0.4,745.6919517336536,1074.0117021360702,891.0138084691504,993.2773372830152,881.7171240315222,644.4070212816422,647.3428163672049,1126.3667144953206,771.1355091418857,929.1791445815034,0.8770497712764139
0.4,1247.92513065637,1501.7775026969482,1097.473832571976,1172.973029428871,964.5295946283125,1052.0648953319564,998.4495236509722,876.4471982952679,1060.271329772925,1111.151223306922,0.8785762174611224
0.4,1129.45787271399,1652.365867642167,1137.061680246507,1196.1374156914094,1206.0808563108485,970.9477310746872,827.6452045004099,1085.589752334109,1045.2310815846192,1246.439527060342,0.8372462050235656
0.4,1128.329122969064,1446.1060260224992,1217.407737940306,1566.1410391043148,1084.7374603235628,809.2886934621342,973.547132416196,958.3848149742838,833.9274593052398,1528.8670087262817,0.8939331446856179
0.4,995.3633452723202,1842.1649972204095,1235.0878958636847,1521.40679572492,1101.382371871878,1362.7158960376764,879.8903927339403,1423.4911342157716,1091.9284459330647,1854.3200448560308,0.8182358075795448
0.4,1540.629418920229,1973.0741339779704,1011.4441499096754,1467.713031239374,1591.887473626569,1428.006087452769,869.2210967103808,1399.1283101534218,1132.730814566932,1474.9324755642156,0.8137164261077712
0.4,1815.7611213324628,2317.596852004012,1397.6939515767165,1628.0574940951842,1577.6412305810395,1633.486937858245,1372.8736372312908,1756.8128747620754,1634.262572681538,1849.1134187341263,0.7949590313398263
0.4,1697.5871080256957,2419.6452787281823,1652.5626955338578,1931.0470246500524,1560.8462997171428,1662.568120532041,1692.5843955266014,2280.4031141700766,1539.1678788877375,2036.9377725475365,0.7857342037393725
0.42500000000000004,234.56812427819497,452.316441195356,335.7142631384634,377.99107623511367,369.1265831664608,348.67006070033983,290.02802963079074,336.6234419147352,172.97126218576156,467.3178910038465,0.8050210241815935
0.42500000000000004,449.4986664453715,706.6663883389652,329.3599319590626,509.1593985372101,431.2462963533464,457.12652260323136,335.625670945875,511.61120944509446,334.8084006432469,521.146029642421,0.7768435192056238
0.42500000000000004,472.19117624582617,717.3336904896411,395.7300587078741,661.3011158053396,560.0339105165251,429.5830725796383,326.56484933193906,482.9891203256127,352.2464460622438,517.133970523859,0.7826324058125824
0.42500000000000004,547.6750282491753,701.1391342384352,527.2131474506084,578.3678494470269,657.0182037665229,513.4653212890685,518.9005083761878,463.58948684255785,286.4663311799528,585.4016209715353,0.8461608306977746
0.42500000000000004,532.9982914932417,730.9690854764469,583.641982977318,791.1748725554156,819.5070076514033,297.13326681915623,509.2701283503519,664.3885680008776,658.367989292981,662.6178095573797,0.7824619773550663
0.42500000000000004,452.8094374300615,932.1210994588716,528.9086823493294,586.4563700494674,562.6043679105935,367.6237155055089,425.9286096227577,506.57109304466655,414.5705133661512,712.9098417063602,0.9110407803032047
0.42500000000000004,627.9647205383947,802.4440346956682,511.3771603872218,845.0587980612687,689.8767352393604,399.61391306988605,407.65443445962194,710.3800647831888,419.71521654422577,976.5213227834556,0.7947839548334689
0.42500000000000004,446.064066269764,831.4362567292737,554.2908378195168,843.319980664147,968.9479194042506,539.0117641889606,547.5001384281566,609.8896890862495,567.8722366022286,897.6455757950057,0.852644416160131
0.42500000000000004,877.5578321359744,856.1428694618339,684.8231680687281,766.8379187356387,687.556993090956,707.6050432539811,481.6088414162621,912.6419199212636,926.3110450324152,1262.1158852630556,0.7565355482554537
0.42500000000000004,1112.623024364994,1029.3819803498643,787.8861607943495,1194.8961492636638,1145.5322743244608,584.1391867805756,786.4342821196635,876.9347195082066,743.3618814374177,1196.34802793835,0.8616430387169728
0.42500000000000004,880.2570337543299,1480.00409718029,580.9068415382335,1048.7723517501045,959.8046372802846,869.7902438167044,628.0073962575482,900.6672741327005,953.524563317708,1166.0003990515158,0.8594104259235139
0.42500000000000004,1065.714236584134,1344.272644432585,990.3664705267672,1154.7615964701115,878.4864542597621,1065.1434201746058,674.1341796496295,954.4050367266568,714.6621447259382,1233.534260984636,0.8319714442634475
0.42500000000000004,808.9092051604674,1609.2390702661994,897.1538457234276,1318.1543184092134,1208.461327709421,719.4389445896867,1129.4088372051044,1302.8340683114795,792.3633350549093,1572.4704700316342,0.8606791711072438
0.42500000000000004,935.3030674438954,1499.743803615611,1369.387975400434,1373.9504293879645,1566.877055146425,1190.148711604565,639.3953373954416,1608.5909201752838,983.5347238835084,1154.9526379864694,0.8722505059127653
0.42500000000000004,1830.8886166167213,1916.7335094788411,1260.2311730824572,1922.3626827812736,1899.845989571536,1431.2173121438902,1360.148999200658,1897.7350495831276,1381.2583990847852,1925.8809160952967,0.8111144096326467
0.42500000000000004,1567.8906706180303,1936.1871368705845,1191.3263245108233,1129.6930383216152,1343.1546636598334,1733.2482677110092,1539.3289038474163,1715.209257119049,1258.2209887893432,1876.057101564047,0.8369905623372914
0.42500000000000004,1955.3620173467432,2326.387716380292,1361.2358979792969,1860.7868391617192,1640.111423396669,1324.8608294465942,1032.2436114724196,1750.0449638510563,1677.2948267856518,2123.4956674534524,0.9003047343044643
0.42500000000000004,1735.193492971984,2255.6637718452203,1504.360974685879,2214.412333216146,2055.550409985019,1613.194557451953,1338.4775299859757,2093.291087879711,1315.657585212444,2303.936731943076,0.8910419476384728
0.42500000000000004,2510.947271807783,2470.0281310820237,1598.6364297176244,2231.953130495805,1982.718364257105,1863.6808639639955,2018.057622156624,2198.473833538367,2058.04678241134,2882.0094797527127,0.8319100900187415
0.42500000000000004,2338.3824904358794,2679.9094068021677,2257.3595883549874,1772.247782225084,3269.633061188405,1689.173667433281,1398.9270688397075,2010.1884566904905,2226.591397691352,2712.728810176708,0.8515332226171272
0.42500000000000004,2354.449319143759,3280.443786965643,2692.3872761880025,2803.5510778472885,3464.975697720067,2473.3945869192025,2641.251927424722,2870.2493588428674,2242.173879467875,2889.147205124945,0.833292264809196
0.45,0.0,0.0,0.0,0.0,54.20559149383459,38.227077583339685,163.22355349076025,145.02018321297857,246.756797098792,62.70049762346436,0.8511489064454287
0.45,0.0,18.40738312011093,0.0,0.0,0.0,0.0,40.63093103342007,0.0,204.95049742271436,0.0,0.930240492867139
0.45,57.92634139359239,7.614730324039589,0.0,30.730875950591205,38.3456062746308,90.28894527076528,70.70821015180368,0.0,274.9461556287423,0.0,0.7871852803205086
0.45,0.0,0.0,0.0,62.40781077997944,0.0,16.468727844718483,64.43028612933209,0.0,105.1687181662628,0.0,0.8766407429783756
0.45,42.4904468762465,0.0,0.0,219.4782137859675,71.26350539087099,0.0,174.6457737748119,0.0,286.0577329070165,66.57951912104893,0.8629169914369046
0.45,0.0,39.49489555856986,225.332484481482,0.0,0.0,0.0,129.7689425495884,0.0,330.76975030302106,0.0,0.8997764060861648
0.45,0.0,75.5921261859918,0.0,0.0,50.007098861502605,0.0,41.866408349167735,169.79154497161812,179.87049512975034,245.7713230867729,0.9268319237168208
0.45,2.0899295886261955,30.09498607624097,0.0,258.73328307215587,97.390718830071,0.0,0.0,99.89863433642245,369.917537187174,89.44898639328196,0.8323165618899174
0.45,218.1111343931865,147.24802321902544,0.0,0.0,0.0,20.706753265177987,487.29892684047417,0.0,146.78787314646638,0.0,0.7962666824138577
0.45,45.19308815468596,246.0512577310731,0.0,0.0,0.0,0.0,505.1582964846166,0.0,403.2227754245958,66.78534138415078,0.8382227600851322
0.45,58.85364527614632,350.34575631364095,31.647714912639422,0.0,73.28944506086015,0.0,261.51006533078856,187.66539720128603,612.9662677817142,0.0,0.8352138456676882
0.45,0.0,203.91809844445785,105.62224859547942,81.81145266933734,325.4142109907172,9.768531662015194,349.2250069168662,285.1190178849201,634.9545580306615,168.50717116967533,0.8194193883673982
0.45,288.4099405200345,28.37901016558359,0.0,0.0,182.813623624826,473.2034950866513,849.3903740258218,0.0,601.2390293220859,71.27751390426744,0.8533218692787569
0.45,504.97381197972,344.3311362224061,247.40327701019532,328.0635234874961,163.3539445464566,411.43503875394725,593.767864824472,288.0723088474895,771.3559705139834,0.0,0.8158148264909361
0.45,425.90118392302367,314.40872739866387,289.88038696331193,357.5191439214161,292.1102360938054,121.8984191332983,421.4414856620453,836.9367069761305,471.984732619756,382.7907674002714,0.726130259292322
0.45,251.4533394969636,0.0,0.0,0.0,107.08580704129685,0.0,273.6637291055353,205.4461038792188,1507.9268087814944,326.8100185260267,0.7758196920968995
0.45,268.84537983300527,334.8043394814719,27.552476815177464,93.5114364636536,575.2623189594369,391.5791401915524,1074.5465957921583,483.42072957548993,583.6115543579793,0.0,0.8019852126575849
0.45,0.0,71.5784196714576,125.49463189151108,102.25488524494396,82.73349806181533,41.83154396384408,1297.7074527449015,562.4018688471759,1496.6396840396053,0.0,0.8691078051561709
0.45,305.2274473950397,555.4943254842145,89.31092512201774,881.3319863689549,334.67060952317394,363.1323329137156,1076.6382951522762,243.3968069259376,1361.2555290576151,349.3921905872523,0.7500379633126585
0.45,922.1436391418292,0.0,552.002456841277,118.74471455306757,956.3763496436196,690.0030710516054,1443.1227020908675,1256.9823387374115,1109.353774698465,358.3736880655624,0.7778348447335088
0.45,546.9287916988196,609.9445003075931,957.1253854729242,476.7792292852719,491.0469368948068,1395.8573944661125,911.944311376066,917.8891895467,2121.132531284112,317.45649431214804,0.7778092804648814
0.45,1385.9599251332895,1306.995607198381,976.1623441262948,842.7398758914561,502.37643651689,899.9209337063958,1354.6464887108411,868.6074972839318,2132.036584242375,378.4841445845311,0.8031025678448216
0.45,1360.813075494003,1524.425283414664,1205.0668391079823,1519.7057004938797,914.0258923260416,1804.4538700481264,2532.842834156478,1107.5287920783535,2164.715366334973,1080.7844888605584,0.729228648649962
0.45,2378.8439956833727,3333.307151522497,3399.1321967527847,1687.6810207653796,1749.8491190384327,2358.7307874185817,2647.629597040377,1097.0840871714256,2565.348290502512,1451.80794202353,0.7190216883293316
0.45,3618.156049645152,3232.5806641702898,2728.2063761437043,1996.655239377896,3409.736922361445,2425.998641582368,5535.612020655263,2755.3008626905853,4462.253515144155,2215.495323025802,0.7524188488641564
0.45,2523.622358227782,2514.495333424047,3331.364053356708,3607.4565536691575,2957.1560364043376,1309.728059333401,3771.743000136071,1743.2617375099562,3552.694404846853,2890.985106577397,0.9187355494140683
0.45,2285.9275822382224,4087.939043236518,2502.537655555138,3592.5011095861,4062.591055933469,2617.755779659914,3279.1078120211773,2737.582628728849,5465.947807529327,3251.4554622360365,0.7704084246972513
0.45,4602.597691747402,4970.80550708719,3134.6112700637427,2405.462898897445,4420.916203915268,2308.566105387007,6354.007234449181,4183.519059814608,6441.214348608609,5183.978452810226,0.7883502805622419
0.45,3263.0529553430497,4696.855406352511,2520.6780822315336,2646.8332894269474,2853.0485319579257,4480.935917114201,3937.498101503165,3250.922646958858,6528.531972362904,2789.9709283602187,0.7915159891606007
0.47500000000000003,0.0,0.0,0.0,0.0,0.0,56.3067567792944,29.15885618927766,0.0,81.84589288989964,0.0,0.768295111824054
0.47500000000000003,0.0,0.0,0.0,0.0,32.14693606389114,4.1269715217168885,135.32122410678372,0.0,78.62966794005719,0.0,0.7754786713083507
0.47500000000000003,0.0,0.0,0.0,0.0,0.0,92.45863563555672,272.58922004814946,58.69989673864745,337.0835271944752,0.0,0.7255601761019314
0.47500000000000003,0.0,107.0092154142454,0.0,200.03427199594617,0.0,0.0,209.4583790352708,67.48876653966384,43.472493762035896,0.0,0.717434999389859
0.47500000000000003,0.0,0.0,0.0,138.10587837204883,144.8592220577212,165.11925311474994,175.58693582754387,69.89710714673106,266.0817412155833,85.4297976237841,0.6477553245344658
0.47500000000000003,4.865888012817585,0.0,7.298832019224402,0.0,0.0,0.0,180.73298333324377,187.68425192298147,344.4353586216201,101.83608483969444,0.6307757807813782
0.47500000000000003,37.22497939358799,171.39000929130327,230.32955999781467,355.5761052491536,0.0,0.0,139.2059125239344,0.0,364.4945898955344,0.0,0.6686732873388289
0.47500000000000003,123.01160162448936,0.0,128.84944034564617,176.3861270751133,0.0,88.8185462576806,7.922781121579435,85.89962689709745,264.78768485271127,0.0,0.505916240766824
0.47500000000000003,47.9705184234877,0.0,0.0,158.98800391785267,0.0,0.0,38.37641473879327,0.0,188.22717705216965,47.5136563432696,0.6571459325435947
0.47500000000000003,100.48392354193608,0.0,118.79872734022048,84.64409322990406,0.0,0.0,114.83876976221669,70.28924700962908,416.78553508527546,117.31374324846904,0.6287988106741926
0.47500000000000003,0.0,266.89643754195833,0.0,96.43718934621651,63.07513465347248,220.5023302348609,190.78925027413248,0.0,472.8028688487389,43.78769678422916,0.613993447100558
0.47500000000000003,150.5890531461393,19.52080318560525,125.49087762178064,251.5394924774353,42.94576700834168,0.0,551.6021243019594,11.154744677487804,239.82701056606712,310.65963926814413,0.6615174224788783
0.47500000000000003,223.7016611506469,0.0,0.0,214.11444710133492,0.0,0.0,363.0358386673397,47.9360702465672,87.56322165039637,0.0,0.6553329998267687
0.47500000000000003,324.9667661311755,10.85483978726057,0.0,592.9456233792273,376.5272551206805,201.49296355106628,1042.064619577223,56.30948139642047,544.098844336543,78.01916097094933,0.5574616460286904
0.47500000000000003,254.40159513387783,0.0,323.58729805979993,97.2923947395874,308.45292554475884,115.30950487654772,655.8228089853575,441.05885615278913,799.9596900810402,162.15399123264297,0.6074360417691748
0.47500000000000003,424.7103054731216,0.0,0.0,0.0,0.0,0.0,508.6036991468255,64.41814157087207,725.0786167512917,0.0,0.49595810599416723
0.47500000000000003,299.5021096384012,0.0,48.04846678690188,51.25169790603535,53.65412124538772,573.3783703237892,1263.6746764957088,32.03231119127096,494.09840012537927,0.0,0.6478371301940737
0.47500000000000003,228.52434421858155,552.5513994538859,285.6554302732245,66.51081660092936,0.0,351.31354409722934,775.9595270108716,430.61490235218207,700.0689798636558,609.6824855085385,0.6524151794198672
0.47500000000000003,119.120339245534,115.39782864411436,723.0976843264193,266.159508001747,0.0,0.0,1174.4520947489625,174.02737061652644,1036.7192024963088,0.0,0.6789738412873781
0.47500000000000003,750.906680735315,0.0,1026.81182722353,0.0,400.214058642247,707.449093559521,612.4487867101055,320.3733752262361,1157.1845887509237,135.42596933854009,0.6639153508761279
0.47500000000000003,0.0,367.9050029163215,600.6612292511361,245.6275383901968,309.98409866710773,1051.1571511895124,1527.3956972386288,601.7338385890836,1253.8803160617606,532.0142316224474,0.6366928133571066
0.47500000000000003,990.3445139744416,713.0936880576378,0.0,0.0,723.3622371656713,884.2361731914708,596.7167981666335,795.2420809218678,1391.9588790885011,263.5594271061097,0.6403723637548756
0.47500000000000003,1503.765024788998,1010.2613826331514,413.4061923818468,735.0878858289793,629.152549031137,1188.5428030978408,1201.4617466097618,1037.3911640082154,1621.3274107475845,1698.841071819185,0.6649098009257333
0.47500000000000003,1646.688852027963,1816.826445595411,616.74877668205,1595.0399396949783,2043.170208466432,407.1149560364422,2117.6054056521984,1339.833549343772,2199.6360311222206,1142.3524139529725,0.7172023645453496
0.47500000000000003,2015.880123991226,866.7789230920479,2443.4910593832897,2286.645349490454,2443.4910593833083,2375.799753008506,1109.4770215578258,1509.0208299164394,2625.101881364484,2151.2627367408304,0.6435448894915344
0.5,0.0,0.0,0.0,11.386243755606124,98.88053787764407,25.16959145976353,40.35124980057321,2.796621273306807,134.83709710587704,0.0,0.5771860131308403
0.5,114.5160415015686,0.0,144.38002879511316,0.0,0.0,0.0,45.35733408493441,77.01765144124957,184.7974552074328,0.0,0.5991418852414753
0.5,0.0,0.0,148.12290764199938,0.0,186.29304153436215,0.0,47.28538974725336,76.34026778472233,52.127869420167016,95.71018647637048,0.5894693601588729
0.5,141.2606932410266,0.0,0.0,0.0,93.80156705332918,0.0,55.83426610317191,0.0,434.1114189521603,0.0,0.5698473637502038
0.5,56.18722902828488,57.1729698884293,0.0,104.15995088868829,0.0,239.20644872860237,272.72163797353915,0.0,255.63546306435407,0.0,0.5921104331555114
0.5,9.6523375551122,0.0,0.0,0.0,98.0083505596037,53.83034405736007,0.0,128.07909448129843,89.840988012969,0.0,0.6374798519739147
0.5,25.58399389194274,0.0,0.0,21.38363668580211,90.49860525956434,0.0,179.8516585538188,0.0,241.71146468060968,0.0,0.6196135578895886
0.5,0.0,161.91223137671722,98.99297047902462,0.0,0.0,0.0,243.7072705437133,109.4795139619726,437.9180558479047,0.0,0.6199085319224859
0.5,0.0,379.31055082598175,0.0,0.0,154.20999335765123,167.55951517070508,0.0,71.81122078744055,310.7216284072056,0.0,0.6051567315783566
0.5,283.1289783886436,0.0,0.0,0.0,171.22791708342473,0.0,644.8780989874211,95.50176783807272,383.9363999955045,0.0,0.6047136175888149
0.5,141.75517922653742,47.42355086851223,0.0,0.0,72.68174643978664,94.3316283580252,239.69512123759847,78.35195360884885,173.19905534587917,0.0,0.6579043391795402
0.5,184.17425415506457,0.0,46.18100701201137,152.28736836105134,0.0,404.08381135514014,343.60868312511815,113.80319585103562,553.6223102511868,0.0,0.6250883396848459
0.5,112.93189810930788,0.0,0.0,0.0,210.2455549907332,59.46945698309366,703.4215568404268,0.0,829.5688898348612,0.0,0.7770423524060598
0.5,234.63493868930288,0.0,78.2116462297651,239.93742317945936,226.6812119540794,0.0,310.8581532352696,341.3474390536488,857.0140557211032,199.5059789420358,0.7057322453070973
0.5,0.0,0.0,0.0,56.75613138535257,143.27462435084362,0.0,428.43957716507657,113.512262770713,166.80765443744937,212.4894187232302,0.6298986828982335
0.5,773.2689804007904,152.44445613615113,354.23083768835806,436.7128622644427,0.0,45.659692176047,474.2716413124887,193.68546842419764,734.2373080567525,0.0,0.6374671266490877
0.5,771.3527325569949,195.2386584480316,0.0,36.80728806806623,68.01346708230955,85.61695268008549,532.905518550785,293.6581461083136,1220.2416153002268,0.0,0.6325658882583579
0.5,787.67492666602,0.0,308.5822574372614,214.5935914253716,0.0,186.3138158111813,825.9357995558191,583.0624325162385,571.4178190280408,422.5331180003593,0.7328332105264246
0.5,628.406514052884,211.8834643924619,638.3668478491021,732.5372764679843,794.1102490264752,0.0,828.5186748679869,356.7610468830412,1184.3742368604733,460.891809298152,0.706178199770931
0.5,312.5805452616976,0.0,52.25227025269624,502.92810118224907,529.9873125631194,535.5857700901895,925.6116444764197,205.27677599274887,1016.120041164137,60.64995654331192,0.6932682441140984
0.5,163.31487690068826,133.89791149620888,427.05318742352745,0.0,905.839658834251,592.3968205590165,641.0869701940059,403.7224907234275,529.5053772804907,959.6016990562136,0.7299921681396336
0.5,893.7506642220874,0.0,229.7900348061644,964.4552903162928,992.0742848843424,618.6654783243127,634.132115282419,594.3607631044262,1728.9490599599003,41.98087174343484,0.7315109697435289
0.5,495.9994534516285,1036.768453770611,801.1392597318343,45.947692837559785,411.1729435976658,0.0,1466.7917328913884,863.5809961521069,2298.5627878482624,411.1729435976658,0.6806139311435399
0.5,906.3838207082248,740.4648459643544,1245.0779261770947,1320.4956419697703,266.01885206868405,1143.6068176560675,1868.9881204618864,1061.3329458822311,1792.1991734729825,804.9127121871818,0.6914744845987428
0.5,2172.4325536052093,900.5720404036033,526.1236657094682,631.9803792306063,1347.6981587092637,1053.8272823670477,990.6292444439724,434.4865107210418,2878.670627395416,763.1163079209637,0.7204795820487688
0.5,2736.47291516024,1741.5654561243075,2092.933925342354,1063.6534638829255,1321.4509820592468,2339.2737760441623,2362.189110993168,2125.397316520124,3876.510828873175,1388.2873756604913,0.7154714200900498
0.5,2109.3613344590717,2722.993722665347,2522.710929292453,3613.612952770279,1768.45445212227,3679.663661223075,3679.663661223051,2343.73481606564,5147.693923285981,2062.4866381377765,0.676692372336098
0.5,3477.352091829315,3593.418583545888,3119.867297342172,5552.620963722095,3600.382573048904,4631.053019492317,5756.897989143307,2265.617918308013,5401.73452449052,3444.85347414867,0.7676858300884343
0.5,4248.896617015525,3852.873686962404,3101.384391982125,4823.845569682973,2671.9619377076874,4093.827397416424,4368.18063209176,3256.4536115812257,5549.092381346477,3891.044571786819,0.6923272355593874
0.5,4202.242669639575,4860.658571795063,3817.359844482487,5424.669252685638,3730.216563314843,4686.372009459803,5366.573731907209,4693.633949557099,5664.313275896653,4119.940681870129,0.7323794447582878
0.5,5146.595668103625,5510.62316657923,6278.846715086421,4802.652445405967,3695.5067431456346,4872.947410628868,5937.414026861006,3730.654225757042,7190.170728511598,3213.484124474476,0.7448654596270493
0.525,92.7828302598406,25.860746306464883,0.0,0.0,30.59859295803359,39.28464515257061,207.87302183747013,0.0,126.145167097952,58.63085231313329,0.6844826571291516
0.525,54.11631040203494,0.0,0.0,0.0,158.13207585009803,32.32922439601994,129.7854370680796,0.0,228.8815379341415,0.0,0.7096115585150706
0.525,41.93855997782329,66.21877891234948,197.67531779020248,0.0,82.89610100879503,22.07292630411928,123.3631325663424,99.5734231052378,166.28271149101442,0.0,0.5986832906670423
0.525,136.46146587730283,0.0,0.0,25.779168091809638,5.884375325305654,249.38543045338943,230.61147108217736,0.0,295.05939131170305,0.0,0.6429969620006211
0.525,190.2744221154589,0.0,156.5764475368673,171.21294154575085,0.0,0.0,168.48987289293822,0.0,243.0338772637506,0.0,0.5513533196828614
0.525,170.2190513401709,197.9382087831773,0.0,172.95192601764822,0.0,144.8423579064308,288.123073140013,33.575317466176486,373.62300947830727,0.7808213364220897,0.6085901832834727
0.525,81.33947016746498,0.0,0.0,34.50765401044068,77.23141611860223,148.71155656879844,407.5189616470919,0.0,151.9979998078849,0.0,0.6890026203265422
0.525,155.4705597002826,16.270174852355513,0.0,237.2733832635089,25.761110182897514,0.0,147.78742157555615,0.0,270.2656822696738,0.0,0.6227479308920082
0.525,17.202024319714223,76.24681049819121,0.0,136.68635540529235,183.6432326023544,0.0,135.29159667666818,0.0,459.8054608701928,0.0,0.6623467535729134
0.525,135.15836428991574,0.0,28.92688239414769,3.4911754613599157,0.0,230.91631980158704,726.6632353151487,3.989914812982761,435.39945396714063,264.8305957119745,0.5779427154822109
0.525,292.8029403507301,0.0,259.7960634384658,378.5143465261264,0.0,168.7609674385156,497.7649985962424,201.7678443507739,560.5845385260328,0.0,0.7088915425491977
0.525,84.42620441179761,470.0633187573125,0.0,172.12051996211974,0.0,0.0,334.4367065086783,0.0,160.6821309772932,184.64827932645235,0.6336890117933881
0.525,957.2990684263674,219.1835738352414,236.36282691962336,97.15163813237828,268.3517809388259,126.77104000201275,104.2602945810892,283.7538699110318,551.5132628124658,0.0,0.6247273154023415
0.525,443.5626280440597,0.0,119.03516854289526,0.0,236.1908344245886,17.542024837905977,614.5973702135913,158.50472442817122,769.9695902064188,179.17925370141376,0.6721763590688403
0.525,645.9320845787227,58.15465713248358,0.0,121.84785303950063,415.3904080892089,272.08071729843624,921.4743886112324,472.1604305280631,776.7800631268225,274.8499866856951,0.595333341804923
0.525,71.30841869544928,260.49401931601886,236.48200077572028,316.522062576735,452.59016763845744,373.2777427629058,971.3952954941142,65.48732329173626,902.9974245005172,219.01871456458952,0.5994085205632591
0.525,584.9580634514731,0.0,179.32449334723523,272.51058377659035,267.0290490454481,32.10613199667349,887.2255500542424,327.32593108796783,1269.3668284535966,28.973826436016992,0.676344249786825
0.525,200.5707382883734,386.3452745718526,0.0,781.7326725911422,290.16996154013805,0.0,1181.2301267228945,423.3357795840555,1407.2832129085562,133.16581804391743,0.6736461766935724
0.525,887.5934485190187,828.4793719277858,472.9126127298035,0.0,673.19463341949,180.87142837614687,704.0751211910282,955.5305216163867,986.4110093879252,104.99365842322808,0.6505298998228257
0.525,320.1910186027341,597.013224887506,778.793140347849,511.1983409392281,835.080322292433,287.89509453617404,226.0714684659098,311.88635241418774,1235.549780717744,621.0044827655302,0.7097571973787657
0.525,0.0,647.4869683547361,259.1918914418523,584.4136563688874,741.1114158337368,517.3982623839265,1245.697911720538,599.1964638655687,1734.5160796108798,465.1656758956471,0.8021413513444323
0.525,537.8967791628584,558.8674138280699,605.0028100915567,773.8164191465684,195.02690238653503,521.1202714306868,1094.6671295244205,533.7026522298066,612.3425322243885,233.82257651719007,0.6226256484737404
0.525,810.7736348514067,299.781848180351,336.1190418991744,482.6033540782192,404.25128012199735,383.8116086551479,1941.7687893500135,844.8397539628052,1440.99683841237,731.2860235914724,0.7020267755814148
0.525,1233.8650150058763,1368.0618142210228,1252.50345934131,1545.7483168855094,1013.9313718477304,1158.068674708448,1502.2586134361693,1492.3181097905983,1530.8375614171598,246.02746522776133,0.6279617634785647
0.525,1387.529830518676,1033.3846295089152,244.85820538564687,1209.0738503223606,1700.1736407850972,1585.3531263952266,1211.8406097052466,2267.3593142772825,1748.5919299856523,650.1884549788493,0.6148873443602293
0.525,1998.0768603941035,1375.9885699898216,1819.6484360145785,2044.6932955923687,1674.9767405717446,2403.1576076341157,2506.0352577268104,651.0226294928447,3005.956338645997,2470.6710655074417,0.7082469390475477
0.525,1584.6622273976195,2402.177459624764,747.7745963025294,2061.223239548992,3764.057100041081,1485.862993171141,3403.730481097363,2752.8178791344976,3432.7890793992706,2287.880306303924,0.7069329543685018
0.525,3050.0743202264302,3092.7028921373367,2992.525748146666,2930.7143188758378,3627.691469619397,3079.914320564072,4292.69719142977,2779.38288859206,6330.342928771795,3103.3600351150817,0.781442815179121
0.525,5181.296656757426,4950.709355611097,3555.6561836759765,2942.293962626819,2255.1438052108333,3251.280946162872,4049.113008129088,4332.735388539018,4362.711737688035,4584.075546788495,0.7077359158726267
0.525,4485.961942254701,2549.743319232637,3156.269634878104,5153.140889464712,4527.952225645529,2743.365181534852,4665.587043426623,3900.430768304636,7164.008905181588,3517.8526307436828,0.7245972553169665
0.525,4584.558628323205,2670.435372098637,2549.0519460941573,5016.403509300702,3555.1338039390303,3676.51722994351,5133.118341997321,4292.771546581656,5917.442017718607,2301.616500777337,0.7066819105453669
0.55,0.0,0.0,0.0,0.0,0.0,0.0,36.424414836505065,0.0,60.58714547062308,0.0,0.7547186591637212
0.55,246.5886525531604,0.0,40.90109002080018,46.81165216253733,71.39959067215182,0.0,152.96534822808837,11.584701797797065,194.57570570589877,0.0,0.7822958096089884
0.55,39.59123753935671,0.0,0.0,35.90261292388649,0.0,0.0,213.44841108174896,38.361696000865706,273.45003816002674,22.62356430820543,0.760521017734464
0.55,0.0,0.0,0.0,72.88597953279904,0.0,153.03263135622146,220.89199161089468,60.04017471092548,147.16824219840905,0.0,0.7275260683593776
0.55,277.4656304754366,0.0,86.01115984886991,0.0,0.0,111.17738810094976,71.99452639201856,0.0,372.7150260117768,0.0,0.7550741242322543
0.55,135.08686238234682,155.38680071849032,78.6161248290712,40.23078688436164,94.85607549798937,47.243492855032,448.8131821227724,0.0,390.86608541777855,0.0,0.78769981194939
0.55,290.65431906759073,252.7066246125649,0.0,24.603450251059844,20.016366305946672,70.05728207081334,232.69025830662287,0.0,457.0403639857665,0.0,0.7463924986063925
0.55,0.0,51.53474302965612,129.95717807478655,46.15720462656126,0.0,140.2641266807188,283.66515076324504,234.8191769351287,315.03412478129417,179.69940830341275,0.715385123775848
0.55,266.24397160139495,318.8295247112742,0.0,75.32525175199753,286.141207913241,0.0,364.3089219955053,185.70753891057944,466.16382216329765,0.0,0.8770753355450415
0.55,296.67880450852664,196.81155504342044,86.2268446601123,173.91516126361503,356.11199687312575,0.0,655.2265879539698,476.4398535457089,600.6649687340109,298.62743376638053,0.7788062869413496
0.55,82.3726115219292,0.0,34.19240478268526,431.5495936966355,102.57721434806166,333.63498000076595,416.00759152268927,15.542002173946235,376.1164526095555,78.22807760887412,0.798056181217775
0.55,385.3132948937346,0.0,22.369422054787428,266.7553580033542,83.88533270545763,326.0343264485476,546.373133688213,198.5286207362472,643.1208840751751,383.0763526882577,0.8247665812219611
0.55,18.18876044697904,0.0,265.20386200106213,258.16305150545844,0.0,438.8771875592827,492.2700004842736,296.3007750233091,1035.5858770616724,185.4080097175623,0.7568465801904205
0.55,246.48065960226037,303.9310389080471,107.48780644308428,126.02018686431104,0.0,767.2405494386177,668.401187192096,454.6610663339868,821.6021986741964,16.67914237909916,0.6882704295974433
0.55,448.5487409452354,0.0,310.9937937220265,0.0,21.92904955732534,173.43884649882526,542.2455890537935,303.01959388299986,1010.0653129433404,89.7097481890486,0.7149342895228463
0.55,695.5509942807485,432.5089339436413,347.77549714036587,360.3013095373762,284.4096226614071,14.736249878832682,624.8169948623649,221.04374818244,1010.1699291937534,0.0,0.723875977737836
0.55,660.0379858618589,0.0,0.0,714.8454105479009,606.7964875954254,471.343852299938,218.44673553435032,508.92608637035687,1528.3441855306703,277.1689762694004,0.7589343287949905
0.55,703.0873537551777,0.0,739.9196365479345,316.7576320177568,189.89088017602347,545.1177853328899,1044.3998409681058,639.2447302477159,1235.109216317301,91.67145939532006,0.7950761179034961
0.55,534.2319800060927,418.5107204933685,1132.8502247034744,810.9189012470296,167.05625433415946,649.953239518817,1132.8502247034744,421.9910591253269,860.5137267524857,987.5460868190844,0.6859551590020895
0.55,0.0,97.27317200281678,0.0,401.4729099025647,509.3577006693364,782.6068838409108,913.4835152628948,790.565597913862,1199.997221889388,86.66155323888191,0.720265329130749
0.55,522.7605432254146,343.0914716963777,385.1416799265806,336.40166584157964,1058.900698160436,1088.5269812317174,1417.2831546678026,380.3632471731425,1474.624347708973,1078.970115724852,0.7386146682006182
0.55,1543.6419302653967,229.01816691798143,269.6664129943309,328.1602305188416,103.10774614489092,833.7847548832416,1649.7239383183107,1073.7085487973077,1583.2987557057386,419.37092903164006,0.693235862707171
0.55,1767.191645841542,86.79106899694398,699.5569296260254,860.5909612589315,1085.4112002269362,218.54618578750797,1889.5356828613487,838.6317751271689,1374.0176465300517,643.0904510015065,0.7362281454001418
0.55,1272.1142296220871,1038.855359253104,274.2214037020754,208.2262111098692,0.0,1123.056122215569,1231.1516962890078,9.102785185122976,1864.933114803764,763.4961074028881,0.6985770905657197
0.55,1398.6599568664867,1575.0233840020228,1052.056832704295,384.57025083719486,1399.884702888274,1101.0466735752866,1325.175195560027,655.2391216493523,2666.272089403109,327.00718781380334,0.6914125404093763
0.55,2308.575940248555,1088.0130627487183,1310.310147904217,329.99380964078983,1315.8330568521906,1296.5028755343376,2224.3515787921165,1281.3148759274216,1357.254873961923,1241.2737860546945,0.6851922592522638
0.55,2323.3546526190457,1844.83174313652,1885.7580446054176,1827.5167694381555,2465.022619242154,2817.6184472819214,3725.867522187856,3349.6603663775923,3049.009459432992,1501.680446205006,0.7312942415550547
0.55,3465.5359941661463,1808.5823058642447,2177.6061702931083,2877.29003205676,2575.8596477460555,3295.6388684637564,3127.568593575348,3443.613784398073,4643.854769198902,1764.7378863281608,0.7652763977703027
0.55,2603.120797601946,2311.540575615565,3333.989643501963,3667.7722660389854,3163.261750365214,2589.6927610630905,4110.897471820904,4295.053401496487,5839.277603463728,4252.851000945845,0.7422715385036568
0.5750000000000001,1.9674053789933192,0.0,0.0,0.0,64.74552247231765,46.3234539235648,74.40369433282845,0.0,44.71375861347898,32.73047130506735,0.7545151188916022
0.5750000000000001,78.26687208878477,0.0,0.0,0.0,97.5249667983304,111.10439255505868,125.177615612034,174.80424428662383,167.89108208319865,0.0,0.71002523486195
0.5750000000000001,218.67000585698656,0.0,120.58238361252204,19.094390463588983,144.12341295119518,68.53055207479723,136.0148361789878,0.0,274.9069092771439,0.0,0.6806241568509906
0.5750000000000001,0.0,0.0,27.06952317641709,93.53726325316508,120.60678642958216,144.72814371550103,4.020226214318796,29.749673985960914,85.22879574357005,0.0,0.7390368063800046
0.5750000000000001,92.46904106035964,172.9171067828729,11.096284927240072,10.479824653508404,0.0,0.0,158.4302903500824,0.0,218.5351670393176,0.0,0.7804645558329799
0.5750000000000001,111.05339357775009,94.28358582271912,27.577017197155357,0.0,0.0,158.75418008094346,346.94868933183005,113.2893679450853,190.05782122366597,0.0,0.7718783701433269
0.5750000000000001,98.9790461486586,0.0,151.98874450442472,158.20081853049024,103.12042883270388,67.50453774992216,204.5843045917915,314.7450839873643,431.9462139458201,13.666562857347936,0.7923070612509037
0.5750000000000001,392.5133715455952,0.0,38.192977536086346,196.94692030658172,136.20628133352636,431.626661793399,384.2305571401805,443.5907270456676,536.0821545728242,69.48360973433142,0.7432293464348967
0.5750000000000001,303.03318203953296,281.94834898500466,0.0,0.0,427.5808005476953,161.81383506965818,269.19938016133534,521.2366869061909,634.5063714549467,203.9835011787204,0.7670041162583706
0.5750000000000001,0.0,118.8631919492258,0.0,12.349422540180065,301.01717441687885,0.0,141.5037999395579,0.0,635.4807015467429,0.0,0.9276278246134199
0.5750000000000001,189.58540016441523,147.15693950439191,0.0,453.2863392033048,151.4534924826245,163.26901317275963,27.390525236218355,132.65607320285918,623.0001818434101,0.0,0.746177758749922
0.5750000000000001,191.49344460577035,0.0,79.39972093409472,707.5916306774259,464.138074578017,81.73500684393237,644.5389111121083,0.0,516.0981860716555,132.52747538265209,0.783075519802124
0.5750000000000001,478.530891037448,500.60775259403886,283.4191686319056,264.3256667451217,84.13074268862694,251.79555613192625,792.9770002353717,31.026940566018062,852.047521697601,0.0,0.7042489496318506
0.5750000000000001,94.59481226467426,357.2198831573932,169.27492721046636,294.98645403589614,367.1772318168306,28.627377395890868,462.3943783727264,303.6991341129049,808.412244288246,76.5471178194424,0.7680139048691523
0.5750000000000001,281.8359077156846,0.0,77.99644887945384,0.0,415.54410579476,159.92549182006812,334.92592754120164,300.843445677903,338.20308925882296,500.0948781094638,0.764951400170067
0.5750000000000001,456.6837375982916,0.0,145.49832493603407,411.4330623789428,0.0,564.5891938905668,252.70761699417403,728.1877889143373,826.346945928609,162.20626655549216,0.6694551278876831
0.5750000000000001,860.219930983296,688.4812579830814,473.99873748058656,425.1486260494154,497.660510205065,569.4091113696034,641.1577125341329,585.4380541829509,1245.6778414948851,696.8773708853151,0.723508339208052
0.5750000000000001,447.1567011002312,496.8407790002478,294.09768692434017,531.299091092206,495.238066809935,528.8950228067231,861.4578022988262,794.143890305241,927.1690021020804,0.0,0.8459337956454407
0.5750000000000001,940.0566907521148,953.6437793266588,0.0,0.0,60.292705549596455,486.58760957629727,911.18412753118,905.2397762798076,673.4100774764399,425.44571099079184,0.7857244649703711
0.5750000000000001,243.22814765434725,549.678052099719,248.49662738692768,649.7791670188361,336.30462293002387,352.11006212777494,762.173401313994,329.2799832865733,1548.0549614246097,0.0,0.7830463034951205
0.5750000000000001,528.879857079824,232.4436382539357,146.80650837090673,590.0492355677018,353.84132786835085,0.0,1348.5495288174186,888.3675891162817,330.31464383455085,959.8887085790434,0.762213282618409
0.5750000000000001,493.7069345614416,66.2171036492608,41.87258024879549,859.8485665044282,0.0,576.4783141230259,708.9125214215476,464.4935064808766,1040.9718206038915,1043.8931634119558,0.7243288304963786
0.5750000000000001,840.2112107739943,1084.0084861293426,715.6967225023751,212.40706822804376,425.860476693675,159.0437161116508,1292.2301934070838,1070.4060630408358,1675.1907203601104,895.6672433655624,0.8275743900595364
0.5750000000000001,1366.9198700964243,493.1846891307889,1301.3077163317937,1256.4727445926344,706.4241888658361,513.9618711562606,1494.8635699374452,1324.271970149405,1277.2499266180937,838.7420322911739,0.7458130418508381
0.5750000000000001,1105.2586125414564,1206.797682542612,567.2182531099631,904.514704033396,1708.6574538127622,800.6414025379497,561.3826743742825,1125.0995802428292,659.4203971340216,444.6710996602959,0.8300370812706419
0.5750000000000001,1584.0120825961558,55.40264835788653,1187.379486397585,1421.5815908195932,730.3076374449746,280.7906950866013,1455.5786704937675,1118.1261759502231,1670.8935084301183,512.4744973105256,0.8530364016124176
0.5750000000000001,1575.7220837515686,2020.2782138059667,1705.450207112631,996.691679481403,2354.0908239179967,1748.1655648047065,2937.8673790428315,2305.047265086362,3094.490357247036,2040.8448675095503,0.7673747981534679
0.5750000000000001,2257.8257863448216,2653.3048253542506,2009.752570966152,3305.845239719828,3138.665464138573,2160.753658587965,3437.072375391146,2069.074426817576,4290.94757325244,2881.6040887824247,0.8293170210376367
0.5750000000000001,4188.868511574062,3779.611243201882,3460.084178055681,2479.617567196126,4265.467465547469,3753.34874469674,6618.149623301973,4396.779958073283,4068.4987267587258,3501.6664673555406,0.7575764728344356
0.5750000000000001,4458.127492405364,3955.737137810951,3406.394413628318,4192.846604231691,5131.893995996908,5692.974812576621,4206.932315108157,4141.198997684598,6303.355617224017,3603.594365899021,0.777737700512724
0.6000000000000001,0.0,3.856761598652589,21.21218879258961,20.68626675640961,6.749332797642031,34.00962500630071,2.1036881447196274,40.40834311315644,9.729557669328324,0.0,0.753035799880364
0.6000000000000001,0.0,5.652099571125697,31.086547641193786,0.0,51.20137258549519,16.457584045338212,0.0,47.544131686532,82.78663489472994,0.0,0.8250563095997383
0.6000000000000001,0.0,6.81029361430693,0.0,0.0,43.00213967890945,98.84654731622776,0.0,0.0,120.83406669956184,0.0,0.7768435192056238
0.6000000000000001,0.0,156.26612442941183,0.0,0.0,26.04435407156792,27.077860185519665,85.9877086807346,136.83620948713147,227.1646438464603,50.435098360815466,0.7925087349256313
0.6000000000000001,0.0,0.0,47.83404624094264,0.0,40.56514705726927,138.57804572743643,0.0,112.08173579985552,145.3779836734524,61.66840275180232,0.7809792497746779
0.6000000000000001,2.048125133246681,11.77671951616626,89.60547457952721,0.0,0.0,121.60742978650067,0.0,226.3178272237205,181.5150899339564,103.43031922893908,0.678009784312696
0.6000000000000001,142.69742100712705,130.50106023728762,75.922345792253,4.5736352886901095,0.0,167.0901425468072,0.0,263.4413926285424,131.41578729502513,205.81358799104848,0.7459878527544044
0.6000000000000001,0.0,100.44773009356116,57.24818183654059,122.9255438207926,0.0,231.45123822257787,221.265978877427,292.21157845399887,299.23589524375814,113.09150031512904,0.8093385451053304
0.6000000000000001,0.0,90.8481010377862,99.28125809614592,139.53041678377227,96.21465552946908,157.9300321838301,149.8802004463058,147.96357384213357,135.3138382545924,118.06419881703756,0.7428407695517603
0.6000000000000001,0.0,211.4533788827528,34.37616367469999,0.0,0.0,117.91823586089322,58.75925651373361,276.6082007313139,159.08968770384834,0.0,0.758836332431919
0.6000000000000001,87.42850431362835,0.0,0.0,178.3541487998006,221.1941159134802,125.8970462116258,77.81136883912946,3.9342826941130182,66.4456632783577,0.0,0.838123911579773
0.6000000000000001,150.7216104979639,110.20973253174763,12.197124548968416,162.04751186486294,202.1237782400436,115.43707162416348,0.0,0.0,184.2637030076256,49.65972137794114,0.7430589179773803
0.6000000000000001,157.073703819048,293.0821295749021,94.3358104569204,152.0363547169814,302.69888695157925,110.36373941804963,134.63460327347053,0.0,0.0,0.0,0.6935750153376271
0.6000000000000001,70.15878123502966,210.0022978859324,425.6931456017329,164.49389924699437,331.8320734089249,76.79542270320928,92.43893473534196,0.0,0.0,244.60764268429247,0.8148058900224419
0.6000000000000001,560.7095868721361,181.92140088774224,281.3855095884068,433.4161420583321,316.9452168440851,41.74400416971034,86.58015679643235,0.0,56.17403030244727,0.0,0.7307335319298279
0.6000000000000001,181.82129285419344,319.0038251872988,524.7776236869568,263.47756210008936,348.9444572441289,265.1106874850087,76.21251796283528,0.0,157.3244120804263,426.2457254635763,0.8564790564542399
0.6000000000000001,326.1091385656022,290.2018146441189,100.6582359110423,251.93991210483537,641.6226733510977,0.0,603.3607708118117,337.8820316546152,161.87727997389982,512.7094940264292,0.7700590463593434
0.6000000000000001,473.46156465351135,378.6453089048351,508.785267775566,298.70219131281885,943.2048447678584,53.91512581787375,648.8406520840659,200.16765102497823,145.63281111724507,350.75817486110907,0.7756482476235791
0.625,0.0,0.0,0.0,0.2383785944262547,0.0,0.0,0.0,0.0,0.0,0.0,0.8005819309581614
0.625,42.48620141989618,156.90926660757043,0.0,0.0,62.44184148075617,13.518336815421552,0.0,48.76257208419887,0.0,7.885696475662712,0.8128980651751632
0.625,0.0,86.21999571353679,0.9537610145299696,39.104201595740726,91.9425618007186,61.80371374156218,0.0,96.32986246755786,48.26030733523183,0.0,0.6954838140618056
0.625,0.0,98.19184041014988,25.32643663855795,0.0,94.24755929430977,44.00987350306914,0.0,40.27318613016777,0.0,56.25790433647013,0.7758876996063889
0.625,77.8760622999685,125.61432959220986,0.0,0.0,62.44551125601269,0.0,60.75779473557972,95.95873930460576,0.0,105.84393606713962,0.7731224978831928
0.625,4.957472245797747,144.014568740432,71.63547395178101,0.0,0.0,0.0,3.470230572059071,114.51760887793507,68.41311699201279,40.40339880325326,0.746866289718287
0.625,60.40995101301271,146.2095915822181,80.5466013506836,93.67919939699112,119.65255997746485,0.0,0.0,39.68962965106229,0.0,111.77300114968064,0.766066759742033
0.625,56.08913176235678,224.6884154030501,136.4061133392227,72.01977273627973,184.529924614618,51.442694811630126,0.0,17.590082742041233,0.0,27.54673335074221,0.7246799131188612
0.625,0.0,40.11447595006418,0.0,0.0,101.20624666300574,89.06149706344523,0.0,148.31315420069777,362.1343516959932,109.67076911118512,0.9046080528567414
0.625,0.0,280.35188148956723,0.0,182.69665426533496,154.21387965826733,228.6759904167447,55.33796209373278,284.4208492905793,321.8553530598681,69.98624617736677,0.6583114009953761
0.625,0.0,132.25612073643205,124.5518806935336,12.840400071498642,267.50833482288,236.2633613155685,15.83649342151451,430.5814157309095,215.29070786545384,45.36941358595923,0.776341465374525
0.625,22.496397285941065,275.35590277991764,283.00467785713795,59.39048883488304,78.28746255507293,368.94091548943305,87.28602146945089,247.01044219963376,342.8450946377409,71.08861542357248,0.7272559392542147
0.625,0.0,233.9606808135842,102.32872719480812,0.0,217.21597999988737,392.1050773873784,117.21290569587173,282.3342609420394,342.80123610260847,224.6580692504201,0.8304329400969626
0.625,132.59245717431835,115.65546446956984,316.4798065401598,186.3069197522356,207.11522507521093,185.3390915976783,165.49861442925814,291.3162745216779,345.9985652541523,118.0750348559619,0.8279309788321849
0.625,0.0,231.3312761703424,287.11691577779186,177.59281599802688,83.42256198178059,302.9825564000936,468.292295787308,616.7128048346507,445.26152714203,326.5251199041546,0.7996387311804235
0.7000000000000001,0.0,63.79468327967454,0.0,13.697466787683515,49.58990290726203,3.424366696920879,0.0,0.0,0.0,36.39974970430751,0.7704524520487761
0.7000000000000001,56.61955962572853,38.31216454331917,8.850594973614909,0.0,0.0,21.338420758304554,0.0,45.70786719250494,0.0,27.88543621823884,0.773823689251259
0.7000000000000001,30.74072378487928,71.50846476997607,10.290886073907796,12.533771500272758,59.76629989077348,0.0,0.0,0.0,0.0,0.0,0.84300839117218
0.7000000000000001,23.77982162127292,106.3188153776921,0.0,7.364073792393883,56.45789907502298,0.0,11.046110688591629,73.18048331191882,18.41018448098551,0.0,0.7942752914371906
0.7000000000000001,10.798690857393469,147.05853549432643,29.254635231848862,0.0,24.93515888889106,21.00836221347535,0.0,89.13828453194233,0.0,41.035025258096,0.8717930001868117
0.7000000000000001,114.71298420023304,111.7167495382863,0.0,73.19373245611848,54.57427419973818,40.66318469784422,0.0,0.0,52.22008982249445,35.09874889708641,0.8279783055038491
0.7000000000000001,128.45962160081913,85.40953335824943,0.0,0.0,115.33740218998268,0.0,0.0,11.280504405806914,0.0,19.5682219284399,0.8401205465089783
0.7000000000000001,44.39001033753181,99.945606097385,59.91289738807827,97.49462393150954,27.777797879928016,71.89547686569477,0.0,92.04799689622996,0.0,130.44671749495353,0.7201082914806091
0.7000000000000001,128.51288376143572,256.33853285034775,104.11605288693788,0.0,0.0,111.6756342846698,0.0,172.83952013904178,0.0,30.23832559092595,0.855418467053237
0.7000000000000001,199.1916859522605,117.59509170675489,55.540538940216535,104.56706405411124,220.1050987630831,212.21971360490417,0.0,153.93643200097156,0.0,0.0,0.7429115474876461
0.7000000000000001,350.56939263595933,276.05942608208926,147.90228360943163,114.37279866019088,152.37288160266556,0.0,230.2357966514591,161.3140775891295,213.47105417683773,30.17653645431726,0.7909549954879447
0.7000000000000001,252.81192823264655,307.5812313662498,49.60987602681328,0.0,382.59136391879485,161.5297563433078,131.3669517190042,161.92663535152386,105.56981618506056,0.0,0.8064031178156387
0.7000000000000001,252.93649347449065,444.90880647051176,21.618503715768256,0.0,208.8347458943223,442.3145860246208,104.63355798431854,146.14108511859368,44.53411765448311,169.9214392059381,0.7914147153271924
0.7000000000000001,170.9924801461755,223.64139092687668,242.74409306854812,52.18299121627082,188.23150403012312,287.0064516894932,171.9243192750362,174.71983666162325,0.0,212.45932138053345,0.8611658390359279
0.7000000000000001,226.4687670208912,453.4569578193499,224.39107191060523,185.43428859279305,520.4626251259931,331.3923700902037,56.61719175522145,418.1361409445341,136.60845350113456,91.93800863003996,0.8573277901726684
0.7000000000000001,343.8551809594218,257.8913857195649,59.47180802757094,67.0409472310812,244.3750657132998,203.8261056945017,178.41542408271846,121.10622725615006,366.5625985699497,307.09079054237594,0.7679619241896103
0.7000000000000001,357.12467236680936,709.8061139732204,354.9030569866088,217.71830725939117,278.2573263697849,418.7744991673006,34.99044223811529,76.09032677177802,26.10398071732429,49.98634605445083,0.8236562398212448
0.7000000000000001,0.0,333.9233344241084,200.69416024810607,229.0407930515109,132.09530886386773,323.1516139588174,196.15869899956152,319.7500180224075,102.04787809225796,185.95391119033485,0.7732702025463734
0.7000000000000001,379.960065945089,537.3293531002969,268.66467655014844,242.93509728142664,691.1084664040568,419.4519783110346,0.0,27.52466619444732,0.0,241.7383726642753,0.8459337956454407
0.7250000000000001,95.92501644893606,4.936336034228729,0.0,71.77699422743771,0.0,27.750213381611758,0.0,36.155326088541806,75.11235641272755,0.0,0.8020356857007725
0.7250000000000001,13.5263546822912,0.0,0.0,71.15544563961575,0.0,39.669729278316005,13.640021528360768,80.93079440160702,26.37070828816446,19.20969698577485,0.6749855313340757
0.7250000000000001,66.25199783837007,91.40649969144069,0.0,0.0,0.0,0.0,0.0,4.251465101927642,74.93207242147217,25.331646232318228,0.5876111218770907
0.7250000000000001,20.20633670258449,5.455710909697446,26.066174346334183,145.48562425860837,0.0,0.0,0.0,50.31377838943558,52.94060216077192,0.0,0.7126861321557894
0.7250000000000001,135.6807403266535,13.007409816438896,0.0,19.511114724659876,12.110347070478367,0.0,0.0,25.790553946388684,65.93411182815909,40.14355788177041,0.6735959713104622
0.7250000000000001,103.9719335210346,97.9965350428142,0.0,70.27068610387185,50.67137909530837,0.0,0.0,82.93853087769841,49.47629939966538,0.0,0.7093027214920566
0.7250000000000001,88.07140659599241,54.14021311991529,0.0,76.59467939084921,127.99045774431738,41.91500370574167,0.0,0.0,42.41399184509528,126.24399925657748,0.7076553032122223
0.7250000000000001,240.6405790405813,42.70360395444284,0.0,147.4428487886544,0.0,64.05540593166492,0.0,150.32822743422363,85.11867004433022,95.7945710329419,0.6613017649307141
0.7250000000000001,188.4770241435743,0.0,37.109465893553725,224.6099251451918,0.0,129.5576089967924,0.0,91.79709984194736,175.13063728712115,45.898549920973686,0.6970407997558266
0.7250000000000001,165.2029169186473,82.96695163834603,0.0,148.39023068356417,0.0,148.7557238625857,33.62537247016628,0.0,256.21071849551254,8.4063431175424,0.6985305504869367
0.7250000000000001,125.44182474798342,116.94415274892684,148.10228341213673,0.0,58.26975085067654,78.09765218180976,0.0,374.3022190060796,91.45113675175712,19.01859923598569,0.6602958514466247
0.7250000000000001,413.2016021899309,221.59782565982164,138.33076389673755,212.6443781584147,215.77808478390637,0.0,0.0,335.3066089276901,257.85928804052134,74.76128663674913,0.6377398121811124
0.7250000000000001,531.2074605674617,202.9659218621548,40.30184572861084,30.10499319486659,16.509189816539457,0.0,100.51183211833958,440.4069165764958,270.4593743474199,127.2178744686255,0.6936772724121366
0.7250000000000001,385.6519196404512,0.0,203.5102478313722,274.2300589527745,109.89553382894051,215.72086270125504,71.73736236055825,301.7039424100079,556.6005278188035,126.17635365545168,0.6921076263184149
0.7250000000000001,279.3869522834589,103.6520331447091,121.01506407758023,144.6919244405851,5.2615245251121845,129.95965577027002,78.92286787668277,133.11657048533684,162.05495537345627,0.0,0.7118807359594138
0.75,52.5276298511389,0.0,1.9886439499778965,6.240227567172073,0.0,0.0,0.0,20.572178792874144,6.925966860267878,0.0,0.7229381342830489
0.75,47.9125535237044,0.0,0.0,0.8731217043046048,0.0,0.0,0.0,13.969947268870204,32.30550305926343,0.0,0.646684923867422
0.75,56.26167664242438,0.0,0.0,17.456453130144368,0.0,0.0,0.0,0.0,0.0,0.0,0.7994628714863492
0.75,27.048137757972423,0.0,0.0,10.698144038601328,0.0,0.0,0.0,0.0,0.0,0.0,0.6721010296906184
0.75,58.90409061272512,0.0,0.0,7.947377304891611,0.0,4.441181435086582,0.0,65.91648235233411,21.972160784111725,104.4846369201905,0.7468765154257375
0.75,68.92964347120194,80.780704980286,0.0,0.0,0.0,96.98521765597164,0.0,34.34389253652825,156.24052520139196,33.6183173420952,0.746614055601163
0.75,124.9517751357866,0.0,90.12116335329608,73.80192566499694,23.869929753035617,57.48268797669672,0.0,83.54475413562244,0.9742828470628816,39.94559672956929,0.7845071188452574
0.75,170.4906611888194,0.0,18.47422025265834,12.93195417686108,0.0,15.571128498669417,13.723706473402862,209.28652371940024,120.87418393882224,36.4206056409555,0.7869996350364286
0.75,217.84576367811349,48.67726029772964,26.14149164137444,63.40062915321757,0.0,0.0,0.0,29.146260795553943,98.85690517255108,195.0095181063391,0.8176575841878275
0.75,39.52282818653588,224.621406860145,0.0,150.18674710883755,0.0,16.467845077723286,74.43465975130896,78.7162994715176,175.876585430085,136.68311414510327,0.7769358346201123
0.75,249.0306052735021,24.099735994209453,0.0,110.27454954926397,0.0,51.48579962399331,65.36140519641778,108.08366445887992,368.7989902144225,0.0,0.8799640978999367
0.75,243.19725411399915,227.0970874653364,141.08830247380143,203.3705260883613,0.0,258.87373216664287,159.30691210254932,304.208411940506,259.7211093586789,200.40470591624012,0.7443127844862479
0.75,459.4279152909489,359.86997738495546,84.94392867208536,136.09296099075857,299.1305015065313,8.677067982632622,274.01267313575386,394.578249315486,71.69998280385684,211.90313389165007,0.8359850344379479
0.75,716.1363486842224,513.7499892734608,67.66171187401187,434.7115293852396,387.4082086945562,238.9117082984988,149.69405281860793,389.2045373283806,408.964152300438,157.47814356517662,0.6980231980787931
0.775,41.01286202030882,1.758836188005295,0.0,5.116614365106809,0.0,0.0,0.0,0.0,0.0,0.0,0.794170412386412
0.775,0.0,5.957893325437194,0.0,0.0,0.0,0.0,0.0,31.27893995854572,0.0,5.565926659290006,0.8575612771594665
0.775,9.904031860386548,0.0,5.379967924160463,31.668447553580368,0.0,0.0,0.0,46.83017533985001,0.0,0.0,0.6707376020304907
0.775,92.0075154693186,0.0,0.0,0.0,0.0,0.0,0.0,45.89800196975165,0.0,6.345345894435765,0.7658008913483078
0.775,94.1459743957126,60.11730895147913,0.0,26.769216816130747,26.31550127687368,0.0,0.0,53.53843363226046,56.03386909817174,3.8565820836804128,0.8166201009526989
0.775,0.0,0.0,0.0,0.0,0.0,0.0,0.0,155.05347240525228,151.33961677878042,53.850906583860926,0.5921036160172103
0.775,63.012270875938405,18.87916286944393,0.0,0.0,0.0,36.28722213867276,0.0,31.873911338022985,101.75133234830412,19.124346802814237,0.7807649968566576
0.775,139.10774283247864,0.0,0.0,0.0,0.0,33.39637682367581,0.0,49.43715624292165,108.34100197917104,105.44840241176504,0.7010994317369557
0.775,147.87701850807707,112.87654075468492,44.9172797835185,51.62570468625227,0.0,2.916706479449236,0.0,170.6273290477803,195.7110047710448,115.79324723413546,0.7785889906580162
0.775,249.56328233115232,193.9174153248819,110.61723865488976,226.63044017099327,107.58200954545651,0.0,0.0,152.7731985081234,237.42236589342087,8.093944291821463,0.7848004992614096
0.775,244.197761520169,0.0,0.0,164.73001539835204,147.34644593420327,133.687927069517,0.0,83.60669123232829,173.00790561937472,66.63701627923218,0.7505763623034478
0.775,243.74902253724957,132.06610802976354,101.0666678812992,233.55742577610985,6.369747975712086,115.92941315796074,0.0,297.6795553982778,149.47675249671147,58.60168137655197,0.7800163289897128
0.775,148.12910182127982,92.46568157166725,0.0,161.9299498170511,244.27500952515143,167.45028901535878,0.0,89.7055119725134,263.5961967192325,92.00565330514196,0.7432506499920859
0.8,8.199473529774812,0.0,0.0,0.0,0.0,0.0,0.0,1.0762502468039796,0.0,0.0,0.6996356406518467
0.8,45.601102385910245,0.0,0.0,0.0,0.0,0.0,0.0,29.094257059440185,33.16443809884381,0.0,0.6539480749407497
0.8,18.61284291725589,0.0,0.0,21.068704135505037,0.0,0.0,0.0,9.95270072658792,47.1783865610997,0.0,0.716836795503978
0.8,120.51476927255996,16.56197121581978,0.0,0.0,0.0,36.64776609457991,0.0,48.10019299913522,0.5285735494413721,0.0,0.818119397966457
0.8,124.12551680806642,72.74755563842672,0.0,71.38353897020643,45.4672222740167,0.0,0.0,0.0,62.97210284951375,112.75871123956122,0.5554853576353355
0.8,56.58803107912771,0.0,0.0,0.0,30.844119944416565,51.24495518324378,0.0,94.96103069501592,0.0,0.0,0.7661051061449736
0.8,129.72595132078112,0.0,0.0,163.46969588399003,9.498239210385185,0.0,0.0,126.22660003274444,50.7405936765294,0.0,0.6122088176811413
0.8,218.1654076434988,0.0,0.0,4.490087082251887,82.93454963687472,84.25516348459566,0.0,47.27797574840957,131.53313923300522,99.83840688770286,0.6777810314497189
0.8,45.61474570336364,0.0,33.14860402045683,117.29506038007554,55.814316171194726,0.0,0.0,0.0,120.4115958008019,0.0,0.6758760200245967
0.8,236.26755763313187,46.24811766435681,0.0,195.38154056754087,166.8953811365959,0.0,0.0,143.10105972957004,229.90006317209836,2.0107877245369874,0.6726707476771713
0.8,63.29266433817972,141.7755681175219,0.0,106.69334845578868,0.0,73.05781826464107,18.806963117629888,64.739353808767,273.06263757328963,55.69754461759848,0.7794283508112826
0.8,235.5539297021247,72.88993978544659,0.0,41.18075694093069,216.61078150929507,97.18658638059604,20.17857090105641,118.60057998987928,59.30028999494057,71.24270950781084,0.8117501077791811
0.8250000000000001,6.640238892317978,0.0,0.0,0.0,0.0,0.0,0.0,0.0,1.3580178270607974,0.0,0.8039508754921074
0.8250000000000001,42.10759893140167,0.0,0.0,0.0,0.0,0.0,0.0,6.60343201164527,33.960507488462504,13.978693738937876,0.8185715067912563
0.8250000000000001,12.871245986456833,22.935979690151918,6.677563707259557,13.839008842581396,0.0,0.0,0.0,10.645391417370169,32.226503108948044,10.161509989307888,0.8427680870470821
0.8250000000000001,92.13798194005156,0.0,0.0,50.58555871218516,0.0,0.0,0.0,0.0,16.39861518691738,0.0,0.8122422199502585
0.8250000000000001,98.35116963433428,0.0,0.0,11.00124939981361,0.0,0.0,0.0,27.723148487530096,139.49584238963678,56.54642191504255,0.8182860391249174
0.8250000000000001,223.28882579346623,25.46926805839022,0.0,0.0,0.0,0.0,0.0,26.2110913998972,17.061936854650437,45.251223831898834,0.7839049382953681
0.8250000000000001,132.55976899581657,0.0,38.897847272904265,1.7913482296738887,91.8705734932396,0.0,0.0,77.79569454580736,160.96543378063407,136.91018612502242,0.8528387046016991
0.8250000000000001,0.0,21.43533242439529,0.0,0.0,14.468849386467069,30.277407049458844,27.597990496409437,48.497439610194114,0.0,0.0,0.7683696742742165
0.8250000000000001,5.993527888122903,0.0,0.0,20.26383238365115,118.15812122297416,0.0,0.0,117.87271513306256,42.52550739667444,13.12868013588573,0.7290972393392984
0.8250000000000001,186.6479439564648,0.0,80.76661795058072,105.31053718644584,0.0,47.66086642313338,0.0,0.0,165.5287576372315,45.94849996481746,0.7751301451127306
0.8250000000000001,134.93340886663523,70.64576380452056,0.0,18.36789858917631,0.0,91.13303530783216,0.0,165.66431612160102,77.35711136595033,53.3375516724127,0.8155591838046619
0.8500000000000001,11.939754295366363,4.160391711511872,1.2823125138221605,0.2422145859442247,0.0,0.0,0.0,0.0,0.0,0.0,0.8307699236379601
0.8500000000000001,27.69162490247765,0.0,0.0,0.0,9.67009123578594,0.0,4.725158217486413,0.0,35.05408072972341,36.70239173582325,0.7391886013261659
0.8500000000000001,32.50540227101949,0.0,0.0,11.570853071782691,0.0,0.0,0.0,0.0,18.326090992303094,10.70136700280469,0.6715215729350646
0.8500000000000001,56.19355011659149,22.924731888360675,44.17204437025621,9.3655916860989,0.0,0.0,0.0,23.763441591593253,30.47311921745513,0.0,0.7412353334819605
0.8500000000000001,5.849659769855473,0.0,0.0,39.86434806123346,7.366238228706344,0.0,0.0,5.416351638754519,58.92990582964977,8.882816687557217,0.7179860514024936
0.8500000000000001,128.24863605354983,0.0,0.0,59.49936721392785,0.0,0.0,0.0,19.749789957564364,0.0,0.0,0.7669067285683617
0.8500000000000001,101.02790976770044,11.140922380398248,0.0,32.15675323433133,0.0,0.0,0.0,45.07009508433674,40.259242238256704,0.0,0.6939292630600354
0.8500000000000001,179.87703044103873,2.380725402896341,4.232400716260696,78.29941325080604,0.0,0.0,0.0,55.55025940090901,49.20165832652037,39.14970662540302,0.7702877045398445
0.8500000000000001,183.6580321337662,0.0,0.0,4.766697017213017,0.0,0.0,0.0,0.0,32.806091236108614,0.0,0.8082784800995814
0.8500000000000001,202.29755583225048,124.7248088589815,0.0,0.0,0.0,0.0,0.0,119.55329239409608,88.8284004556657,106.16819095557231,0.8081029387883395
0.8500000000000001,97.83511371029508,0.0,0.0,229.626744550278,21.85320409336461,0.0,0.0,74.63709705733697,23.534219792854195,34.96512654938368,0.7629871175147199
0.8500000000000001,253.87482019585352,0.0,90.192370332738,11.877184570567245,0.0,72.00543145905812,0.0,71.63426944122656,177.7866065406636,0.0,0.8109797711512089
0.875,1.345759599198267,0.0,0.0,3.686702767551568,0.0,0.0,0.4862828803825839,2.8950794739054824,3.698011671746501,0.3958116468230166,0.7591780414892381
0.875,3.867077600041443,0.0,0.653015742487217,1.1019640654471818,0.0,0.0,0.0,1.836606775745272,0.8876932749435759,1.622335985241666,0.6442061519066969
0.875,0.0,2.7823219751076333,0.0,0.0,0.0,0.0,0.0,16.941249359544315,24.979068398744143,0.0,0.7660071097819021
0.875,26.9611913016614,18.97269017524273,0.0,70.3273402736458,0.0,0.0,0.0,0.0,54.920945244124816,4.136902369038103,0.7041330582807395
0.875,100.24160989937972,34.25979072510417,0.0,44.56944997108536,40.92141669943044,3.330812987162775,0.0,22.681250341156588,0.0,12.847421521913974,0.8168146734416963
0.875,136.0762224251825,38.94935352025065,0.0,59.16357496747036,0.0,15.03740863756516,0.0,0.0,110.43867327261178,19.22816186442832,0.6792198263610595
0.875,109.57955283662794,2.6028397348367456,39.04259602255119,158.51293985155806,24.98726145443252,0.0,39.56316396951806,85.11285932916111,90.57882277231924,0.0,0.814675796299871
0.875,77.6482831218139,3.018131146077303,0.0,0.0,0.0,0.0,0.0,53.77760951192705,196.7272756125103,0.0,0.7619973069064581
0.875,82.81130651607093,45.4760395105198,0.0,90.67136272776632,0.0,27.790913034207108,0.0,86.46061832864277,100.21571669911032,0.0,0.769470459507851
0.875,102.3615078106034,85.65562374655708,0.0,0.0,8.808557051951238,0.0,0.0,95.6791541849846,140.63316948459695,47.38396207256352,0.7815970529331728
0.875,9.656665711323257,143.47046199679303,7.587380201754436,257.62604594135826,66.90689814273568,78.28796844536498,0.0,204.1695036108207,193.82307606297655,95.18713344017988,0.7742302828570464
0.875,288.33641297822635,163.21633739829528,32.49387037449014,82.91539336938706,0.0,169.19222160509923,0.0,0.0,284.60148534897473,112.42132164047352,0.806100404412528
0.9,0.9254546762651196,0.0,0.0,0.2289784766016813,0.0,1.7936647333797862,0.0,0.0,1.5074416376276956,3.367891760016285,0.9328934958558044
0.9,2.213528345993621,1.5086617777162927,0.0,2.238260506284086,0.0,0.0,0.0,4.7114765353271695,0.3338841639208576,1.7436173004754023,0.8541271437405197
0.9,31.57305961949323,3.323479959946656,0.0,21.187184744659927,0.0,0.0,0.0,10.96748386782381,23.51362071662274,4.154349949933319,0.7746506730522527
0.9,142.84102040574302,23.45979829793069,0.0,29.29004402877772,19.71178318524318,0.0,0.0,0.0,20.544675432507493,0.0,0.8533005657215675
0.9,11.291224902539916,11.093133237582364,0.0,0.0,6.338933278618236,0.0,0.0,32.288941387962936,34.071766372575496,0.0,0.8166769104385385
0.9,50.511186375208176,0.0,0.0,172.8659533714618,0.0,0.0,0.0,0.0,0.0,0.0,0.8756096508104042
0.9,151.61464507515242,0.0,0.2717108334690026,89.12115337750915,0.0,0.0,0.0,183.94823425784512,52.711901692795,115.20539339043826,0.7901426198404511
0.9,124.26833013841996,77.76967706693169,0.0,158.5304955595156,0.0,17.403004658334666,0.0,0.0,119.91757897383658,0.0,0.2
0.9,56.00282511495375,151.2653626816272,16.743112663234044,22.22792543222459,0.0,0.0,0.0,72.74593777818649,87.75700430384491,14.433717813132342,0.7462075837299877
0.9,230.2377115767948,39.98865516860064,0.0,40.89748824061486,91.18625155870396,28.173825232424125,0.0,0.0,122.99540907918356,71.19192397440365,0.9216214609656732
0.9,364.1762227233245,99.14406063464132,0.0,126.03607708129309,0.0,0.0,0.0,105.62406459768982,217.08013276212384,48.27602952471141,0.8029645207942347
0.9,343.2333377255978,127.0552591366211,0.0,37.93243968426727,204.76151907235132,50.82210365464912,0.0,336.6043676836864,189.66219842133296,83.96695386420245,0.7992385286417918
0.925,2.143792325878818,3.3671520770596595,0.0,8.63342452976198,0.0,0.0,0.0,0.8272242127032249,3.2972458055636222,2.4467195023616823,0.9222610324862429
0.925,0.0,0.0,0.0,3.584280584840993,0.0,0.0,0.0,2.1076998787934937,0.8335536243816162,2.322042239348788,0.8354936323854438
0.925,13.401928763511812,9.39113256421238,0.0,6.162930745264611,0.0,0.0,0.0,26.314736039303774,30.423356536147,12.814982978248176,0.8937794547373227
0.925,38.06813123582033,0.0,0.0,37.76955765750044,0.0,0.0,0.0,69.1197833811165,37.023123711700045,72.25480595347872,0.8558961911295351
0.925,21.2378462961912,70.17723123958831,0.0,59.096615780705946,0.0,0.0,7.202400048273705,30.656369436241043,93.07716985461204,0.0,0.8011022025584686
0.925,155.42576798943304,58.97183479984871,0.0,54.22410233714991,0.0,0.0,0.0,77.46300333878462,112.94605648106727,0.0,0.8768566190245626
0.925,224.0036881247645,128.0799676625778,0.0,0.0,0.0,0.0,0.0,0.0,133.8026896219706,0.0,0.786039425613288
0.925,155.18263655970387,0.8403391871456452,0.0,19.888027429132705,6.722713497171529,0.0,0.0,34.45390667300202,138.65596587915755,4.481808998113928,0.871715360556165
0.925,133.2865521678102,0.0,0.0,37.82855582589758,0.0,31.32677279332072,35.46427108677848,41.966054119354,94.27585397235306,115.25888103203006,0.7682652868439879
0.925,86.91272155442908,0.0,27.640088126850056,60.193969698474575,0.0,0.0,24.261855133568663,22.112070501479486,15.662716605216149,82.30604019995407,0.6706536051478579
0.925,115.14010979262224,18.90863973133921,10.804936989337788,65.84258477877154,0.0,60.10246200318694,42.54443939551361,80.02406457727557,161.73640055913654,0.0,0.826121487459213
0.925,267.0347457889427,62.505362933976976,0.0,216.36471784838068,0.0,109.10699447055094,0.0,215.6250094112912,144.98285366934329,96.16209682150254,0.8595226246580455
0.9500000000000001,7.879188503706839,0.5333604525586277,0.0,1.418253930667264,0.0,0.0,0.0,0.0,1.6000813576758834,0.0,0.756999965802185
0.9500000000000001,5.123441692534578,0.0,0.0,2.585440483732732,0.0,0.0,0.0,0.0,6.333143203271879,0.0,0.5996263281319643
0.9500000000000001,80.91201423890986,9.713575144901128,0.0,8.576880181136207,0.0,0.0,0.0,2.7900694565139386,32.86081804338879,0.0,0.6503134556817807
0.9500000000000001,20.1434780438414,0.0,0.0,18.15965066073557,0.0,0.0,0.0,27.77358336347744,62.56686362102123,0.0,0.6926939002122696
0.9500000000000001,5.422023119788583,0.0,0.0,14.83082794530396,0.0,62.19379460933797,0.0,56.452828953091526,38.75151817966472,0.0,0.6495813437221375
0.9500000000000001,68.96094609966255,0.0,0.0,128.74363678318235,35.968838792989224,0.0,0.0,94.75928564773668,80.37175013054167,5.953462972632925,0.6749216206625076
0.9500000000000001,191.57472074604115,0.0,0.0,0.0,40.17330092677254,0.0,0.0,0.0,199.2267780654257,0.0,0.7543689764892827
0.9500000000000001,60.76424251449504,7.738842207034124,0.0,0.0,0.0,0.0,14.044565486840913,105.1909292585815,0.0,0.0,0.728255502157546
0.9500000000000001,202.5741154671288,0.0,0.0,95.03477021914688,12.504575028835076,79.71666580882362,0.0,220.70574925893885,227.2706511490784,9.691045647346902,0.7667007536039919
0.9500000000000001,112.61510662933864,2.481875628193932,117.26862343220382,225.85068216572537,141.77714526062616,26.99039745661765,0.0,152.32511668045424,86.2451780797691,170.00848053134288,0.7121218922267993
0.9500000000000001,241.9639696014667,5.57039354478165,0.0,71.37066729251896,37.25200683072877,0.0,143.08948418158644,95.04483985784135,143.4376337781366,115.93381565077532,0.6833471775309519
0.9500000000000001,190.9096579839434,167.13600246141493,0.0,69.1597251564484,0.0,0.0,6.1235173315597935,31.338000461514586,194.5117270025084,0.0,0.6767435008733523
0.9750000000000001,1.8005008334751784,3.0121586270716545,0.0,0.0,0.0,0.1472107599696884,0.0,0.3963366614567979,3.148045482428302,0.0,0.6639971565357352
0.9750000000000001,2.269988069774233,0.0,0.0,0.0,0.0,0.8783370923246786,0.0,1.7452672094243715,5.133138851248243,0.0,0.6578361677965343
0.9750000000000001,14.814015842028198,0.0,0.0,0.0,0.0,0.0,0.0,2.3536286851817385,121.2811016599666,0.0,0.7410251383843576
0.9750000000000001,33.61289001454603,0.0,35.60817572317232,0.0,8.134626350552482,0.0,52.79832952056538,24.864329599800797,102.22002168807164,0.0,0.6801452528853709
0.9750000000000001,90.05632954595946,0.0,0.0,0.6044048962817409,0.0,0.0,0.0,66.03123491876491,44.27265865262773,2.870923257337754,0.7677923478743813
0.9750000000000001,48.561782816467336,18.885137761958894,42.67550611144082,57.391197874006544,0.0,45.86390599332939,0.0,40.22289081767986,37.77027552391891,37.27975246516717,0.7568352182932528
0.9750000000000001,53.41631144686204,0.0,0.0,7.014263119285831,30.75484598455689,0.0,0.0,64.47726482727252,97.92990431924667,12.679629484861811,0.6923734947121396
0.9750000000000001,184.3529599696962,27.667059842311907,39.24205426613763,104.17494981442248,17.221333167153553,0.0,0.0,95.14080782509512,76.79020690927678,0.0,0.7326911868118273
0.9750000000000001,170.7313547821953,4.407866302466288,0.0,27.622628828789008,0.0,0.0,0.0,56.12683091807047,100.20549394273468,9.697305865426369,0.7103463929033211
0.9750000000000001,135.6733855054574,120.59856489373988,0.0,5.1254390079847685,0.0,0.0,0.0,137.18086756662913,52.7618721410112,0.0,0.7206441672448837
0.9750000000000001,258.3062876981518,64.57657192453794,0.0,8.437140050443285,34.722076361434226,12.006699302551636,0.0,189.8356511349473,56.139431874096125,27.2584524706594,0.7774581978423989
0.9750000000000001,4.2761746842664206,0.0,0.0,129.7106320893856,169.9779436995509,238.75308653815415,0.0,124.36541373405376,192.4278607919452,0.0,0.7092561377136692
1.0,2.78999937327628,2.5618862169706413,0.0,2.7461314586021244,0.0,0.0,0.0,4.851791362961529,1.0528299521797222,0.0,0.6593657632027403
1.0,0.0,0.0,0.0,0.0,0.0,2.215641453776644,0.0,0.0,0.1641215891686556,0.0,0.7513962781190606
1.0,2.569256044875412,0.0,0.0757892638606314,0.0,0.0,0.0,0.0,4.539776905251829,0.0,0.0,0.6842951858258842
1.0,60.23133640746861,6.532266149454041,0.0,29.10700946006861,0.0,0.0,0.0,19.596798448363,22.86293152309024,1.5370037998715131,0.7677838264515061
1.0,84.9966259168119,3.784096359309981,0.0,24.159999832518945,0.0,0.0,0.0,0.0,51.085300850687055,0.0,0.7193182338454096
1.0,64.03602056077646,0.0,0.0,36.85526363210132,0.0,0.0,0.0,0.0,144.88725515369853,0.0,0.7245823428269337
1.0,99.7572130845854,0.0,0.0,95.52348520831676,0.0,46.041790654423934,0.0,0.0,24.079327296280017,0.0,0.680413349958925
1.0,122.28890278658132,0.0,0.0,124.5640451640066,0.0,5.97224874073976,0.0,0.0,0.0,13.366461467371291,0.7223461794406095
1.0,36.33539714863564,73.86211879394541,0.0,0.0,0.0,0.0,0.0,9.82842709758074,197.75986644830783,36.33539714863564,0.7588320717204813
1.0,20.591711900734158,0.0,0.0,74.56695673144257,0.0,2.1839694440165704,0.0,155.9978174297956,87.67077339554625,0.0,0.7386448209277179
1.0,197.4262281477647,68.20178790559174,0.0,287.81807144847767,26.43227186771696,0.0,0.0,0.0,177.84676750501117,155.983036453937,0.6836524270718239
1.0,119.63176832126088,169.05229939414437,0.0,122.35841831148812,0.0,0.0,95.4327496579849,154.0557244478893,118.26844332614652,0.0,0.6528426139913172
1.0,278.60544694895475,132.65116096205352,0.0,32.6876786324844,80.57892872193419,66.13553583781483,0.0,265.30232192410534,211.70973253829223,81.71919658120754,0.6228825085061392
1.0,253.85044749103776,0.0,4.446425035672502,237.27740872171887,6.871747782399949,25.061668382872348,0.0,0.8084409155758159,100.24667353149307,67.10059599285337,0.6944129552537467
