frequency,774.2362445659174,774.3459742313979,774.4556843597344,774.5653749472197,774.6750459901463,774.7846974848071,774.8943294274947,775.0039418145018,775.113534642121,775.2231079066449,Max_Oxygen_LifeTime
0.2,69.69803723843962,26.557570539870525,0.0,47.37970331056716,0.0,59.09994570844432,38.90123008657096,17.33099673728644,0.0,64.71070004785356,0.45973694591830416
0.2,127.06905799172378,199.4790882719315,179.6190556950784,193.5035032488076,26.36287510201736,157.82574561074404,147.45634807061722,121.26922546927996,72.93728778224806,111.25133293051331,0.971616363897645
0.2,141.73371527720963,161.31254681700426,133.64680659772915,246.8635281104551,114.28078844423652,209.1955587349805,30.8579410138069,160.03566649919162,0.0,185.57327285544557,0.9117780783164717
0.2,111.80324558055214,237.9194670446048,139.61902890131748,246.83131995319957,210.64379602133,305.4335042309285,181.47773195683823,181.74778810558348,0.0,147.45065721493097,0.9391676774955388
0.2,207.71496560962015,276.07685302544445,263.98205755956786,334.44738766510983,176.68918593628445,400.4429020550018,170.3788578671315,121.73674566741032,72.04291212283027,58.10760430345071,0.8415457954533347
0.2,302.8114689522477,234.471581247255,445.21006341704407,384.3046404833058,210.7384821697889,372.8670023736836,146.1158268504236,140.9688897010936,0.0,245.05139649865552,0.8653322467273351
0.2,178.36471795729904,414.500663146785,492.79172518821895,340.94494759979267,390.508240908281,460.27567925972016,140.16625623547037,256.02440046614066,83.02640853587545,284.7521691990861,0.7316352996703497
0.2,347.3871099774231,709.7268182822027,396.41772309735967,538.2935397848357,399.1996018559376,633.5728872661309,273.3195880302849,478.8308813202319,0.0,272.27638349581804,0.6677301296999959
0.2,474.07055690502153,516.783082730068,565.6523690344006,562.1891912648023,547.9516826564534,567.5763566841774,464.8354161860925,325.53871034224693,44.63651347482346,245.11602658157355,0.7000370427067865
0.2,350.36288175111343,624.6517964151334,642.8250218859391,811.0330157785121,647.4739865412613,775.9544642883525,499.1297507214294,493.6355197651393,115.80148323257546,325.8501590230499,0.6751327152436368
0.2,814.0807212761595,1053.085297488845,905.6533558404068,718.845181329342,694.5784331698165,912.5213034327252,781.5724360058516,672.6010008743972,262.3555980265688,353.9282325908161,0.5234310677705861
0.2,977.0557376321816,1188.7425632340933,972.420259699293,1188.227510130439,849.8376210295728,1160.4146425331078,831.8107624016727,910.0988341571244,123.09769177337444,644.3314326715124,0.6944522570889506
0.2,990.29307848972,1259.768126723765,1355.1378968806696,1181.0326188035294,1338.503634644,1198.2213564480878,1102.2971108832942,764.6215874789048,434.708719784961,665.3704894667771,0.6630253734709786
0.2,1142.470802636012,1657.9391594981705,1156.3372028790875,1466.823990930563,1320.3224579276336,1369.7591892290336,1177.4382467272462,1206.376821147578,258.6385088817146,667.99875953599,0.79822163316433
0.2,1653.9901169427153,1700.5167802956996,1874.172636472332,1916.76746911943,1929.873571472384,1940.3584533547464,1756.2177152957515,1606.1528433544352,406.2891729415544,825.0291431184144,0.7036243975064377
0.2,1756.952957837545,2454.4478637906022,2168.107849767768,2394.2430403293915,1911.1360423113783,2455.916274118925,1875.8941944316448,1883.2362460732568,743.0156261310469,892.0592744557529,0.7339582087744879
0.2,1911.2357333258408,2403.906214221509,2381.9192671402143,2544.7855418164686,2548.8571986833745,2394.948569114315,2240.225608171874,1776.8710567179312,615.63451827624,1205.2104326042795,0.7500676178642665
0.2,2764.1584348852416,3166.3339115544563,3097.0247591125967,3220.1397009501115,3286.7129657955825,3185.485124729181,3078.7855084700013,2324.592494398707,1108.9464390697638,1580.4310681808388,0.6612667032813783
0.2,2882.067311785853,3731.238345979318,3980.5558139859313,4656.056987986756,3682.2272197899833,4997.003952782125,3573.55037476146,3795.1659018784494,1732.436764866468,1889.0592768193408,0.5525249130712094
0.2,3587.282885596229,4493.734657067164,3819.5611520356574,4542.456439783728,5052.33556123613,5261.952533388783,4799.662129938607,3655.266768456549,2115.431821670297,1969.2664735206083,0.5601010204217014
0.225,80.13212768308479,191.49523846316663,110.74670979790432,155.74398149686732,81.36492964743988,122.25286146521906,125.74580036422532,130.47154122758675,0.0,76.0227878019009,0.8247662403650454
0.225,97.18555664302885,199.34224150309225,105.63647461198782,150.87374138700375,80.03516429425899,240.60260570448045,172.9952619528083,168.0241337357736,37.53201803861212,246.3194031540704,0.7810588398643363
0.225,198.72225566048104,337.17628624360293,239.9869863440781,317.3583563758228,210.66730927941697,434.63706463446727,238.35811539604143,289.3960717678589,76.01397757504736,99.90408481291936,0.8336496532846075
0.225,111.80324558055214,237.9194670446048,139.61902890131748,246.83131995319957,210.64379602133,305.4335042309285,181.47773195683823,181.74778810558348,0.0,147.45065721493097,0.8326921862102807
0.225,105.84974250670058,398.1673453595072,343.70396040693174,329.2419316342139,316.9338220404115,408.3215357743943,187.3909685656414,452.9384330519279,54.15568221273052,222.7767836478232,0.6972630871582721
0.225,335.5326886466103,385.5827069726993,374.3873081366005,371.094543773042,367.4725029731276,446.49884769853145,308.2027444290748,333.55703002847525,8.890463781607922,170.89447046868565,0.8245197440059927
0.225,298.4685270428392,452.7292640161997,362.2527418812624,408.3576363025139,383.39859571356567,721.0389503473932,399.3446494231716,410.09090301007984,64.47752152144956,140.04794997132055,0.8684417707442
0.225,284.7534690197522,424.3385028529639,467.51680665203753,519.6285526164365,531.167582079982,599.2850785905895,278.053387395758,377.0657047281163,108.31798625457236,167.50204059985418,0.7852449718092277
0.225,447.7815507430951,514.2998245853664,449.4039476660772,625.0284145789036,460.7607261269528,776.3169276469963,656.665154577057,567.0277245822889,47.45510999723014,261.20590460013875,0.7001181046785798
0.225,568.9518037038418,680.7817980105484,598.3573002147687,779.6911953654842,650.9307636736984,895.0854922795758,767.6616740655596,743.6026314657104,192.9178786247169,458.9039607008277,0.8729390368811302
0.225,448.3712669432499,990.5101979924656,642.0943090301953,1102.8410037234712,728.7223032803772,1079.5180821945758,804.878781742076,654.4697367802214,266.5476746159447,440.2796411066943,0.9409197834843136
0.225,764.9603200392448,1101.4592586357433,1043.46021797703,941.0474975346174,944.7050946932748,1345.9957543859937,797.356180587355,818.256735779684,349.0392717118958,422.71372876485583,0.8786739544765398
0.225,1100.16657619336,1192.7826400055558,1054.1391990260868,1229.8290655304345,1165.2784756007222,1216.3576380668424,917.7409959572162,1196.1504968714544,381.6904448017779,633.1570907888315,0.7488796733202973
0.25,20.46225466794133,114.14101431961004,36.28852976267713,66.18260494162261,0.0,75.13484135884696,5.755009125358504,47.79854801339414,0.0,77.21303909855973,0.8907084191471129
0.25,90.952551978684,148.74329929136584,68.84468220134927,127.41114424306043,84.74683414644963,150.1008000671671,86.8800496512802,58.95431940622588,33.743590712773994,80.48040313678855,0.9102083319707164
0.25,135.2279592392981,245.20392609010585,137.58795852794196,169.4479489246352,219.2439339150224,234.3479293623437,259.3639218219696,170.15594871122846,41.06398762240463,145.13995625160257,0.9443221441693939
0.25,123.93089178629684,161.74031639906525,165.15366723216243,250.48743805959128,169.8798453087584,346.0612613863116,141.52277684918212,119.4672791584005,0.0,113.42827383830544,0.843301338754155
0.25,275.5127223039413,346.0816159570318,188.47775346512952,351.08024592412573,105.2652663658601,340.4949118761621,221.9979779503476,391.3633227177649,0.0,198.4750133993173,0.8709211639441403
0.25,207.01059018407636,197.72760407716692,112.32413189360192,156.88246520676637,292.10462949741105,422.3758678643709,353.06290493278186,292.1046294974112,48.5809606261584,296.43668968063537,0.8162583665516217
0.25,347.17958058846,419.783675388328,364.6705670629737,440.904866602835,357.4101575829867,561.0316416353439,323.74825908486616,227.05280555595104,80.85456011803485,136.62770566884254,0.8839646218926953
0.25,449.80192273393686,375.86686984730585,431.9555306578535,496.0568572984793,445.43137773571226,687.6324130539859,445.06716565252697,394.0774740065747,126.38159286532476,183.56288992542844,0.8620823431292292
0.25,387.17704750824834,658.8254598729062,402.3987257873024,377.80986087498417,398.8860307998284,715.4188791155434,708.0031896975428,492.94819657552176,205.2975070457042,161.58396942380517,0.920458161603352
0.25,460.10217854462064,737.2619849039144,671.7745306574351,739.7969831328105,708.9545046812426,717.8269984823785,703.4620085186348,599.1045814290836,365.8847443706532,214.2073503417104,0.8298172285604452
0.25,385.8663965293487,681.0452989435047,471.6638787069573,578.7995947940229,730.8345113989045,766.398234581333,729.5008717795635,610.8069456582086,339.1890098524113,509.0057880485072,0.8914172453042928
0.25,801.3449083810375,759.6481338420718,910.6192140693609,1006.4738681819252,689.1949630693372,1213.040647794501,807.0961876277913,859.8162473897016,346.0353013463571,490.2965557857663,0.8738477512417712
0.25,646.2329508928176,846.4668596162124,737.2954003380825,1480.799604047433,751.2652079234355,1012.034949516694,869.7498722584677,850.6060618637246,604.323528136758,335.27538204847525,0.9391192474088602
0.25,775.5353482158357,1036.4171261417546,785.3799436092665,1163.849944290055,1087.8277909741164,1343.78727120332,1228.3867363136578,1007.9771838940655,323.7778040506168,627.31949534807,0.9311141893419929
0.25,622.7679845290568,1094.231794002463,1109.9674282082506,1540.8817187667426,1158.9899809262813,1822.3074843702525,1620.770323196126,1436.7844463284555,485.9890102787488,652.423602839964,0.8825515117549522
0.25,1073.2785369147964,1249.1734103662675,1437.2210205289318,1650.213721835623,1316.3332711386477,1868.9629826370883,1466.0038180028089,1511.4166762393704,855.8085115566134,732.3622912797626,0.9153880401320287
0.25,1473.3752482685393,1431.7393023284071,1623.8018916651447,1521.726669360305,1809.8205533654116,1739.979611788416,1794.374960516653,1784.3017477892015,784.3674977108722,507.689921463544,0.8366406301068983
0.25,1410.7712244875734,1266.5841855118892,1591.711822417843,1602.31381057782,1518.9115037193362,1834.8507508866437,2454.0068594292857,1508.3095155593594,682.7680375025028,828.3686748995169,0.7023520808996986
0.25,1740.3655395439955,1541.7902090016653,2020.4851122862176,2238.6914640988925,2324.010902696928,2216.040285710033,2515.7908797226,1695.8182220459064,980.7960242375924,773.1602223397185,0.755610973873429
0.275,0.0,72.97460093684042,0.0,122.41446978500149,0.0,176.93377721345306,0.0,112.08627800507746,0.0,36.23332853940568,0.7349682530279553
0.275,53.24004371380741,95.99652669632444,78.11280544882936,145.3309301376904,0.0,143.8920100373172,97.02432676801963,134.64180939206116,0.0,112.8524478721245,0.7725901930008846
0.275,0.0,86.03757863283175,179.4025334679103,210.36660709675908,0.0,268.98561671473243,26.709468092060447,146.0747900964013,48.6915966988004,96.43772550053676,0.7802447031227839
0.275,100.486258974894,246.8177077208271,243.61920610889413,168.45441822846948,179.11609026824598,164.98937481554205,174.85142145233542,264.67600838745284,0.0,168.72096002946387,0.7744336608163489
0.275,88.4655107792305,185.327748005303,338.5680056601734,324.7733836403612,90.86457547832816,349.3637968061133,218.91465379267197,391.9471952150989,60.57638365221879,329.2716299511696,0.8173128926325012
0.275,64.90494958368573,272.7935752304413,351.51492497303053,361.79689718430734,174.79352759170797,420.275614135945,391.03625566012624,317.777203654778,20.885256054156283,182.1836951185633,0.7840962965634557
0.275,411.6589022879975,423.0842544961589,398.50243610890254,515.5257405440103,169.64916915148757,531.4519890765989,447.3198500892286,390.1930890484216,0.0,426.2002596438392,0.80167380927598
0.275,487.83070065336506,359.73905957944146,476.28441188050425,571.9021157807571,232.00824002966985,605.8193390510354,493.9646665639473,509.4799921024789,146.85436032982216,281.80161036263166,0.7916037598162216
0.275,224.8637783133255,330.4120824195802,366.35969323837713,411.1029960660286,414.5447885912325,499.0599161545742,462.729883944088,407.6612035408247,357.1815798378332,197.7118595033831,0.766825166377979
0.275,595.110474732429,564.3869495163982,487.3677013721023,583.3261088961432,252.94299527170415,897.7161545999086,707.482820385582,748.7281008125822,487.3677013721022,536.609515759439,0.8298172285604452
0.275,422.9003104346813,415.8957504274815,632.5993256502221,594.5120306110737,679.00453569792,911.4683709368596,673.3133306920703,608.5211506254732,284.99803529293735,470.61887548372914,0.8419934897076728
0.275,476.6646084961004,851.7829628476034,618.0874738572974,831.8446572393034,578.2108626406974,1020.0993567037166,887.9501218580078,778.5212817752456,293.9740873409801,383.0009402896681,0.7573560230931569
0.275,388.4437760278482,885.3363220127096,673.3682716421836,894.2094031910109,877.9420876974588,1006.6017647828248,904.561331232362,873.0125981539583,342.59952327329245,519.0752489306143,0.8159663184531726
0.275,690.4324486156645,840.5038034845786,736.2875848256106,904.0756968665492,557.5567698254798,918.14488638551,699.8119082949715,905.6389401464338,405.9221716766812,421.0335233822315,0.8465959102028908
0.275,532.8655283010212,959.4969958166848,985.4904362216128,1227.342446945724,1041.99791536276,1408.166380197396,961.7572949823308,1297.9767958721584,532.8655283010211,992.8364085099618,0.8661823154686811
0.275,821.1201899630483,969.4361456155142,1126.7228243921215,1376.108927243244,1048.3785091079558,1510.0717258970842,1333.0494562473666,1167.3901025548944,688.3534877257599,636.3232936057416,0.8753687785904483
0.275,730.8370491396628,1136.232984944484,1041.2866332613828,1208.067395757357,1274.904630165856,1842.7087991128249,1587.2281554392164,1470.4191569869795,635.2660504060145,835.7777536315117,0.8164756490907241
0.275,1173.7603607663868,1692.2916735573606,1393.2653778414,1802.7013827447925,1663.374844960652,2085.9548628625485,1681.1192625086326,1499.0746824793555,706.4906986695777,852.3892429529695,0.8361569321063043
0.275,1019.8200194274042,1604.904522923655,1567.3172760323805,1409.1671617539998,1721.2122302853334,2139.636299452349,1415.5499017921409,1577.9551760959484,911.3134387790084,1034.0038861788282,0.7819711433974208
0.275,1450.654163158753,1983.2008289619405,1390.087135980027,2335.523657794285,1931.4972691752232,2434.499043671716,2422.681087149037,1976.553228417934,1039.9801739956845,1194.3522310731687,0.8320106428086772
0.275,1992.5043006581875,1976.9256900197336,1804.0031119329012,2310.307957682636,2130.3750048084994,2753.519430346635,2234.7516960861376,1977.7046205516565,1078.039856180974,1402.0749574608042,0.8289673586522995
0.275,1512.3544847670564,2431.963582762508,2082.3332448862534,2256.3353200153665,2457.982584650974,2751.509449705225,2817.3700482354034,2049.8094925256714,1411.5308524492525,1095.237360742594,0.8365105221819555
0.275,1927.395878763071,2141.170931864565,2473.80491449049,2610.6209484754463,2731.1900784246886,3387.051941340073,2876.5571145337053,2373.75818963899,1252.7218111747554,1251.0116107499434,0.773445122916722
0.30000000000000004,0.0,43.67435487130691,6.342150542368002,2.450376345914889,0.0,122.37467751069168,18.16161291678112,47.71026885281384,0.0,0.0,0.7407217240849905
0.30000000000000004,0.7642304204908118,31.142389634999684,0.0,0.0,0.0,141.95580060616425,7.642304204907909,151.69973846742187,0.0,85.97592230521389,0.867026873689901
0.30000000000000004,0.0,158.65188246046378,0.0,151.46086229228416,0.0,196.85417710391832,23.59553492683956,155.056372376374,24.494412447861976,190.56203445676107,0.8479892845776956
0.30000000000000004,62.84156924194815,123.64778401452132,87.52024218311804,170.46093681014267,62.587149933276216,183.6907408610791,116.52404337170948,134.84223359608302,0.0,90.31885457850838,0.8758760872989872
0.30000000000000004,161.5771855237686,272.3476509194051,124.35830915083471,229.51640429975905,39.58197963470744,364.2132902208531,197.0237344503723,365.0994539440183,4.4308186158254514,169.2572711245327,0.797632544766235
0.30000000000000004,298.3329764424976,381.67164486176034,219.5341576647509,285.6862524411308,189.37658504610707,380.3745449641843,231.2080567429356,335.62459849780976,168.9472616592839,257.47432966885106,0.7840962965634557
0.30000000000000004,254.1098079052385,326.326937907524,274.69506458813294,281.44432907432787,275.7074542610621,332.73873916940914,425.87858907889904,368.17237772193255,143.7593335559516,224.75050739029052,0.8105519957228438
0.30000000000000004,375.9775953137088,197.36067319986472,281.891315352507,341.7978139215535,327.8318817398125,666.6894994125785,417.1403427967346,308.7206061226935,181.1895938315332,286.6691342567867,0.77806321886658
0.30000000000000004,155.90368922971803,436.2193000392607,359.6282108166812,556.7433490697161,354.96276375743764,614.672650055322,457.21381180585627,498.8140480841103,159.79156177908752,541.191858872238,0.6703456165782044
0.30000000000000004,396.48880873541685,507.5882770164867,367.16515725602665,501.39313937999583,292.82350561813587,712.8538373722181,608.7755250791712,608.7755250791712,141.66214728775824,287.4543863331771,0.7814791732500574
0.30000000000000004,390.0575683563905,512.411555315792,266.40194323784624,572.2869106363504,192.6424475531004,687.6988274136583,477.7012044053236,670.777531344805,89.81303298083738,295.47186212536354,0.804430205528871
0.30000000000000004,323.3399124271128,457.79348752270334,616.9046386738869,630.8617571959205,401.0345388664332,934.6617036921862,533.6271648257529,635.0488927525307,279.14237044067283,617.8351132420225,0.8523502692667881
0.30000000000000004,678.1654899274216,634.0571653792965,745.8316696319315,831.0409329635365,759.8661365336076,906.2255770796586,871.1394098254683,970.3831400587496,331.3136650717115,654.6076347710365,0.8192687141174579
0.30000000000000004,329.23366957392346,647.1144539901253,520.6845965518631,770.9641102561781,802.9586047915749,1122.9035501455444,954.6744337174896,888.6212837089282,633.1813676601945,483.52969967204734,0.7077329333746215
0.30000000000000004,822.6703148415414,936.7915841057552,461.4709577528647,1032.6312908179348,899.6744722576857,1311.840609794458,991.0822850178572,1554.486803666913,392.2226147527349,833.1960629775612,0.7396000724320938
0.30000000000000004,872.726982914816,1038.0735227065488,1190.0293215996555,872.1447767887887,891.9397850737143,1597.5736098187158,1047.3888207229847,1233.694781051698,760.9434067175879,781.320621128541,0.8241658209092182
0.30000000000000004,849.0699161769851,1115.588622766737,830.1201916258788,1133.3157844435782,1053.8491976163584,1345.4304431285411,1229.286970073374,1481.7462036090797,1113.143497018207,759.2115449185134,0.8088869096929134
0.30000000000000004,1105.0140270328868,1247.6589452421554,1068.868708391624,1325.1131994734324,1395.467480400176,1765.956996473118,1232.8135465144942,1785.9660121495317,523.4616681797144,982.3781245000312,0.7500953902929088
0.30000000000000004,1344.471984065306,1680.761206773439,1350.6361449703431,1428.715516434146,1043.113006485716,2125.9506054705603,2053.3504881445683,1979.380557284124,786.2729687758386,1446.5230923820309,0.8399572348441947
0.30000000000000004,1307.1404853239424,1529.4189002720618,1514.3613302271897,1498.5867330373228,1664.9370306759154,2001.2227616780704,1946.728698658532,1998.354653098095,881.9433883425392,1059.049093156041,0.7962337857581046
0.30000000000000004,1519.8230852001457,2085.3733545087907,2064.482315536968,2200.2740688538192,1535.491364429013,2189.8285493679077,2010.7625010379932,1844.3802977981152,1076.6346155836084,875.185311212455,0.8213576247342389
0.30000000000000004,1385.1702532708584,1740.885743481572,1388.311228901858,2270.925381212767,1621.528669503584,2861.428799840708,2605.4392859142336,2277.207332474767,1280.7328135401192,1586.1926936548375,0.7957711616736298
0.30000000000000004,1737.1466952085973,2015.122773606594,1843.935159343898,2419.451614912772,2232.775597454879,2977.034129939839,2488.7418397333868,2365.6497932873526,1482.810811161163,1464.06169150382,0.8035843122847343
0.30000000000000004,1992.6478651376344,2099.705202779344,1909.7647650279232,2742.0492286296044,2807.6650162164583,3165.96175106573,2472.6791532730435,2598.730534689896,1851.919268076354,1533.3373520296525,0.7433503506397324
0.30000000000000004,2046.982251585036,2601.754722274003,2729.004513405631,2817.804727360796,2481.828660128368,3265.467661629616,3081.4589708565427,3152.8653284699744,1581.925460974482,2057.052378940776,0.7786844305942255
0.30000000000000004,2906.4117646353725,3307.8866466897507,2812.2268989401505,3603.760315691912,2960.639414581105,4119.398671316255,3798.7895830406014,3461.0559737294548,1699.1330316329868,1640.1485702885043,0.8174794864497246
0.30000000000000004,3080.285462698142,3084.2307530762378,2645.317198513102,3521.171662450325,3923.591281016077,4185.953091159435,3571.4741147710447,3953.1809588517945,2234.0206765966354,2823.8415881219275,0.8171196267616777
0.325,18.329669585992622,113.61234855455756,0.0,88.4880600703091,0.0,141.89692489845996,0.0,76.32095181064163,0.0,54.35695118604699,0.6904838691894314
0.325,5.773906428045247,107.53900722234172,6.134775579798025,97.25423639738626,31.21518162661932,103.20857740130786,0.0,1.6239111828877573,0.0,84.8042506619138,0.7902560967884147
0.325,0.0,135.09342045479062,14.920765841275363,119.56775870103112,0.0,91.9441786975888,70.97445373147212,125.01182191338836,0.0,73.19240541058059,0.7698843571903901
0.325,8.892261308829204,188.6601385792136,89.40327586174202,115.35906562805418,128.81762328466047,204.2816787163459,135.06623933951346,233.6021078968097,95.17122914314469,139.63253568729056,0.8540364758011214
0.325,164.8877139580314,256.623096857759,217.9821477906712,253.37843701243105,88.7856921312476,283.76025192777485,180.8160441078233,371.6610368284786,85.54103228591967,131.55620827420745,0.911080856110562
0.325,203.28551191985116,296.4850996530735,234.1355496712662,207.50709603320263,167.23967833661865,332.8556704757945,439.69422226753744,466.322675905601,88.00379190140515,286.4182452289276,0.8393893428768292
0.325,207.162404190789,360.4697639645617,293.6895088874616,270.711356602868,335.3374099032875,643.0292303391733,412.1706066048973,609.2800691711766,5.02647081225482,385.6021180258359,0.853862127489083
0.325,218.62185919549495,500.5190225255611,293.642878468819,361.4649110441978,126.17171423240865,511.128055554112,340.2468449870961,492.562247754148,173.91236286088758,184.5213958894384,0.7881536447098433
0.325,233.39126623520707,637.9632347091285,300.07448515955184,496.8713019850575,391.5606086838054,596.0829203846924,458.2438276081504,783.1212173676109,330.9764646610775,391.9672136772466,0.8422857745123126
0.325,225.6953810006288,551.981587241238,192.72863995559308,645.3873535355058,385.0346293849677,945.8918776767922,537.1888188235939,672.0143366872654,3.8038547359656287,537.1888188235938,0.8507270960130764
0.325,681.034779256798,570.0211259514647,578.1772310922648,588.5989209943981,459.4605895983984,747.1898542877309,469.8822795005319,679.6754283999978,323.9786208706656,454.9294200757319,0.7855066817485893
0.325,354.99481770125976,757.0956508840818,522.5368315274355,843.0519884122938,456.4912840481314,888.7011168171068,843.0519884122938,803.7160373400612,376.3624948269169,638.6021686418009,0.7770964449164884
0.325,355.6752609144113,724.0170197246349,377.4616372952086,932.7609050476228,814.7091446586516,1137.4515110439509,1044.7327464466043,734.6568779571173,119.06508022063626,448.9006854275903,0.7981384129485255
0.325,721.8151614129878,1502.5877444070363,554.8609675899837,962.0528792573105,583.5131724704992,1322.4094560237943,1104.7628997198783,1113.578962760037,690.9589407724326,865.0761858155655,0.786338007417429
0.325,884.9843523315449,1029.907964391207,661.0654927147715,962.7917014291504,1065.54491817637,1483.685175922281,1200.965342559989,1186.710561045924,770.3521509892709,1012.0894874986258,0.8731201779845464
0.325,967.2411122670568,1529.872141339396,1259.707298387333,1090.2170903089157,1223.3879680848147,1675.7866437828454,1250.786761120048,1541.9785847735689,771.626473620162,1087.031184142028,0.8598952948851466
0.325,1193.4155301323271,1654.0553398719458,693.614699103605,1754.2810045271078,1274.3925572047094,1633.479210042078,1275.0563033282538,1454.267756685166,722.8195285395462,984.9992473394732,0.7899872613901785
0.325,1045.0551977116245,1529.2129461841655,1038.7764949216346,1839.6599174669916,1395.2672866643848,1941.5144293934916,1742.688841043817,1988.2558834967488,890.1805288918775,855.9964803686,0.9136288311130605
0.325,1578.227012311199,1995.0751073707945,1502.4364495730902,1790.7378058709928,1543.3039098730503,2298.980403055955,2051.5465070580126,1857.6118318163824,892.3967240045902,1363.4870845532248,0.8563762312848724
0.325,1598.2193692190358,2113.496553326347,1595.8736460743896,1620.1127852357347,1728.797957604348,2359.797483514212,2348.0688677909807,2245.6389571414243,1022.7352910658016,1660.7719864096048,1.0
0.325,1955.4281516440064,2025.5630640001527,1868.5944506316337,1852.7306014082196,2026.3980034329643,2509.8279350306925,2560.7592404321813,2422.159294585509,1566.3463759539518,1627.2969545491749,0.8517081958335102
0.325,2005.9756576655627,2275.960106110686,2205.6058524442046,2328.7257963605475,1790.5157558119615,3042.8214710753373,2726.22732957617,2916.183814475671,1648.0483921373364,1952.33053924487,0.8584751997628941
0.35000000000000003,103.72552994104954,246.92555305804495,59.211739763918935,155.3783242031916,37.7947275088844,67.61056809922657,88.60763893749578,171.96601016542425,0.0,130.60178061403397,0.8523549816245227
0.35000000000000003,48.56798108688688,206.0602692715489,173.76020417978438,97.1359621737736,38.90153824920542,142.16743978345994,154.42731850442172,198.98726231714792,0.0,206.767569966989,0.7463067162827757
0.35000000000000003,64.15395090124458,146.78846379050196,0.0,140.98028716569797,18.480561988012788,275.6243816497915,140.4522711088976,176.09335494292236,28.512867067219798,147.8444959041027,0.6192042971891081
0.35000000000000003,75.88396784839277,235.24030033001745,22.484138621746016,118.8848829624819,43.84407031240466,295.385371143188,183.8078332327736,226.8087483468628,0.5621034655436219,123.38171068683113,0.5540864987958815
0.35000000000000003,62.00452498594325,284.6571374354667,127.4537458044389,272.4441249382355,196.34766245548693,355.4299790860888,344.4695832552404,298.74907493227204,125.57482080486486,234.8656249467547,0.7302500020489329
0.35000000000000003,288.8285778460185,253.46855744610545,157.63298813792997,220.75227688917656,251.4857525638673,439.1912814157421,285.52390304228834,384.6641471541939,36.020955360659045,361.8618910084556,0.6804298684094228
0.35000000000000003,159.47766256690258,393.656191042049,409.9861477754792,399.2153252491742,162.25722967046502,291.5070999861246,351.26779271271994,488.8563643390672,187.27333360252825,269.270563157624,0.8338688810904584
0.35000000000000003,325.96563907353647,452.36047871429537,247.2460459639409,375.1191878227204,352.57507899790664,515.5578985346749,439.7949098611205,558.0590873027663,205.8535838593648,195.1358927787157,0.7947853517880402
0.35000000000000003,315.10329014346985,408.4962951922192,261.34345110280304,468.534655580701,323.3438494124771,752.6377465693338,560.7504378767351,519.9400491159371,141.26673032583946,452.0535370426864,0.872504444314464
0.35000000000000003,385.6895830678825,517.4703546492916,269.4371189658112,429.7564015903282,290.4213182622139,681.9864771330891,527.9624542974931,726.8926636273911,370.1612755885444,427.6579816606879,0.8146116015808736
0.35000000000000003,418.13054100787485,710.420300196944,518.9816640257827,457.40000483785656,514.5192249541938,359.226345262902,573.4234206991666,640.8062506801582,322.6343448758734,581.9020549351853,0.8459107878036762
0.35000000000000003,533.8786695082255,849.2217256450407,633.561580870623,623.0181960149848,528.1277323142408,1014.081925205929,621.5804617164887,984.8479944698412,513.2711445631144,585.6371042540857,0.8494062754673287
0.35000000000000003,626.6551036786678,714.1562761822944,748.2136187735264,787.5105525326401,714.1562761822944,1137.515242547147,1034.819255656663,1103.457899955915,386.6818281896796,563.2560505472975,0.794213019500791
0.35000000000000003,629.9243438949312,832.7346313431678,517.4969019399302,1038.8516082606695,575.9150825636071,1230.0884825664796,1007.4380583026544,883.4372032052273,499.3101098589743,759.9874630193437,0.9166130334041646
0.35000000000000003,856.4359005362427,926.1601489228386,1015.01228845974,860.1380730169467,928.6282639099747,1556.7635281361238,1248.249154744106,1138.4180378165474,785.4775946560783,907.6492865193176,0.8443615931248561
0.35000000000000003,846.2650338620707,1198.595837016382,1433.4830391192568,1352.950284112557,1186.515923765377,1982.44798574826,1676.4235167228014,1336.1726268194943,835.5273331945104,1251.6132340624597,0.5672028010280062
0.35000000000000003,1130.0398525586309,1122.1374759673115,776.5880995650859,1576.164931032191,1271.5642333304363,2300.309985945795,1462.658067265971,1824.0121968508352,848.4278867588957,1440.3877332358898,0.5053471891170971
0.35000000000000003,1489.9474695193962,1772.058578595495,1183.9417036636275,1527.7164431388735,1889.2194763538744,2398.7152225268287,1974.0069681527025,2241.4729650090035,963.494224986676,1373.5573671410054,0.582362436670972
0.35000000000000003,2285.720615394446,2114.6443039027326,2211.6463361918486,2119.9353238457747,2259.265515679232,3003.5356543339058,2832.459342842192,2663.1467046648254,1933.867789182107,1431.2208945930502,0.6153543183338227
0.35000000000000003,2514.749864730118,2949.2106108811527,2736.7232590518256,3099.090082260768,2682.6528168452555,3252.763970637335,3519.321764673232,3111.421937500863,2010.0924041354656,2324.080410633266,0.6006659417228113
0.35000000000000003,3117.3139740762117,2828.914865648987,3004.157379450252,3403.7103109171358,2961.0977903447983,3972.497441426383,3689.105261964909,3620.0096422375536,2528.499127703962,1998.7660431275676,0.6004280235961192
0.35000000000000003,3583.328908614716,3998.977561018132,3118.45870526879,4154.29889954783,3471.7600598116937,4573.228988680748,4169.612270952167,4510.881690820235,3048.454721706109,2719.2172365128768,0.5690224900158267
0.375,89.74397730085522,282.01928618118484,158.5631930548789,124.85107722942809,0.0,180.6504413543121,105.08880243519836,156.7032142507161,0.0,175.30300229234408,0.45973694591830416
0.375,84.84015707989036,94.82135203046566,83.52684195481461,224.05156033791476,136.58477300787297,264.2390031652311,138.68607720799417,170.73096625984127,0.0,175.98422676014397,0.5843958185975948
0.375,136.1892639842687,140.44517848377708,158.32001938171237,161.15729571471795,20.71211723094083,142.9987271834821,86.53692815667074,278.3368082678491,26.386669896952053,106.6815901210104,0.5565096326650063
0.375,216.89830770579255,340.0283513815699,254.7844749906471,244.05006092660497,163.8576735069961,304.3522105216652,289.8291797291377,391.4903952768309,133.86445773981958,275.30614893661,0.45284481909635943
0.375,273.4632691220445,256.35084369232135,179.1771603818058,198.3028123326727,45.2975967257374,310.3724220096823,271.7855803544245,343.2551218550325,94.95718424728656,215.4152377623957,0.5545697635220345
0.375,284.0143387364399,519.4136104819576,261.7172027481222,419.2592619442684,305.2148942663157,609.6987348936701,304.48384062735454,441.9219247520667,202.86738481174277,422.1834765001133,0.47333689335885143
0.375,84.49840390205419,473.6457617828147,264.4837933795238,322.07911801231404,182.2588891340271,545.6399175738026,163.31305866271455,409.229938180352,231.8969649688661,342.1616983119053,0.6010148331222689
0.375,346.78972884312026,723.039750185049,299.65326084502624,665.3817491516663,344.6854222360624,834.5680003591108,554.6952216204278,692.3168737220059,353.52350998570506,640.9717925097962,0.45973694591830416
0.375,277.75519663188135,474.20547019905047,465.8552348572693,617.4779292211919,313.7930544227266,729.1073911586884,500.57463443625454,794.5908156810782,143.27245902214125,428.49891885456367,0.5700746016935583
0.375,442.5657839969111,723.552411309725,390.9173145582994,788.4683774848609,498.0049667888153,794.6282866839612,728.2908030013409,875.180945441429,271.98368309874405,507.0079110028853,0.5375525654655853
0.375,604.14901691736,896.4293006990519,381.45927689321366,862.922742593567,740.7526768858755,993.856061959616,796.4251118919123,865.5001701401428,174.23410214852186,753.1243291094393,0.5236081754723285
0.375,694.0743725533856,885.1489645269056,494.834199726296,713.6717666019517,686.4531637567208,969.5266333471212,739.8016253333733,1128.4832739632693,448.018202832499,698.4293490086224,0.6013944016440795
0.375,476.9549871317641,692.0871002866116,881.214232730434,1010.057091707788,611.1170467091004,1102.847591063038,920.8127260858593,1187.954800662758,707.4536797976723,609.9350021313265,0.5569846167761031
0.375,917.960128386924,976.5533280711956,838.5757933308137,1248.7281911207158,975.293259260781,1386.7057258610976,1181.3145097635431,1360.8743152476018,426.53329232529,1069.1683856366571,0.6178536516632939
0.375,1267.9845961705655,1556.5039529108285,1345.059507072811,1206.597498991786,1097.464881785067,1566.7351357739583,1562.6426626287066,1756.3530581706327,630.9229432263438,1127.4763515169147,0.6236118095029126
0.375,1362.1881079589605,1446.393390343732,1649.0822116592883,1424.783185129941,1356.9718515280454,2045.5177004088328,1742.9748274157596,1587.232313978439,902.4123625483048,1198.993799620332,0.6901408819186805
0.375,1705.2858864804575,2078.7239694454047,1392.0535075229309,1986.7882322448845,1475.8533387765028,2267.476987414616,1856.613737093704,1985.9746416501896,1337.542937678374,1675.183034476747,0.7005711035186568
0.4,147.97651702394734,151.93809307025768,98.80636727268296,71.54140271866429,44.27643816464564,224.64466521430745,46.14070924526235,33.556879451099874,0.0,42.87823485418314,0.9743644205180163
0.4,28.782878264008872,163.10297682938318,140.71629373515415,252.64970920629943,103.67166337684648,337.13278707380675,160.70440364071584,146.5794726407856,27.98335386778634,148.7115376973788,0.7248558477265435
0.4,87.23339721327359,277.8878323598095,98.62469994215463,45.86498203996856,70.4462142443961,161.8764071998891,149.28601997323105,380.1097857952951,14.688785097767708,349.2333599775384,0.8291139271257634
0.4,19.50411392646093,393.6580327490689,298.0878745094106,367.00241038290574,102.72166667936068,378.3798101733412,248.35238399693537,379.0299473042232,30.88151371689637,204.14305909695724,0.8373113939085657
0.4,224.74230202743328,338.1769024198285,238.21266082403017,261.25406402873546,322.22516173964794,343.1396661869958,117.68839790711016,454.0928846958076,60.97109771091245,181.49536062783247,0.9038360119441948
0.4,411.2220316075283,370.0624106095044,259.67979066025896,229.7455208435144,207.66899685366525,497.657235703378,316.92908168478294,453.1300093509706,57.99764776994257,231.2422343343516,0.8914680187822625
0.4,404.207039111623,548.6243245427216,189.59811215814648,453.42186822501407,233.16533793065668,564.7603340880959,354.99220999823166,581.2997438721044,270.68156012365165,512.3183030656297,0.8359040809206278
0.4,349.57793714328,615.8185994343349,410.9843501922877,443.88064289711326,418.0022259693171,550.9032484968125,250.45044179273887,720.2095016176482,383.7900815562985,455.7233082708504,0.8708120897313306
0.4,368.1704315905136,671.3965137576072,398.3558334352016,622.9169289767445,333.4114840117818,641.6684664863235,640.2964027661105,748.6894366629448,203.52278516494223,516.3533133735275,0.8537678237425901
0.4,653.5469586655372,933.4984315822826,664.3331800388619,869.2713861320311,392.7165145469581,950.6583292216628,843.7766810678092,893.78552561686,528.5248472929101,651.5858275067509,0.8770497712764139
0.4,667.702025089037,821.744938923207,726.9071307619563,967.5649214139162,679.2141289698823,1137.505502512111,872.1789178297684,1141.342870472393,512.0145249861744,903.42605693492,0.8785762174611224
0.4,773.6309825853843,1216.1244612611154,614.2161134465778,1132.3144381476986,636.4873083997934,1081.3251233863894,834.5837266678692,1342.7186220478147,413.1892747899212,1069.6034418320653,0.8372462050235656
0.4,1167.313262168381,1035.0093186796653,864.090348622473,1045.770883461044,803.9521924912384,1444.5818135944928,1124.9000362653,1200.2309897349514,643.1617539929907,1284.4244083186793,0.8939331446856179
0.4,973.6819379535466,1384.4011431917693,1100.2132252345143,1456.8013984808792,1220.6547714163987,1808.6531064279568,1225.3912367156863,1768.7314703339612,813.9953935775652,1397.933901189734,0.8182358075795448
0.4,1556.024180890015,1637.0445008619731,1278.2402267004445,1395.4303323741697,1538.662683753167,2081.9328649937065,1509.003459477718,1906.1477064831197,1145.1354153179425,1586.406800879499,0.8137164261077712
0.4,1424.5966669167256,1674.075952285121,1761.8988782870797,1955.4201931055543,1757.2357140745862,1950.7570288930613,2263.966225165533,2000.497447159657,1370.9702784730518,1473.5598911479058,0.7949590313398263
0.4,1580.6932058357638,1895.66220086752,1489.627899579898,2408.635577391389,1568.9967444817992,3005.9905679688577,2442.889499927999,2296.683733003444,1121.1893669300184,1886.4721240894048,0.7857342037393725
0.42500000000000004,105.67674747901997,46.46132863301736,0.0,91.55614760035776,84.04034443913436,61.49293495546416,29.83546103394747,97.70544109590423,18.675632097585417,0.0,0.8050210241815935
0.42500000000000004,192.9905469739572,343.3976069211287,147.950320311011,212.91743513392723,44.49428452157705,274.8818681793137,159.41510527976098,187.25815448958215,112.73705219270764,210.4606954977665,0.7768435192056238
0.42500000000000004,90.35870314610412,140.65545700089342,240.37169574788865,147.38118571403388,64.040634268598,88.01931924588129,74.2754388320727,240.0792727603608,0.0,151.7675305269515,0.7826324058125824
0.42500000000000004,170.11094502079396,102.5150704456761,207.59301765249427,126.2216804862388,105.3983068019608,296.3326255070328,256.928395304476,222.3295590290603,32.676678704559265,187.09000356335903,0.8461608306977746
0.42500000000000004,320.44184757646576,378.2846174047756,382.8978444462973,251.95316919079804,171.39912777345833,467.0005220494229,283.5360312442925,378.6394810233542,220.01544351872505,144.42949276148562,0.7824619773550663
0.42500000000000004,241.65505391148855,467.3768075650766,255.69153271011504,220.0312892757666,136.1917807758624,470.7910861917696,424.129278293633,546.6639445627236,139.2266951107006,382.7785704814629,0.9110407803032047
0.42500000000000004,236.86653215520263,530.5326919190508,453.1885181540866,429.4212980908945,53.57695370177196,623.9902352183823,315.4192086352444,450.3686784855724,156.29968448336493,408.8767519345759,0.7947839548334689
0.42500000000000004,344.0449633923883,441.8574993383082,199.0272470551764,365.7338300586574,330.8615346344598,550.3018326696542,369.9865490128279,430.37515816204814,210.9348601268536,306.1957647002713,0.852644416160131
0.42500000000000004,478.01145631315467,671.5901167494272,376.2000382063413,525.9495679777975,119.16044899496973,535.5371903107261,488.0556320905084,740.5296868576282,289.4548837655587,539.1896178661276,0.7565355482554537
0.42500000000000004,382.1267572619282,786.0754740121642,720.6095955472401,832.6289875872216,454.86662222295496,853.4810822093826,472.3241898136016,689.5739198305354,422.37614920702975,435.4693249000145,0.8616430387169728
0.42500000000000004,771.9043393048955,953.868201899188,775.5750800488726,783.9653446065345,775.5750800488725,1051.4050273820076,805.465397535543,1035.6732813363917,583.6477782923563,666.5016407992676,0.8594104259235139
0.42500000000000004,733.8296676437246,958.6114754254731,774.4391036551856,703.5155816070001,544.5096208860683,1193.1166692944737,668.6257844703928,1300.0739162542368,714.382895469222,653.1827595082879,0.8319714442634475
0.42500000000000004,934.5717703861484,1047.5554798152227,779.8332118202422,1024.2218876505226,822.8161447552161,1226.8557143439714,1121.854549602821,1333.0849628832643,568.6027985397986,1132.2932618870286,0.8606791711072438
0.42500000000000004,1266.993384695695,1509.2895422844076,1078.903645112004,1159.88672743276,1231.7265585237528,1722.8497674367234,1436.7966218198603,1526.2698659968246,998.573652164803,1134.4162418641351,0.8722505059127653
0.42500000000000004,1329.7453504909336,1771.8186987188312,1324.1048611993492,1795.790778208063,1040.670274297252,1633.6267110750225,1551.8396163470543,1548.3143105398144,967.34391350666,1355.8326134645094,0.8111144096326467
0.42500000000000004,1656.9000554339375,1827.108879310333,1510.791596000218,1835.3933795875027,1214.8089951886095,2323.4257595516806,2001.8365215197305,2006.355339852732,1018.2403977030382,1592.1303259942474,0.8369905623372914
0.42500000000000004,1639.3586419125984,2293.806162992331,1626.3992850595343,1950.3832063861348,1647.4582399457634,2428.25949034287,2150.4432778053106,2153.683117018577,1315.374720585998,1917.9848142534745,0.9003047343044643
0.42500000000000004,2084.3072870134456,2385.080743620449,1872.3587401061716,2311.206561295922,2210.948742426921,2953.2083838781227,2341.1080160463257,2444.0041985697744,1749.235102898626,2272.5105610306937,0.8910419476384728
0.42500000000000004,2652.976821744616,2749.8892170594872,2433.0602323762528,2605.4524740421307,2690.250819942643,3134.7432484541227,2994.965755211519,3196.2453454808683,2312.8515881876133,2203.8251434583826,0.8319100900187415
0.42500000000000004,3069.644526104883,2913.4389794132376,2663.7156383206743,3010.039778025176,2724.348054470721,3632.806628651075,3168.3006608575,3732.490431474032,2183.794649472004,2876.4429288810065,0.8515332226171272
0.42500000000000004,3066.4914763725733,3581.100652574581,2841.489195868665,3191.245216057908,2845.9446865717123,4677.151365524313,4330.736963362356,4154.745080591972,2710.0522201287577,3269.216303361243,0.833292264809196
0.45,13.887728135569873,119.17608562849436,157.93253623938682,139.8461926209703,117.07677788707105,135.48609192724496,176.66482070131815,158.57847708290163,0.0,38.11050976737756,0.8511489064454287
0.45,136.391189543404,263.6418394459228,36.56215856354058,173.31180064188123,0.0,212.7415794849153,16.309590339618605,256.83124128212603,0.0,102.69665125935671,0.930240492867139
0.45,66.22466904041966,257.73338410156776,261.424595162837,106.61086065195424,250.5680920414568,231.02638642297228,229.50647598597905,312.015899708469,95.10296734329113,245.1398404807666,0.7871852803205086
0.45,0.0,344.8655799286279,118.33848996882016,61.130019184673095,118.33848996882016,247.5189078685069,147.63476331392766,328.71802769116704,32.525783792599675,250.28705968064295,0.8766407429783756
0.45,199.00652287960435,357.67749548428213,235.33523041198853,293.0337659045985,207.55445406369475,453.0403527567906,272.9995521918868,282.88309762349127,126.88335351384164,169.89013228379633,0.8629169914369046
0.45,245.78798654289807,402.0449539327129,226.3614446511913,256.48666178760607,191.7315221485837,314.76628746272627,184.12983184313327,373.60900130862046,0.0,83.33704927456796,0.8997764060861648
0.45,262.45887505082646,476.3257178104032,227.4849919367423,423.0911346633015,373.2610888104914,501.7049958223935,307.6463700477847,493.0389008914698,247.60271231210035,188.7970681379765,0.9268319237168208
0.45,284.6650454858541,557.9835358175237,298.0139339025411,446.1865953277687,405.13876344645576,444.8517064861001,387.7852085047624,367.7618758797316,97.78060765223348,82.09566376262612,0.8323165618899174
0.45,333.58675947209315,527.5667253325172,383.55129613311146,561.7336511374783,249.82268330509172,633.3739794382033,527.1993390335392,714.5663515123579,237.3315491398371,362.6102770913611,0.7962666824138577
0.45,605.382577068223,705.6114805563393,433.79069429656766,426.1732976314708,688.7730247703358,501.1445174405819,446.6199939430466,695.9895058214801,353.6075715060745,322.7370692317346,0.8382227600851322
0.45,876.3904422268231,1016.0277661021134,574.0645537095274,734.9799459848621,502.6943659510458,926.4825615852606,799.2574442766626,1163.6443656274205,477.8699528176607,466.3443324343034,0.8352138456676882
0.45,929.5729126105408,963.6946241379331,898.8633722358873,843.781180770239,829.6450431374623,1005.1281309926246,895.9386541049679,1132.353369687617,705.8319755952086,741.416046188061,0.8194193883673982
0.45,813.0517244074906,1120.2514362218567,912.6413393867618,1065.450801524268,1141.8555325930215,1215.625617762852,1168.7289207620308,1376.8659467769105,762.466523148178,515.8636670090299,0.8533218692787569
0.45,971.4053644455172,1458.4609789307349,1015.7815426541704,1185.709834819013,692.1601454739927,1088.2987119219697,831.7827549597549,1259.8505228017627,357.71529019414305,1087.7575390169857,0.8158148264909361
0.45,967.3091390084038,1468.173503010301,995.7943161080378,959.0009623543438,1299.6362051708004,1363.1344124554012,760.1981638464816,1462.239091114544,625.4870138127959,1154.2431137247518,0.726130259292322
0.45,1285.634874298655,1499.6962474577413,1523.1290013242683,829.6461504094767,1000.0086041958504,1459.7972341174386,1409.7651380240425,1555.4282025997518,1096.272890350232,1488.92984703258,0.7758196920968995
0.45,1388.543330800797,1549.862335147313,1609.8570061852736,1146.564824281023,1283.2193527563777,2006.4884424917905,1305.2173988036295,2195.1383525333767,1003.2442212458948,1385.21029352091,0.8019852126575849
0.45,1637.270171757507,2334.186169618022,1829.4972680789908,1938.599133558752,2062.5447902602496,2478.9131340299514,2110.787111730892,1841.3723010563792,2065.5135485045967,1540.785528816221,0.8691078051561709
0.45,2038.890719556818,2370.347589031274,1397.133802063723,2030.2712737785223,2273.966513510333,2110.9806297025625,2389.1536525475544,2187.7720557273774,1830.4568489180344,1390.0815282451172,0.7500379633126585
0.45,2189.0887869855715,2684.47368610833,2415.42843917097,2503.401964360012,2288.1657668101234,2792.0917848832746,2758.781420976745,3003.057422957967,2350.5159351479874,1656.977076376125,0.7778348447335088
0.45,2798.490874127088,3074.732680223079,2184.303765728097,2926.644289326259,3062.391980981677,2866.839362233312,3015.877037687163,3552.2228124096205,2347.5807095374107,2920.9485819840734,0.7778092804648814
0.45,2925.095527706283,4686.022601241837,3530.550083236717,4113.177806332432,3745.7745033355072,4728.415290049175,4052.306253173178,4176.223343533087,2635.955650199827,2862.049990505627,0.8031025678448216
0.45,4183.891947539709,6051.633564469023,4345.921986937074,3969.107941826922,4438.869451397577,4840.804432848405,4073.3598276407306,5859.458401462845,4533.0729626751145,4143.698449394625,0.729228648649962
0.45,5635.07150474277,6573.763467838521,6121.205911758143,5929.96384773708,6383.981266901588,7347.490902427555,7121.212124387365,7586.908448224915,4944.556265949162,5541.640267358433,0.7190216883293316
0.45,6905.722631746237,9752.87719148547,6586.22895818111,8003.982134626362,7331.714196499741,8935.838682524649,8333.4599854904,8331.79595594058,6646.134021974572,6266.735284615983,0.7524188488641564
0.45,8950.338586742233,10169.100344228602,9296.474212934176,9097.901669487215,9416.710798874536,12389.833651217976,9360.236038811638,11090.914169771362,8234.384370460999,8932.120922205813,0.9187355494140683
0.45,10023.314464892965,11060.9703676462,9103.406749686194,10718.76469758928,10210.975638795146,12959.659891832973,10910.10550235229,12691.046838992595,8003.197122298897,9055.571548495442,0.7704084246972513
0.45,10614.192951754248,13120.751637153937,9072.736723155824,10556.170759962586,10242.850924287626,12956.355427077566,11289.184449597218,13826.68830395246,9024.384896662774,9585.266083982153,0.7883502805622419
0.45,12627.177337631814,13105.61157637933,9469.898758042944,11147.324064744762,11129.891238231694,12468.344918290535,13041.691212498084,12718.215431644498,11021.42031770594,9074.754690413414,0.7915159891606007
0.47500000000000003,37.73060813928832,196.5202738829313,70.96565445772524,143.3763109292955,45.59784132577826,125.39406364589004,89.5901248583952,106.60903746590392,0.0,24.083366897418045,0.768295111824054
0.47500000000000003,67.11387230727632,216.9494942025909,30.3486502681482,112.5501372801611,27.92075824669643,78.55964897983509,94.68778883662246,234.2915800701042,16.12813985678732,182.0919016088893,0.7754786713083507
0.47500000000000003,0.0,148.04123238114778,23.53372851711185,188.8732570732306,86.69262385363412,242.5784324071525,18.505154047643515,323.03562391864574,0.0,117.46749960678022,0.7255601761019314
0.47500000000000003,164.562801228707,360.1935059342199,197.0870126809883,230.09666012509467,233.25199407195788,192.960806750475,210.19378446026587,508.9796374286114,165.29095521644456,177.18413701615935,0.717434999389859
0.47500000000000003,309.76500035835954,325.4015277915925,224.5728853772963,245.870914122562,213.51947805380397,311.3825721617973,27.22912535787151,488.50668463824826,189.7950916033812,315.42650167039204,0.6477553245344658
0.47500000000000003,101.56372489335132,239.2019968799692,50.22686941447157,0.0,329.9433576453404,330.22085416144256,230.87710139690773,304.6911746800537,270.55910319950107,220.0547372689276,0.6307757807813782
0.47500000000000003,314.852863235804,287.9185475017675,365.9351861796659,224.4526311169693,323.83096848048274,405.5626851906619,411.4448920751066,314.23368356375704,204.32929177544796,294.11034422223565,0.6686732873388289
0.47500000000000003,344.9111814550255,520.3631048399658,293.9735262787524,332.25999912366336,272.0004201242816,441.1267523435412,346.57581070915194,462.4340067963613,394.51713322799714,376.5391372834301,0.505916240766824
0.47500000000000003,381.54016098471874,614.6225346646758,346.88785190866867,519.4198749925806,429.3238713948508,760.1622327840859,527.0798591041286,795.9088253046425,262.9927878298108,192.229125085035,0.6571459325435947
0.47500000000000003,604.2706394325721,726.3894279117509,279.80615612705094,301.937716498682,467.9244192859159,723.2277764300895,632.7255027675263,833.8855782882449,497.5649019264931,518.5108429925011,0.6287988106741926
0.47500000000000003,467.38635943457376,635.5289143869936,410.36772075021344,547.7118869242199,570.6025812865545,794.9313860374317,660.500580964086,769.9597194603396,353.34908206585305,308.81627667003886,0.613993447100558
0.47500000000000003,577.5546379236464,775.2680220702146,298.7965782935749,675.5207291674412,423.4806944220414,1020.1832501797022,585.1247449743032,697.3404494899229,287.2187675102172,521.4467856658363,0.6615174224788783
0.47500000000000003,1152.7651984600875,950.6868369770442,842.5034717386475,988.9592539245904,1075.1997667797275,927.7233868085168,800.1486636500298,1121.1266671167828,736.3613020707862,734.8304053928845,0.6553329998267687
0.47500000000000003,1016.1544664326854,1468.982362987976,817.9068466489098,1036.1958924764,859.614679226371,1484.6905077249417,626.7008089886018,1245.8183756903925,642.4089537255675,863.4063003697763,0.5574616460286904
0.47500000000000003,1057.5821032179929,1413.178261971376,938.4746519850628,1436.1941945767733,1107.066358319596,1769.92521735503,1448.8529575097416,1645.0637829707507,855.6172946056334,1222.721419661716,0.6074360417691748
0.47500000000000003,758.9179475723587,1572.2579071455718,1036.4104043679254,1218.8138511839768,1120.7346207648543,1386.8642398899128,1273.833907272753,1675.719534355988,592.0636470422654,925.17420401453,0.49595810599416723
0.47500000000000003,1272.3448058873394,1527.453136313997,1031.941968192043,1389.988747738229,1168.127618269432,1939.8463020413003,1778.085881996327,1989.077734228901,1312.6250685862851,1044.7293531758355,0.6478371301940737
0.47500000000000003,1006.9068896986367,2301.112432171327,1450.7901162594962,1476.660611059055,1870.164453010247,1634.6067898353124,1588.9930226887209,2002.240136986944,1379.3058543133452,1374.540236850269,0.6524151794198672
0.47500000000000003,1707.4556715213207,1898.411331913392,2148.8084430111658,1931.8471479353493,1957.8527826190948,2472.0213312234264,1846.4000625459012,2130.9760077994547,1531.3603738056752,1655.4444021538302,0.6789738412873781
0.47500000000000003,2127.799710331476,2644.216780719092,2092.296036742327,2547.388580021414,2139.0963337462044,2335.980341831483,2172.179302317912,2795.1073934729734,1979.3298025950355,1611.382639943859,0.6639153508761279
0.47500000000000003,2247.133454600881,2880.852492864849,2146.937336388876,2546.8654321581635,2131.522548971644,3128.3454686192904,2682.173010598308,3046.133269060721,2465.509609678329,1722.1743053362698,0.6366928133571066
0.47500000000000003,2632.618197214646,2827.559475485903,2833.02511880192,2337.473458149751,2543.346023053042,3030.6992187311857,2931.406698490218,3245.68118916117,2250.934105646156,2444.0535028120744,0.6403723637548756
0.47500000000000003,3343.9784575541325,3997.9211910795234,3091.2718807186097,3068.5798615741955,3313.0347950844766,3734.90006008745,3313.0347950844766,4303.23199411346,2593.0789149571524,2822.062017232605,0.6649098009257333
0.47500000000000003,5159.4476457558185,5833.790121317698,4523.91624792412,4229.1946264105645,4041.203468655004,4965.392257104918,4757.995560484268,5472.361959955396,4069.0989307735713,4574.855787444981,0.7172023645453496
0.47500000000000003,5494.146181127747,6054.369820038326,5538.964072240593,5200.193542358196,5245.011433471042,6076.778765594749,6203.323399325139,5864.55286944274,4310.426586441395,4534.516042005625,0.6435448894915344
0.5,0.0,225.83556463853267,68.89898582192521,50.23884382848709,127.90969127125936,70.33438135988207,0.0,144.97494933363427,129.9830403816413,14.034978593355108,0.5771860131308403
0.5,0.0,199.8915703098916,190.38999790951115,155.2521075231983,119.57639228403386,181.4262503619824,75.83330425209338,310.6834899973472,166.36715448213397,192.1827474190169,0.5991418852414753
0.5,200.3633362846124,315.89633836472933,116.89756509681122,151.0116405141686,185.8079974398732,209.00556872367628,189.446832151058,394.1312846552022,86.19489722118956,217.192946823842,0.5894693601588729
0.5,9.361459612073936,299.7895994818896,137.97008333032687,162.48819183813944,170.95808386811106,140.64478607663372,231.13889566001455,308.92816719843785,57.283217150071074,252.98230142152025,0.5698473637502038
0.5,67.42145004773312,368.8504232183377,285.68855681704827,275.98196673235503,14.428714990760035,392.9857282937909,300.9042926254861,295.3951469017412,119.36482401446916,200.69030850784375,0.5921104331555114
0.5,278.32242955636104,545.3815446045837,295.81020734531234,409.33256146680986,205.11088525346307,546.2707536447,322.4864785487974,533.5254240697016,189.69792855811605,228.82312632322743,0.6374798519739147
0.5,355.17543951926206,387.4918314411863,317.6762300249536,264.0188245696831,245.7265272553865,449.6856423097952,214.32475019917695,402.1256692926236,67.6815000628979,360.053385469741,0.6196135578895886
0.5,291.36344747043773,471.87482469637536,543.2086342494827,548.2321419644901,200.27050757163423,661.4285158093269,397.5269105142638,412.93233417362006,238.1142656913576,175.48786951093027,0.6199085319224859
0.5,364.5883983522342,826.2043543304658,343.27173796470424,349.51972463001465,535.856738707215,732.1170257234378,626.6363096679023,615.6104508467661,277.4841136652587,550.190355174692,0.6051567315783566
0.5,484.45152006996017,843.7466458452166,522.1909866572861,336.57442650329494,687.0123305284649,721.2859277353222,418.2149052432247,765.5720364857556,424.3764508085023,304.9965054812467,0.6047136175888149
0.5,642.028491215283,1080.3364034872548,561.7749298133726,476.1711309846681,686.8881742553252,651.4942958934571,805.0049543699316,908.717249104708,637.5013672387648,402.9140339101038,0.6579043391795402
0.5,601.3511434213008,643.9285601452905,559.6516115782179,840.5747734684603,622.4203805630689,793.168989899482,465.2789868807143,665.8756821679656,289.70201069931267,416.9953184308288,0.6250883396848459
0.5,680.0775997715784,744.824056731496,403.3464466910421,576.4832686357103,810.050117076302,1135.7008154154428,887.2662620433147,1021.0756064271442,515.0940353700107,693.0268911635619,0.7770423524060598
0.5,973.712407606188,1126.119567057591,945.1360652090495,931.3770855363535,901.7423600874696,1131.4114823163206,1255.242299370586,1082.7258619360111,696.9452395746463,1015.5185381501492,0.7057322453070973
0.5,823.9484434580622,1193.6476444462871,817.3170676555828,831.6850485609547,764.8186758859545,1444.5346956400906,1057.1518258452536,1254.9878706192214,775.8709688900866,463.6436915233496,0.6298986828982335
0.5,762.613917993871,1407.6312410773528,887.8542915734349,1123.0474813942124,1187.1376256203744,1197.133336187757,1230.060382762666,1230.648365737218,654.4250506763132,1404.1033432300412,0.6374671266490877
0.5,1626.5141618083514,2075.626281113642,1342.2255514372926,1058.5757918760555,1477.023072309862,1498.1051490340085,1672.5114201155789,1782.393759405067,1248.3144823933694,1075.1859129314437,0.6325658882583579
0.5,1401.8732109209286,1557.267967602831,1341.441916655744,988.8153534160408,953.6191051077468,1562.5806088569136,1444.3743409535855,1616.3711015544952,1391.912008569524,1067.1768119137523,0.7328332105264246
0.5,1384.4377960785753,2362.581053569077,1589.7538974291317,1686.6283959536893,1151.6498220120995,1918.6934260013256,1612.888106032011,2582.356035296433,1221.775391839578,1705.4249404435293,0.706178199770931
0.5,1568.9133750987185,2122.428397747506,1276.8839149663831,2235.664310860044,1386.394962516009,2490.445115363256,1793.150281986047,2564.1974535089207,1181.5273565558246,904.3973586751392,0.6932682441140984
0.5,1620.5798015050016,2519.5521051884352,1901.6098820258585,2209.3661661697365,1993.936767269022,2330.039024952468,2327.609370077648,2925.3044692833905,1657.0246246273025,1805.233571991328,0.7299921681396336
0.5,2380.6426052503666,3761.92690307255,1772.0307498881016,2779.327472821009,2520.005899666653,2963.6751217640726,3088.043631338101,3526.420576432369,2307.4327733734563,2909.870305565379,0.7315109697435289
0.5,2958.3068086316,3495.411160850563,2926.3251134031493,3375.0094846964,2741.019408697132,3676.954313176763,3372.1875704115364,3249.904618067464,2601.80497064388,2673.2934658604145,0.6806139311435399
0.5,3601.8866718540653,4846.672430485697,3631.44622812764,4130.674289636896,3463.942075910718,4944.109486350444,3582.180301005016,4202.930982750077,3386.2113908950223,3243.887601429664,0.6914744845987428
0.5,4730.405084085826,6088.977424235274,4779.601296960318,5059.641277938199,4592.907976308397,5680.270424970259,5709.283576152652,6524.17469197117,4322.959526176566,4697.607608836163,0.7204795820487688
0.5,7551.561310441025,8429.756205416601,5833.287618362076,6679.464991125,6414.176949934462,7949.493372226832,7888.507615631306,7931.197645248174,6113.822098701496,6330.321534615614,0.7154714200900498
0.5,8490.373923721834,9919.328861795631,8199.479525613953,9473.63101206309,8805.084237464278,11229.204221696617,8888.439942185249,9830.86974658154,7954.515821944157,7432.266814814804,0.676692372336098
0.5,10226.852928191232,10975.611279584718,9535.548806731404,10262.066811053795,8534.73318853219,11392.617787167725,11168.360954200863,11205.42819931935,8314.183080077177,8586.627331698075,0.7676858300884343
0.5,11257.013493953127,12123.670201186407,10036.075143762948,10731.30524956547,10569.402348214197,12904.613607704305,11858.91133897668,12493.189764270484,10695.11518926342,9559.890139788622,0.6923272355593874
0.5,10486.598923558931,10963.965295493888,9928.060941821272,12245.317135950863,9976.377376227649,12519.754483379058,10589.02976450044,11570.819711637912,9412.041422361224,9468.088486272614,0.7323794447582878
0.5,11828.107552313017,14271.500724024514,11429.227124773564,11733.899612140382,11262.859911277214,12760.16483274439,12429.434830010678,14335.642300312264,9575.134685205772,11046.382091306054,0.7448654596270493
0.525,61.78446443307823,167.07023545679309,45.86550803577999,116.94916481975515,55.47992724602947,133.18334807640585,106.07383817209605,188.0328216037304,13.869981811507325,154.1459342233431,0.6844826571291516
0.525,159.35997583062544,149.25969567234628,109.41970171468998,97.26195707972435,148.5115267717331,181.0568739484101,74.06872116071321,265.03883304224905,12.531829085272124,99.13237933125755,0.7096115585150706
0.525,150.77578220374636,271.5922206709041,40.14160435294546,78.71670707260517,0.0,217.74372702670905,2.74137785824995,245.15750560920836,0.0,111.41742866744372,0.5986832906670423
0.525,0.0,407.6175786053644,180.5419242231225,162.64433570038406,84.11866605686994,247.43416132685687,222.82497710809167,328.1970295357132,140.94350961656394,245.42068261804863,0.6429969620006211
0.525,250.29472397791596,500.8612120426699,191.050153047204,247.0335549358583,207.62776234432988,192.13720939455652,164.9608007107437,332.63924228986855,73.37630344629449,323.94279151104854,0.5513533196828614
0.525,270.24908684850806,415.1923687222752,388.3856542251914,343.8116987242264,331.34345942325723,430.4659618659626,409.89336701936327,459.1429122581917,261.8330253203537,200.4269467630802,0.6085901832834727
0.525,180.7220768878255,572.6692309367392,245.3359591871025,322.0854437456345,203.6813244053352,563.8135211799856,113.4842805865474,604.8121774612526,138.08347435530766,244.3519914363521,0.6890026203265422
0.525,549.918268884599,726.3684220896965,594.662275014317,361.921275387961,579.5070471316706,546.3098812934927,420.3771543638831,634.7153772755967,325.83739947689804,333.4150134182213,0.6227479308920082
0.525,324.7950093567929,586.1157940278582,567.9272735038779,416.1088062731026,306.6064888328125,430.2141895365976,304.00812875795816,680.39914531543,398.6626743419377,548.9963643870818,0.6623467535729134
0.525,559.4656433659966,912.6656616333552,560.2620357408948,604.4618125477457,477.8354249389295,539.9540301809903,436.42302144422223,759.3601294654486,327.3172660831665,342.84691739368174,0.5779427154822109
0.525,870.9197990970448,914.6995644982136,554.6853771701528,548.3096831796912,599.7402813694144,647.7705094308913,243.97655670166117,839.4663754107678,511.7557043010452,465.0006150376607,0.7088915425491977
0.525,589.2618476261366,1061.1062053193898,464.451404623405,626.6614925677214,400.52410454883534,763.2136845637416,453.5794148148048,858.4523152870801,466.625802585125,617.9639007208413,0.6336890117933881
0.525,580.802006211942,954.4449906642496,690.5300725321133,716.5431917028436,624.7878259006312,1069.8486466216714,675.3951668327793,917.0806922190188,508.91120414010527,748.231900510824,0.6247273154023415
0.525,714.288007915487,1319.5320482360323,729.794260188162,707.2851843084721,953.8846156126284,1152.9648867263288,750.3025293229904,1156.4662985298355,599.2416200859615,876.8535559354679,0.6721763590688403
0.525,747.3178682452277,1311.6755187469862,717.4693735076224,1200.0200384322404,1279.0632744966397,953.4935818957232,1193.93978950421,1149.167047397802,867.2645970981968,941.8858339422098,0.595333341804923
0.525,1250.2027743317738,1534.867904174975,880.1381055356121,1257.174165266709,615.8061992526395,1086.3750873607887,845.2811508609342,1120.651092790888,709.9199768742691,704.6914336730674,0.5994085205632591
0.525,1182.276671306009,1581.7874026463255,1344.8318984554337,1379.843793533771,938.4438305818716,1631.1791832032666,1305.4435164923034,1848.127890206537,880.2990762553463,1132.2596783369547,0.676344249786825
0.525,1546.2385407657923,1902.6084591171611,1176.0863603787352,1722.126456268862,1302.751911468633,1380.8513963375328,1093.3927881646052,1165.585589303925,1251.5606524789328,996.9169539147872,0.6736461766935724
0.525,2212.6234193115,2469.036957875456,1614.5599735950202,1953.3921495545333,1823.7765146760505,2457.061600305162,1508.1906210588736,1790.6681731581768,1420.136521277295,1724.45149012243,0.6505298998228257
0.525,1768.1307365873622,2070.186404087703,1768.867457727607,2059.872308124277,1589.1074995078918,2110.706066801163,1412.2944258491557,2071.659846368192,1642.8881427457572,1661.3061712518756,0.7097571973787657
0.525,1987.5701688329157,2661.896231655484,1912.8199051594688,1837.282796605248,1971.8332712174529,2175.6260953376923,1832.5617273206092,2444.7270445621016,1807.3826911358688,1947.441079913486,0.8021413513444323
0.525,2082.837632654125,2666.3335450174386,2576.7581323590825,2778.512099187717,1820.8086217936984,3173.648498951684,2269.5228384748125,2130.55537584596,2058.5601843635422,2172.4130453124817,0.6226256484737404
0.525,3150.5013929960724,3598.371231309758,2700.8183164705893,2592.024023762811,2250.228620839209,3699.0059520644527,2209.430761073792,3398.0084089062666,1961.0171260576988,2415.233298112672,0.7020267755814148
0.525,2996.0482697818416,3987.125164322259,2945.4527526431425,3386.923441402387,2948.4289595336536,3894.862750716394,3011.921373197905,3444.463441285614,2609.141374015312,2687.514822132122,0.6279617634785647
0.525,3274.835990592043,5419.770727094487,3712.2171212073695,2521.568487865643,2894.8887458150907,4620.114316575553,3750.8745443678167,4112.045326466838,3607.2898297718752,2858.440318263813,0.6148873443602293
0.525,4694.704093835123,5444.2139874381055,4905.182899572948,5981.961667951205,4715.238611468081,5974.261223838846,5019.406153906279,4897.482455460588,4284.013741175954,4684.436835018643,0.7082469390475477
0.525,6437.376932345216,8466.650967721698,6587.40710111924,6918.40149408461,6403.34947138616,7906.744564668126,6259.5061136956,7609.777632661812,5925.418315188496,6663.195536891684,0.7069329543685018
0.525,8959.682596807561,10542.30459396445,7400.885016812171,8901.82329798677,8209.213456220261,9168.99711901218,7559.147216527859,9577.415698923634,6648.714132141905,7569.357681025646,0.781442815179121
0.525,10560.09900969864,11966.639393835629,10125.617948630146,10206.622892219188,10109.048755623297,11224.70775141782,10287.62783580823,11248.641030205488,8588.36504188357,6874.374076397266,0.7077359158726267
0.525,9247.386606298449,12059.78414416565,8696.082188279446,10124.631136321925,9010.847210729484,10845.424412583254,10657.310405083526,11894.020315774798,8457.680277784742,8999.672121175045,0.7245972553169665
0.525,10334.299866902456,12576.349053536116,10966.099263634633,9676.40845968576,9221.661991241364,10597.083686782213,10792.773765416074,10326.845006764022,9437.85293525591,8317.760199456385,0.7066819105453669
0.55,21.30720040350098,214.65564730824292,66.22508233520574,47.077395486113616,0.0,51.68435773551932,105.24029388485955,87.53228273870673,15.54849759174391,0.0,0.7547186591637212
0.55,16.988488857543597,173.28258634694413,93.81421069110158,86.26377119885994,78.14704874470026,169.69612758812946,149.87622392099527,191.02611915371173,0.0,173.84886930886225,0.7822958096089884
0.55,60.667366296665016,340.2477210100982,69.30608512208002,67.73540897200449,105.2353020550564,171.9890384332638,55.5626688089197,191.8188248279665,21.00779350725938,58.31135207155168,0.760521017734464
0.55,107.68967823659834,366.9921539905607,153.6194374845057,256.6269557977737,74.91455877328586,314.3735948521815,127.31015791531608,254.84327582698117,115.49327810881556,80.71151867836149,0.7275260683593776
0.55,103.2620005730023,265.2765187134024,300.3754253121076,134.03712882259154,153.11262153927927,246.20102599671475,317.670538708571,148.5345032872741,65.36535504251619,98.17520251521884,0.7550741242322543
0.55,126.7138090021265,455.8750291309064,128.4819086626214,268.7511483952078,262.26811630672705,284.664045339661,52.45362326134543,172.6844001749909,152.35125407930087,128.77659193937043,0.78769981194939
0.55,445.8081882264101,530.7081792628062,190.775273975902,446.4740705090483,357.2458446355026,427.8293665951732,307.30467343762245,497.414065130886,233.0587989234405,256.69761995710377,0.7463924986063925
0.55,385.3376451037996,554.9291435060287,589.6345767233627,539.9020487108945,248.30485209102775,592.8546684651773,256.89176340253306,344.907604345462,27.19188581976659,327.7337817224515,0.715385123775848
0.55,356.3016483331276,809.8108588972676,563.1986776730647,502.6803509922786,269.3065537294977,796.5724749358457,590.8101642211733,736.4323877968146,383.9131348812361,517.8099326624751,0.8770753355450415
0.55,293.65651503225774,484.2415380333253,497.4658049354404,501.3552952007682,219.36725096449456,737.4473543061729,619.5957992667369,512.2458679436863,395.5611599838489,302.21339361597893,0.7788062869413496
0.55,676.6942265553295,1056.817694895395,708.9571542272828,556.3286887022725,644.8449261612217,770.1739913484251,572.4601525382493,890.9531564793273,272.58037610022114,594.7960255419093,0.798056181217775
0.55,803.6940231203389,950.144934000045,644.7412052143163,857.2736246616946,467.0355267688192,655.0106288430761,714.8411838975903,977.8277281297457,649.6526686889405,605.8959940968332,0.8247665812219611
0.55,970.1635850323586,1136.9324098858203,687.6871766429273,772.0084925800708,829.159606715246,1002.9552078968034,640.8420011222919,989.3701069958188,407.5530270295276,621.6354791588312,0.7568465801904205
0.55,907.0164052814232,1235.9886414547286,760.5325160108506,896.165746816936,908.0028287781944,1046.102118326209,401.9675749343989,1002.2062727198756,731.4330228560902,831.5550077784007,0.6882704295974433
0.55,796.3610720455291,1220.8040151743917,1022.9074929405596,1042.0074253813582,1046.2518548126468,1150.7709295581294,1054.740713675224,1136.44598022753,853.1303156890141,834.5609369271265,0.7149342895228463
0.55,1087.7206005907092,1732.4700750349584,1240.672118250841,1341.2671548657745,1165.961184624546,1383.0346846883492,804.7602929194647,1231.8479922319875,720.6369582063918,885.9422522929193,0.723875977737836
0.55,1227.7397028648395,1689.079774511607,1115.217734170506,1377.768994457284,1183.9811594837097,1425.2782701282251,1205.235309125973,1022.6996710218316,557.6088670852528,978.3160055923998,0.7589343287949905
0.55,1745.4743526642014,1827.1607225941996,1122.0439773584549,1836.309596026359,1569.6852845748451,1802.32806613548,1253.3956602058922,1747.4348255425211,765.2379135042228,1214.1862026394929,0.7950761179034961
0.55,1622.7731394056746,2530.720268345407,1422.0105378268045,1871.468680461852,1010.7598107171472,1841.5974283238197,1274.0436377012015,1715.8602972311703,1346.9850673405829,1319.8925363316698,0.6859551590020895
0.55,1608.338928771789,1784.1406817411369,1210.1373678291686,1746.0150003742904,1327.3385364754008,1853.3317331105995,974.322968263858,1473.4869817149795,958.0842521261268,1391.5873698899015,0.720265329130749
0.55,1907.563237395744,2853.7146031440325,1623.7178276712573,2245.583443062269,1606.9312711821744,1898.406933856244,1414.6488968526835,1774.7968360729997,1175.821979530736,1348.2656961913117,0.7386146682006182
0.55,1936.9365075668472,2729.283644499587,1911.606728963603,2008.176509888472,1448.5467138730407,2453.822302189304,2217.93873894659,2438.7827461436277,1151.7133708662698,1104.2200359851863,0.693235862707171
0.55,1976.144346769389,3027.2494302432638,1979.483838694644,2307.588920350904,1877.62933497438,2055.457279994185,1664.7367247394006,1860.0970023667928,981.810626024842,1409.2655924574262,0.7362281454001418
0.55,2571.8618573304566,3176.8989456321456,2596.390387937282,2919.803606308756,2733.568466516193,2724.483825550703,2320.2173025863603,2703.589151330073,1962.282448546021,2236.6386057038444,0.6985770905657197
0.55,3041.09430319998,3709.939481138496,3026.426645789047,3380.4061113062157,2935.487169841266,3839.014866354701,3079.2302124684043,3873.2394003135432,1924.396652314328,2936.465013668662,0.6914125404093763
0.55,3440.528200488852,5223.076774724826,3229.9736069953024,4038.018198779451,2796.7382392310856,4986.065059535751,3590.451890096825,4858.188971340715,3318.16401264705,3584.939989743591,0.6851922592522638
0.55,4687.717634805863,5850.221337807317,5039.610647606303,5115.016293206398,3977.6478054049753,5078.570231166352,4040.485843405054,5375.165770526722,2768.643954283462,4378.554487845476,0.7312942415550547
0.55,6263.089016556971,7370.141779381082,6690.449305763116,6020.9668049248185,6172.657829079903,7093.013946790066,5665.0763251763565,6305.3874752156,5163.329091432621,5770.093188052952,0.7652763977703027
0.55,6019.085131788067,7429.664624504811,5772.50174598199,6385.131275934973,7198.39697694756,7196.865403122678,5415.645044784378,6702.167057685642,4364.9854009150085,5188.972118701772,0.7422715385036568
0.5750000000000001,29.559356539485723,207.34389224798684,57.976322488073485,70.39982016408916,0.0,77.96815782878852,0.0,109.95509437393244,25.5609894713427,103.95754377171792,0.7545151188916022
0.5750000000000001,10.053385888035558,67.41682301388511,168.14780710773124,89.49484692486509,205.20734724401905,85.15809222806561,217.82336090743613,144.68990670231497,5.913756404726677,161.05129942205906,0.71002523486195
0.5750000000000001,77.68717697906504,269.3990814596608,74.13695652572062,145.7678750843746,200.48303736532904,285.6883282455939,56.80352725350994,197.14165340924012,52.20912431388774,42.60264544013237,0.6806241568509906
0.5750000000000001,107.20632754741598,251.4320057249776,15.192912686360373,126.67893394824404,0.0,82.38410400350331,114.48180686201108,221.26016503798036,0.0,105.9224194330756,0.7390368063800046
0.5750000000000001,35.43733486035048,370.6154604144984,241.41684373613745,187.52256363602103,26.08581593886916,274.39325256451923,113.44869007376089,322.1352175847134,48.23415022658798,148.39383972771748,0.7804645558329799
0.5750000000000001,302.59377144983915,595.6664016151207,349.6044065423411,369.5392961068831,163.34708016318748,375.787545074874,174.35589977345697,410.59921789653663,0.0,197.5636816545654,0.7718783701433269
0.5750000000000001,369.0056527218925,601.122111692115,395.4576708381571,326.3517735094156,400.0867740085034,337.26323098237475,201.03533768361163,492.6688374154298,205.66444085395787,107.79197382377862,0.7923070612509037
0.5750000000000001,263.4195732825541,836.1826342972008,520.9608855155672,426.1739260917192,627.504367038497,712.0043696256482,362.982619809154,565.0478433871242,475.77175369722096,477.2413189596063,0.7432293464348967
0.5750000000000001,495.2399804979421,768.1113373414721,280.70123795812214,459.2225273708188,442.3882829744462,633.4373821704903,365.6554480514449,818.6140705305901,249.77320755548368,310.06329213784187,0.7670041162583706
0.5750000000000001,363.58180435937504,810.1506420301554,473.2725860135594,722.2336859477755,612.5429042935912,579.2659255895128,349.61368984161373,759.618933627666,239.92290818742927,529.1450440846044,0.9276278246134199
0.5750000000000001,540.7153914727154,1072.8548052852764,466.9619835953902,999.1013974079516,371.7686315676798,902.621648731218,362.763855024518,836.5866207480312,292.869637094262,484.1139389156983,0.746177758749922
0.5750000000000001,795.6774497936074,1023.6131691545174,591.9802936367201,865.1302558974428,727.1568961206957,973.7376641000852,825.0434013677122,1169.5106745941184,572.8691188027785,667.9588667570234,0.783075519802124
0.5750000000000001,477.8152474908283,1170.480621221301,593.1006810828327,757.4538818648223,688.3778989274645,811.2855099470394,441.60990470986815,644.0739926297105,316.32036324417726,396.8296123228912,0.7042489496318506
0.5750000000000001,788.043835042634,1086.6657422687515,686.1844490503642,815.8688380454001,760.7157070934884,1023.0657354052856,772.1438333267675,801.4594614903962,641.4656942244895,467.5594254571994,0.7680139048691523
0.5750000000000001,1133.9926538339107,1277.377050303911,994.2713623832165,1127.7130452293848,903.2170376175956,1024.0995032547128,668.2550156649302,1050.2645391069025,475.6803517928123,642.0899798127401,0.764951400170067
0.5750000000000001,1074.4025306309966,1312.8498589500327,1256.156088580472,1493.4917743432422,967.6848452294698,1028.2693645459617,778.705610664266,1101.637773259511,835.9552023119599,803.7175681802488,0.6694551278876831
0.5750000000000001,1399.203650831795,1369.9520065635338,1577.151153463713,1237.100788845184,1213.3338278772226,1495.490313214819,837.3283171789573,1572.885288674591,631.9573980455448,825.1401320671818,0.723508339208052
0.5750000000000001,1135.0176661558185,2411.432685310755,846.4646969132738,1473.4755835156986,1194.5197196803342,1419.0919862083458,671.157571475453,1695.4886219351288,651.9633606610928,900.2084871934815,0.8459337956454407
0.5750000000000001,1168.8725147291402,1837.380809115992,1651.608727308692,1735.0027640324065,1431.9366305730532,1437.3606329615875,1436.004632364454,1739.0707658238075,1003.440441878844,1266.5045577227572,0.7857244649703711
0.5750000000000001,1837.488143438516,2118.614715555587,1728.1221951834953,1474.3371101301784,1626.4679484079957,1336.2275472696724,2155.77109541146,2043.600892072977,1310.9892515185136,1588.6105047812575,0.7830463034951205
0.5750000000000001,1593.6202546392149,2536.5685901282363,1750.6530850114902,2127.0810659517288,1759.669324075927,1997.8483060281344,1220.9490399758247,2099.2809955030484,1569.576950467383,1473.4037337800564,0.762213282618409
0.5750000000000001,1786.6305405698183,2974.6076798172867,2028.4243169480665,2340.190568805549,1317.8149548589392,1844.1634648527456,2004.3226865052184,2040.0863961946047,1261.8369744755505,1624.1389030680375,0.7243288304963786
0.5750000000000001,2328.2700766720427,2989.9097970610837,2476.136529334745,2057.5992819674343,2152.835302326463,2199.6179088186177,1943.984380486488,2104.381888459589,1765.2079913914697,1472.8167008155042,0.8275743900595364
0.5750000000000001,2923.961516228255,3765.615413404736,2333.7560862580244,2878.561098538237,2232.4782314110626,3172.790728567775,2026.430181894828,2689.1016631779703,1816.8897925562849,2198.4279181435486,0.7458130418508381
0.5750000000000001,2984.656311780488,3790.6905639472434,2362.192866176564,3064.7938212444656,2111.5301912252835,3358.3207454439203,2613.78737263324,2849.540743498198,1574.7952441177092,2245.713928002177,0.8300370812706419
0.5750000000000001,3633.201278105984,3674.419112196284,2895.3015165869488,2955.62029818251,3270.2832755060226,4175.064999439444,2476.085984497797,2652.015764151518,2019.6738704247152,2386.613125131047,0.8530364016124176
0.5750000000000001,4995.629623861541,6387.585084163796,4811.214472133656,4290.810071367296,4458.804695886533,5327.829520467251,5234.358827125721,4136.709739101529,3973.767584492644,3628.9365131110503,0.7673747981534679
0.5750000000000001,6705.436971080925,7224.99351721348,6490.151109423789,6059.579386109517,5903.138326638665,6200.232815725513,5976.335519602092,5630.44290187296,4944.398622725554,4655.915568104992,0.8293170210376367
0.5750000000000001,9709.987092828474,11369.963291890386,9391.97059995556,8443.16315143912,8077.968387645498,9285.382654542113,6984.1314396320695,7373.789010569761,6814.639132991011,6736.008681456499,0.7575764728344356
0.5750000000000001,10295.811426691327,13013.620741947543,9373.630610756112,11118.651626275796,8983.765550360738,9943.433391333969,8181.543214547178,8560.162167431146,6265.956235104515,8726.979428850322,0.777737700512724
0.6000000000000001,32.7262959851702,40.49333689898394,19.81031783635637,49.6566997748316,0.0,55.76560835873002,0.0,39.62063567271274,0.0,27.577358750170102,0.753035799880364
0.6000000000000001,71.66617930294427,127.11229954887116,108.2440675845856,183.71699544172787,52.63243653195447,139.02907763157785,0.0,151.4423881343973,32.44011811403485,62.72859574091429,0.8250563095997383
0.6000000000000001,129.21683346199077,228.01831032198373,89.5025143319936,189.27263312198647,104.22587166799256,232.66779158598337,0.0,191.20991698198637,85.4342182259939,38.93940558599722,0.7768435192056238
0.6000000000000001,99.1940340143921,198.18227127771695,113.80560334016356,117.71574161044045,19.756488102451524,129.6519531723382,1.2347805064032316,143.64613224490807,86.8462289503599,143.64613224490807,0.7925087349256313
0.6000000000000001,111.35784017784736,212.2102237351432,183.495308972302,227.15131759548325,121.3963876152634,298.82187720680224,25.21309588932394,157.3483947167068,111.59129476941524,141.70693708166326,0.7809792497746779
0.6000000000000001,86.40953471475711,278.0908624595872,140.1924604516709,358.3829079909988,193.97538618858465,329.5797297527463,0.0,245.7191488643832,182.759989352451,193.46559542330587,0.678009784312696
0.6000000000000001,235.57405667687817,363.682628735696,282.9317278644981,442.0049310844519,240.7348285370676,491.4876259792085,0.0,321.7893042235708,96.23321645176598,182.4484639984585,0.7459878527544044
0.6000000000000001,387.0946626716111,533.6101673323204,503.8874515896944,631.170610769881,254.56631836037303,516.8255749129552,249.32113322932136,551.4437967778961,300.3742685048907,261.5598985351086,0.8093385451053304
0.6000000000000001,469.427024255242,640.7869705077654,450.3446248952729,450.3446248952729,523.6210384375546,690.0195608564859,246.544599730802,513.3165427831713,418.6678419577241,174.4131301501184,0.7428407695517603
0.6000000000000001,487.5178418724517,770.0792032842401,417.4744621422056,757.3440433332862,473.9867344245632,585.0214102469421,325.94049999472486,521.3456104921728,321.1648150131172,613.6755201365881,0.758836332431919
0.6000000000000001,826.0659660770051,809.5272375675604,698.5436646752337,606.2749687804364,689.8390707228942,597.13514513048,539.6848250450403,443.4990618716904,243.2934009678851,242.85817127026812,0.838123911579773
0.6000000000000001,927.2622864023932,760.7193874414393,694.7961566027285,540.397010691011,571.6238042461898,652.2930209304018,467.53449239559376,376.02263906027815,232.0324243336204,372.552995331925,0.7430589179773803
0.6000000000000001,1024.9463657459207,991.6629650789048,866.2802913332962,609.1318259059387,575.8484252389227,681.6258081806725,587.7027871203256,589.9824720975186,276.29781923577764,393.4736270634919,0.6935750153376271
0.6000000000000001,984.0606104550797,855.2123866400979,566.8377904827581,650.3767487803835,617.338742673978,684.8306694342065,658.4002645490821,488.9624903748022,343.5952635066177,403.06367449814775,0.8148058900224419
0.6000000000000001,1107.2762760310377,1161.1520911298603,1085.725949991509,706.0297292950456,965.659847771276,689.6104332649281,996.446027827746,578.2670820606951,541.323665992931,464.87131885269713,0.7307335319298279
0.6000000000000001,1151.1933058999775,1532.2144424572678,1049.8405995895746,808.1116850738542,896.9985505011596,934.3960731504524,777.7600724889207,567.4667567218816,512.7254554526266,407.5787975691069,0.8564790564542399
0.6000000000000001,1441.1434149842046,1138.7318647069171,1079.5389062224094,1168.0353095012283,1395.43004110508,1148.1089670410968,1184.445238586042,976.9768494423218,679.8399192280102,581.3803447191261,0.7700590463593434
0.6000000000000001,1459.2106272515264,1430.8285177997,1423.4244892470497,1211.792673117124,1632.5882958594243,1278.428930090978,1443.1685653874506,995.224837952098,745.9558766795329,668.2135768767032,0.7756482476235791
0.625,5.310068449328827,20.837995884487324,39.10141312687583,22.68847428349584,19.872528893700267,19.63116214600349,76.4328034373087,50.847928181451685,30.65357695748908,37.57275705812965,0.8005819309581614
0.625,145.67723153944522,50.67742618430365,153.9876776339773,51.32922587799243,83.26741086874326,115.53149570633852,167.02367150775316,111.78364746762796,0.0,96.79225451278572,0.8128980651751632
0.625,137.71120417012085,140.80149767183465,121.48716328612343,128.82661035269368,191.405053762398,289.1355857540966,188.89419029225547,142.53978776654864,23.177201262853448,227.3297157198208,0.6954838140618056
0.625,170.4689544397198,189.3865942665691,149.86974662826162,155.1246465801642,156.17562657054475,222.17716996644117,227.43206991834373,176.14424638777456,31.739595709491624,194.43129822039552,0.7758876996063889
0.625,311.7471865052981,313.7001837582678,284.6493496203426,233.3831717298864,203.84408827871871,172.59613223120255,247.2982771572959,262.6781305244328,150.13666382205037,205.7970855316885,0.7731224978831928
0.625,180.706167863958,339.0750455336211,259.51413551573967,218.1023053802492,300.42400407383013,251.73373106604143,348.86329629291885,262.52590498013893,86.08641052407995,168.9100707950607,0.746866289718287
0.625,418.1236778625823,429.3524409429908,410.4408399654606,374.0951068367697,332.4304859331484,392.1202265184782,528.6383460750245,386.5058449782739,251.76068801337107,182.61514693927617,0.766066759742033
0.625,297.7391323954377,465.7634734763844,325.29512433271293,454.6738669650419,500.0404390568976,335.37658479756976,380.4071082072635,481.2217128558316,119.29728216747225,525.9161875833635,0.7246799131188612
0.625,471.5726838896426,637.1910623807992,393.8932674291887,563.5421816800858,254.29016520544832,462.7787876865724,174.4122746942268,467.9085604716967,245.12985666058347,213.25198292445376,0.9046080528567414
0.625,533.9432883877953,811.4479564800865,642.9195741057899,682.2158555728735,433.8795613530567,713.0046946604854,409.9776994297791,649.4014349663398,484.5190993261026,369.0609527475581,0.6583114009953761
0.625,606.3978728005662,822.0249449278232,466.19766187197433,709.9500042766996,706.967021065453,620.88664839805,429.5495824195157,631.9663003255375,563.3576864668648,528.4141688494043,0.776341465374525
0.625,711.3591715185113,943.402024696464,796.0234557861428,994.4693707626544,528.5918277026722,852.914271140583,365.5346876316784,805.4305984825462,519.1846850062688,563.9806026081901,0.7272559392542147
0.625,657.5953055867737,1151.717975348103,746.9726957123,1039.6489162269768,544.1369606087741,993.339387664528,305.6428885121625,722.8917408598267,476.98814419322326,518.6667198994272,0.8304329400969626
0.625,615.2542492013214,947.212101746122,768.4655657604603,799.3005477094692,465.8973053858088,880.7241719185713,234.63494076824085,569.4835728707611,334.8486321025203,426.8717813565942,0.8279309788321849
0.625,851.9765874756349,1018.0916398183724,1004.843200060976,1120.5122702505512,611.9760057166493,1152.6142588934729,371.46586858237913,920.257007763754,762.2948414255682,447.89917487504977,0.7996387311804235
0.7000000000000001,53.935657192020464,22.34477226526562,66.52064387015858,62.28284223364268,47.51474562154185,0.0,126.62037616983852,67.03431679579687,11.429222595451956,50.21152848114287,0.7704524520487761
0.7000000000000001,100.29559220493915,63.95838866434922,38.424137527718415,63.59010619603241,50.08641569108344,42.35248385643086,92.43889954751428,78.93520904256532,0.7365649366335922,85.80981511781206,0.773823689251259
0.7000000000000001,38.60701232869321,76.14531843375478,85.63008616848563,56.240665018615374,60.38190163518797,41.81313099958814,124.9050398869486,81.75602610782092,59.31319541155635,83.09190888736045,0.84300839117218
0.7000000000000001,82.79694015298496,79.06874772583367,122.0983019892048,41.47614075205812,36.660558866987685,63.53461261270328,127.06922522540653,8.854457014484334,2.019437564706952,101.748584991004,0.7942752914371906
0.7000000000000001,199.79502258092003,213.1146907529813,232.1995884323528,140.94992140285797,220.867930435226,135.3834929130413,237.36841488718252,113.9129830237484,165.998849607033,217.0907111028504,0.8717930001868117
0.7000000000000001,197.41327304511225,194.1627800751049,160.79105224969624,88.8468078468672,193.51268148110336,226.0176111811768,252.23825447256928,167.29203818971092,144.53858739965955,100.5485825388936,0.8279783055038491
0.7000000000000001,292.5407356379498,141.72491415766808,101.165481487546,146.38691791285453,257.34260728629204,245.68759789832595,318.4148564792346,227.5057832530988,170.16313706430546,178.55474382364105,0.8401205465089783
0.7000000000000001,330.06690133716666,419.40831824045983,330.06690133716666,259.47615217900903,336.1332938429458,264.439564229192,402.03637606481954,258.9246619512109,227.76546408061796,325.9307246286809,0.7201082914806091
0.7000000000000001,416.465855622564,435.6017136503343,420.988876610946,569.2047951533121,368.4522482074312,338.53072474582683,437.3413371074042,260.59559386908967,284.9503222680701,316.9593938781585,0.855418467053237
0.7000000000000001,419.6928396754534,462.7382591293461,480.4424235821566,293.3337051495104,414.1385920039833,367.274627275955,540.4977265299262,332.5605793292674,297.1522504236461,346.09905802847555,0.7429115474876461
0.7000000000000001,549.6093450297471,558.6626218181575,367.4121496629881,444.7422222306601,394.5719800282192,615.6228216119061,500.5707624258575,317.2419074605472,384.3870436412576,395.70363962677055,0.7909549954879447
0.7000000000000001,639.349739077342,583.090176870662,778.793082546756,454.89874584258393,576.6605126184699,540.0917971841279,596.7532134065698,562.9974760825619,366.490862374944,434.0023370229599,0.8064031178156387
0.7000000000000001,885.6491172570628,622.5373429261213,660.6250706578882,457.0527327812029,839.243380020657,749.4964353653443,585.7629851161394,468.8730620772685,333.1581701594784,646.6157914921807,0.7914147153271924
0.7000000000000001,953.8987560371996,836.4305115993842,652.9158646664115,751.5137083913249,606.6833829198015,965.2209964649408,1079.3869207779985,741.1349879992287,489.6868984998088,560.4509011731914,0.8611658390359279
0.7000000000000001,1221.7468277298171,1181.2498386057553,1016.1062725673726,1164.4199210477036,1072.9072443257971,1080.796268181134,1237.5248754404906,555.9132143393958,569.587522355313,916.7045719901296,0.8573277901726684
0.7000000000000001,1245.9508144615768,1191.2078085537746,1121.136760991788,997.417567640155,1019.8622000623538,1128.2533517598022,1134.8225124687383,907.6390379513596,830.9988296804366,778.9929740680245,0.7679619241896103
0.7000000000000001,1422.2236469394024,1168.5965750652745,1164.0976469610769,940.275973777256,1075.806182916203,1164.0976469610769,1399.7290064184156,1326.059058712183,913.282405152072,931.840483581886,0.8236562398212448
0.7000000000000001,1441.986825702097,1496.5205631390795,1156.115233664022,1060.8247029846636,1182.52104337035,1355.8809244858094,1378.2684588020445,886.8907825277627,818.0060615547327,579.2056955148948,0.7732702025463734
0.7000000000000001,1315.9343814239844,1562.5206121972635,1287.4588216049572,1206.8790459468585,1334.716133645045,1440.1362912729332,1428.6248947503475,1255.9539469115653,860.9312872944208,1149.3220633339313,0.8459337956454407
0.7250000000000001,26.6473128773684,54.246315500357085,125.89495777777108,64.57894702423462,72.73628770098006,82.1172294792373,0.0,19.84952898008054,96.80044269737908,0.0,0.8020356857007725
0.7250000000000001,6.834081902299568,30.811284508672625,27.56799140249656,55.02015090834397,26.757168125952543,56.98929315137944,0.0,0.0,39.26701296406022,0.0,0.6749855313340757
0.7250000000000001,92.96703147206958,122.7525852446744,148.5667318475986,72.74895860824086,164.6328790340339,106.86695656595182,0.0,29.605035264892063,158.1342127563747,0.0,0.5876111218770907
0.7250000000000001,66.71553200507118,138.37295526977726,178.731733890129,118.8113023670558,142.4911979861397,119.01721450287393,0.0,69.59830190652488,121.48816013269136,51.68394609034836,0.7126861321557894
0.7250000000000001,80.2166099607879,237.67884432826045,328.179635053252,206.5977646853341,250.7054732962517,245.22057688867645,44.33624596123321,0.0,149.00635240579408,0.0,0.6735959713104622
0.7250000000000001,131.52702022291044,163.43450105476464,287.89803315459284,227.49303127444145,315.90841709095344,163.1909324987963,76.72409513003109,88.17181726054368,192.17559065903023,113.259378525284,0.7093027214920566
0.7250000000000001,250.9410655162052,216.87206573994223,278.6539086177922,366.6231169953068,318.824818801744,226.2791776184626,62.798827945798045,82.37579050379986,286.28129662740326,43.7303579217703,0.7076553032122223
0.7250000000000001,286.3888648411049,268.1587728286321,370.7765488343258,216.70286795471696,391.06487704175527,325.2013188031438,200.5310121372008,63.51128830151814,278.7439875455518,100.85357355287373,0.6613017649307141
0.7250000000000001,385.129184454318,444.8391355325068,347.6446040552328,398.0663405212589,501.5635890567862,451.8052964916288,40.47007795299465,68.99816569035154,304.52075049876305,124.3957314128934,0.6970407997558266
0.7250000000000001,422.7362551071813,499.8344091223236,502.06913822421177,410.81769989711097,579.5397470896687,391.8225025310615,297.21897055112834,115.08854874724142,318.0764421687514,207.08489677497164,0.6985305504869367
0.7250000000000001,595.0334193013199,715.4421223061607,591.3221921539104,750.0802423486492,671.3197551091814,624.7232364805957,445.3472576891375,271.3319403328264,423.9046119485494,215.6635331216842,0.6602958514466247
0.7250000000000001,501.3630758681825,979.4599853402984,792.8744548306654,725.3569523479621,776.9074778921882,866.3225487476602,466.69192594463215,281.4749934582972,508.6622653257721,243.6104481470514,0.6377398121811124
0.7250000000000001,708.077567049505,1103.9280587613175,1007.4395014065632,830.2964063655271,954.4944981401082,912.4353833957282,267.6938950201133,340.92623598679864,605.1564392044336,426.52890481947816,0.6936772724121366
0.7250000000000001,968.4953092107452,973.679973606948,1073.2255300140484,996.492496950242,1110.0366472270905,778.7365923097104,563.0545534276602,718.0760188741338,597.7918048822212,373.8143029662458,0.6921076263184149
0.7250000000000001,862.704376172798,1005.8629022375196,983.3435835307092,973.6924469420763,909.3515363511902,939.3772946269372,609.6301278486458,566.7361874547219,622.4983099668231,304.01080254193687,0.7118807359594138
0.75,0.0,23.060426388145206,17.679660230911328,26.274910066492723,41.64852765858953,13.836255832887124,0.0,0.0,16.49169887152203,0.0,0.7229381342830489
0.75,0.0,72.18115911364339,100.54201515983613,47.49053149695799,113.3322051414524,50.60466470987326,2.00194277973125,0.0,76.7411398896979,5.22729503596493,0.646684923867422
0.75,18.14953891967844,40.86651147477265,56.13135546682009,57.81409417460484,54.56881238101995,9.375258514800786,0.0,5.7693898552620215,70.91541697092902,9.375258514800786,0.7994628714863492
0.75,51.218431694188055,185.53825457091412,177.92748359627578,105.316614567969,192.12054298141223,112.72168902977934,69.5254213358858,47.104501437626766,181.6300208271809,29.20890482158516,0.6721010296906184
0.75,114.81174318514192,119.81391456872694,297.27189936733845,179.60177253443365,176.74338888667077,183.65114936876435,0.0,126.2452777761934,133.15303825828698,61.4552484269017,0.7468765154257375
0.75,130.8729979715659,100.3113185959083,265.196508130706,339.3825201635521,361.8108493827848,253.1197154741961,0.0,93.16382906450453,175.9761215662863,121.50732203386434,0.746614055601163
0.75,109.95706760575216,138.9976475377454,269.0597320194929,264.3437404066051,247.9618748039423,162.32939551729552,157.11698373463008,0.0,117.15516006752829,0.0,0.7845071188452574
0.75,93.05474721715082,306.0586772633457,309.8238982490108,132.8585119227529,246.89091891718047,239.3604769458504,49.75470588200261,80.14541812344204,244.4704197121101,0.0,0.7869996350364286
0.75,345.08762552154485,265.7817736936122,234.24315308250385,388.26185373675145,413.0640699454872,304.6691991073089,23.577415408304308,104.72046843688406,157.0807026553261,63.07724122221672,0.8176575841878275
0.75,261.1203524222421,271.8605211594038,527.6107892130651,373.8921241624393,465.51918870134944,446.052632865244,125.86135238861286,68.13294542636909,333.28086112504684,167.47950624511418,0.7769358346201123
0.75,434.9879421792197,570.4332894446055,547.3629280972046,450.9883540814494,450.9883540814494,459.9188165385077,27.163489973552643,102.3282156537942,315.17090421368613,109.026062496588,0.8799640978999367
0.75,623.0278545393592,711.538395205034,772.8481355685744,585.4648445983167,645.4793087569938,636.4123753229491,247.39775512893476,275.03031416602346,465.4359162809627,374.7665819405154,0.7443127844862479
0.75,714.3682378910823,841.41874534663,807.4455327303114,734.3798562815166,776.7300254333659,910.7613300018556,287.60884105321753,302.50120822749415,592.4369816516925,150.3198311653548,0.8359850344379479
0.75,1568.1659482038351,1459.5536763048926,1569.3863108094413,1519.9616252823944,1466.265670635726,1279.5501919779929,651.673631393656,868.2879938887382,911.6108663877546,749.3026398421438,0.6980231980787931
0.775,7.576698719049805,17.190144405586118,41.87551765152258,10.428144473530914,10.509614352230376,1.1405783017924438,0.0,0.0,22.485686521051036,0.0,0.794170412386412
0.775,0.0,0.0,27.800508043768588,26.92175635272992,19.092877650749116,4.952964076763369,0.0,0.0,23.646409140676727,5.831715767802031,0.8575612771594665
0.775,0.0,42.11512247870511,102.29738329886656,0.0,93.20151365109888,67.782919018981,0.0,0.0,35.012868096201586,0.0,0.6707376020304907
0.775,84.92286280860803,46.34115610114397,200.02136214819356,203.68554658409792,211.66053623871343,109.49445255526112,73.93030950089481,0.0,101.3039226397101,68.54180297750598,0.7658008913483078
0.775,104.4928201905532,162.05634281764998,273.9468847916052,249.67311018981732,205.05560068367407,163.67459445776916,0.0,55.02055576405235,192.5719451741832,38.375681751397856,0.8166201009526989
0.775,118.26858379613748,175.9836526886526,279.8234692616613,178.34902436457534,243.16020828485867,121.8166413100216,46.59782201567817,112.59169177392288,146.17996957202593,0.0,0.5921036160172103
0.775,159.65672776822598,227.117316966068,204.38059986605452,246.6059316232223,126.17628720337107,91.94628453631796,41.72562368903559,0.0,143.4162155539307,0.0,0.7807649968566576
0.775,278.42327472200407,258.8612929561655,276.2794958983506,286.7304176636616,346.2202800200475,288.87419648731515,91.11060000527564,42.6076041201142,136.93387236087017,0.0,0.7010994317369557
0.775,308.81801837287526,347.4574239440724,387.5829604987771,261.85627929403574,343.5934833869527,244.6171598853478,35.36991740748042,112.94595474657612,116.21544291029282,103.73194264882912,0.7785889906580162
0.775,423.0594301163167,420.6537306761752,430.62019978533294,459.8322644156228,426.49614360223313,516.5380369332445,92.44759277115288,69.42161241551257,338.17260701418,15.465210686624086,0.7848004992614096
0.775,769.3232521448376,704.3694249352405,805.5961686385086,860.4273214777787,929.1771515762484,763.8401368609105,268.6726489124241,220.1681675546081,638.1502634293525,368.21228022063775,0.7505763623034478
0.775,528.3734809037865,795.8057587076686,681.1301056040621,831.7230387363453,769.4087215781592,652.5693769065603,318.4953988085068,348.78708076040283,484.6669112303365,443.5567714384776,0.7800163289897128
0.775,664.7450415432767,708.3425654244649,762.722272631108,885.5454044254228,688.1845705116574,595.3640357968699,272.3673266125837,495.04285181220047,487.07341196295096,525.5142394710953,0.7432506499920859
0.8,0.0,0.0,1.8769122797381188,1.9786725840612696,1.2776571542795627,0.0,0.0,0.0,1.526404564847265,0.0,0.6996356406518467
0.8,0.0,33.18165715343382,21.35301085336713,32.18313506316844,40.32493056840915,34.564226201493554,0.0,0.0,34.333798026816936,0.0,0.6539480749407497
0.8,38.06645380394434,29.10964114419273,102.87162775391184,35.43209713931152,103.925370419765,57.82412878869053,0.0,20.02111065120948,115.38482191091778,0.0,0.716836795503978
0.8,54.04369388576296,50.45275077042987,130.3512350865911,150.10142222092304,67.50973056826204,130.71032939812437,49.5550149915966,35.729883997564215,112.03742519839231,44.34814747436363,0.818119397966457
0.8,106.3348127014979,147.80307299249597,273.82951767575275,113.97979923559252,240.23791017745825,87.33817949556581,0.0,59.0748959452766,220.3146119370904,70.19487635850516,0.5554853576353355
0.8,214.3289874545293,255.1653418771591,271.7473767033178,193.7870637146611,142.0610147793301,146.76338286436018,23.759333482257297,81.9202019023663,169.5327441181901,75.23788936048145,0.7661051061449736
0.8,125.3195904706389,234.8468748250591,337.75157919525856,345.9024468681456,226.4412925373943,312.02540310270865,26.999749166438463,100.3575582224222,82.272820573204,72.08423598209515,0.6122088176811413
0.8,286.6485889117643,195.67467055291328,281.5346704241365,280.4580560056886,252.19692752143015,321.1002503020984,123.8106581215132,0.0,133.2310342829327,39.56557987796184,0.6777810314497189
0.8,270.52869080382703,364.9394505614059,460.7937999177246,348.4825291357729,341.8420169815701,291.0276631059313,172.3645980895248,127.61332052859292,245.12151386600763,114.62101413993526,0.6758760200245967
0.8,228.47329788702515,479.8280770273099,532.762847090821,398.8891060269737,516.0286294578401,299.50834416580125,217.20331458318088,184.41790860836107,382.1548883939927,153.68159050696758,0.6726707476771713
0.8,341.2877292238966,459.9644558006728,488.71223428821474,391.4120609457647,371.8783140247426,474.33834504444377,180.96357996645057,245.8303621947506,391.7806222084256,169.1696195613051,0.7794283508112826
0.8,701.6571515738175,735.2292640893112,709.2108768898037,833.8473446035739,748.238457689065,702.0768029802612,253.46944949197717,300.4704070136683,524.1446066481448,164.50335132591894,0.8117501077791811
0.8250000000000001,0.0,0.0,0.0,0.0,0.0,0.0,0.0,0.0,3.3404107378847425,0.0,0.8039508754921074
0.8250000000000001,0.0,36.00564203712372,35.481288026874346,0.0,26.479877517593412,14.157558276733113,0.0,0.0,16.954112998063113,0.0,0.8185715067912563
0.8250000000000001,41.420238726754114,36.292018693917896,45.06916451934912,23.07699014776301,35.70030099782141,28.00797094856707,0.0,26.82453555637409,41.321619110738034,0.0,0.8427680870470821
0.8250000000000001,81.430550353563,67.26871550946508,149.12412090835102,93.89296501636916,113.43629710122428,55.79762928574577,0.0,0.0,51.26584213563444,0.0,0.8122422199502585
0.8250000000000001,173.7673053055299,141.25600302255978,195.29202957563425,246.63746559494564,171.07671477176686,87.6684082251125,0.0,57.17504884246467,162.78072729266415,40.58307388425924,0.8182860391249174
0.8250000000000001,222.25021132684293,251.48039785055468,296.5855994690409,213.68274286299635,280.7105843742665,207.63511806498704,0.0,85.67468463846552,199.5716183343079,47.8770296509072,0.7839049382953681
0.8250000000000001,264.95373415462063,238.8756107142052,231.5737361508889,231.83451738529303,225.05420529078503,201.323112960007,0.0,70.67171452352576,110.04968091855304,27.642810846840337,0.8528387046016991
0.8250000000000001,406.0182569683252,295.7079840596477,423.4931516865315,340.4874017750514,359.6005678730896,285.87835578065665,107.03373014901376,270.5878229022261,247.6520235845803,164.1001832131563,0.7683696742742165
0.8250000000000001,250.41523366876527,214.6416288589417,456.62243537742336,236.74564483899528,285.60715384753485,328.94265886106103,73.29226351280934,107.61165674499784,128.5523034629434,116.04608389528146,0.7290972393392984
0.8250000000000001,280.06968758350365,294.0295474007499,412.97918626020265,408.03506924159456,393.4935485986297,254.1857808390261,70.96262073766862,100.04566202359838,244.5883772146693,72.12594238910582,0.7751301451127306
0.8250000000000001,384.4339552425058,562.2526573865113,668.0799821442797,543.1749423791586,515.8182189723884,652.9617928931699,282.9261131279116,110.50676428787386,433.388091865147,170.2596075184506,0.8155591838046619
0.8500000000000001,0.0,0.7114457820995749,1.350295055821642,0.0,0.0,0.0,0.0,0.0,5.183390698154045,0.7404843854505778,0.8307699236379601
0.8500000000000001,30.570666294080045,51.5110128032118,69.87580867218296,46.69585291073765,69.53986728433593,0.0,0.0,15.901225691426252,34.04206063516606,30.7946272193114,0.7391886013261659
0.8500000000000001,0.0,0.0,34.07874854053878,0.0,18.334366714809867,15.403594340323531,7.429167181837455,0.0,40.41739576907899,0.0,0.6715215729350646
0.8500000000000001,0.0,67.66255367589797,101.42260677313548,69.94171337866506,128.91497068776349,69.65681841581916,0.0,0.0,40.312637242692894,0.0,0.7412353334819605
0.8500000000000001,153.44262005176094,118.7800425724423,247.0536573207489,174.4167911379729,195.83252372073665,136.00094093796366,0.0,42.6106844172516,100.0136789689895,0.0,0.7179860514024936
0.8500000000000001,128.9081170108274,209.4120003614627,232.3403215689221,224.95230695762965,241.25689092737852,109.80118267127789,34.902000060243786,58.84935776581251,212.2143507312633,0.0,0.7669067285683617
0.8500000000000001,29.672946272344078,91.85712063438687,255.18733794215905,278.6676693402748,155.84747433474627,209.77482886448465,62.44219998180231,119.98191318817386,237.6415957985121,18.8358702424445,0.6939292630600354
0.8500000000000001,187.61622530525136,185.45971696840937,394.3714620999752,295.71120568945514,321.3197421894535,279.2678296210351,118.33839498420308,0.0,164.70332422630543,0.0,0.7702877045398445
0.8500000000000001,236.3025966891032,373.4552525666964,379.7414159610861,240.874351885023,324.8803536100488,304.3074552284098,110.86506350105448,79.71998122885104,238.30273958731811,44.28887846047279,0.8082784800995814
0.8500000000000001,376.0314324295994,369.8314088116341,257.9209825073592,294.8111230342531,491.0418705428569,382.8514584093613,148.80056683116877,143.84054793679647,283.3410793410172,78.74029994816014,0.8081029387883395
0.8500000000000001,331.98609964664774,401.8779100985736,535.1519996368047,445.0463812600572,525.5590060453638,241.19526744194016,121.62545446291016,145.9505453554922,348.08862460370915,0.0,0.7629871175147199
0.8500000000000001,310.9064289566118,458.4167784615736,735.6605891978223,563.943413107431,464.8467167733284,403.5731869789596,191.385222691053,61.27352979436874,499.26579832448607,99.09669633410256,0.8109797711512089
0.875,0.0,0.0,0.0,1.18700379506831,0.0,1.6134032165977028,0.0,0.0,2.915650098565849,0.0,0.7591780414892381
0.875,0.0,0.0,0.0,0.0,0.0,0.0,0.0,0.0,0.0,0.0,0.6442061519066969
0.875,4.221473162786317,0.0,9.136024009015165,0.0,25.39184603884904,8.631967511966051,0.0,0.0,0.0,0.0,0.7660071097819021
0.875,0.0,44.19215857115728,111.2072411412346,85.18620040361237,58.1475770673122,32.27190527235827,0.0,0.0,69.19561671010152,0.0,0.7041330582807395
0.875,91.80654595402606,56.40930376400544,101.18115804088085,58.51050992140393,102.7974704696489,125.5874757152786,0.0,26.184261346042643,77.58299658086709,0.0,0.8168146734416963
0.875,175.3448226811925,346.9214901471732,294.66973782956853,278.08985488263625,217.2969507438847,251.96397872383395,84.15546647306518,4.270575910573457,169.5669846845343,86.16514925451152,0.6792198263610595
0.875,241.369937639809,229.6993032923897,376.6431993939877,143.49575413531502,269.22031505978697,214.0500435992592,0.0,129.437944580469,214.0500435992592,88.59072436450133,0.814675796299871
0.875,217.25050700730745,290.5061477227701,467.49401250478513,379.978686001198,383.0543045045189,271.7728350207244,73.25564071546275,173.912246278694,403.4652272992852,0.0,0.7619973069064581
0.875,226.8481102728423,271.7600312221944,332.4054276633578,409.64248916861305,391.90657134148034,249.16103915213824,85.81895722806138,164.20027149635746,261.17569316406684,1.7163791445612278,0.769470459507851
0.875,229.97993415353972,419.41158920329246,346.6723098949724,328.7196367039828,380.1014254919876,419.41158920329246,91.31101019555076,130.00211621061464,238.95627074903456,131.5497604512172,0.7815970529331728
0.875,380.26887933552416,401.0044282087181,574.6207187741054,650.1824646679479,469.1857245036273,588.3272680292675,288.8918843011099,194.7032894194828,302.598433556272,122.30459335375454,0.7742302828570464
0.875,522.5731432329422,491.3633852248568,774.5348481274854,741.0414492895401,553.0216876310743,470.0494041461644,263.3799090438427,203.62464066250843,350.1582605785192,22.075194688645773,0.806100404412528
0.9,0.0,0.0,0.0,0.0,0.0,0.0,0.0,0.0,0.0,0.0,0.9328934958558044
0.9,0.0,0.0,0.0,0.5292680830716677,1.9154463958784167,0.0,0.0,0.0,3.2134133615065537,0.0,0.8541271437405197
0.9,10.4143589505883,29.126337227661583,23.030127110244045,20.574709146284203,38.524661158680296,0.0,0.0,0.0,19.55867412671461,0.0,0.7746506730522527
0.9,42.154912401411565,37.911129273752685,61.11047703828791,122.92825126451896,90.25112118154556,92.51447218296364,0.0,16.40929476028101,102.9824705645222,12.448430507799388,0.8533005657215675
0.9,107.99765912239388,88.61863991538488,209.1319156089721,133.0288922647805,124.55057136171408,176.0260911303317,108.60325347261292,0.0,241.8340105207997,33.711418828859394,0.8166769104385385
0.9,125.43491034045924,120.18763321466317,312.83766483317726,237.62669269676644,397.2938395245622,183.90456974218728,109.44320862374732,49.72419752540117,186.40327313542352,3.498184750530736,0.8756096508104042
0.9,153.94872772096016,217.0787815345913,444.6792387047878,381.8260710920936,331.70966872250045,300.6984142175588,0.0,55.93101258926969,186.8981856324606,34.61077511712234,0.7901426198404511
0.9,167.36920719812866,113.61154793250456,345.5453665166663,375.1952095136858,260.47525623549825,175.9593486271717,2.4939120277866853,0.0,229.99410922921652,38.79418709890399,0.2
0.9,373.8936715635517,207.98019338743592,404.4876462626936,272.9923896231125,381.8363380719828,306.82226549235594,67.65975173848693,100.90128194043922,153.5582191630008,0.0,0.7462075837299877
0.9,275.99088835874613,348.5388288109893,349.15625809143387,263.3335881096314,437.1399305547925,359.9612704992148,178.43706204849585,61.74292804446223,265.1858759509652,0.0,0.9216214609656732
0.9,408.09202184074746,304.08798714832403,413.0445949213391,363.8490356541293,395.8756749086216,366.8205795024842,154.5202801144578,63.06276389286633,354.9344041090644,45.56367234144268,0.8029645207942347
0.9,510.3954774148268,624.1085874565125,681.5280786656805,607.2205018067572,629.7379493397642,435.7126097636867,290.4750731757912,195.90179353716147,359.52857894367946,156.4962603543991,0.7992385286417918
0.925,0.0,0.0,0.0,0.0,0.736123930434717,0.0,0.0,0.0,5.520929478260377,0.0,0.9222610324862429
0.925,1.286280623041278,0.0,5.715454466532472,0.0,3.955919651994874,0.0,0.0,0.0,6.989600366714869,0.0,0.8354936323854438
0.925,0.0,25.22096021500318,74.46662956761807,16.249077134567266,34.99034401370006,0.0,0.0,0.0,61.208180126529456,0.0,0.8937794547373227
0.925,25.25363058926289,76.52154329156166,148.0227865262217,94.77717986211314,59.17868854953774,41.68370350275924,0.0,27.38345485582723,110.75086186134568,0.0,0.8558961911295351
0.925,143.78061915925326,109.3410205910028,185.55980430762267,141.3340902992136,137.00561616222038,185.9361933630134,62.10419413946804,59.28127622403767,86.00489915677846,0.0,0.8011022025584686
0.925,327.97659908351926,280.8681589977653,256.42269819650926,211.3513798441933,242.1628460624432,328.74051973355853,30.55682600157012,78.68382695404304,142.3438811239808,71.29926067033027,0.8768566190245626
0.925,276.03496278559,298.25105636994334,465.427160592202,310.74760901114206,370.4533605190916,245.4878341071042,39.15586494242273,128.020239279836,245.2101329372998,102.74943282763412,0.786039425613288
0.925,248.05472036585337,310.8533837496137,334.545606753487,433.8816742877988,340.5400246219368,347.96168484001754,0.0,99.9069644741642,238.064023918437,44.529961308484616,0.871715360556165
0.925,171.06158256721272,286.4076848968649,397.537480613945,414.1015423061927,356.27790876234616,331.28123384495416,86.73545031576982,117.4542556359383,264.4226575598816,62.94343443054129,0.7682652868439879
0.925,223.1417330202999,250.99532942816344,291.0544343743042,491.3499591050082,493.22772964935854,407.16324636663416,217.8213831446406,147.40498773150247,336.4338891961044,90.75890964360023,0.6706536051478579
0.925,303.139497620159,509.24682914623753,439.3974329863144,498.58017258979606,342.365266892234,365.4190084819623,254.96750026848784,208.17184569829303,209.54818847976932,244.64492940741545,0.826121487459213
0.925,372.3761685470734,541.6037997997414,524.6433467788727,531.0506290312009,698.3937655037723,550.6493747442047,95.7323348289035,191.8415686138263,396.1208027762897,160.55895526422398,0.8595226246580455
0.9500000000000001,0.0,1.0870390963367162,0.0,0.5929304161836633,2.7917140428647484,0.0,0.0,0.0,3.6811096671402432,0.0,0.756999965802185
0.9500000000000001,0.0,3.2389720707555174,4.145400821899786,0.0,1.2327431015562045,2.042486119245084,0.0,0.0,0.0,0.0,0.5996263281319643
0.9500000000000001,0.0,0.0,54.96878169295314,0.0,72.23866712905337,30.53821205164063,0.0,0.0,6.423554948793374,0.0,0.6503134556817807
0.9500000000000001,32.034806609218386,12.596210365760626,81.48659545257493,60.803929049535874,76.97684112409273,32.19031537916605,9.952561276650371,47.27466606408928,51.00687654283316,0.0,0.6926939002122696
0.9500000000000001,9.26299994789722,91.16742053983052,119.76896423860089,155.03336754901665,164.94640258097684,109.20589412257776,0.0,64.6784908642648,125.61927999516756,32.17673666111666,0.6495813437221375
0.9500000000000001,188.07267800112984,251.5219282407583,300.0568128862112,243.68556665737788,205.26211631306103,209.30669003351545,87.96947841988332,82.9137612693153,178.21402955752222,0.0,0.6749216206625076
0.9500000000000001,365.3830326787241,328.6219348787304,327.78645538327606,315.811249281763,308.5704269878249,186.3119274863311,66.28137330604903,91.62425133483248,165.14644693481964,0.0,0.7543689764892827
0.9500000000000001,247.97864097527156,267.25613249985093,263.7511340408365,335.31151924571463,264.91946686050795,268.71654852444027,103.39745454092592,0.0,283.3207087703338,0.0,0.728255502157546
0.9500000000000001,389.2911306576759,328.12591209280373,574.0610617390605,323.34737939242314,440.58071497509474,345.6471986608661,153.23161525887244,216.9453845972809,271.4206573816202,140.1702925444987,0.7667007536039919
0.9500000000000001,334.7960653241888,406.5606610074663,391.06962493486446,405.2960866341927,220.0359409496085,273.1480646271002,156.80722228592788,106.2242473549834,237.73998217543905,142.26461699328135,0.7121218922267993
0.9500000000000001,427.51100715605526,467.2464700618463,616.6092368773643,515.1418941000766,515.8514559376799,419.351046023616,199.3868763665585,196.5486290161449,390.2590106818761,231.3171590587121,0.6833471775309519
0.9500000000000001,376.6116486265729,595.3841072829447,568.2210838927241,542.5263320371099,590.6122247954735,445.6204107530795,183.1668739421636,246.6696178138957,472.0492983759968,102.41193953880492,0.6767435008733523
0.9750000000000001,0.0,0.0,1.0962615084786982,0.0,3.877303861566764,0.0,0.0,0.0,3.8426850770884897,0.0,0.6639971565357352
0.9750000000000001,0.0,0.0,0.7672003489835542,0.0,0.0,0.0,0.0,0.0,0.1743637156780804,0.0,0.6578361677965343
0.9750000000000001,63.34753584635698,11.56903772695161,94.24533172687408,1.128686607507474,78.58480504770789,54.7413004641125,15.801612505104636,1.5519440853227768,137.41759446403495,0.0,0.7410251383843576
0.9750000000000001,19.23805707737163,32.53264936661219,122.31024906101314,76.79582134137782,109.32847070799,28.15325425956824,0.0,0.0,70.3831356489206,0.0,0.6801452528853709
0.9750000000000001,21.865060573847884,90.8477868913398,101.0104206791846,107.93948917089692,137.04157683608884,50.19725173996064,16.62976438010966,38.18686635432588,104.24398597531705,0.0,0.7677923478743813
0.9750000000000001,183.700834431421,284.673810091685,308.16752225026136,252.1825060425902,361.403274269163,235.68692090997283,91.97538376974548,0.0,260.4302986088989,51.48622026241188,0.7568352182932528
0.9750000000000001,240.27826960577625,209.4874616013747,294.9869373993111,241.65285924882983,362.3418299089394,299.3856242570827,0.0,34.91457693356245,224.333029746354,0.0,0.6923734947121396
0.9750000000000001,222.387711411114,212.89379876355025,410.2521041038144,229.8677638001036,359.042514671501,271.8711349075068,28.76943226534463,79.69132737500463,319.05300382267194,21.57707419900847,0.7326911868118273
0.9750000000000001,338.084650729772,251.54216706200927,403.0663772207911,430.9156885740849,325.50754237667155,279.99038833687933,172.18660245316113,29.047131196446312,205.4261031006409,112.89452021711608,0.7103463929033211
0.9750000000000001,215.0673809355781,286.3468557599411,443.6532829585354,226.12798909797925,443.6532829585354,224.591793519868,41.170041493382094,88.17762618358701,242.10442311033648,0.0,0.7206441672448837
0.9750000000000001,372.68351600176106,424.2705865397156,510.5797237859087,385.5802836362497,520.5003142739769,385.910969985852,150.79297541863625,151.12366176823852,417.9875458972724,0.0,0.7774581978423989
0.9750000000000001,460.092511589103,586.1004843763317,553.41830123267,581.7428599571768,620.2352089930449,558.8653317566136,150.33804246084344,395.0912806700427,316.2909057569919,259.6417883079784,0.7092561377136692
1.0,0.0,0.0,1.850724137127152,0.0,0.0,0.0,0.0,0.4827976009896917,0.7063150088552897,0.0,0.6593657632027403
1.0,0.0,0.0,2.0441381666387937,0.0,1.0220690833193968,0.0,0.0,0.0,3.753780996918512,0.0,0.7513962781190606
1.0,0.0,0.0,0.6564792030257128,0.0,0.957687307943393,0.0,0.0,0.0,1.0812598638070563,0.0,0.6842951858258842
1.0,0.0,28.87828062797014,41.11484021609308,45.22632423770239,23.004732025671128,0.0,0.0,0.0,9.98503262390832,0.0,0.7677838264515061
1.0,75.34369396431599,24.32355474438548,118.7998009161754,80.97963957581993,109.30768199153717,44.197678742846776,0.0,6.822460477083731,118.7998009161754,0.0,0.7193182338454096
1.0,102.5782614922024,155.86262158082928,251.6336300220617,202.5744614823128,298.11073705971864,221.1183577246102,88.25955679878284,144.36071125332833,156.80155303613546,29.341607978318763,0.7245823428269337
1.0,158.0137687473387,142.10453264479096,341.10480796140524,289.3323786107414,226.23473033961972,282.59117687237364,140.21699615804798,29.661287648817844,295.26463614050493,31.5488241355608,0.680413349958925
1.0,151.57048474599412,265.75551531945814,396.74950978444735,399.0679875625887,269.23323198667026,274.15999726522074,48.97784306323711,42.891838895615926,138.23923752168108,0.0,0.7223461794406095
1.0,169.96224760742342,355.09969589408115,390.0026574563199,495.3185501702055,471.6452371106,357.8312320163433,188.4759924360892,138.39783019461623,242.4997068541631,61.611314757691,0.7588320717204813
1.0,403.4637286711464,324.9329635160848,562.7508272245303,356.40885724220254,502.02460801555566,319.2100737476997,79.4845801164591,133.21615627518543,351.9577207556809,79.4845801164591,0.7386448209277179
1.0,449.2614770254505,426.3162202417672,443.27575786448966,440.9479781907827,566.6480805709606,358.4780697508776,259.04862368825013,78.8119689526512,580.2822186598158,52.20877268171408,0.6836524270718239
1.0,197.97421032245904,384.1394326607714,374.41438373265055,430.3334150693452,340.3767124842278,376.8456459646808,114.96397125742796,243.47354637902416,301.823839947749,28.48050043235376,0.6528426139913172
1.0,575.1835273901568,554.2677627577874,641.4167820593264,783.5665157645032,756.4534875373577,650.325348476817,196.37579015946767,122.00862702215446,368.3498549145044,366.8005390158104,0.6228825085061392
1.0,447.3448816884912,472.06006852210953,670.6054027521766,577.5115323455476,658.6597291159277,615.8200719376559,177.12550564093115,180.0089441048533,402.445625607418,261.1571408752334,0.6944129552537467
