frequency,853.5977110217439,853.691075392632,853.784417334663,853.8777368441293,853.9710339173238,854.0643085505391,854.1575607400678,854.2507904822025,854.3439977732362,854.4371826094614,Max_Oxygen_LifeTime
0.2,0.0,0.0,0.0,0.0,21.57023334928448,0.0,0.0,0.0,0.0,17.705047026580402,0.45973694591830416
0.2,9.666387537406372,0.0,0.0,93.67608286250172,24.07809259317585,59.052840228518846,0.0,19.15702257413268,0.0,56.24080021763702,0.971616363897645
0.2,60.01337493719682,68.52591038928146,58.52368123308204,155.56658538684712,0.0,0.0,0.0,147.90530347997097,0.0,54.054600120737526,0.9117780783164717
0.2,93.7094836146172,5.941235272396488,0.0,217.93531203745303,149.34105025614804,0.0,0.0,126.92638991028868,0.0,57.79201583149307,0.9391676774955388
0.2,51.00848522565353,114.6376265896131,91.76268733893352,190.3615634194493,124.628979365772,0.0,0.0,48.642112199721154,0.0,46.53866951000343,0.8415457954533347
0.2,110.08726680511364,0.0,105.22627060852416,207.3071907369024,180.14280022654953,72.91494294884134,0.0,77.48999819269035,0.0,0.0,0.8653322467273351
0.2,182.4686849191482,100.7050354484573,84.2891676010598,157.52919338175613,88.70882432920538,76.71261320995328,0.0,78.60675180772995,0.0,14.20603948332461,0.7316352996703497
0.2,124.83680929118604,0.0,126.22774867047504,157.1761498596548,98.75669592951766,131.0960364979864,0.0,221.159361306948,0.0,50.07381765440323,0.6677301296999959
0.2,285.9045647568432,101.5865479082189,229.3393278534033,235.11129080273395,129.67676759496118,134.29433795442557,0.0,154.30380951210518,0.0,0.0,0.7000370427067865
0.2,199.48284702837807,141.5821054120904,72.27026873273878,316.5522297124052,223.15030345547396,225.26346920789308,0.0,2.535798902903185,0.0,22.822190126128135,0.6751327152436368
0.2,340.19233740617886,97.52485581092324,42.12341189955386,196.88116431313176,402.00386573704606,173.53014249924874,48.07563314622996,255.48765043425036,0.0,3.66290538257,0.5234310677705861
0.2,317.78776495469464,161.72667454744575,456.337049837698,522.7789002091009,321.39313668027467,305.9415435706462,0.0,150.9105593707059,47.384885536194425,185.41911731554328,0.6944522570889506
0.2,558.9112111520925,0.0,333.2397201412775,296.64434322060475,562.2380635994266,203.4924746952557,0.0,51.56621293367514,123.0935405513538,33.82299988122793,0.6630253734709786
0.2,324.35318829455093,374.3928065630413,277.32800486151206,557.6704445584753,487.7355563760072,455.179660153134,265.27026551970744,139.86977636493674,179.66031619289285,320.13297952491934,0.79822163316433
0.2,399.08081664742974,544.5585527652124,630.403523177057,741.8053931771606,694.6234247065283,304.0615745885178,30.79934052944068,363.0390351768084,0.0,418.08466505921245,0.7036243975064377
0.2,433.1810468550569,709.2421885796355,598.3772087913073,661.5188529091636,774.5864481899748,677.6713665207076,44.052309849667154,257.7060126205511,43.31810468550579,529.3619233601628,0.7339582087744879
0.2,1051.301803035219,445.4392612395544,923.45177741436,1223.125722818667,1005.699246125868,309.4459218848822,240.22775514747457,868.891575397815,99.3484275525152,521.1720789640128,0.7500676178642665
0.2,927.4658951759452,992.2152349571568,937.4974830293723,1456.4041638111944,782.4638525673167,914.6984197261288,507.9631303962652,792.4954404207439,0.0,665.7326484547102,0.6612667032813783
0.2,1352.0678072666344,1762.2696242860627,1094.2266651401371,1223.147236203386,892.854864057872,1087.833909550223,239.7283346217442,1218.8853991434437,131.05148959321997,1368.0496962414177,0.5525249130712094
0.2,1752.851113081922,1579.4922117881058,1059.4155079066566,1983.9963148070112,1680.3349713642474,1054.8832490493016,287.79843744202253,1385.7381456361936,219.81455458170183,1168.189720483169,0.5601010204217014
0.225,73.14624988507214,88.55627443951163,4.109339881183822,73.76265086724979,6.985877798012459,0.0,0.0,28.559912174227623,0.0,39.03872887124638,0.8247662403650454
0.225,0.0,34.0522282866878,0.0,119.30707720883328,0.0,0.0,0.0,14.416271829400634,0.0,99.91967716239792,0.7810588398643363
0.225,16.28870948036725,43.165080122973286,0.0,124.06567054213092,115.64983731060768,110.76322446649752,0.0,162.0726593296545,0.0,35.02072538278975,0.8336496532846075
0.225,93.7094836146172,5.941235272396488,0.0,217.93531203745303,149.34105025614804,0.0,0.0,126.92638991028868,0.0,57.79201583149307,0.8326921862102807
0.225,161.23623567881123,16.61594795163312,192.31421240316232,164.6209658171069,221.238269948598,0.0,0.0,52.92487125335025,0.0,212.3148904930912,0.6972630871582721
0.225,18.768756872283213,24.366456290332703,12.841781017878173,81.9898326526064,101.74641883395728,207.44415490418487,0.0,72.11153956193105,0.0,3.951317236270096,0.8245197440059927
0.225,103.99600245395084,44.0249743721724,109.88910925967478,310.60139399580004,110.9290692842142,3.4665334151315794,0.0,146.28771011855767,0.0,103.99600245395084,0.8684417707442
0.225,39.82826298707629,244.18075251889852,212.9137049402591,128.41823112655493,201.37467547671363,113.52916085101214,0.0,118.36810869056374,0.0,217.38042602292188,0.7852449718092277
0.225,83.14784230283917,235.65315306316867,109.91739153204594,371.5288953629303,284.3250607526353,62.4622815348158,0.0,156.5613030677852,2.433595384473412,57.59509076586923,0.7001181046785798
0.225,282.0254438093435,0.0,131.43365864732445,214.30369426902743,259.748552513187,291.38173815372943,0.0,137.2256503843252,0.0,64.60298475885442,0.8729390368811302
0.225,131.84590333681524,182.7755483080762,147.07719902915505,442.18355306823673,196.10293203887352,151.83697893301135,0.0,144.6973090772271,0.0,178.01576840422018,0.9409197834843136
0.225,476.5326583851032,430.5514369619792,78.89959585104245,451.9745060341165,435.7765757600616,295.7428559714566,0.0,115.9980813174265,0.0,351.651841110937,0.8786739544765398
0.225,386.74223010062497,369.9029457711346,220.5946247163218,578.7100714568134,375.5160405476315,340.153543455702,0.0,353.6249709192942,40.9755918684261,197.01962665503555,0.7488796733202973
0.25,0.0,0.0,0.0,101.83168924592668,20.462254667941284,0.0,0.0,3.996534114832249,0.0,11.03043415693707,0.8907084191471129
0.25,35.87680621760453,20.16858295476144,55.85146049010871,23.465370553135944,61.47539227557101,8.145004654807506,0.0,7.563218608035585,0.0,13.962865122527209,0.9102083319707164
0.25,0.0,0.0,48.61598534606532,173.45994771532995,113.043965926045,69.85597894386068,0.0,64.89998043770848,0.0,0.0,0.9443221441693939
0.25,81.39528909693203,26.25654486997805,0.0,215.0411024851208,0.0,44.89869172766248,0.0,15.491361473287125,0.0,0.0,0.843301338754155
0.25,93.79782114723292,86.44689472503588,0.0,197.5929022286536,272.86638879195027,114.3804151293842,0.0,23.81700160791811,0.0,69.68678248242702,0.8709211639441403
0.25,37.131944427636896,26.611226839806505,105.51660874853516,117.89392355774746,156.26359946630564,34.965914336024774,0.0,184.731423527494,0.0,72.7167245041225,0.8162583665516217
0.25,131.34740786521564,72.60409479986804,72.60409479986804,284.8060627831187,207.2516887923505,44.22249410537398,0.0,0.0,0.0,0.0,0.8839646218926953
0.25,115.8194424529488,67.01502330610866,84.86141538219215,75.02768913618712,323.7845419517974,108.17098870605606,0.0,254.58424614657645,0.0,109.99204912198286,0.8620823431292292
0.25,254.4752368703405,56.20311979958432,56.59341924263711,254.4752368703405,359.85608649456134,95.62336354790396,0.0,62.838210331479765,0.0,71.03449863558593,0.920458161603352
0.25,220.54484591395024,212.0948518176304,96.32993269804736,285.1873007507979,326.16977211794944,0.0,0.0,206.6023556550224,21.124985240799912,128.0174105592471,0.8298172285604452
0.25,43.56556089847469,192.04410518511352,109.80299532574774,77.35109792178184,30.673711244844437,104.02389030860311,0.0,91.13204065497284,0.0,0.0,0.8914172453042928
0.25,0.0,409.29937306064943,403.5480938138957,342.2011151818547,445.244868352861,353.2244004047994,0.0,223.82061735283756,0.0,90.58264813637328,0.8738477512417712
0.25,267.4959452454657,116.41506321127608,243.6955323222714,402.0200182896069,168.67249158611563,195.5773061949437,0.0,206.9601123756021,0.0,84.33624579305781,0.9391192474088602
0.25,397.6122695013485,181.0311708458684,111.57208112555048,590.1288016395533,455.58599792933074,76.56907528224025,21.32995668576708,259.7879339933159,0.0,162.9827459579117,0.9311141893419929
0.25,428.49342375760136,326.21180141998207,346.1839525273279,512.6185450885433,141.62070785208857,606.4271336230463,0.0,469.6481593727387,0.0,449.6760082653926,0.8825515117549522
0.25,497.6225874372533,566.0616836529169,638.3384861984308,673.5174608887249,277.5940911925038,505.9376178185957,0.0,234.1000861208672,0.0,434.9400507163656,0.9153880401320287
0.25,574.8446729798856,333.7591150362188,500.3028987967466,507.0183739483805,383.45363115831145,436.5058848562215,5.372380121307496,151.09819091176894,0.0,250.4872231559551,0.8366406301068983
0.25,579.5753527453958,604.3133251186748,673.5796477638563,921.6661707073124,830.4890725315123,352.69280612189294,0.0,459.4194869323262,0.0,168.21821213829773,0.7023520808996986
0.25,823.7478540748367,791.2811650508056,1158.2302549503206,915.86264618953,828.2780897526086,696.1462158175982,311.83122248662494,568.5445775603594,176.67919143310004,547.4034777307578,0.755610973873429
0.275,0.0,8.804360205836831,0.0,77.0381518010729,15.06900112152849,3.047663148174292,0.0,44.699059506556566,0.0,86.35045586493884,0.7349682530279553
0.275,0.0,0.0,60.64020423001225,67.21812468886108,30.628442136514703,54.2678437855025,0.0,0.0,0.0,52.21224364211219,0.7725901930008846
0.275,29.073137834720505,80.83750519897927,48.45522972453437,56.96444079811124,145.12932219933717,47.03702787893821,0.0,0.0,0.0,48.92796367306643,0.7802447031227839
0.275,0.0,102.35205158185477,47.9775241789945,128.7396898803019,36.78276853722914,17.325217064636803,0.0,36.78276853722914,0.0,93.02308854705043,0.7744336608163489
0.275,0.0,0.0,37.18550283601544,152.04072530532136,72.87159023509481,39.28468444772595,0.0,0.0,0.0,113.95557320714433,0.8173128926325012
0.275,37.27214926587877,159.0492576431902,165.15417864363596,217.52797459482787,104.7475919023838,50.124614529974906,0.0,38.23608416068611,0.0,203.390262804322,0.7840962965634557
0.275,1.3848911767466603,197.34699268642436,0.0,166.5331640038073,113.21485369905383,11.079129413974584,0.0,96.59615957809196,0.0,236.47016842952252,0.80167380927598
0.275,19.484362304202325,65.30869587149333,14.793682490227868,206.75073333903697,218.6578436360496,74.69005549944269,0.0,71.44266178207565,0.0,193.03951542126492,0.7916037598162216
0.275,0.0,23.71012628473835,42.4487744775154,271.9016094911128,179.73805409398446,0.0,0.0,52.391730661438,0.0,0.0,0.766825166377979
0.275,120.36887961348984,219.69424880504084,278.6160779864696,309.760473410939,146.46283253669392,152.77588566327557,0.0,205.8055319265613,0.0,239.47514860166348,0.8298172285604452
0.275,304.2605753127363,109.00846511204512,168.9850101736924,352.41692536223445,249.5374502564889,20.13811002069886,70.4833850724471,189.12312019439156,0.0,304.2605753127366,0.8419934897076728
0.275,269.39896647493606,289.3372720832358,247.60593476353856,379.7551696092472,333.3870170318056,103.8646617734691,0.0,217.46663558820137,0.0,102.00993567037166,0.7573560230931569
0.275,244.00973240328025,75.91413896990942,192.25009219652372,231.19305959017865,510.2021677523132,107.4628720483133,0.0,174.01098088557174,0.0,0.0,0.8159663184531726
0.275,89.10486695341758,354.3351434404917,48.460541676420135,376.2205493588753,258.977303367536,196.9686532654497,58.88216354231726,245.4291949418701,0.0,101.61081319249412,0.8465959102028908
0.275,509.69746185315046,123.18630452770157,328.8735286014787,337.3496504726505,549.8177720433653,259.36932925786687,0.0,338.4798000554735,110.1895843252378,173.47796096332303,0.8661823154686811
0.275,435.97714383325706,400.6922995449687,285.2689953476869,318.75969501114673,586.0872441105515,369.59379271461273,0.0,255.3665849338831,0.0,61.00091724415931,0.8753687785904483
0.275,110.56252794676932,219.87576179244556,82.45341067216708,792.6771071437881,338.55870139632225,451.6198175452785,0.0,267.34893763399646,0.0,189.26805631565637,0.8164756490907241
0.275,563.2209569858863,238.56383592284345,73.60647279162116,581.6225751837918,356.85995290937745,654.5718473254877,0.0,189.93098782837936,0.0,335.82953211177124,0.8361569321063043
0.275,564.5178967066853,369.4897288746016,683.662377418649,773.020737952622,749.6173578127721,534.0225831911231,180.1351077430883,795.7149247549007,92.90432722182908,462.3940560964308,0.7819711433974208
0.275,770.3830408220869,299.14202448029266,664.0214321179832,1247.5330354252203,1054.752619649032,336.0731386136618,0.0,704.6456576646897,129.25889946679337,411.4126114457359,0.8320106428086772
0.275,539.0199280904866,693.2481734111751,940.1691520306614,380.1180995782625,870.0654041576211,439.31682000438514,0.0,380.1180995782625,0.0,711.9425061773194,0.8289673586522995
0.275,1150.5277397555828,449.640876385044,1083.8540474163904,664.2976419648842,1245.659715410285,704.1392386065969,34.1499399786109,459.3980020932189,119.52478992513842,380.52790261880784,0.8365105221819555
0.275,1056.9038625337869,815.7656026353014,460.0439142744156,819.1860034849254,1002.1774489398044,513.0601274435854,108.59772697555915,852.5349117687584,0.0,411.3032021672748,0.773445122916722
0.30000000000000004,31.71075271184001,0.0,0.0,0.0,0.0,0.0,0.0,31.134193571624724,0.0,0.0,0.7407217240849905
0.30000000000000004,0.0,38.5936362347848,0.0,89.98813201279052,20.634221353251323,20.44316374812856,0.0,32.28873526573591,0.0,60.37420321877247,0.867026873689901
0.30000000000000004,51.01129931802447,1.7977550420448267,19.550586082238528,181.34853986628096,37.97757526319888,1.7977550420448267,0.0,24.044973687350804,0.0,62.69670709131648,0.8479892845776956
0.30000000000000004,56.4810865251516,0.0,0.0,30.53031704062264,95.15282144327368,0.0,0.0,0.0,0.0,0.0,0.8758760872989872
0.30000000000000004,146.80779013768353,62.62223643699982,0.0,135.87843755198088,10.043188862537631,49.92055640496674,0.0,0.0,0.0,0.0,0.797632544766235
0.30000000000000004,219.53415766475072,47.66842123592063,153.05778791397708,162.13748719700945,334.00322362583955,28.211922772279543,0.0,71.98904431547224,0.0,117.38754073063498,0.7840962965634557
0.30000000000000004,0.0,0.0,0.0,0.0,134.64782649958843,0.0,0.0,51.29441009508132,0.0,0.0,0.8105519957228438
0.30000000000000004,0.0,29.034437956777143,177.88187305164718,167.22366164979235,202.50601663524284,318.27624393125285,0.0,46.30809091840396,0.0,54.39363060256973,0.77806321886658
0.30000000000000004,176.1206264864393,239.1041617862257,72.70321667321014,267.09684414168635,170.67760491732207,82.8116853015707,0.0,174.17669021175485,0.0,224.3302460986216,0.6703456165782044
0.30000000000000004,67.73350482563356,0.0,37.58383499471129,267.21693672064026,167.26871618525394,99.12220218385416,0.0,85.49289938357421,0.0,116.0555783902627,0.7814791732500574
0.30000000000000004,0.0,127.12666020959104,0.0,179.62606596167475,28.20216011475556,0.0,0.0,77.23053077579257,0.0,0.0,0.804430205528871
0.30000000000000004,194.93442202440303,117.23979558508242,304.73042106440124,247.50623512406327,140.96689707253984,241.4581504311817,0.0,0.0,0.0,33.962321736948475,0.8523502692667881
0.30000000000000004,309.7607337584229,323.7952006600993,532.3072803421446,443.0881693243464,195.48007470191743,222.5465465837212,0.0,328.8075102678407,0.0,218.03546793675423,0.8192687141174579
0.30000000000000004,47.99174180309534,45.92758086532773,69.66543164965454,106.82032852947042,187.3226051024047,0.0,0.0,64.50502930523584,0.0,208.48025471452212,0.7077329333746215
0.30000000000000004,166.75000994431215,177.82974482433323,66.47840928012472,339.5938740726364,340.1478608166373,222.14868434441613,0.0,280.87127920852646,0.0,111.35133554420852,0.7396000724320938
0.30000000000000004,354.56353075058206,167.67536429584192,183.97713582460443,377.2695696656445,500.6972683834166,165.34653979173297,27.945894049307046,156.0312417752974,0.0,206.100968613639,0.8241658209092182
0.30000000000000004,408.9472814416148,308.6971257518914,365.5462994052103,542.2066347364907,644.9019161747437,404.057029944555,0.0,227.39669461327452,0.0,372.8816766507998,0.8088869096929134
0.30000000000000004,376.9440372588818,140.0631097348925,590.5886885134879,405.3439304770167,850.7058923068602,331.76238895730336,0.0,423.4165897976481,33.56351016688689,457.625552083129,0.7500953902929088
0.30000000000000004,552.7197611516565,799.9711041203653,630.114225848233,828.0522815766454,604.087768693632,379.4383490433922,0.0,673.9482589507187,97.25676094614052,802.7107311892709,0.8399572348441947
0.30000000000000004,752.8785022436309,542.789548760408,34.41730295970893,583.6600960250626,744.2741765037036,387.911685441718,0.0,597.2836117799475,0.0,369.9860068168703,0.7962337857581046
0.30000000000000004,723.7252786667358,300.681739487314,393.945306325811,576.7418973292647,622.2545179464513,601.3634789746279,0.0,243.23138231479984,0.0,627.4772776894073,0.8213576247342389
0.30000000000000004,652.5376873401832,368.27939273471225,562.2346379489422,876.3322010489105,1158.2347639311315,754.6193953476727,0.0,413.0382954764577,0.0,284.2582946054712,0.7957711616736298
0.30000000000000004,531.4967833298944,872.2416536242133,564.1039479513607,976.5845804129044,661.9254418157583,445.0877970830098,0.0,472.80388701125605,0.0,241.29301819884807,0.8035843122847343
0.30000000000000004,505.0688912935506,654.4311446162591,745.0845353612556,821.060710461824,1165.54359529281,671.6984571391155,0.0,369.5204879891282,0.0,922.0744887205344,0.7433503506397324
0.30000000000000004,760.7523484200198,1202.0070198260962,790.9627304872411,894.4104024143916,703.0779826553252,812.0184513219706,0.0,683.8531940670939,117.17966377588743,909.9733265096268,0.7786844305942255
0.30000000000000004,913.307788559724,1399.453913511827,997.9790314574484,1153.0510830566518,991.3194954992006,1099.7747953906676,0.0,969.438163064957,254.01372869317368,785.8252430732626,0.8174794864497246
0.30000000000000004,1279.260405097499,1220.081049426065,1299.973179582501,1366.0567934156024,1180.6281456451093,881.7723995043671,10.849548539762909,710.1522680572084,225.8678741459732,975.4730459841378,0.8171196267616777
0.325,0.0,0.0,0.0,57.51723904570088,3.792345431584685,29.54869148776393,0.0,0.0,0.0,6.320575719307775,0.6904838691894314
0.325,0.0,0.0,0.0,100.86292791491448,31.576050778372096,0.0,0.0,0.0,0.0,51.7847232765303,0.7902560967884147
0.325,0.0,0.0,0.0,100.61435344319484,126.62487768001264,57.868375627649066,0.0,2.419583649936617,0.0,31.656219420003133,0.7698843571903901
0.325,0.0,63.92814886888003,19.70717371145921,64.88947441578051,174.2402553757068,9.613255469004486,0.0,0.0,0.0,77.38670652548629,0.8540364758011214
0.325,50.73468121785577,107.0737748958236,71.67748567406365,12.388701227615936,129.1964556594235,134.50589904268745,0.0,142.17509504073544,0.0,0.0,0.911080856110562
0.325,0.0,16.88633645340603,84.75641950651946,262.0629522672841,124.04962548463745,81.83378435112206,0.0,0.0,13.314226819031855,194.842343693148,0.8393893428768292
0.325,121.35336675300968,35.903362944677355,114.89076142296776,285.07270178073907,171.6180748755582,49.18760723420807,0.0,43.80210279250662,0.0,0.0,0.853862127489083
0.325,0.0,94.34461514675598,0.0,148.14756836297843,118.5938334977294,9.093456881614824,0.0,172.01789267721773,0.0,51.5295889958186,0.7881536447098433
0.325,248.0290459990875,197.2034218189466,298.8546701792285,339.1085645299001,449.70512274588657,99.21161839963482,66.27661393090371,207.3685466549749,0.0,78.06815874069635,0.8422857745123126
0.325,21.977827363356937,167.792258908707,0.0,385.0346293849677,0.0,73.96384208822089,0.0,155.5353936483733,0.0,0.0,0.8507270960130764
0.325,0.0,26.733900183733017,201.1839268063994,392.8523976151987,128.68521444373292,154.05976377066602,0.0,204.355745472266,0.0,232.90211346506604,0.7855066817485893
0.325,162.68572357034463,159.77194941684584,222.41809371706825,449.6924776899678,153.94440110984854,456.4912840481314,0.0,186.96717484950065,0.0,372.4774626222519,0.7770964449164884
0.325,213.30382456548017,129.70493845311856,62.31916964739689,113.99848106231124,211.78384481798284,84.10554602819398,0.0,114.50514097814391,0.0,8.613218569152497,0.7981384129485255
0.325,153.7300992627658,80.99757918145713,272.19594636489785,569.7380739702514,528.4127784695077,206.075473563708,0.0,311.31722610560166,0.0,355.94854524640465,0.786338007417429
0.325,244.11313342836544,144.9236120596624,251.8344734151511,340.92685787805823,475.7533330319244,40.38854762318426,0.0,121.75959209930645,16.63057843307611,383.0972531905009,0.8731201779845464
0.325,261.24430568477806,781.1841921208244,244.67759361696315,665.2172076461181,577.2861974400219,709.1827127491661,0.0,641.6415020111505,0.0,314.767529288489,0.8598952948851466
0.325,274.7908951472654,438.0724415391188,374.3528136788833,312.62442418928026,455.3298407512661,669.0560925324722,0.0,395.5926896322953,0.0,233.63863548753008,0.7899872613901785
0.325,77.43733440987316,176.5013117630447,285.33216012286675,426.25415607596966,522.5275988558121,138.8290950231061,16.045573796640664,109.52848200315404,0.0,96.97107642317468,0.9136288311130605
0.325,330.654906063316,650.1641411357338,419.0772292577757,748.9890905883653,486.6942999358924,837.4114137828251,0.0,469.6042710831814,0.0,577.3457573285316,0.8563762312848724
0.325,660.7120190753839,815.5297466220418,437.8683203339826,692.7702353855509,947.6721504371188,640.382418488449,0.0,209.55126758840595,0.0,180.62068213776772,1.0
0.325,844.1237665721987,784.0081274097871,922.6080732564592,775.6587330816743,925.947830987704,322.2866210651519,0.0,499.29378082114255,0.0,713.0382756208288,0.8517081958335102
0.325,685.9539732481973,991.1155485265622,688.5922577606907,917.2435821767564,439.7140854155112,839.8539031436264,0.0,579.5431645776441,0.0,382.551254311495,0.8584751997628941
0.35000000000000003,37.37478609211894,47.66335080287091,38.63461034241526,232.43757417963928,151.80882216068582,92.5970823967668,0.0,89.02758035426116,0.0,73.06980651717656,0.8523549816245227
0.35000000000000003,0.0,0.0,8.723375243761252,22.8693891525632,93.127924899613,0.0,0.0,0.0,0.0,65.54319777744915,0.7463067162827757
0.35000000000000003,37.48914003282596,44.35334877123076,60.457838503642,41.71326848722901,45.145372856431415,41.18525243042846,0.0,45.9373969416319,0.0,114.57948432567956,0.6192042971891081
0.35000000000000003,73.91660571898986,5.058931189892816,16.863103966309446,93.59022701301762,156.54581515390646,132.9374696010732,0.0,45.81143244180745,0.0,13.771534905819374,0.5540864987958815
0.35000000000000003,93.00678747891487,0.0,23.486562494675454,108.0381874755072,270.8783541052571,47.912587489137856,0.0,42.58896665701156,0.0,0.0,0.7302500020489329
0.35000000000000003,16.52337401865079,84.26920749511983,80.30359773064349,209.84685003686704,125.5776425417472,22.471788665365093,0.0,0.0,0.0,79.97313025027056,0.6804298684094228
0.35000000000000003,94.50528152112727,45.86285720878242,165.03679677402766,192.4850219217081,140.36813872990967,89.98848497783807,0.0,0.0,0.0,18.41463206110201,0.8338688810904584
0.35000000000000003,103.11157970693478,178.5049928259841,98.30709749836812,206.59273496837503,113.45969523307888,142.6561640389852,0.0,62.45826871136926,0.0,97.93752194386286,0.7947853517880402
0.35000000000000003,222.1026926789587,11.379819942914803,79.65873960040388,53.75983904066664,7.063336516291931,277.4321620565792,0.0,211.5076879045208,0.0,133.81098622530908,0.872504444314464
0.35000000000000003,306.36930972747984,241.73797589455936,224.5309324715093,337.8456086720842,245.09544778198395,156.96181073709252,0.0,325.67477308017067,0.0,219.4947246403728,0.8146116015808736
0.35000000000000003,123.60956228301076,0.0,256.59024661635846,142.35180638368416,167.7877090917406,0.0,0.0,0.0,0.0,135.65814777630084,0.8459107878036762
0.35000000000000003,358.9543298578642,236.2676697195288,353.682637430045,460.0749755187581,335.9505810819262,156.2337937699115,0.0,376.20714143981775,0.0,44.5697632533796,0.8494062754673287
0.35000000000000003,342.1453032626837,51.34799344524183,100.6001504233312,277.6983318977374,330.09424357655564,89.59700897077919,0.0,224.7784611021308,0.0,86.45325427005031,0.794213019500791
0.35000000000000003,377.5137144077233,370.3492205576497,220.99707952919275,535.6836940208864,218.2415049714722,81.01389199698562,0.0,25.902400842573595,0.0,413.88729856963545,0.9166130334041646
0.35000000000000003,337.5147244908677,321.4719770744827,238.7901250054221,257.91801615572723,529.4106647407033,275.19482106567995,0.0,235.08795252471785,0.0,125.87386434394357,0.8443615931248561
0.35000000000000003,577.822517173071,290.58902431584147,422.7969637851739,566.4137102137888,436.2190896196237,273.8113670227792,0.0,398.6371372831641,110.06143184248994,336.8953584446941,0.5672028010280062
0.35000000000000003,428.16513167510703,691.8171506763899,543.1087911852036,856.3302633502149,703.3115166273996,535.206414593884,0.0,321.12384875633046,0.0,634.3453209213421,0.5053471891170971
0.35000000000000003,787.7528783491061,33.1442013395414,444.7489342538496,573.4717627120696,517.2036999728477,467.1020002735404,113.30692085843322,283.6526998360773,0.0,276.7155414161733,0.582362436670972
0.35000000000000003,1075.8407217520153,1031.7488888933262,1022.0486856644148,1117.2870446391837,1096.1229648670126,402.9993523284185,20.282243114997318,292.7697701816961,169.31263817736678,459.4368983875412,0.6153543183338227
0.35000000000000003,1185.7553115475846,639.3592639864576,1344.1722211703425,993.1886489522572,1735.9457761056642,845.2063860711185,270.35221103284965,846.1549903203569,513.1948988377949,351.9321764673234,0.6006659417228113
0.35000000000000003,1355.8763639252134,368.5099718792308,792.0961623817167,1468.0315727580232,1292.7890589567585,730.010243206411,191.26468649166617,1265.751642541706,458.6346932627384,560.7760441640473,0.6004280235961192
0.35000000000000003,1347.5766835816023,1654.9379239114974,993.181516795532,1821.197384872864,1577.2772546466483,1227.257336833245,336.8941708954007,938.4909046371876,422.2115258624181,1188.9739083224042,0.5690224900158267
0.375,74.86414686755273,0.0,0.0,153.44825134343117,72.7716707128696,22.319745649953536,0.0,8.834899319773271,0.0,17.437301289026255,0.45973694591830416
0.375,0.0,0.0,111.36912260641957,103.2265688309502,76.96026632943608,0.0,0.0,12.082499150696473,0.0,37.03548652713477,0.5843958185975948
0.375,33.19613309616546,0.0,0.0,71.49936359174113,164.27829968102407,0.0,0.0,31.49376729636223,0.0,0.0,0.5565096326650063
0.375,55.88209674516044,8.208669578385,42.62193819546135,235.2099552268057,137.0216383468907,102.29265166910736,0.0,46.726272984653946,0.0,232.6842107411486,0.45284481909635943
0.375,68.44970171889196,62.41002215546033,30.1983978171583,38.25130390173386,84.55551388804307,0.0,0.0,0.0,0.0,51.67281404269306,0.5545697635220345
0.375,0.0,125.01017226237111,8.772643667534842,224.79899398057992,184.9565706571925,152.0591569039369,0.0,97.96118762080556,0.0,146.21072779224707,0.47333689335885143
0.375,0.0,0.0,50.01699244426524,200.06796977706097,35.99707789549388,0.0,0.0,182.2588891340272,0.0,28.03982909754272,0.6010148331222689
0.375,276.9267494888024,143.93457192275125,282.3979466671525,430.1202704826079,230.2111428121197,88.80173881783759,0.0,116.99944735241182,0.0,264.7217711678673,0.45973694591830416
0.375,232.48813135801447,338.4042743774502,269.4049612901002,395.976949628679,73.83365986417088,188.979010366628,0.0,204.8005089089505,0.0,56.69370310998853,0.5700746016935583
0.375,363.4346427469278,101.40158220057698,187.6403109879837,330.2659009056178,210.3845911077393,212.75378695354715,0.0,27.956510980532983,0.0,155.8930866541583,0.5375525654655853
0.375,160.83147890632765,371.66505221622566,356.2004869367711,518.5784223710446,377.3353928186923,203.10129067017044,111.34487001207344,363.41728406718346,0.0,389.707045042256,0.5236081754723285
0.375,344.0431399637173,128.4718054294893,428.42080878393296,255.3104946882649,461.08313219820985,171.477197924954,0.0,84.37766882021567,125.20557308806184,140.99236273829564,0.6013944016440795
0.375,79.1969867108502,147.16454993284904,343.97497213220174,294.3290998656981,369.9799528432269,346.3390612877492,0.0,16.54862408883454,0.0,118.79548006627569,0.5569846167761031
0.375,301.1564456890525,245.0833836256094,379.2807119347484,370.46023026184696,360.3796797785315,214.2116977704556,0.0,35.2819266916047,0.0,258.31410613496126,0.6178536516632939
0.375,615.2351295028777,557.2584266118083,210.08028812293392,695.720434692833,452.9003614078836,474.72688484922713,0.0,578.4028711956105,26.60107544413785,675.2580689665733,0.6236118095029126
0.375,632.6573871209831,538.7647713645122,448.5980530586951,866.6437470220301,558.139438107911,422.51677090411926,158.72323139784396,102.83476963803982,0.0,0.0,0.6901408819186805
0.375,762.3343872290974,400.28657258987806,829.0488159940772,959.2233111452572,760.7072060397079,571.9541880704967,22.780536651456632,353.0983180975755,236.75486305620893,653.3132475399844,0.7005711035186568
0.4,0.0,0.0,0.0,121.1776202400828,132.13021283870577,38.4505910377186,0.0,22.1382190823228,0.0,0.0,0.9743644205180163
0.4,35.44558156586262,0.0,1.599048792444979,123.92628141448228,87.6811754523971,0.0,0.0,0.0,0.0,41.30876047149404,0.7248558477265435
0.4,0.0,0.0,36.57207718219708,45.56521091552432,199.64756887986323,0.0,0.0,0.0,0.0,0.0,0.8291139271257634
0.4,38.35809072203962,31.85671941321934,0.0,169.03565402932765,166.43510550579964,0.0,0.0,62.08809599923387,0.0,250.9529325204635,0.8373113939085657
0.4,19.496571942442944,31.54899823413485,133.64013858729064,0.0,84.72146716807012,13.824841922823015,0.0,0.0,0.0,121.2332291693724,0.9038360119441948
0.4,114.49858204904788,0.0,148.54881396559472,43.77886960698886,117.86618740343162,74.83567454186115,0.0,89.80280945023362,0.0,178.8572621550486,0.8914680187822625
0.4,125.45747421528408,169.0246999877943,200.8933188399083,305.3739806462061,336.43579902105137,223.88713244206653,0.0,238.81294127153768,0.0,124.65067373801531,0.8359040809206278
0.4,99.5661125866054,125.00591227833708,240.80086259932344,400.4575365267435,312.2954720778108,0.0,0.0,104.82951941937765,0.0,85.53036103254662,0.8708120897313306
0.4,48.93693935426683,5.488254880852245,113.4239342042825,218.15813151388195,182.94182936174587,104.27684273619496,0.0,157.32997325110134,0.0,201.69336687132463,0.8537678237425901
0.4,242.19969811010887,178.46293544955392,248.083091586468,440.76422793722287,227.00093162951504,176.0115215010711,0.0,260.3401613288823,0.0,220.13697257376307,0.8770497712764139
0.4,377.158450953413,57.56051940422706,203.38050189493663,416.6285214020261,304.2484597080586,393.6043136403352,0.0,35.08450706543376,0.0,141.98261453042747,0.8785762174611224
0.4,0.0,532.7504266440259,195.75208195721092,438.9769742094338,315.8993178890319,414.9475270230694,0.0,473.5559347946897,0.0,337.58442876453137,0.8372462050235656
0.4,393.7466643539764,613.4091925385904,524.7845413978242,407.6733952475257,326.01210955353366,577.959332082284,0.0,217.76342851731167,0.0,543.7755380708456,0.8939331446856179
0.4,85.93301328707433,819.4084967767508,581.2319560125754,790.9897049810255,717.2361738921188,518.3046313220406,0.0,380.94713764270097,0.0,498.0054943250939,0.8182358075795448
0.4,165.6576185140927,520.1215183914089,0.0,664.0772654844415,400.0378298615425,297.3156384685241,141.78555995092648,328.4216541720439,0.0,373.99558415627047,0.8137164261077712
0.4,632.6359448282674,588.3358848095803,599.2166013053983,537.8182725075693,513.7252574096865,353.62328611408043,216.05994184552665,99.48083653319188,0.0,254.9196436163044,0.7949590313398263
0.4,460.3393004310282,990.8573689858432,396.84422450950734,1026.78221457302,761.1054495329709,753.5862958054222,0.0,507.1251458468861,0.0,533.0244531306645,0.7857342037393725
0.42500000000000004,0.0,14.348351489608222,0.0,1.1387580547307796,37.35126419517077,0.0,0.0,18.903383708531624,0.0,0.0,0.8050210241815935
0.42500000000000004,57.59689591443401,0.0,0.0,99.08849865848153,96.63175902232084,53.2293587834817,0.0,53.77530092485093,0.0,62.51037518675555,0.7768435192056238
0.42500000000000004,0.0,1.1696919501112304,0.0,87.43447327082568,166.9735258783994,0.0,0.0,1.1696919501114134,0.0,29.827144727840125,0.7826324058125824
0.42500000000000004,138.3953451016628,0.0,120.13484817852672,21.464092874563363,149.60793093165864,3.844315141712766,0.0,0.0,0.0,10.892226234853004,0.8461608306977746
0.42500000000000004,158.26917388605042,0.0,65.29490581846042,277.14848610987787,96.16804063479752,82.32835951023249,0.0,91.55481359327584,0.0,202.2722625897956,0.7824619773550663
0.42500000000000004,141.50288086182908,0.0,110.77437322159292,189.3027816355303,299.6977905652683,171.8520242102106,0.0,83.46014420804941,0.0,114.56801614014049,0.9110407803032047
0.42500000000000004,137.36647528048314,273.5244478458887,198.5972795110797,190.94342898225503,109.16807859533994,82.98385310199258,0.0,305.34835267626465,0.0,100.3057253514378,0.7947839548334689
0.42500000000000004,98.66307973675396,0.0,275.5761882302443,271.7487411714907,305.7704928048544,172.2351176439026,0.0,84.20383529257462,0.0,171.80984574848569,0.852644416160131
0.42500000000000004,344.6978505410043,47.48155822021776,59.35194777527228,366.1558624289877,175.77307610369104,0.0,0.0,201.79662243592583,0.0,106.376952551065,0.7565355482554537
0.42500000000000004,0.0,0.0,37.33979734666049,206.5812164893166,109.10979744154032,111.5344596069078,0.0,138.2057434259513,0.0,233.2525003083598,0.8616430387169728
0.42500000000000004,263.24455049664226,208.70783087184,401.6839156980637,700.0626990299154,452.549894578889,303.6226986803902,0.0,119.56126994668227,0.0,186.68338640797748,0.8594104259235139
0.42500000000000004,361.4811768907512,305.4287159171852,311.7203186795245,443.2720128011585,165.29756348327064,0.0,0.0,105.24135529730746,0.0,23.450519386900137,0.8319714442634475
0.42500000000000004,544.6551644760272,316.8456199206651,339.56517018629427,284.30139926989915,265.2661003986964,357.37238525935487,0.0,378.8638517268422,0.0,292.2839439578229,0.8606791711072438
0.42500000000000004,199.19225893411675,436.9167909079482,516.5936944815954,824.8518787993107,265.80737503667416,215.51949327297905,119.51535536047054,236.41835322672267,69.88056297032972,180.9057564745916,0.8722505059127653
0.42500000000000004,550.65276709089,497.7731799822898,564.0489291584024,814.3456414724433,815.0507026338913,420.9215133844575,0.0,485.0820790762261,0.0,123.38570325340068,0.8111144096326467
0.42500000000000004,397.6560133041451,701.169978004089,344.183329696959,968.53339604002,601.0028382892192,555.0615185703691,57.991501940187824,439.0785146899935,0.0,799.8308449412916,0.8369905623372914
0.42500000000000004,711.1447073118877,895.0055826647335,412.2695398880989,929.8338542073434,626.0989279636552,613.9495309139076,0.0,584.7909779945137,0.0,835.8785170226291,0.9003047343044643
0.42500000000000004,1032.4796434404154,887.3696424458087,810.8570964668342,1200.455462773567,804.7009146064568,437.96836663826815,220.74309242209907,872.4189150706069,310.44745667331097,321.00091129110035,0.8910419476384728
0.42500000000000004,1068.8318983284416,426.78727936741615,1018.5120007611048,1154.5620941839052,765.9806629694674,1047.3993493645758,33.54659837822522,855.4382586447337,0.0,425.8554294124656,0.8319100900187415
0.42500000000000004,1389.4072310993638,1338.0238275823758,1049.2490998169014,1015.3360534956892,1560.0001307757657,804.6640990760366,251.7786772332432,942.371620501566,195.25693336455603,637.1542036106553,0.8515332226171272
0.42500000000000004,1184.0466543349237,1637.3928333700262,1152.8582194135895,1850.1425144405537,1518.2084570635006,1285.4090678292584,294.0623864011476,1382.315990620546,496.7872133898177,1420.187661596451,0.833292264809196
0.45,0.0,0.0,207.02404034651715,106.58023917995428,0.0,7.105349278663744,29.713278801684112,0.0,0.0,0.0,0.8511489064454287
0.45,0.0,131.55208032175895,124.02457708808878,160.94518818656613,13.083517525188562,24.37477237569372,0.0,70.79437564999282,0.0,0.0,0.930240492867139
0.45,16.7190148069256,32.3523793017134,153.9452142611722,249.04818160446345,0.0,31.700989114430417,22.798656554898592,0.0,0.0,0.0,0.7871852803205086
0.45,0.0,128.71905926433084,163.32095691603232,118.10781065114224,91.34900980049272,87.19678208228852,0.0,0.0,0.0,0.0,0.8766407429783756
0.45,113.79433388820313,59.301272589627295,276.20502638592063,291.1639059580789,0.0,79.06836345283608,33.12323333835032,0.0,15.493125271164056,0.0,0.8629169914369046
0.45,0.0,168.36336306145833,6.475513963902256,421.47149582442,54.33800847970153,194.54696300245448,79.39543207914917,0.0,0.0,0.0,0.8997764060861648
0.45,99.96959509601052,231.19903262142373,423.40063805369147,57.87713400295349,173.01239522808044,160.63225961247514,0.0,0.0,0.0,0.0,0.9268319237168208
0.45,54.39672029800015,167.5285496294241,5.673277577091945,369.7642091422348,201.23449288155928,51.39322040424555,0.0,0.0,86.4340524980494,8.676777470846549,0.8323165618899174
0.45,0.0,210.14496301545975,183.69314948903795,344.97573474041354,88.5400980537163,205.0015548297667,0.0,0.0,0.0,0.0,0.7962666824138577
0.45,0.0,155.95617382750928,280.6409297667257,235.3374653900972,489.5179646359604,176.4028701390851,64.54741384634664,21.248527539480506,0.0,0.0,0.8382227600851322
0.45,76.24641176682515,426.8912472758882,658.2902411263693,649.8676723846851,44.77260225842655,226.96606293380563,0.0,142.7403755169634,0.0,201.25506361708517,0.8352138456676882
0.45,7.799248349118051,246.1637760190472,567.3953173983581,699.4950863115502,531.3237937836863,337.31749109936766,388.9875114122767,60.444174705666605,267.1242559573029,0.0,0.8194193883673982
0.45,327.7499498259615,593.8491856171369,1191.9138046725488,747.7125061142121,418.9086979286814,505.8520125931242,173.88662932888616,275.0570318475111,433.6627149626476,0.0,0.8533218692787569
0.45,0.0,454.04406728121967,738.7010153025798,694.3248370939273,499.5025912998402,166.1400818299578,151.5284133954007,33.55272010898141,218.6338536133648,95.24643127710962,0.8158148264909361
0.45,150.14062096265377,451.01530407753785,785.122693808661,591.6608660069807,0.0,430.2448624423883,31.452383047512264,0.0,19.58355925599853,0.0,0.726130259292322
0.45,499.68764326189046,300.8258942324441,676.3832737689471,951.2431434465916,482.588066116047,508.5540906708474,0.0,136.16329949468454,313.4922476738104,271.6932813173021,0.7758196920968995
0.45,592.6140283638537,342.6362323723521,957.9149142394356,735.9346313989824,783.9303682293506,0.0,96.658081116714,0.0,0.0,0.0,0.8019852126575849
0.45,454.22001138512815,710.2754099600788,1450.2384023636298,923.2838139919936,740.7051819646381,665.7440362948699,677.6190692722586,43.78918410412184,468.3216130457786,245.6647447197344,0.8691078051561709
0.45,697.3915220620931,1448.8504767334962,1476.2759860280723,1017.0946018388738,955.9748954109598,746.757438792332,97.94824748063064,58.76894848837819,376.9048563054692,108.13486521861704,0.7500379633126585
0.45,578.233752941565,1277.751394978703,1479.3218022079634,482.5732206971705,524.4247035540931,516.7376964987399,0.0,138.3661269963564,70.89128728825712,0.0,0.7778348447335088
0.45,677.789173720061,1260.6498917370332,1194.19997274487,1162.87358236285,984.408085641042,396.8009448389152,256.3068303983428,140.49411444057236,367.3731235709575,188.9076268491484,0.7778092804648814
0.45,272.83499719593976,1513.0928928157366,2310.94503601024,2426.166190204543,1490.2660603810164,1059.817220183436,808.7220634015144,442.4057524252898,498.9293375017415,682.6309890002026,0.8031025678448216
0.45,1399.2361541756927,1698.175296629748,1965.713268657953,2288.517300635649,2635.1862221369884,2123.9751676042174,1227.1577402420571,1315.0810174344265,626.767361699885,1033.7265304188477,0.729228648649962
0.45,1564.973226187628,2249.649012644718,2986.879870130494,2430.672035076869,2670.0895808742293,2332.861208440141,1302.1978710441838,1074.459229919864,1197.087728986806,331.3889200975668,0.7190216883293316
0.45,2552.62132942138,3045.1740761676188,4098.504781202646,4173.386110944473,2256.424069553711,2371.242108491177,442.6318602516854,1580.8280723274513,873.6155136546452,961.809079795018,0.7524188488641564
0.45,3219.0613235850838,5208.4302909619455,4579.92086445552,4235.607004717217,3809.313654565032,4568.990265733669,2971.3010858897983,1920.1418421384703,1590.4021140293048,2441.1670478800306,0.9187355494140683
0.45,4430.275556435802,5639.034294217498,5970.201071691935,4746.723810466933,3707.228092283283,4279.410691141893,2542.6249248315103,2879.3111485971885,2789.160192506928,1596.9597935989525,0.7704084246972513
0.45,3554.8262837690045,4262.697023627252,6028.5057271534215,5755.801425732623,5026.655882217435,4506.390229152222,3415.573023469022,2566.514950251071,2059.787808603914,2141.018877112236,0.7883502805622419
0.45,4557.715642805286,4923.804999579702,6252.573776020171,4307.845129451321,5063.267611684241,4879.254442935196,3362.598536298333,2612.986996236433,4292.349283661928,1749.0935934777622,0.7915159891606007
0.47500000000000003,3.211115586322294,137.27519131528308,79.31455498216339,100.02625051394295,77.54844140968616,15.895022152295873,10.115014096915552,0.0,46.40062022235888,0.0,0.768295111824054
0.47500000000000003,0.0,0.0,0.0,132.32011516912632,60.00361710159589,64.16571770979913,0.0,31.736017137549112,0.0,0.0,0.7754786713083507
0.47500000000000003,0.0,13.074293620617734,39.82630979818909,201.34412175751208,26.550873198792804,0.0,0.0,5.833146384583119,0.0,0.0,0.7255601761019314
0.47500000000000003,0.0,267.7179494915396,116.01920204619752,186.16470286492375,161.8929032736691,92.23283844676804,0.0,54.61154908032294,0.0,0.0,0.717434999389859
0.47500000000000003,60.119752027775576,131.29291137904352,335.10695861222,468.8262276964204,206.24040493833328,234.5479114984967,146.39024821113077,65.78125333980813,48.52715410313741,0.0,0.6477553245344658
0.47500000000000003,12.2098467084902,64.9341847678804,180.0952389502319,163.445447984109,101.00873186114708,0.0,0.0,0.0,0.0,0.0,0.6307757807813782
0.47500000000000003,45.81929573146391,249.5294078348652,239.31294324609277,142.10173473474327,198.75667472702665,158.81958588000754,233.74032619767144,0.0,0.0,0.0,0.6686732873388289
0.47500000000000003,0.0,104.5387171591486,395.8488366312984,229.0529853678161,291.97597117380064,75.57416813734623,17.312144242916105,0.0,12.984108182187466,15.647514988789885,0.505916240766824
0.47500000000000003,0.0,193.6881696777112,301.65746953571903,265.91087701516244,218.85668890136856,288.52606820163743,125.4778349701176,67.116051263086,95.20265967209532,0.0,0.6571459325435947
0.47500000000000003,19.365115325177143,499.14572766732414,382.5598292810525,180.60934088991863,56.51452023470115,440.6551752565844,92.4783058386013,0.0,195.2319789926036,0.0,0.6287988106741926
0.47500000000000003,84.90366636211301,258.0405546299517,139.00894394581232,402.0438318911828,13.734416617400772,338.3660821195981,251.3814435427269,0.0,0.0,66.59111087224565,0.613993447100558
0.47500000000000003,0.0,364.7010396757648,493.8381599516758,531.6886952049605,252.93063557488944,155.85514516058296,0.0,248.92293184218823,0.0,0.0,0.6615174224788783
0.47500000000000003,364.8637082332725,514.3812837750194,446.5115310547042,867.508117477711,631.2397301881936,456.7175089073834,198.50626923460524,28.57673798750065,459.2690033705532,0.0,0.6553329998267687
0.47500000000000003,348.2874850299657,597.9928203313887,747.4910254142355,691.158368426496,321.2044768627839,139.7483221426618,127.83179854910102,87.20728629832706,127.29013838575786,0.0,0.5574616460286904
0.47500000000000003,113.35346808157976,948.8318216574916,1058.7328998482622,887.2642019380548,727.8788686456808,883.8118120472451,249.72286876855767,170.31790127993784,190.45684230966063,121.4090444934694,0.6074360417691748
0.47500000000000003,65.78484967136224,699.113538780211,689.544833373467,977.8020837516204,306.19857301579816,805.5653864302345,345.0714387306939,246.3941642236495,131.5696993427259,0.0,0.49595810599416723
0.47500000000000003,313.2909321029124,392.5727190024259,1072.222230890989,755.7344525421287,478.887567643024,292.83111612884534,264.6988691645017,0.0,123.3982650935965,236.56662220015875,0.6478371301940737
0.47500000000000003,408.4814968351465,609.9990352738197,1071.583126697535,887.0856506269938,514.6866860122849,656.2936049151363,0.0,0.0,299.55309767910813,0.0,0.6524151794198672
0.47500000000000003,679.8615924464787,1120.4713458025028,1656.930438421473,1439.2261252118358,881.9625248458697,753.4203876947869,394.5426290591037,196.89980546264067,132.2572278201894,368.5369943753589,0.6789738412873781
0.47500000000000003,712.4941768004143,1243.435477292683,1949.474440713252,1575.8789663547109,1006.206385583371,1059.4618959670945,874.6814129690251,695.5492416783201,931.164530042671,150.8906127538817,0.6639153508761279
0.47500000000000003,420.4811456589299,820.4092414282184,1388.1872446295838,1352.2194073227106,834.1112746879793,680.8197775943986,750.1863209719407,154.14787417231605,193.54121979413137,0.0,0.6366928133571066
0.47500000000000003,555.6737371283507,1880.1813007096987,1869.250014077665,1319.041920265331,1247.0776166044463,1117.724058125388,702.3351661081289,917.3171365381136,454.5593357820449,318.8291934342995,0.6403723637548756
0.47500000000000003,390.9216025333168,1771.0089486799648,2005.1493280336929,1064.4619889561586,1547.183123482788,1154.1986101181603,746.7737209343588,492.00423326752616,230.0145576911077,0.0,0.6649098009257333
0.47500000000000003,1009.0880209846824,2271.660893394605,2539.699898968661,2888.9995985402825,2508.1658983128905,1887.1886546300088,1221.3361023216055,662.214013771198,1311.086719572647,822.309709408191,0.7172023645453496
0.47500000000000003,1208.764886778824,2629.755669709659,3188.661135352211,2637.664709317808,2293.621486363312,1492.1721394041776,1208.764886778826,1559.398976073446,1265.4463373038968,937.221193565698,0.6435448894915344
0.5,0.0,60.60558938039727,83.89089477391812,81.17959209111093,76.87340547724062,96.9689430086356,97.92587336727333,40.98851702832116,31.578701835049152,0.0,0.5771860131308403
0.5,0.0,79.59807822205559,165.47077972738106,85.87270150532568,70.81360562547745,0.0,0.0,91.43022498479348,13.62489627224388,25.45704303498175,0.5991418852414753
0.5,0.0,137.36601034722588,293.1536214198244,188.30969630381264,44.80315238146275,144.41625260014635,0.0,30.020386367274487,0.0,0.0,0.5894693601588729
0.5,0.0,119.47005600170488,237.602760630256,219.54851709268505,2.674702746306987,184.33159759964528,0.0,0.0,0.0,15.15664889573864,0.5698473637502038
0.5,38.5640200662129,235.58156475822716,78.17740122266316,161.6016078965122,0.0,161.33926762395288,0.0,45.38486715275421,0.0,0.0,0.5921104331555114
0.5,0.0,130.1209228703329,409.9253674935538,214.59578168136883,0.0,42.97843693894812,182.2878532238147,64.61585691510824,0.0,106.1122787871964,0.6374798519739147
0.5,0.0,120.42429065245388,402.4305409145285,181.093743411538,0.0,92.68097305910348,0.0,0.0,15.54845271715231,0.0,0.6196135578895886
0.5,20.094030860029857,133.96020573353448,346.9569328498543,338.249519477175,255.1941919223834,0.0,22.773234974700845,0.0,0.0,0.0,0.6199085319224859
0.5,168.3281113360111,527.4035802776773,500.2064618522081,331.14329326145446,241.83383681025225,262.04791131566844,13.598559212734587,181.1916132940031,0.0,0.0,0.6051567315783566
0.5,0.0,125.54149089253362,422.0658712215232,289.2075449702225,308.8474714595453,385.0965978298572,58.53468287013797,107.44195079452976,0.0,0.0,0.6047136175888149
0.5,279.4470163687028,262.9847473631833,464.64754268080407,395.0944561324817,173.265381283099,397.9753532084479,139.51772982178235,0.0,115.23588303864076,48.56369356628418,0.6579043391795402
0.5,26.33654642720982,459.1337927143656,462.2063897975399,633.3939415744063,144.8510053496566,7.9009639281630495,0.0,0.0,7.9009639281630495,0.0,0.6250883396848459
0.5,0.0,402.3872399212655,681.036806541355,668.0875151493714,353.4676946626609,260.4246379943352,114.14560560341036,264.2614650734413,0.0,0.0,0.7770423524060598
0.5,318.57329857550224,423.3532206983429,587.9317852448231,763.0941803087628,313.2813833167735,443.99169020738685,156.64069165838674,203.73873746107705,234.9610374875804,44.98127969919869,0.7057322453070973
0.5,0.0,289.01746205805927,336.54232197582803,237.07168493863773,259.72888559710896,365.830898436779,198.94127407438123,0.0,33.70949366260374,0.0,0.6298986828982335
0.5,323.9786189781209,429.8155543974712,977.2277037053304,585.0430596791842,386.8927972551792,333.3863465709524,144.05582876522604,494.4936815981844,72.32190586988906,0.0,0.6374671266490877
0.5,408.8645182864666,399.9206069489508,1211.2611354236583,699.5416367557524,523.218813244713,735.9561329156404,347.5348405434965,219.1258277691529,568.5772207421184,336.0355259666904,0.6325658882583579
0.5,45.157450659698256,589.0390990463594,755.7232183931864,758.3795390202281,332.70415853689485,317.43031493140865,165.3559590333068,108.24506555192372,209.8493295362454,0.0,0.7328332105264246
0.5,271.8269510838348,785.1172044602262,887.7752551355037,760.5371078196663,1132.13033350342,1111.1649569570604,503.8919811314709,274.71872715919454,0.0,0.0,0.706178199770931
0.5,0.0,1063.8216047677922,785.9466337745237,671.2207744368209,534.8906948342263,893.2227619864025,361.31195960250585,306.9289223839843,237.64642291381347,0.0,0.6932682441140984
0.5,18.627354040286477,1049.6109059222802,600.1247540805624,1427.017296477667,405.7523640949553,1244.7931808661608,0.0,183.84388552805348,298.8475496028713,0.0,0.7299921681396336
0.5,991.4198919234574,1098.1474781536522,1839.9483047618617,1713.8157028534504,1069.0399546363262,605.0836706934987,172.8810487695709,409.2694215769432,383.6900827283849,717.9855800940344,0.7315109697435289
0.5,989.551275892032,1239.761009149904,1775.9247232739133,1778.7466375587771,1285.8522758026695,1211.5418663012713,754.3917521534316,1010.2453139810292,730.8757997795722,390.3648094060776,0.6806139311435399
0.5,1223.9845894020798,2199.449946430036,1437.470273600118,2361.480106744443,2224.630309181599,1295.1464841347604,224.43366800306487,377.7054412734503,1276.5349116662128,1346.6020080183891,0.6914744845987428
0.5,2280.685971207245,3161.1720375250875,3355.434006311545,2310.960563745396,1953.972660066385,1642.3966451945982,2020.829051921464,1328.2977476112983,1585.631784185569,765.6949029440259,0.7204795820487688
0.5,2965.432414457457,2937.9888239894726,3773.49368934818,2697.095085437144,2866.330559989729,3064.534268925189,2918.168453095925,149.41510365903818,888.8674023797935,730.3044352314258,0.7154714200900498
0.5,2749.037118961026,4395.737571407978,5620.5560897569485,4572.655801836163,4184.796604358989,3621.720313284669,2177.455143731506,1968.2153135135568,2852.806465654481,2140.0301334486207,0.676692372336098
0.5,2464.9718003795456,5715.76919727107,4412.855531356165,4813.181778635852,3704.8711495930174,3638.150108379738,1997.9245118865792,1697.679826426816,2242.568329668612,2079.4724511472573,0.7676858300884343
0.5,3815.19425184232,5523.746046102212,6198.02401172986,7211.345700187232,4026.6203936069214,4380.902036563824,4420.901576897667,4268.52237562588,2445.6861804121518,1733.3134144665569,0.6923272355593874
0.5,3374.419778941004,3140.568236414168,4978.525401232549,4506.957001426361,3067.127256116482,5262.626035542015,2723.1142431431144,1366.3887650121922,1750.9875828869133,977.9246323849652,0.7323794447582878
0.5,3632.016757293879,5069.188950991293,5758.710896084611,5433.9941661278735,4798.591676027344,5181.436709494857,4227.330762214565,3375.450452142876,2982.583297380406,2491.499353927314,0.7448654596270493
0.525,0.0,72.02933736203258,78.80671483810993,68.4042284794795,46.65357518416111,23.957241310785506,0.0,0.0,0.0,0.0,0.6844826571291516
0.525,0.0,73.88167893556006,193.96278748398885,83.79491686868575,110.35491284045668,45.82534516256243,0.0,5.4242245294460325,31.79717827606383,0.0,0.7096115585150706
0.525,0.0,16.056641741178183,101.23516805108672,139.02701995410376,74.21301487690896,0.0,0.0,0.0,0.0,0.0,0.5986832906670423
0.525,0.0,236.6956082132139,126.62543879837315,213.4287431336541,10.291113400574538,144.7467471776459,0.0,27.741262210244138,27.96498206677868,0.0,0.6429969620006211
0.525,0.0,139.68674063479773,132.0773462033301,209.25834686535856,57.88575049652118,294.3205060456925,0.2717640868381975,48.64577154402469,0.0,0.0,0.5513533196828614
0.525,11.22141537087227,118.4482733592078,429.2191379358654,352.8511722174293,178.29582200386014,144.631575891243,0.0,0.0,65.45825633008847,0.0,0.6085901832834727
0.525,0.0,100.364710576542,311.58978773763005,488.04800437220416,47.558441286269804,151.20304436531325,0.0,0.0,8.527720506503833,0.0,0.6890026203265422
0.525,0.0,229.49345079436048,694.2537725288504,496.5141325362259,348.57024130086785,272.07242436941465,0.0,103.5607238647506,127.0152432069416,58.81671773503247,0.6227479308920082
0.525,109.87351173669794,176.31729079368768,447.66032146776246,431.6989667222288,200.81611435659983,96.51051706601848,0.0,0.0,41.57376119766974,1.113582889223142,0.6623467535729134
0.525,172.41894916546326,195.91252422496103,172.8171453529125,273.560780777537,370.7206505151196,220.20249165935684,56.94205480522214,44.59797299429989,0.0,131.0065456707566,0.5779427154822109
0.525,232.07526125279952,507.0801953747068,442.8982092040607,408.0444153895377,164.49290495390738,273.72979532381515,58.231338446215325,175.54410787070722,181.06970932910764,0.0,0.7088915425491977
0.525,0.0,0.0,249.1860064131189,490.109300571702,272.23462480735185,44.35771841908944,23.483497986576584,0.0,0.0,140.03122873477176,0.6336890117933881
0.525,0.0,255.40153367626135,400.1290694261422,380.2645056957668,234.11807253657304,28.85091398935564,0.0,0.0,0.0,0.0,0.6247273154023415
0.525,170.56877499942638,171.56917837185728,445.1795007316406,585.7361745581479,380.15328152364833,521.2101570363704,0.0,0.0,227.0915655417588,0.0,0.6721763590688403
0.525,24.320995712122578,837.9688522631404,636.2151378330302,768.3223645420611,515.162909174965,733.4991206815217,0.0,0.0,111.1027304121974,289.0881990327322,0.595333341804923
0.525,99.92327006740923,514.1400814514964,404.3406742262612,571.0731074201362,0.0,229.4749516082947,0.0,0.0,0.0,0.0,0.5994085205632591
0.525,484.5396193877078,552.0625598959309,509.54811587223526,781.5155151414656,291.9741964568518,354.49543766816896,0.0,180.06117468859304,94.4070742290891,0.0,0.676344249786825
0.525,503.3807133987104,437.7508941811479,989.0413756086796,817.0912492586639,993.6354629539094,542.1023067370735,148.9796896238687,515.1940808578718,210.67171968837872,53.16015356622614,0.6736461766935724
0.525,333.1967135734923,977.0482911763936,759.3785565163313,750.2209301390473,740.3588709635112,695.9796046735951,147.22645483479886,314.1770280206714,206.39880988801983,204.98994429151423,0.6505298998228257
0.525,278.48059101250954,750.7188419093848,1004.1509141535728,1249.4790538550694,891.4325796961289,1096.241056684165,74.4088351647183,23.575076487831517,796.3955526045578,0.0,0.7097571973787657
0.525,644.4259573531897,878.1188869428083,1094.5012291554171,856.8740751619339,837.9897980233786,567.3151590374239,310.8037279053844,355.65388610945206,302.93527909765385,0.0,0.8021413513444323
0.525,349.93011674012206,1321.0280483634288,1558.779610933272,1432.3694491443769,1024.6757485404546,1367.0714847766028,395.9735531532961,300.5380667696264,356.6273438547663,0.0,0.6226256484737404
0.525,731.6416184598063,1377.1544218592908,1983.682603705152,1704.4439190885232,918.4051542748266,1121.4878339960123,64.36995651876823,1087.0363079718811,329.1027354410292,0.0,0.7020267755814148
0.525,954.3703428907712,1085.32344607329,2048.6224096355963,1827.3910307742235,1369.0551696354116,1193.458963095217,835.3220672703014,631.9479297519977,262.8982753285393,0.0,0.6279617634785647
0.525,1442.474132786916,1495.4900274069569,2294.041940121306,2011.29050214776,1613.671292497462,1424.8021679135702,631.7727442221405,712.4010839567844,714.6100795659534,0.0,0.6148873443602293
0.525,1191.002022711589,2682.321365805197,2560.397667359505,2711.8397349025745,2643.8191452434,1687.6806679587726,922.7698861310696,909.9358126104704,1188.4352080074702,1229.5042432733871,0.7082469390475477
0.525,2466.990919531624,2866.04023441511,4033.800826419106,3620.831186597826,2309.22723690327,1554.436284720554,2193.224529088303,1209.5215668173848,1801.9087280591496,781.0848992874418,0.7069329543685018
0.525,2302.4597442508307,3828.9241866698985,4642.357858326879,3874.871276909937,3076.753301999634,2394.3539247309086,1900.848140671234,1010.8359852808518,1022.7481938616036,711.3290266791182,0.781442815179121
0.525,5013.101395294525,4672.512427931511,6178.467970109594,5384.987727226033,4974.43994494521,3972.924278753429,4066.816372458908,2546.1326587191797,2737.5988890205517,2597.6812591849343,0.7077359158726267
0.525,3510.84063501965,4872.339045735495,4604.136896428954,4302.409478459096,3929.906493311122,3833.0557171726496,3032.1742991045057,3073.1496274707824,2428.719463164789,1031.8332688598882,0.7245972553169665
0.525,3336.0499119486726,4133.719946760983,5848.337778600524,4931.389981573291,4264.179999183557,3229.8181549760075,3455.3276741635987,2730.3425257010085,3142.223548349421,2031.449387722936,0.7066819105453669
0.55,0.0,0.0,0.0,139.79251075540174,20.58736255203142,2.591416265290652,0.0,0.0,9.501859639399168,0.0,0.7547186591637212
0.55,0.0,57.76086211564808,47.945290775733945,148.36613602254707,15.28963997178914,75.31563393510983,0.0,0.0,92.4928837799594,0.0,0.7822958096089884
0.55,0.0,2.945017781391569,131.1514585313015,167.27700998303737,0.0,63.21971504053774,0.0,0.0,23.560142251132092,0.0,0.760521017734464
0.55,0.0,181.93535702083696,315.7113548302758,180.15167705004453,90.0758385250224,91.4135985031166,0.0,0.0,96.31871842279624,0.0,0.7275260683593776
0.55,0.0,200.1655035737756,155.40168066528176,94.86878377765969,128.69599086191909,70.70649300318875,1.78037932022404,84.18650785631456,0.0,0.0,0.7550741242322543
0.55,0.0,50.39084032410167,256.3744507717444,287.9055613839016,165.612001533012,0.0,0.0,43.023758405373215,0.0,0.0,0.78769981194939
0.55,0.0,88.22940244958829,181.45292201896436,93.22351956937642,244.0458565869742,95.55410755861064,67.9199928291169,0.0,0.0,0.0,0.7463924986063925
0.55,0.0,412.5295309235663,244.01139643527495,394.99792032924313,163.866890861226,169.94928637354215,0.0,18.6049745082612,56.53049946741005,0.0,0.715385123775848
0.55,0.0,361.9752414594513,426.2759635577861,463.7216781915228,194.4151244620249,364.2446787099809,35.55451692496162,14.751342128441395,316.5864964488621,94.93812498048308,0.8770753355450415
0.55,0.0,75.45611114736182,227.14623149515035,327.8840293671433,0.0,129.52002583541963,0.0,0.0,0.0,0.0,0.7788062869413496
0.55,0.0,111.26573774045455,29.36753672703427,380.12346834006576,476.4986240780803,138.97876535610666,62.45771895467901,0.0,169.17355663883274,0.0,0.798056181217775
0.55,66.08150856767205,175.4731950479408,299.59927195208155,557.2278560301016,128.14454701974293,338.44448306956514,304.51073542670605,187.9751020742567,0.0,101.35474624906487,0.8247665812219611
0.55,264.6752416915893,521.8552552998782,519.04454476864,646.9318739399745,192.06521963460503,223.91993898863703,0.0,0.0,0.0,86.66357471317576,0.7568465801904205
0.55,188.90009963174768,398.51509269569885,478.9086076825785,791.1116444107681,290.50171979921606,494.19817188253705,0.0,221.4520750252085,105.54731415455385,0.0,0.6882704295974433
0.55,100.80519899310474,300.8239359425818,552.8369334253437,744.8973651911544,298.17116754802635,331.065495640513,0.0,40.852633276152986,221.2408841059201,0.0,0.7149342895228463
0.55,357.0829662296157,740.6383105157942,688.2818294705946,652.3970503272565,322.9630122900487,531.8006614029214,0.0,0.0,355.31814102584593,0.0,0.723875977737836
0.55,277.55418944602235,513.2252016558215,667.0052255380774,773.9010957976939,181.9105160558392,706.3879145810939,118.77318917735188,0.0,521.9769103320475,171.28344123470785,0.7589343287949905
0.55,558.0812793617472,631.925757778466,749.5541304776631,1303.7144640827712,833.2009732859813,827.3195546510215,247.01958266831448,325.43849780111225,448.9482891352706,26.793129337039407,0.7950761179034961
0.55,779.4312767179646,613.4026892530865,1151.779908019952,910.031169786573,833.6163387357918,662.7249892949546,179.9221931104749,386.2422369475834,121.56904939896994,0.0,0.6859551590020895
0.55,353.7215993479658,295.8270461612728,1103.526666229283,658.7270502827387,487.8675152683527,514.6966984524294,0.0,112.96498182769297,254.8772402487341,0.0,0.720265329130749
0.55,430.3462663564796,1207.1060166240268,1308.5883808534795,1078.917767071033,373.11936923460775,801.1765597062129,505.1227452623932,0.0,351.7546609757753,391.4319763136072,0.7386146682006182
0.55,615.8302422913799,787.5978034446317,484.432015787049,913.4551408795024,96.56978092486918,534.3000174121872,116.35867045865434,39.5777790675694,0.0,296.04178742541933,0.693235862707171
0.55,252.13164035671895,788.1200943600776,1223.088917624484,1375.0358002235678,600.2736735645079,1010.1963073895066,72.63394937428689,252.13164035671895,452.5011558719936,0.0,0.7362281454001418
0.55,387.0057051299092,1426.2886315820624,1827.8297622567568,1535.3043231679517,1131.0378002036098,1052.9098879003886,420.6188767022255,596.8609114327472,220.7567754614277,0.0,0.6985770905657197
0.55,1258.4850058579975,1727.8500430078348,1867.6817103253888,2478.8341024475726,1235.0167540005066,1406.139423794718,466.4315056676493,598.4404223660403,759.7846538862979,897.6606335490616,0.6914125404093763
0.55,1009.7801447125232,2154.0506580439665,1752.7843123285086,2033.891230343458,1931.3698837733,1114.5062514239762,160.94749031444172,993.2444436528212,1004.26824435929,0.0,0.6851922592522638
0.55,266.43328112033254,2588.9271656032383,2064.857928682582,2342.60205664293,1406.3152904417598,1048.138473841311,742.7456091609284,23.87845444002865,1065.733124481333,0.0,0.7312942415550547
0.55,2227.2326335078,3544.319122085105,3488.8935555669,3682.883038380613,2586.040248336169,1623.3856719673756,1907.8063422581552,948.068900969266,1705.0654542047284,1525.661646790543,0.7652763977703027
0.55,1537.7001201819885,2419.8866433142857,3151.978931608101,3020.2635826682117,2658.81215999595,1560.6737275552275,1842.483311333599,1012.370298247306,603.44008700369,462.5352951145033,0.7422715385036568
0.5750000000000001,0.0,6.997142369250372,47.980404817715936,162.21946390751594,1.4279882386225315,37.69888949963397,0.0,0.0,0.0,66.25865427208394,0.7545151188916022
0.5750000000000001,0.0,0.0,194.1683352885291,224.5256181661265,0.0,131.48251739842536,0.0,0.0,54.8008093504681,0.0,0.71002523486195
0.5750000000000001,0.0,140.75579915024142,236.4029148932837,153.9124984773411,0.0,118.20145744664195,0.0,0.0,8.771132884733198,0.0,0.6806241568509906
0.5750000000000001,0.0,70.40096160299379,135.02433669145594,158.34866743530517,0.0,68.04713006003645,0.0,0.0,0.0,0.0,0.7390368063800046
0.5750000000000001,0.0,56.35520613208517,147.40946931492985,99.66750429473562,76.04261438783529,5.906222476725151,13.042907969434436,0.0,7.382778095906512,0.0,0.7804645558329799
0.5750000000000001,0.0,138.94915562150936,224.936962847668,213.92814323739844,140.4368339472215,197.26614598942328,0.0,60.99481135419568,155.01608153919986,0.0,0.7718783701433269
0.5750000000000001,174.25266934089353,37.03282536277079,304.5288585634973,322.05332056552254,143.83284850718945,96.21921589791276,24.46811675754493,0.0,0.0,0.0,0.7923070612509037
0.5750000000000001,0.0,275.54348669723254,498.1826239485959,462.9130576513504,348.28696718530165,121.97391677797476,44.08695787155688,0.0,223.74131119815289,51.802175499079645,0.7432293464348967
0.5750000000000001,273.654344954989,404.41335956867545,362.9149896613375,372.7023410545777,467.4439025411405,110.00982966001746,139.3718838397371,82.2137517032157,183.61071213718165,0.0,0.7670041162583706
0.5750000000000001,9.038191746786644,442.8713955925498,513.5336219765181,380.0148802626237,409.594416888471,350.4353436367763,11.503153132274084,164.33075903248582,69.01891879364402,125.30220376227048,0.9276278246134199
0.5750000000000001,0.0,424.9396930606354,551.0065646649002,472.1075701914829,213.1130448548292,164.65877107495865,0.0,0.0,0.0,0.0,0.746177758749922
0.5750000000000001,190.64562212395143,551.4273128915278,741.6068088000167,562.614342062615,512.2727107927209,580.3271382501706,0.0,197.17138914041928,59.66415557913404,69.91893231929761,0.783075519802124
0.5750000000000001,0.0,464.0000509033565,393.971295787552,505.4456406657713,309.65095799505355,310.6037301734996,0.0,0.0,0.0,0.0,0.7042489496318506
0.5750000000000001,0.0,264.3375285262812,650.906320243285,569.4188114494697,214.6500231641978,329.4281605506096,147.57189092538616,156.0187668369401,295.1437818507723,0.0,0.7680139048691523
0.5750000000000001,12.559217209050708,400.8483492555494,582.9569987867907,525.3939199119735,577.2006908993093,423.350280088433,50.23686883620466,364.2172990624833,293.0484015445269,0.0,0.764951400170067
0.5750000000000001,319.0414136483146,425.2032777717084,619.7407251182416,371.2886137928125,544.1490312921601,272.3524262851469,0.0,0.0,299.58766891366145,0.0,0.6694551278876831
0.5750000000000001,63.37856258123099,633.1762165567224,746.5263380962318,914.1138833831412,361.3796885641352,723.3687863838593,160.27463421984385,40.221010868857846,170.63459156485334,0.0,0.723508339208052
0.5750000000000001,272.55779356391093,449.7843400831684,1014.0941380253508,796.5597487959382,484.3339195490162,684.5935190455048,0.0,0.0,189.38288003501816,202.8188276050706,0.8459337956454407
0.5750000000000001,254.92811226111135,416.2921833200076,1149.8885063692694,1019.712449044447,343.74615137336104,524.7722310906927,183.7380809115988,73.90203254377967,0.0,0.0,0.7857244649703711
0.5750000000000001,352.63507674535373,474.6201728759544,1143.4350102816554,1196.7158568674351,769.7680204103359,664.6084547805086,272.0127430958201,358.24358691227764,477.42442795941633,138.81062663137243,0.7830463034951205
0.5750000000000001,262.97363937940827,1120.2677037562798,1100.7325191166665,1556.803945126098,994.7917101095336,966.9916396608536,770.1370867539817,510.1688603960523,370.41715489728114,131.48681968970456,0.762213282618409
0.5750000000000001,31.876349940540717,1151.435957608312,1099.3453369737692,1280.496301270014,737.8208803310524,534.123229491499,41.98348528754129,546.5627806878072,472.7029454597261,0.0,0.7243288304963786
0.5750000000000001,0.0,835.4036873599008,1014.1800764549184,991.6241768962022,349.1987413164381,335.83228231868014,445.2701653628269,169.58694853405933,0.0,0.0,0.8275743900595364
0.5750000000000001,0.0,1304.3889236324312,1466.7827253698022,1330.5814722997495,1016.270888291935,828.5576228428232,467.10045123383526,429.55779814401353,0.8730849555774866,0.0,0.7458130418508381
0.5750000000000001,684.8961564653937,1165.7212132492637,1897.208944984412,1188.0851693787451,536.7349471075747,847.0348384041413,196.61644763836523,122.06992720675709,137.9110627984745,205.00293118692107,0.8300370812706419
0.5750000000000001,698.6925534819194,1431.565749867992,1974.4347842280445,1562.2564433250411,931.9251756514248,1359.1832119533174,92.48879844652777,703.7191186148831,661.4959714979909,218.1529267706146,0.8530364016124176
0.5750000000000001,1834.0465774581432,2468.1315512074475,2744.754278799274,2901.380846020218,2321.60992380721,1861.835161965086,1284.590474707254,1452.5850992264902,913.233936296308,875.3404119686596,0.7673747981534679
0.5750000000000001,1752.426913889085,2438.471193036493,3628.284388461596,2887.7010243610493,2439.906432114207,1574.45726825252,1079.299786441108,701.8319090022618,1773.9555000548,363.1154866617034,0.8293170210376367
0.5750000000000001,3146.9654047479,2884.8638996328623,4480.188394099731,4277.496563477435,4483.683080834599,2493.458985327737,2026.9183062229663,655.2537627875959,2273.293721031105,1763.069457740495,0.7575764728344356
0.5750000000000001,3175.151020720026,4743.983018561033,3971.7503027778857,5336.2780141617,3133.915293178208,3158.281859452919,3407.570575955732,2762.7937453018408,2031.796757060513,2149.8808859302667,0.777737700512724
0.6000000000000001,0.0,19.635777591102144,0.0,34.122617947204134,0.0,50.26759063322144,0.0,37.08980211652626,0.0,27.40281850491584,0.753035799880364
0.6000000000000001,0.0,97.15484353540025,47.99813394423523,44.02587458333298,29.12990197994962,17.5441455106515,1.6551080670425464,92.52054094768096,0.0,14.399440183270592,0.8250563095997383
0.6000000000000001,0.0,71.29204604799493,49.78819520199647,88.34014401599366,15.49827087999888,171.8370783819877,0.0,109.26280970399225,0.0,84.46557629599396,0.7768435192056238
0.6000000000000001,0.0,11.524618059763434,29.634732153677376,81.28971667154536,0.0,111.95343258055873,0.0,116.27516435297004,15.43475633004028,99.60562751652654,0.7925087349256313
0.6000000000000001,25.913459664027467,35.48509791830779,0.0,25.21309588932394,83.34328918970964,113.4589315019577,0.0,121.62984220683126,0.0,46.22400913042724,0.7809792497746779
0.6000000000000001,0.0,258.20902261371384,43.84200581397708,152.4274388183621,0.0,142.4865188954255,0.0,97.62493155089084,0.0,123.36936519747042,0.678009784312696
0.6000000000000001,20.33951262545221,76.19727864161909,112.92983129355504,158.76962840464864,30.357481530525483,306.0034138276975,0.0,159.98392766586963,0.0,94.10819274462918,0.7459878527544044
0.6000000000000001,76.2300239046172,241.97787404584915,305.6194536359425,274.14834284963246,171.34271428102022,248.97145422058463,17.48395043683877,219.24873847795877,5.245185131051647,122.03797404913496,0.8093385451053304
0.6000000000000001,25.188767155159454,120.21911596780602,238.529991999615,358.3674599802214,194.25882548448632,169.07005832932694,129.37866766059113,217.15770471644944,184.7176258045017,0.0,0.7428407695517603
0.6000000000000001,100.6873583622289,227.2430103748326,118.5961770432576,346.6351349150248,185.8537405342325,414.2906721544671,70.83932722718065,84.76840842353654,22.684503662636583,287.337046393396,0.758836332431919
0.6000000000000001,441.75814308122256,151.45993477070476,359.0645005339985,366.898635091104,306.40170712234544,115.77109956611343,325.9870435151092,85.3050207329256,282.4640737534122,10.44551274280732,0.838123911579773
0.6000000000000001,457.1255612105343,222.05719861460489,378.1911663904989,368.6496461375276,282.7759638607859,55.948005119695296,281.47484746265343,118.40159223005286,325.7128049991566,0.0,0.7430589179773803
0.6000000000000001,414.44672885366646,328.730573711214,367.9411553189315,336.93743962910844,182.83073517086936,286.7843701308648,341.49680958349427,243.92629255963857,134.50141365438017,1.367810986315692,0.6935750153376271
0.6000000000000001,488.9624903748022,319.99668771632804,285.07079554669934,500.761778269947,270.43967855671974,281.76699493605867,501.7057213015586,108.08147711952655,186.90072025909416,83.53895829762547,0.8148058900224419
0.6000000000000001,783.5082824371617,498.7361169148141,444.3471988150503,533.1140179778723,674.2173432366932,287.3376805270534,460.25339184422666,126.7364412324682,494.1181899063436,0.0,0.7307335319298279
0.6000000000000001,770.7141624245613,352.2955032179781,307.31007742245146,486.70978752268354,350.66952397235656,299.7221742762184,213.0032811764084,229.80506671449635,333.8677384342683,80.21497611732423,0.8564790564542399
0.6000000000000001,488.1953902732178,187.54204668358915,612.4419962010955,455.3755321035897,280.7270011294973,67.98399192280091,447.7566364570688,263.1449342529109,521.015248442846,0.0,0.7700590463593434
0.6000000000000001,633.0444412516136,209.7808089917629,480.0278511635042,705.8507220193429,623.172403181413,278.88507548316693,407.22157039577496,314.6712134876442,641.6824745630394,103.03939735771884,0.7756482476235791
0.625,14.160182531543496,0.0,68.46770076331545,13.033804375625278,23.5734856917173,23.814852439414118,0.0,0.0,17.458861416732642,51.89385075480433,0.8005819309581614
0.625,85.22280994980972,0.0,113.9019964721165,78.86776293634394,46.92957794559308,0.0,26.071987747551702,0.0,0.0,74.14221515710024,0.8128980651751632
0.625,112.02313943712495,23.75663129442481,130.56490044740764,144.857507892834,63.93044681670406,79.18877098141593,10.236597224426957,0.5794300315713689,0.0,139.64263760869196,0.6954838140618056
0.625,111.19368298225866,169.83836644549152,93.11682714771366,168.36699445895877,38.465867647926856,31.109007715263328,39.72704363638354,0.0,29.00704773450228,122.123874882216,0.7758876996063889
0.625,194.32322667049115,55.9045463662594,0.0,155.7515309243384,0.0,0.0,122.55057762385248,3.417745192697158,0.0,104.97360234712458,0.7731224978831928
0.625,63.247158752385246,55.96871588008701,124.48647119517096,140.29826088326746,109.67860466187447,71.27854399078346,44.172618811189686,56.97263903488683,27.10592517959378,154.60416583916404,0.746866289718287
0.625,268.89932639925786,129.42626918997254,187.63854094893264,218.36989253741928,0.0,49.93844633129072,213.6419922930367,0.0,184.3881095309197,197.38983520297168,0.766066759742033
0.625,181.46628836742255,179.786044956613,205.3257448009169,137.10786232205257,39.98979317726533,121.64962294260556,0.0,0.0,0.0,176.76160681715598,0.7246799131188612
0.625,0.0,329.03828293154555,205.923736088562,138.13745285656194,54.22902658559984,340.7634778689726,138.13745285656194,120.54966045042144,0.0,283.96956489081043,0.9046080528567414
0.625,168.93349867808104,199.7223377656928,318.4214147745123,439.9563059098222,420.91583963195694,349.61537016590853,93.1767498704042,200.53257037326156,68.46465533955799,278.31490069985995,0.6583114009953761
0.625,57.5289619311852,287.6448096559258,229.2635668072416,356.25342351459835,189.20636368478657,337.92938378836897,161.08109340731832,301.70744479465986,102.2737100998846,168.32548120606023,0.776341465374525
0.625,214.1244861371842,172.91224194341652,278.63060748395094,501.2663179655001,201.13367003262687,193.96632321631955,232.93877152999104,266.5357097314323,27.77346891319125,259.36836291512475,0.7272559392542147
0.625,156.98930182670176,317.6833659383992,222.748832385379,427.43694863140297,70.3904834149221,407.9869466351744,11.57738214061209,343.61670193337056,25.00714542372228,48.16190970494687,0.8304329400969626
0.625,196.0912133319796,227.407991873942,89.61416628930759,551.1753023385369,357.97486856427696,605.6183173422561,130.0850800973819,173.44677346317593,123.8217243889894,444.2164587029118,0.8279309788321849
0.625,186.4972673541164,313.886111175234,412.7398539804214,515.1604844125998,465.7336130100061,483.5680511449626,128.40795457168656,257.3254645186578,0.0,255.79679839280436,0.7996387311804235
0.7000000000000001,0.0,59.072386448403385,0.0,0.0,0.0,0.0,0.0,0.0,0.0,49.44101909268545,0.7704524520487761
0.7000000000000001,38.546898350490686,33.513704616827894,11.662278163364968,68.50053910692297,11.539517340592756,1.5958906960394548,0.0,0.0,0.0,25.41149031385853,0.773823689251259
0.7000000000000001,73.47355287467563,0.0,40.07648338618668,30.725303929409822,0.0,0.0,0.0,0.0,26.04971420102143,26.717655590791185,0.84300839117218
0.7000000000000001,0.0,10.25252917466611,98.17573391498398,57.47629991858245,0.0,0.0,0.0,0.0,48.93252560636071,0.0,0.7942752914371906
0.7000000000000001,20.27770378433218,60.634310335503166,133.1966817206133,71.36956528014956,42.94101977858573,0.0,71.56836629764302,24.651326169188195,20.675305819319107,35.38658111383458,0.8717930001868117
0.7000000000000001,148.65587849500216,0.0,131.9700145822978,134.57040895830374,79.74542753084658,11.051676098024943,34.02182641941006,0.0,6.0675868773470585,67.61025377615256,0.8279783055038491
0.7000000000000001,0.0,148.25171941492917,110.48948899791884,78.7878634626511,4.895103942945714,13.98601126555936,90.90907322613576,82.28436627904092,75.52446083402052,62.00464994397983,0.8401205465089783
0.7000000000000001,18.750667745135612,177.0283631231922,124.08530125457392,153.86577355567175,13.235765467154504,103.40441771214496,10.75405944206302,101.19845680095254,41.086021970959,117.46741852099666,0.7201082914806091
0.7000000000000001,315.2197704210885,201.7963210201229,298.86730992463026,248.07030497818556,253.9850247322236,125.60081360045588,171.87479755851848,0.0,142.6491234797421,152.39101483933428,0.855418467053237
0.7000000000000001,93.03364849712293,173.917380212905,318.3278196711255,267.64530966896166,4.165685753602416,143.71615849928688,88.86796274352032,0.0,82.96657459258344,51.02965048163085,0.7429115474876461
0.7000000000000001,155.79180473389545,139.19413062180973,179.5566563034726,202.94428800686612,93.17330694739022,18.10655357682089,12.825475450248044,0.0,146.73852794548512,133.91305249523688,0.7909549954879447
0.7000000000000001,287.727475285592,0.4018540157620228,361.2667601700379,235.888307252294,76.75411701054189,0.0,49.02618992296406,6.4296642521919765,213.38448236962208,223.02897874791003,0.8064031178156387
0.7000000000000001,272.305363783437,240.7844856605956,476.7532816079787,218.01940701632105,281.4989532359324,44.65457734069224,95.000424342453,0.0,152.788700900996,78.36440533317561,0.7914147153271924
0.7000000000000001,301.45465138861056,163.70072618442563,285.4148107826436,219.84016830530908,287.7736108717565,24.531520926772718,350.9894532599784,310.8898517450617,214.17904809143857,282.58425067570846,0.8611658390359279
0.7000000000000001,303.4644509686201,249.8190887523305,396.5549324615936,573.795001744826,385.5102990641222,343.4355051689932,318.71656375560457,161.46202157255874,394.4511927668373,319.24249867929353,0.8573277901726684
0.7000000000000001,585.202733154405,416.59427495837446,503.0882242927015,340.50149674652937,342.6912169828413,341.59635686468545,187.22108020468335,414.40455472206224,192.69538079546365,394.1496425361755,0.7679619241896103
0.7000000000000001,935.777045673059,579.7993594284397,655.7187711867706,636.5983267439319,445.3938823155423,176.02056207672345,471.26271891467735,248.00341174388157,623.1015424313398,291.30559474678154,0.8236562398212448
0.7000000000000001,241.0965234056055,361.0707457669663,603.3153478554553,607.333623245549,476.4526533967916,263.4840577218402,144.0838747019212,138.34348128750224,412.73428649673895,254.29942825876955,0.7732702025463734
0.7000000000000001,733.0941995962346,482.8727909737181,739.1528293449635,613.1333305713961,253.25072349688088,304.1432133862064,437.4330678582489,287.7849130646374,376.8467703709569,324.1366915570127,0.8459337956454407
0.7250000000000001,14.13939050635874,0.0,53.15867007679103,0.0,0.0,103.46227091672117,0.0,32.35745135109019,1.9033794912405997,6.797783897287856,0.8020356857007725
0.7250000000000001,0.0,0.0,20.5022457068987,0.0,0.0,20.96557329349528,2.316637932982904,0.0,0.0,17.14312070407349,0.6749855313340757
0.7250000000000001,24.55051704893488,0.0,73.8320696545174,0.0,0.0,38.45044214281713,18.773924802126672,0.0,0.0,0.0,0.5876111218770907
0.7250000000000001,50.860297547075874,0.0,122.31180867596385,0.0,0.0,156.2873110859538,52.91941890525708,8.236485432724837,0.0,0.0,0.7126861321557894
0.7250000000000001,97.8139859350918,40.67964835618304,42.50794715870813,0.0,0.0,47.76430621596773,80.9022220117348,0.0,0.0,0.0,0.6735959713104622
0.7250000000000001,76.48052657406274,0.0,98.40169661121448,0.0,0.0,91.82534560006896,102.29879350670812,32.15104938782256,53.34151375706924,0.0,0.7093027214920566
0.7250000000000001,41.95063405286104,0.0,159.66665566785898,0.0,0.0,72.96867862527951,120.7669768188424,22.373671494859224,27.96708936857403,45.25583552369252,0.7076553032122223
0.7250000000000001,153.77964713747215,0.0,164.0708281122552,0.0,110.55668704338343,219.34917163394687,82.91751528253758,49.10363493682189,62.33515333297151,0.0,0.6613017649307141
0.7250000000000001,186.4277361441229,53.407234019935565,187.4229019954261,48.43140476341984,0.0,280.3050481170532,201.35522391367013,0.0,70.98849739295783,70.98849739295783,0.6970407997558266
0.7250000000000001,165.36995353972554,0.0,194.79388671458665,0.0,0.0,209.6920807271745,112.10890994472383,0.0,1.1173645509440917,0.0,0.6985305504869367
0.7250000000000001,235.45674457453475,39.17406433376673,305.1453432314461,0.0,0.0,309.2689289507899,207.8287202549309,170.71644878083606,29.27745860734145,18.968494308981786,0.6602958514466247
0.7250000000000001,304.2849605132646,86.67787480887596,284.2121895048933,60.67451236621317,13.685980232980414,332.56931966142406,283.7559901637939,120.43662605022766,213.04509229339516,177.9177430287454,0.6377398121811124
0.7250000000000001,250.37543600772156,272.1472130518712,405.2519408899682,11.380701636714615,0.0,240.97398682956597,353.2965638527928,264.7250163322747,0.0,116.28108194034498,0.6936772724121366
0.7250000000000001,494.6169833977788,398.7006920680208,517.4295067410726,167.98312643698145,205.83117652926435,721.1868175118557,454.17660110739433,253.0116225347128,180.94478742748927,161.2430627219174,0.6921076263184149
0.7250000000000001,409.10095650705085,167.28636753630389,612.8471733781902,0.0,94.902843121557,408.5647822521268,269.6956502267976,135.65208649578489,201.06534559651908,142.62235180979752,0.7118807359594138
0.75,0.0,0.0,0.0,0.0,0.0,7.966329115904708,5.101245837377576,0.0,0.0,11.460333114108527,0.7229381342830489
0.75,15.34822797793958,0.0,84.4152538786677,0.0,0.0,24.1345324000934,51.16075992646528,50.82710279651007,18.351142147536457,0.0,0.646684923867422
0.75,0.0,0.0,32.45281793584887,0.0,0.0,1.0817605978616291,54.20822551506608,0.0,22.115994445171083,0.0,0.7994628714863492
0.75,134.52551938955418,0.0,86.80392841344322,0.0,0.0,14.810148923620645,69.11402831022966,0.0,0.0,0.0,0.6721010296906184
0.75,47.63972746271449,0.0,79.79654350004677,0.0,0.0,131.72384643440557,0.0,18.34129507314508,0.0,51.21270702241808,0.7468765154257375
0.75,0.0,0.0,148.37202406569236,0.0,0.0,122.73964781514086,75.1718726578674,0.0,0.0,0.0,0.746614055601163
0.75,93.07878183331164,0.0,117.89979032219476,0.0,0.0,118.64442057686124,162.8258156870732,0.0,45.67065561954493,0.0,0.7845071188452574
0.75,134.74112241558544,0.0,108.92246422816788,26.0876025435365,0.0,77.99386327449056,173.4691096967118,3.227332273427196,88.48269316312894,9.681996820281588,0.7869996350364286
0.75,34.90682281229469,0.0,192.59992586783648,0.0,0.0,187.39452246600305,110.23207203882532,36.13162361272608,0.0,34.90682281229469,0.8176575841878275
0.75,187.61732262729225,0.0,246.6882506816812,0.0,0.0,183.25412907782032,329.92455839468386,98.67530027267247,0.0,0.0,0.7769358346201123
0.75,82.2346751254128,20.093540528381407,218.42422759555348,0.0,0.0,267.1696685069972,165.5856580579579,79.25785430639333,0.0,75.90893088499642,0.8799640978999367
0.75,482.7062656791432,0.0,244.3754439842532,10.793968373862771,39.29004488086049,224.0827834413912,370.4489945909704,183.92922109062164,172.27173524684983,140.32158886021602,0.7443127844862479
0.75,305.29352707267105,18.6154589678458,321.5820536695361,0.0,0.0,546.3637207062742,344.3859909051472,0.0,118.2081644458208,0.0,0.8359850344379479
0.75,416.1436485116792,131.18898010265545,550.993716431153,142.78242485591338,0.0,590.6555011133511,569.2991555152445,280.07321798659933,288.615756225842,109.22245320174572,0.6980231980787931
0.775,7.087879446853044,0.0,5.539951751563298,0.0,0.0,26.070361183827284,7.576698719049805,0.0,0.7332289082951424,0.0,0.794170412386412
0.775,20.450948445990683,0.0,12.14275063980697,0.0,0.0,3.2753472120531955,0.0,0.0,0.0,0.0,0.8575612771594665
0.775,48.59437209081359,0.0,30.52723374935725,0.0,0.0,6.603850566187488,68.90432760569209,0.0,29.53042611672518,0.0,0.6707376020304907
0.775,94.83771481164348,0.0,123.28902925513653,0.0,26.29591183413751,121.9957876895232,112.7275564692944,0.0,0.0,0.0,0.7658008913483078
0.775,87.61676737216739,74.20839663975127,118.36354853443191,0.0,0.0,152.11565417120352,81.37493961742196,5.548291337551497,0.0,0.0,0.8166201009526989
0.775,66.94001842861383,0.0,172.908669509953,0.0,0.0,36.19018664161807,65.28425825546789,33.35174063051077,0.0,0.0,0.5921036160172103
0.775,0.0,0.0,57.96613590333087,0.0,0.0,40.726207552771264,0.0,0.0,0.0,0.0,0.7807649968566576
0.775,51.45069176768507,15.274424118531506,192.13617706994893,0.0,0.0,53.05852588542523,129.96659118399614,0.0,0.0,0.0,0.7010994317369557
0.775,63.30917989742294,0.0,183.68578956153695,0.0,0.0,158.1243366452066,216.67789739540527,0.0,0.0,0.0,0.7785889906580162
0.775,0.0,0.0,147.4350085458163,4.124056183099756,0.0,214.10725017259568,164.27490462680697,0.0,70.79629780987915,165.99326136976518,0.7848004992614096
0.775,495.5892660472501,21.088904938180853,302.83667491227703,97.43074081439556,0.0,273.7339860975875,412.4989805908175,280.904213776569,278.3735451839873,96.58718461686831,0.7505763623034478
0.775,279.98168889823904,145.40007336910094,318.92813712210534,54.09228919981434,0.0,363.93292173635086,328.44838002127267,248.39179200554744,173.96080206660292,189.10664304255093,0.7800163289897128
0.775,135.94926801660807,94.22690645289042,215.64366650910245,0.0,0.0,281.2743476205684,164.54549335803253,197.3608339137655,0.0,53.442126047908,0.7432506499920859
0.8,0.0,0.0,3.211102936419433,0.0,0.0,2.905822023449979,0.101760304323151,0.0,0.0,0.0,0.6996356406518467
0.8,0.0,0.0,26.192002521576228,0.0,0.0,4.5317541019736,20.96896389557276,0.0,0.0,0.0,0.6539480749407497
0.8,49.13075179540221,0.0,64.27830261704095,0.0,0.0,40.70081046857716,91.14874059629578,27.79246281187632,0.0,10.405708825299662,0.716836795503978
0.8,56.73690122226278,24.59796034003165,71.81886230666174,0.0,0.0,103.59870887735956,81.15531440652778,0.0,0.0,41.295845826330506,0.818119397966457
0.8,46.79658423900343,0.0,111.4314703908943,0.0,0.0,7.413320275485692,0.0,0.0,0.0,44.47992165291415,0.5554853576353355
0.8,20.294430682761444,0.0,67.56560459016919,0.0,0.0,51.97354199243784,11.137187569808107,49.49861142136937,0.0,0.0,0.7661051061449736
0.8,130.66859738097105,0.0,104.9424212884212,0.0,0.0,48.9052060373225,58.58436139887591,16.811164575329613,0.0,51.70706679987744,0.6122088176811413
0.8,102.0092161479424,0.0,167.6826956732668,0.0,0.0,104.43159858945027,155.30162986111552,0.0,78.05454533747572,71.32570522217608,0.6777810314497189
0.8,47.927174678159325,5.196922555463059,154.46408706515206,0.0,0.0,157.35126626263153,87.19281176388021,46.19486715967164,77.08768457270205,11.259998870169962,0.6758760200245967
0.8,92.20895430418054,9.562410075989094,193.6388040387792,0.0,0.0,219.9354317477492,145.48523901326266,157.77976625382007,104.844996190309,104.50348154473797,0.6726707476771713
0.8,221.50531885913804,61.91829212701364,311.80282821103293,0.0,0.0,281.21224341018694,139.68471854844145,88.8232643012517,108.72557248493464,160.69271052010683,0.7794283508112826
0.8,192.61999555764487,54.13503143123353,359.22160391578217,35.250718141268344,0.0,298.7918013878936,253.8891008984208,158.20858022926387,135.54740428130566,109.52901708179806,0.8117501077791811
0.8250000000000001,0.0,0.0,1.3934284792319211,0.0,0.0,0.248144797671438,1.0116672520450931,0.0858962761170362,1.0402993440841055,0.0,0.8039508754921074
0.8250000000000001,0.0,0.0,18.35239035872811,0.0,0.0,1.1361003555403115,9.176195179364054,0.0,0.0,0.0,0.8185715067912563
0.8250000000000001,49.013949159992364,0.0,33.826528293515864,0.0,0.0,20.907358595409217,21.893554755570037,12.228832385994073,0.0,0.0,0.8427680870470821
0.8250000000000001,45.034634804231366,0.0,32.855456838307155,0.0,0.0,60.61265313273906,7.505772467371893,0.0,29.31499812728268,0.0,0.8122422199502585
0.8250000000000001,86.77154471385816,0.0,86.77154471385816,0.0,0.0,31.390222893902173,36.54718808361467,17.04040671383261,0.0,14.349816180069563,0.8182860391249174
0.8250000000000001,48.38099838407464,0.0,191.76010297021253,0.0,0.0,88.44651267088646,120.44852722701916,0.0,0.0,0.0,0.7839049382953681
0.8250000000000001,0.0,14.342967892228478,146.29827250073046,61.80515255378453,0.0,192.45655099026573,110.04968091855304,16.42921776746171,0.0,15.646874064249248,0.8528387046016991
0.8250000000000001,177.47939948178302,122.32426302744427,239.18762145544912,0.0,8.46440212913119,241.3719832952249,126.4199414770239,0.0,123.4164439473322,86.00924744117177,0.7683696742742165
0.8250000000000001,132.62409588032168,0.0,183.23065878202337,0.0,0.0,85.50764076494424,62.821940153836586,23.55822755768872,0.0,0.0,0.7290972393392984
0.8250000000000001,0.0,0.0,179.15153432132735,0.0,0.0,177.40655184417156,75.03424651769879,43.33373151603535,55.54860885612585,1.7449824771557858,0.7751301451127306
0.8250000000000001,237.93150226151343,15.838103024972147,320.36162936875485,30.956292276081925,0.0,251.2499070779673,156.22128892813438,144.70266854633647,63.3524120998886,130.30439306908906,0.8155591838046619
0.8500000000000001,1.684238994358177,0.0,5.822239971876113,0.0,0.0,12.428522234229307,0.0,1.7858741060866876,4.907523966319516,3.7314605306038926,0.8307699236379601
0.8500000000000001,0.0,0.0,0.0,0.0,0.0,18.028854481124128,13.101714126034304,21.16430743436311,0.0,15.901225691426252,0.7391886013261659
0.8500000000000001,7.361009684756378,0.0,20.038304141836807,0.0,0.0,0.0,16.28964180237754,0.0,3.9531348307024983,0.0,0.6715215729350646
0.8500000000000001,0.0,0.0,109.54211321424322,0.0,0.0,12.108035920950162,0.0,0.0,46.72277390672533,0.0,0.7412353334819605
0.8500000000000001,14.792310134486309,0.0,90.52010679312517,0.0,0.0,37.53272720690556,66.89656672760226,0.0,4.8571764620701305,0.0,0.7179860514024936
0.8500000000000001,171.70764993141833,0.0,152.09119734281416,0.0,0.0,91.45852570531036,47.13043803755547,0.0,0.0,8.91656935845644,0.7669067285683617
0.8500000000000001,90.05094129607026,0.0,112.49917021514796,0.0,0.0,146.81657764316327,113.78929831394554,62.70022560156183,13.93338346701374,49.28289337406712,0.6939292630600354
0.8500000000000001,63.61699593683811,0.0,151.2251471210431,0.0,0.0,67.1213219842063,190.0422971841986,50.947509457891535,10.512978142104602,0.0,0.7702877045398445
0.8500000000000001,174.5839015441863,42.28873556225789,168.8692075492866,0.0,0.0,222.5873311013439,128.0091454857536,196.8712081242952,94.2924509158453,22.001571880363905,0.8082784800995814
0.8500000000000001,158.72060461991333,0.0,116.56044401774886,0.0,0.0,59.21022555156924,145.70055502218608,68.82026215941555,175.46066838841983,93.31035545037874,0.8081029387883395
0.8500000000000001,89.76301146276751,0.0,117.1715645811698,0.0,0.0,150.06182832325254,73.66048650570616,0.0,17.13034569900143,0.0,0.7629871175147199
0.8500000000000001,217.86143926886663,32.52792322417106,251.1458258238324,59.00413980198472,0.0,178.52534606754352,262.1145441203552,86.99328304138773,144.10626451638575,66.94700477532882,0.8109797711512089
0.875,0.253534791179639,0.0,1.5442573644578017,0.0,0.0,2.005229712057145,2.5929694552463083,0.0,0.0,0.0,0.7591780414892381
0.875,0.0,0.0,0.0,0.0,0.0,2.9425541965521105,0.0,0.0,0.0,1.2373284430731488,0.6442061519066969
0.875,11.278264121473892,0.0,7.875882766392383,0.0,0.0,0.0,2.6462966095078406,0.0,0.0,2.898324858032397,0.7660071097819021
0.875,62.50864534736061,0.0,60.47348015000469,0.0,0.0,10.757301757452757,45.93658588317664,0.0,20.933127744232397,25.439564966949085,0.7041330582807395
0.875,30.87156738947003,0.0,20.52716784535442,0.0,0.0,41.53922941933926,89.38207731087397,0.0,21.98184903124568,0.0,0.8168146734416963
0.875,0.0,0.0,71.34373874134481,24.11619337735599,0.0,88.92846307900021,58.28080066194365,0.0,0.0,82.14578369161885,0.6792198263610595
0.875,0.0,0.0,94.95652491763916,0.0,0.0,102.1180505399192,150.12679637816692,93.63031646906876,0.0,0.0,0.814675796299871
0.875,95.06457192082952,13.14127905964408,69.34121716578153,0.0,0.0,274.28925015980514,114.6366896692356,89.47253827842778,46.13427754981432,40.2626422252925,0.7619973069064581
0.875,177.35917827132687,0.0,179.9337469881687,0.0,0.0,206.823686919628,131.30300455893394,0.0,118.71622416548492,0.0,0.769470459507851
0.875,120.09719307075832,0.0,280.7426652453036,0.0,20.11937512783322,170.8599241625221,104.93027951285325,177.36002997305283,124.12106809632496,64.07247156094579,0.7815970529331728
0.875,153.93509163489796,181.34819014522225,146.90609201686607,0.0,0.0,236.87728712767404,89.97119511080793,150.06914184498044,0.0,50.608797249829465,0.7742302828570464
0.875,200.57978622269525,52.90434589175453,290.7835990021616,0.0,0.0,304.10483717634435,280.88782207276864,0.0,54.426773111661134,52.52373908677787,0.806100404412528
0.9,1.4000394391349338,0.0,3.743161000464927,0.0,0.0,1.827829267759497,0.0,0.0,0.0,0.0,0.9328934958558044
0.9,0.0,0.0,2.8983728358686567,0.0,0.0,0.3024389046123815,0.0,1.0963410292198832,0.0,0.0,0.8541271437405197
0.9,27.178936773486537,0.0,0.0,0.0,0.0,18.627308692109157,0.0,0.0,0.0,3.132774643672903,0.7746506730522527
0.9,8.770485130495024,0.0,5.799836941133806,0.0,0.0,14.71178150921746,26.169995953896443,14.14594375886294,0.0,0.0,0.8533005657215675
0.9,113.44800827436516,0.0,107.59392955558118,0.0,0.0,31.69277099479596,106.38274085514314,36.53752579654821,67.01910809090612,0.0,0.8166769104385385
0.9,72.71226874317458,0.0,214.88849181831665,0.0,0.0,150.9216849514689,114.94035608886703,11.99377628753395,95.700339960948,0.0,0.8756096508104042
0.9,72.8210708464254,6.091496420613531,152.84118291721222,0.0,0.0,117.67663539821594,199.9118370764986,0.0,99.67903233731232,39.59472673398795,0.7901426198404511
0.9,172.35703125370202,0.0,145.47820162089,0.0,0.0,26.047525623549824,0.0,48.769835210050736,0.0,0.0,0.2
0.9,215.3345142285758,0.0,80.30918358524754,0.0,0.0,159.1475030022671,87.95767726003302,126.20014563396042,102.0779732750216,10.590222011241432,0.7462075837299877
0.9,180.598064530052,0.0,157.75318115360096,0.0,0.0,126.26428785092524,74.09151365335467,11.731156328447824,117.0028486442559,26.240744418896444,0.9216214609656732
0.9,249.60968326181649,64.71362158639685,117.21089624066778,0.0,0.0,115.89021008584336,122.49364085996548,32.02663925449232,10.565489238595404,0.0,0.8029645207942347
0.9,105.45671261291642,0.0,207.91109888809856,47.28663981931484,0.0,337.3864222028892,369.28613954131583,0.0,0.0,183.5171973940076,0.7992385286417918
0.925,1.3297722614304563,0.0,1.8284368594668776,0.0,0.0,0.0,1.8521827927067072,0.0,0.0,0.0,0.9222610324862429
0.925,0.0,0.0,6.44353783806527,0.0,0.0,0.0121347228588799,3.2399710033209552,0.0,0.0,0.0,0.8354936323854438
0.925,0.0,0.0,12.959386671740765,0.0,0.0,8.672820311088051,26.11814852304677,0.0,13.557512210436492,1.894064205869804,0.8937794547373227
0.925,15.517291084968765,0.0,95.84209199539532,0.0,0.0,47.16039447392468,39.2496186266857,0.6085212190183829,35.446361007820805,12.931075904140636,0.8558961911295351
0.925,51.188911533137286,0.0,64.9271120548984,0.0,0.0,102.37782306627456,105.0125464540096,0.0,1.6937507492582191,20.889592574184704,0.8011022025584686
0.925,85.30447258771657,0.0,42.01563575215891,0.0,0.0,79.19310738740255,78.17454652068355,0.0,0.0,0.0,0.8768566190245626
0.925,107.74805388411362,0.0,143.0161024492745,0.0,0.0,95.52920241271929,77.75632754523662,27.21471464083282,0.0,0.0,0.786039425613288
0.925,44.24451283855843,0.0,96.76703130497616,0.0,0.0,0.0,3.425381639114201,17.983253605349557,20.552289834685208,28.830295462544523,0.871715360556165
0.925,135.8253058764312,0.0,81.61564942907506,0.0,0.0,51.80033838302919,112.6356195072844,60.23295160817349,0.0,127.69385740932778,0.7682652868439879
0.925,145.5272171871521,0.0,197.16590715678672,0.0,0.0,134.57355567844175,126.12358822886516,77.61451583314779,0.0,0.0,0.6706536051478579
0.925,139.0106209291081,0.0,156.55899139293112,0.0,0.0,201.29013179091143,291.7846696729793,135.5697639754173,82.92465258394813,127.31170728655938,0.826121487459213
0.925,167.34313647257144,43.34337994222008,316.2182241001969,0.0,0.0,134.92982625491123,7.914878076405406,94.22473900482628,171.48902498878385,130.78393773869888,0.8595226246580455
0.9500000000000001,0.0,0.0,3.409349893056064,0.0,0.0,4.706385178457828,0.0,1.6552640785127268,0.3829342271186159,2.01349287162369,0.756999965802185
0.9500000000000001,1.4623717185127525,0.0,0.6042858340961786,0.0,0.0,2.3567147529750967,3.359829237574753,3.3235720875289823,2.272114736201632,0.0,0.5996263281319643
0.9500000000000001,0.0,0.0,31.59125384652479,0.0,0.0,4.212167179536639,28.537432641360727,0.0,15.795626923262397,0.0,0.6503134556817807
0.9500000000000001,62.98105182880314,0.0,32.19031537916605,0.0,0.0,42.764911735607065,57.53824488063497,0.0,15.084350684923225,0.0,0.6926939002122696
0.9500000000000001,31.36419280603796,0.0,60.2907540468398,0.0,0.0,93.7675608760824,71.50385924692591,45.5024558844074,0.0,0.0,0.6495813437221375
0.9500000000000001,81.9026178392017,0.0,206.77883145823145,0.0,38.67623620184525,17.44222416945962,152.42987208962538,0.0,49.29324221803806,0.0,0.6749216206625076
0.9500000000000001,13.924658257573324,0.0,100.25753945452794,0.0,0.0,108.8908275742234,275.98672666510333,23.11493270757172,26.45685068938932,0.0,0.7543689764892827
0.9500000000000001,186.64116794251885,0.0,134.35827426222014,0.0,0.0,108.6549522294476,87.3328782704431,0.8762496147536096,12.559577811468404,79.73871494257848,0.728255502157546
0.9500000000000001,215.03397151712863,0.0,227.7767253848104,28.034058508899736,0.0,67.21802665202097,219.49393537081724,20.70697503498276,159.9215610394053,5.734239240456764,0.7667007536039919
0.9500000000000001,105.5919601683466,75.55831880309832,171.3498275785744,0.0,0.0,69.55159053004866,216.55836142310605,14.226461699328134,57.85427757726775,0.0,0.7121218922267993
0.9500000000000001,135.88109190105325,0.0,341.2992438872408,0.0,0.0,126.6567880122089,206.8372756613944,114.2394558541492,68.8274982475309,29.446816260541567,0.6833471775309519
0.9500000000000001,165.54761552688538,68.27462635920328,164.0793439922789,56.528454082351104,60.56620080251904,118.92999430312828,227.21501998035927,18.720462066233157,113.0569081647022,90.66576726195274,0.6767435008733523
0.9750000000000001,4.546600361480074,0.0,0.0,0.0,0.0,1.834795577348558,0.4269650085653877,0.0,0.2654106810001059,0.0,0.6639971565357352
0.9750000000000001,0.0,0.0,2.057491845001349,0.0,0.0,0.0,3.8127532494940266,0.0,1.115927780339715,0.0,0.6578361677965343
0.9750000000000001,37.81100135150038,0.0,87.47321208182923,0.0,0.0,15.660526679166203,89.44841364496732,0.0,19.046586501688623,0.0,0.7410251383843576
0.9750000000000001,46.29646256017888,0.0,110.89254038907713,0.0,0.0,52.86555522074481,69.91391474459446,0.0,0.0,19.394464045480344,0.6801452528853709
0.9750000000000001,56.20244443277801,0.0,60.975802727068746,0.0,0.0,39.880638652300014,97.31491748360466,0.0,4.003461795211584,22.94291567255869,0.7677923478743813
0.9750000000000001,103.72223984903364,0.0,52.98581891083163,0.0,0.0,130.21514930444943,49.48675539785219,6.248327701749014,0.0,42.23869526382334,0.7568352182932528
0.9750000000000001,73.95292279628582,16.769993645254406,186.39435559807356,0.0,0.0,139.38338980563907,169.89927988142986,0.0,16.22015778803295,0.0,0.6923734947121396
0.9750000000000001,85.44521382807355,27.906349297384292,168.30117875226608,0.0,0.0,108.74845396300272,171.17812197880056,0.0,29.92020955595841,0.0,0.7326911868118273
0.9750000000000001,245.5530678462472,42.22314947112299,78.15774476569574,16.769477804133953,0.0,144.93620102144345,162.6040437079417,0.0,65.58063641259527,0.0,0.7103463929033211
0.9750000000000001,79.26769183054164,65.44193162754019,212.91670712622232,0.0,0.0,142.2517105331038,268.52698705385035,0.0,0.0,32.87458537158122,0.7206441672448837
0.9750000000000001,185.18435577727257,0.0,214.9461272414771,0.0,0.0,79.69541025414766,283.3982016091475,0.0,36.706184805852246,0.0,0.7774581978423989
0.9750000000000001,398.7226343526717,39.58175514065685,321.0116655444097,1.0894061047887205,0.0,254.5578931522977,234.58544789783787,86.42621764657184,0.0,0.0,0.7092561377136692
1.0,1.0102986835525032,0.0,0.0,0.0,0.0,0.0,1.2785195729912209,0.0,0.0,0.0,0.6593657632027403
1.0,0.0,0.0,0.0,0.0,0.0,1.6724766817953765,0.0,0.0,0.0,0.0,0.7513962781190606
1.0,0.0,0.0,2.440557978307356,0.0,0.0,0.0,0.0,0.0,0.0,0.0,0.6842951858258842
1.0,0.0,0.0,14.194409122222613,0.0,0.0,9.887140147203336,0.0,0.0,0.0,0.0,0.7677838264515061
1.0,51.16845357812797,0.0,97.14590461934442,0.0,0.0,22.395468087818333,77.56840933727807,47.16396590679623,0.0,0.0,0.7193182338454096
1.0,77.46184506276153,0.0,113.61070609205024,0.0,0.0,51.87596290566758,11.736643191327506,42.48664835260557,93.42367980296692,29.10687511449221,0.7245823428269337
1.0,36.67213745672024,0.0,102.46626642318893,0.0,0.0,135.90262704549266,125.92564847270847,73.88357105250991,0.0,0.0,0.680413349958925
1.0,97.0862569596712,0.0,189.82536808532728,0.0,0.0,158.52591808041834,91.57987223658536,16.22934444698981,0.0,0.0,0.7223461794406095
1.0,117.456053257273,19.727760883004507,220.34391386248112,0.0,0.0,0.0,226.41399413417483,0.0,62.521826798445055,0.0,0.7588320717204813
1.0,252.76096477033997,0.0,197.12175868881852,0.0,0.0,220.3312560828246,38.78847509683204,33.701461969378656,192.67062220229687,0.0,0.7386448209277179
1.0,246.41210545955505,0.0,269.3573622432383,0.0,0.0,51.211152821553945,155.96123813836883,0.0,124.70248252001772,0.0,0.6836524270718239
1.0,306.33904123580504,0.0,115.3112944334323,0.0,0.0,79.88433048099225,128.5095751215962,108.01750773734167,9.37772575211648,0.0,0.6528426139913172
1.0,128.98054856627758,0.0,247.50321481637047,0.0,0.0,304.0532451187024,221.16484453857203,224.2634763359601,79.40243980806878,155.70624781874952,0.6228825085061392
1.0,114.92561877632512,0.0,331.18350357048524,0.0,0.0,305.232557395186,241.38499140833875,118.22097702080754,107.92298250679993,0.0,0.6944129552537467
