frequency,760.9279395940434,761.0399868016152,761.1520149169221,761.2640239362568,761.3760138559118,761.4879846721799,761.5999363813538,761.7118689797261,761.8237824635896,761.9356768292369,Max_Oxygen_LifeTime
0.2,0.0,95.25814034019292,0.0,41.145531822334654,15.460745290816648,69.19930351938102,92.26573802584136,0.0,0.0,27.180987688693836,0.45973694591830416
0.2,56.06504771695696,83.1309328216948,31.635450122420878,148.86236807605815,15.290467559170075,101.23344039174675,150.26838808149904,136.73544552913012,206.15768329777592,237.7931334201968,0.971616363897645
0.2,0.0,92.36100965511852,0.0,198.7677028061768,0.0,266.4423596502499,160.88692004440006,131.73148612101008,134.2852467566355,337.5220306751568,0.9117780783164717
0.2,10.262133652321204,151.2314432973651,0.0,241.43019697829365,70.75471097126724,206.863009938896,271.6764856377667,236.02907400338773,299.2222128097868,242.78047772202012,0.9391676774955388
0.2,112.53418389989548,156.44355004775184,0.0,206.92617460097603,18.40512353502962,157.49527139261076,295.533697905333,270.29238562872087,212.97357233391432,453.81776030658784,0.8415457954533347
0.2,54.61472197344597,247.0529831678394,121.8108458674764,279.9361927330032,32.02538670694212,318.2522804002376,291.0878898898849,279.0783698747816,261.06408985212664,406.6080347970691,0.8653322467273351
0.2,0.0,322.9506309209148,263.6009548572472,279.7011329383485,270.23043994946534,290.4345849924161,165.7371273054548,296.432690552042,438.1773956189929,473.2189596778605,0.7316352996703497
0.2,70.5901734989158,367.5557309771133,87.28144605038361,183.25626322132328,156.4806801700104,378.335511166603,406.5020335972048,446.8392755965852,450.3166240448077,478.1354116305873,0.6677301296999959
0.2,73.88112575143192,450.982705107699,329.771483171756,299.7572758352368,225.8761500838049,632.6071392466359,351.70494237921235,444.825944628413,587.2010307119017,721.1105711363721,0.7000370427067865
0.2,165.2495618391862,364.7324088675644,364.7324088675644,583.233747667716,210.04867579047445,579.8526824638452,642.8250218859391,728.1969182836772,637.7534240801328,905.2802083364114,0.6751327152436368
0.2,260.982008508105,712.4350969098447,495.8658161653998,702.8199702805987,613.5366515804576,745.4012453529738,865.8192598049592,625.898957246631,746.3169716986163,827.8166164607965,0.5234310677705861
0.2,308.5168090889177,700.4722209698297,563.4680953977896,639.6959547386239,787.5161954874042,932.2461176142588,886.9214444926816,991.992277638156,1058.434128009559,1212.4350060021904,0.6944522570889506
0.2,678.6778992561127,913.7754722010408,744.6604727949014,582.19917828343,815.078849596802,836.1489150965832,1316.324618328441,898.8046361880382,1504.8462570106944,1722.200616903175,0.6630253734709786
0.2,478.6922518696536,1019.481861349602,737.9336477184585,844.0417539263412,1099.6658279726046,1175.6295858259753,1232.9038476995484,1435.4738686418702,1269.6799526920531,1556.6541490270097,0.79822163316433
0.2,930.5332670596893,1469.8493788837204,1004.5827453538756,1138.264989354,1107.4656488245596,1349.2732372365494,1690.6872035309843,1478.36834541314,1807.986819589917,1885.9681285899896,0.7036243975064377
0.2,886.1856331424641,1486.031252262094,919.9590706938752,1699.6849550329778,1225.3884189848986,1566.7938203198164,1939.770043713662,1864.1469118050677,2215.09698027408,2256.9466746312632,0.7339582087744879
0.2,1112.3766560388149,1741.854807662536,1701.9525703668542,2013.8414863718804,1736.9688194222483,1921.007709806416,2051.3007295474185,2221.495986584104,2416.9355161956087,2784.1989655905622,0.7500676178642665
0.2,1401.68641188341,2321.8566068023174,1829.396839452258,2073.802798063028,2085.6583109807148,2434.939960786405,2754.1268470318137,2962.054304357395,2972.085892210822,3840.2742227983344,0.6612667032813783
0.2,2021.1762256775455,2839.448941186431,2560.298613760224,3550.110270931778,2737.1648517478206,3426.516996193457,2806.41970397188,3698.2091087647664,3973.097599131033,4698.675358586177,0.5525249130712094
0.2,2415.6939709700446,3122.7263527173745,3035.480369713297,3196.375559149388,3748.178075032321,3402.593337159026,4209.335413768159,4279.585426057157,4553.787086927115,5294.811410104605,0.5601010204217014
0.225,0.0,137.86835301371758,66.57130607517813,28.765379168286817,31.641917085115523,63.07836717617188,199.09751724335675,86.91253848703809,132.32074417411943,263.2032193898246,0.8247662403650454
0.225,0.0,150.37662856530025,0.0,150.62518497615207,9.942256434069453,245.57373392151527,289.5682186422725,175.72938247217735,275.40050322372355,354.4414418745757,0.7810588398643363
0.225,0.0,310.84287258367584,53.75274128521208,187.8631160069028,146.59838532330562,289.12459327651953,244.3306422055094,338.8051571916397,359.4375225334383,330.6608024514561,0.8336496532846075
0.225,10.262133652321204,151.2314432973651,0.0,241.43019697829365,70.75471097126724,206.863009938896,271.6764856377667,236.02907400338773,299.2222128097868,242.78047772202012,0.8326921862102807
0.225,110.77298634422148,319.703146699017,204.93002473680977,198.16056446021847,172.92893979292356,345.8578795858472,204.93002473680977,283.70192613714505,330.16503985374914,538.4797947288546,0.6972630871582721
0.225,0.0,151.46716072369057,235.10337555807627,233.45699337629705,232.4691640672295,158.05268945080766,356.93565700974045,458.352799407342,432.33996093523,529.4765096602055,0.8245197440059927
0.225,132.07492311651768,343.186808098038,157.0339637054659,236.0709255704686,218.73825849481008,244.39060576678477,458.2757174804104,238.4974989610608,300.5484470919182,466.2487443352133,0.8684417707442
0.225,166.3853603291885,424.7107296098525,13.772390004876945,278.4256141526465,80.02875273104146,402.3771241965387,387.8602806778846,544.1955185710818,391.2103214898817,748.1757813460155,0.7852449718092277
0.225,169.13487922089732,451.431943819805,264.85629767684884,462.383123049935,450.2151461275684,442.5087607434029,357.3329222868358,469.2783099726096,612.0492391950456,1048.0684122465198,0.7001181046785798
0.225,210.29385383571915,617.9609645553866,599.248375866615,589.0010058703829,752.0678501582498,568.951803703842,806.8690027467953,946.3223422607364,558.7044337076098,982.41090616051,0.8729390368811302
0.225,189.43924017347493,690.6440640495281,258.4560487793893,805.8307377228471,465.9824525875176,875.7995023095326,677.316680318731,657.3256047225351,761.0888066265993,998.6018238290214,0.9409197834843136
0.225,264.39202318296304,961.425538847138,341.7240773945807,868.4180682412738,685.0156964285859,857.4452767653011,913.3542619047812,808.8514859431359,1047.1178151356876,1082.1262450828388,0.8786739544765398
0.225,493.3910308540629,1018.7767019341572,656.732088850118,886.868974686484,794.8142203519376,1059.190984324934,819.5118373685232,1177.0659746313652,1331.9873904626754,1549.7754677907485,0.7488796733202973
0.25,0.0,78.81165274449265,0.0,34.21033202296434,49.71688438851361,85.04624596363104,84.24693914066457,9.27195914641089,33.5708865645912,133.16451670621174,0.8907084191471129
0.25,0.0,123.72649928017132,0.0,141.37400936558765,0.0,159.79723418003323,198.9708279960122,97.54612717543289,37.2343069934058,190.6318946589474,0.9102083319707164
0.25,58.52798235836983,139.71195788772147,24.307992673032658,109.26796706421464,165.6719500628049,106.19996798897756,211.69193619136183,83.07197496026686,233.87592950461493,136.17195895475567,0.9443221441693939
0.25,0.0,54.08848243215492,57.239267816552335,265.19110318677906,54.876178778254285,207.42670447282725,217.1416260747191,132.8581170420893,223.7057622922136,174.60602338535458,0.843301338754155
0.25,0.0,319.3242437802349,0.0,315.50176204069254,149.37082489904174,370.4866916787257,85.85882061126023,240.5223125342838,271.69024056439883,455.1693640624344,0.8709211639441403
0.25,0.0,83.85630783241353,128.414641145578,234.85954850480405,178.5427661228879,493.2359951471117,273.8480901538229,192.77667815348207,353.37233780301216,363.274189650382,0.8162583665516217
0.25,74.58420647622809,277.2156346904052,16.830949249060335,348.16963642663995,239.92353145229123,204.94155850326396,374.57112544477377,434.96453157375487,449.8153691464552,405.5928750410811,0.8839646218926953
0.25,220.7125224103366,324.14875403498274,176.64286034490635,149.32695410600329,299.018120295192,369.3110523499692,486.5873431356595,389.7069290083502,810.0076730042716,528.835944785163,0.8620823431292292
0.25,194.36912264022948,280.2350001118168,261.110327402236,559.6894013375282,333.7060238100325,648.2873749104842,592.4745545539525,420.74279961077787,582.7170684776357,549.1513163751063,0.920458161603352
0.25,272.0898099015019,563.6146062245397,291.52479632303783,497.2821525684282,452.9196835627486,552.2071141945079,821.7619258671137,724.1644940546186,750.3594757532104,870.3493919209535,0.8298172285604452
0.25,227.1632818277617,614.3633179764514,376.5309191939612,338.7444633126309,611.6960387377693,492.55756607663415,682.3789385628459,641.0361103632728,608.5842129593068,916.6549650270932,0.8914172453042928
0.25,452.4339674113034,716.5135394914181,484.06600326844966,328.7814636060955,578.4828375693255,671.9411253290758,934.5828775975016,856.9406077663248,904.388661552044,915.891220045552,0.8738477512417712
0.25,283.0179536736358,439.7902387981544,539.1310927384434,660.2027584781706,659.6853581972316,817.4924438836283,859.4018666396877,677.2769677491577,1211.75145795915,1400.0851602209482,0.9391192474088602
0.25,651.9309838316474,851.5575015317742,503.7151309638819,863.0428628241102,697.8724290009916,935.7834843422388,1024.3848428831168,924.2981230499026,947.268845634575,1195.024496369253,0.9311141893419929
0.25,869.6963982198779,1141.4386966198258,777.7034597860427,932.6389350430286,745.6269746742448,1494.8852495498252,1290.9272215748083,1438.6000964291231,1344.79150789462,1640.742474303472,0.8825515117549522
0.25,727.2453495066289,1381.5742787461024,1077.1162432446467,781.6128558461747,1060.486182481962,1127.646043254342,1100.1424812237483,1234.4622027685082,1747.4356155251633,1841.459420606495,0.9153880401320287
0.25,686.3215604970131,1144.3169658384645,979.1162771082636,848.8360591665603,1184.6098167482694,1530.4567870574297,1732.5925891216182,1297.4297992957231,1604.998561240569,2097.2428898553544,0.8366406301068983
0.25,839.6774622701589,1537.9950824072944,999.4140838804756,1274.3589768292056,1588.1778263645176,1630.585779004425,1658.1509482203642,1766.291227452127,1930.268644326434,2004.4825614462716,0.7023520808996986
0.25,1176.3511976614077,1201.2674938891523,1143.129469357748,1276.7714218520157,1547.8305232386947,1671.65696509779,2166.962732534172,1613.5189405663857,2082.398333215765,2388.94428074499,0.755610973873429
0.275,0.0,67.89516235654992,26.921024475539745,57.05902671859683,0.0,49.43986884816108,52.31821737699235,68.91105007260803,75.00637636895668,201.6537116375336,0.7349682530279553
0.275,0.0,131.35284916263672,43.78428305421227,23.639401648987796,0.0,64.95696453113179,83.25180580730498,65.98476460282689,105.2467273415806,192.40417342132707,0.7725901930008846
0.275,0.0,218.87581817033583,63.10998212902775,138.03831297135653,0.0,107.07423934250778,183.42077203043263,238.73064400868165,215.3303135563456,265.67647907500816,0.7802447031227839
0.275,13.060548248726269,185.51309349211192,78.36328949235765,148.19724135289405,118.6111014425141,207.6360629746483,299.3264425167266,214.56614980050307,195.9082237308941,318.5174521883244,0.7744336608163489
0.275,0.0,302.881918261094,226.71161406473968,141.24493415938144,255.20050736652573,215.01617365663807,321.17478659171456,241.7057684341008,221.6136015791569,435.7301259736333,0.8173128926325012
0.275,11.567218737686536,269.5804589144173,61.37052163605929,182.8263183817681,276.32800317806783,379.46903692243967,248.69520286026105,335.7706550245127,224.59683049008072,426.38053513639073,0.7840962965634557
0.275,209.1185676887725,482.2883523020861,190.42253680269025,342.4143434506556,226.77593019229465,430.0087103798932,370.4583897797791,391.2317574309816,440.7416169996811,581.3080714394852,0.80167380927598
0.275,145.77189575736645,350.718521475644,170.3077593996955,172.83351006875876,181.1324051242524,428.65597069245393,330.8733376472897,348.1927708065808,440.56308098946647,660.6642107221238,0.7916037598162216
0.275,190.0634316695965,339.9726172118134,310.1437486600458,276.4906661913848,215.68566491278156,372.0960141137172,437.8724934842817,433.28343678400967,408.0436249325141,646.292151954966,0.766825166377979
0.275,244.94646131136744,748.7281008125819,370.3657834261226,646.0357699535207,345.53444112823485,611.5244128615411,529.4547222159798,966.7388687838678,738.2063456016127,1223.89056613996,0.8298172285604452
0.275,302.9472203113866,401.0110604121823,389.62865040048285,481.1257154945287,474.558940487779,630.848185648422,622.5302706398725,657.1152856754209,603.2677306200734,815.155670837864,0.8419934897076728
0.275,237.40494119650128,497.06659563017456,522.1053980219932,503.55813699101645,532.7700731148046,646.8357284553113,793.3590906000269,679.2934352595204,778.98496330102,797.5322243319968,0.7573560230931569
0.275,295.27642365568664,560.4829610960194,417.0348153801517,592.0316941744234,297.7411684274369,920.8286467259144,880.8997814235591,951.884430849968,719.7054733510892,1129.8390033703402,0.8159663184531726
0.275,239.17622182233208,791.0010996215689,511.1805525222391,749.3146121579814,542.9664992132244,786.3113697819152,1000.475699126095,1034.8670512835542,1061.4421870415913,1150.5470539950093,0.8465959102028908
0.275,558.858968705949,795.6253063073569,418.15534564449166,725.5560321723341,648.1407857489619,1246.5549898537145,1170.8349678045763,1050.4740372339324,1281.5896269212258,1466.369083712778,0.8661823154686811
0.275,572.9301835284779,745.7661157202629,499.37025391052094,1012.4956166113916,743.3739228871588,1062.1336178983056,1228.98906800733,1004.7209899038024,1574.6609323909,1684.1037545054214,0.8753687785904483
0.275,572.8013453513424,1149.975220056512,735.8342255440365,1140.6055142983114,749.5764606560645,1295.5179828338978,1142.4794554499513,1436.06356920691,1572.8612732766417,1759.0060943395642,0.8164756490907241
0.275,860.932851401997,1109.3546970737182,758.4095500136676,828.7300195556627,1157.330344518257,1436.6406207364626,1418.239002538557,1420.2106044883326,1478.044261681749,2056.3808336159154,0.8361569321063043
0.275,578.7017634581097,1585.0471094716604,1072.3003264076738,1001.3809926505526,1673.6962766680622,1529.020835803535,1463.0658554094125,1808.4430108065928,2011.9814986895308,2358.7770407618536,0.7819711433974208
0.275,794.7575761501109,1475.0286984867766,1305.145573473277,1613.889687628246,1615.3669321935804,1290.3731278199296,1640.480089804272,2085.869326252708,2150.8680871274382,2483.986736610431,0.8320106428086772
0.275,1724.5521976767889,1701.1842817191089,1282.898586076636,1740.9097388471653,1659.9009635272073,1878.001512465555,1832.0446110821167,1951.9999129982084,2061.0501874673823,2493.3566326844634,0.8289673586522995
0.275,1475.7652633614016,1744.086220336202,1255.4168411184598,1734.3290946280274,1708.310092739562,2081.520151077239,2164.4557195967222,2005.902426838886,2532.787215080312,2680.77028832096,0.8365105221819555
0.275,1491.2947704360226,1771.767640105183,1451.9601606653482,1561.412987853313,1900.0326719660795,1944.4978830111909,2082.1690172085528,2379.7438911258323,3043.3016559528705,3208.335996947224,0.773445122916722
0.30000000000000004,0.0,0.0,0.0,0.0,0.0,51.74618283432077,9.513225813552005,63.853924778841474,8.215967748067648,105.510322659395,0.7407217240849905
0.30000000000000004,0.0,38.02046341941676,0.0,33.62613850159477,0.0,68.01650742368034,42.60584594236153,143.67531905226855,68.58968023904842,198.89096693272816,0.867026873689901
0.30000000000000004,0.0,177.0788716414242,0.0,30.33711633450797,0.0,147.41591344768315,57.97760010594855,180.0002235847472,42.69668224856677,127.41588860493346,0.8479892845776956
0.30000000000000004,83.44953324436834,128.73617018795846,179.62003192232947,64.11366578530738,15.773997137655003,165.8813892540493,97.1881759126485,184.45399878709463,208.62383311092088,262.0518879320104,0.8758760872989872
0.30000000000000004,3.54465489266038,291.8432528290371,115.20128401146206,140.01386826008468,43.42202243508953,273.529202550292,210.90696611329207,46.0805136045848,404.9768214864474,507.4764254658765,0.797632544766235
0.30000000000000004,50.26262103107295,336.5974234209917,110.5777662683605,240.6120310003621,258.7714295664272,346.6499476272064,414.0991423011623,214.0214831000525,332.0575737794755,485.7639116422405,0.7840962965634557
0.30000000000000004,0.0,273.0077484665842,10.123896729292394,206.86495650187405,14.510918645319054,340.1629301042237,382.6832963672516,394.1570459937829,216.31392678254696,491.6839178192994,0.8105519957228438
0.30000000000000004,34.91483045435225,216.10442428588536,152.15515587475608,392.51619921313886,122.75319338688048,418.6104409211284,412.7300484235533,415.6702446723408,437.354192007149,616.3386386520916,0.77806321886658
0.30000000000000004,147.35036962110505,584.7360314251767,206.05724511658488,442.8286833731889,215.7769264900087,418.72387356709805,408.2266176838002,417.946299057224,354.96276375743776,667.5477167267476,0.6703456165782044
0.30000000000000004,140.4231197604601,367.1651572560265,248.63152381116765,393.18473532928834,431.59458867553184,545.5851211869642,414.66121246912337,355.18789115881094,483.22073564628926,650.0764426557771,0.7814791732500574
0.30000000000000004,0.0,414.3548139937184,246.4434914643268,288.9636713296508,271.60849587441646,688.1327068000393,470.7591342232299,564.0432022951142,656.4595115942367,754.5162529163103,0.804430205528871
0.30000000000000004,214.47438795525028,578.7551813803283,298.2170990874522,463.3763349315168,437.78828430778856,573.6375712555827,810.4433488460868,683.8988075796484,724.8396885776137,994.212076052863,0.8523502692667881
0.30000000000000004,327.30381738551824,555.3639045377554,345.3481319733877,571.9045262433023,492.710034440987,771.3944486314131,910.736655726626,834.0483187281815,791.443687062379,1331.2694318161357,0.8192687141174579
0.30000000000000004,249.24743323543103,621.312442268031,345.7469570760638,596.0264707803785,640.4059309423808,735.8733743141299,740.0016961896649,623.3766032057986,886.0410825367187,1025.371945836028,0.7077329333746215
0.30000000000000004,148.46844739227816,823.2243015855423,245.4161275924599,593.8737895691128,557.8646512090453,826.5482220495488,758.407852537421,959.5050406097976,1004.377966873882,1474.7127125307632,0.7396000724320938
0.30000000000000004,550.1847890957312,776.0807659942958,644.5021815121423,781.9028272545683,879.1312503011154,1175.474168448975,1096.294135309272,1220.3040401530716,1107.9382578298164,1156.8435724161036,0.8241658209092182
0.30000000000000004,518.9779401254574,1069.7425149818023,809.3366227633752,879.0227065964754,954.2103233637678,1076.4666107902594,973.7713293520064,1281.2458922296332,1333.2048143858922,1435.2888143870127,0.8088869096929134
0.30000000000000004,720.324564350877,1127.604851183676,961.0782045864302,1277.9951948160724,892.6602800154686,1777.5751346078098,1218.6135999054263,1501.321627849588,1316.076869813117,1802.1023151143809,0.7500953902929088
0.30000000000000004,814.3541462321186,1419.8117284602033,1004.7582275210414,1300.6379509628202,1021.1959899344732,1404.0588728139978,1465.0155750971417,1700.6235030230027,1800.6198910380488,2036.912725731136,0.8399572348441947
0.30000000000000004,580.0749603000928,1350.879141168572,871.9050083126242,1405.3732041881112,1178.075599225034,1295.6680510040394,1465.6034843676016,1513.6443030821952,1568.1383661017342,2408.494180034625,0.7962337857581046
0.30000000000000004,417.8207794364661,1236.301842011115,991.5782426268992,1206.457500622796,1605.6255666915629,1610.8483264345186,1653.376512912873,1626.516605663386,1998.8247644826656,2046.5757107039765,0.8213576247342389
0.30000000000000004,1324.7064723741146,1512.3797663263451,1206.1346423038767,1881.444402968808,1677.2809869538287,1857.8870857363104,2076.184892090788,1657.6498892600805,1937.196720419052,2516.706724338493,0.7957711616736298
0.30000000000000004,1157.5543440620404,1919.746817088806,1684.1600526987152,1817.8494276467247,1957.245056403492,2301.2506431599577,2181.4193131760703,2262.937224729736,2267.828299422956,2749.599156705114,0.8035843122847343
0.30000000000000004,1641.2580552975053,1639.5313240452197,1579.095730215222,2329.360459333335,1469.4482956950835,2462.3187657593294,2317.2733405673357,2799.894725581173,2822.3422318608864,3187.5458917193005,0.7433503506397324
0.30000000000000004,1526.9974935795344,2137.613397786698,1537.0676209352748,2341.7623432712526,1727.4845745710918,2458.0265409238914,3238.919144055392,2979.84223117589,3106.1765561842685,3331.381222503553,0.7786844305942255
0.30000000000000004,1916.9949936956712,2257.582689846068,2007.3744102718936,2583.89995180022,2359.378453779287,2971.1043996583526,2853.135476969388,3582.830345537418,2753.242437595669,3932.931664485313,0.8174794864497246
0.30000000000000004,1934.178607861369,2413.5313887999846,2224.157450651396,2776.4981035847804,2518.081583819519,3126.642624640765,3565.556179203901,3862.439280155595,3519.1990172612777,4152.418122945623,0.8171196267616777
0.325,0.0,5.530503754394279,0.0,51.6707065053412,0.0,103.65744179664784,69.84236169835111,0.0,20.067827908802247,114.08639173350568,0.6904838691894314
0.325,0.0,12.810854887225249,0.0,38.973868389305046,0.0,49.98037751776626,20.569541649911,0.0,121.25203498894908,75.60208729221678,0.7902560967884147
0.325,0.0,122.59223826345178,0.0,23.994204528537427,0.0,108.0747363638325,65.93365446077094,40.12476219478111,91.33928278510471,172.7985989996352,0.7698843571903901
0.325,34.367388301691136,75.22372404496028,120.40602474928156,260.5192232100223,36.77070216894226,140.59386123419108,105.26514738559943,156.45573275804847,294.4059487382633,244.4170202994398,0.8540364758011214
0.325,77.28189813417569,283.76025192777485,59.87872260014377,175.8015698014073,132.14614642790346,310.30746884409484,248.36396270601503,314.1420668431188,243.05451932275108,508.5266884859501,0.911080856110562
0.325,88.32852914089375,267.58348533858987,243.55292961643505,290.6398293422791,158.14703563093846,292.2635155397221,311.0982754300597,376.0457233277757,439.0447477885602,590.6970386297271,0.8393893428768292
0.325,43.08403553361294,283.99560089239867,43.80210279250651,152.94832614432593,230.49959010482928,324.92543464933107,411.4525393460037,362.26493211179553,533.523973357907,685.7542322433396,0.853862127489083
0.325,69.3376087223147,364.1171693013355,96.9968734038938,293.263984432085,306.9041697545076,317.1343087463245,353.50813627278467,234.1565147015872,579.7078762029588,528.5571812438742,0.7881536447098433
0.325,185.00527201571285,304.5471400874042,215.90725151723856,282.9970754350245,110.59655821598658,394.81344863133455,448.4853077655633,776.6155374725529,636.7434197288053,903.8829004196258,0.8422857745123126
0.325,5.494456840839234,560.8572482918246,82.41685261258918,500.41822304259256,307.2669325607811,497.0370188328453,650.0365093239083,587.0615809173657,463.2249767353729,684.6938524738175,0.8507270960130764
0.325,305.85394277999904,686.4721826839979,203.90262851999935,562.3181377629315,368.8371991450655,548.2715122426649,681.4878962090645,758.5177780943976,890.827928156264,950.6393658554636,0.7855066817485893
0.325,176.28333628667204,704.647716121105,454.548767945799,603.1512497742333,288.94927022195554,868.7903267681992,753.2106186794169,789.6327955981507,600.7231046463177,1097.521597817848,0.7770964449164884
0.325,92.71876459734658,484.36687953586494,300.9559900045019,480.8202601250375,458.0205639125753,912.4945084143231,708.3105623338278,867.9084358210636,747.3233758529298,921.1077269834756,0.7981384129485255
0.325,454.0272465681695,1089.3347893996006,619.8794325111537,1078.3147105994024,524.0047469494285,1184.658471021316,820.9958706147723,1170.332368581058,1094.8448287996998,1487.7106380267687,0.786338007417429
0.325,247.676828806882,1033.4716597697234,649.1865081197172,762.0368617727328,640.8712189031792,1148.6978103417505,982.9859752407426,971.7009398754412,1120.1882473136195,1565.6501696281557,0.8731201779845464
0.325,489.3551872339259,1209.3699809505097,655.022307912078,962.7808436334144,722.5635186500938,976.7988307677194,1433.657775099393,1493.5528110368782,1529.8721413393962,1784.1074534570218,0.8598952948851466
0.325,778.5742029172523,897.3847590316497,529.0056604646634,1175.4943847966358,1077.9237046356502,1304.261132764195,1423.0716888785923,1843.8867312055645,1608.2568573474018,1782.822087839505,0.7899872613901785
0.325,613.9176061323293,1059.7055042216,1030.4048912016483,1206.2085693213608,1347.1305652744636,1276.6695672979122,1393.8720193777203,1432.241869760991,1749.6651774771385,2076.1577225566048,0.9136288311130605
0.325,971.9025104063312,1697.8572142801736,1600.5183542929951,1484.603375987653,1288.4395665478428,1809.3139241891568,1552.2204466657693,1808.5708794564296,1805.598700525524,2145.9131881142853,0.8563762312848724
0.325,1050.1020610866756,1431.6730259491458,678.6958965176726,1640.4423858226696,1820.281160245555,1732.707496178759,1914.8919937462904,2036.8695972679,2016.5399966809653,2695.2358931986378,1.0
0.325,977.714075822003,1633.9764700116652,1499.55122132905,1606.423468728893,1976.301637464288,1928.7100897940447,2137.444947996864,2215.094315248313,2539.885754611899,2646.758002011742,0.8517081958335102
0.325,1462.4890480919903,1734.2323528787765,1408.843929671298,1702.5729387288595,1872.3025756992472,2525.717706626697,2818.567287513428,2723.5890450636766,2750.8513183594387,3618.846922969658,0.8584751997628941
0.35000000000000003,0.0,156.42817774510505,23.096777922096045,55.6422377214132,46.61349726095746,128.71204423858978,129.13198565535518,192.543139586928,112.33432898473988,212.7003275916664,0.8523549816245227
0.35000000000000003,0.0,101.85130014337425,14.8533146042421,78.98191099081109,0.0,216.9055466016305,165.03682893602317,110.10314159017544,203.46683338826853,305.0823666331629,0.7463067162827757
0.35000000000000003,0.0,198.27002932853773,0.0,195.89395707293608,35.64108383402474,175.8293469145222,269.2881889681871,158.66882506851024,255.03175543457724,380.1715608962642,0.6192042971891081
0.35000000000000003,0.0,296.7906298070471,0.0,53.96193269219033,98.64915820291054,163.57210847320215,177.9057468445652,263.6265253399718,149.51952183461088,338.10523452450536,0.5540864987958815
0.35000000000000003,0.0,323.17509992673445,95.82517497827594,240.50239994547684,115.24073330720763,317.85147909460807,195.7213541222956,315.3462457618426,373.5929207486379,359.8141374184283,0.7302500020489329
0.35000000000000003,9.914024411190535,75.6770530054213,79.97313025027056,328.4846754907807,113.68081324831846,253.46855744610545,324.8495332066775,312.95270391324885,339.3901023430904,514.2073994604174,0.6804298684094228
0.35000000000000003,132.72432919511272,336.67506541901633,206.0354115515756,303.3202601762655,51.07454552796222,217.1536799658259,390.1817321625959,411.0284854393152,281.77861512365564,557.998096040186,0.8338688810904584
0.35000000000000003,211.76679273144703,372.1625833866792,150.0476751290882,317.09582576541294,96.82879528034752,251.31137706349747,388.05433223040046,412.81589438224506,618.2999026871048,679.2798691804534,0.7947853517880402
0.35000000000000003,161.67192470623854,325.6982949179077,180.5074887496838,573.3074805723653,249.57122357564973,418.6988923824188,551.7250634392509,549.3706179338203,462.64854181712434,612.1558314119711,0.872504444314464
0.35000000000000003,0.0,652.6085981181252,389.46673894123495,449.4815489289468,305.52994175562395,365.54475174333584,478.8594279439105,464.5901724223567,557.3403333124569,797.8192572492325,0.8146116015808736
0.35000000000000003,406.0819555145849,556.01990831997,290.50478356043385,439.1040046443424,539.5088837550913,546.2025423624747,618.494055322214,520.7666396544182,664.9034216667379,886.6866435247035,0.8459107878036762
0.35000000000000003,348.41094500222613,588.9918176172432,188.82243786915691,700.6558481337752,650.335147686411,705.4482957954291,979.0970572758569,677.1728545916718,530.5239561450678,1169.3572294435098,0.8494062754673287
0.35000000000000003,167.1429582554306,689.0062385764616,500.9049156495037,631.3707357297613,851.4335647807985,960.4170610727408,726.7312949852109,1007.049422466889,1035.8671738902394,1105.5537364230677,0.794213019500791
0.35000000000000003,241.3883312563253,266.7396171873549,450.8119976430916,622.7598500448574,778.7253700118439,1020.6648161797134,1056.487285430081,877.9260540897858,960.5932908214044,1328.1869368213336,0.9166130334041646
0.35000000000000003,261.0031598896474,631.2204079600692,984.1608511205382,1054.5021282539185,1124.8434053872984,1005.1398285111952,1201.971998735303,1356.846214178096,1024.8847484082846,1607.9769141191991,0.8443615931248561
0.35000000000000003,738.2169208947482,1212.6890691425544,900.6246434915928,1557.637703087919,1199.938049599827,1378.452323198012,1753.6007402708883,1681.1212607648586,1685.8190048069162,1892.5197426574457,0.5672028010280062
0.35000000000000003,795.9848421074144,1113.5167015040545,1141.5342185096406,1354.8983864752558,1077.5968079071497,1641.5391373785578,1798.8682713330015,1467.6868523695375,1864.242477679369,2157.3488094301133,0.5053471891170971
0.35000000000000003,487.9134755332527,1499.9678094592573,1020.5330831058876,1644.8773408972536,1028.241036905781,1605.5667765177973,1958.5910605529157,2044.149347731732,2178.2677438498777,2548.249526244761,0.582362436670972
0.35000000000000003,1617.2884292567185,2022.051454899485,1988.5416619268813,2072.316144358391,1698.4174017167063,2286.60245205162,2719.584250723948,2831.5775061850177,3065.2642203360706,3231.049511884742,0.6153543183338227
0.35000000000000003,1852.6240987619467,2035.7047188648933,1844.0866605188044,2308.902742645457,2366.767601848979,2767.0785950274444,3307.783017093143,3034.584993312579,3508.887117931613,3307.783017093143,0.6006659417228113
0.35000000000000003,2213.0626028616857,2615.6196917080188,1670.31150297434,2611.6141485354187,2794.867748681884,2900.0132569626426,3415.7269404349368,3391.6936813993343,3234.476111874771,3962.4835834948826,0.6004280235961192
0.35000000000000003,2009.3330906975684,3325.189219227332,1832.135507304533,3671.927700311234,2819.8479628842306,4012.103307936136,4038.354801772141,3931.1612019417857,4130.235030198159,4928.717967709986,0.5690224900158267
0.375,0.0,86.25651704304993,109.27375474456464,54.171882671241626,0.0,64.63426344465739,186.23037776680053,159.958177158001,168.56057912725393,290.8541855009582,0.45973694591830416
0.375,0.0,283.4134039913364,50.43130080290695,84.84015707989033,171.2562923098715,208.5544418620215,179.92417213537115,165.74036878455354,170.99362928485638,327.80345521889524,0.5843958185975948
0.375,23.83312119724703,222.4424645076388,8.228101365716245,103.56058615470428,57.59670956001363,159.7386575482152,227.83328954034948,227.5495619070489,252.51759363749812,255.3548699705038,0.5565096326650063
0.375,9.15582376050654,333.7139901674275,180.9064487851807,167.01485411406736,152.1761052608326,356.7614085990475,95.0311362728436,267.09747935822486,312.56088010005044,321.4009857998498,0.45284481909635943
0.375,0.0,211.05324696658397,140.590318726548,267.4235895586128,134.88617691664032,155.01844212807922,256.3508436923214,251.6533151429857,410.0271348063047,497.6024884760636,0.5545697635220345
0.375,0.0,230.28189627278903,206.8881798260296,472.9917044079191,207.6192334649908,606.7745203378253,312.89095747540864,296.8077774182615,296.4422505987809,600.195037587174,0.47333689335885143
0.375,35.99707789549394,423.2498527291232,134.51539634631942,316.39536887092027,44.712159912297686,370.5804440188744,505.0958403651937,444.46918285699337,517.9790050856863,605.5087418631505,0.6010148331222689
0.375,279.0310560958601,236.5240626332931,356.8904005569975,371.6205468064018,393.9261968412143,636.3423179742692,672.9572529370744,523.1306225145612,887.1756655355551,702.4175454358832,0.45973694591830416
0.375,236.44350599359515,552.8734768400421,403.44821282922,493.9823433769535,397.73489391115913,599.0195142551491,557.7078236168629,635.9363441872345,512.0012722723761,769.5401096557345,0.5700746016935583
0.375,39.80249020957232,635.8921650148336,376.7021394834522,733.0291946929565,437.3535531361337,646.7904659055499,591.8251222828072,622.6246682783095,718.8140196181093,931.093967402495,0.5375525654655853
0.375,439.1936539365108,894.3673586617913,397.95481319129857,666.5227635444934,233.51493571976448,922.2035761648098,917.5642065809732,763.9495248050575,1035.6103882141433,1177.8843887851258,0.5236081754723285
0.375,293.96091072849265,642.9033992043514,502.9997805798653,847.0429205435825,640.1815389198284,833.4336191209673,795.327575137644,837.2442235192996,1209.594710442057,1107.2527637439891,0.6013944016440795
0.375,399.53106728757433,819.1568923973047,548.4686840870843,664.3090527089254,806.745424330679,1137.7179061073678,1258.2864530403044,1119.9872374407594,1351.0769523955544,1257.6954307514177,0.5569846167761031
0.375,660.9060910623768,766.1218367319831,818.4146923641827,708.7887058581259,543.7196916938334,1096.8898994657752,1491.921471530704,1193.9151978676875,1605.9576988732113,1486.2511618838391,0.6178536516632939
0.375,719.5931947068028,1122.7017995141207,722.3215101369709,1059.9505446202577,847.1419410671556,1278.8978578912374,1428.273127692934,1324.5971413465509,1552.4114797655764,2126.039798958393,0.6236118095029126
0.375,807.0293878115723,1260.843697301182,1178.1287738966723,1137.1439019394822,1549.2281599817718,1343.5586207056926,1623.0009295047134,1644.6111347185044,2278.0137013296185,2204.240931806677,0.6901408819186805
0.375,1217.9451202582277,1642.639410688952,1331.84780351551,1823.2565227112143,1816.7477979536557,2094.9957813393025,2346.395275100019,2240.6284977896853,2459.4843677626063,2738.5459417429483,0.7005711035186568
0.4,0.0,155.43360134641395,97.17513007714336,60.821844005118486,0.0,161.72551624349524,0.466067770154178,142.61673766717445,108.59379044592043,254.473002504174,0.9743644205180163
0.4,0.0,185.2231517915381,25.318272547044792,45.03987432053233,0.0,278.23448988541844,159.6383711124192,194.5509364141336,205.477769829174,361.385027092555,0.7248558477265435
0.4,0.0,234.12124819095064,234.12124819095067,115.41188291103202,183.16015703543,351.9313000975367,276.6887478620326,229.9244524487313,255.10522690204743,315.95876516422794,0.8291139271257634
0.4,0.0,281.5093776719188,5.2010970470562325,325.0685654410148,155.05770571536405,472.32462558579454,347.4982964564449,208.69401901313148,248.35238399693537,466.7984599732974,0.8373113939085657
0.4,0.0,204.1822807063115,209.49952759970512,148.1739467625664,252.39198587307956,271.8885578155225,371.1438331588685,418.644572073184,365.8265862654749,612.1923589927085,0.9038360119441948
0.4,0.0,454.2525444690984,288.4915253588756,317.67743843020145,167.63191097376944,464.7295389049592,411.9703883529469,419.45395580713296,300.8394116582827,496.9088789579596,0.8914680187822625
0.4,319.4929889984085,449.7912660773048,386.8608288503457,349.34460665735065,280.76656608951055,325.94739281655825,339.66300093012626,381.2132255094647,667.6273949398562,686.1838059170366,0.8359040809206278
0.4,85.96897826861084,355.2799612121163,347.82346819902256,313.1727065499396,401.7733882349365,515.8138696116653,514.9366351395365,514.0594006674078,587.3084790901528,611.4324270736917,0.8708120897313306
0.4,195.29040284366368,314.2025919287984,305.5128550341156,391.4955148341361,400.6426063022234,485.71055695543527,574.437344195882,631.1493112980231,663.621486009733,797.626376017212,0.8537678237425901
0.4,253.9664850628269,833.9710252738774,455.47271162812007,562.8446425716704,389.2845350190822,688.3570367339942,846.7183778059886,729.0505082788101,759.4480412399978,905.0620297798812,0.8770497712764139
0.4,354.6824386146197,592.5992521520926,549.8400091660952,880.9500445961266,683.051496930164,1232.8915060962593,838.7389970330266,935.2213914629696,916.582747084458,1451.0732844094257,0.8785762174611224
0.4,242.05272409679068,1020.3723793039044,587.8423299493488,951.2144581333928,829.8950540461394,843.3749878336123,951.214458133393,1215.5383771833992,1180.3733325204273,1743.6001312056958,0.8372462050235656
0.4,511.4908437267092,1280.6262089840752,664.0518503333143,1028.0459532328907,658.354551331408,1333.8009996685353,1074.8904116930105,1444.5818135944928,1483.19684016297,1629.4275145452343,0.8939331446856179
0.4,554.1664400166466,1367.4851956943137,872.1862529688126,1170.58356682393,1228.7744262151773,1684.8283707465814,1473.717345978335,1447.328467882304,1107.656242133395,2168.624469173813,0.8182358075795448
0.4,838.4156325669583,1239.1768581425365,959.22271681086,1427.2597437917243,1176.9648267354971,1498.875919481223,1420.7491823654066,1916.275246479614,1736.1497136848147,2115.932463553368,0.8137164261077712
0.4,714.2413185469018,1448.6896820146078,1257.4999493023795,1565.2687873269424,1476.668667289568,1712.1584600204835,1836.5095056869732,1788.323475491209,2146.609925817783,2300.494344830064,0.7949590313398263
0.4,1347.5994402817582,1973.3601227188556,1343.4221326553427,1695.1514347995585,1617.4535129482233,1985.05658407282,2222.3276572532404,2560.689574992926,2407.800115866105,2716.0854186955967,0.7857342037393725
0.42500000000000004,0.0,55.57139307086387,25.73593203691652,0.0,134.37345045823656,42.36179963598647,133.23469240350573,0.0,181.06253070220012,239.8224463263104,0.8050210241815935
0.42500000000000004,33.029499552827176,266.4197649880936,59.23472233854132,145.76655174553483,92.81016403273752,269.1494756949389,229.0227283043141,218.37685654761765,199.2688815997012,373.9703668377953,0.7768435192056238
0.42500000000000004,0.0,173.11440861648418,93.86777899643828,116.67677202361014,243.29592562316705,163.4644500280654,236.57019691002665,22.224147052116216,323.4198242057966,392.13922627484015,0.7826324058125824
0.42500000000000004,0.0,122.69772493966867,65.03299781397584,133.91031076966453,149.28757133651595,194.7786338467848,202.14690453506773,191.89539749050013,309.7877285030277,501.683125993528,0.8461608306977746
0.42500000000000004,135.20303867844234,390.7048440550262,303.40839388469345,368.7032997031538,211.85358029141756,421.9328424899421,366.5741179916822,311.5702571120009,437.1919780888214,526.9724735892044,0.7824619773550663
0.42500000000000004,47.79990077370102,419.5769067913756,130.50131639804093,362.67226301316015,311.0787193209114,421.4737282506496,534.1449229315162,600.1543097142462,558.4242376102214,542.4909373523211,0.9110407803032047
0.42500000000000004,89.42920091573971,371.01033352881217,167.57904315742223,349.25728465741605,297.69450214744,400.417232929033,451.1743469622906,569.6076130398918,334.7552520764853,716.6421100409957,0.7947839548334689
0.42500000000000004,75.27312548881672,486.93632025251486,151.39679476846752,322.356096726119,277.2772758119124,396.3534065286847,517.981168617959,665.9757882230903,667.6768758047584,859.049228742428,0.852644416160131
0.42500000000000004,83.09272688538123,394.4621759833482,268.4534253220009,378.9393588728924,177.59928988139168,519.5578197558452,559.2779694208351,664.7418150830498,523.6668007556717,741.4427937464786,0.7565355482554537
0.42500000000000004,269.1375003557996,504.81466282952687,179.90993267027332,501.90506823108575,315.69101393085685,828.7495281226336,810.8070280989135,620.2285819010228,733.702771240225,906.3387174143955,0.8616430387169728
0.42500000000000004,212.37857161581695,634.5137571731816,489.7816935535138,520.7207941098922,839.0264557661906,718.9407942846547,692.7212175419611,863.6728579043225,1186.1736518394518,1028.3317998484374,0.8594104259235139
0.42500000000000004,468.43842385051465,680.6370261075855,603.4219012970611,889.4038450397442,748.1287648308586,1035.2546363485123,1066.7126501602074,884.2561700523756,1290.3505301669857,1409.3190187639418,0.8319714442634475
0.42500000000000004,548.3394158704538,957.9053625508486,831.412731342211,880.5360832678955,805.6229715812265,1105.8894602269734,1377.2959796163805,1320.190083002772,1473.7005577705363,1368.0853511303146,0.8606791711072438
0.42500000000000004,338.95338487477613,1007.7169033945656,809.1777338340032,1426.3471918429884,1125.2729906343725,1182.0917661336125,1097.19014757153,1146.8249399616702,1590.925713978718,1901.796255790652,0.8722505059127653
0.42500000000000004,404.7051066711536,1300.8378428715653,905.2985312992356,1323.3998000379013,1105.5359011504684,1473.5778274263262,1423.5184849635175,1697.0822156053428,1504.6005185300382,2333.7524443928896,0.8111144096326467
0.42500000000000004,994.1400332603628,1427.193456839687,927.8640310430052,1553.7203701637334,1159.0769024149229,2035.7276590172428,1546.9421426642311,1765.3516954259771,1891.1254723611896,2648.7806795278,0.8369905623372914
0.42500000000000004,812.3896827264506,1542.9734253179345,1460.357525379652,1794.06096434605,1721.9745418508812,2014.3700308481384,2115.615006262701,1931.7541309098551,2518.1650285110018,2848.6286282641345,0.9003047343044643
0.42500000000000004,1363.1545547978233,2223.2611061476755,1572.4647380506503,2061.441468674901,2068.477105086761,2333.192925082984,2568.007290328803,2794.0271100597965,2801.062746471656,2823.9285648102004,0.8910419476384728
0.42500000000000004,1670.806969226588,2239.235441746509,1659.62476976718,1926.133856883077,2007.2048029637872,2502.948978997554,2721.0018684560164,2772.253615978304,2582.156225168364,3741.377569127022,0.8319100900187415
0.42500000000000004,1844.6641862598808,2551.69981865364,2146.7985989397725,2740.790743596157,2331.77885160093,3296.7591696499708,3841.4232469300473,3685.2177002384014,3910.277007642811,3952.411398526742,0.8515332226171272
0.42500000000000004,1715.363920673361,2534.060337358374,2450.51988667623,3283.696648146148,3175.650998597241,4057.838157800684,2972.926171608572,3732.587336478203,4641.507439899931,4782.969269721696,0.833292264809196
0.45,117.07677788707105,61.68735055567054,0.0,0.0,0.0,60.39546886864078,98.99043426865454,35.36526118243935,21.477533046869567,93.98439273141427,0.8511489064454287
0.45,90.33003880404158,168.1142388852996,6.810598163796803,210.9493168102319,12.904291257720232,108.96957062074851,94.81069549074998,166.5012024780845,0.0,93.73533788593996,0.930240492867139
0.45,137.66045957910194,76.21265191208961,86.20063478375941,110.51920177565114,146.99705226348897,297.03392540096434,270.10979765994125,170.01283888081508,151.77391363689625,269.89266759751365,0.7871852803205086
0.45,0.0,121.56800041631236,11.303286566222589,222.3748622416035,261.3596669291876,149.24951853767377,132.4099283471789,153.63242557355596,61.59137782002916,141.17574241894337,0.8766407429783756
0.45,207.55445406369475,86.28068038941248,0.0,369.1637780129036,30.98625054232765,246.0201443921015,259.3762868672427,114.86282528621454,166.68465808976256,260.97902396425974,0.8629169914369046
0.45,269.4376897154106,164.1402017806525,0.0,137.11196958349524,134.01498464423767,362.6287819785255,136.83042549810827,388.2492937487472,163.57711360987835,245.224898372124,0.8997764060861648
0.45,229.6515156694732,121.01582564253911,0.0,269.5774530297992,199.629686801631,471.0641601737711,328.6926005943134,278.5530513511129,189.10657152836663,253.4832767295128,0.9268319237168208
0.45,72.41771966052796,85.09916365638072,0.0,191.55654877946083,297.01276727128965,312.36398895047984,275.65454580459016,299.68254495462696,323.71054410466394,181.8786046773628,0.8323165618899174
0.45,180.01928649925733,492.6650269296001,0.0,644.7629547065235,131.15690873517323,598.104894736308,199.12337404611725,566.8770593231714,225.94257387151683,626.3936397576199,0.7962666824138577
0.45,451.4309813104763,428.5787913151857,232.53105609243,362.0267993990762,542.8397412916385,571.3047498822634,596.9633491752212,388.88814553389153,444.21450025933177,730.8691642353448,0.8382227600851322
0.45,600.6621392095828,422.0150232675446,55.4116364584487,375.02595555078,647.2079138346796,669.8158615097268,537.2712271011176,622.3835007012947,614.8475181429457,993.863111518734,0.8352138456676882
0.45,586.8934382711542,716.0684890534267,44.35822498561048,582.0189080529552,566.4204113547187,663.4235626968779,911.0496977813848,1007.077943079904,462.5929177070808,904.712808497726,0.8194193883673982
0.45,1051.7506428498712,497.9480748963569,806.201645070292,834.1288915988706,544.3178427173931,1233.0142806957406,1142.9093909525905,947.9455944323236,1194.5484505714717,1361.0580713833754,0.8533218692787569
0.45,754.9362024520873,843.6885588693937,504.3731474446921,827.99454462487,894.0176390328662,940.5585088614536,604.4901348666534,1033.6402485186284,1074.7693892973805,1015.7815426541704,0.8158148264909361
0.45,1085.4039357339695,1132.8792309000264,393.45150868869433,985.7058158852506,733.493310315575,1357.200000559644,1024.8729343972475,1505.5602979535709,1142.9677311228131,1424.258854981699,0.726130259292322
0.45,936.0435193169516,977.84248567346,586.4521643352485,1391.3989255340614,841.6791861787747,1269.168614824879,1317.9340755741384,1376.1993014044222,1441.4310216274573,1898.053063188704,0.7758196920968995
0.45,972.5802782709376,1032.574949308898,625.9444011627214,1148.5646466489547,1175.895552344026,1241.2230830298051,1336.5479492345646,1544.529475499494,1445.871572014848,1133.8992826174538,0.8019852126575849
0.45,1419.066440797984,1468.0509518297135,1282.5035615580107,1487.3478804179704,1835.4347845676853,2058.091652893729,1676.6062184951077,1986.099265468308,1675.121839372934,2304.4985871745503,0.8691078051561709
0.45,1452.7684066327213,1486.4626037660585,1265.4913574497546,1625.1573221986318,1250.6032238326984,2158.7793744731107,1882.957109567653,2639.1175801181253,2215.197565021954,1853.9644283133864,0.7500379633126585
0.45,1141.0934917724242,1650.1441812158114,1196.610764949975,1741.5341539850097,1976.4149251208007,2370.1605087338908,2258.27185048375,2291.582214390281,2209.587472466513,2878.3570862822385,0.7778348447335088
0.45,2186.2023348421585,1531.1959904908388,1237.8670623682913,2132.0931150913966,2403.588498402234,2564.017588540456,2428.2698968850373,3111.754777947284,3019.674175915287,3016.826322244194,0.7778092804648814
0.45,2551.170272585153,2468.5588790118795,1639.1839672170474,3220.757357336944,2617.4767858479117,4518.625830053889,3358.805343965966,4075.133085607898,3946.868027165185,4515.364853991787,0.8031025678448216
0.45,4396.163859618428,3166.4940257423013,2735.6699674996958,4296.936161072754,3984.180503631329,5301.773614699822,4666.213925280701,5767.766983819376,5458.779466829052,5765.254890185309,0.729228648649962
0.45,4074.4778678075313,5332.879846327808,3943.0901902358087,6410.258802415932,5191.273127167174,6392.74044540637,6191.279339796396,6284.710577180732,7595.667626729698,7388.367068783202,0.7190216883293316
0.45,4940.503733410743,5933.92937465231,5116.89086569149,6957.307547790608,6606.197312778931,8920.862416576285,8809.372436738455,10341.943652121172,8523.159354169693,9366.822335927607,0.7524188488641564
0.45,8589.628828921152,7394.550035332121,6995.583181984564,8800.953737543601,8576.876463745659,10085.299087361082,10464.226509718575,10571.710730483444,10817.649201725088,12479.100207446423,0.9187355494140683
0.45,8152.222172162394,8010.556384020552,6159.70206102453,9027.97431703924,8492.588026788899,11060.9703676462,11791.377093520376,10319.524749189542,10801.556391957887,11274.388957574169,0.7704084246972513
0.45,9001.176019946111,8890.933855541958,8183.063115683711,9817.354851148788,10413.04935354316,11668.262769302726,10095.861371748751,11944.835216842968,11778.50493370688,14383.701345152387,0.7883502805622419
0.45,9497.01648817438,7850.58287305135,8884.930579493348,8850.064926467212,9311.06633870166,11552.15303599266,12049.957081976916,12543.887166513823,12266.898923028422,11997.658602437714,0.7915159891606007
0.47500000000000003,160.71633509543653,5.619452276064248,0.0,134.86685462554112,0.0,164.24856224039118,217.7136367526593,48.00617801551998,18.945581959302192,61.65341925739025,0.768295111824054
0.47500000000000003,75.61149438235783,89.65858393504364,0.0,81.50780357731234,26.706812235970443,142.2051041136088,71.79623549150496,127.9845937022479,45.95652754891015,0.0,0.7754786713083507
0.47500000000000003,0.0,194.10297452147773,0.0,153.67323578695223,46.86631405544491,212.4069855903425,75.62976002080376,201.94755069384829,141.0012281238921,199.93612090606103,0.7255601761019314
0.47500000000000003,0.0,25.485389570817468,0.0,283.2519012299425,53.88339509258547,438.5914186139728,161.16474928593132,354.12555603640624,189.07731881587424,391.5041274069386,0.717434999389859
0.47500000000000003,245.06212822084316,128.86655367388676,6.739882514324615,178.47208897931583,217.56340756239877,266.8993475672549,341.84684112654463,115.11719334466449,190.87347280567317,330.5238385024793,0.6477553245344658
0.47500000000000003,16.927287482225168,97.40127715182052,33.022085416144286,0.0,0.0,142.07821624425094,228.3796327519892,64.65668825177819,204.79242888331476,173.99031559598697,0.6307757807813782
0.47500000000000003,148.91271112725835,329.40358552890416,16.40826130924057,234.04991603369484,97.52079834737296,359.124209787151,278.9404422570889,197.2087255469096,65.9426350729855,284.2034694694868,0.6686732873388289
0.47500000000000003,314.2820031790965,346.9087365599774,172.12266487668742,329.2636664662356,105.8704205624499,329.596592317061,382.53180259828594,391.187874719744,415.82438768081727,432.470680222083,0.505916240766824
0.47500000000000003,515.4075023627223,565.0150185136991,247.30805845854616,521.2436807334254,279.4070394974136,432.2419605802024,405.2496356157003,516.501785807229,512.8541743255396,749.5841594871863,0.6571459325435947
0.47500000000000003,226.8484938092193,407.457834699138,79.0412870415399,375.0509070121064,395.9968480781145,718.4852992075971,382.9550357162605,679.3598621220347,631.1446770266956,601.5041943861181,0.6287988106741926
0.47500000000000003,490.6932482398597,208.51341591871912,250.9652490997756,438.66894287091776,515.2487203740002,469.4673316493314,508.5896092867758,568.9378035147483,596.4066367495495,647.1823587896369,0.613993447100558
0.47500000000000003,385.63015916875696,586.4606462185368,117.11400907780956,545.0477076472962,344.21722059751625,486.26805290101913,471.57313921445,675.0754287526968,447.5269168182456,841.172483452404,0.6615174224788783
0.47500000000000003,761.3659478098498,710.3360585464553,290.87036880135025,746.0569810308314,676.1460327399807,1098.6735158408892,995.5931395288318,1008.8609107373144,1165.5226707759364,1297.179785075495,0.6553329998267687
0.47500000000000003,671.1169423827811,723.1163180637715,340.7042427431552,597.4511601680447,829.8233702424701,1163.4860308621578,1010.737864799249,1077.9037250538613,932.1971411144198,1142.9029446550994,0.5574616460286904
0.47500000000000003,901.6491598164276,757.7995810326964,433.27493129659865,874.605439005086,968.395364372079,1059.883696478532,1127.780697664453,1272.7810730784545,828.5735737942922,1651.9685627523704,0.6074360417691748
0.47500000000000003,939.5272621246456,1064.5184765002352,324.7379397413639,1123.1267971165398,1312.7067729876496,1229.5786447665637,1120.7346207648543,868.3600156619892,1431.7175464840238,1276.8241277123605,0.49595810599416723
0.47500000000000003,1269.1479596413917,1247.4094051689449,686.6825736296496,1317.740022579802,749.3407600502321,1261.475528651116,1328.6092998160257,1496.1240431037056,1504.4358433431707,1264.0330056478745,0.6478371301940737
0.47500000000000003,1132.855351222807,1347.3081370612592,1253.3573927891753,1116.5160913494012,1471.2141911012536,1118.558498833577,1764.640066327834,1864.03723055772,1667.9661120768494,2267.0723074350644,0.6524151794198672
0.47500000000000003,1491.2373945793258,1325.5443507371783,789.8282762520295,1519.4720836645345,1558.1090266232418,1925.159984730958,1637.6119669421194,1887.266059906072,1610.863314124553,1830.7966817356544,0.6789738412873781
0.47500000000000003,2020.4817878915487,1709.0177423140185,1238.594067257799,2053.564756463256,2085.033921690001,2245.6073545136505,2156.848170540779,2463.4708060834264,2490.0985612752875,2787.845278420648,0.6639153508761279
0.47500000000000003,2040.746578625724,1908.0081314217848,1408.7402945192262,1781.2643237689908,1925.1356729964864,2066.437890987777,2228.2931588687093,2563.992973732865,2613.6628442995,2599.104433961004,0.6366928133571066
0.47500000000000003,2385.7533074412318,2748.3076474036634,1089.4849009926354,2444.964443364743,2939.6051634642427,2791.121853379126,2564.2976557644383,2703.6715603228613,2836.668881012598,3407.828607536329,0.6403723637548756
0.47500000000000003,2477.555908403771,2508.499570873427,1753.4742066138265,2883.949342171916,3203.7005210250254,4048.462506446628,3218.140896844199,3096.4291577968856,3521.388789046825,3615.251231871448,0.6649098009257333
0.47500000000000003,3924.770235464464,3018.7741397005725,2213.4442767993346,3972.071236448121,4734.951483081974,4466.912477507917,4295.901166259311,4800.445176751652,4936.283948807283,5774.36065854336,0.7172023645453496
0.47500000000000003,4568.788546974273,4865.377532279874,2973.798892664156,4156.200314082482,4778.378096590232,5697.14486440358,5506.00974053997,5971.324904152758,5533.691379168494,6258.686676582185,0.6435448894915344
0.5,33.173585766112176,132.0563894920234,0.0,55.82093758720792,7.495954475996508,186.44193154127456,49.12242507674301,122.00862072632592,29.50535272466703,150.39755469924887,0.5771860131308403
0.5,49.65916141330941,110.25409483460396,14.162721125095482,96.44992361140956,100.39397253232224,177.84075134297086,59.34000876464051,0.0,0.0,214.59211628783885,0.5991418852414753
0.5,199.9084819457142,0.0,71.4121312070015,83.69319835725004,163.5201348338664,119.62669113019987,2.046844525041436,271.7754674916137,87.10460589898587,193.99537554003905,0.5894693601588729
0.5,63.52419022478704,92.94592043416212,0.0,118.13270462855128,0.0,122.81343443458825,27.638595045170486,176.97616504730132,40.343433090127895,249.63892298863675,0.5698473637502038
0.5,0.0,174.71862152447585,0.0,115.42971992608004,89.72037321527137,319.79279224975375,0.0,158.97820517091932,157.666503808123,250.79730056666497,0.5921104331555114
0.5,220.82024496218204,313.5943881476357,0.0,204.2216762133468,119.74681740231078,437.1944447237833,315.6692092412401,368.7253486348381,351.53397385925894,256.68500958020087,0.6374798519739147
0.5,255.48241915634463,205.78834478583852,0.0,249.68985834015064,148.77735148961364,239.62909481728752,223.7757704782304,388.40644630690105,368.5897908830796,549.6835342946175,0.6196135578895886
0.5,300.0708608431174,356.6690477655358,83.72512858345914,152.7146345362293,169.1247597385874,457.4741025800205,338.2495194771748,136.30450933387135,467.52111801003554,383.4610889122427,0.6199085319224859
0.5,329.30565012459846,501.309047734322,166.85799682652654,561.2162139958278,328.2030642424849,414.2047630473466,267.19331209886514,600.1742484971757,430.37602265167953,405.3840759904377,0.6051567315783566
0.5,310.00276125303486,417.444712047565,26.18656865243036,539.1352369617997,519.880407070307,531.8184016030325,792.5287983338458,383.5562114385375,246.84691920893832,434.7740589499086,0.6047136175888149
0.5,363.8161450219937,409.91049823744993,164.2111333300628,487.69471928853216,400.8562502844138,598.4034783506548,454.3586245523542,396.74068303303375,674.541472501185,551.8975684100606,0.6579043391795402
0.5,672.0208763343148,630.321344491232,320.86692397151154,468.3515839638888,477.56937521341246,704.0636744874206,740.4958970450615,696.601652999711,543.410741281438,753.2252278182132,0.6250883396848459
0.5,234.52605521036807,420.6121685470201,415.336531313249,585.5957329485876,733.3135754941775,582.718112639258,968.798837474322,603.341058189454,679.5979963866903,815.8053576949613,0.7770423524060598
0.5,720.2296667130553,708.587453143851,249.77840021202212,596.9280411846629,777.3823515073315,1085.371819565376,1094.8972670310886,1084.3134365136298,969.4788753992044,1083.7842449877571,0.7057322453070973
0.5,1056.0465965448402,839.9742683140543,43.10394271611601,621.6914814824411,289.570076708266,1136.175720824799,827.264131359302,1025.10017613327,572.5087776140525,1322.9594725946351,0.6298986828982335
0.5,1103.6440432339982,934.3049465630386,499.1975453946002,615.6181743558849,916.0774743519282,1152.44663012181,1075.420860455505,1178.905863976647,1566.97462718093,928.4251168175192,0.6374671266490877
0.5,1068.7974048332176,852.8658311131774,910.3624039972116,1171.0135344048342,1056.0203886367656,1963.8273893946869,1525.57573385638,1621.4033553297704,1503.8548063224114,1783.0326102148897,0.6325658882583579
0.5,782.9505048203575,1018.034880313493,794.2398674852822,923.0714178967742,1153.5072322925878,1170.7733163683547,1233.8609312605804,1346.0904777530657,1097.0604189679648,1495.5085130241264,0.7328332105264246
0.5,950.6713847745832,1158.1563181816591,242.18624631139568,1446.6109816988137,1567.3426328450917,1343.229987004696,1706.8708284812094,2024.2432527519632,1341.061154948176,2158.710840256201,0.706178199770931
0.5,996.774024635368,1479.51660158882,342.6876317879442,1406.509236555736,1980.883506356834,2160.4220264892133,2202.8854939064154,1638.940847681472,1739.512217880108,2436.0620781447337,0.6932682441140984
0.5,1161.375030164004,1874.073793444565,1043.1318262560928,1584.1349783827,1212.397782535226,2750.3693182963443,2021.4728558503168,2364.054193199949,1490.1883232229895,2238.5220246675785,0.7299921681396336
0.5,1808.194642742961,2069.280308231701,1412.155913673893,2161.895155786828,2789.0299806601183,2518.24180733227,2741.3994876317674,2708.7637794456746,2496.190653152478,3215.940325580896,0.7315109697435289
0.5,2090.0978469886845,2183.2210183891707,1644.2353899802974,2720.3253706081346,2513.384989718166,3525.5115798891043,2873.649380085703,3323.274389473908,2757.0102563113564,3370.306294221628,0.6806139311435399
0.5,2460.0119609896915,3212.138448395084,2368.04889702746,2937.3440548888925,3293.153528552288,4664.93589932224,3668.6693730647335,3959.885742278466,3049.013489700173,4516.043319573866,0.6914744845987428
0.5,4401.168890233452,4232.135748562119,3567.356154078591,4145.096295014939,3788.10839133593,4717.790670528263,4939.804349141358,6027.16679780322,5614.675474470935,6053.657066274101,0.7204795820487688
0.5,5115.180334449755,5336.253702108538,4657.78715998331,6360.814412913377,5461.274503129366,6659.644620231455,7071.298477251256,7223.762868740071,8170.566739885613,8185.813179034496,0.7154714200900498
0.5,8349.179566745494,6501.744968235794,6258.482401397039,7631.299824046512,8163.755652162106,9135.104782686083,7726.563486584765,10012.891387502848,9531.469664318458,11596.649777201308,0.676692372336098
0.5,6547.928850181157,7420.862472721583,6097.56182199151,8177.034273138765,10210.172667887911,9769.072450977888,9878.420824077431,10132.331453139084,9789.459435793056,12386.01995634324,0.7676858300884343
0.5,8344.666009646135,9144.656816323006,7451.342942190294,11060.825272315704,9521.795339470676,11241.775573825948,11405.58321519312,12026.528460375644,12289.382582569471,14167.456238244224,0.6923272355593874
0.5,8155.814127795558,8192.534617944399,7717.100903385702,9788.909610730923,9139.536732309289,11091.520682326707,9715.46863043324,11831.728457432322,11474.186842825173,13538.264920665377,0.7323794447582878
0.5,8945.74546788222,9338.612622644694,8661.117223105328,9763.55056555104,11284.908578126126,12317.187071507113,11112.528091852795,12663.952468312764,12750.142711449427,12299.147253176185,0.7448654596270493
0.525,50.75152435574281,51.06675121509529,0.0,39.71858427840739,4.5707894606104,125.14506316291865,122.93847514745158,61.46923757372576,23.484401021756764,107.49235903918203,0.6844826571291516
0.525,185.9199718023963,72.0112566840268,34.04168497790359,46.19942961286905,110.54195506560988,131.1165998324747,38.34365615642983,128.12392423002157,139.7205421895272,93.1470281263515,0.7096115585150706
0.525,0.0,144.50977567060372,0.0,175.05655751967427,43.66623302783822,192.09226278165607,106.71792376758673,133.5442642376039,19.581270416070943,107.10954917590814,0.5986832906670423
0.525,137.58771176855058,180.98936393619093,51.90300671594107,133.7844742074686,10.9622729701772,75.84103136510353,0.0,172.0405696748217,204.70366872881917,179.42332494045132,0.6429969620006211
0.525,53.53752510711129,106.8032861273844,51.36341241240619,224.4771357282937,247.84884719637276,260.3499951909266,264.15469240666044,209.5301109521967,203.55130104175785,261.98057971195544,0.5513533196828614
0.525,446.9863789397468,249.36478601938455,86.96596912426037,343.188286759178,254.97549370482076,362.2023516931561,411.7636029145087,293.0036235727768,172.99682030094806,341.0063448815084,0.6085901832834727
0.525,213.52100191283927,202.36936740433464,0.0,241.07209893385067,221.3927439188425,366.03600327915296,401.1308530559176,297.81423922712435,290.9264649718715,487.72001512195385,0.6890026203265422
0.525,368.41637305195246,390.7883761168116,63.5076216034708,402.6960551674621,556.0525277894795,561.8259479352497,427.233090786985,369.85972808839495,451.4092876473972,677.6551896097618,0.6227479308920082
0.525,364.8839933688313,343.35472417718114,67.92855624262076,345.9530842520353,320.3406777998997,543.4284499409655,439.86524124319953,593.5396799560135,554.9354731296061,415.3664176802872,0.6623467535729134
0.525,295.8597672746872,327.3172660831667,249.6690095305907,592.9141231117216,358.3765687041971,530.3973216822117,316.9641652094899,553.0945043668108,457.9256155664741,541.9450111182359,0.5779427154822109
0.525,564.4614412888607,604.8408365617837,263.1036386730458,634.5940751839372,686.874765905722,835.6409590164909,574.6625516735991,684.3244883095373,504.10487151249146,782.0851294966142,0.7088915425491977
0.525,325.2899350733211,441.4027862291725,278.7578186925119,457.0584515535567,594.9152823266087,618.8336599055294,820.182911160807,521.8555108128146,565.7783496395598,585.3479312950406,0.6336890117933881
0.525,358.50807875297403,680.5977906669254,262.9689865259281,486.2088455911044,677.7599958483003,638.5038341906528,633.774176159611,714.6513284904267,428.97998341549777,791.2717885933054,0.6247273154023415
0.525,525.7119722123085,588.2371829892245,187.0754306445323,427.17224002788896,728.2936551295161,692.7793354082277,812.8277400999064,793.8200760237237,763.3077731645888,827.8337906863662,0.6721763590688403
0.525,625.7128896846137,772.1916138598989,0.0,711.3891245795916,615.7633914387453,986.658576048618,682.6461296470832,1061.8325627951792,1091.6810575327845,870.0283466109381,0.595333341804923
0.525,705.8533321622235,540.2827974575046,680.8725146453712,636.1394228128681,939.394928482564,1125.8796359920898,677.3868191779034,908.023669275354,951.5948626187012,759.3006626633961,0.5994085205632591
0.525,660.849519603623,869.6704652494225,50.64220538116697,1089.745234313259,695.8614146819607,1446.1163092177674,1106.6259694403147,1287.3123565410217,1326.0755260920382,1821.868968897784,0.676344249786825
0.525,790.8393215716384,908.3166979710768,923.4115563911164,1331.6290319243603,1253.52954705546,1361.1624505722637,1181.3367459161402,1139.9899598090751,1403.82183306368,1822.5400796717345,0.6736461766935724
0.525,1170.7673106958655,1468.7423843567267,442.38379730264967,1591.3136912526834,1513.8260834448947,2014.6778030025123,1387.0281797594218,1973.82070070386,1480.0133091287685,1855.4759905974188,0.6505298998228257
0.525,1747.5025446605098,1019.6220580987124,865.6473397875628,1220.7469293855245,1919.1585703375329,1452.0773674223713,1702.5625551055807,1878.6389076240723,2129.1240953072816,1920.632012618022,0.7097571973787657
0.525,1454.0893396687363,1630.3425929619168,590.9205054606175,1458.0235640726016,1937.9989413442088,2272.408015672787,1843.5775556514336,2465.971856342976,2139.4312308221283,2303.881810903712,0.8021413513444323
0.525,1659.2380176529243,1809.925627732403,1023.0014417617932,2345.703796903881,1793.1825599457943,2603.5470408176566,2765.1176449584304,2431.0934426155864,2463.7424247994736,2588.478279809709,0.6226256484737404
0.525,1771.533732924985,2083.410705353949,1507.7075731086238,2209.430761073792,2734.363223388821,3152.314631207869,2334.544197687737,2762.4684156716635,2879.422280332525,3117.8631051837383,0.7020267755814148
0.525,2549.617236205077,2515.886891445944,2097.2337888472894,2566.482408584644,2789.6979253730265,3358.153441460773,3098.231373022746,3958.355164380645,3385.931372438883,3817.481371563089,0.6279617634785647
0.525,2858.4403182638134,3119.101800145676,2499.4785317739606,3040.6824560202,3680.1866848744303,3960.729127238808,3585.1998736801925,3967.356114066313,4094.373361593491,4450.021654669592,0.6148873443602293
0.525,3707.763840101058,4141.555525097306,2642.535737891339,4943.685120134744,4909.033121629127,5510.951169745222,4688.287057074824,5507.100947689041,5274.804216966199,5901.107004771432,0.7082469390475477
0.525,5401.086075864847,5631.544788723914,3897.69098258288,5623.811274869582,5648.558519203443,7176.70085681927,6307.453899592453,7238.568967653919,6718.876836642868,8383.129018094924,0.7069329543685018
0.525,6759.327497534592,6846.116445765777,4456.867753283761,7652.743141090903,6703.169942796768,8362.370423687056,8142.8454369846495,8789.50818851112,9477.012798028736,9902.448818769835,0.781442815179121
0.525,7575.803247020556,7770.951520212336,5519.382292726033,8264.345267527404,9289.794212506858,9055.984488965762,9972.813168678093,10385.201972404118,10208.463913664393,11865.383214349324,0.7077359158726267
0.525,8470.71788226492,7908.238374691481,6520.664755015278,9511.863725753508,8185.753098626721,9515.588755604987,9195.236188377728,11234.690032062888,10351.857957262187,11180.677099216433,0.7245972553169665
0.525,8276.758468695005,8947.695881153957,7495.861869194171,9117.293949303305,9901.917978873356,8968.196746534648,9663.362454443506,11920.321361354032,10843.094071350495,12436.570425940505,0.7066819105453669
0.55,93.29098555046374,106.67996958779884,0.0,0.0,46.933427915819735,89.11592601193993,159.66003545596345,113.3024778213194,48.08516847817115,10.65360020175053,0.7547186591637212
0.55,0.0,80.41218059237282,3.208936784202665,0.0,85.88624922424793,157.42666341323684,33.033172778556924,54.174403356833295,10.570615289138214,205.5607151762769,0.7822958096089884
0.55,0.1963345187594837,151.17757944476386,0.0,130.5624549750232,25.916156476245217,155.8896078949902,0.0,6.28270460030182,43.38992864583481,162.95765057032983,0.760521017734464
0.55,251.0529558890471,59.08439903250224,0.0,257.964715775868,153.39647748815665,185.50271696242203,246.81671595841485,142.4714376670524,134.4448777984861,157.855677415138,0.7275260683593776
0.55,195.078705515992,102.753320767224,0.0,63.584975722292,152.60394173350087,160.4884787230651,186.68548872064943,287.6584301676491,0.0,113.94427649434736,0.7550741242322543
0.55,19.74377954219188,60.11538845682292,0.0,0.0,118.16799397640172,117.28394414615438,40.37160891463104,74.5548690175302,99.60294754120642,0.0,0.78769981194939
0.55,215.41291843352295,291.98938093693926,104.87645951554832,296.3176157740887,451.1352464875172,227.73174066233344,334.6058470257969,389.20819420214576,342.5964344174577,384.54701822367696,0.7463924986063925
0.55,189.26983682442895,240.7913046934607,80.14450557404938,382.4753413332977,366.3748826242254,606.8083993463732,271.56107022635456,310.55995909944096,499.4720079525572,440.4369926859585,0.715385123775848
0.55,454.26568964764994,600.2661527650463,181.55498004235807,199.33223850483884,426.2759635577864,636.5771487735177,524.2400048723088,805.6502239379635,556.3903659214762,625.6082020626253,0.8770753355450415
0.55,278.09855397094594,449.2361256453744,131.07582194155074,510.3011228110224,318.5492527303563,450.0140236984398,354.7215121979059,434.8450116636609,547.6402293581705,495.5210598027765,0.7788062869413496
0.55,558.3968250915004,529.4429156423116,365.64651361547146,450.44010557381023,688.275790335005,539.7835975884503,738.3246909543172,570.805643426867,634.9178714929282,553.0196704795084,0.798056181217775
0.55,352.28588013441515,572.4087431334859,139.7534606870368,660.815085676723,613.4864376485255,1019.3519193242964,617.9514044436384,734.4870377960874,528.205571861867,499.6297843731441,0.8247665812219611
0.55,633.3467730389902,854.4560014963893,233.7574258479705,654.8955537784824,955.1731288657552,939.7142209439456,724.2264135490228,953.767773600136,775.2876548665154,851.645290965151,0.7568465801904205
0.55,482.36108992127873,573.1120516242597,388.1576459795976,804.9215733655693,527.7365707727693,635.2567319208661,687.0439655013715,653.9987783595251,990.862402507003,932.1702044490972,0.6882704295974433
0.55,644.0921661980494,554.9591481409882,499.7815655342361,983.6465207011396,999.0325773895609,931.121706488943,727.3890937870887,779.9139079992854,770.363941778886,1068.5351093269123,0.7149342895228463
0.55,848.29264794581,968.8890368701452,411.7925475465098,949.4759596286664,827.114745500561,1245.3783187942302,1308.9120261299772,1060.0716723983007,1108.3102279680347,1258.320370288549,0.723875977737836
0.55,1003.320887524474,855.7920841252369,367.5717644014897,1275.24897853578,1270.2480021493654,1900.996148885935,1295.2528840814396,1897.245416596124,1164.6023759863522,1294.6277620331375,0.7589343287949905
0.55,978.2759662816584,749.5541304776635,689.4329622091848,1335.08203013589,1319.398247109331,1513.4850620630064,1405.005562795969,1608.894742141244,1437.6801107679678,1502.3757157525267,0.7950761179034961
0.55,1371.298877220377,957.9641092638808,597.4250427606507,1412.2850138748868,1621.3837788411147,1411.590333592607,1706.1347732792535,1993.0377298608212,1596.3752886790408,1825.6197818313835,0.6859551590020895
0.55,960.2023455353964,1496.7860092169417,889.5992318930879,780.8704368839324,1292.0369796542466,1229.200208512592,1737.5426267372138,1268.0319210158614,1356.9918442051703,2139.2743433619494,0.720265329130749
0.55,1492.4774769384298,1706.1245595267533,930.8908598491232,1410.833770377892,1651.9497635847142,1548.1783234703855,1533.680842866178,2230.3229371631032,1622.1917770813404,2115.869142919359,0.7386146682006182
0.55,1142.2147038900532,1617.1480527008866,893.6662513457175,1955.1422859379288,1623.4804973516975,1998.6778429122555,1607.64938572467,1700.2613887427822,1923.4800626838737,2311.342297546054,0.693235862707171
0.55,1597.9468862343097,1585.4237915146052,600.2736735645082,1929.3914598158249,1074.4815269506564,2693.3002377178072,1837.5554318713248,2673.26328616628,1888.4826837314563,2606.4734476611884,0.7362281454001418
0.55,1997.712548311436,1665.214688974471,995.676649817796,2180.3138317178013,3206.878260818266,3060.615541273864,3387.662616031534,2411.063712241269,2488.283160447941,2930.705175467345,0.6985770905657197
0.55,2387.8946264997912,2182.547422746738,1273.1526632689304,2832.81356796474,3019.5817389972785,3838.037022527306,3698.2053552097514,3692.3382922453775,2874.8608525427458,4251.664961515599,0.6914125404093763
0.55,2806.6596598669075,2775.7930178887955,2418.6218749992127,3533.1281264231884,3809.825524155551,4136.130025067022,4150.46096598543,4839.448510139719,3295.0140311634677,4796.455687384491,0.6851922592522638
0.55,3217.307545604024,3493.7949128043697,2529.8594098831645,3838.1473610448,4179.986287765228,4776.947648765975,3944.9720256449336,5126.327140046412,5399.044224966753,6067.640949287588,0.7312942415550547
0.55,5071.439336415601,4352.36553921891,3119.875967958864,5008.720932197633,5119.57206523404,5624.2364340576805,6931.112949855316,6645.233712024583,7050.715488131438,7130.936702828839,0.7652763977703027
0.55,5535.107803125209,3698.75078709114,4219.485887551177,5711.238792986691,5677.544168839278,6147.737333078193,6774.151027455118,6956.408312616131,6296.299994091792,7330.112325887452,0.7422715385036568
0.5750000000000001,0.0,91.10564962411549,0.0,223.19456169669655,44.553233045021976,188.92284396975663,0.0,52.97836365289471,0.0,91.96244256728896,0.7545151188916022
0.5750000000000001,19.12114570861663,70.57082642973951,0.0,111.37574562235416,156.5174195117686,206.98147416543705,213.8808566376183,108.8131178469726,0.0,159.08004728715022,0.71002523486195
0.5750000000000001,78.73135946534276,89.59085732263145,3.550220453344364,131.14932027648604,32.57849357186597,110.89218004269765,10.650661360033151,112.35403552348644,0.0,206.3304592884845,0.6806241568509906
0.5750000000000001,0.0,208.20709920885383,0.0,44.9367840019108,51.14233988788906,108.91820503320308,50.28640114499555,205.85326766589657,97.57701668986364,207.77912983740708,0.7390368063800046
0.5750000000000001,38.636538701909856,62.99970641840085,0.7382778095906798,43.06620555945365,99.42141169153876,185.79991541364296,104.34326375547634,118.37054213769834,214.8388425908746,175.21793347617722,0.7804645558329799
0.5750000000000001,239.218674774504,277.30323991273355,0.0,259.74863566933084,90.15330653815263,281.76627488986986,391.8544709925645,280.57613222930013,267.48456296303374,448.0887117044815,0.7718783701433269
0.5750000000000001,410.99823148146265,155.7362566595084,30.419820833704467,121.3486331083642,368.6750024954391,231.1245082908628,410.99823148146265,203.3498892687848,339.24713234109464,410.0062808021027,0.7923070612509037
0.5750000000000001,565.0478433871244,290.2391393210847,0.0,523.9000160403375,460.7087097577724,238.43696382200497,347.91957586970534,580.110887326573,400.4565339999776,397.5174034752071,0.7432293464348967
0.5750000000000001,378.9662459462512,413.0262287947264,313.1952445836788,621.3010664428726,533.214903903713,683.1571272481492,446.3032235317422,530.4744455136058,473.7078074328141,734.0513544929971,0.7670041162583706
0.5750000000000001,405.486147912659,746.4724729050673,206.645929483351,431.3682424602754,430.1357617675319,537.3615820362289,545.167293090272,695.5299376049965,505.7279109224753,428.4924541772071,0.9276278246134199
0.5750000000000001,257.70812868763034,459.6724025842594,70.32301681326354,593.4576540826629,652.6318999377262,674.9294418541268,549.7201680158771,739.2492743052825,465.2467880633593,595.6016484977016,0.746177758749922
0.5750000000000001,636.2622841056086,609.6930898242755,396.20728314268666,777.4985273905896,574.2674974491646,1054.8436255904703,516.4678467318787,803.1354692409988,913.6073823054892,1016.1551497071258,0.783075519802124
0.5750000000000001,521.1663816101358,267.72898214341524,221.51953148876885,776.0329393445255,442.56267688831446,444.9446073344303,795.0883829134519,881.7906511520666,797.9466994487908,923.2362409144816,0.7042489496318506
0.5750000000000001,653.3906955113895,541.5938084467031,422.3437955777042,865.0594683538621,691.6500746401932,767.67195784418,546.0656839292906,1294.8563897358788,613.1438161681024,846.1782163162709,0.7680139048691523
0.5750000000000001,529.0570249312798,556.7919629346013,425.4434829566079,701.2229608386893,501.3220869279586,1149.6916753452244,866.0626867074858,784.951075565697,1008.9237824604428,1434.3672654170505,0.764951400170067
0.5750000000000001,942.117066435354,747.5796190888209,588.0589122646635,1038.2741475523546,946.5636366604176,702.0022742819186,1113.3100201003033,1031.6042922147592,1061.0628199558057,1267.2725141431308,0.6694551278876831
0.5750000000000001,822.0930857892383,717.8841030835601,374.1772829314991,617.9409851670032,1096.3272508041805,1123.7506673056746,908.0197908272536,1067.6850157915087,1078.6543823921063,1469.2857152245022,0.723508339208052
0.5750000000000001,973.7862953151948,985.9426288309564,403.078427101559,1365.3481959281376,1112.624420205732,1378.1443364710444,1095.9894374999533,1650.0623230078102,1655.1807792249729,1684.6119024736583,0.8459337956454407
0.5750000000000001,1379.7306075834108,1046.8324609871186,515.2802269107578,1174.296517117674,1566.8586899878435,1445.4966365443888,1016.3224475516132,1808.9047965761863,949.200417993501,2139.768942276779,0.7857244649703711
0.5750000000000001,1222.6552163894587,840.575461267753,802.0169538701497,1130.1147986352105,1339.7328661239997,1521.3083827781684,1721.11155747484,1273.832871662641,1611.7456092198197,1757.5668735598467,0.7830463034951205
0.5750000000000001,1510.220043293174,1126.278529799238,616.1096694031854,1628.1825043862225,1522.2416953790896,1540.2741735079635,2029.405142753663,2007.6158983479404,1962.534703025756,1772.4423294172125,0.762213282618409
0.5750000000000001,1406.4467571326377,1980.99852801214,280.6673738667121,1588.3751933786505,1127.3343271654642,2435.042146677403,1212.8562416400855,2252.3362384816205,1561.1636751367255,2463.808608818866,0.7243288304963786
0.5750000000000001,1522.1055183697383,1553.850858489415,1075.1645456321917,1707.5651369636362,1726.7794217729142,2411.8104454080326,1727.614825460274,2725.086828167995,1407.655213201432,2045.068226657036,0.8275743900595364
0.5750000000000001,1800.301178400317,1959.202640315379,1978.4105093380788,2064.8459199402278,1458.924960769607,2918.7230064947908,2500.5153127732824,2827.0490861591784,2670.766879110848,3037.462560453299,0.7458130418508381
0.5750000000000001,2069.5977734825046,1647.478101538527,1871.1176628333492,2188.872206173077,2235.463781442831,3047.0890226419583,2510.3540755343843,3304.274518131004,3061.066495222885,3459.890379531985,0.8300370812706419
0.5750000000000001,2082.0032780734623,2022.6898095044933,1802.5262566806944,2606.7766779548465,2602.755425848476,3319.543613809064,2725.403615092784,3608.068452441167,2723.3929890395984,3509.5477758350835,0.8530364016124176
0.5750000000000001,3795.6680201527006,3041.5868860325136,2440.3429667005053,3502.624765352225,4160.708971175706,5408.6690390329,4316.072420919061,4828.898116819892,4688.692076807595,5780.025577443847,0.7673747981534679
0.5750000000000001,4287.059125132432,4469.334488002141,4915.693841171269,4635.822221016992,6118.424188295801,6442.78821985922,6534.643520832931,6972.391439535774,6570.524497775786,6913.546637349491,0.8293170210376367
0.5750000000000001,7656.858636094003,5222.809325259009,6000.377123766957,7216.528107500737,7469.892895778609,8306.870368779299,8395.984880518412,9598.157117312723,9393.717943322994,10131.096844379972,0.7575764728344356
0.5750000000000001,7225.624076077747,7780.432046640398,6845.130771941877,8768.21515639214,8878.80188025429,11191.751325099927,9197.441593077434,10993.07009239844,9802.857047441406,11332.327668992491,0.777737700512724
0.6000000000000001,62.747218168899686,31.76632463627188,0.0,37.08980211652623,0.0,57.42374068864533,0.0,66.58710356449299,3.9271555182204287,20.94482943050893,0.753035799880364
0.6000000000000001,155.41464749529953,84.07948980576373,48.66017717105223,58.92184718671631,43.69485296992446,79.44518721804448,18.20618873746853,189.84089528978544,85.73459787280635,161.86956895676562,0.8250563095997383
0.6000000000000001,181.91095445398705,158.27609136198868,142.3903637099898,125.14853735599104,191.9848305259863,166.02522680198817,10.07387607199928,251.846901799982,128.44191991799082,207.4831014059852,0.7768435192056238
0.6000000000000001,117.30414810830604,105.7795300485426,199.00545828198585,156.19973406000747,92.8143347313088,203.1213933033299,74.49842388632769,186.4518564668864,196.12430376704495,165.46058785803166,0.7925087349256313
0.6000000000000001,179.29312632408136,73.53819634386146,133.76948096835758,35.9520071014434,81.94256164030281,277.3440547825634,78.6741973583534,269.6400532608254,198.43640283264213,187.4640370289549,0.7809792497746779
0.6000000000000001,264.3265117970595,276.81638554639017,204.1712014941607,158.03513723642902,189.3872693010754,248.5229980734166,134.07497126832527,462.1253287252352,265.3460933276171,304.5999822540849,0.678009784312696
0.6000000000000001,276.86023155839297,311.1641856878868,30.6610563458308,294.16399603079253,193.68073216475292,335.14659609700203,232.2347337085204,373.3970228254642,328.4679501602864,343.0395412949386,0.7459878527544044
0.6000000000000001,539.2050314721088,488.851254214013,289.18454022531387,386.3953046541377,299.67491048741715,398.6340699599248,287.43614518163,605.6440431320963,540.2540684983192,580.1174754943116,0.8093385451053304
0.6000000000000001,421.3393778681197,420.576081893721,607.9652436086185,576.2884606710696,486.9828316664138,569.0371489142813,332.7970448378627,652.236410123747,672.8454014325138,603.0038197750265,0.7428407695517603
0.6000000000000001,504.2327393080786,442.5468082956459,430.6075958416267,608.5018614065132,274.6018864424421,494.6813693448633,505.8246343019478,802.3150769100919,504.2327393080786,633.1762338114862,0.758836332431919
0.6000000000000001,344.26669081502166,378.21460722914514,359.4997302316156,396.92948422667473,685.0515440491075,332.0802592817466,483.5401940524515,638.046736706475,804.3044811961568,704.201650744254,0.838123911579773
0.6000000000000001,400.7438506247947,447.5840409575629,437.6088152385475,430.66952778184105,624.5358711035761,559.9137566629977,620.1988164431345,408.1168435475452,782.4046607436468,669.2075341061236,0.7430589179773803
0.6000000000000001,346.05617953787987,496.5153880326103,453.20137346594544,460.0404283975241,604.1165189561144,473.71853826068144,515.2088048455919,847.5868745203145,1051.846648476797,651.5339664817263,0.6935750153376271
0.6000000000000001,290.7344537363688,434.2137945413302,411.0871902668462,655.0964639384415,599.8757965891637,716.4527609931947,713.62093189836,709.8451597719136,911.8489685367932,711.7330458351367,0.8148058900224419
0.6000000000000001,747.5910723712801,616.2367041303413,639.3263391726938,717.8310983166923,1032.3632378936277,682.4269912517519,1006.194984845628,1078.5425079783329,1146.2721041025666,1079.568713980215,0.7307335319298279
0.6000000000000001,423.83859002532125,744.6984944946183,755.5383561320945,748.4924460677349,780.4700378982899,659.0635875585558,938.1900247235692,989.6793675015816,1225.9883511985638,1291.569514105295,0.8564790564542399
0.6000000000000001,895.5132729141377,600.134549387485,768.3363225068289,588.4131714697608,865.0376903280544,781.8159071122118,1247.7406793417535,1223.1257857145324,1406.5653501269178,1349.1305983300688,0.7700590463593434
0.6000000000000001,1023.6069474039248,649.703505495077,1042.117018785551,699.0636958460801,917.4825381492684,1298.7900086107668,1375.2983036548214,1066.7971139610524,1365.4262655846208,1371.596289378496,0.7756482476235791
0.625,16.01066093055203,27.27444248973437,24.458497099938786,46.66423788804111,8.286925004255561,0.0,58.73257527287933,0.0,35.64182307655554,27.515809237431128,0.8005819309581614
0.625,76.26056416158875,104.61385083705125,73.164515616567,103.79910121994028,77.72711347238854,21.346439968307976,210.2054012146357,73.6533653868336,128.4045396566922,70.23141699496743,0.8128980651751632
0.625,93.67452177069929,169.00042587497296,71.07675053941719,151.81066827169,112.98885615641048,31.096078360995037,255.72178726681628,168.80728253111585,162.43355218383115,186.38332682211305,0.6954838140618056
0.625,147.1371986532723,157.43680255900134,48.555275555579854,207.04305810496172,107.19995901881263,58.85487946130893,268.8406815393361,81.76624325160418,152.60229460325098,223.43834595489776,0.7758876996063889
0.625,206.0412101883097,144.27767206314107,73.72564629960846,264.38700312078134,125.48007350330712,166.98126512891457,308.5735659692222,210.1913293508705,174.0608801709299,295.14670985505506,0.7731224978831928
0.625,162.63555107756218,208.31405462095157,41.41183013549036,275.576905992536,140.0472800945674,169.4120323724606,404.83201217300586,220.1101516898488,198.023842284254,307.7024469461284,0.746866289718287
0.625,251.16970048282323,199.16279779461516,178.18274046016757,360.7978873994438,248.2147628300841,140.65503227038104,449.1505232163428,270.0813014603535,390.9382514573825,472.1990369077077,0.766066759742033
0.625,274.21572464410514,262.45402076843885,168.02434108094675,394.52115285806303,334.704487433246,164.66385425932785,559.1850071173909,375.702426656997,420.39690138452886,578.0037333184569,0.7246799131188612
0.625,395.3589167963671,397.5573908471347,399.7558648979021,408.9161734427671,212.51915824086456,476.70245667476695,266.38177248467,754.4430117550693,522.8704117408859,501.61849591679936,0.9046080528567414
0.625,686.2670186107173,439.5511896060379,594.305617651666,495.8623558320649,385.6707212027171,638.8684110679463,467.09909826337474,722.7274859513102,722.3223696475258,716.6507413945448,0.6583114009953761
0.625,701.0010546429596,464.0669595782267,516.0560955456681,429.9757228782652,510.0901291231749,620.88664839805,703.1317569367072,908.9575985127252,707.819301982952,572.3066361006047,0.776341465374525
0.625,561.2928475520748,570.6999902484782,358.81529999139013,666.1152947405708,452.43876777940585,658.9479479242634,498.1306037333656,1045.5367168288449,954.6010040969444,823.3489655233147,0.7272559392542147
0.625,746.0465051410512,605.2655383112065,731.2274560010675,643.702447018039,509.8679094725619,833.5715141240794,608.0441100249534,953.0500978151975,955.36557424332,922.0227136783566,0.8304329400969626
0.625,630.1899435828727,644.6438413714707,576.7105217650601,835.9170887739176,815.1998352769272,785.8102431067779,714.022550756741,945.2849153743092,929.8674243998048,1054.1709453817473,0.8279309788321849
0.625,902.932125004082,621.1480024717697,543.6955854285301,664.4602093709498,751.5941785445942,931.9767813952968,465.22405763472176,1032.3591903263375,1037.9642994544668,1040.0025209556047,0.7996387311804235
0.7000000000000001,1.0273458512765767,46.35898153885569,20.418498794122037,48.41367324140885,0.0,13.740750760824268,46.615818001674846,58.04504059712679,68.96059026694046,77.56461177138182,0.7704524520487761
0.7000000000000001,34.25026955346146,3.9283463287124127,54.996848601973966,11.907799808909536,39.283463287124256,26.270816073264363,110.8530229633538,0.0,64.32667113266598,111.22130543167056,0.773823689251259
0.7000000000000001,75.47737704398499,62.65290236040524,0.0,63.9887851399448,24.179478309665978,12.022945015856024,164.44717016131955,64.2559616958527,66.393374143116,49.82842767682549,0.84300839117218
0.7000000000000001,99.88448877742836,24.077909425352072,26.87405374571555,60.427785590077214,79.22408907696493,0.0,159.06954355845514,70.52497341361193,80.15613718375278,64.00063666609717,0.7942752914371906
0.7000000000000001,169.3784669044217,73.75517749007095,87.67124871461264,94.82808534437696,115.70219218118947,0.0,322.6540513918738,162.02282925716398,166.79405367700684,200.78902766838723,0.8717930001868117
0.7000000000000001,120.26823989027142,26.87074188539399,77.36173268617459,190.9122871050976,108.78316472957884,90.7971036288716,339.5681656000998,58.50887346013205,270.4410151046104,276.94200104462504,0.8279783055038491
0.7000000000000001,184.84844889314277,57.34264618879334,108.15848712032565,150.8158214802817,178.55474382364105,41.25873323340009,298.6013405196922,237.76219151450897,223.5430800611903,255.4778057842175,0.8401205465089783
0.7000000000000001,94.02908383957714,273.2634078739617,143.38745922750766,272.7119176461636,190.5398737042457,183.6462458567694,416.9266122153684,294.49578164418875,183.09475562897128,272.4361725322645,0.7201082914806091
0.7000000000000001,317.3073185695725,215.01745929385507,269.29371115443985,451.2583247639644,372.6273445043993,269.29371115443985,573.7278161416942,331.9201556089607,314.1759963468465,448.4749272326523,0.855418467053237
0.7000000000000001,279.4480859708354,259.6610786412234,258.96679768228967,439.4798470050653,213.144254392662,32.63120506988637,569.3103863256771,451.2826233069391,514.1150500904438,365.1917843991537,0.7429115474876461
0.7000000000000001,325.1635246504063,230.48133823828096,133.15861276286938,600.9112468307393,327.42684384750885,251.22843087838817,721.2443841433605,453.79549901907046,272.7299632508628,654.4764678288341,0.7909549954879447
0.7000000000000001,421.54486253433794,456.10430788987,460.524702063252,439.226439227866,454.8987458425839,324.29619071993403,748.2521773488439,498.700833560642,607.2014178163819,679.5351406535419,0.8064031178156387
0.7000000000000001,500.8317301740384,441.2922937197821,394.88655648337647,665.0029703971717,425.5318546583613,404.95572588372863,823.4829409592364,605.025743968987,502.5828900697519,650.5559012575359,0.7914147153271924
0.7000000000000001,568.9425814939974,530.7300200503706,627.4408237039937,667.0686652010883,609.0421830089142,555.7333009949659,1097.7855614730777,802.935550333983,866.6231527400275,931.7260351995396,0.8611658390359279
0.7000000000000001,561.6984984999762,816.2510015655084,731.0495439278715,1113.4042334498592,891.4596956530521,571.6912620500694,1189.138862461092,1003.483834398834,1230.161786508843,1145.4862637948952,0.8573277901726684
0.7000000000000001,603.8153551630576,666.222381897952,834.2834100349047,1138.6545228822847,1131.5379321142705,906.5441778332034,1482.4405999832825,1105.8087193376032,1191.2078085537746,1463.280547915551,0.7679619241896103
0.7000000000000001,1021.819045665834,760.3188496093604,819.9296469899758,779.4392940521992,1103.9244835674367,726.0145228148551,1385.1074900797742,1143.8524704921883,1260.2622351882962,1373.8601698192804,0.8236562398212448
0.7000000000000001,886.8907825277627,844.9859106025026,952.9053067935832,1010.309240937775,1194.0018301991886,706.0683899735587,1565.4052841121097,1371.3799867047412,1413.8588979714432,1391.4713636552085,0.7732702025463734
0.7000000000000001,919.0941328822212,1143.263433585202,1161.4393228313893,1351.680296941487,1245.048413363853,1070.5598766004514,1661.8821400764225,1511.6281223079377,1575.8495976444676,1497.0874109109875,0.8459337956454407
0.7250000000000001,0.0,108.49263100071416,23.248420928724467,112.8432126949784,74.36775583632914,38.61141253659503,83.74869761458639,62.67556753299403,58.59689719462131,0.0,0.8020356857007725
0.7250000000000001,0.0,66.95083626320594,58.61093970446748,113.63109061281143,50.7343707323256,57.45262073797603,36.83454313442818,59.07426729106405,39.846172447305946,0.0,0.6749855313340757
0.7250000000000001,59.02955202207136,96.39688311861195,103.79814193483496,141.34599153908832,153.440731555843,118.05910404414271,170.77050829626762,131.7785106303122,161.20302738749157,0.0,0.5876111218770907
0.7250000000000001,14.002025235632225,137.96113099814104,16.88479513708592,196.0283532988512,159.99372953067996,142.28528585032157,105.2211014030598,170.70116059322226,51.27212181871212,0.0,0.7126861321557894
0.7250000000000001,0.0,205.45507793375592,207.05483938596535,241.33544193331065,274.0162830284464,168.66056453293868,198.59895742428688,210.71143699101555,137.12241018938104,68.10413039405925,0.6735959713104622
0.7250000000000001,78.67264357777792,231.1465596139667,132.2577258908155,268.16898012115627,258.9133749943589,151.01250470037866,269.63039145696644,212.87891791634027,264.7590203375994,66.98135289129698,0.7093027214920566
0.7250000000000001,139.5812005758831,124.32642455666092,210.51590906526636,281.1963712876625,185.09128236656267,165.76856607554788,182.29457342970525,304.58702785046984,173.14170781817194,39.15392511600364,0.7076553032122223
0.7250000000000001,69.68599688638795,339.6089721678401,264.3363341808556,351.3703218533064,217.8790029232636,159.66032198020534,283.742561161875,268.7468403129055,291.3874384574282,63.8053220436548,0.6613017649307141
0.7250000000000001,86.9111510138082,304.52075049876305,172.16369227544448,430.9068136142627,293.24220418399403,405.0325014803809,332.3853943352512,378.8264673960647,381.1485210491054,142.30871673635005,0.6970407997558266
0.7250000000000001,271.1471310290995,223.845365039133,354.5770174995917,538.1972587047374,373.9446697159559,229.0597329435388,347.87283019392714,573.2080146343189,413.7973386996285,258.8561209687145,0.6985305504869367
0.7250000000000001,243.70391601322248,544.7256735253247,376.483376176095,650.2894679405276,743.8948637696335,599.569363592598,731.5241066116018,746.7813737731741,648.2276750808558,262.6724103222043,0.6602958514466247
0.7250000000000001,312.0403493119535,520.5234481943551,593.0591434291513,619.0625058718141,754.0975108372209,515.0490561011629,927.9094597960724,850.8117711502825,701.1783872696966,590.3219473825553,0.6377398121811124
0.7250000000000001,352.80175073815303,607.6305047776325,625.443776904664,821.884583416651,656.1221900123295,883.241409631982,735.292288354692,1042.5712325459865,1026.2423997628744,562.6025113454137,0.6936772724121366
0.7250000000000001,588.9778754086758,771.9965285946464,722.2237503910964,973.679973606948,907.8347357751684,836.2863671075651,813.9923102038917,1096.5565197969624,882.9483466733934,609.198066553868,0.6921076263184149
0.7250000000000001,766.1930102864687,950.1007797254182,645.5538029285573,935.0879005875448,794.0740715425194,923.8282412341396,941.5219916466334,1218.7240814423676,982.2712350208612,894.338657213317,0.7118807359594138
0.75,0.0,14.185656232707506,6.988007996407639,9.992851434862922,14.115776152743427,12.508534313569674,12.78805463342598,32.284596943403294,29.000233185091695,0.0,0.7229381342830489
0.75,0.0,83.19184440216527,49.04759810341562,111.44148140503958,20.90918014385972,66.28654981776805,60.16950243525589,35.03399864529687,77.07479701965312,0.0,0.646684923867422
0.75,0.0,22.356385689140332,88.82456464663821,21.39482071326333,76.32421996023716,31.491252959971867,46.39551008606542,80.41087110771441,66.70857020146713,0.0,0.7994628714863492
0.75,70.34820738719806,248.68708400913,83.10139118253804,189.2407918018193,185.74395108374225,119.3039774402774,149.3356683131748,145.8388275950977,117.65840533765288,0.0,0.6721010296906184
0.75,73.12698165526675,202.94523899116373,114.33534591051476,262.0185010449297,191.51170440011225,88.1334958060218,238.6750345881996,247.7265828061153,208.66200628668943,8.575150943288609,0.7468765154257375
0.75,108.198203596078,230.44492109870825,158.4770954721598,184.10947172271128,277.76623109972644,206.7842660981992,218.6145935984537,242.2752485989628,186.8205884415196,76.89712875165452,0.746614055601163
0.75,94.07162217286698,174.49168967684827,169.77569806396048,241.50841259683267,225.8711772488363,127.33177354797034,211.22678224039527,211.22678224039527,275.51319422660254,61.80431113731894,0.7845071188452574
0.75,35.23171065158022,107.5777424475732,81.22119554791776,123.98334817082812,239.09153258973143,255.2281939568674,262.7586359281975,222.4169825103576,222.95487122259544,71.27025437151724,0.7869996350364286
0.75,107.17007003774684,392.5486565382613,210.97193787430732,383.6688507351337,296.70799390450486,296.70799390450486,364.68443832844713,409.6958677443008,289.35918910191646,106.55766963753116,0.8176575841878275
0.75,117.13496528966904,251.0514442311531,370.53582143207626,475.2524666194021,339.99346658577286,458.4709529675871,514.5212085646493,389.6667469951454,491.6983499981809,243.3319479513182,0.7769358346201123
0.75,78.14154649926103,350.8927540419198,421.22014589125473,535.4556448211267,476.2913310431149,405.5918365914025,453.220969695714,326.70608488738657,449.1278410695622,301.77521052809857,0.8799640978999367
0.75,325.54608615570123,446.8702906779188,556.968768091319,405.4214521222857,635.9806165879946,674.407143998946,775.4386879783016,771.552859363711,636.8441340579035,512.9293771259589,0.7443127844862479
0.75,322.9782130921246,699.9412571910019,542.1752424385088,681.7911846973523,763.2338176816776,625.4794213196187,488.65579790595217,831.1802429143148,795.3454844012117,598.0216193420462,0.8359850344379479
0.75,727.3361129412341,1247.8207642322343,860.3556369522987,1317.991614054585,1266.126203316326,1097.7161637426846,1469.9267584525444,1410.7391720806486,1304.567625392918,1019.0027756810912,0.6980231980787931
0.775,0.0,33.23971050937979,13.686939621509325,34.13587917507385,40.24612007753338,27.29240936431919,37.639083959150646,26.31477081992567,26.72212021342297,0.0,0.794170412386412
0.775,0.0,25.244139488019748,0.0,35.150067641546485,6.630580941473542,0.0,23.80618217541103,32.59369908579765,9.826041636159584,0.0,0.8575612771594665
0.775,0.0,56.69343410594919,30.028829933041216,126.34536743611534,3.4888267142122573,50.0895835397617,37.25568526962376,40.49531007567799,0.8722066785530643,0.0,0.6707376020304907
0.775,77.81003419773477,13.794576699875416,182.5626010124137,189.24434910141585,199.805821887258,166.82816196411832,193.1240737982558,208.21189206374456,116.39174090519882,53.02290419014613,0.7658008913483078
0.775,121.83123062040164,200.8943821805105,99.40688646446432,218.6951502218215,242.9689248236093,100.33160168738956,201.12556098624177,263.5438385336961,110.272290333836,91.3156282638684,0.8166201009526989
0.775,51.801639702708215,100.52829622671686,42.81322733420177,275.0927259098158,204.60464996731787,9.224949536098723,181.89708187845943,111.6455431035538,168.1779261581075,40.92092999346357,0.5921036160172103
0.775,36.47868897364788,168.40161896053883,118.68066618138864,284.83359883533274,89.6975982297232,202.88147566165807,186.89081748142883,204.8803079341867,150.66198254184707,5.996496817585952,0.7807649968566576
0.775,155.15599236192529,129.96659118399614,176.86175295141743,224.5608317777088,170.6983888334135,233.6718917782364,366.0502341388428,263.9527676623427,197.22765177612607,42.07165941420081,0.7010994317369557
0.775,131.07675274536862,249.07555283587052,252.64226719628877,370.6410672867906,325.1654591914587,150.69368172766872,246.99496945895996,377.7744960076271,278.7981725060222,53.50071540627291,0.7785889906580162
0.775,231.290817602178,360.5112446726371,199.32938218315488,483.8892588170381,304.8364862007903,404.8448486409594,437.8372981057575,559.8406268557919,368.0720143416533,163.5875619296237,0.7848004992614096
0.775,420.51276446732624,551.2639750840475,315.9117959739492,806.4397248360358,781.5548170089825,595.9724535529909,1007.6278779462812,705.2129811327677,632.245370046662,381.2874012823099,0.7505763623034478
0.775,266.5668011766851,670.3116477640993,634.3943677354226,441.39307987048494,717.0473856327388,672.9080776456904,730.4622733542928,809.2206464292225,601.938994215534,537.0282471757567,0.7800163289897128
0.775,346.9050287320344,533.4836793203447,405.97264173235374,598.645569852443,525.983030050463,752.8776704643882,736.0012096071541,980.7098920370486,588.3321771063556,421.442730851485,0.7432506499920859
0.8,0.0,0.7688556326638076,0.0,4.398306486856193,3.199796235939082,0.7123221302620572,0.0,0.0,0.0,0.0,0.6996356406518467
0.8,0.0,37.55979247228967,0.0,37.79022064696629,27.1905246118416,62.138797771129525,18.203825799453277,5.991132541592217,0.0,0.0,0.6539480749407497
0.8,0.0,77.31836810697345,6.454173828350424,77.05493244051016,132.11298673133624,22.26031381614738,23.31405648200051,62.43425295179797,45.83780596461118,0.0,0.716836795503978
0.8,0.0,101.98278447545968,75.94844688929479,152.6150824016562,69.84384359322854,107.18965199269266,168.0561377975885,193.55183391645335,91.03040797369376,1.2568300903665806,0.818119397966457
0.8,0.0,92.66650344357114,174.90802524974055,312.7494491220526,223.55793955761536,139.46308768257458,139.92642019979243,224.2529383334422,145.4864104064067,0.9266650344357116,0.5554853576353355
0.8,33.65905576653117,182.4023830877461,107.90697289858522,313.8211964114818,228.1885986525128,189.82717480095152,186.85725811566937,268.03498084671514,154.68316069177928,55.19095173482685,0.7661051061449736
0.8,0.0,222.11114408617303,31.329897617659725,238.6675940467249,124.30073201152804,132.96102891397055,222.87528793050615,251.91275401516643,133.470458143526,175.24365496707227,0.6122088176811413
0.8,120.04250765694545,258.9257676367298,137.80664556133644,252.19692752143015,301.72119077003543,133.76934149215666,305.4893412346033,310.872413326843,301.1828835608115,0.0,0.6777810314497189
0.8,210.4753634962539,255.22664105718584,217.98202940970057,292.1825347849231,308.63945621055615,245.98766762525148,287.274330149208,404.7825234866227,306.6184307723205,189.11023743490577,0.6758760200245967
0.8,173.14792530451683,302.92349062151163,308.04621030507724,350.05251171031506,474.02232805260223,354.83371674830954,373.6170222547168,543.0082864579522,293.3610805455225,117.13952343086642,0.6726707476771713
0.8,155.9014141055165,385.8836420058528,228.876544112354,408.3658790281614,416.10566554403806,432.3223611011131,353.8188121543636,513.4058388864881,386.6207645311744,141.52752486174543,0.7794283508112826
0.8,177.9321963321164,553.9398565056454,458.6789872429322,861.9639888352997,617.3072188786397,467.0720153718056,475.465043500679,683.192489690296,545.5468283767719,335.3014737484929,0.8117501077791811
0.8250000000000001,0.0,0.0,0.0,0.2576888283511087,0.0,0.0,0.8875948532093745,0.0,0.0,0.0,0.8039508754921074
0.8250000000000001,0.0,33.29647965083529,9.00141050928093,67.55427498712776,23.333753456097167,28.66468589363248,50.2505926488984,6.641817463158745,21.93547609543217,0.0,0.8185715067912563
0.8250000000000001,0.0,32.0513752052264,29.09278672474396,32.84033213335505,16.370856258669484,31.75551635717816,19.32944473915192,56.11456151315021,48.42223146389588,0.0,0.8427680870470821
0.8250000000000001,0.0,44.89301645579038,0.0,113.2946787527833,62.73692835935375,93.89296501636916,35.121350413362826,133.6877209282843,134.67904936737116,0.0,0.8122422199502585
0.8250000000000001,0.0,167.0408289711223,89.68635112543478,212.55665216728045,94.39488455952012,146.18875233445868,26.009041826376087,212.33243628946684,190.3592802637353,59.86563937622772,0.8182860391249174
0.8250000000000001,135.3156048554588,160.26205714724728,117.67669919459824,245.9367417857128,180.92477520711248,214.6906803293313,115.156855528761,346.7304884192016,177.14500970835667,98.52588733423536,0.7839049382953681
0.8250000000000001,0.0,234.1815484949304,121.78483646674,311.1120126441559,250.8715474967963,246.959828980734,233.92076726052625,348.9252916327582,202.3662378976236,101.1831189488118,0.8528387046016991
0.8250000000000001,24.574070697477648,329.0195021162285,211.8830984582517,305.81065756861074,251.201611574216,225.8084051868224,307.9950194083865,375.16414598149214,345.9483063744909,205.3300129389244,0.7683696742742165
0.8250000000000001,88.99774855126849,204.75299013102293,205.625517077604,305.09358898784524,337.95877064239863,285.0254692164808,246.634283566914,359.19025967587123,310.61959298285865,113.13766074001126,0.7290972393392984
0.8250000000000001,189.91225959712136,319.6226237323681,367.3188114412929,225.97523079167425,350.1598170825944,267.8548102434131,382.4419929099764,268.72730148199105,271.635605610584,68.05431660907564,0.7751301451127306
0.8250000000000001,345.918568340869,443.4668846992202,241.1711142438941,572.6914071075157,507.17925368604,508.9790381206959,554.3336058740252,601.1280011750794,553.9736489870941,321.4415000295484,0.8155591838046619
0.8500000000000001,0.0,3.7314605306038926,0.0,6.8966682958632255,6.765994580783712,0.0,1.2196213407421284,5.270506508207054,0.0,0.0,0.8307699236379601
0.8500000000000001,0.0,38.969200990255885,0.0,80.96187447113506,55.99023130783891,23.851838537139376,70.88363283572406,47.81565753689443,25.7555064016059,0.0,0.7391886013261659
0.8500000000000001,0.0,0.0681574970810775,19.28857167394495,17.9254217323234,31.42060615437676,0.0,20.447249124323267,23.58249399005284,0.6815749708107757,0.0,0.6715215729350646
0.8500000000000001,31.62334087589336,88.3174384822247,9.971323699606014,74.78492774704512,39.17305739130934,54.84228034783308,65.66828893597676,49.2868285723383,97.8614197375619,0.0,0.7412353334819605
0.8500000000000001,6.402641700001536,110.61115488623344,60.49392502760072,147.26075910003533,210.62483385522296,66.23422448277451,211.94951834487844,132.68922971382491,97.80587148623036,0.0,0.7179860514024936
0.8500000000000001,29.29729932064259,97.31798556943887,85.3443067166545,56.55652564506656,246.35207341792508,119.99154765237095,240.4926135537966,251.95677415752627,142.1555914862484,94.51563519963828,0.7669067285683617
0.8500000000000001,0.0,230.67490406500525,196.0994710172304,229.6428015859672,311.436923049733,158.6857561521009,156.10549995450577,253.12313298408293,157.91167929282238,78.43978840689216,0.6939292630600354
0.8500000000000001,7.547779178946893,154.72947316841132,211.60738055261828,223.4681764052491,335.6066099210315,102.97327308420404,273.6069952368249,287.89386296840297,277.3808848262984,0.0,0.7702877045398445
0.8500000000000001,84.57747112451578,200.871493920725,269.4478218595216,352.31088478556745,287.44910794345566,204.30031031766484,175.72684034316626,366.02615037332674,200.58575922098,96.86406321355015,0.8082784800995814
0.8500000000000001,107.2604085908008,265.98101321071414,308.1411738128786,334.80127537012964,325.8112411240799,266.6010155725107,464.0717678047075,378.8214430576838,355.881355671212,154.69058926823584,0.8081029387883395
0.8500000000000001,124.7089166887304,296.0123736787448,177.12777452767483,339.5234517542084,351.8573006574894,342.60691398002865,437.5090291524965,381.6641021737519,462.5193338730387,327.5322097649073,0.7629871175147199
0.8500000000000001,136.91986287383634,303.341795648665,466.7378751003151,604.7924329703434,551.8399998147161,366.5064837700205,635.4291978675278,453.49976681140816,404.3296503097543,233.74716921555483,0.8109797711512089
0.875,0.0,1.2215767211382609,2.8810771724958983,5.220511836562567,0.0,0.0,3.295952285335308,0.0,0.0,0.0,0.7591780414892381
0.875,0.0,0.6238630805410834,0.0,0.2391475142074153,1.8819869596322685,1.466078239271546,0.0,2.2563048079569183,0.0,0.0,0.6442061519066969
0.875,0.0,30.18038276081561,0.5670635591802515,12.979454799014649,3.0873460444258143,14.176588979506288,15.499737284260208,28.03814264835688,0.0,0.0,0.7660071097819021
0.875,28.056205934978134,65.12528631538966,70.21319930877948,122.54601866936046,110.48039642789318,49.280071564547086,83.87787991959786,91.727802823685,36.34223566707013,30.527477960338903,0.7041330582807395
0.875,0.0,135.6086127736406,96.00895826882302,116.69775735705424,38.468235804679935,32.81114230399171,82.9168275958017,118.63733227157591,77.9062590666207,57.7023537070199,0.8168146734416963
0.875,0.0,130.37817044633084,160.02099147266424,275.82896175350913,141.18021539660486,142.18505678732802,142.93868783037038,310.24477938577763,118.8224944530144,0.0,0.6792198263610595
0.875,55.96599652967,196.2788503884161,116.97158516390743,329.1649369351681,222.8030193598237,212.19335177126067,237.65655398381196,305.2931848609013,152.2487298958795,60.47510525480929,0.814675796299871
0.875,69.9004205300217,196.00077916618085,300.85140996121345,320.1439260274994,230.9509894311917,312.8742822923772,308.6802570605758,284.3549107161283,432.5438022397743,71.29842894062213,0.7619973069064581
0.875,87.2492731818624,221.12684645763815,145.60616409694418,252.8798606320209,189.37383228325547,251.4495446782199,263.46419869014846,319.2465208883884,181.9361893234901,42.90947861403069,0.769470459507851
0.875,178.9076742136554,331.1958674889469,247.3135496482884,412.9114833927618,299.6239249806547,290.02853068891886,368.0298004152877,401.1493871641823,283.83795372650866,205.21762630389884,0.7815970529331728
0.875,169.04744081366647,543.3416704738636,268.15633542791585,369.3739299275748,419.9827271774043,477.6205240452656,430.1747766235504,555.9938697863209,442.1240759742046,322.2796324867612,0.7742302828570464
0.875,105.04747817355576,402.681999665297,283.17146290262855,508.8712982537827,572.8132414898602,402.3013928603205,392.40561593092747,718.205040990941,687.3758897878322,411.05534937478336,0.806100404412528
0.9,0.0,0.0,0.0,4.423735727822186,0.0,0.0,0.2333399065224889,0.0,0.0,0.0,0.9328934958558044
0.9,0.0,2.7345517625369498,0.4662599779440882,2.973982562021752,0.0,0.0,0.1512194523061907,0.0,0.0,0.0,0.8541271437405197
0.9,0.0,46.48360214530874,13.970481519081863,32.76712938111928,0.0,29.71902432241051,37.93197406393136,34.545190665366064,0.0,0.0,0.7746506730522527
0.9,0.0,56.7252344730404,91.09987780707736,105.24582156594028,66.20301679147856,2.4048104390067,68.18344891771937,96.47533643544526,57.57399109857217,0.0,0.8533005657215675
0.9,150.79299320453873,118.09089829271106,93.66525950054348,204.48902559062617,143.52586100191036,96.69323125163864,202.67224253996903,215.59158867797507,136.66245836609468,0.0,0.8166769104385385
0.9,57.47017804443352,140.17726036055305,104.44580183727484,219.63602826546548,240.62513676864992,114.4406154102198,224.8833053912616,201.89523417348815,164.91442395359184,61.71797381293513,0.8756096508104042
0.9,0.0,238.67590520767564,159.20956553876275,306.2361382362984,178.59159960435125,359.9520612180723,186.8981856324606,352.4761337927739,188.00573043620847,50.670174771467096,0.7901426198404511
0.9,20.228397558714224,230.8254132384788,143.5384922659448,165.15239650676273,194.8022395037822,161.8271804697138,159.61036977834786,234.9819332847899,276.8242350843221,36.8544777439588,0.2
0.9,98.54789927127445,300.3504631521528,375.36453573177965,380.9538195710461,226.21890907346284,265.6380687819726,357.4199928793984,366.5393507224118,474.2066078366997,102.0779732750216,0.7462075837299877
0.9,71.62179653157618,369.8401389863287,233.6969826482895,301.30548885697567,307.4797816614219,225.97911664273173,322.91551367253743,389.5978759605566,374.1621439494411,19.4490223340056,0.9216214609656732
0.9,47.544701573679326,180.60383167224023,349.32148795106053,363.5188641154231,336.1146264028164,189.51846321730508,393.894645676385,230.7899055555684,303.7578156096179,172.01937166588144,0.8029645207942347
0.9,143.36108262681165,443.5937164002392,373.4143382557005,550.5515921820228,457.4794757122602,433.8361558026028,464.2347099721623,378.6684093467355,287.4727468380569,264.20471772061626,0.7992385286417918
0.925,0.0,1.8403098260867925,0.0,8.97596276465558,0.5224105312762507,0.0,0.0,0.8667265632537796,0.0,0.0,0.9222610324862429
0.925,0.0,0.9101042144159984,0.0,1.7352653688198374,0.0,0.0,0.0,1.0678556115814384,0.0,0.0,0.8354936323854438
0.925,0.0,1.894064205869804,19.439080007611143,40.27378627217899,32.797217038482394,6.778756105218246,40.67253663130947,19.14001723826328,30.90315283261259,0.0,0.8937794547373227
0.925,24.64510937024451,114.401989175456,47.16039447392468,144.37165921211135,91.27818285275744,87.93131614815634,91.12605254800285,102.68795570935212,49.74660965475281,12.322554685122254,0.8558961911295351
0.925,93.90906931998347,235.8077432022832,128.91325147132002,151.30840026706758,95.22643101385098,62.48058319485875,73.01947674579878,173.89174359051052,87.88684443373204,26.535428405045437,0.8011022025584686
0.925,40.48779445208041,291.8176883149946,117.64378010604496,281.88671986448435,190.216241859774,223.57411024482136,191.99872337653224,340.45396970082703,306.3321806657404,68.24357807017327,0.8768566190245626
0.925,77.47862637543221,352.9581868214134,216.05151010783604,277.9788709742209,103.02713399743853,225.2156487113818,342.12784119904114,336.8515189727572,258.8174902577162,91.64138603545744,0.786039425613288
0.925,10.561593387268786,198.67213506862367,164.41831867748166,248.91106577563195,204.3811044671473,160.42204009851508,204.6665529370735,295.1537179036737,163.5619732677031,167.55825184666966,0.871715360556165
0.925,86.43428555772896,163.23129885815013,261.4110099794729,427.6539564180317,297.24961618633614,259.6040214312277,261.4110099794729,347.54413077916104,256.8935386088599,127.09152789324604,0.7682652868439879
0.925,160.23641978456317,387.4466556509555,241.9194384638034,381.187420503121,286.6729697708201,397.148470130099,320.47283956912634,245.04905603772067,428.44464586927154,102.6514564244858,0.6706536051478579
0.925,133.8493354985719,360.6018087467952,210.2363598705075,496.8597441129506,461.4189174899355,363.3544943097479,343.74160967371034,419.7845483502769,227.0965589435924,279.39758463969247,0.826121487459213
0.925,92.71714318074903,396.87460068832826,71.98770059968727,480.5461689246141,416.8502453573514,351.6467259660117,630.9288523763166,574.0171100174016,401.0204892045406,174.12731768091896,0.8595226246580455
0.9500000000000001,0.0,6.633409031054734,0.0,0.0,2.71759774084179,0.0,0.3952869441224422,0.4076396611262686,0.0,0.0,0.756999965802185
0.9500000000000001,0.0,1.8612003690162304,0.0,2.936829153707428,0.1329428835011593,3.6619721546228425,0.0,0.6888858508696436,0.0,0.0,0.5996263281319643
0.9500000000000001,12.847109897586748,45.17549300053045,13.584239154005662,72.5545796675186,15.585018564285564,33.69733743629311,73.39701310342593,31.48594966703638,54.33695661602265,0.0,0.6503134556817807
0.9500000000000001,4.043228018639214,50.384841463042505,95.01585843802152,109.32266527320644,130.00533167624548,0.0,123.31845456849602,89.4175427199057,65.78020968786106,6.375859567854145,0.6926939002122696
0.9500000000000001,46.80252605253333,119.60645546758516,67.60364874254813,158.9335780533944,126.91935016329349,104.655648534137,123.66917474297868,150.9706482736231,25.02635073642407,31.36419280603796,0.6495813437221375
0.9500000000000001,145.6046539363586,163.8052356784034,265.1723645472919,249.2468555230027,279.07558671135394,199.19525573237945,219.92369604970827,295.2538815931716,212.08733446632783,28.81758775823764,0.6749216206625076
0.9500000000000001,92.45973083028689,283.7845352893443,239.5041220302612,292.41782340903984,319.988646759035,171.83028289845484,314.6972766211572,362.3196078620579,244.2385058378361,145.93041853936845,0.7543689764892827
0.9500000000000001,46.44122958194132,156.55659783597827,147.5020184835243,211.4682403605378,323.0440246391641,400.4460739423996,330.054021557193,236.29531277855676,356.34150999980125,86.74871186060736,0.728255502157546
0.9500000000000001,93.34067208076844,323.34737939242314,341.5058036538695,275.56205238861673,440.26214612840266,235.1038088587273,309.33035013797326,384.51259795729527,308.6932124445892,148.13451371179974,0.7667007536039919
0.9500000000000001,117.28927312112752,304.4462803656221,362.9328451295266,364.8297066894371,372.7332965223971,211.1839203366932,408.1413789740583,449.8723332920874,421.1032663001128,273.4642082204186,0.7121218922267993
0.9500000000000001,254.02313786202123,408.3528375407632,515.1418941000766,480.7281449763111,483.92117324552646,422.8988552116331,334.9131873488101,402.32156192113416,466.5369082242429,180.2287067512665,0.6833471775309519
0.9500000000000001,206.659218495868,455.8983114953251,267.225419298387,492.2380319768365,487.46614948936536,422.1280661993751,460.3031260991447,648.9760182960828,479.7577239326811,274.93384485507124,0.6767435008733523
0.9750000000000001,0.0,3.1156906030447207,0.4846629826958455,4.465823197697434,1.8117163876963749,0.0,0.0,0.0,0.0,0.0,0.6639971565357352
0.9750000000000001,0.0,0.5114668993223694,8.090476407462935,2.266728303815046,1.3019157437296676,0.0,0.0,0.2208607065255686,1.2902914960177954,0.0,0.6578361677965343
0.9750000000000001,0.9876007815690396,12.274466856643782,104.40351119444136,85.6390963446296,95.65618998625844,0.0,88.17864121152141,0.0,61.7955917610342,0.0,0.7410251383843576
0.9750000000000001,0.0,37.85048628230841,40.97862564448266,44.57598591098304,62.87560117970241,98.69279687659755,61.31153149861528,52.86555522074481,88.83915788574868,0.0,0.6801452528853709
0.9750000000000001,1.3858136983424716,119.17997805745254,90.69380759152396,131.03638414327148,108.55540637016028,107.01561337200197,101.47235857863208,110.2491786681344,64.36334732301701,6.159171992633207,0.7677923478743813
0.9750000000000001,134.9638783577787,185.7002992959807,193.44822564614947,287.67300738852464,240.68558307137204,219.69120199349533,218.44153645314557,204.44528240122773,127.21595200760994,73.73026688063835,0.7568352182932528
0.9750000000000001,66.80505665240689,214.7109022449785,149.83027109284674,214.7109022449785,193.8171396705632,153.40420416478622,269.14465210990267,329.6265964042628,194.092057599174,0.0,0.6923734947121396
0.9750000000000001,97.24068105686486,111.33770286688372,151.90260236101966,336.0269688592253,227.56620921887605,185.27514378881943,340.91777234433386,335.4515802139184,206.27682934252095,87.74676840930113,0.7326911868118273
0.9750000000000001,127.56781329573327,304.246240160716,47.31388380452079,338.084650729772,338.98301561213634,247.0503426501877,337.48574080819577,279.0920234545151,303.3478752783517,193.14844970832857,0.7103463929033211
0.9750000000000001,42.70623707149336,249.1709227696483,163.45120951103934,365.61454759048274,313.38389793469946,141.63723230185929,286.96133399118565,291.8771598411417,391.42263330275216,85.71971325860899,0.7206441672448837
0.9750000000000001,129.29836269448853,291.0039876499998,357.8026302696588,394.1781287259088,279.09927906431795,338.95350834232926,443.45039481664736,320.10438641499974,337.3000765943179,195.43563261494305,0.7774581978423989
0.9750000000000001,298.49727271210946,446.29336759511256,396.1806867748314,578.1115062745477,554.5077073374588,553.0551658644072,365.3141804724843,586.4636197445946,615.5144492056271,386.3760318317329,0.7092561377136692
1.0,0.0,2.4676321828362022,0.0,2.1547078118243648,0.0,0.5006789936189395,0.9387731130355116,2.7984379464772875,0.0,0.0,0.6593657632027403
1.0,0.0,0.0,0.0,5.779336089315135,0.0,0.4645768560542712,0.0,1.19860828862002,0.0,0.0,0.7513962781190606
1.0,0.0,1.915374615886786,0.0,0.0,0.0,0.0,0.0,0.0,0.0,0.0,0.6842951858258842
1.0,0.0,28.78038815126516,6.558795939233897,34.75182923026915,3.426236684674423,23.102624502376116,40.331700402453215,57.75656125594028,0.0,0.0,0.7677838264515061
1.0,0.0,137.4874100490569,98.9256769177141,108.41779584235232,104.41330817102056,61.995401726543456,72.0807780839716,156.76827661472834,40.34150542971249,0.0,0.7193182338454096
1.0,43.89504553556487,200.69659857170035,55.63168872689238,185.43896242297456,183.32636664853564,170.65079200190192,168.53819622746298,224.16988495435533,202.10499575465963,74.41031783301639,0.7245823428269337
1.0,6.471553668832984,171.7658202936088,229.20085910450152,281.5125845942348,180.1249104491847,264.79440428308294,265.06405235261764,256.435314127507,294.99498807097024,31.818472205095507,0.680413349958925
1.0,0.0,251.5548389283421,251.5548389283421,261.408369485443,269.523041708938,173.59602363833744,197.6502305865545,356.46595838924054,356.7557681115082,26.9523041708938,0.7223461794406095
1.0,0.6070080271693694,213.97032957720276,266.1730199137685,461.9331086758901,287.41830086469645,269.20806004961537,404.2673460948001,379.0765129672712,366.9363524238838,31.86792142639189,0.7588320717204813
1.0,212.06485975071288,306.49254092906625,307.4463558904638,382.1618611999353,411.7301250032581,278.8319070485385,370.39814334269937,413.0018782851215,362.44968533105344,157.69740695105486,0.7386448209277179
1.0,185.22475403639967,257.3859239213166,340.85345222138176,462.5630751609191,334.8677330604209,432.30193940272807,546.3631434143709,324.8915344588195,459.5702155804386,119.0493033124436,0.6836524270718239
1.0,54.87706180868163,361.21610304448666,460.5505313817205,406.7154391010519,365.7313043325428,302.1711631237533,403.589530517013,404.9788232210303,310.5069193478568,102.80766009727698,0.6528426139913172
1.0,193.2771583620796,483.7738893672093,435.7450965076945,545.7465253149703,556.5917366058285,523.6687737585804,642.5787689833469,594.1626471491585,578.2821591875447,360.6032754210343,0.6228825085061392
1.0,494.303736672366,411.919780560305,392.5595508739707,643.0067774546361,583.2784092733918,519.4308432865446,397.5025882406943,758.3443160115215,605.9339972042087,423.86545419655386,0.6944129552537467
