frequency,851.7257192532404,851.8195314227352,851.9133212375192,852.0070886938852,852.1008337881257,852.1945565165336,852.2882568754013,852.3819348610217,852.4755904696875,852.5692236976912,Max_Oxygen_LifeTime
0.2,88.27586827337254,160.46757410710515,284.0288530038737,454.9698352112096,807.0758408665824,1171.4008226388912,868.2954048810257,564.1925196850433,272.05924374646736,235.77636568495404,0.45973694591830416
0.2,176.63126318351652,331.4692162826985,619.3518123967283,1029.2066439827586,1529.9255184204087,2157.889203350462,1635.201266327798,1058.3815590956578,549.5780696267223,411.96386159419166,0.971616363897645
0.2,211.9621327569081,420.30643794668,795.2836246110093,1350.7265628595333,2191.765065525498,3235.4019119510767,2390.532768331674,1435.6391039940777,646.52706758583,563.9554737006088,0.9117780783164717
0.2,461.7960143544544,580.3506636536388,1239.5577227409035,2156.6684038799253,3650.889074887642,4891.256966074781,3491.826003276663,2198.5271069354458,1123.703634929172,686.2126739617944,0.9391676774955388
0.2,465.3866951000351,744.0928514876265,1192.1261443974906,2115.0116245111194,3754.38227080983,5039.585754227328,3917.136148926735,2172.856298478356,1190.5485623802024,905.532077923458,0.8415457954533347
0.2,551.866038789271,844.669574395599,1531.499742878412,2518.567911738808,4406.636022684692,5995.609897063956,4643.109190601131,2678.4089043207773,1464.3036189843815,1032.532780346144,0.8653322467273351
0.2,563.1905430722504,953.383094214235,1699.989391504522,3007.8920932692827,5243.922707944589,7382.405184834401,5335.788429936756,3193.2019860850955,1808.586671110382,1246.9745768696123,0.7316352996703497
0.2,800.4856127808089,1336.6927434967108,2215.766431207347,3628.265370875308,6466.129439469652,9042.844639602488,6774.570246826983,4062.9339269031143,2183.4270906388783,1394.764462582026,0.6677301296999959
0.2,954.2978742893292,1447.2235101621638,2650.1005888026643,4686.833914856463,8478.243977506769,11565.089762808786,8249.674244713276,4866.534361345623,2477.326497852702,1703.8834626423989,0.7000370427067865
0.2,1224.7908701022038,1806.756718318468,3004.076433639221,5673.004778944747,9964.42178895778,13762.62591235616,10371.840146024217,5729.637621109583,3283.859579259531,1950.8746226334613,0.6751327152436368
0.2,1580.0858094060889,1975.6795907236376,3739.826395603864,6579.951656613997,11979.074190522024,15900.214402563097,12408.549846628342,6704.032576448552,3839.182704106072,2510.4637765788425,0.5234310677705861
0.2,1618.8119047854227,2775.106122489296,4783.813226741014,8592.630928264463,15080.754874997509,20547.013464080454,15769.895927686946,8898.057418731456,5118.082691012644,3177.362596443294,0.6944522570889506
0.2,2321.0340574232746,3238.1363820716483,5517.584783903249,9893.504702963088,17819.17618332818,23803.62926067395,18139.108493680124,10277.756160630151,5507.04975115336,3813.6818554604106,0.6630253734709786
0.2,2424.20849466987,3567.282184272972,6716.160813385315,11698.41870941909,21404.295992604923,28626.27897137895,21289.144581890687,12096.32410769865,6707.720395846051,4561.442793004784,0.79822163316433
0.2,2879.410686943855,4450.177053945316,7741.119354771909,14108.063877836654,24880.624706846676,34107.32076332585,25701.066714141554,14148.69279513081,7798.786205124903,5131.694376298892,0.7036243975064377
0.2,3944.150141873502,5726.066075292525,10031.445157933294,17840.4512839509,32053.929056945897,42509.01059460016,32763.905450689694,18276.5691514626,9912.503921339194,6649.696171807205,0.7339582087744879
0.2,5096.900065993368,7209.275648544382,11975.557176944956,21291.508088426683,38665.26793951608,52998.31444239981,40064.289238985104,22078.15219511299,12526.859516724076,7816.76685308681,0.7500676178642665
0.2,5360.515763858611,9005.630004781178,14725.45900629891,26263.608962804377,48041.27423006256,64537.76447375742,48932.26162395332,27295.95054917524,15217.006811116838,9389.5662308078,0.6612667032813783
0.2,7670.241248630815,11965.107545787476,19661.985276042928,36788.1775014203,64710.668458896034,89347.28304315638,67504.3026516881,36548.44916679856,20818.008578552224,13344.877293943737,0.5525249130712094
0.2,8522.912781255476,13604.708025064409,22790.463664208008,42690.47924213806,74130.75893560749,101961.0944491939,76888.6384503078,42634.95907113547,23406.850868808244,14401.252519244495,0.5601010204217014
0.225,226.4246274532293,321.96677969075336,585.3754660746372,1034.320848093971,1870.160579926763,2403.1419625163057,1803.383806857525,1050.7582076187064,516.544023064808,367.7859193659532,0.8247662403650454
0.225,268.19236730902327,429.0083651300964,943.7686920040418,1678.2528860709217,3019.711835437741,3986.596273650994,2814.652796485059,1709.3224374273886,897.2886431747671,675.8248811058703,0.7810588398643363
0.225,424.5923604549076,601.596336808232,1033.5186165293048,2037.989034485288,3501.529581296289,4891.770935445637,3649.213880584953,2071.92384590272,1060.394987171911,885.2913602579625,0.8336496532846075
0.225,461.7960143544544,580.3506636536388,1239.5577227409035,2156.6684038799253,3650.889074887642,4891.256966074781,3491.826003276663,2198.5271069354458,1123.703634929172,686.2126739617944,0.8326921862102807
0.225,630.4829139425275,809.5659085323521,1451.1261211093015,2740.4006010601024,4628.156910009544,6335.59941340978,4703.544081271584,2677.9369448715547,1492.6659909883847,1002.4955264152046,0.6972630871582721
0.225,702.6759151833821,955.88949474103,1763.604593121928,3356.31471577517,5352.717749400684,7422.54942833355,5418.243760235498,3133.0652919259046,1694.4565414871995,1054.6724256477848,0.8245197440059927
0.225,861.7802070017402,1141.529453602868,2132.264703647507,3643.673272644928,6388.127777404693,8615.722149968322,6290.024881756465,3419.7352140274197,2185.9959715820487,1425.438540302154,0.8684417707442
0.225,905.2554727529898,1413.7172226627692,2265.372042423806,4470.071123474776,7584.492398361398,10126.801147910295,7464.63538264328,4413.120429670826,2438.0852576201005,1555.163390280424,0.7852449718092277
0.225,1068.3483737837976,1548.577862986537,2519.582421391401,5080.941563549594,8868.427180251605,11919.344593919686,9106.919527929997,5137.319856623227,2538.2399860056967,1782.608619126724,0.7001181046785798
0.225,1449.7800855538776,1925.6144836397843,3628.014516492079,6183.619485987174,10831.470086017303,14371.268112976606,11044.437166808564,6196.094545113021,3494.3531687151385,2068.6321257611103,0.8729390368811302
0.225,1626.4167931476486,2328.484328966432,3988.219581441073,7422.400782073289,12365.432212227905,17071.902581160874,12436.352932795364,7433.348275852158,3950.617320200608,2710.2186772556947,0.9409197834843136
0.225,1752.5115528767944,2615.7044823199863,4567.816337283524,8425.013798027856,15026.97666940481,20386.4015345978,15222.396860453087,8320.51102206621,4941.413761346406,3395.8177048736698,0.8786739544765398
0.225,2238.502196866898,3368.97948485334,5569.87394671771,10067.646791124544,17547.65689028409,24212.084318418667,18212.808621298955,10293.85451061736,5604.113824854341,3759.6508812975135,0.7488796733202973
0.25,132.04548715405875,173.76930331290774,340.8244293128972,501.1653779999685,899.2201758372642,1244.8404460879603,828.7213140516226,563.0317260975722,336.3483111042852,250.5027583176877,0.8907084191471129
0.25,120.42971168179696,233.87799080233012,474.5434854836665,853.2862019322162,1433.5208192461232,2053.898673787296,1400.7468719446356,984.575919820423,430.90953197576914,296.71088385370246,0.9102083319707164
0.25,307.0359074525773,449.1078646289427,920.163722642274,1302.4836074025932,2484.8432510132097,3253.967019182271,2317.047301590625,1309.3276053396607,679.6797951294561,523.6838421500913,0.9443221441693939
0.25,343.69817234801377,548.499222333843,1006.4133648662616,1963.464425376964,3271.5654907992744,4333.380165341189,3161.550567794066,1794.109710965605,897.4487036558525,672.4301141201398,0.843301338754155
0.25,428.7060289425255,838.8877233011145,1425.1976147355422,2487.847538328332,4312.053439260723,5621.988527696218,4005.666825983556,2319.3643047315777,1474.5958402927058,862.7047249090326,0.8709211639441403
0.25,632.1713538805201,724.0729163389215,1523.338020143808,2842.759778805843,4904.820426020618,6352.966258698461,4688.217416859402,2701.6583899808224,1585.8434599303305,923.03825189701,0.8162583665516217
0.25,571.262218629871,1032.298220609033,1974.501359943684,3245.733056166828,5416.265472070156,7419.148432708333,5271.387301083146,3020.3303436745105,1693.3255019005592,1217.4386623486964,0.8839646218926953
0.25,953.1430216961236,1260.5380199045792,2120.442748305247,3980.473857132952,6622.83252064284,9159.205467945783,6858.11352638059,3848.629083019846,2038.1308175053528,1425.5260935875535,0.8620823431292292
0.25,889.8827301600869,1577.980648261943,2646.620523340153,4454.097244117065,8130.717997673214,10621.999342678402,7872.730065815398,4092.289660407241,2612.66447179457,1659.9435313030035,0.920458161603352
0.25,1340.169063676342,1749.1487779382269,3020.027890024745,5313.778787470793,9466.105886402407,12426.983817752916,9316.963490602362,4981.271519780602,2933.8379502422817,1746.1912800045152,0.8298172285604452
0.25,1185.161075054428,1917.773772612454,3374.99733001246,6170.305972151336,10395.720832763616,14071.231623667594,10421.504532070874,5714.20122233669,3418.5628909109346,2107.1505985588856,0.8914172453042928
0.25,1587.8323453746275,2287.5713203963464,4035.960211409519,6981.57373228862,12189.8363634948,16336.029427133768,11976.559758094349,6846.897943260467,3951.6081157904623,2462.0267908812134,0.8738477512417712
0.25,1642.2284917004026,2605.1104145278914,4613.658305133109,8431.03757790109,14758.84301378512,19308.3436840818,14293.700161220955,8017.117353149884,4512.765250350004,2878.297762863686,0.9391192474088602
0.25,1881.411564077909,2836.3373172407078,5176.069489079455,9658.641924888334,16803.08357068767,22111.508175612144,16415.315896579752,9180.085204374329,4958.941468457674,3605.856523827225,0.9311141893419929
0.25,2202.9887888102685,3806.8130444001617,6412.27093885846,11545.718990146564,20280.81162445937,26882.5153904875,19816.61041538863,11235.242822932369,6193.787710078101,4087.633593303449,0.8825515117549522
0.25,2708.781051152659,4043.0236184972746,7245.589550757337,13018.77910629545,23304.47168801585,30692.69599069929,22897.035199330083,12409.223417570896,6964.797370956626,4448.541254018121,0.9153880401320287
0.25,3295.283656906892,4386.548369047446,8149.229096508076,13957.443555156478,25541.63819172544,33986.348194905426,25358.305720085827,13958.786650186808,8012.233403414742,5117.863613060408,0.8366406301068983
0.25,3566.50881701618,5237.382151028516,9241.399679446402,16270.517829510994,28336.2871547752,37454.70377156587,28152.51936000227,15098.644738228228,8906.376853591137,5666.409271902241,0.7023520808996986
0.25,3926.959293348512,5696.771364798024,9869.873463305472,17899.716202155967,32866.104802954695,43377.76165394451,31936.651449731857,18027.317840413205,10240.597749603128,6653.4061320875,0.755610973873429
0.275,16.423518076272774,167.4521585302441,338.96786792472057,517.7641059509469,842.3402312315111,1172.1651097117087,784.4346314161992,532.6637924531324,218.58517357183536,267.85572780065337,0.7349682530279553
0.275,126.4194088185002,281.00053960144663,563.4399993032664,851.4295793922399,1524.2275063238674,2123.8460681508022,1594.1179111991355,961.1986270492793,506.49987533135663,335.26838338694915,0.7725901930008846
0.275,226.6759283211146,382.6781313366888,707.2099870039361,1203.1078990140493,2038.6651530444349,3077.025270995068,2116.429887577956,1330.7460651177007,720.2101705885674,458.0791961275496,0.7802447031227839
0.275,440.0605134417772,580.5280425658331,937.427514097353,1751.1796325332982,2882.916119555579,4158.318637313849,2960.746325445948,1563.2676628322365,972.6110318286158,578.9287917598667,0.7744336608163489
0.275,439.9284891970545,725.1173053023023,1511.4107604315975,2393.666803524805,3893.082240460913,5482.162720525802,3879.887384615875,2315.6972008041266,1234.918553860579,776.3973132455174,0.8173128926325012
0.275,656.11835173211,882.6430520118049,1396.7416625756518,2778.060366834389,4810.999059982801,6442.940836891414,4655.80554191884,2610.3356951379333,1398.9908439968688,975.1808019132976,0.7840962965634557
0.275,747.4950126491058,1056.671967857837,1857.139068017509,3408.5634087681537,5789.537564390154,7776.51018022768,5409.038713578961,3454.2648176008,1740.8082091707752,1244.3247223070337,0.80167380927598
0.275,779.0136706439462,1059.0111733858182,2059.930081383181,3486.9792094039344,6219.480611806252,8751.726068304266,6030.049311626506,3650.070538320592,1972.2504510142696,1469.2652463465254,0.7916037598162216
0.275,954.1413722648758,1271.1687059753294,2520.9218140160565,4004.334392378963,7327.193864767543,10259.601096241317,7227.381881536628,4198.604459357142,2304.853727711585,1414.9591492505172,0.766825166377979
0.275,861.521316674174,1651.0738277053172,2882.540057597175,4923.339698316799,8871.523123680954,11698.50831376421,8744.420320732443,4960.376276659411,2633.8057644098585,1891.811586932297,0.8298172285604452
0.275,1028.356966057005,1864.0885319160168,3349.9308234432515,5329.594595478064,10026.589865305905,13021.914838384671,9601.500629868977,5307.267560455115,3106.960148193513,2114.5015521734067,0.8419934897076728
0.275,1252.4038011166997,2183.476304871728,3547.6273537000616,6541.155284099696,11448.296871370349,15577.844539917302,11235.46705103989,6029.714561170515,3351.953749823258,2072.656420211643,0.7573560230931569
0.275,1548.8456145678922,2401.647305593497,4481.398943996405,7605.216467712743,13165.680672781433,18123.76125563435,12990.19084503281,7067.902107471176,3808.523621308572,2913.328320208861,0.8159663184531726
0.275,1752.3957167505507,2525.6800592000945,4559.4595663298605,8518.112632090768,14735.65223728481,19694.25992107852,14321.392768115413,8389.405602046942,4700.672542612762,3041.550341561988,0.8465959102028908
0.275,1926.3399639217191,3215.275563131294,5265.931981163538,10208.64118163971,17444.988960455063,23692.455854300333,17666.49827868836,9457.65678385386,5367.080368826192,3517.025501745022,0.8661823154686811
0.275,2335.378253318065,3782.056869137885,6260.966692442208,11563.860155226146,20144.65584757124,26135.304749872663,19640.50120799451,10607.581070192704,6078.561988918006,4055.9629485283263,0.8753687785904483
0.275,2577.9183776063146,3822.839949345928,6660.611499979678,12643.480950116164,21945.10017980737,29272.210082720405,21301.713717744253,12115.654192404189,6382.643562486388,4251.972473071524,0.8164756490907241
0.275,3092.129057898013,4430.846781795621,7598.5539144350305,13514.016964411656,24254.64718613901,32766.052803320123,24457.064986315967,13272.167125239182,7312.671631717573,4808.07995485268,0.8361569321063043
0.275,3696.315675421162,5233.137637937979,9147.175667993502,16421.371731461433,28380.498982924797,37828.37262604849,28045.050534253613,15768.204667558344,8817.400766022889,5624.612360277289,0.7819711433974208
0.275,3894.755296505145,5747.219981434958,9728.394085012187,17776.42247695606,30979.29577963565,41111.716253266895,30890.66110571556,16858.314979600495,9415.218237161213,5599.49552490148,0.8320106428086772
0.275,4587.900833024521,6097.468203890652,10660.443259893646,20366.696618182024,35151.57704460621,45881.34512184097,34431.06630257774,19044.07257497733,10620.71780276559,6860.041194642946,0.8289673586522995
0.275,4532.997985256096,6962.52228659156,11729.691288843847,21079.45699870212,38468.28119828721,50845.19515910663,38197.52095988536,20682.667219903014,11728.065101225817,7306.460967804714,0.8365105221819555
0.275,4951.030229830604,7943.025873039115,13904.784553933585,24000.95276181095,42709.6903090413,55877.378479880936,42516.43766103756,23103.09753878467,13455.856942420443,8130.292819556025,0.773445122916722
0.30000000000000004,0.0,103.63650545369528,217.6510754312655,362.0791400551914,420.7440325720955,767.8326349816897,430.5455379557551,318.1165056137768,145.4370431193026,130.4465054737055,0.7407217240849905
0.30000000000000004,109.47600773530576,262.70420704370906,380.7778070095361,679.2097862111898,1082.7234482303268,1653.9856875471926,1123.800833331707,735.1896645121401,360.9078160767756,256.39930607466016,0.867026873689901
0.30000000000000004,104.49451181886084,333.9329990598431,522.0231203337925,1169.439654850218,1830.1146328017248,2615.9583055556086,1715.283029491106,1172.5857261737965,580.2254398199967,429.2140162882238,0.8479892845776956
0.30000000000000004,242.46160116427768,484.9232023285551,855.1032964461036,1610.2198045841683,2507.0478676524563,3525.997198883235,2622.299814480807,1588.0853247297173,673.4479100543995,490.5204271193359,0.8758760872989872
0.30000000000000004,304.54493286107027,765.0546809991966,1237.3799454461912,2111.1373764869727,3709.1859572613566,5000.031114005175,3706.527466091861,2176.713492001189,1125.7233163273895,785.7318345397155,0.797632544766235
0.30000000000000004,597.6387778081771,1017.8991446228256,1523.1195547287075,2797.1959291228086,4684.152005121605,6512.414310755084,4522.663067873384,2791.034704609322,1514.039855445675,866.1384566064248,0.7840962965634557
0.30000000000000004,427.2284419761381,913.1754849821716,1562.792191778432,3093.5253772474384,5309.983834513848,7272.332483875019,5039.000865393122,2930.193176681521,1673.142666127719,1122.740147278524,0.8105519957228438
0.30000000000000004,719.2455073596561,1261.71171526096,2058.504898682388,3727.0662698693263,6616.911657896396,8551.928314129706,6272.908696788252,3695.091635663762,2008.8890869840975,1400.6359880161724,0.77806321886658
0.30000000000000004,1144.2008912794515,1452.1203971895177,2496.791751205109,4059.327728796722,7375.683013408928,9827.37544304135,7246.994432024796,4197.735991554277,2352.9404668784373,1630.5737472055794,0.6703456165782044
0.30000000000000004,858.233067241871,1415.795454526051,2779.9647620813444,4828.903283056765,8608.350250491972,11424.659820040728,8175.929643464908,4806.600787565397,2432.6240452620887,1645.841565427746,0.7814791732500574
0.30000000000000004,829.5773867601988,1530.2925957652828,2773.357037746438,5595.742446153913,9510.202270082003,13053.261339268083,9048.988482359156,5265.994112504462,2924.780943593357,1930.7632693948135,0.804430205528871
0.30000000000000004,1224.0392943823504,2026.5736093992848,3422.750698886716,6102.982692401243,11142.898190707592,14960.63534376786,10307.332028521843,6157.880691921242,3251.5433783497706,1994.0069995145395,0.8523502692667881
0.30000000000000004,1778.3674488266754,2493.624029851384,4418.35091922411,7371.603740105387,13023.985284755448,17522.03192674265,12520.24816917743,7594.651517649883,3909.100263077577,2695.6201070433654,0.8192687141174579
0.30000000000000004,1499.6129212881217,2517.244263607521,4360.023940799497,8239.614423333598,14209.683895591776,18486.10931841169,14078.60967604354,7618.301981065566,4326.997365795216,2759.7831737952074,0.7077329333746215
0.30000000000000004,1923.441975171604,3308.408835174199,5342.0941724020095,9549.069506345892,17037.862311751924,22314.586048361813,16859.47858018359,9089.814495569031,4989.204616473348,3397.600700958366,0.7396000724320938
0.30000000000000004,2168.717819451428,3854.7867604262815,5965.283967274986,10524.540140194214,18938.0008674137,24772.870662458587,18489.119944246704,10109.4271723368,5656.714720480554,3939.7888548262576,0.8241658209092182
0.30000000000000004,2578.3851018247105,3822.954107826396,6252.186538990786,11907.762395340293,20813.52165292308,27282.10182065876,19919.216910398296,11192.563113895316,6255.85422761358,4277.136215615813,0.8088869096929134
0.30000000000000004,2850.316555710998,4535.592037359868,7562.117021447021,13267.268297699176,23474.448101144302,30629.930287877123,22373.306786822985,12561.143679957364,6877.937775737407,4614.337195828334,0.7500953902929088
0.30000000000000004,3251.252424023437,5144.334728637042,8222.990647319442,14870.010823251076,26450.414443514037,35087.77368500541,25477.161927285404,14191.953123696998,7532.604625955291,4828.5927089457,0.8399572348441947
0.30000000000000004,3223.0370167477354,5657.344174002142,9078.280682768203,15889.321533065584,28945.66881626013,38545.94526058392,27753.25267413522,15801.12719423133,8740.56089747606,5731.1979699365165,0.7962337857581046
0.30000000000000004,4246.849779557796,5724.890786814294,10214.22584015218,18114.76911417493,31594.71201074392,42088.7285514116,30550.160062152758,17257.490407795467,9771.037370535643,6291.187164657647,0.8213576247342389
0.30000000000000004,4151.584540273825,6538.726019833581,11276.102515288849,19732.39415784773,34664.59230762021,46400.84775285051,34248.41303651275,19199.213544485538,10960.43446437338,6681.640411044066,0.7957711616736298
0.30000000000000004,4097.0902346871935,6867.068869280723,11986.393714850876,21665.01535361749,38265.3228624058,50770.170494737984,37390.635671434975,20565.33872675856,11784.229294197788,7544.482714291678,0.8035843122847343
0.30000000000000004,5220.771941285647,7512.144313068698,13320.868245757603,23883.283315988898,43418.65733872254,57131.49357874899,42597.59662826071,22502.761679786523,12999.69623283248,8624.159239540653,0.7433503506397324
0.30000000000000004,5252.029149080209,8598.973295678998,15556.515832372315,27513.41886812909,48711.03695196251,64714.30025248039,47449.52463412521,26102.6855722022,15001.743361683351,9288.319286485586,0.7786844305942255
0.30000000000000004,6341.7809568115845,9555.482737806113,15963.859054200177,30463.571559865548,52133.70156800451,69757.68780036793,51376.41719332372,27920.58018609457,15528.135130074812,10308.961663367883,0.8174794864497246
0.30000000000000004,7244.539456778051,10741.05305436528,17820.876637857837,32636.42833020135,56682.973184694056,75747.60261424653,56451.18737498093,30514.84842938044,17690.682055380683,11001.44221931959,0.8171196267616777
0.325,24.650245305300405,127.359600744052,173.81583228096432,392.3497377760313,604.8790963377559,875.2417227311466,593.1860312570363,413.6816808286951,175.87001938973935,161.49070962831416,0.6904838691894314
0.325,151.5650437361864,127.20637599287063,322.075717939396,597.4188807268013,995.096685958414,1460.978760871311,942.2293552266252,583.344983808441,313.7757274490811,112.2303061951285,0.7902560967884147
0.325,194.57485184906412,251.8383315642291,422.0157149430996,819.0290655035217,1392.2687585676556,1972.5655706107716,1345.490141335549,865.404418793972,426.04835435966055,344.7906701159582,0.7698843571903901
0.325,304.2595355939929,380.4445851858536,832.2675922290658,1222.085101497199,2422.5403781891378,3054.37159388946,2183.6509797843755,1268.7093905218703,765.9361294929347,543.1489339987551,0.8540364758011214
0.325,404.9925425123025,683.7383201336613,1196.6895447723314,2197.81459159444,3811.590411029841,5171.692824375964,3598.9177066224333,2197.814591594439,1117.9328012539158,814.1146521004769,0.911080856110562
0.325,637.4592011160827,1035.9117939685702,1496.0644623238882,2811.8997567316146,4845.729087648591,6606.454400155672,4597.305099439828,2753.122316384181,1380.1332678264653,1026.4944140234015,0.8393893428768292
0.325,691.8578039439348,1139.5727398640624,1857.639998757612,3476.5226339331184,6253.288724074474,8258.132510905263,5898.56349818106,3469.70099497363,1916.8805476163295,1313.7040501457482,0.853862127489083
0.325,898.3577610962192,1306.04774462196,2161.969373603976,3816.220737984445,7058.41701031694,9256.760211447376,6678.765185509513,3860.930234319052,2015.716275424667,1546.2665639112906,0.7881536447098433
0.325,957.9613645472958,1488.1742759945255,2678.3070917967048,4562.108026409447,8126.81400390781,10876.27696955671,7605.953007309726,4504.776722334248,2549.006703882426,1726.444802151026,0.8422857745123126
0.325,1067.6152292276934,1728.64065223328,2679.6043362246933,5346.9518071890525,8559.095806448937,12176.561660352272,8324.102113871504,4899.78755044998,2547.314721518332,1998.2916879606232,0.8507270960130764
0.325,1163.1512164685298,1919.85652675386,3348.534277250656,5994.737278487981,10260.380267126367,13917.94030582289,10235.4588347517,5471.387198619983,2995.103054482657,2162.2740962165267,0.7855066817485893
0.325,1496.7086568471714,2378.125338280531,3751.969851655173,7252.383868058292,12320.408379043718,16472.050918753797,11693.461307015912,6764.326697347258,3893.287898099861,2575.290722667278,0.7770964449164884
0.325,1634.9915483914608,2422.341057595157,3966.640481052602,7585.205599928279,14084.63900022752,17928.161121732828,13243.076880029746,7397.234771154424,4176.397686207255,2593.592109146541,0.7981384129485255
0.325,1704.255186450665,3244.862202718386,5209.74225279374,9750.565722415444,16537.281251517557,21596.59942868859,16033.6636503485,8925.161820280593,4889.60896364798,3375.450136500736,0.786338007417429
0.325,2308.0867068190496,3513.209693987307,5796.350533156742,11168.027367040297,19050.32759508857,25508.33757018984,18398.76529004984,10395.299419132012,5701.318656396308,3946.198682477037,0.8731201779845464
0.325,2532.158221442216,4258.919363895262,7042.126991288215,12607.905064840745,22299.43162451264,29879.339576771472,21431.590784652475,12007.680342999132,6870.088058276289,4095.1637869172414,0.8598952948851466
0.325,2702.774215071655,4190.893024057571,7506.968657283991,13702.374974444803,23697.7278488957,32138.58730200627,23580.244785028397,13444.177732386142,7414.044199987816,4573.874537342528,0.7899872613901785
0.325,3385.61607109113,4760.6519820988815,8318.583563093063,15161.671970538537,27226.54819832548,35173.29302952247,26133.356279223928,14291.025183659962,8495.782508499438,5160.396059728228,0.9136288311130605
0.325,3521.2889883911357,6049.1271691268685,9671.470241168814,16988.974769059907,30616.415167264888,40429.06390765175,29551.63206526774,16600.36237384392,9136.478033605696,6104.85552408136,0.8563762312848724
0.325,3438.8301300515263,6031.636112600607,10584.68473635914,19183.32387691772,34336.69539133304,45613.36845536285,32727.52931410565,18693.84964740152,10367.314391621914,6599.30111360502,1.0
0.325,4718.242734816516,7362.495918529823,12137.514534777503,21964.75165896622,39290.57982923298,51474.85097224792,37476.25644173408,20860.1267893569,11603.153297778288,7557.03680637485,0.8517081958335102
0.325,5004.825720199349,8438.992727294491,13307.507081015032,25158.68111113389,44099.805054492455,57110.94484193743,42144.8362307351,22969.78439393548,12857.239857549548,8657.090913660586,0.8584751997628941
0.35000000000000003,139.84049178287248,287.2399290675217,461.0956756083901,950.327426140061,1500.2407113943295,2093.6179332838155,1431.1603483364242,862.1397286193305,445.1379017713056,421.6211824324442,0.8523549816245227
0.35000000000000003,240.71800334811385,303.6677652422826,742.6657302121043,1191.5659049180872,2141.470738894141,2751.871239058946,1966.531700221956,1275.027386980019,750.4460378619453,441.591400853102,0.7463067162827757
0.35000000000000003,315.48959393821923,545.9686027315794,822.6490164949715,1523.0623158406584,2881.119613931202,3817.556090666653,2866.0711563123914,1628.1375111439313,870.9624856922053,621.7389068824322,0.6192042971891081
0.35000000000000003,400.21766746707874,555.9203274226697,958.1053570191513,2069.383908398947,3497.6888143453616,4650.844073908159,3233.2191338070747,2030.8798210092068,1058.7218773514644,741.6955227848462,0.5540864987958815
0.35000000000000003,454.69984989691727,831.7374664781074,1461.4904955020056,2524.0225827611243,4383.845178172825,6050.138498628401,4216.934007377332,2455.128666110076,1496.2506079941254,925.6837164568094,0.7302500020489329
0.35000000000000003,546.5932125369733,876.7302254296188,1690.671629588364,3054.18045360744,5072.675823725839,6832.745624192537,4898.188994088885,2793.1111441127546,1498.0090885308944,1151.3487016195977,0.6804298684094228
0.35000000000000003,682.3837239246112,1055.5406075778865,2113.860782259335,3298.303814264936,6056.676718662841,7704.265119299555,5834.658796265782,3202.4087491920272,1892.8851975261107,1031.9142871976044,0.8338688810904584
0.35000000000000003,791.2612621955118,1260.2526408625386,2003.8386565268868,3873.890962322912,6664.186398836745,9133.690254040112,6396.613697375021,3678.015918435186,2082.927825190988,1373.3427605411125,0.7947853517880402
0.35000000000000003,1023.791387278098,1382.8443268562737,2645.611932935583,4325.901208644597,7706.492546858784,10361.52226181609,7217.945104481922,4234.077833932801,2405.8508989658944,1593.5671995923171,0.872504444314464
0.35000000000000003,1014.7958779740368,1774.0042085178882,2761.940311392529,5145.325667477952,8823.016436165497,12279.533744268958,8495.662927141615,4899.390851724113,2769.4946231392346,1938.1006470157572,0.8146116015808736
0.35000000000000003,1024.576010836799,1986.677874671354,3247.3169123952025,5894.435769661706,10868.71660276179,14033.924636239755,10102.069570262827,5713.260743355198,2994.296617036115,2027.286070222812,0.8459107878036762
0.35000000000000003,1405.624899163039,2355.967270468973,3799.452506159076,6905.437835676858,12141.66615079972,16396.401184815903,11563.696962804284,6663.419228763345,3625.0074112748807,2504.5331479802394,0.8494062754673287
0.35000000000000003,1628.9888940944636,2563.2079993277957,4540.1057469696125,8559.920090968559,14618.459358390324,19613.36161873208,14463.367459821024,7849.955487720569,4542.725542553553,2914.2606075758777,0.794213019500791
0.35000000000000003,1837.968229999646,3060.3411038045074,5068.603841471287,8979.315253788376,16957.805828212626,22332.829560502443,15928.323173448209,8666.833098942858,4847.606761942094,3476.9839769318637,0.9166130334041646
0.35000000000000003,2371.8585026378364,3725.0025443352274,6302.948648398932,11953.080882700357,20713.6550295401,27719.399420526053,20157.712128687686,11387.882550646176,6223.351940063792,3939.111519469289,0.8443615931248561
0.35000000000000003,2810.593149733824,4581.642653589497,7853.285825736676,14311.34167098228,25407.413098322064,33202.98378297061,24187.34185997057,13553.662667627576,7370.089295696477,4975.582046830603,0.5672028010280062
0.35000000000000003,2941.8392855865186,5461.979020345371,9015.893292823152,16207.774388795466,28814.22024556524,38859.57768887568,28292.663390538182,15772.42527840098,8528.81953564912,5849.913871191946,0.5053471891170971
0.35000000000000003,3850.122923046758,6577.967772829035,10790.364524470782,18795.07454566009,34241.04316526649,44729.25590078145,32881.36011496529,17910.972244812314,9937.864834202572,6461.577670450644,0.582362436670972
0.35000000000000003,5276.0287198707465,8275.155190918782,13619.967170049082,24729.3453771244,44050.386535802005,58038.96142854972,43119.16702582648,22951.56267626206,13017.672733199388,7870.392165276016,0.6153543183338227
0.35000000000000003,6671.533684891331,9502.168764617729,16459.232328529717,28403.10843068623,51534.82304835652,67598.48740495395,49378.64558983839,27196.483825655407,15963.112306178207,9491.734117876107,0.6006659417228113
0.35000000000000003,6505.0021123029455,10245.178049718508,17676.46202068528,32603.11865338044,57445.49740984772,75441.40149854789,55166.34334463813,29752.173300282146,17162.75110879929,10890.070500507163,0.6004280235961192
0.35000000000000003,8188.278452347303,12601.810853525689,21435.43852934145,38878.462371123765,67280.39107719512,88737.7058513999,64822.59496679912,36700.6821949785,20799.93361606149,13551.23988059454,0.5690224900158267
0.375,165.30561621996915,368.9732952757959,679.8222529215042,1235.955915366182,2033.421827650983,2821.8203432654914,1973.2050138662128,1099.247473260216,521.724054567666,545.9037790217824,0.45973694591830416
0.375,425.51410052452746,471.742792927192,890.4276548013256,1603.557767717432,2850.681810489318,3712.2165325389783,2609.2944905004047,1510.0497308120418,764.3494027940585,626.1886516360946,0.5843958185975948
0.375,431.2660026168509,490.5650779766679,1120.4404239039104,2063.2673493616703,3662.0725630103248,4781.945531647634,3410.122424639427,2093.909933758131,998.7212692179704,771.1717073109214,0.5565096326650063
0.375,305.93080082520095,728.6772841120367,1361.6919958298154,2610.6726439871886,4528.028426661538,5995.801690888947,4156.4282692092565,2532.374564931822,1333.908806487589,1106.5918027784612,0.45284481909635943
0.375,408.3494460386848,987.8231463745996,1700.1697971060112,3150.028430083133,5475.976137511368,7413.706664112358,5025.348934528662,3038.294358159647,1606.5547638728206,1233.10124420063,0.5545697635220345
0.375,594.7121352949649,1144.829998613294,2151.4908594629146,3953.903606321841,6555.357980565396,8531.395966677615,6189.831161084779,3644.302390221757,1890.1391835342736,1371.0910998717966,0.47333689335885143
0.375,736.9928053340599,1042.3995925316185,2118.9016799116,4012.726893824007,7233.139157337721,9551.729890416957,6826.94055203278,3964.225567817446,1984.7652001747072,1339.4702143218003,0.6010148331222689
0.375,1064.779143171231,1848.8437849609552,3075.6545368756338,5263.712546894301,8839.771194928273,11598.93801810242,8544.326547297364,4737.635895129859,2746.961844853211,1805.0742075341536,0.45973694591830416
0.375,1063.5562909005582,1893.7454783018616,3247.802061882283,5635.969369631719,9933.70365422534,13505.40695015461,9576.401478811224,5796.821271478661,3042.562066902713,2130.1889842954565,0.5700746016935583
0.375,1611.5270143185166,2049.828245792973,3825.303612641395,6722.356292895265,11908.999838537866,16055.092568701646,11622.327141195112,6664.547914257552,3609.7067906728794,2221.3580250294635,0.5375525654655853
0.375,1582.0250280882062,2731.042228351683,4400.184307514151,8127.660025372026,14290.804774744,18787.900358009403,13673.253134584447,7930.744560813637,4136.771212254107,2747.022279140453,0.5236081754723285
0.375,1816.0251818337997,2959.2065013334927,5008.222923522468,9196.621529346585,16376.888959918471,21311.07728370191,15499.36120418823,8853.667133496676,4942.898276693914,2975.537663040632,0.6013944016440795
0.375,2201.558026103868,3223.435563589394,6086.93855324664,10855.306379986509,19084.70073044832,25330.624279405543,18678.077395694098,10263.693068810671,5825.706701558609,3615.8743634103257,0.5569846167761031
0.375,2668.195706052589,4232.571134182124,6810.041885884873,12404.117369719805,22185.401510561944,29189.49399325064,21223.96900821572,11770.302758081338,6274.512641458733,4207.999792379042,0.6178536516632939
0.375,2896.106829123303,5110.134800704614,8093.547723593292,14635.36604627855,25878.753934000764,34254.68230461644,24917.704823724096,13791.6344994991,7923.028009207793,5004.412577785604,0.6236118095029126
0.375,4038.127657018384,5497.189098694339,9772.283833574293,17771.7856601276,31518.111714569037,41258.3528300677,30076.93458065622,16646.564630030207,9785.697064396643,5918.960690108328,0.6901408819186805
0.375,4848.999944381454,7117.290522390764,12094.024190139316,21477.97810935,37538.25644862683,50244.91435657138,36433.40042103119,20528.517885341083,11855.642145893717,7083.933308008273,0.7005711035186568
0.4,101.13670612345386,431.81178904783366,642.7074550425932,1261.4124199222472,2060.485611851562,2757.0238943469617,2041.1437993901648,1166.8006625809514,617.5397954542684,420.8591964492108,0.9743644205180163
0.4,269.9727377911197,460.25954409206673,997.8064464856384,1795.1987776515125,2978.7613921928373,3969.3721191124737,2710.9207194583105,1595.5841867279694,991.4102513158588,632.4237974119713,0.7248558477265435
0.4,631.3179880795675,549.1806999818458,1278.8236168791236,2282.75711264288,3810.6905339351656,5330.829905991903,3689.582999659694,2110.988258336331,1244.0501664435917,737.436966132828,0.8291139271257634
0.4,593.5752004952932,852.3297785863407,1477.4366299294122,3040.691361135253,4793.786134558645,6616.120512420976,4734.29858708294,2730.5759497045246,1421.8499052389986,1013.5637870450844,0.8373113939085657
0.4,747.6049132111305,1023.3927854151416,1795.8115174621084,3548.376093524616,6051.381447808064,8200.967125243955,5803.952225702152,3275.0696032041883,1776.6694286458917,1259.4785474818143,0.9038360119441948
0.4,770.0590910357536,1053.3121191766986,2048.2524122107457,4050.1067062055376,6974.684867301479,9496.647099362208,6694.42526614221,3782.943348091092,2083.4251792454206,1483.991426165111,0.8914680187822625
0.4,949.6041617452698,1631.7539652759629,2707.219001475151,4528.571078909261,8422.593582446681,11092.699761967471,8065.1809710166435,4525.74727723882,2536.984100771453,1874.1975086952095,0.8359040809206278
0.4,952.6766367317492,1871.1411290504795,2878.644920290271,5951.597276157045,10096.530156965067,13295.365659582309,9269.298049747722,5337.094528430904,3038.301594217692,1907.54635964382,0.8708120897313306
0.4,1279.6780963854123,1748.4665341248856,3405.004798995494,6231.456062634466,11024.531991912208,14698.46128006947,10440.032847101427,5908.563733810986,3203.3114321241696,2384.646745730357,0.8537678237425901
0.4,1477.2220453557868,2144.987204922525,3981.0962523362055,7297.369041843853,12902.772176444818,17062.331364230577,12121.751692458172,6675.690464508592,3823.715476843605,2500.9325102422395,0.8770497712764139
0.4,1642.3934870006194,2716.856515879529,5018.729096625724,8947.64569253141,16348.283901646351,21376.88051588423,15445.406040134329,8773.867743472934,4716.125223186358,3223.3890866367296,0.8785762174611224
0.4,2195.470955124886,3325.44105696172,5989.193190181849,10825.558999495934,18304.577915232363,24624.908609323866,17676.2957839206,10214.859390515652,5356.222386248353,3746.249424761952,0.8372462050235656
0.4,2740.4008199169857,3873.530288073928,6856.3828321831525,12654.33411645658,22197.94297787225,29710.148228497088,20939.472931673376,12125.75137572415,6641.151536555578,4401.479995583923,0.8939331446856179
0.4,2911.5728832620644,5007.797097146766,7836.820156621248,14390.73485503546,25409.78305487806,33783.1770661186,24007.789326288937,13249.92335580705,7664.954130047097,5003.7372697473775,0.8182358075795448
0.4,3224.898093169543,5531.083629514204,8934.660464050476,16579.50636997594,29056.63564565748,37983.33875685356,28152.391003113305,15275.223897570224,8836.27864694167,5638.86959090547,0.8137164261077712
0.4,3979.233461327679,6100.973178012163,11150.40282610707,19088.662703841623,34480.99057524683,44575.963901259565,32187.49097673551,17570.802752675034,10111.294400756464,6752.261779690404,0.7949590313398263
0.4,4823.11938545976,7035.421504409601,12024.797733400712,23081.295558998238,39175.62638205328,52376.753943052696,38254.94778119122,21244.95112642581,11605.39604770856,7819.084415125217,0.7857342037393725
0.42500000000000004,196.094137024647,306.5536683335362,598.0757303446258,1054.2622070697917,1829.984193952425,2691.340786550816,1844.5602970529796,1178.3868350354508,538.1770566657847,435.6888317400112,0.8050210241815935
0.42500000000000004,411.3674035215749,496.5343775751457,978.6012884040116,1787.1415997715665,3071.743458412928,4063.72032928048,2862.6476182685838,1780.5902940751378,913.0882314397264,719.0058001830313,0.7768435192056238
0.42500000000000004,434.24813647885,576.9505543924381,1152.438993847237,2044.0366828196368,3851.795591716775,5062.134337094525,3507.3213124089734,2100.7667424000383,1040.1485666365447,736.6135055826416,0.7826324058125824
0.42500000000000004,409.0992029972766,905.0158562782352,1504.4086587902982,2567.0414358787607,4554.232004549165,6420.967365445899,4600.043426654577,2670.5175851098647,1296.8156411378038,955.3123127156452,0.8461608306977746
0.42500000000000004,718.953691240221,1183.115304341015,1851.3234981244975,3553.6042764459885,6048.650378672046,7916.652466869737,5821.892526400328,3248.066700849823,1643.3734176374446,1205.8265759300448,0.7824619773550663
0.42500000000000004,812.9776774447723,1223.0704769397785,2272.012743918218,4164.281831689811,7045.55362832679,9358.917080057176,6780.377988320305,3869.1364126268,2056.913190436563,1380.1272937676536,0.9110407803032047
0.42500000000000004,739.6036616274695,1668.5394152837569,2704.2262421052296,4879.933963483204,8478.452214745832,10970.384813235769,7745.29390093211,4502.075447902286,2529.396182657342,1652.4260457493897,0.7947839548334689
0.42500000000000004,877.335920245361,1724.9028078115289,2816.575763347079,5492.386529311117,9188.424572380642,12565.083421991969,9236.905568458184,4811.100952853014,2618.824331978154,1846.9558417962205,0.852644416160131
0.42500000000000004,1237.2598343922148,1885.5657254759583,3336.492571859153,6164.384606628666,10961.848200648366,14685.041539935644,10107.180152684448,6117.816155297299,3183.547167976721,1989.6599108048972,0.7565355482554537
0.42500000000000004,1351.021758542807,2167.1630434055287,3720.401626539991,6988.3612930223935,12611.152854509775,16737.92785996537,12049.601097010647,6717.2840629343,3483.269666767043,2517.7691925176787,0.8616430387169728
0.42500000000000004,1815.9678851989493,2681.213917707833,4745.218998892662,8103.946779631695,15082.02493393213,19654.719117857872,13811.424244981206,7914.641435549447,4341.437517055182,2832.7630712806013,0.8594104259235139
0.42500000000000004,1942.9613257877888,3476.968472023539,5311.828623076593,9766.85534270011,18152.417897123058,23949.84386067473,16934.706780666715,9627.29615415368,5057.304693145605,3454.66188041161,0.8319714442634475
0.42500000000000004,2236.95463831586,3912.0609389817023,6258.929077231282,11836.885688392762,20542.771733422203,27523.814083961053,19614.340382026767,10772.13703540355,6065.5058790239,3967.324709898098,0.8606791711072438
0.42500000000000004,2689.422040297357,4359.371568476167,7133.042137962052,13270.776070627073,23594.15979840277,31100.11596866443,22744.49052340839,12078.23487451659,6604.692834756475,4358.718479102613,0.8722505059127653
0.42500000000000004,3301.801419060997,5194.890637548884,8727.952117564828,15407.701561123207,27957.790234897653,36526.39852997524,26533.56668877269,14777.37688278869,8225.94857061385,5409.934291790526,0.8111144096326467
0.42500000000000004,3684.3432141740113,5699.736190692746,9720.73137067538,18139.28992505745,32058.00352709136,42838.39779685563,30532.14920331447,17055.52666152589,9109.18462294249,6290.948255927129,0.8369905623372914
0.42500000000000004,4675.087984742845,6692.697854804249,11855.381641143626,20936.65095592824,37207.93344475343,49206.67797108407,35431.691596080345,19190.377619977862,11177.445285767715,7195.682892663796,0.9003047343044643
0.42500000000000004,5265.294399725527,8358.336057289363,13708.937548508688,24872.73362502712,42935.850657925504,58611.248583548986,42497.88229128723,23501.663979265955,12913.91063396854,8336.3496935023,0.8910419476384728
0.42500000000000004,5906.996864432426,8846.051622346904,15347.56875803787,28427.01472572576,49243.61086936923,64214.71224560703,47476.823354782726,26510.199368392183,14864.870481373411,8983.033565724656,0.8319100900187415
0.42500000000000004,7214.229853785162,10982.688667721082,18988.222935667865,34828.69857188503,59522.53463407928,79670.99482116074,57786.80326327541,32348.93551815517,18308.93434117328,11745.218375913191,0.8515332226171272
0.42500000000000004,8693.776234321806,12983.299908680972,22690.70027794613,40911.42950805966,71962.85809027479,94445.26417785342,68593.39324609496,38558.93041685048,21345.14208562573,13797.540834662934,0.833292264809196
0.45,27.129515427624707,321.0325992268925,479.1266206771581,814.854374094014,1410.5733170256074,1721.755318388898,1300.4404032063212,723.2922595257809,361.72687236832974,179.89452491889264,0.8511489064454287
0.45,61.83306227657601,294.28953118300825,556.4975604891846,1087.1865384629286,1796.3848788351356,2120.784422952825,1633.468201706418,955.9929106761064,402.18374419894695,315.6174570117404,0.930240492867139
0.45,206.2735593062251,261.6417252252645,937.350479499973,1480.1756355689863,2683.5104415427763,3168.5790010060477,2590.5787748237613,1352.7202889239825,775.1543228665516,460.3157323465236,0.7871852803205086
0.45,178.77647120045904,430.9089654225263,1064.123692448669,1752.932135035213,3127.0888304431305,3719.473318240265,2981.530180988305,1565.8512083983453,925.7161018418622,488.57879484202937,0.8766407429783756
0.45,322.4172793499092,680.0947748341912,1426.1688934955807,2344.2701272367885,4217.8697936496,5227.86128761978,4238.70537591082,2174.1128721034897,1286.4636432056034,791.2178802273665,0.8629169914369046
0.45,389.0939260049083,685.8413920028632,1581.433127619082,2753.2196110000004,4640.972703520197,6071.779745457205,4438.260962041518,2618.6415381849883,1321.8494808922185,858.1463722597404,0.8997764060861648
0.45,583.4138908853865,1032.1938069510686,2025.6996901033715,3430.8450824745414,6138.0712382169695,7233.403736807623,5730.145769682785,3164.6721667390334,1791.4056235780467,1167.4467885515537,0.9268319237168208
0.45,580.0092017050574,1133.654348787158,2195.5584223346227,3985.97808122279,6894.033422798091,8526.936198369349,6868.00309038555,3705.65142447236,1865.1734340216155,1359.9180074500057,0.8323165618899174
0.45,529.0362705284294,1483.138488974493,2363.396061325964,5098.954443516719,8184.63196863358,10712.617091901722,7746.707500251712,4369.32525374626,2283.3058481487437,1659.116526184992,0.7962666824138577
0.45,1235.2210065875458,1812.138575065144,3093.464877257224,5840.93957967347,9887.380871295703,12605.989649507374,9675.697427128804,4993.003056164005,2729.834415402337,2101.5996483388244,0.8382227600851322
0.45,1045.2851101521742,2188.094700471218,4029.534203258381,7174.255395548257,12162.189262991966,15139.345666631492,11463.11605743218,6322.246073363152,3392.5220305320568,2076.384841370986,0.8352138456676882
0.45,1525.2405052744527,2935.92955042123,4534.775461990488,8178.486800094207,14739.11702076818,18160.549780922025,14043.521558631192,7439.995472037065,4193.070893694742,2553.2789282926124,0.8194193883673982
0.45,1801.5708656832207,3108.8821607285763,5520.637016602253,9704.981633271003,16872.272336699836,21279.50799641743,16526.079865581414,8896.672271481573,4788.732385881577,3333.353991316775,0.8533218692787569
0.45,1750.1531747168815,3097.6737081259835,5712.080012101636,10262.261797203537,18378.23185324221,23319.68164864724,17557.272556382126,9459.702379112892,5127.07210181439,3114.9912410854586,0.8158148264909361
0.45,1996.3361617326807,3638.387933288665,7102.897598031647,12466.419069416894,21484.35138620935,28155.22379822988,21046.39178830248,11449.260870484131,5980.700308543984,4351.11080196909,0.726130259292322
0.45,2512.371205094957,3744.174077267807,7972.202855995796,13639.129385662973,24843.15232222332,32733.023880850236,24161.702507077825,13057.743762704273,7249.587392165863,4387.624832089203,0.7758196920968995
0.45,3174.3847053640875,5095.547393490779,8626.567087802743,15264.644134425083,27248.24637052971,34565.59641479295,26042.3534826667,13788.10861943528,7898.631745875489,5115.545617170099,0.8019852126575849
0.45,3577.353684438432,5818.023969359517,10527.958924016424,18530.988961215517,34044.97735661313,43166.487062370055,32592.51238556625,16959.773660394734,9826.589788789388,6385.056794029841,0.8691078051561709
0.45,3693.040723009716,7373.544070341912,11709.12529682457,21517.27100654505,38615.11708676402,49058.75102613884,37281.45374906776,19801.217710684392,11235.83936499816,6988.803354237994,0.7500379633126585
0.45,4832.565102132019,7341.945849757303,14150.071765115086,24747.892158761973,45607.86697130532,59052.442311118,43389.73837988842,22505.84843428397,12745.057697775535,7708.35985272914,0.7778348447335088
0.45,6479.81638629291,9767.18880729091,17666.185606345014,30551.774183482423,57470.6363672076,71727.94112925466,54643.66695636959,28753.8292324659,16031.517599137806,9745.3552624792,0.7778092804648814
0.45,8088.307626035841,12815.635924064314,22158.332341989066,39512.15995247989,72308.88320106926,93968.28620555658,69805.54057739493,38001.24104370555,20389.7963243086,13265.650620634511,0.8031025678448216
0.45,10383.739036418723,17825.8164273442,29077.483814333304,53885.66449756861,96329.998538776,125104.77507020414,95024.96589587785,49828.633278549314,28038.73309664633,17511.804723085745,0.729228648649962
0.45,14547.535633357951,22603.06013158868,39441.12094394701,70422.33531535919,126695.677619328,166960.16134272443,125086.90850061648,65546.39261436414,36791.469446250594,22900.87220075125,0.7190216883293316
0.45,17703.610380517643,29897.618921586665,49922.55052410094,91391.83093512454,164406.119522055,219723.4538466671,161593.909582862,85251.56189629476,46201.78045070706,29935.891601232488,0.7524188488641564
0.45,21540.56654786081,34711.93800769112,60369.69674078242,110286.09757056812,198751.0765594146,261787.83938832863,193231.1242048799,103625.71941605365,56321.73168079032,34393.1288783038,0.9187355494140683
0.45,24278.204419737067,38866.10096748602,64277.63169235782,115282.8348697124,210403.1324375228,276366.0350641394,205882.70592499667,109816.74322595376,59703.85053234977,38838.503736029816,0.7704084246972513
0.45,24667.167803694178,41352.41608991573,70067.59880760801,128675.81473636326,231638.1281437228,305428.8175912956,227245.8482250942,120838.9506983698,68398.49375706795,40547.84169707139,0.7883502805622419
0.45,25205.930157171777,42065.410376031614,70221.36217535914,127490.1342515092,228350.6575139461,302136.06422086566,225627.26261646024,118376.6399466223,66649.569720904,41995.67906997934,0.7915159891606007
0.47500000000000003,68.07565043003488,210.97029402138213,513.1362706943208,731.9737979021929,1470.6909385356628,1769.0035765050147,1488.833741598385,824.7750383469107,426.4361498636158,227.6680950702588,0.768295111824054
0.47500000000000003,174.11454210983308,340.59856643796047,498.7583895496816,879.5905952002728,1720.8551806333412,2176.60519723159,1679.4075954099849,937.8600037151176,478.294728226016,266.3744389250038,0.7754786713083507
0.47500000000000003,97.75548768646436,395.8493822365472,713.655288706946,1288.3207790777872,2296.4493887167987,2885.597173559709,2209.957907841944,1348.0602437750713,666.3866886939438,323.03562391864585,0.7255601761019314
0.47500000000000003,235.43645603517075,644.9017151396378,1063.3475400928694,2068.6854791626392,3458.2460057619724,4114.312748713587,3227.6639096450526,1990.5302844788,958.0079298668238,751.6976333411587,0.717434999389859
0.47500000000000003,172.8105876672831,782.0959669622284,1474.1471035330806,2348.7142585918427,4400.3344959522565,5460.652813105805,4040.694364987895,2362.463618921065,1204.0126123589498,756.484413407795,0.6477553245344658
0.47500000000000003,353.5305615140148,816.1172538561362,1401.9123993475694,2584.602550974517,4746.022914893404,5876.821218009268,4546.225423299927,2439.194376537041,1293.1337650355647,515.3110304015115,0.6307757807813782
0.47500000000000003,526.6123110758134,1159.4139359076555,2026.2654767731924,3379.792239867523,6063.626528354431,7365.451788832853,5556.208787112068,3142.6464254735947,1841.440344667219,1052.6054424795805,0.6686732873388289
0.47500000000000003,624.9018219991143,966.1508190950613,2173.007028336825,3851.286242347233,6818.321424902432,8234.255068462493,6678.159641704975,3731.100010199296,1958.6027804053228,1151.2575921539362,0.505916240766824
0.47500000000000003,589.0892542928493,1439.3474906746649,2658.3792478552864,4572.280992297752,8497.84046889196,9980.229775050562,7532.682470836927,4235.241691389644,2268.084819314513,1519.5949432718337,0.6571459325435947
0.47500000000000003,969.046179129278,1751.9501272757302,3437.9007798717757,5697.295969954191,9667.539818050736,12332.416810656252,9648.17470272556,5323.430682247707,2760.5169499257786,1594.2627596278585,0.6287988106741926
0.47500000000000003,943.9289966140808,1880.3664932550344,3426.528848819987,6226.268866554962,11119.050737893209,13691.132395333692,10785.262794646076,5670.649285214665,3058.6129612508303,1888.274187671114,0.613993447100558
0.47500000000000003,1124.8288476446648,2124.973579160864,3640.330890536476,6842.48617296434,12638.961671693796,15855.366567393488,11845.8816330338,6896.812823563172,3648.346298001877,2201.119950082177,0.6615174224788783
0.47500000000000003,1877.8999248929272,3093.43188714699,5147.895228891264,9251.208624560835,16050.94136890819,20474.212170259245,15529.415900636292,8313.789558792276,4901.4208637490665,2974.532245163281,0.6553329998267687
0.47500000000000003,1809.6866057311304,3355.043051750561,5666.306968737911,10573.206388468026,18522.61094569942,22885.68356143251,17526.49790531045,9420.553560872742,5292.561456030793,3380.5010794277127,0.5574616460286904
0.47500000000000003,2197.4461655002788,3795.3272866299662,6478.409630104122,11843.423520422164,20778.20855783728,25769.213543317623,20090.03217293591,11130.50500796999,5813.2491778081485,4207.3124802665725,0.6074360417691748
0.47500000000000003,2132.027173440077,3680.36331706879,6686.730947050071,12311.335593951591,22430.839605670964,28178.04329059639,22055.865962544194,11507.564339785124,6412.228710694112,4017.062138568584,0.49595810599416723
0.47500000000000003,2504.4093490757327,4517.783114773839,8224.206652326055,14507.288264112429,25154.704370867134,32350.80527049628,24152.812757387004,12981.753235546,7063.751465046898,4504.356360540858,0.6478371301940737
0.47500000000000003,2709.593929006473,5291.877791499326,8440.589329603583,15811.637939993809,27900.647838829977,36664.61835342805,27076.87682021243,14057.890713581575,8263.58068097502,5412.379833065695,0.6524151794198672
0.47500000000000003,3689.085034422696,6226.491961422396,10669.7404016737,19383.85707512977,34688.54459558067,44191.746527154944,32449.83095837713,17920.85436963565,9583.44789002698,6545.98975896555,0.6789738412873781
0.47500000000000003,4558.187547843196,7191.107705147557,12588.472992370627,22604.543452872946,39467.174604373584,51519.86488621707,37674.239088121576,20675.24155397171,11424.11387898105,7438.826518599119,0.6639153508761279
0.47500000000000003,4185.971160857129,8712.780399050824,13362.051559503638,25211.741197961102,45537.85116173851,58192.535254206974,43569.89663480527,23000.575580667097,13285.833999496215,8440.452488013065,0.6366928133571066
0.47500000000000003,5768.986520055484,9222.362155225284,15301.068463188376,29182.891545317783,50973.50050572316,65117.67446702136,48408.291909406056,26757.056853559097,14947.623528752638,9226.916857988634,0.6403723637548756
0.47500000000000003,7760.670547389663,11731.773897662151,19352.16650852271,36159.73250662406,65764.56584675937,84219.36614366208,63400.47003407768,33675.987865726354,18406.321892366897,11727.64807599953,0.6649098009257333
0.47500000000000003,10058.13336301199,16181.79372112697,26693.53155511044,49446.52587442853,89424.36162887218,115124.57216332582,85561.4465485402,45791.00749071719,26873.032789612524,15690.591018604377,0.7172023645453496
0.47500000000000003,12054.69453608763,20567.457500992376,31887.929526790143,58714.07370436472,102716.0155643036,132490.91334244984,99610.39934483696,53867.15059783719,30430.02989235461,19186.011916102296,0.6435448894915344
0.5,60.286612594184575,254.5434753976681,505.0997409676788,798.0799191039671,1365.5396217762125,1597.1167685665723,1270.8035162710655,698.559161805631,292.50171295696964,240.1895200181005,0.5771860131308403
0.5,148.79820928897746,310.14566514449547,486.1936669779606,1004.2982752251236,1659.0103960966253,2139.4672646441672,1765.141167059366,903.9043026928016,524.3792315304332,289.5290457851794,0.5991418852414753
0.5,227.42716944904905,388.2181782495269,886.5111065123938,1692.967849378722,2824.1905902182925,3594.0315588033245,2751.8687503334954,1466.22296143802,758.6970372820282,517.1693833271379,0.5894693601588729
0.5,56.39164956796871,469.63322387237264,1056.9533685822455,1808.5448402944623,2912.9741826236545,3496.950948900644,2737.558260845032,1606.381891052772,833.6156892656262,330.99446485546923,0.5698473637502038
0.5,444.6667619879675,715.1395829965778,1213.3237605866375,2447.6347429780167,4100.640800373995,4894.7448054109145,3791.603959299172,2190.541275869929,1086.0887283953905,775.2155054126516,0.5921104331555114
0.5,511.2951980667972,863.1255749394281,1621.917289171893,3068.363994427528,5038.554824311587,6493.597216955013,4906.951886374393,2651.9177606397893,1375.309982046342,881.2061587551237,0.6374798519739147
0.5,621.3283654422795,923.456142750081,1830.1443462953905,3473.707259984953,5901.399985214039,7141.007999879548,5444.397423978524,2987.74189466847,1598.4419136476315,1121.622696988296,0.6196135578895886
0.5,651.0465998649778,1017.4277625461948,2414.967608861294,3762.2723780263177,6524.531820251799,8204.392800150323,6759.966881828487,3367.089771112391,1735.4544652779402,1131.6288379340333,0.6199085319224859
0.5,913.6761676448124,1667.4773823831508,2637.3854300157577,4712.819588780945,8006.978675909044,10232.364514641682,7820.274133204472,4478.703853145489,2365.414245761067,1492.9012843818296,0.6051567315783566
0.5,859.5356063562405,1601.2316537765453,3146.624300867761,5307.786407888918,9617.402434202848,11890.627651192495,8736.686514965966,4506.785484402816,2673.7256787326974,1860.786760713869,0.6047136175888149
0.5,1316.9815204416057,1953.2482175049568,3432.383087650935,5911.189243157121,10309.907521432086,13061.575785704768,10333.777811490092,5445.307030300904,3131.9466783001944,1903.8614104883968,0.6579043391795402
0.5,937.1421103682312,2321.12762511813,3964.528122176049,6782.099647447092,11972.155063369324,15508.714306103207,11904.99686997994,6307.163926876401,3590.988105350117,1922.5678891863483,0.6250883396848459
0.5,1412.9115718808673,2324.158003168596,4209.478909164417,8021.846215641341,14531.50295872994,18267.61332700963,14108.49277325848,7800.269451822956,4030.58684660109,2783.6180458915665,0.7770423524060598
0.5,2053.792311912834,3157.1566433578896,5606.255025097801,9795.3351439079,17360.12800626141,21626.470087848957,16918.782273683384,9205.815784085458,5303.0282807726135,3282.045843463901,0.7057322453070973
0.5,1559.478542883066,3083.589748152909,5735.587454494452,10351.025013020097,19053.600524473863,24382.463596416244,17722.904446776334,10006.746085941377,5681.431218774203,3552.206971528118,0.6298986828982335
0.5,2010.901772967647,3857.756296035302,7155.164817322602,12405.85278007146,21926.47310401653,27997.397316265356,20951.59733220941,11446.85254857724,6276.718253341998,4195.846506402671,0.6374671266490877
0.5,2885.0502571588822,4351.851716511583,8097.434014501514,13880.311545015731,24903.043417694957,32349.48845698723,24650.697347815025,13219.100956849335,7264.372558492839,4461.0952049912485,0.6325658882583579
0.5,2675.5789515871243,4902.903797361068,8494.249285120604,15001.570741214484,27016.773017478037,35483.79501617146,25931.666041331755,13896.541360365394,7452.971599320502,4831.84722058772,0.7328332105264246
0.5,3669.663839631774,6125.504671631209,10144.350472362696,18205.899226447396,31661.333305097232,41958.22496543517,31495.77912478287,16820.015542331137,8913.176808278202,5809.578135398136,0.706178199770931
0.5,3230.948389270247,5999.26847562677,10616.611827413028,19146.5539664825,34037.82151389385,45617.68357587603,33707.05345190722,17925.54303495981,9308.439041718178,6321.841833374988,0.6932682441140984
0.5,3798.360454302077,6868.6343311164,12835.866703674545,22587.691486244123,40167.05439052576,52952.70822678736,39526.43538853153,21053.76937527437,11832.419240373849,7082.443960100568,0.7299921681396336
0.5,5016.19655281913,8425.304989015005,15242.639815239563,26946.510407706075,48666.015228634205,61984.91235322869,46267.73170004001,24592.32918747146,13337.42009410552,9473.17583563873,0.7315109697435289
0.5,5620.312617352561,9946.30721604786,16583.449614046134,30095.71584806614,56236.04850684901,71887.32576879533,54036.83664084562,28345.188353356,14984.364852623648,9836.252558938198,0.6806139311435399
0.5,7625.270720201691,12841.98500329732,23222.863247224446,40147.35141141654,73269.38161514691,95512.4003118214,71447.63710999032,38523.76541313096,20942.39822063721,12820.089035687266,0.6914744845987428
0.5,10544.388292766243,16521.097436339216,28840.33371665446,52303.14293372015,94502.14060783296,124204.03877046892,92384.18057151829,49326.14133413547,27272.36211144948,17764.878613114848,0.7204795820487688
0.5,15517.825765731628,24594.030991060805,42532.99129363483,75716.8661011755,138660.265483418,181912.88870488,137605.2118943154,73379.58697965194,39322.09120888037,24607.752786294797,0.7154714200900498
0.5,18678.482404821825,30828.001652111216,52281.03822835966,94219.16452399468,166432.4230016528,221305.99376051783,167111.17659723788,88202.24355260535,48465.38831633641,31205.654028602148,0.676692372336098
0.5,21840.020823813964,37382.31670199658,60477.06377307142,112020.92147258688,203052.51539682917,265672.0659377492,199153.04121036408,106509.0221234675,59639.344033393565,37158.05986902973,0.7676858300884343
0.5,25026.37906887481,39856.684832651306,67418.27286268545,119813.86121998876,214841.34061310577,287459.5537191909,213746.11510396484,112899.65496228152,62025.95387768015,39123.35992653084,0.6923272355593874
0.5,24817.2533684888,38067.5523400922,67876.85971144734,119422.764593541,216272.09103242517,283957.61766362324,211281.96968693504,114417.1819890409,62987.23654952253,38417.36332519433,0.7323794447582878
0.5,25380.019967359327,41204.9494921028,71489.79562121606,129062.87361224924,231086.0639706936,304355.78833389474,224814.220464307,120864.7783929711,66057.80587934719,42407.60404749813,0.7448654596270493
0.525,146.8957164582369,127.66687803773804,461.492122091972,707.0538455275226,1389.6776094552313,1581.3355399415148,1288.4897876030982,753.2345804226553,439.7414687966537,286.6988285810441,0.6844826571291516
0.525,140.84279554044696,314.9791071581845,675.5965172537782,1094.1970171468995,1985.6402622276053,2263.0238821299736,1755.7653675141794,899.2990185371445,519.7903437010658,385.6810682661381,0.7096115585150706
0.525,116.9001843839436,299.59343736588545,669.6794482296266,1287.2727171525044,2044.2846314378075,2598.0429588042944,1886.6554045884368,1029.7790111811714,578.2349153865754,310.3631360947246,0.5986832906670423
0.525,224.61473596036527,655.2754597887554,931.3457627519934,1578.119867992448,2751.7542353710114,3331.188663794663,2794.2610081125144,1577.4487084228458,850.1354548300685,572.0516731580225,0.6429969620006211
0.525,292.14639335098747,704.4125130844276,1424.043815031791,2380.925164788839,4335.996005502332,5171.670572529576,4036.240217719877,2253.19604397492,1212.3395913848892,784.0393905279994,0.5513533196828614
0.525,563.8761223863331,897.0898177047358,1970.9169275007105,3407.5698009548896,5535.898249630336,6998.422719634028,5304.924116579882,2978.6623690015485,1676.9781859803609,1051.6959850367543,0.6085901832834727
0.525,458.52897184969135,1184.697171903495,1901.3536837000445,3714.4782590828017,6177.67752846133,7698.891671121467,6085.184559890792,3417.319998356178,1943.008318481812,1234.2235486912657,0.6890026203265422
0.525,694.614611287961,1395.363481480803,2430.970720128309,4525.278878006401,7580.139812636988,9534.803370739266,7313.119130895122,4184.286250646857,2174.775201159762,1511.9144006735364,0.6227479308920082
0.525,821.8241722467876,1476.9821054064898,2605.4127664860903,4680.388883405487,8384.536767258556,10656.617055570476,7880.454912736814,4429.090344737431,2270.595511126288,1612.0968292989162,0.6623467535729134
0.525,910.6746806961096,1925.278566316436,3015.539727552094,5586.294313723533,9942.560604416774,12273.9992819313,9516.09248765878,5189.690911024222,2821.219988076929,2081.769667983936,0.5779427154822109
0.525,1313.8180083011052,2215.341138552365,3650.722378938271,6166.146181308359,11216.12086801992,13844.606977154192,10609.154800127984,5977.000592924667,2963.847613032549,2199.189380443197,0.7088915425491977
0.525,847.1454458861356,1886.9425511806687,3901.3048229181336,6245.305825652358,12134.880144767318,14743.722819239045,11649.5545197114,6113.10242957978,3051.5500994779336,2496.20886005463,0.6336890117933881
0.525,1268.967249728534,2448.543962670377,4270.408236227707,8078.728882822623,13725.467606083514,17414.60087029617,13166.894992617468,7108.676020655935,3889.6707647288354,2326.991751272601,0.6247273154023415
0.525,1421.5731922239588,2375.9580095228025,4719.40290944161,8835.06238362132,15465.735936091693,19975.55433900908,14897.50682055108,8283.840125412029,4535.828890600585,2972.1984194914726,0.6721763590688403
0.525,2134.167373738775,3239.114428932717,6068.088430174636,10663.651119960748,19287.102349615925,24016.430515818716,17921.810090321756,10376.221170635665,5661.817251801677,3193.7889369237614,0.595333341804923
0.525,2059.465072028874,3723.8846577447343,6665.811632287534,11315.14843664496,20987.95335886802,26444.22866394424,19948.05421107347,10906.160168462076,6172.585723640843,3646.037458971288,0.5994085205632591
0.525,2680.910823141282,4246.442703072666,7532.559141139499,13647.136531606322,24565.22088433865,30119.60795355207,23368.56432755404,12574.27203242012,7248.712706040118,4095.766511753391,0.676344249786825
0.525,3124.6356929481904,4910.423073858089,8449.83922426128,15335.719856568028,26525.604033162577,33154.872072328646,25308.170886676777,13476.427078134457,8040.965450535862,4479.235161598699,0.6736461766935724
0.525,2775.465225115349,5693.930308275981,9751.463226211112,16993.736825046366,30783.00885084153,39372.86239273406,29650.98534404956,15918.77237491286,8731.444534341306,5375.526683465794,0.6505298998228257
0.525,3405.1251102111614,6017.538273518988,10588.15622759732,18859.32446912495,33181.92015662283,43389.19155471362,32516.660966981835,17299.68581522685,9378.460115315467,5993.226475890912,0.7097571973787657
0.525,3744.594787599304,6607.923308732709,12039.513520709595,21063.837458296577,38589.233487756406,49487.03508646419,36096.50890546714,19483.852937704138,10296.652109797122,6633.10234491745,0.8021413513444323
0.525,4151.443657689632,6731.550403606037,13232.046471756874,23702.323912112635,43961.4359339092,56094.300005475205,41778.97704792475,22696.902691526782,12997.643522744353,8168.942773086395,0.6226256484737404
0.525,5288.309244703909,9159.57282688901,15702.642914155964,28933.842145633564,51254.80453284602,65612.93131295503,49253.896166128805,26621.963425593287,14116.966097940096,8833.189948765677,0.7020267755814148
0.525,6197.454815008995,10614.145840528452,18519.9434106912,33986.29855171733,61609.46677152051,77709.75398022565,57585.635055548606,30252.15097308857,16986.20479311414,10488.153082163455,0.6279617634785647
0.525,8410.750781908398,12840.891476095474,22289.870194312985,41548.99841284703,74070.9362688277,96680.00632866552,71679.698521903,38023.44142061439,21245.01527117637,13579.80050736228,0.6148873443602293
0.525,11482.645578879949,17444.072729198193,29363.076807778503,54407.48787587544,98000.98540329414,128739.87489248088,94456.2142969047,50495.66226679687,28270.89715117553,18436.146612340497,0.7082469390475477
0.525,14430.73685218185,24264.67306934929,42048.6615287691,75202.23542228658,138358.74966506704,178115.19768741238,132651.41644057067,70735.35782002493,39660.55245055166,25447.90068906195,0.7069329543685018
0.525,18732.798865272103,28847.96569441249,50223.57312052829,91283.25435429333,165579.699272436,217654.7699552296,161197.70825880265,84151.2449025895,46998.768083310766,30063.010969649076,0.781442815179121
0.525,22175.103307500016,35389.955241184965,59441.059401349376,105302.74462286312,191766.3167969385,251080.3457185687,188634.739318644,100440.60698607542,58231.50831184937,34949.95111578085,0.7077359158726267
0.525,21821.224869968297,34193.91152165824,63273.3570572348,113859.26244032962,202097.76956218164,268049.4230826303,198374.6022256277,107143.03361811166,58294.85466073214,35313.282992027904,0.7245972553169665
0.525,22578.907644278315,36830.73651392721,62609.64287262778,113079.0460098178,200593.5128899149,260370.30890993823,193209.47392279728,104496.63827544704,57816.16780361551,36096.432790291576,0.7066819105453669
0.55,13.10104889674722,236.97062070380133,446.58740305175706,681.8304129120313,1142.3826702822992,1275.8406079447682,1027.9284518986285,614.8854927253561,337.3160171986676,181.68707371093404,0.7547186591637212
0.55,187.81718236950903,457.9341552044514,632.7268294498439,1135.7748606204389,2007.6618609870343,2287.2168831872787,1787.9440717628047,1034.0326884624835,488.13591317341775,270.30573382224844,0.7822958096089884
0.55,84.03117402903752,383.04864609965466,774.932345543484,1313.2815959818504,2120.4128026018816,2640.5029427956206,2007.1277852776889,1139.3292123609926,541.8832717760365,454.9070799656074,0.760521017734464
0.55,214.26455649145132,409.80047328958113,980.8010239395364,1657.4846128589484,2828.247553687888,3168.2615481202124,2537.507718448708,1367.8595776015134,834.3163063382009,478.4721521650933,0.7275260683593776
0.55,135.3088283370374,584.2187569364191,1112.7370751401104,2148.9178395105814,3833.411016345542,4304.1941765933925,3412.478477063969,1912.1273899207663,1161.3159965919417,632.0346586795828,0.7550741242322543
0.55,406.95760519055045,911.4553749850636,1630.1878869761956,2922.9634220746348,5062.069327996581,5986.490767158606,4795.675645815366,2528.087831230799,1283.0509869657187,882.5764138636488,0.78769981194939
0.55,705.8352195967055,1268.8386895674744,2109.5150713984563,3713.625490274365,6462.05461186437,8099.4591448722,6405.454617840106,3440.2808132513023,1608.7715948543787,1139.6575267356243,0.7463924986063925
0.55,548.4889600223996,1405.7489392876769,2587.1648205622787,4320.289753601094,7719.275481071935,9477.087784131329,7298.516826808177,4171.807745506316,2070.1612020153984,1388.9329046359794,0.715385123775848
0.55,800.3548703533945,1441.8491331697262,2651.459187701937,4844.113811255164,8238.435458963748,10485.178336987929,8290.632515725927,4604.688181324305,2358.3235428418798,1709.6427287322044,0.8770753355450415
0.55,591.5914693563756,1540.238145069854,3131.428612615505,5169.910460673865,9072.23604387736,11469.328894398956,8604.719313984946,4617.213893970768,2570.953065381752,1429.387672508009,0.7788062869413496
0.55,829.7363193581848,2098.3311805105045,3464.542079234376,6199.44564034919,10741.073151093397,13579.3835316696,10315.450682190318,5529.369450239391,3081.523219949392,2031.7371887773704,0.798056181217775
0.55,1236.795802246299,2419.11900959222,3744.767651061268,6947.488333195818,12382.692412886863,15321.98005410975,11145.896610640566,6125.934442895027,3594.29827006596,2503.506882019856,0.8247665812219611
0.55,1099.456269469312,2464.05623238542,4365.970358523216,7634.826706353152,13598.217550130035,17457.323109519977,12955.501741986916,7198.22967050083,3437.967431459429,2536.6662544424053,0.7568465801904205
0.55,1444.6172110219072,2516.859552012562,4753.081619193623,8759.440651331195,15345.297127526324,19692.465477798465,14608.931987186375,7997.921711823575,4358.51222048501,2756.0672499796588,0.6882704295974433
0.55,1793.8019883983563,3206.135881659647,5565.508091777215,9850.259602663084,17630.82930389405,22518.820347701818,16425.411345408083,8858.124223099367,5284.314641954343,3056.5197442067238,0.7149342895228463
0.55,2030.7255344722164,3531.4152327452825,6702.217848853406,11887.862572599812,20984.94822297013,26560.03104168196,19846.047691470078,10708.959336480946,5796.274244251086,3822.0231162995337,0.723875977737836
0.55,2450.4784293432635,4001.406231180161,7645.867772779964,13472.005262953233,23875.28639079268,30753.50428825797,22960.732834127062,12764.99222632384,6596.287853681154,4482.750208372588,0.7589343287949905
0.55,2673.43151506898,5134.478468319966,8207.192959606777,14461.75493240688,26028.54491449462,33401.22991889653,24555.576291916896,13187.447561498906,7394.903697022876,4420.212849652061,0.7950761179034961
0.55,3101.052780097145,5459.492338437155,9029.45430907318,16125.613392561609,29127.94423599312,37823.25732928971,28226.249229593897,15421.207586329863,8620.287622810363,5388.634949644613,0.6859551590020895
0.55,3213.853732997885,5747.799481620339,9922.561591290045,17561.112456251405,30853.56066168884,39458.66815241341,29207.802082686627,16481.59084866051,8458.95904548499,5586.824382515875,0.720265329130749
0.55,4148.568528688263,6088.941853767214,11177.557545844098,19555.575284486204,35222.01064056996,45416.79160650779,33471.63061393564,18008.92301160574,9839.211178487243,6552.098207806901,0.7386146682006182
0.55,3783.6356788596354,6218.460647096505,11917.660832826505,20980.9722392999,38621.57992529694,49827.63229048855,36175.67317892115,19667.781529837943,10685.208792662392,6911.071780778972,0.693235862707171
0.55,4267.03580749402,7265.899556372619,12960.568161912966,24490.99890683567,43076.10634385864,56263.75995668891,41183.44929522062,22307.8060607005,11676.533516652587,7527.214799523791,0.7362281454001418
0.55,5057.419625488749,9424.406537600194,15363.03633674156,28021.57505805649,50025.48394057185,65902.7109559602,48736.3733875687,25790.387236931947,14232.907000634495,9027.407727408248,0.6985770905657197
0.55,6805.793038672623,10231.179966039032,18238.74306858072,32727.455059099717,57742.655851531184,75674.35595830972,55434.94441887784,30082.38750599491,16440.48827000041,10218.46799628289,0.6914125404093763
0.55,8120.131600384776,12956.272970312551,22348.551172223808,40096.87030963827,73549.6959334879,94079.31998914438,68043.30748060683,38293.37651406,21153.571175642614,13525.101086766335,0.6851922592522638
0.55,9219.59693537153,15964.631934299963,28150.184263275205,51235.622663744085,92017.50932579508,118324.02555414796,87963.19911403001,46625.82419605832,25605.24372427202,16497.498496540633,0.7312942415550547
0.55,14234.160622398573,21802.667587213225,37619.373990460495,68940.65334340517,123539.21206645526,158820.5022903715,117026.70800056636,63694.18590219523,35249.201738037336,22052.08263654514,0.7652763977703027
0.55,15052.307550944812,23233.974923466914,40101.19745689744,72238.21102440609,127486.67360939104,164584.45479569398,124155.5005402717,65529.91767142091,38612.50769911169,24002.824983557908,0.7422715385036568
0.5750000000000001,0.0,77.39696253333938,291.5951983267143,646.878672095992,987.453867007458,1063.851237773762,898.6329985651388,449.67349634222506,238.1884382022329,185.63847102092487,0.7545151188916022
0.5750000000000001,156.9116699387503,407.2606910721837,688.9526211506691,1195.7615450357534,2098.9892732510225,2416.952242611832,1960.4102481669247,1027.2194875010405,523.7616922453013,414.94857439832856,0.71002523486195
0.5750000000000001,45.735192898965465,350.21880589755904,919.2982609189356,1208.3279731206185,2425.42707912597,2885.9115555744606,2262.743447763896,1146.721206430231,653.4493999126195,397.20701778005815,0.6806241568509906
0.5750000000000001,18.402682972211096,398.01151544549634,724.7661305451057,1439.0470114897653,2437.9275244465275,2863.329079664617,2367.098593472087,1330.984745199456,694.3803051723852,526.8302962509744,0.7390368063800046
0.5750000000000001,228.62002836989976,500.3062622992532,1091.1746025749576,2057.0880701227043,3322.9884209674456,3975.626004645566,3211.016286512866,1692.132739581734,1048.3544896187009,566.0129873528197,0.7804645558329799
0.5750000000000001,239.21867477450385,739.9711992091932,1554.921386034276,2826.5888188529702,4913.503974161889,6119.713560649253,4666.846907758825,2624.562102221269,1256.4931138964312,952.1141284557376,0.7718783701433269
0.5750000000000001,529.0403623252936,922.5141318047308,1979.933556002412,3524.400763765816,6572.003900985962,7571.559535554314,5960.631632273795,3358.7450003127083,1823.205348663544,1141.7352319432746,0.7923070612509037
0.5750000000000001,786.5848066916989,1358.2456937595566,2414.8631174145435,4645.29579439974,7947.408938979372,9907.80899900128,7532.256752355541,4157.40012728784,2086.0478899558466,1545.2478733980786,0.7432293464348967
0.5750000000000001,1272.7471751769242,1788.736340628535,3076.360289923184,5258.939650615695,9088.534503762628,11135.265427116969,8608.171297382409,4537.807599961776,2549.017796855416,1843.5455084306789,0.7670041162583706
0.5750000000000001,719.3578976647067,1961.6984359503,3141.593285803549,5928.232132096929,10114.147391551924,12280.02679560009,9393.967840092057,5464.819391625319,2586.9769740689094,1939.1029565833333,0.9276278246134199
0.5750000000000001,992.6694141628356,2028.6475155094492,3251.5819298474225,6493.3014853856685,10762.851963493382,14006.286714563656,10648.791460613333,5870.256708375474,2939.4163430178137,1921.447794757524,0.746177758749922
0.5750000000000001,1380.1997239829352,2481.6559711196046,4311.667493023355,6988.164222206068,12673.03954598043,16029.614423522176,12304.799835765463,6643.230822764201,3560.738159914098,2412.669291231231,0.783075519802124
0.5750000000000001,1546.349245618373,2488.640930101781,4802.448165458663,7635.992624158011,13423.607222130166,17610.56456031251,12954.366924245354,6693.700939674603,3899.6965263807774,2610.5957689429097,0.7042489496318506
0.5750000000000001,1562.672043637505,2774.550299418706,4905.150529344819,8714.69156545571,15777.273577622163,18704.86139355609,14457.573435205246,7707.525831766292,4004.316057130257,3134.287838240185,0.7680139048691523
0.5750000000000001,1681.365203861723,3063.402397574394,5391.043986985207,9756.941869281614,16827.25785726037,21545.8604228443,16029.224263768578,8809.76757143234,4737.964692114548,3332.378966134906,0.764951400170067
0.5750000000000001,1750.837026118799,3204.865489714602,5928.945573844201,10847.408064042696,18573.32383009073,23532.917094871056,17669.002610568416,9771.893890855434,5603.790126136423,3425.5265371333844,0.6694551278876831
0.5750000000000001,1929.389703194016,4008.084674007279,7415.29182200404,12848.175335577844,22061.22446156873,28410.659495548025,20935.645566496285,11606.808681943538,6462.785155518806,4115.340702990901,0.723508339208052
0.5750000000000001,2371.124842600598,4510.639541374588,7398.088654881469,14267.696705340895,24857.782618650424,32056.25148106255,23544.898598948206,12656.022803961809,6874.086699649444,4351.327591615401,0.8459337956454407
0.5750000000000001,2854.381256966172,4930.418171177672,8374.659687896947,15749.268935407885,27839.37025945082,35806.55176790913,26922.713855788526,14358.690323047404,7974.639511742543,5338.574350914878,0.7857244649703711
0.5750000000000001,3363.0029088418764,5827.94312720503,9272.269433467303,17185.176215226376,30485.05701231607,39521.067955001694,28583.071001957924,15845.443349102376,8391.733337260219,5535.599534754109,0.7830463034951205
0.5750000000000001,4043.03186714456,6406.789208537758,10800.703045939988,20439.81395907836,35291.062404716606,44894.8597148526,32803.331776187406,18227.07862201448,10542.988879348168,6355.697187172616,0.762213282618409
0.5750000000000001,3953.444864576817,6453.794655034839,11396.961311667956,20287.353057279743,36815.62923742498,47234.53083628319,35102.85853208324,18396.541275440835,10736.110154364063,6937.382207791336,0.7243288304963786
0.5750000000000001,3997.4066440171223,7288.897172215131,12785.018031355914,23673.669692404856,41906.35516903468,54906.07194804209,40202.13164682048,21538.37786751295,11365.667166531444,7516.126975177023,0.8275743900595364
0.5750000000000001,4972.218822012514,8227.079536404552,13921.33961667946,25979.515938157045,46340.7301871744,60163.41120387363,44371.92361234767,23842.203966903904,13705.687632651878,8320.499626651319,0.7458130418508381
0.5750000000000001,5230.370239782663,9565.250402880643,16141.185336453824,29352.69241994547,52558.0923987995,68320.95414406294,49902.37260842349,27652.099922599424,14821.711924814372,8838.42182867247,0.8300370812706419
0.5750000000000001,6070.080054566664,11356.015948391032,18241.40486752437,34675.25691323508,62586.76778355454,80092.28351561306,59693.47689302078,31240.10230136786,17066.193939437515,11700.838316512323,0.8530364016124176
0.5750000000000001,10342.405906492617,16934.616022025708,29203.27608184041,53251.76973764316,94560.7637246894,120484.9868347107,90917.93291932489,47992.14856096568,27845.424793433045,17326.182440078068,0.7673747981534679
0.5750000000000001,12759.275400879584,21267.372653569597,36044.5941977154,64752.24623015562,119080.3510388727,151813.84868430137,113916.36083725689,62233.40164876712,33860.16032143433,19672.822038229075,0.8293170210376367
0.5750000000000001,19114.18909635607,31501.106228092813,53816.42837358722,97426.62413799482,173984.72643873026,225887.8138249777,167767.67873740153,88693.40198756174,50891.375576503386,30447.45817753035,0.7575764728344356
0.5750000000000001,20413.559484452075,36040.0258715494,59184.515130021005,109861.34992766408,195880.95193114944,253721.55721355756,185611.3814219847,99216.90916811918,54755.423121779306,35710.14005121485,0.777737700512724
0.6000000000000001,58.73279252805212,58.470982160170784,137.6249833829691,298.900169997888,413.8349214978057,545.4382664195035,396.0318164818731,236.67657256475096,145.39202429678284,128.3743503844943,0.753035799880364
0.6000000000000001,236.51494278038655,297.5884304542583,549.4958782581409,991.0787105451049,1648.3221239677189,2122.84160678883,1488.935217111517,932.9844173919098,486.1052392904096,309.8362301503734,0.8250563095997383
0.6000000000000001,337.2811200259759,459.52373159196713,664.6820923659525,1394.0694656559006,2233.68829057984,2847.6135458137965,2041.316003281854,1118.2002439919202,628.842340955955,519.1920744799629,0.7768435192056238
0.6000000000000001,358.70373711013576,472.09774694816497,777.9117190340294,1514.6640878546182,2488.700110655692,3238.8292682956494,2368.5148080324457,1440.9888509725592,715.761100211734,495.1469830676917,0.7925087349256313
0.6000000000000001,502.16082646236833,573.5979314821196,1044.4758426744008,1869.0374600919208,3300.814470177326,4173.701188049383,2991.954045533107,1721.0272490379266,925.6474555663837,635.2299436560224,0.7809792497746779
0.6000000000000001,495.006833085718,692.0409638659754,1230.1251166177524,2366.958523189484,3931.5063818301305,5156.533590795095,3714.590411204,2068.9858208840237,1139.3823603981257,864.6051379128502,0.678009784312696
0.6000000000000001,778.9729760732853,982.3681023278066,1696.9832175563777,3387.8949388066503,5713.581598860212,7436.672250532843,5412.435382077399,2916.443250637589,1642.9469004320422,1146.2985025926444,0.7459878527544044
0.6000000000000001,958.4701629475032,1356.7545538986913,2247.736668159997,4353.503658772864,7377.527726328503,9653.938073204916,6844.26723800492,4008.720156158402,2231.301754749368,1471.7989477730905,0.8093385451053304
0.6000000000000001,1283.482180951528,1528.5001887335322,2914.264030254494,5367.497291972134,9165.658060580405,11891.006337171202,8369.540359282488,4619.467237061342,2634.897703624546,1570.4814673254646,0.7428407695517603
0.6000000000000001,1369.4276684760052,1962.8065274407609,3270.5482649043324,5825.141756315979,9835.12524587257,12711.2815260458,9184.83614087699,5209.476367437055,2709.803253313896,1819.53597799253,0.758836332431919
0.6000000000000001,1443.2216772978657,2130.884599532675,3655.929459982531,6611.57433649936,12048.89894882814,15293.536344562635,11080.512871630386,6003.123219230839,3383.0404395766923,2119.133397697017,0.838123911579773
0.6000000000000001,1397.3990115942518,2322.926476132468,3621.0069360026087,6669.52265682694,11936.875541933145,15013.58211805034,10854.346698686944,5979.063554884654,3520.387267880366,2156.8172826375585,0.7430589179773803
0.6000000000000001,1571.6148232767744,2331.205857677444,4072.429243257369,7486.029528105994,13049.82868344295,16640.788459517178,12424.28312570122,6732.365674646027,3640.6569085770366,2650.3617544844474,0.6935750153376271
0.6000000000000001,1825.113851621004,2745.9302789581075,4268.510388947598,7915.434291578965,14337.5507071484,18500.33947655549,13401.159219789704,7076.740907992069,4152.405396059372,2570.356875078352,0.8148058900224419
0.6000000000000001,2323.3303882616037,3237.679935938763,5127.951391406022,9415.953170271354,16800.018456815684,20901.763846339367,15792.79726596817,8391.28647739184,4847.284049891203,3156.0965587891174,0.7307335319298279
0.6000000000000001,2130.032811764083,3494.2293988404685,5390.663192316938,10474.016307211425,18786.56420391008,23915.98673076384,17948.100906251297,9786.227086313558,5349.471718094528,2985.2978949609587,0.8564790564542399
0.6000000000000001,2772.691946437687,3720.951419981584,7144.17984085297,11992.727816519631,21993.40745592202,28202.221338940588,20627.280859611248,11134.722952942211,6677.668999727542,3408.5766984742318,0.7700590463593434
0.6000000000000001,3051.076766071373,4494.245331458825,7674.275594822192,13675.85773912477,23771.25067066366,30578.637922446367,22173.831510429325,12127.798769241435,7272.607045840907,4186.97814652383,0.7756482476235791
0.625,21.723007292708783,43.84829249824553,107.6495694727569,178.04820421764654,345.3958159540698,351.99317372444807,302.91526835943927,147.15326051246063,124.22341948126808,68.06542285048755,0.8005819309581614
0.625,236.4403388856096,232.85544057032124,479.7245745549516,872.5968399258714,1577.518208650301,1825.2020922520423,1423.8564308631678,718.446212368472,487.38322095579485,217.86404761547905,0.8128980651751632
0.625,142.92607445426285,391.6947013422231,692.8051744154607,1227.0396635242323,2205.8901301920755,2691.4524966488552,1980.87813459854,1160.598353237386,615.740980216473,391.8878446860802,0.6954838140618056
0.625,275.5669534777714,525.9103871864105,720.5518814048821,1605.2668373072008,2804.855398327523,3247.738366273872,2473.166113363431,1297.1195041276335,873.5745680042853,535.9997950940634,0.7758876996063889
0.625,364.23398767886033,648.3950879859607,1039.7269125497762,1996.93969116158,3603.279931729208,4254.11626628138,3212.436356478635,1727.6701949083742,1105.8846944941272,654.4982044014911,0.7731224978831928
0.625,514.2596360461803,569.7263903488675,1040.5663499499578,2163.9563601708965,3815.660930605212,4659.207361425716,3602.829221787662,1827.6421033129743,1201.1940547179206,693.7108999666386,0.746866289718287
0.625,742.575832133335,913.3712284616548,1619.6013274662992,2917.7054383145846,5370.599183853308,6402.167918424528,4820.980780443836,2575.8191518926706,1608.3725643858909,817.926742278182,0.766066759742033
0.625,802.1482043204398,1116.017673459649,2182.9722393236607,4028.55160175678,6787.175233623763,8566.55300567099,6570.08778494718,3424.336071229696,2053.25744800917,1249.4290002779203,0.7246799131188612
0.625,1163.3591851978365,1456.8554709753062,2893.924675493704,4931.543708213442,8230.720433731967,10983.209945292958,7895.086728648119,4457.039725589443,2471.817657746332,1588.76391402136,0.9046080528567414
0.625,1467.7363686107606,1807.22383118206,3019.736928408669,6156.147352307237,10227.56620534012,13105.917543728046,9733.324314723191,5462.993356532184,3147.753680404529,1982.2340744169064,0.6583114009953761
0.625,1689.2207784830955,2048.4571852089407,3488.8119357823166,6497.789715012675,11084.339472533757,14972.87115862312,10656.068311490486,6022.643103506959,3472.618598349836,2090.2189501663934,0.776341465374525
0.625,1723.2989501459151,2483.0377126745016,3912.923402527832,7239.916202822533,12693.81917085646,16096.06911272239,11792.077349529782,6539.308051528482,3782.56728230624,2583.828527278825,0.7272559392542147
0.625,1878.3144784929257,2400.222865391724,4258.624246602797,7692.47578950838,13428.83709253892,17335.508922067107,12639.259630549166,6983.476907217287,4083.111133351115,2766.0681410350703,0.8304329400969626
0.625,2045.7083336795704,2699.506310317153,4599.712072924836,8433.367563053978,14801.75492871026,19099.3805378534,13895.977333958115,7824.858466154003,4534.669532876145,2838.745525680647,0.8279309788321849
0.625,2085.6101510393382,3037.969147446014,4897.336711859048,9681.042575029658,16671.632768557316,21112.40786416148,15764.11464517567,8372.504371299137,5040.0122169387,3035.930925944876,0.7996387311804235
0.7000000000000001,93.23163600334964,133.04128774031716,366.3772142115105,636.5691730972512,1184.5297665218973,1399.630304132931,1047.5075136078835,613.7107279063473,332.47480111938336,166.43002790680603,0.7704524520487761
0.7000000000000001,75.86618847325873,116.8683032791947,244.17127649403176,493.7440291900432,804.8199540949583,1016.8278950226572,801.8736943484241,381.5406371761944,236.4373446593792,166.34091485641684,0.773823689251259
0.7000000000000001,109.27521136633575,138.79822079416004,292.55832871916306,544.2386443844157,1040.5190969833614,1276.703172405955,919.3545288791234,480.9178006342407,306.9858627381903,201.05035832070345,0.84300839117218
0.7000000000000001,149.90440384170816,182.3707462281507,453.75208665453846,784.6291645642157,1474.8107876405984,1777.4157396443786,1374.92629886317,669.0551993225256,483.4222847206175,227.1090553539662,0.7942752914371906
0.7000000000000001,301.18354150258085,320.8648422344328,774.5287641544919,1243.8979664565338,2365.5333071545942,3001.4977621161493,2227.3665999966443,1087.6403667066795,818.8613910555318,344.1245612811667,0.8717930001868117
0.7000000000000001,354.52043326213345,462.2201003350432,917.505815667404,1563.270419042195,2868.234996734473,3606.5302999888063,2792.390160767636,1319.0500472289768,905.587341444044,461.353302209708,0.8279783055038491
0.7000000000000001,464.8017743920891,474.3588820902214,1022.3774235123886,1848.9506893069463,3326.3396793255324,4087.411792359721,3175.9900582207697,1586.0136775144306,1053.6128486721375,583.4497699615844,0.8401205465089783
0.7000000000000001,496.6169501321948,844.883028986699,1453.7282404758084,2757.4511389905315,4806.237335260496,5882.470514808501,4414.127783296043,2265.5218557946205,1450.4192991090197,893.9656592607305,0.7201082914806091
0.7000000000000001,885.1204149572285,1298.4549483570663,2235.416142334982,4207.105368578148,7634.163579006096,9559.926745982615,7073.308976446722,3724.5338215869233,2367.9754497637177,1440.7561471453944,0.855418467053237
0.7000000000000001,1047.3228265515654,1133.066524979884,2264.397347562434,4251.7765925103,7834.613481087929,9558.860242599903,7100.411367015488,3729.330170912652,2479.9715853113635,1394.116165538975,0.7429115474876461
0.7000000000000001,965.3056375642572,1659.7674112085708,2801.61194614683,5064.553923383242,8980.473354236918,11294.71723327432,8353.911156505681,4461.379357355401,2468.1495844403807,1448.9015060118452,0.7909549954879447
0.7000000000000001,1088.6225286992578,1881.078647781922,2902.591555848925,5504.194453892113,10268.575664766384,12799.0504020197,9474.913983636436,4834.705663632622,2946.393643566984,1673.3201216329678,0.8064031178156387
0.7000000000000001,1459.1539831032082,1842.2202102905192,3637.159103396776,6825.145693543059,12023.46384396835,15007.87809623795,11491.11123567147,5825.233393090696,3767.182725653498,1963.4880330686733,0.7914147153271924
0.7000000000000001,1558.6950988857109,2444.660412356463,4377.932965393279,7987.368861753623,13892.389004838502,17577.778264068278,13070.111293773796,7101.875308300693,4039.209272596688,2778.1947449570066,0.8611658390359279
0.7000000000000001,2162.1184712859567,3120.371902247527,5194.659241277402,9659.320808474313,17535.196290718824,21992.49476898409,16416.532708032075,8970.346058441568,5210.437288988075,3219.247667901081,0.8573277901726684
0.7000000000000001,2475.478727150813,3482.2026057952944,5922.098379106036,10533.64919677929,19094.90789070047,24198.05090142578,17505.718429196968,9457.949130690977,5529.591026747095,3750.990764802603,0.7679619241896103
0.7000000000000001,2411.9878298628305,3702.617829754459,6347.425189009505,11249.007358532572,20151.261344713173,25262.043671081417,18634.560207585622,10205.8184043718,6088.1744570051305,3550.216640224772,0.8236562398212448
0.7000000000000001,2657.2281115346364,3898.875207073505,6418.333876662082,11365.978960549968,20742.911603003693,26315.111490380383,19419.176881638632,10558.879646482632,6300.081772325046,3615.2997724011975,0.7732702025463734
0.7000000000000001,2814.233518284718,4270.122246904348,7123.736858555805,13204.783537355312,23280.284809491997,28707.605338403617,21766.23323528456,11728.295467590006,6817.170193270107,4268.304657979728,0.8459337956454407
0.7250000000000001,150.77484684184464,232.75612064313617,311.06659113989224,660.8805504943253,1222.513456088248,1518.7608783320527,1147.7378332180815,590.9993320302062,301.141826649852,195.912131919836,0.8020356857007725
0.7250000000000001,129.15256476379693,132.5116897666221,209.4240691416545,442.2461814064364,810.2441170607707,1013.065768093424,847.7736515750937,452.3235564149121,216.02648725065583,169.80956048764688,0.6749855313340757
0.7250000000000001,262.65442872206063,237.92339316541305,687.7755143856022,1053.144973996221,1906.6364784621337,2494.224221067156,2005.380102181012,966.1350532786726,606.7227044225746,262.2933917066352,0.5876111218770907
0.7250000000000001,320.39928333299616,454.44808375059296,861.3304641272,1449.6214361595714,2487.830424954537,3231.9968838012264,2470.533805545815,1320.1027027299735,727.4875758454214,505.9261177051232,0.7126861321557894
0.7250000000000001,367.9451340081725,574.5428986935066,980.4252328540744,1789.6759903217385,3093.710111222752,3917.3587217603,3029.0340410834274,1627.1859342473217,915.5206253644342,566.3155540821436,0.6735959713104622
0.7250000000000001,518.0703185446862,593.3330023389071,974.0306553174424,1969.7389121160684,3484.4917616832536,4369.132756960311,3446.4950669521904,1792.908140483044,994.9775511307208,668.1085490211914,0.7093027214920566
0.7250000000000001,544.3412576192454,712.9065326316507,1221.144820338737,1996.341688382212,3906.4938922558176,4956.53097491228,3702.3341398652274,1913.7116516114247,1098.5981196509854,724.0933683790803,0.7076553032122223
0.7250000000000001,730.085781725322,850.9336497434884,1556.0265633871943,2768.033648474499,5109.718370850844,6514.023523295523,4859.201622550411,2640.717038129326,1495.7496462491797,840.3484350265688,0.6613017649307141
0.7250000000000001,920.5284124554112,1214.7657824907085,2035.777609815805,3765.3758593806742,6553.167130831224,8333.518838812555,6102.025278240464,3345.7475920811808,1810.538405470859,1113.2588656577873,0.6970407997558266
0.7250000000000001,1225.0040026850388,1394.8434144285409,2753.5587083765563,4759.97298702183,8334.794640342292,10942.351047395488,8385.820954835406,4309.675072991361,2499.544500461933,1688.3378364765222,0.6985305504869367
0.7250000000000001,1408.616881727865,1892.7258451788343,3231.2417696778534,5910.747770107498,10333.70581267573,13216.91694764096,10088.352462374767,5468.699380993836,2993.3108736717127,2037.4637039278043,0.6602958514466247
0.7250000000000001,1610.3836740806955,2338.934021816353,4008.167410898865,7351.652381815979,12940.094310282982,16486.131788648207,12327.418595186558,6626.295429468018,3773.6809495738,2503.6219839532173,0.6377398121811124
0.7250000000000001,2087.616530665172,2832.8050813126592,4485.480884209477,8278.718221037923,15286.261550566283,19349.666847988043,14648.942258910269,7578.062850708014,4584.93832025207,2801.6318550903543,0.6936772724121366
0.7250000000000001,2187.928375197722,3145.53588917644,5211.106184623767,9614.441656319086,17011.920816821716,21630.419860959468,15790.413885076256,8497.664945376933,4954.465297011713,3121.6864329539058,0.6921076263184149
0.7250000000000001,2344.1538425279505,3318.382463724951,5688.80884474418,9807.163296815816,17930.739433170107,22795.98462235095,17091.090549959044,9510.122759587892,5249.682129961382,3584.3248941672805,0.7118807359594138
0.75,45.07265157682927,68.41259828483078,58.83902732975232,148.91445040344678,267.0816656226999,360.5113325346701,276.30583617795804,129.13838777361318,57.30166557054263,63.38123252741728,0.7229381342830489
0.75,91.75571073768228,110.55172905849234,211.53862039160208,437.75815450123326,737.3822572010104,916.778574073594,776.197703319133,388.5993373544993,219.54639151052703,163.7144317646889,0.646684923867422
0.75,136.30183533056527,106.13273421242428,273.8056268809768,430.5407179489283,865.0478914233494,1123.7088699342632,808.075166602637,367.438016407,224.5254218672804,179.09147675709193,0.7994628714863492
0.75,342.07330083307124,330.9656891403558,671.1877213579744,1363.9735765628957,2575.320340607367,3383.5019395088325,2510.320242553699,1344.0210148185731,761.0770974638385,498.4026505824002,0.6721010296906184
0.75,347.5318118405022,514.2708579600029,989.953536675207,1871.7648920100523,3437.444535072164,4283.526094809974,3364.079354779584,1731.7040932696718,923.9725141393476,652.9024648765021,0.7468765154257375
0.75,443.8837464158006,616.655820950768,1180.321633306646,1987.9879503552736,3582.863976483339,4601.997397599017,3494.1365202314296,1789.5834995697546,1135.711440024436,707.3549984527194,0.746614055601163
0.75,440.821110762564,635.1696072305187,1117.9382223392952,1999.828653949312,3723.8959035871326,4768.115730714445,3576.955533332945,1775.4467372098088,1083.9334407095257,698.4631788771707,0.7845071188452574
0.75,543.8054880724825,785.0485755111655,1386.6771001492186,2409.472486469521,4193.111456250284,5489.961141455779,4232.915220955886,2226.321379952527,1205.4086041250578,895.315761519928,0.7869996350364286
0.75,778.6671088742578,966.9802319405844,1675.2212947900373,3090.172419488404,5501.1927951376,7221.42551934349,5366.770907290254,2805.7124335882127,1545.0862097442018,1041.0806803666835,0.8176575841878275
0.75,845.7882880514784,1246.5308340568215,2131.923494326584,3556.002742819609,6727.03756246658,8648.185245326367,6310.856023901568,3394.228951216112,2016.8023106751325,1259.2847844322011,0.7769358346201123
0.75,1053.7945699328916,1562.8309299852206,2480.435947447972,4770.727465081074,8780.13300569792,10900.373634044536,8147.930684258661,4395.648041884621,2462.947125136232,1534.1790296021584,0.8799640978999367
0.75,1588.4403858976457,2173.9052304959623,3831.4270139863297,6543.735386970568,11686.8454377487,15007.07010954889,11331.939757616094,5891.347938454302,3451.47932722636,2087.1217247701056,0.7443127844862479
0.75,1849.911234929676,2449.3290136943106,4198.71677019762,7676.084505391213,13759.151109609023,18090.03763847835,13074.567606066496,7002.670277229392,4041.4161419193215,2402.790366274696,0.8359850344379479
0.75,3263.249607390704,4469.578043032332,7540.620540040076,13300.121857198052,23726.899959496543,30618.89777465698,22307.61824917666,12106.607228915287,6959.727939771574,4403.678462329603,0.6980231980787931
0.775,41.2237586219269,74.54493901000615,112.1840229691568,226.6492025418985,439.7744052196865,500.2250552146861,409.0602609499901,224.2865760596141,126.27831198416342,68.679107743645,0.794170412386412
0.775,36.2684788846866,42.18008116985579,104.5714512336008,189.4109326775153,387.2099496785814,500.8085773746703,375.866064212446,197.719130483699,136.52605818046126,74.61400722091913,0.8575612771594665
0.775,131.57860750743373,125.34855980348324,288.70041060106433,547.2473903150084,910.2099695471622,1194.549346755461,937.8713813527024,484.8223123214248,269.5118636728969,148.15053439994193,0.6707376020304907
0.775,405.2156905588404,561.266839476181,796.6368044178054,1510.506148636358,2766.243708846892,3367.816577118021,2759.9930412797607,1426.8765273933634,889.5346568810289,512.554740504746,0.7658008913483078
0.775,490.0990681503822,564.7698224015961,890.7319384827466,1758.808354003825,3153.741267786563,4071.752305345604,3240.202141130074,1655.9337854533906,898.8231966833425,647.5318348534059,0.8166201009526989
0.775,545.9277828029707,572.1834084057131,1046.6769665958168,1871.718607157672,3398.566023965807,4310.180267866434,3350.785516112167,1648.900595285749,1067.0191630087525,585.1929526232882,0.5921036160172103
0.775,443.7407645013605,620.8872746542122,1107.1032249468064,2005.328477414369,3738.8157657648417,4832.177018838014,3532.186479592192,1961.3541674187384,1212.291773288627,816.0232752598216,0.7807649968566576
0.775,513.7030006179807,692.440560040095,1258.398169484631,2389.5094713148324,4279.518476718388,5350.603971486292,4120.878843768026,2078.9295142380247,1212.3069247760795,759.1656759263116,0.7010994317369557
0.775,743.0654917537904,919.3206263977896,1655.2526894307437,2966.317443081131,5239.206169257625,6909.022942326744,5239.503395454327,2669.3884725763164,1539.3344727171525,966.876817870032,0.7785889906580162
0.775,871.8942113770067,1245.121295947535,2078.180644933685,3969.404076233516,6679.940002575831,9017.9361870448,6517.383454691982,3520.569294972825,2142.447187120324,1276.0517173207832,0.7848004992614096
0.775,1596.8518819190542,1842.3267353994795,3398.266141738463,6030.161478023433,10733.83083543529,13434.054223719968,10356.339437041855,5324.526718791902,3071.38811519666,2022.425983571544,0.7505763623034478
0.775,1523.2388638667717,2114.359400242343,3635.434572541122,6641.234898796405,11544.159991867577,14772.387811312496,10955.635885373598,5914.667270264499,3189.281371221053,2205.234446098031,0.7800163289897128
0.775,1864.8489247243683,2329.4203888776738,3913.9325471402094,7632.379422684124,13770.254478344295,17960.773467311396,12861.73833552986,7181.40288533248,3771.420211012455,2634.134265466623,0.7432506499920859
0.8,2.690994714323327,0.0,0.0,0.0,0.0,1.7638452749346176,5.981244554105209,0.9497628403494096,0.0,0.0,0.6996356406518467
0.8,39.2495990865849,78.57600756472868,124.7384518916123,174.2805094470864,349.9435879422325,479.4442221104951,339.9583670395789,162.60548193013747,136.41347940856124,39.480027261261526,0.6539480749407497
0.8,149.36802288468124,163.85698454016176,342.0712129025725,491.1758001207904,1026.4770743741806,1324.0276596444585,1039.517139864113,510.2748859393784,273.4462217888874,273.0510682891924,0.716836795503978
0.8,220.6634544372182,375.2535555523076,577.7827472570938,1086.798933855559,1823.1218196546083,2489.0622203931293,1959.7572051930324,1025.0347122718297,563.9576162630614,440.2496259398365,0.818119397966457
0.8,465.649179803945,592.6022895216374,1000.7982371905684,1895.2616616796388,3263.4825850239667,4224.4342257338,3148.5761207539385,1549.8472700937275,987.8249267084684,666.5038260178856,0.5554853576353355
0.8,455.63471813370506,579.8762328013421,1072.3874164439674,2028.9480821619304,3520.0937512306823,4734.542182453981,3644.33526589832,1844.3182615602227,998.3869923690202,625.1674622518951,0.7661051061449736
0.8,495.1652111278904,654.1071307491885,1146.470481114524,2257.790345389722,3801.106196327936,4931.020227481908,3661.522587429745,1998.4908675460017,1142.9044765076358,677.286160693961,0.6122088176811413
0.8,553.3798110822416,584.870782821844,1470.6552955998875,2131.965702131535,4226.249899617393,5338.392593874115,4248.589648800187,2148.92237922209,1334.194418061611,946.34407381574,0.6777810314497189
0.8,702.4506987467569,866.4424771635912,1496.4249780536131,2689.696140371881,4956.420528313019,6345.153722300647,4724.2913208356695,2514.733081004625,1434.0619073880564,966.627595316129,0.6758760200245967
0.8,885.5474759657044,1258.139954283708,1966.099814552472,3889.851813054135,6683.783128470805,8904.652868619274,6509.269144584005,3428.12401224209,2057.28422491994,1429.2387917147985,0.6726707476771713
0.8,1093.1527050519194,1329.0319131548283,2541.967028571506,4525.563744211908,8319.901943304796,10330.035069856774,7706.247440974572,4225.186315143359,2417.0247605294967,1597.3445123718875,0.7794283508112826
0.8,1273.6420185565407,2100.774940657016,3305.5941285567947,5926.317161797519,10586.126378948038,13748.199726501098,10223.547563780709,5505.82645254096,3131.858446289115,1891.788540248068,0.8117501077791811
0.8250000000000001,1.1071075588418005,0.0,0.0,0.0,0.0,5.001072076147443,0.992579190685752,3.57901150487651,3.006369664096268,0.0,0.8039508754921074
0.8250000000000001,91.23759778339117,82.58575661427649,100.85075463796304,219.00519161415545,432.1550967805262,551.0086724370511,424.98892530711805,262.439182129812,123.74754641885238,73.84652311012026,0.8185715067912563
0.8250000000000001,79.8818889730258,71.10474314759456,169.62573954765972,305.12909195375533,609.7650858274302,714.4004984204923,583.5322679671526,311.0462689147202,167.25886876327374,118.54077845132964,0.8427680870470821
0.8250000000000001,174.61542362772727,158.47093190545564,398.0891774675923,602.7276909648072,1198.374464507565,1574.2295612699238,1276.406174498545,659.2334119927579,363.3926820995524,249.8147666498872,0.8122422199502585
0.8250000000000001,438.3420411255625,521.7503476722169,879.8231045405153,1688.5697758141234,3001.802172168302,4005.840873017545,2832.743400296857,1568.1658494282271,887.8948761418044,600.4501207847859,0.8182860391249174
0.8250000000000001,473.4786248108138,596.9509644368378,1112.2589941005494,2045.1051191934887,3747.763484199699,4592.919049721503,3519.717632441431,1876.527577948979,993.5743574396164,702.2804296688336,0.7839049382953681
0.8250000000000001,541.1210613886199,791.2102651822037,1134.6591508924748,2328.7764232290965,3925.800702720137,5088.624226928259,3862.952425228735,2104.765342875928,1122.6632141098837,847.799793047905,0.8528387046016991
0.8250000000000001,513.8711228072549,767.8031866811906,1417.9238792444603,2400.3406166836226,4173.769385351593,5623.366511272802,4092.947997279889,2298.494745904076,1334.3720388730364,848.6245747528948,0.7683696742742165
0.8250000000000001,534.568175938665,832.6815493538618,1435.3068271258496,2776.671586336472,5133.657711367451,6383.6979835025895,4915.525974722185,2507.060759842923,1459.7375816301194,804.7606870632678,0.7290972393392984
0.8250000000000001,585.4416210857661,741.9083832040683,1486.7250705367294,2702.687026701453,4792.303543095506,6290.9526605594665,4637.87259386722,2613.402089953648,1346.5448115385482,888.7777416980136,0.7751301451127306
0.8250000000000001,1178.4988478127004,1472.583624435479,2284.286404465301,4215.815059738041,7569.533375275893,9823.943358125904,7185.459376920319,3703.596409634965,2166.580502438804,1429.028841116805,0.8155591838046619
0.8500000000000001,7.317728044452769,0.0,0.0,0.0,4.588099329458482,4.225116787570944,10.628128826467115,9.495623295778,0.0,4.500983519405473,0.8307699236379601
0.8500000000000001,105.37361532135284,95.8552759990202,270.6567781420933,426.86952349096384,772.1052897350986,1062.6945902227824,787.1106717255993,432.35656615913206,216.5702146987209,164.38731911981503,0.7391886013261659
0.8500000000000001,44.64316058810581,21.401454083458358,52.68574524367296,109.9380427917781,277.80995810247214,328.7917659191182,286.9430627113365,109.05199532972412,89.55895116453593,31.829551136863227,0.6715215729350646
0.8500000000000001,177.2046668901412,193.3012322909337,403.12637242692887,625.9142333724119,1280.4604105108351,1563.3611086168005,1195.4192641013385,644.1475109945485,397.5709206514341,201.99052865773328,0.7412353334819605
0.8500000000000001,368.0415073759504,476.6656355277005,988.2146292829956,1631.790510507288,2957.7996846524334,3804.273073542292,3123.164465111094,1470.841345014146,772.0702767208749,596.3288010932465,0.7179860514024936
0.8500000000000001,626.4526872126968,652.9476361635388,1215.710542244404,2027.11835386394,3871.064897192732,4941.56273845656,3663.945728952015,1891.0769813663476,1138.2637683880969,750.0108626084503,0.7669067285683617
0.8500000000000001,491.7968312616331,722.4717353266383,1298.1268930101132,2186.7671274618783,3901.863422003366,4889.585494442785,3905.9918319195194,1997.3763225583955,1138.6670599987335,649.966536174215,0.6939292630600354
0.8500000000000001,604.9005884841724,688.4652865367988,1400.113037694649,2483.4889134156333,4428.12030616288,5440.0618432259735,4217.052052694472,2136.830198268287,1241.8792384788694,813.8123336157382,0.7702877045398445
0.8500000000000001,757.7684237237022,758.9113625226822,1392.3851918573157,2537.6098684352182,4544.038930044509,6014.71542963195,4794.628261720862,2568.754950707422,1545.253256220883,1031.7880007791437,0.8082784800995814
0.8500000000000001,713.3127172469152,1072.2940847271095,1631.5362150675858,3251.292385261037,5674.5716163428,7259.917655456543,5409.5206066747805,2927.6511524032453,1664.7063414237005,1034.1639394766228,0.8081029387883395
0.8500000000000001,914.0752464987164,1325.8887571027108,1973.4158245249648,3880.0233008238247,6950.809070826821,8839.600987598718,6771.283047901286,3453.4776929186887,1994.6574531917267,1258.737801962625,0.7629871175147199
0.8500000000000001,1217.9059625794282,1402.4830152933291,2591.2651396371625,4705.580149208282,8282.13877720551,10834.824286972143,8083.567152871907,4453.677860053655,2502.0024666033905,1653.250609451764,0.8109797711512089
0.875,0.6684099040190483,0.0,0.0,0.0,0.0,0.0,5.162890293112649,0.0,1.0948093255484412,0.0,0.7591780414892381
0.875,0.0,0.0,2.131532191848702,0.0,0.0,0.0,5.3964156466803725,0.4471018743877764,1.7676120615330695,3.171303992750507,0.6442061519066969
0.875,42.78179518704342,0.0,56.64334885589402,119.02034036572168,197.7161609675144,283.2797513416012,210.56960164226672,91.99031071146302,65.59035167851576,40.82857626097811,0.7660071097819021
0.875,188.2527807554233,195.81196577417384,405.4339811018343,688.758050362313,1333.614680038805,1653.717091794359,1276.4846855701712,616.0735790281727,377.0870372815196,235.4976871226144,0.7041330582807395
0.875,156.94393683337907,204.78678472491376,461.780460899036,782.1335842808664,1499.7763026538871,2018.1276985598051,1588.1885925075,788.4372027530618,415.7155566791462,325.04042942525774,0.8168146734416963
0.875,401.6853459415857,695.6014527281118,1165.1135925435112,2102.3793997405446,3789.5080947647407,4932.01275601698,3669.931969268684,2055.905485419598,1167.625696020319,738.5584221815272,0.6792198263610595
0.875,470.2735158630565,629.4185296915019,1183.5084195042064,2354.285237902137,4083.9262965276257,5295.019851762096,4004.3537896134026,2084.534439462922,1225.4166064790304,826.4931051490603,0.814675796299871
0.875,690.3365531544943,824.824962254256,1503.1386430775867,2420.5117621135914,4350.881775470671,5884.217400217227,4305.027099602977,2377.173501384978,1248.7011123483076,952.0437276188956,0.7619973069064581
0.875,609.6006595099961,796.6859862671698,1371.100873313661,2537.094438852255,4606.761624002335,6120.608029505339,4501.49036980258,2541.9575130951785,1369.95662055062,883.3631330675119,0.769470459507851
0.875,786.2032742260982,980.587390845779,1648.550645089842,3115.098327484823,5622.281997260963,7126.282670278527,5446.469611528512,2889.4517972049707,1682.9083472312188,1090.16060308044,0.7815970529331728
0.875,895.4945513372603,1201.9589346834498,2144.899233442425,3956.975334971041,7282.395054261919,9275.819345935755,6720.777984781172,3773.869894921311,2221.8667792598744,1181.5748357911573,0.7742302828570464
0.875,1037.5341503663517,1550.592123474877,2749.122952346352,4542.542217396333,8415.977671643714,10882.309767892411,7967.622855381218,4312.275100385459,2620.477852264244,1416.618528123096,0.806100404412528
0.9,0.0583349766306222,0.0,0.0,0.0,0.0,0.0,6.271009987791891,0.0,0.0,0.0,0.9328934958558044
0.9,0.0,0.7308940194799222,0.0,0.0378048630765476,0.0,0.0,5.053250031231875,2.154877195363219,0.9199183348626606,1.0711377871688514,0.8541271437405197
0.9,42.58880123695865,55.2045693966144,125.39565533188023,204.9850651981648,416.8283667784244,590.401015954896,432.74624875168126,207.1018048222681,107.7843816593407,101.94218029681556,0.7746506730522527
0.9,179.794945175148,184.74602549075,356.3363232857575,684.805137366555,1139.031391463644,1487.163067369261,1112.719936072159,610.1145543197587,336.67346146093803,241.32980052620175,0.8533005657215675
0.9,376.67968583623735,356.0894779287903,792.5211396533053,1403.767703807714,2445.5918509678536,3109.928853158131,2422.781130442937,1175.054904208327,723.8871132951484,455.0032217978987,0.8166769104385385
0.9,533.9729151345845,653.4109373312767,1115.920935419305,2058.9315960266617,3660.600471091092,4714.803432697461,3665.597877877564,1875.5267669631216,1140.9079693516671,792.0889756558881,0.8756096508104042
0.9,537.9898884205496,897.9419496386217,1439.2544724704153,2469.82491235785,4593.26518734354,5638.510595880633,4187.073130568992,2292.063971356309,1244.049700809845,877.4523707692854,0.7901426198404511
0.9,589.39454256692,686.9342129870215,1312.6290306250587,2536.308532259059,4473.246873840051,5736.828967918638,4358.526920561863,2166.1011468009465,1386.6150874493972,854.8576228579915,0.2
0.9,842.8051683946308,946.648178671526,1492.3387850841052,2781.6983149527496,4817.080150946624,6380.020416105673,4781.779410909153,2670.206811001069,1446.741995869038,950.4724255089188,0.7462075837299877
0.9,725.4794045224312,872.7362879084735,1709.0442482707144,3047.0134989942107,5546.367226234042,7322.402551432997,5436.464814314898,2698.783384823444,1476.582124183314,999.6180050398434,0.9216214609656732
0.9,813.5426713718463,1122.2530600620555,2056.6385146003367,3567.50347571948,6440.656205540017,8445.787960102201,6200.621496900678,3203.6544400653506,1809.009860570757,1100.1315669687467,0.8029645207942347
0.9,1212.1892588602136,1551.8274258164035,2502.814293293736,4562.785451771665,8233.87998123625,10519.025615044253,8069.127323453082,4273.060960180307,2512.947144683588,1548.4498086864523,0.7992385286417918
0.925,5.710896944179014,0.0,0.0,0.0,0.0,0.3205700987376993,8.049871368302227,0.0,0.0,0.8429806300139501,0.9222610324862429
0.925,0.5339278057907192,0.0,2.451214017493756,0.0,4.720407192104313,0.0,6.71050174096063,0.2548291800364796,0.0,1.7716695373964773,0.8354936323854438
0.925,49.943482481093255,81.84351121153206,148.1357584169752,261.48054799981554,547.8829934452865,666.3118501070404,596.1317869000751,285.3058819578621,123.3135485611025,89.22039285544602,0.8937794547373227
0.925,253.6012180259111,301.065873109345,364.0478192777476,708.7750898516615,1385.2985550953488,1677.8451311384365,1353.5033214016382,720.3369930130108,433.11497763633406,290.5688820812778,0.8558961911295351
0.925,345.52515284867667,380.1529459446225,697.6371141666909,1205.385949888766,2100.815512663278,2719.787314253309,2074.8446678413184,1223.8290136029111,602.41068315284,395.2085081602512,0.8011022025584686
0.925,528.6330898271631,667.4120079176273,1138.241768558487,2123.699407109123,3791.083545928133,5097.133217278575,3689.482099472912,2043.4877388550017,1172.6181978102532,727.5070990540485,0.8768566190245626
0.925,712.3035005483284,807.5550017912432,1382.67412445619,2630.3854803874333,4509.033894114311,5634.55673533161,4327.139627892418,2347.407988356733,1437.9366572472686,859.485120544669,0.786039425613288
0.925,583.4566725291188,756.438445304386,1470.630517059697,2622.4150932118478,4600.572989800298,6215.354984172718,4551.761301442921,2347.8136651428586,1267.1057580023282,931.4183573691364,0.871715360556165
0.925,750.8037417958824,831.8170617088758,1572.3812017313687,2805.952050666762,5213.463126445456,6556.055617791643,5060.772594118736,2798.7240964737807,1630.807164791297,1073.6523624156923,0.7682652868439879
0.925,631.2438646591092,955.1592835595446,1745.700682731042,3131.1823827042085,5531.912023656131,7261.964618517586,5248.994594974011,2944.031251783957,1608.6234329934664,1064.069975131865,0.6706536051478579
0.925,928.6872918011452,1198.1063912751345,2033.5464596312595,3964.899467737902,6885.498850030648,8698.142293234958,6480.165900885872,3609.458944421643,2077.589428638501,1293.7622145877383,0.826121487459213
0.925,1157.8335928913052,1434.100527653456,2551.2290332946764,4540.124824208549,8164.385185290187,10700.53826034409,8105.965847107194,4280.441443511248,2535.7761760978847,1585.2370090171971,0.8595226246580455
0.9500000000000001,6.151653067905507,3.298175440021627,0.0,0.0,0.0,0.0,8.96807254477791,0.0,3.359939025040759,7.263397598249877,0.756999965802185
0.9500000000000001,0.8943430344623443,0.0,0.0,0.0,0.0,0.0,8.302887360481495,0.0,0.0,0.0,0.5996263281319643
0.9500000000000001,102.67157500120555,58.75973215453612,185.12474754063527,307.066987388221,659.4147719564608,750.7134955729175,603.4982526481119,326.75886895255474,172.06702928407168,117.62476848856063,0.6503134556817807
0.9500000000000001,245.85936528725372,195.3190150542636,408.8325561924036,739.5997098710809,1357.1250353332468,1738.8990655547573,1362.25682474152,678.0182369718067,368.5557847759591,237.77290924997533,0.6926939002122696
0.9500000000000001,173.07184113176385,275.93989318472774,420.2476818467055,889.4105037691488,1525.7948510667895,1986.0196905833675,1487.280272336059,821.9693637976166,437.9611378874212,282.92777033840457,0.6495813437221375
0.9500000000000001,539.192234108078,625.8977832403191,1222.9779787224006,1990.6886280361523,3877.482268628132,4744.790545808074,3686.123374479133,1966.421185713426,1089.7598318049338,695.6666799181576,0.6749216206625076
0.9500000000000001,630.2300327377686,809.0226447650102,1421.7076080982365,2500.311636729866,4538.046126143147,5955.29784359896,4516.045166096181,2266.655871167786,1433.961307364901,845.2267562347008,0.7543689764892827
0.9500000000000001,694.2817780897766,823.0904714585573,1457.787275745089,2719.8788041952043,4918.681170816928,6219.327682316203,4805.352887308795,2531.19305381826,1457.787275745089,833.0213004257649,0.728255502157546
0.9500000000000001,804.0677690507151,1059.878552944425,1791.3126249493548,3327.770172545076,5825.668499457381,7466.298059921399,5630.067227588466,2999.6442604522717,1722.5017540638737,1106.3896045614636,0.7667007536039919
0.9500000000000001,811.5406040483406,1029.0473962514018,1729.621599044983,3252.169144466412,5823.048845331665,7264.347487270264,5541.0487600916495,2865.2093862446864,1593.0475667314329,1026.834391098173,0.7121218922267993
0.9500000000000001,884.8236114914538,1443.9583395229415,2363.195700138161,4080.690128057218,7412.437736524035,9310.16087119436,6968.606807103101,3770.2568241057256,2129.395074647837,1292.4668871946135,0.6833471775309519
0.9500000000000001,1008.7025442746808,1496.9028295313492,2367.587849553017,4440.787256417426,8005.016406674758,10168.147445033816,7506.171152792192,4017.557986567096,2344.829640766616,1470.8410097920837,0.6767435008733523
0.9750000000000001,4.050397783958138,0.0,2.2156022066095797,0.969325965391691,0.0,0.0,3.4734180426535595,0.0807771637826409,0.0,0.0,0.6639971565357352
0.9750000000000001,3.2547893593241684,0.0,0.0,0.0,0.0,0.0,7.4395185355981,0.0,3.2199166161885526,0.5347153947461135,0.6578361677965343
0.9750000000000001,165.35258799984496,106.09654110570256,341.56878459694934,554.890553415862,1025.2706970946017,1366.839481691551,1078.60113929933,516.0919512827926,295.01046203726605,194.55735396910083,0.7410251383843576
0.9750000000000001,178.7731645482583,203.32905854132616,390.54819936745497,772.1812015527133,1342.5974142451878,1724.5432303666637,1278.157743384398,712.5901467032938,405.71967527400005,272.9301593497032,0.6801452528853709
0.9750000000000001,232.04680482245607,237.12812171637844,438.0711079760368,787.2961599583397,1400.4417318249752,1864.9972793693348,1401.8275455233177,784.2165739620231,375.7094915506256,337.3686458964839,0.7677923478743813
0.9750000000000001,605.0880546373745,586.0931384240574,1110.9526653709747,2010.4619213147623,3860.46678724861,4563.27868714134,3529.305419055913,1900.74128687205,1128.198049827802,674.5694586808235,0.7568352182932528
0.9750000000000001,660.9027003801899,859.3934448371356,1270.3957481101738,2472.0620140676656,4428.927829918827,5713.344392388149,4194.4228368138765,2281.543889540431,1211.8382293160887,871.2149157673969,0.6923734947121396
0.9750000000000001,682.4109333339746,860.7814133791113,1729.6182677925192,2587.522737945096,4803.632105344593,6178.23557898276,4717.611502871213,2486.254336371084,1336.9155173705649,971.2560332780348,0.7326911868118273
0.9750000000000001,737.8570233818939,798.9458353826676,1691.022163570436,2871.7730739579392,5285.978967831652,6700.304747633878,4980.534907827784,2850.212316781196,1567.04780980416,1044.7983581897029,0.7103463929033211
0.9750000000000001,745.0548553839669,1027.714841756441,1700.568504969178,3148.586456896863,5486.9833658978405,7079.096463052363,5190.497619322366,2875.758122224301,1489.4952325366894,927.8621291792084,0.7206441672448837
0.9750000000000001,771.1605672724994,997.3500304004538,2076.379589152669,3464.270198433406,6186.4802283593135,8106.114487800505,5978.809200809086,3164.6683656937475,1889.2111152777827,1146.4895740710788,0.7774581978423989
0.9750000000000001,1184.5475712736022,1248.0962607196109,2357.1116753945284,4233.068987840706,7720.257929269401,9807.923161412851,7533.606349982267,3950.186535963901,2169.7338253708685,1450.7257962103129,0.7092561377136692
1.0,1.2159346987888533,0.0,0.0,0.0,0.0,0.5811452604505548,0.5811452604505548,0.679492919911418,0.0,2.190470597082861,0.6593657632027403
1.0,0.2973291878747336,0.0,0.0,0.0,0.0,0.0,5.01743004538613,0.7804891181711757,1.9140566469435976,0.0,0.7513962781190606
1.0,0.0,0.0,0.0,0.0,0.0,0.0,2.440557978307356,0.0,0.0,0.0,0.6842951858258842
1.0,71.55940047134295,44.34529194735754,112.2826707806161,156.53007025126865,270.0853432290496,342.42788351403243,321.6746784525759,171.99708157065606,94.66202497371908,78.80344374751175,0.7677838264515061
1.0,249.01980741355612,192.36372258212168,426.1071511013382,717.693179317569,1266.0113615736243,1689.8937973020004,1337.9438252993984,726.1470977348248,343.3477392271486,259.25349812918176,0.7193182338454096
1.0,470.40465910840646,497.3989384484597,918.274963289464,1776.223580575505,3332.0330020178785,4309.930112719287,3129.2238076717395,1675.288449130088,956.3016872293653,609.366514493724,0.7245823428269337
1.0,543.8801562515054,739.1053585946337,1369.8121932363151,2420.630720213071,4321.110314293691,5641.037614666085,4125.885111950562,2074.672247000041,1153.2847933999446,900.0852561068543,0.680413349958925
1.0,725.393734835991,812.0468417940259,1458.032712728674,2724.7910087606824,5005.883332729553,6390.594185724506,4628.840884059308,2518.736296228365,1513.3863696817998,978.3976223756716,0.7223461794406095
1.0,867.414470825029,917.1891290529172,1670.18258675652,3046.5732883630653,5495.243669964302,6834.9103859271,5065.481986728389,2833.209966813032,1557.582597716602,930.846809664228,0.7588320717204813
1.0,707.4127630364859,876.238011203845,1971.853463529117,3079.550572032092,5930.821429969711,7441.028452182435,5474.26200178077,2926.622239888024,1653.915143063281,1020.8999470158004,0.7386448209277179
1.0,811.0649463101953,1077.76198892634,1995.57226027367,3635.99185033033,6211.181249357043,8255.63688277856,6172.274074810797,3329.39001330778,2008.8738584091388,1259.3288034754858,0.6836524270718239
1.0,953.4021181318424,1289.6109525040183,2039.8290126733368,3833.4058935596154,6980.848514510709,9060.967015600549,6795.725261700411,3566.3143712122974,2120.755312682342,1491.0583945865203,0.6528426139913172
1.0,1109.6975124395954,1674.810486488241,2820.1422645977987,4952.38827017545,8394.968197073575,11040.425094093622,8370.17914269447,4565.833953451292,2460.7009761007853,1507.8716984039595,0.6228825085061392
1.0,1337.5035274793102,1630.790411238247,3224.508042226068,5511.898583677442,10113.042532536048,12862.607067776084,9918.616396111584,5144.054219637089,2968.7058584981182,1826.8642267849527,0.6944129552537467
