frequency,570.6139176151765,570.7368560602621,570.8597779126012,570.9826831681426,571.1055718228347,571.2284438726263,571.3512993134659,571.4741381413023,571.596960352084,571.7197659417596,Max_Oxygen_LifeTime
0.2,54.87508044634358,0.0,18.664993349096523,63.33654409793412,19.41159308306052,22.149125440927385,8.21259707360227,0.0,12.692195477385402,0.0,0.45973694591830416
0.2,99.27634610629396,0.0,43.3237764810158,46.13017495751777,34.55378124194306,54.19857057746385,89.98015115287798,34.72918114672414,76.4743584847067,0.0,0.971616363897645
0.2,336.8448916115923,8.92023042098678,98.12253463086738,177.55506266537887,99.82162613962778,134.44061563060373,222.15621477031848,30.583647157673028,206.65200475288745,15.928982894621486,0.9117780783164717
0.2,468.9549867600285,81.39333678248741,105.64962920111054,275.98270485187976,315.87083016250256,180.0355926182181,508.8431120706513,265.7411591640163,285.68522181932684,159.28298688228492,0.9391676774955388
0.2,278.1470141432524,0.0,219.63118003575715,210.44708051215864,92.62820376657383,157.96651180588307,292.8415733810089,109.42198575258055,186.04361606374025,0.0,0.8415457954533347
0.2,379.8238709720941,143.25438259052586,182.0643348461276,268.24525823724065,172.93258137422106,80.473577471172,166.6545008622851,0.0,382.6775439320627,21.402547199780035,0.8653322467273351
0.2,171.07564000997547,65.84679330033858,231.25141761937667,203.21139559195944,329.23396650170133,249.20963397401408,304.65956517430124,187.45857422824008,321.6726122471154,112.4751445369449,0.7316352996703497
0.2,584.4106729890815,137.42673782878438,314.06868114911987,441.7783769092058,440.0431908255079,414.709474003533,359.18351932523734,449.41319567747,409.5039157524439,80.51263428352952,0.6677301296999959
0.2,479.6479075208105,95.62236106699608,212.3661271889574,516.1303344339199,368.66452459565744,465.0549367555621,399.0025427655081,178.9559046474748,404.3789004158608,191.62874768045032,0.7000370427067865
0.2,583.3290158180625,253.0711565371202,515.4215888139356,475.7737742897859,254.7582975807032,208.78370414312425,459.7459343757698,399.0088568068608,432.3298924175814,301.576461540068,0.6751327152436368
0.2,675.3641254729515,155.81811013956442,307.0667742339805,679.019682309072,570.72381103905,311.1792756746149,322.6028907874873,326.7153922281188,566.6113095984156,56.6611309598391,0.5234310677705861
0.2,965.329185353708,101.77592050054923,394.2531869895068,522.7581371164672,280.65481107727754,423.0382958179451,689.3005524810017,434.3467314291184,958.646927947106,269.86039526661096,0.6944522570889506
0.2,772.4947695534967,257.86716519479114,576.0508990724869,581.0311662114431,749.2535229050384,918.582605629514,606.4858649216584,226.8788363301813,864.906393131888,294.9424872292338,0.6630253734709786
0.2,794.8159128124221,370.6333098353101,733.4448128072204,658.8368088793319,833.3232696784266,762.927007907757,595.6606765210399,677.4888098613021,965.692308905324,584.2288049514434,0.79822163316433
0.2,1308.6348702954135,437.5196043116587,536.2721607407474,999.9513826495194,685.3819810442744,962.6739275736354,1207.2663521066104,643.526592888897,1368.1480003288343,555.891873938579,0.7036243975064377
0.2,1361.4164213104425,675.5790852789152,1003.8431093623816,1206.0771956280869,863.8912598089415,1208.2753922179318,1132.8039759666017,907.8551916058326,1285.2122728624938,429.3810672163141,0.7339582087744879
0.2,1367.7701551700327,199.9236233938365,1191.4147638022996,1316.5702028374606,1156.4687645911772,1051.6307669578257,1079.262487264289,624.9644975197602,1592.0747082460437,1041.8783950849538,0.7500676178642665
0.2,1693.7574134477024,656.2058544308337,1642.789968443366,1623.677176566742,1752.9160549705948,1683.7459510361325,1498.988962895416,1273.2759921619215,2266.231036799989,1006.6070388356544,0.6612667032813783
0.2,2706.153810842637,1684.3016252945877,2407.360403830148,2474.349673017999,2088.3638838879874,1853.3697808639347,2372.2707866365117,2044.7676928292292,2228.7223526625344,2205.3292745334406,0.5525249130712094
0.2,2004.893421638096,1412.3586484072082,2398.408881722729,2787.4011755994943,2034.2940019892471,1844.321021258728,2997.728404265422,2018.4629202616989,2908.3958716600027,1606.8547953455873,0.5601010204217014
0.225,282.77054815043863,109.29420026409169,205.25983952036967,293.4333969566917,247.50112517590895,282.97560293517387,284.2059316435879,52.904134461793774,144.9737328080931,65.20742154593134,0.8247662403650454
0.225,427.1554545201872,52.588244110497975,283.5300142372669,195.7175688829429,233.67040543438856,310.0721940477536,265.4217981048785,150.5710574295891,370.5982863258761,142.8812670172039,0.7810588398643363
0.225,331.62303152776815,154.4322940938115,257.658090672309,377.1399182080496,353.5686733200456,230.02283804499527,375.243381263038,250.8847444401236,180.4419436254024,177.4616712832399,0.8336496532846075
0.225,468.9549867600285,81.39333678248741,105.64962920111054,275.98270485187976,315.87083016250256,180.0355926182181,508.8431120706513,265.7411591640163,285.68522181932684,159.28298688228492,0.8326921862102807
0.225,486.1162269071296,154.77105392368338,246.8966812592132,272.9989423376105,255.8021585683124,386.62054938476047,285.5894447401335,63.25959743706203,533.4073822727001,256.4163294172146,0.6972630871582721
0.225,617.7977785634323,126.51709826963784,336.5026198132745,370.6786671380585,355.2337226739735,484.3797476609015,452.5040112137471,279.9806953915126,260.9209766911508,310.8705843196827,0.8245197440059927
0.225,463.2376055375865,78.18648159185314,366.02344037249145,444.55587984749593,468.7729316679837,234.90540265871547,448.7073744452944,445.2477956137965,498.8712675020152,176.43852040639783,0.8684417707442
0.225,644.8892677786173,50.52127904256319,563.1636693274105,247.0341953184219,352.534513319072,244.4338353676995,244.80531536066127,312.78615407234764,460.2637112774802,312.0431940864266,0.7852449718092277
0.225,658.5860324593206,242.0617378061897,545.6508738507468,510.4345340695774,443.2401386250484,443.6449241397737,482.9091190682038,338.80547582572115,465.503341934983,369.97396045962734,0.7001181046785798
0.225,656.7391655703998,362.3848476234746,558.0282009416728,598.9354475445681,498.8905509614017,625.6140866334122,817.700288073096,318.3650931268812,697.6464121732951,351.7133919879376,0.8729390368811302
0.225,895.8935288899407,398.5443641244182,550.5517497261089,827.9652284491859,533.9259419259234,513.0249264056897,784.2631050887013,462.6724799251322,884.9679980498164,239.886655402661,0.9409197834843136
0.225,602.2927781644194,240.9171112657636,921.9511963590408,756.6465983693253,533.9807834115719,660.1754607412564,845.8172174741865,607.5074342524193,857.8109264765947,546.495958022776,0.8786739544765398
0.225,999.927323735092,485.6789858141849,565.7852083879218,821.7890105990928,503.0446704280737,787.6178247459594,920.9414679106396,647.5719810855836,1082.8344631820346,1032.9781428389372,0.7488796733202973
0.25,248.56433208179905,138.4812838555838,129.3874668282024,244.73535649132128,156.03075531193824,182.35496249646613,201.18075914964575,109.9235075766102,161.29559674884297,50.095763975406506,0.8907084191471129
0.25,241.53744722736133,72.57735794091323,173.79857981584152,220.05454927685068,156.76709315237358,222.95764359448648,317.7920579706144,143.79993853359755,381.4665933374423,119.4139462654498,0.9102083319707164
0.25,384.6147159619003,192.66064767717816,244.0054168625396,324.5554676028772,209.38302663204388,238.11725525871327,312.5436179310719,174.05405700908892,352.1120639087806,192.18959474887308,0.9443221441693939
0.25,403.0155022306388,246.31636677295,312.87419353926083,308.6815745303593,276.71285458748554,284.3119765411193,470.35944506111525,279.0712027799929,305.7991489617385,207.01056356450164,0.843301338754155
0.25,456.31033019784735,158.4614651490898,156.40733504530752,538.1820871915443,290.5126861066673,186.92583944439036,466.5809807167686,335.70354838992665,493.8715663813336,189.2734167058575,0.8709211639441403
0.25,579.3314692787752,196.71329740435905,344.3254734785885,411.0288835874454,336.913983466494,405.1614539945364,492.2464616366547,192.38992823063745,330.1201176220729,224.1975728658784,0.8162583665516217
0.25,468.6743380245771,290.49245687819746,411.0369457868381,367.5618842132309,212.76431648901988,366.57381463201017,324.41617916669577,293.4566656218531,510.8319734898914,263.8145781853012,0.8839646218926953
0.25,597.9269002880501,252.6195718542216,543.4046905353399,549.2203929089626,312.2305211838508,424.1827918760815,499.7869227331736,386.7442078458885,356.93873318107387,363.1179169530448,0.8620823431292292
0.25,674.6424421670129,189.69449730677363,281.6203727983552,730.3432904521629,286.29456985724727,457.6817953500209,605.6980355483287,490.4011747622788,680.095672069055,169.82915980647627,0.920458161603352
0.25,764.0335742999272,318.34732262496846,451.5893808362157,627.4182994251054,555.3157932411724,474.3585933153512,716.386888926917,680.1248097934774,866.0733783730967,377.8002663204925,0.8298172285604452
0.25,941.8789013427934,390.4161249089281,533.7165889380025,720.9388670193308,571.4272373667061,602.4830654844608,670.362232656128,615.3490514189601,946.759102904154,301.685187429626,0.8914172453042928
0.25,987.7137620325152,480.70330791412766,684.4641130598218,706.9447652707303,692.5954127956821,705.0315182740546,443.8733032281711,404.1734280472042,823.1745203186238,585.4535809819834,0.8738477512417712
0.25,1024.4627414361594,596.3984205437291,722.3908141477744,1144.2587878137715,866.9722494311017,658.878255076882,958.36837102092,660.4273418834895,882.9794797660435,410.5080037508775,0.9391192474088602
0.25,1014.6881686449452,568.2035414520606,891.3317802028989,671.9102396997991,887.5110071095619,799.0874012351752,1013.5965191897044,731.9509597379594,970.4763657077484,515.8043676005746,0.9311141893419929
0.25,930.16386576463,556.8903144383029,943.4519209898402,1160.892824675079,859.4955720669265,815.4033888196432,1089.0165259569003,558.0983194587781,1268.405271497223,784.5992607975661,0.8825515117549522
0.25,1228.7939434647917,954.310101547978,1438.8059992569538,1327.0974589419743,1176.450513145772,1138.1504421806326,1115.8087341176351,1116.4470686337238,1206.452235401794,582.7994131861544,0.9153880401320287
0.25,1419.4841333796617,347.8339307006796,1218.424057830133,1238.530065385085,1103.1496145150686,799.5489004352844,1778.7114683614805,1048.193193864865,1299.5182883017712,615.9140314333815,0.8366406301068983
0.25,1556.7763638726542,1130.0207226660532,1155.4144467709132,1231.595619085479,1215.371850907377,1175.1651210746868,1715.487139527996,955.7915600577428,1563.1247948988644,949.4431290315276,0.7023520808996986
0.25,1706.733025419338,380.52987983963015,1513.8307496986497,1143.850213062493,1355.5906016465262,1444.506494361529,1466.3587052830137,1092.6105460741846,1267.428233446056,1027.8074378242686,0.755610973873429
0.275,260.0524313780123,52.72018102010353,171.50956325450454,276.780950355545,270.0219527888652,167.9610895319969,331.86678052398617,183.67575887452853,239.09953892130417,66.06920121429634,0.7349682530279553
0.275,304.8493609387287,56.00529982252496,303.2081799915477,343.8274084342592,252.3315706289601,262.7940991672346,275.102956271086,194.0696470040628,312.4398228194368,205.35276601592577,0.7725901930008846
0.275,383.7975419729728,145.30994828232832,272.4561530293693,432.391453249205,178.57082930149954,245.80026965939567,350.06487540743126,375.0695093651044,497.4978586484304,364.69022734493706,0.7802447031227839
0.275,441.837731585066,82.72819658215099,427.7393572479149,497.1672006818104,129.27943260105,276.6473454837251,414.705011162624,163.86035078651452,515.7876950893682,326.3906662582026,0.7744336608163489
0.275,686.5516688626033,189.7444455356968,439.34518303849256,510.5741704793389,307.0627777912078,415.7019477114895,468.6747661023703,477.3539284375997,459.0977593876343,315.7419401264352,0.8173128926325012
0.275,416.8671181415983,123.45680037270289,389.2897549414624,441.2378112021837,349.52704521103266,566.9392806725717,655.1227095102175,204.26488788938204,669.5527251381966,130.1908076657586,0.7840962965634557
0.275,653.0482972258683,276.7680878719144,530.0402581716828,497.9061356097759,587.0524111041013,370.0607017613231,589.4711085012339,409.4509165146299,548.6987809495636,550.0808937479247,0.80167380927598
0.275,610.3655023106668,214.61819432280396,750.0833872053784,533.3046070336843,409.7911160056257,378.1025235552781,767.0079763549949,299.96133535385434,629.090579667688,457.3240046811458,0.7916037598162216
0.275,764.4533129516556,256.08995156792594,537.7507328751273,468.6713271615736,410.6598925291975,444.24545994793993,855.6686608275619,364.0980831532086,646.5221728108345,391.9588379437575,0.766825166377979
0.275,703.1232824029826,341.48102066524734,459.088260254756,643.8996367525523,331.8204259846807,538.4731469776715,709.8436960938119,549.8138450809447,554.0141036377128,535.5329659879342,0.8298172285604452
0.275,933.6696459240428,298.407285056677,681.5744724574201,876.4348665061439,523.4142423102509,531.2785631462966,751.0426398425047,655.3600696705972,943.2815936125456,542.6381376872538,0.8419934897076728
0.275,750.1198324136918,342.8987019238397,601.113918757179,640.9105292368683,634.8947625364499,701.0681962410487,726.9822681813117,625.639736843496,664.0480934692454,691.8131705480979,0.7573560230931569
0.275,1043.4471530067772,339.45239772497433,498.847436656706,1022.7848331452562,607.5705959280375,691.2037953675215,643.9756356840476,431.44891710840966,938.6596737090638,654.3067956148063,0.8159663184531726
0.275,1208.5629592547195,432.6696996987596,651.6047280319128,636.0036571293102,436.82998527279153,836.7374360760926,1052.0322145319662,588.6804087247573,958.9458248131206,495.5940190059116,0.8465959102028908
0.275,1117.7313283896206,647.4044222963073,819.9704094240715,1365.8654275275776,681.8048314949802,522.2094904585185,918.6601079448488,973.362397982078,1171.3057361580434,869.0332881172565,0.8661823154686811
0.275,1550.6121425999409,692.3441437320708,997.3336760140496,1200.8589803352884,968.0881044253669,906.6127192491545,1164.451227949376,931.0835036396868,1217.5707355288191,873.7860572618569,0.8753687785904483
0.275,1148.2915255893454,928.2334862120156,1127.0961336946466,1173.8506746388389,1079.7181988712,1352.764717985276,1206.8905502394002,1137.0704357627371,1248.6579401495428,1070.9906845616144,0.8164756490907241
0.275,1269.1319977408627,823.7880047351516,1330.129039492747,1312.42022091962,657.1939337138729,1053.346764016445,1317.0113961052457,1044.8202958145682,1853.523010654092,1191.0820195852202,0.8361569321063043
0.275,1597.4381289277528,1065.1946761348088,1490.564776039809,2138.1748283078155,1448.8063136531289,1256.2927243450386,1465.7928068273698,600.189425489914,1252.046101051482,479.86843217235537,0.7819711433974208
0.275,1853.171100016156,788.0031447562725,1284.835810393064,1640.8746494176455,971.5511176695672,1156.573371489793,1592.9605199422867,1328.3270971476195,1439.6353056211433,1321.692833066415,0.8320106428086772
0.275,2085.677904068916,929.7319318920644,1188.5954212901142,1759.9607807722791,1739.749217035495,1313.751642890964,1725.7565959869494,1485.549934653632,2030.4847877107727,1292.7627113181509,0.8289673586522995
0.275,1739.7757597625025,355.4206076380441,1425.7397434247705,1502.0172254292845,1788.4635142334662,1411.133417083478,1757.6279364018524,1665.932665481531,1568.557156539604,1617.2449110105676,0.8365105221819555
0.275,1472.0886150324268,913.9750183766477,1582.1752418957192,2003.747285852832,1734.077719272976,1517.318004363851,1727.2506416380456,1198.1521249307352,1681.167867602245,1226.3138201748334,0.773445122916722
0.30000000000000004,180.6763671733372,76.52852494921542,172.76458357896314,238.6481633284752,157.08486700102156,262.81506594401674,196.93148619450469,209.1587881130825,204.6994191780712,184.99188549753995,0.7407217240849905
0.30000000000000004,364.9506178870375,118.02739418603662,262.5585166303293,312.32450997856216,308.7016982022538,203.6401566893189,331.3919403801831,220.0381468347132,290.01561640866447,169.1281076623828,0.867026873689901
0.30000000000000004,370.0431019888898,130.97283124940043,313.5274282305867,376.3226212953672,309.93913148402754,326.5350039368617,481.953106772196,293.7917961245124,344.2522191229962,203.1873032738984,0.8479892845776956
0.30000000000000004,512.8959595606806,122.63799429099348,481.9190748743411,496.3918816540248,319.1634758256315,230.80318180230512,353.9489938750425,183.83003699105555,358.7732628016037,295.80385786544053,0.8758760872989872
0.30000000000000004,497.0248731545185,401.2164011644705,504.9843462121526,610.8158583488489,495.2561013639327,473.7360445784747,490.8341718874682,284.77225828426134,551.2672080658041,297.74325141522064,0.797632544766235
0.30000000000000004,481.2295001497391,190.93840288389083,381.2295569444477,345.9544960726765,488.9964860297612,415.2101201695447,435.9220825162729,560.1938565966354,457.928542509671,474.433387504718,0.7840962965634557
0.30000000000000004,776.2921984311453,362.0451684657155,573.8836902935658,324.32511370463874,337.79656183359526,398.08129221067617,707.5878129734633,338.470134240044,758.7793158634987,420.9827540299036,0.8105519957228438
0.30000000000000004,663.5180462621231,586.4927340923886,572.188033260869,550.9143756139898,382.192263242196,532.9418027743855,722.2039983914434,598.2299245182555,696.5288943348644,352.1157127759196,0.77806321886658
0.30000000000000004,826.0674719138643,511.39357819749694,528.8539052224501,581.62289356453,582.3989080989708,398.48346343613696,765.1503309601409,646.4201071904623,591.7110825122779,370.54694019621286,0.6703456165782044
0.30000000000000004,800.0425326879667,235.35511909573756,736.5667212330713,784.379670121174,609.2029177294239,514.8135617348106,638.8799204875556,553.1463569640629,693.2877588774628,386.21321644957135,0.7814791732500574
0.30000000000000004,1079.9242826802265,115.18037658096996,924.4740751893696,790.674314424255,613.1406512731356,739.1462512169797,626.5639282430999,416.9876039378746,786.3442250791061,427.81282730074594,0.804430205528871
0.30000000000000004,842.7116180084427,357.9783236829242,674.1692944067536,742.4219709066113,487.51911785612543,1053.5055984909936,932.3222749096162,451.76771588000815,544.1641963117855,465.69683353303975,0.8523502692667881
0.30000000000000004,1020.4597909235372,398.1794086152589,865.8901461218817,580.261449740834,615.2772268803659,911.4106564032757,962.9338713371584,382.1721962086178,1106.4985576092456,694.813063525875,0.8192687141174579
0.30000000000000004,1378.1532486264025,539.7251885502469,727.7019956312043,1123.7408028784782,967.1792978028328,1069.665283033269,950.6991393738166,641.1811638788752,925.4638967793868,779.7174956727845,0.7077329333746215
0.30000000000000004,1165.4611996714295,506.9866793637058,767.3909606944706,1279.3535180453891,613.1387430908998,1081.4241492207325,902.2925416811046,798.3519792815631,1194.7635922627846,883.4947803960792,0.7396000724320938
0.30000000000000004,1425.8674974408043,392.2007175112197,1074.9204850307624,1164.9813905333388,722.811396420686,1006.939027328812,1124.3087235321725,599.0502811171405,1269.5682485363318,782.658320722397,0.8241658209092182
0.30000000000000004,1500.735496871181,467.9122463821928,1375.06415038522,1054.1751782899985,785.1408879972403,799.1721548379016,1368.9635995849308,962.666916285657,850.4167815603336,746.7074179554141,0.8088869096929134
0.30000000000000004,1460.9485478116055,657.6845093984323,1237.4259966252616,1596.8657187058982,1115.6802843076307,747.2223613145782,1449.9978752750997,1080.895795074019,1338.5586782859418,1153.685559581385,0.7500953902929088
0.30000000000000004,1568.024019465164,729.3293935350148,1418.3303576243304,1523.594393804642,1025.299053704337,1426.5327500539618,1252.2319109242285,958.31284886232,1830.5005772134728,889.2760459128939,0.8399572348441947
0.30000000000000004,1444.7734643823894,708.4327537090466,1215.7850995471451,1535.6532216763794,1258.0048293136438,971.7693732695798,1164.2627174592142,976.7784937503502,1617.945915289046,1336.7195797257573,0.7962337857581046
0.30000000000000004,1536.1339093244296,893.5340238435826,1293.3904995135867,1710.3730439739263,775.1407656843103,1597.9366793069375,1960.562570650127,1348.4917643172716,1877.16606175806,1192.1233101446448,0.8213576247342389
0.30000000000000004,1815.7600208933388,826.7703159440921,1793.8173016076216,1828.298717628037,1482.7008888779426,1536.774018546324,1708.397430102493,1245.2493194646167,1848.67409982192,1985.032426811746,0.7957711616736298
0.30000000000000004,2149.3824487464763,981.1336991628428,1993.9956025274807,2188.4325462255915,1374.07530504648,1692.9844344592766,1461.938024374491,1558.7497243748037,2155.890798326322,1520.5131705931688,0.8035843122847343
0.30000000000000004,2183.379380154316,765.9922134795497,1649.1665878513622,2381.555093427984,1125.2933979800862,1287.2805027429138,2123.065032636237,1723.267071944996,1992.9583687043903,1400.1544959553055,0.7433503506397324
0.30000000000000004,2070.284466705913,1041.5376399138236,1715.7962173317285,2519.790184984512,1719.4507353665124,2184.488155292948,2076.679873266786,2037.3938043928376,2242.960443849517,1604.3334172707698,0.7786844305942255
0.30000000000000004,2380.280300740963,1624.5151952803294,1603.6272149786585,2183.7433951751964,1804.9113887948024,2023.285728312321,2679.3582005149565,1950.1777972564587,2294.8294722341043,1894.1600319019583,0.8174794864497246
0.30000000000000004,2484.483819907905,1108.371149451777,1877.1436785120309,2399.8302507668227,2154.728637788586,2361.4408415051707,2461.8439118817964,2553.387887813424,2533.7010112689886,1894.8618674020208,0.8171196267616777
0.325,337.472400476004,98.24546985820106,150.44330376360168,249.00416838860315,193.33699204840215,201.37955860180168,281.64752675240334,244.43094427000293,291.1093697564031,231.49975883120172,0.6904838691894314
0.325,330.25312412821984,47.53916290613342,298.92049403099526,302.8820909398389,209.06427323493028,265.7871380661129,358.8846654239591,227.97189484532447,268.48822686759826,222.92986241588548,0.7902560967884147
0.325,442.0967194148756,211.8925104887857,361.8069647282412,200.82500044426325,224.3686127207941,327.7995247732502,341.28176428203415,170.84210959637164,294.39576718432426,205.85568682813675,0.7698843571903901
0.325,345.6227436184012,202.4327519874593,455.7135412039985,379.2016361281699,387.3565100233988,401.2677654917302,281.10330015320363,299.3318418013633,386.1572638623349,221.14099210004483,0.8540364758011214
0.325,619.9586102660725,281.13032896680755,424.1977005666717,327.93632090997346,426.84709633704,328.8194528334296,480.4237663600328,368.26601208112857,464.5273917378247,395.643101708262,0.911080856110562
0.325,500.7124827653728,310.1500621401018,439.13619038645976,625.8095820193734,361.031524790048,405.10718670337417,695.8121038817168,425.20050316386175,502.3329115121852,322.4653206158853,0.8393893428768292
0.325,481.214807109388,337.53116031052986,743.1418540170292,644.9640005933707,508.4466204677743,628.4815872448735,739.2004073467373,537.4700004944767,774.6734273793722,274.1097002521817,0.853862127489083
0.325,724.5045463873481,235.9555516418073,600.0984943197906,835.6759120647367,564.9320419116374,663.6249889925845,606.526770566442,459.8108185840365,646.608963633802,362.6304070905339,0.7881536447098433
0.325,875.6932223321961,503.9902604896108,561.2065461007531,828.6216682123916,540.1055045987722,532.8012979250083,745.0290807237758,347.761395523025,857.432705647789,469.4981734190681,0.8422857745123126
0.325,760.0882883903224,469.0444931687217,608.6611543547382,820.4060604434956,586.3056164609028,595.1634710980808,764.7281170097963,503.2105039121277,702.723134549542,545.3907640891696,0.8507270960130764
0.325,751.1173316354907,729.8635600600113,695.0435513086986,837.4890416549833,502.4029834118179,765.5879846230474,835.2280021256788,565.7120902323899,939.6880283796196,541.2928633158823,0.7855066817485893
0.325,983.8491490534864,540.3900498495733,749.2762484909798,1134.092122554263,679.9706187793291,619.8734293790172,875.7711390835686,493.8631935396558,1117.613860944498,663.007702416337,0.7770964449164884
0.325,1015.8376933769728,494.51929523279074,902.5735603175206,847.4584241412696,654.8082692499646,1012.8038326700226,983.476512502845,1055.783526018476,961.228200651879,736.7225083376035,0.7981384129485255
0.325,1199.328654767073,769.3080183489801,564.7457718687699,1023.3611309131228,1018.9619428167756,793.5035528789002,1019.5118413288182,806.1512186559027,1143.2390065386237,834.1960427701238,0.786338007417429
0.325,1267.3158442512563,641.9565291506567,978.0501136644402,1443.3648647108528,1094.2306120148794,1248.9403572672554,806.7431543619991,1017.1721182110132,1116.7554025113957,822.1548531227724,0.8731201779845464
0.325,1339.8474438460332,805.6889944721967,1257.180064776272,1472.7511532735716,1119.825034937286,1095.6607241322774,1740.4662808764076,1289.6111134882567,1481.653794096468,1072.1323162431931,0.8598952948851466
0.325,1261.2372297417803,967.7876011831588,905.5206371097756,1563.298246948845,1289.7210537327971,1016.8062750281669,1236.065478307857,961.1634560689736,1503.0185264097147,1524.2157907751237,0.7899872613901785
0.325,1599.9458373112898,994.9184514873006,1223.9794525645111,1614.5667522736624,1035.3000261452935,1029.7301537786725,1306.1350699721356,987.2598769832056,1463.4839643291202,892.5720467506817,0.9136288311130605
0.325,1630.6773145558172,492.3918767007985,1310.3259730878249,1554.297249344701,1324.415499680168,1540.207722752353,1422.3006317953864,1469.7600897906466,1558.746573531752,1254.7094207496316,0.8563762312848724
0.325,1827.5540460699085,1275.074001399752,1165.0461958934138,1916.512697330357,1466.257067705102,1617.6428426570917,1724.5492919788592,1358.570279337192,1698.0177644099554,1535.7072428119425,1.0
0.325,2060.662790643449,836.5974289551215,1758.1878238001111,1909.841939407511,1434.8812476700457,1825.682237889116,2204.817526907624,1604.867179449771,1617.366145021806,1490.7099605584772,0.8517081958335102
0.325,2166.952060145419,1933.4934744837367,1607.88018395561,2033.5471540530289,2035.302481764773,2044.956784179352,2248.5747987414165,1878.2006515638675,2068.653708287866,1542.055394765287,0.8584751997628941
0.35000000000000003,409.878750950044,152.97110848339975,260.05088442178186,380.1227271080679,322.9157235245485,332.55499885363946,262.3559285222162,308.66635999458754,359.586879667829,153.39020741075208,0.8523549816245227
0.35000000000000003,463.7642794147203,290.35267417441,366.3526042865134,482.58779151678846,367.0584859903411,299.5291363241687,299.2938424228933,418.5878503697546,332.94087030534183,367.0584859903411,0.7463067162827757
0.35000000000000003,485.8541209981127,262.4244601486533,454.23671616092463,465.5662862275832,316.96448349280297,437.9010569950444,546.9811036833402,258.4722845440059,505.3515206477105,196.29138836420412,0.6192042971891081
0.35000000000000003,623.2440800604921,263.37812384194416,423.5367060717121,659.7075050865341,365.1952260300448,305.7317944491152,571.0733334847708,305.4513065643,395.768405474956,423.256218186895,0.5540864987958815
0.35000000000000003,563.1716979502894,400.65822240414536,517.2303885170525,494.1034708431795,382.8442452769728,504.4168260220671,512.2299738848632,366.2803718078449,657.5545241328571,297.52467061524607,0.7302500020489329
0.35000000000000003,650.3744625578934,463.3753143477872,387.5202806823154,682.3654984950704,402.6912874154102,525.3785592569589,577.8174738343965,385.5414537171288,768.1146669864753,278.02518860867275,0.6804298684094228
0.35000000000000003,806.8845496788014,404.3091469383233,277.7458204953688,792.3210984168716,497.5845847825874,440.3710262535776,430.31530990605694,418.5258493606841,490.6496079911927,573.175831808791,0.8338688810904584
0.35000000000000003,689.3509505385291,273.67490920256046,529.6457811521266,682.7119365686544,453.66595460801886,696.358798617838,592.3475797564873,387.6446490187232,738.4058870937039,606.7321100245442,0.7947853517880402
0.35000000000000003,757.7853451147562,382.2214453912126,476.6019457388422,776.1915007842092,527.9042094132752,601.9204524244847,580.7729544212835,519.680182412031,549.8349480832627,474.25222373848334,0.872504444314464
0.35000000000000003,803.3389808841445,622.8180732923439,683.1313231606038,758.5228854959249,684.3878491995259,687.7385853033167,855.2753904929187,818.4172933512058,697.3719516017188,492.1393652444549,0.8146116015808736
0.35000000000000003,672.0311121026069,484.09398201161616,977.9856343123396,513.0416442294257,644.8648444828185,716.1206284035694,778.0240906847257,575.3904551600828,917.418217979698,637.2939174412361,0.8459107878036762
0.35000000000000003,1064.1803468533503,570.1136959322193,787.7325983224586,1124.9223262018345,637.0733582061421,878.1281423922467,546.1995308343953,799.2113975694151,1024.4828327909534,616.0288929200515,0.8494062754673287
0.35000000000000003,1043.7242608861752,634.8102468516101,709.0631752312903,1038.495181422818,882.1457054684266,949.6008305457384,776.518300308602,796.911710215697,1188.5697620211788,974.1775040235178,0.794213019500791
0.35000000000000003,1326.0723281406345,520.3087608548458,1114.8687719373986,1005.416929009158,950.9660121755117,871.764678599294,1216.6204852123938,803.563530242002,1440.4742544173855,673.2113353978145,0.9166130334041646
0.35000000000000003,1357.20305409029,585.001316418224,1074.555049631378,1192.7868946337965,734.6384952494162,1066.549768459335,1694.6564450346982,884.2756740806043,1702.661726206733,971.1021852542568,0.8443615931248561
0.35000000000000003,1455.3882922015075,644.9787967740652,1420.5607766955343,1264.5067168322346,1263.1671970050847,1330.812948276297,1242.404639684214,864.6600484271272,1269.195036227269,1169.4008091043836,0.5672028010280062
0.35000000000000003,1271.1640821046678,931.3266456029106,1414.55540552313,1546.4754230681149,1524.249767938255,1242.4858174209717,1483.383240763991,1286.9371276807,1658.320655334517,1282.635387978141,0.5053471891170971
0.35000000000000003,1404.6486829394732,905.406078762187,1876.198322940505,1652.3468625158732,1503.881804571011,1298.492320263868,1565.4217249626613,1605.4226732172365,2139.281482614818,1184.6434675393064,0.582362436670972
0.35000000000000003,1890.3850121062435,1335.9424806225647,1583.2414510144906,1841.981299040207,1979.2718306456843,1702.930632414138,2039.116421345511,1396.667138832681,2295.216066840352,1786.5370458918349,0.6153543183338227
0.35000000000000003,2147.118214424912,1880.148489350909,2159.425329410593,2564.613422785314,2588.2809516039265,2445.3290775394817,2629.935802324696,1685.128051885512,2464.263100594375,1802.518994825852,0.6006659417228113
0.35000000000000003,2847.224520161112,1411.1200500061311,2177.6420601723607,2355.531131632056,2045.72432178652,2215.618378798584,2420.490624019025,2435.4812761083213,2340.540479542753,2038.7286841448404,0.6004280235961192
0.35000000000000003,2970.292113738452,2230.175225419933,1744.4052913465805,2926.6274005633127,2769.434433132832,2200.70154402672,2654.8145610481074,2687.5630959294563,3664.561053223064,2071.8906401600766,0.5690224900158267
0.375,426.4728175540127,191.19347206991569,287.7183317557004,444.8032596578031,278.4370952474508,302.33627925618964,345.2619981068392,340.3893489400079,406.28612814857183,296.7675373512411,0.45973694591830416
0.375,612.6119923495219,251.1263537316392,434.62160176102174,513.0002862764287,312.990465924404,540.2624374122231,330.0293103842737,306.17492814045363,486.000271209249,461.3594807595887,0.5843958185975948
0.375,711.8602601721819,321.6679616370708,462.9640116871593,459.2829522670167,320.8184863862704,294.4847536114033,398.9702094600656,329.3132388942914,502.03987322405686,222.84567412709097,0.5565096326650063
0.375,699.1728714595359,432.9263296013526,534.0685070409702,608.1134032973886,326.7427975230021,478.9286906798067,699.8030407893785,311.61873360679687,570.9334128367192,431.0358216118267,0.45284481909635943
0.375,475.5077253702267,260.18979057229905,466.4663812962841,664.7062217323224,421.25966092658007,618.8297721719553,778.8950487402426,400.49805601604896,630.2151684132133,446.70937017174657,0.5545697635220345
0.375,505.2389933636592,427.9027719968,522.0194942262788,722.6559175836885,495.389568944296,584.3991822155795,395.4361507626039,521.2899072322508,562.1467788977592,506.3333738546973,0.47333689335885143
0.375,769.5483233867448,398.19871475490936,529.4189939761383,819.0868149659407,529.4189939761383,530.5534632489446,660.2611167730994,481.0149716697486,906.8191053962728,503.32620070160016,0.6010148331222689
0.375,745.5301509998808,383.4755086551477,635.0656835559557,854.7345674843692,814.8329537688827,730.8295564731217,740.4899471621342,476.2992626669654,940.8380497125228,533.4215728280815,0.45973694591830416
0.375,953.0872972810264,410.9722952380654,773.2595053412105,780.7157796411535,502.2020043197329,797.8213500939656,708.7846628652271,671.5032913655089,936.8589355693854,620.6251843776566,0.5700746016935583
0.375,1002.0508368129445,307.8504458542811,422.76236343122815,782.6305497524402,722.5737039406207,813.8411940325975,974.1504123806822,712.6430443969355,1004.888168111138,547.132052002159,0.5375525654655853
0.375,1296.9318247957228,449.11601866190415,1212.0473539146042,1020.6714559280896,957.393941271256,1026.3304206534929,1077.7755545208377,727.4341928842301,1129.2206883881822,829.2955579415682,0.5236081754723285
0.375,979.5337207651968,628.031603552168,788.2991840434263,1344.0745563910648,836.6510981577364,1226.726090675434,1093.0792269437436,1013.2170766650504,1138.1714614548414,868.1613343221161,0.6013944016440795
0.375,1140.154101076729,747.9127781506902,1081.1704434938686,1179.673151657245,936.660482415855,1018.647766456032,1253.9925602116534,1005.6713617878012,1274.6368403656527,677.7222256270853,0.5569846167761031
0.375,1416.619769254657,745.7217249605025,1347.455022420207,1511.5641035455812,1253.139458555049,1202.2090540678632,1424.793784789633,1048.1602997547727,1385.8100183920346,1209.7542991770772,0.6178536516632939
0.375,1842.6832318881875,1102.7509551750495,1394.7757451565917,1726.281742175266,1256.591520526631,1177.6291064523698,1316.4940415484864,688.8789917513291,1746.7030561599886,1038.0834608900927,0.6236118095029126
0.375,1700.806464798469,1340.1194794782816,1590.741157937878,2055.54397407213,1763.2759632869147,1616.0264311355795,1546.8637720948043,1523.8095524145424,2299.472491979386,1584.0479973855383,0.6901408819186805
0.375,2116.7754537527067,1231.7408374924582,1514.302348004907,1675.0701039861278,1621.4808519923838,1592.2503509048893,2165.4929555651947,1761.949648885065,1834.2139432402585,1193.5787944060094,0.7005711035186568
0.4,323.96495461292943,115.3529199483218,241.40389295636857,357.68707838814424,140.4700880015872,328.61628203020035,218.37982224087716,182.79716749875303,375.5946889446386,306.05734405643506,0.9743644205180163
0.4,489.9231162518865,424.7596181619229,443.1117870117509,480.3480716345858,297.8902769826894,489.9231162518865,348.691208146701,357.7343058408176,578.492278961917,349.75510199306734,0.7248558477265435
0.4,593.8518972039874,250.70422662818044,493.9292102185305,509.4860357372247,256.98679077996184,364.9870602462785,565.4307736602198,323.1032992344098,573.8075258625922,450.2504308775815,0.8291139271257634
0.4,763.6762305681425,303.9781767384636,574.5414631844438,711.445188460464,417.19950404020057,569.9996334359486,565.4578036874556,496.3571082282312,746.4821608059862,377.6207019461832,0.8373113939085657
0.4,736.9069920423933,371.8143296382866,696.9307605969815,684.9025139673898,437.26214218165927,596.4595240439133,715.6806744607577,539.8560104928889,585.4925932934035,442.5687215770664,0.9038360119441948
0.4,520.5582046490001,269.61479466038435,438.0306843997672,677.0244081984458,485.0825737726336,616.9025495553409,652.0047527382727,501.5133922837917,806.2303901271079,401.8081981365289,0.8914680187822625
0.4,737.949182477053,347.0333853219956,560.4065804735715,850.674644066563,919.1151028887668,760.0916838607048,894.1544649653747,775.3901393621396,829.3373245514034,349.85152186173303,0.8359040809206278
0.4,603.2019705876323,615.8963516812737,723.579722337704,893.8595239041666,554.1753953294188,588.3189030985307,685.496579056771,583.0660557494357,929.7539807896424,688.5607400104088,0.8708120897313306
0.4,1128.3123269215353,621.2107916424774,883.6620812783535,1096.3617351397745,705.1952043259598,889.1393255837958,827.5203271475476,776.3993802967343,1252.463197844937,464.1964548864064,0.8537678237425901
0.4,946.3046159139702,561.2261605239474,995.7238331876546,1051.503939813401,778.4749968558042,1036.335665204644,967.3444806938533,959.0263946180846,887.0994150217279,1085.7548824783316,0.8770497712764139
0.4,1317.9533712192874,690.4346843000168,1273.6386252380687,961.7941164813252,787.2706107034263,955.2289689285468,1156.0130649175412,1016.5036794211028,984.225037286633,782.893845668242,0.8785762174611224
0.4,1406.119485243106,848.116994011022,1114.835165920699,1314.873794852953,705.3993757084792,1081.4953944319875,1204.3261314956528,986.1553461397128,1583.3466915778215,924.73997760788,0.8372462050235656
0.4,1701.9701328547917,868.6744367762927,1410.7272853247057,1456.8460008771915,941.9589710788772,1382.2979401211126,1284.3746399754225,803.6028244214156,1473.9036079993432,1459.3730537841718,0.8939331446856179
0.4,1583.5325947514189,1159.4564883531657,1085.1756416910591,1505.875345968301,1464.6832400920362,1270.8777583463386,1728.717885954638,1193.89578998742,1819.2054627975765,1077.747557024845,0.8182358075795448
0.4,1490.8152530788536,893.0452629823429,1675.633027794682,1817.1341365614896,1391.908865828585,1453.2741425897002,1461.215531347024,1179.6572026783738,1437.3913650750574,1405.6258100457765,0.8137164261077712
0.4,1839.8058008545904,1440.3538668579108,1568.333612701509,1863.074845553425,1735.8707345331245,1636.5894771514218,1641.2432860911952,1286.778171845599,1726.5631166535886,1980.9713386941892,0.7949590313398263
0.4,2181.182649604731,1496.6448226454413,1700.9222496917623,1966.8997975602267,2109.477103784388,1863.5104059122957,2008.589068386004,1517.4894580583325,2837.371772402477,1618.3774934567168,0.7857342037393725
0.42500000000000004,500.95750572591294,325.4860019054007,305.7113635214854,333.2140215037142,414.1309325919293,326.39518068167393,377.0818974588419,293.89203942994675,525.5053326852575,341.6239251842305,0.8050210241815935
0.42500000000000004,767.9616610360619,436.9671884717413,565.2786259843294,533.1326607476301,292.85519177501413,374.3097986035991,527.684192063444,473.4719286557897,642.374457865565,395.0139796035066,0.7768435192056238
0.42500000000000004,401.56678523748855,426.0810366618688,447.6769248214439,599.1399782649454,426.9565456413132,462.26874114548,398.0647493197191,387.2668052399326,528.5155872566058,357.49949993889607,0.7826324058125824
0.42500000000000004,737.586859410885,337.3013162888943,639.7534918427322,512.1864537391584,441.5290216066039,427.141761670108,661.8139570786882,525.6145630132171,669.1674454906715,271.759354355982,0.8461608306977746
0.42500000000000004,738.4062709391447,334.67334582133725,637.473039659691,649.5141970754867,593.2040785722128,714.6781077962524,570.8925221841241,397.3581947212069,639.5979497918904,461.8138020645745,0.7824619773550663
0.42500000000000004,376.33158930224334,151.81988662997784,467.5749625636507,767.8073069466262,446.3731828846514,528.530079140774,856.4004577481589,507.3282994617747,776.5151807433581,505.8138866275585,0.9110407803032047
0.42500000000000004,1022.352294704952,428.5597900729363,865.9641536745831,793.5994611669576,611.883677758923,586.556035381252,930.2883247924728,668.9713796260487,758.6231931216068,614.2958341758415,0.7947839548334689
0.42500000000000004,985.5002491706864,260.593089143324,849.2618426315864,819.5525327943977,611.1629452221321,852.2327736153019,767.7734499353012,647.2385357387134,840.3490496804287,662.9420280812257,0.852644416160131
0.42500000000000004,1005.1363331733968,470.2179038236341,740.8665810244507,741.777856031862,518.0598417126699,800.0994565061083,1159.1418094257083,463.3833412680598,955.9274827732456,631.9692176389377,0.7565355482554537
0.42500000000000004,975.6624693866164,554.1336941704712,1041.9649288637795,970.338914246112,701.7413594298579,835.79815705887,1212.8026529180831,514.9329699540472,1177.4736051674745,722.0676608754096,0.8616430387169728
0.42500000000000004,1127.7966157791827,813.7929176504051,830.5397815506071,991.2050070931645,1012.6619264652992,1040.9222592968872,1128.8432947729432,833.6798185318955,949.861186839543,567.8233541161999,0.8594104259235139
0.42500000000000004,1224.4011984322271,497.1810926967188,947.5552398123532,1041.7399473840617,1102.2464867937647,713.5205119068896,1071.4224006793888,529.7176280396754,1274.633042470469,520.5845654872667,0.8319714442634475
0.42500000000000004,1353.6972986359622,851.8059054341269,1057.7100667477025,1489.74111950386,1479.3233494374,1266.6782780808185,1397.8196189174423,742.1129147343348,1353.084488632054,715.1492745623211,0.8606791711072438
0.42500000000000004,1627.492515266485,1035.6770551695774,1642.4834355112305,1429.351656379415,992.659631858574,1294.4333741767075,1802.8211042158975,1116.497668662992,1341.3614723341714,1257.281963135379,0.8722505059127653
0.42500000000000004,1722.527030544863,875.3364485285141,1358.741705875052,1757.7093636850757,1690.1592840558665,1662.0134175436915,1604.3143911937464,1128.6492471380534,1671.864470822955,1743.6364304289905,0.8111144096326467
0.42500000000000004,1912.8867481893024,960.57731402197,1704.6865009404055,1770.0779143362702,1234.168974666731,1613.7398225392635,1868.5408471507287,1474.6891158928877,2227.0661826659707,1474.6891158928877,0.8369905623372914
0.42500000000000004,2311.0293541109336,1179.3605553157902,1900.3952471195548,2112.9873143217837,2024.878814987015,2068.5288972262533,2032.9621635498368,1640.111423396669,2446.021275110063,1460.6610853020095,0.9003047343044643
0.42500000000000004,2297.792900657896,1227.0108766691092,1775.5672414174624,2416.2810754435386,1830.8617229841009,1930.0407137306,2131.909455957992,2080.125735125748,2687.4873421751217,1563.1662169868998,0.8910419476384728
0.42500000000000004,2567.6760805412205,1981.7883837860668,2500.7174866263463,2693.223444131609,2092.456059839821,2025.4974659249408,2221.723345314368,1463.789261416831,2761.112018517521,1939.9392625892688,0.8319100900187415
0.42500000000000004,3021.436323168463,2334.2800650140566,2262.487620132256,3267.581848477501,2831.6991474094143,2177.362292629541,3024.5131422348263,2265.5644391986198,3274.7610929656803,1860.4499287941549,0.8515332226171272
0.42500000000000004,3074.7907538959603,1674.1268529889028,3014.762300999947,3332.6907737455144,2255.513535666992,3484.985182018736,3376.0446563926384,2356.672595176948,3207.075677870513,2281.081210048629,0.833292264809196
0.45,29.32765211419948,100.92757520679945,0.0,0.0,210.1477968734804,0.0,0.0,0.0,0.0,24.068900700618816,0.8511489064454287
0.45,0.0,13.244336635200955,62.62999866477171,0.0,32.54964088312398,0.0,0.0,101.68956772452252,116.28078605144034,87.32282967955709,0.930240492867139
0.45,185.20111966683652,137.60905514158446,185.20111966683652,0.5439093088626207,169.6997043643276,0.0,92.19262785177362,0.0,61.73370655561218,0.0,0.7871852803205086
0.45,0.0,92.74494102024636,0.0,0.0,229.4064896264076,0.0,63.852436029518,0.0,0.0,0.0,0.8766407429783756
0.45,37.80646060642445,53.86584210295559,370.03491531597695,132.48989734640955,11.040824778864923,0.0,0.0,0.0,23.419931349110296,0.0,0.8629169914369046
0.45,84.2792860580188,0.0,272.2326729572809,196.4165788046743,21.86324575563696,0.0,109.3162287781848,212.9903296194281,138.58476745105085,0.0,0.8997764060861648
0.45,0.0,147.30773308039767,117.84618646431814,0.0,44.96762378243649,0.0,150.7966004428294,0.0,23.646767678696225,110.86845173945903,0.9268319237168208
0.45,86.10509905147528,0.0,30.512971993970964,21.735267721736196,8.359718354509534,0.0,166.77638117252246,28.42304240534002,188.0936629765287,170.12026851432438,0.8323165618899174
0.45,363.5185573219758,440.3636194394044,132.5232208971255,147.24802321903067,494.6613280014241,0.0,329.9276020251392,143.56682263855308,29.90975471636413,0.0,0.7962666824138577
0.45,259.10703875353784,111.4762841148905,23.09868950128064,161.690826508993,236.00834925225143,0.0,0.0,59.25316002503169,58.248869177150674,403.2227754245958,0.8382227600851322
0.45,314.81147992049875,143.24755170985355,286.4951034197134,463.0560392481461,228.1966812122157,0.0,0.0,547.4499456818596,212.65043529021725,204.8773123292117,0.8352138456676882
0.45,0.0,145.3069084724014,401.1203313712898,500.63724767802535,610.5332288756373,0.0,275.35048622291185,0.0,21.979196239523773,255.20288967001332,0.8194193883673982
0.45,588.6994666907765,550.4208018162612,368.2671551720297,122.75571839067908,921.9878418912708,0.0,73.25744484605077,0.0,114.1760176429438,0.0,0.8533218692787569
0.45,373.4772757058034,471.0829521153018,241.3029222345993,119.97364392001975,370.0881897193578,120.65146111729966,386.3558024542832,214.1902343430724,611.3911119539648,231.8134814725653,0.8158148264909361
0.45,159.80585435156866,551.5160182737885,802.7456869753266,266.8386126149501,1134.249924374401,0.0,282.447556528362,390.9668808787249,513.6085830555097,341.9102000080042,0.726130259292322
0.45,358.5391465382604,558.432653015343,279.2163265076715,702.8001854710187,1116.072077830381,0.0,49.18014841896548,525.1170686024989,2.379684600915503,138.81493505353058,0.7758196920968995
0.45,88.50189522452438,540.195530285561,1267.4139334984386,631.2021961296642,455.0333292204497,205.39119080409853,507.63351223126375,663.7642141839614,999.403477205296,669.6086789629438,0.8019852126575849
0.45,732.5168143001284,1058.8028572180783,853.3634968623282,687.896500738708,978.85812875385,0.0,474.090831590187,630.2619290551844,295.6095773444636,684.1781412752485,0.8691078051561709
0.45,522.1254084056542,1154.1719554230378,1419.16041457628,659.5268316703106,963.7728403277354,659.5268316703106,692.8957487488709,0.0,333.6891707855702,390.6126175666425,0.7500379633126585
0.45,754.1894032424422,802.3291523855819,793.7709747601314,1245.2148445024338,1409.9597637922573,821.5850520428427,1298.7034546614605,269.5825952015536,481.3974914313492,293.1175836715336,0.7778348447335088
0.45,846.550651499039,1350.6763203692403,1231.7787569564675,1014.1962159110772,2001.0459922371845,0.0,498.1807906995811,775.2121134513644,568.3303531131153,680.0940627211272,0.7778092804648814
0.45,1670.503760450444,2254.567422417221,2092.5544252749287,2219.1696247222817,1656.889222875458,733.8235752915962,1102.7775435736476,1602.431072575528,1983.6381246750527,1596.9852575455398,0.8031025678448216
0.45,1470.9366769790745,1360.813075494003,3001.6547376214503,1949.1877462856507,2597.343800740582,1552.7427809394046,1574.7675012364157,1071.3453230189723,2575.3190804435712,2081.3360680677147,0.729228648649962
0.45,1029.43056846252,2735.396324014074,2971.269402755944,3353.42035978733,2808.535263158852,844.7547471219984,1669.3962859791852,2845.1047327312203,1014.8027806335604,2274.6210074020782,0.7190216883293316
0.45,3495.188764547758,4526.863444602092,3880.764150022621,4954.122655533729,3128.3711005284363,1415.1658742563611,3689.018552921619,2567.723648135254,4308.02336095421,3184.6442648950333,0.7524188488641564
0.45,5492.187175636729,3333.645809557635,3920.057153196468,5307.364923361497,4501.904984433446,1551.5942166319169,4631.965087886426,5040.39944785273,3324.5187847539264,5206.967650520572,0.9187355494140683
0.45,3272.194724574873,5806.993454879364,5141.032697553915,5912.994129055768,5827.732717218226,2785.9742408528523,3610.936009442869,4175.504817556126,4251.5487794652445,5790.862917504713,0.7704084246972513
0.45,4268.303754136276,5213.047490863369,4544.459615641117,6555.068080983419,7267.259513285371,2761.5586150484355,3728.104130315392,2800.3173324526165,4869.063873901205,4343.398769106879,0.7883502805622419
0.45,3699.7440571733337,6036.0414519654105,5888.051689678475,4320.815846443101,7887.126511390495,2853.0485319579257,5320.35325729911,6341.725223246615,5058.338596200924,3345.5390523554183,0.7915159891606007
0.47500000000000003,0.0,95.52039096487208,25.740231670533404,0.0,57.71442569877544,0.0,0.0,69.7801592943364,0.0,88.28095080753414,0.768295111824054
0.47500000000000003,0.0,0.0,152.2635282485634,0.0,99.69894360355129,0.0,28.01996454217672,0.0,165.07886086862862,0.0,0.7754786713083507
0.47500000000000003,40.81280374103524,144.6083293046527,0.0,0.0,154.18170302168838,0.0,0.0,12.596544364517015,122.69034211039585,0.0,0.7255601761019314
0.47500000000000003,116.73732590644762,159.90581621560588,154.7377575166202,280.59518700951475,203.37830997764175,69.31278725695394,104.88119124407768,41.0404661389836,0.0,0.0,0.717434999389859
0.47500000000000003,210.70432299305116,0.0,75.97511646384045,0.0,0.0,0.0,0.0,0.0,147.5605595319925,178.96360767037817,0.6477553245344658
0.47500000000000003,140.76318894223513,116.08618544865656,85.15304022431367,0.0,239.1236394870588,0.0,0.0,0.0,59.78090987176567,0.0,0.6307757807813782
0.47500000000000003,179.53297353365178,265.6157383813174,0.0,340.45345737051395,366.8211511076314,0.0,0.0,0.0,0.0,0.0,0.6686732873388289
0.47500000000000003,0.0,443.2587543282377,332.75680710624147,288.5560282174448,446.1776736888162,0.0,0.0,0.0,276.880350775117,0.0,0.505916240766824
0.47500000000000003,0.0,90.91555396451396,362.7484916976248,0.0,173.15072840478527,0.0,0.0,0.0,314.3211111939138,37.00582849811819,0.6571459325435947
0.47500000000000003,287.0969244055333,58.90436897285695,346.9912827728968,257.3972425704823,433.6153547918084,0.0,0.0,0.0,112.36379627595868,504.8945911959384,0.6287988106741926
0.47500000000000003,243.96002494069347,302.34362065299706,468.6326120121496,0.0,481.664664626503,56.819749398582594,0.0,0.0,0.0,183.49130081009528,0.613993447100558
0.47500000000000003,546.0247519632123,177.9181776059879,168.4366446301223,0.0,541.0051168583393,0.0,150.5890531461393,0.0,246.51985737256229,0.0,0.6615174224788783
0.47500000000000003,38.9880038005422,311.9040304043303,230.09313718351677,35.15311818082031,904.3938586518998,0.0,56.88413669259221,185.3528049533917,527.2967727122392,0.0,0.6553329998267687
0.47500000000000003,0.0,657.3962346160951,386.7036674212301,321.57462869765897,0.0,0.0,0.0,130.93650493385329,442.33472133095495,449.7974236846991,0.5574616460286904
0.47500000000000003,200.35026472299683,368.2697311994618,0.0,61.25817446566675,46.84448635609521,0.0,4.324106432874739,95.8510259286237,0.0,410.0694267172128,0.6074360417691748
0.47500000000000003,217.9730139200668,83.1443455158952,537.8165773010605,419.46696836851976,490.6265433596025,0.0,720.5843278044903,296.62307048916057,645.6795120243978,152.80582419138602,0.49595810599416723
0.47500000000000003,309.11180299578336,687.8938828325763,84.88562465686847,221.02294721979047,621.426837110691,0.0,702.3084228686632,131.3324758842173,411.6151988078541,643.8494549445799,0.6478371301940737
0.47500000000000003,30.69729996966194,1040.2973878607206,701.7743854175243,503.9473411686048,486.8932856298908,0.0,63.10000549319238,752.9365520336179,290.7716469348397,306.9729996966,0.6524151794198672
0.47500000000000003,673.7744188575668,656.0924935008024,822.674842914479,1088.8343509162366,1253.5554450291927,0.0,370.3898048415918,557.4459625630975,211.2524766307545,0.0,0.6789738412873781
0.47500000000000003,411.33111582674366,769.098228855412,1167.291004373205,713.5129429328942,975.2691075499088,1423.9939611790962,406.27790801562026,629.6296932679755,629.6296932679755,821.6515900912718,0.6639153508761279
0.47500000000000003,864.5231263864647,589.935135871661,1414.7717167540318,959.9853574638896,1191.6689744607568,46.12220153179124,1087.625868679752,552.393809043462,1254.952925399708,379.7037056337561,0.6366928133571066
0.47500000000000003,598.9986979684157,871.6857242816548,1492.3624703670162,735.9126860754874,654.9052431121356,7.986649306251251,724.5031870665626,1344.0389832510325,428.99716273547386,695.9794395442441,0.6403723637548756
0.47500000000000003,1729.8465362478255,901.7422571329104,574.8929862810091,1616.1598333428303,1821.57103518254,0.0,926.2882498056046,453.4549172688467,122.72996336335456,825.5204904125162,0.6649098009257333
0.47500000000000003,0.0,3291.8586183990587,2542.949389570853,1011.7110474636844,2267.9948856805663,0.0,1625.4216528320324,988.9247626108852,1077.0317307083285,1739.353077095942,0.7172023645453496
0.47500000000000003,2283.343334545326,2501.276320922763,1291.0878435390018,2136.4036694878373,2108.336542454369,373.1276887977181,1500.7657925536653,1515.6248598066586,1948.188817616405,2433.585014547961,0.6435448894915344
0.5,0.0,23.17200483597231,0.0,36.15631789061413,162.2040338518107,0.0,0.0,0.0,0.0,11.186485093227228,0.5771860131308403
0.5,207.4761222499,12.349769181540635,24.025914589543248,110.69884011818392,279.55386601853235,0.0,5.3889901883092906,0.0,114.5160415015686,24.025914589543248,0.5991418852414753
0.5,106.24970105858992,182.30511709784716,0.0,15.097142509667982,14.812290764199616,0.0,0.0,134.4500238596603,129.32269244128474,0.0,0.5894693601588729
0.5,141.2606932410234,182.29887882685557,24.567077085395518,0.0,0.0,0.0,18.70447914456462,0.0,0.0,0.0,0.5698473637502038
0.5,48.62988243383676,0.0,181.3763182667397,246.7637953230505,191.56230715490628,0.0,0.0,0.0,208.6484820640951,0.0,0.5921104331555114
0.5,12.993531324190796,0.0,90.95471926932711,154.43740088180363,275.83410782494485,9.281093802992824,0.0,0.0,76.84745668877821,0.0,0.6374798519739147
0.5,0.0,130.97477470054878,106.91818342901924,0.0,313.4993878400906,0.0,0.0,0.0,0.0,0.0,0.6196135578895886
0.5,164.84846355193997,77.60042177381115,83.89234786358375,218.12010444531964,259.64681663778924,154.36192006899677,195.04970878283603,0.0,28.94286001293392,83.47288612426621,0.6199085319224859
0.5,0.0,145.46375492840883,339.2619853868306,150.06703831222558,20.25444688876327,0.0,0.0,172.62312689289195,172.16279855451134,0.0,0.6051567315783566
0.5,422.040640698574,67.52650251177074,130.22968341555668,50.16254472303424,141.80565527471802,0.0,0.0,0.0,197.7561859273329,423.9699693417657,0.6047136175888149
0.5,99.48636214807642,458.2558339359694,285.05677859009023,0.0,474.750982064145,0.0,0.0,0.0,63.91869899669371,76.80553347183347,0.6579043391795402
0.5,318.3190840471074,827.9594828582816,166.03171568605606,0.0,293.5792588620964,0.0,87.96382288003149,221.55887887907463,306.77383229410765,120.40048256703813,0.6250883396848459
0.5,318.9725420002234,151.37679959332684,0.0,118.33821238050008,492.57530026399945,48.6568284407161,42.04911099814938,91.90734261023316,127.9494377515031,0.0,0.7770423524060598
0.5,164.37701919476874,830.5016332703357,562.063355956303,0.0,475.2351724300309,0.0,0.0,283.682920223226,0.0,604.4832318775325,0.7057322453070973
0.5,375.14418549833226,519.8031057366223,213.1815666669455,680.3814286805626,600.0922672085886,31.146657467577096,207.6443831171597,516.3423660179983,369.6070019485464,164.03906266255643,0.6298986828982335
0.5,329.92809830433856,41.241012288038135,655.4375167206682,582.5292985686015,421.9839293044327,0.0,0.0,433.0306290244423,804.9361862648191,631.8712239846404,0.6374671266490877
0.5,803.3590700074907,260.0514917852943,150.42978601733907,798.5581193899204,879.3741214524265,128.02534980199283,83.21647737130036,0.0,560.1109053837107,432.8857140179795,0.6325658882583579
0.5,588.8847392603325,545.6333177327385,983.9698397527912,1062.1551017449972,846.7297522133074,143.06239428358734,221.24765627578373,20.79395265749783,64.87713229139096,46.5784539527906,0.7328332105264246
0.5,891.9026172076186,736.1592160302455,597.6200277736232,0.0,1120.9902945208414,23.54260715471799,48.89618409057684,478.0960222189026,953.4755897661096,475.3795675472068,0.706178199770931
0.5,0.0,821.1071039710167,913.4816531677574,366.69896802342777,515.0580924909115,0.0,564.5111339800832,176.3514121028657,404.0220182039266,92.3745491967407,0.6932682441140984
0.5,97.38029926996694,1089.4420980828324,160.2717425484928,495.0165212890496,953.5154303518342,102.45218985695172,0.0,610.6556266721318,469.6570683541488,1219.2824971094742,0.7299921681396336
0.5,952.3029327063496,1355.5402533998706,1329.026018614542,487.19906418040335,1435.0829577558563,410.97063917258055,689.3701044185182,651.8082718059673,742.3985739891752,1162.207291423524,0.7315109697435289
0.5,888.3220615261826,1611.7036872252245,1671.7891317051112,1303.0294430344404,1490.354652295258,365.22525076010606,460.6550743458174,1490.354652295258,863.5809961521202,560.7974818122867,0.6806139311435399
0.5,1135.3794304786777,1681.1294465783362,2343.434114357557,1405.5119761360488,1895.0415131902544,1105.2123441616232,990.0289236782744,1334.2079539320762,1535.7789397779172,754.1771579266604,0.6914744845987428
0.5,1695.2873672861044,2098.1748590456086,1711.0868767668553,1690.5475144418792,2734.89509112044,1335.0585511246632,1603.650212297678,992.2091953920476,2365.1865692705483,2044.4565268110025,0.7204795820487688
0.5,1594.5253902015354,3530.8711933923523,2736.4729151602187,1926.797746962096,2646.721186609969,1424.569989329758,1399.7450431350044,2295.352717391901,3309.356288885341,2113.93964904561,0.7154714200900498
0.5,3040.4632568415127,3496.4262119670075,4235.768013034992,3306.796758667178,4764.173680657067,2929.66852008205,3939.605159004882,3628.527628872526,3818.15708217238,3875.685118566714,0.676692372336098
0.5,3765.196991286483,4918.8979189494585,4524.2718471130365,4308.388172520174,5120.853614536342,3319.501663094752,4078.576518921306,4675.158286344611,5111.568295199022,3526.1000183502683,0.7676858300884343
0.5,4590.048900133546,6267.182152105413,4938.358224156136,5735.175444865425,5260.425064861978,2571.7633650436323,3788.46031882124,4568.577777419817,3547.506608367247,4120.069880733172,0.6923272355593874
0.5,4841.293398202271,6901.263739137336,6167.807789309698,4236.131723426988,5243.120750253052,4463.672513142507,6511.539620582078,5001.056080342939,4422.521519257771,4357.1640583820445,0.7323794447582878
0.5,4654.530911543465,6652.916351451027,6673.000627228975,4672.104652849197,6389.310231865215,3000.088694333588,6113.151439918214,6404.373438698704,6334.078473475832,3969.155000620392,0.7448654596270493
0.525,79.75375196803171,67.90913533911555,18.951386606263604,0.0,0.7896411085936623,0.0,0.0,38.10018348967787,79.35893141373488,0.0,0.6844826571291516
0.525,0.0,0.0,266.8332361381651,0.0,71.2180015680433,0.0,28.34663878201843,0.0,0.0,96.9876731880598,0.7096115585150706
0.525,47.334164185494224,74.55743996057225,64.50199575536416,0.0,74.55743996057225,0.0,0.0,0.0,0.0,0.0,0.5986832906670423
0.525,0.0,106.4791725531302,139.82396606319134,3.9229168835392265,163.08125901558378,0.0,0.0,0.0,168.6854259920657,114.60521466902608,0.6429969620006211
0.525,17.69994624329778,190.27442211545497,87.81896405328573,0.0,186.1898191362321,0.0,131.38806249833087,103.476608806974,0.0,0.0,0.5513533196828614
0.525,0.0,311.5477132326934,356.83535074521905,0.0,86.28075767471637,0.0,188.17794207789672,65.97940292772428,122.97936048659008,0.0,0.6085901832834727
0.525,0.0,59.15597830360792,425.5943994620862,297.01230773271107,214.440421350584,13.145772956359911,43.54537291793783,146.2467241394789,0.0,203.7594808235436,0.6890026203265422
0.525,0.0,37.05984271924994,232.30194094751096,184.3953149933573,409.4660671175958,0.0,104.85223793740047,0.0,35.70399481488827,0.0,0.6227479308920082
0.525,0.0,391.9272027437521,131.57224006699838,132.0371596432117,283.6009414871727,0.0,213.863005055905,201.3101764982714,78.10648880302345,144.12506862462666,0.6623467535729134
0.525,0.0,468.8149905258996,294.2562174577451,246.87597905353516,54.86132867855832,0.0,0.0,0.0,199.49574064931943,193.51086842983963,0.5779427154822109
0.525,0.0,457.3049559295905,237.9689351577706,0.0,409.92411649101854,0.0,241.16314905251505,0.0,281.09082273669947,106.4737964911746,0.7088915425491977
0.525,113.29451946873424,419.952281299982,192.2738719830013,95.86459339663033,567.0172825334428,0.0,142.16283452567703,154.1459087002504,223.86561298870936,360.58159561684965,0.6336890117933881
0.525,0.0,588.8337091681965,453.17684860530346,257.0964082283709,702.5722123475714,0.0,0.0,102.48313046891312,197.2652164517233,192.52611215258048,0.6247273154023415
0.525,765.5840839969477,498.6947061060255,144.09520402560892,443.5626280440597,538.1642619913014,0.0,0.0,134.6976907195922,476.14067417158816,55.75857894904023,0.6721763590688403
0.525,303.2349979051222,609.2392651975033,524.7765488860289,24.23110713853876,313.61975810735083,0.0,0.0,0.0,483.2375080771143,0.0,0.595333341804923
0.525,555.1869741288444,539.1789617686399,971.395295494106,811.3151718920931,256.12819776324034,288.1442224836495,177.5434098131601,241.5754592539619,456.22835226577286,431.4886968000029,0.5994085205632591
0.525,466.7135285369106,975.7131821426082,598.2703620842343,769.7640915298507,1166.7838213422897,24.275368095045597,477.676597999195,0.0,868.4317166903389,723.5625845102539,0.676344249786825
0.525,388.81130823933967,1031.624084229107,561.4336649629283,634.5926637648416,701.1755727867957,142.20794149134505,54.25274068456554,498.9608120534371,139.741907823858,752.9622798038741,0.6736461766935724
0.525,534.67358827288,1139.0488489443774,854.0660617956268,680.253030624416,1369.3290577549774,0.0,580.5531701048852,624.6681526356413,760.5422988304076,195.87052243659372,0.6505298998228257
0.525,782.4841030983198,836.0030629800377,584.0948552608841,1293.6824440375583,1488.3807291245128,156.8659168947142,1329.669330854579,954.1138709948756,502.89367475068167,637.6138151426125,0.7097571973787657
0.525,679.0236243476661,699.7195548430155,860.3593963069882,478.96296289255054,1589.6445661433777,119.24798047325145,832.7648223131815,639.602804356512,909.6354212959336,337.0480109243824,0.8021413513444323
0.525,463.4510261013283,1432.2943476344317,916.4167348700568,219.1431322515384,1635.7095038870468,356.50078930871496,1105.152446857032,0.0,1009.7360591302784,880.7666559391816,0.6226256484737404
0.525,1337.6629437744489,1418.2860923380956,639.3075019906756,1342.2050929893117,1113.9620949428947,0.0,1451.2166741458077,34.06611911139854,1672.646448369924,1142.350527535731,0.7020267755814148
0.525,1661.3066717652223,1846.4485521638765,378.981701487199,1365.5766883096337,1693.613308613311,397.6201458226466,567.8512707529654,407.5606494682036,1015.1739348034253,1051.2082605185974,0.6279617634785647
0.525,2470.7161289196056,1148.2051438988017,1929.8146695648545,2072.302777783634,1965.7825415424063,264.22552106586585,1343.261680392466,848.011750855384,1032.001249817488,1413.8140446561106,0.6148873443602293
0.525,2025.4037361999876,2372.6158052628366,3335.48631159918,1933.778329086189,2980.236926122828,1265.0736034836416,2428.8770201572847,1903.2365267148923,3015.601118342197,2004.5067135248908,0.7082469390475477
0.525,2979.4749458894294,3285.5588480028937,3326.240885625579,2799.311636417581,4058.517562833768,2468.043615775772,4608.693690683341,2915.546029625214,3148.014816040523,2150.3362743415087,0.7069329543685018
0.525,3521.120039842094,5528.925776846478,4859.657197845016,4708.325767561262,3444.3886104024327,2144.217167119353,4542.074337108675,4599.622909188391,4350.24576350951,4201.045761821276,0.781442815179121
0.525,5587.130306774917,4856.168562141121,6320.397924420146,5368.072370685944,5905.340782356812,4118.289198472968,3613.303008962578,4600.216657868721,5296.590307330577,4348.87649961927,0.7077359158726267
0.525,5080.824290291585,5237.121456246367,5269.780565550352,4926.859917858515,6461.838055145856,3601.833197525365,4721.574087947744,5328.100403593184,5871.641294152395,4110.382185258855,0.7245972553169665
0.525,4785.308140561393,4649.918934633305,4248.419910156929,5959.459357489404,5868.421787986018,4180.725307192897,5420.236830431009,3359.0528850087017,5198.478648307421,3104.614549730064,0.7066819105453669
0.55,0.0,145.69765934602026,15.687743023643495,0.0,165.71305561756557,0.0,0.0,33.53931267123789,0.0,31.9164427032742,0.7547186591637212
0.55,0.0,129.55952214681705,0.0,133.81512688887003,97.40606409578398,0.0,0.0,161.47655771218365,79.91080015624975,21.278023710243502,0.7822958096089884
0.55,0.0,57.29663569360091,254.51509846728877,62.21480184756215,141.39727692627278,0.0,32.70580492381715,0.0,76.7233920017342,10.819965538704636,0.760521017734464
0.55,121.47663255466507,152.4741181030939,79.86739519686022,136.83574701560156,196.87592172652384,0.0,0.0,0.0,5.864389157812403,0.0,0.7275260683593776
0.55,173.29655910291072,19.11359107752423,205.78966393470628,88.55963865921177,223.310455755775,0.0,0.0,147.174651296959,227.4517338225724,153.54584832279923,0.7550741242322543
0.55,201.15393442179985,191.5575999356224,326.6444623179692,10.33451406204074,311.1426912249144,0.0,59.423455856716416,157.60133944607196,81.56884313251201,55.36346818948688,0.78769981194939
0.55,357.79254771878016,0.0,266.0508688165309,0.0,255.2086704008106,0.0,17.931328149079203,0.0,131.3574038827691,33.77761814128145,0.7463924986063925
0.55,0.8962564005149612,427.0661748457662,79.31869144564538,544.9238915135957,371.9464062140452,0.0,298.4533813717572,202.1058183163072,240.1967153382287,146.9860496845861,0.715385123775848
0.55,0.0,475.1649528757975,471.8487468238205,306.03844422509246,276.1925897573153,0.0,329.7256303106258,50.21683450132809,40.74196006711799,100.9074127243718,0.8770753355450415
0.55,123.73795787383298,109.6103957543812,243.57865723195815,91.5855751192216,571.9226871806383,0.0,155.40318331399197,81.84242882993551,272.32093878533084,123.73795787383298,0.7788062869413496
0.55,171.99815739169446,0.0,311.8761769572342,634.6317554362342,346.5866484790506,0.0,0.0,46.6260065218446,95.32428000021967,0.0,0.798056181217775
0.55,416.0712502190665,685.6227859792732,265.63688690061576,538.543835969044,417.18972132180494,0.0,206.35791845542883,112.40634582531273,373.0101127635993,276.2623623766372,0.8247665812219611
0.55,137.88253887223553,729.8973547108874,409.540477160935,269.8977356648002,716.4024679276463,220.0253279876077,377.8568299307216,373.16295626698354,159.00497035904667,347.9333853244008,0.7568465801904205
0.55,49.4196811232573,106.2523144150039,601.0668716616522,19.150126435266944,474.428938783294,177.2931060296959,0.0,213.122374844055,567.7085869034469,799.9810881827688,0.6882704295974433
0.55,1055.9169620177458,671.8263364379682,641.9230870416236,210.6517790809524,836.6264664445151,0.0,41.20003250163674,436.58744118669154,551.5488221993235,67.11618197847166,0.7149342895228463
0.55,325.6711223221252,1028.5902415422818,430.2984964618105,781.7580560718972,344.0914346706619,0.0,372.0903094404457,472.2968086164778,528.2945581560285,526.820933168147,0.723875977737836
0.55,678.8291028970729,1029.59662088772,729.7217115341067,255.24600639498715,1028.8136576779202,56.37335110564166,606.7964875954254,132.32078245628816,893.3610223824239,328.8445481162252,0.7589343287949905
0.55,384.6927313910681,1024.755956811965,951.909886399614,1191.7289721391608,499.28205563521584,177.61345257843786,717.8202668722879,491.0971039034984,234.90811470050707,502.5560363279121,0.7950761179034961
0.55,416.7705511773893,1505.246458323355,503.7790169764274,172.27676228209702,1290.3355477997286,0.0,738.7018746338343,303.6595456386437,1606.1762786502463,188.8083707839091,0.6859551590020895
0.55,274.1334847352356,797.6400104231619,1083.2694154860037,916.1364199538788,965.6573075189482,177.74461429607,184.81902680537,212.2323752788885,1157.5507468336182,211.3480737152273,0.720265329130749
0.55,780.795911910712,1721.1914777860447,1582.6169279365251,1293.0439030785867,1565.4145700241763,562.8993783542356,1555.857704517322,894.5226114423881,946.1296851794456,381.3189337238388,0.7386146682006182
0.55,1267.0355728189893,1785.5485654514896,997.3691598246472,1426.6542952163868,1292.812509355212,430.276556027736,667.2260880337903,473.8990640121086,235.9581113700466,510.5816275444273,0.693235862707171
0.55,576.1672170761476,1462.900066587161,1862.3481190791604,694.3285519756233,1242.2625297394995,603.3547808583243,763.3431369611476,1307.0944126046927,1099.0049821180246,131.75511679055208,0.7362281454001418
0.55,1724.9777925823691,1138.9859962895473,1426.86157776932,1586.1603185091274,1455.3077814728551,0.0,753.2554740696118,11.37848148140372,811.2857296248225,1176.5349851782053,0.6985770905657197
0.55,854.8727231986111,1535.8315113052324,1750.1620651157718,1315.377227385826,2590.3378360530883,438.45907579528,0.0,542.5624876461023,1090.023959379312,750.7693113477748,0.6914125404093763
0.55,941.6559756276896,2104.228309173904,2129.0813994397467,1210.89778684091,1739.716318608345,422.5025345191808,1571.2675956954845,1373.823600805797,1761.8079544002087,1380.72723699076,0.6851922592522638
0.55,1075.10245781761,1832.2390349922543,3396.883021918623,4330.317513113159,2699.561808429309,1263.993079981767,2247.798403753401,2411.503609628974,2657.0614184423785,2915.2119354000483,0.7312942415550547
0.55,2780.466938914537,3169.58616229743,3449.094336840102,3487.458203934199,4590.876095592785,717.9523699036984,4740.677862341146,2042.419210056789,3860.135769991068,3955.132012319288,0.7652763977703027
0.55,3713.811248457887,5534.269344938513,4130.0803811620935,4208.730309461063,6054.126188085259,2973.3509478872525,4839.848026786802,4502.228822381519,4628.836024033509,3901.8037600017074,0.7422715385036568
0.5750000000000001,79.41163529753761,103.37820991436293,29.68993571934947,182.61099017744883,55.0873506118048,0.0,0.0,57.94903116306892,24.68199475464032,0.0,0.7545151188916022
0.5750000000000001,222.7025824103616,145.17640627194322,62.95915578119879,44.93555432226941,150.36127792451072,0.0,54.07080437679656,1.7282905508548962,0.0,174.06354833625747,0.71002523486195
0.5750000000000001,0.0,212.13083104068613,51.0055635671182,256.5972197915128,390.7810870219331,90.50217945755745,222.5935107467644,0.0,98.34918923711317,36.880945963916695,0.6806241568509906
0.5750000000000001,4.824271457181945,339.8431226504657,87.37291639120815,174.20980262050756,160.00500332991,0.0,0.0,48.77874473374041,321.35008206459804,78.26040363874999,0.7390368063800046
0.5750000000000001,0.0,110.96284927242874,97.0924931133769,315.93589028956205,223.77507936607003,0.0,16.336197253999533,131.92249857944557,47.775671214517736,349.53297520815687,0.7804645558329799
0.5750000000000001,288.8133557810597,274.65218478792406,124.4692397817698,218.0075008153814,389.8048647057887,0.0,20.123769306038007,145.3383338769195,301.8565395905278,18.26045733325444,0.7718783701433269
0.5750000000000001,142.8777025995261,334.2095826023737,393.017216715806,483.2993592279747,439.81484104550657,0.0,78.68627099684578,373.9668563692006,68.33281428673028,110.9890559323856,0.7923070612509037
0.5750000000000001,222.25551987868727,754.6564236046628,405.85790586543214,161.0547245497758,317.04772918512947,220.41489445526292,0.0,60.740638973055376,327.1711690139738,0.0,0.7432293464348967
0.5750000000000001,286.851798532571,419.2449363168308,355.99043715324024,412.8704519050016,567.3291126533019,62.2738092540784,247.1338571972948,186.3310828074791,76.49381294201596,0.0,0.7670041162583706
0.5750000000000001,163.6298486573771,257.2796362537416,421.4240441836257,485.2293939745599,426.56963690870174,0.0,573.2190295733355,0.0,377.68650602049433,0.0,0.9276278246134199
0.5750000000000001,135.34141881425683,426.4328830893647,402.80184170910064,135.34141881426294,632.6674260444258,36.52070031496188,307.2035379434756,220.73540925658787,534.9208457896876,161.12073668364025,0.746177758749922
0.5750000000000001,311.1768474843752,275.5637373595204,273.228451449696,325.18856294334125,742.6209193248178,0.0,30.942538305206,0.0,147.7068337965237,46.70571819652709,0.783075519802124
0.5750000000000001,241.0554613206081,843.6941146221352,203.46512948100823,579.9651198109749,641.4223290090496,0.0,19.69017382074536,330.55625141489406,273.27574575455566,386.04674127334846,0.7042489496318506
0.5750000000000001,571.9252136265534,497.2450986807542,0.0,181.7216130347757,524.6278074942163,0.0,568.8135421704814,456.1710354605682,123.22218966056512,414.4746379491678,0.7680139048691523
0.5750000000000001,570.8815712101434,271.34899021928896,816.6687000319639,404.40175595484016,383.427920962034,0.0,414.2332411077115,383.427920962034,366.3866800303959,254.9631816311676,0.764951400170067
0.5750000000000001,372.4478652668976,816.6006466505899,1002.4764971669712,128.09421908244872,506.80756245663423,407.9522412082273,173.34489430178965,337.6396535597032,719.1376538704769,489.4034566030409,0.6694551278876831
0.5750000000000001,530.48167882288,267.14904688922275,466.3659075694728,631.2350336496851,728.1719735209073,0.0,324.3952712226277,366.37583573378777,605.2834119518639,480.1050014094861,0.723508339208052
0.5750000000000001,556.1411300422143,1087.4402211344202,960.0246020037166,819.7872853504194,178.7024092210603,94.56001922908555,669.9336955551814,397.4726232001964,470.3960278599176,491.231286334121,0.8459337956454407
0.5750000000000001,780.4084000010697,823.7172448324669,1086.9670859644962,784.6543651806242,512.0634006535864,668.314919260986,874.6688269870644,877.2164060947817,1206.7033040277802,1104.8001397186044,0.7857244649703711
0.5750000000000001,776.222680600875,1047.5493868290143,619.0463685787539,1116.0396233526292,1140.625862104691,381.086700656997,1566.4946404886612,1134.4793024166704,838.5663574364694,260.78974676295854,0.7830463034951205
0.5750000000000001,560.8761473657843,1859.5491060315492,865.7819724438328,1238.4446475392383,770.7341689472818,0.0,208.91695422014635,403.7178980200042,236.20790769935093,373.6037424567356,0.762213282618409
0.5750000000000001,875.4290614807339,810.1857387674798,980.5974025707372,1249.3609409118844,1157.8255329261294,405.0928693837399,694.3058073812706,146.06714040279195,978.6498406987016,994.2303356749964,0.7243288304963786
0.5750000000000001,1205.383953688223,1479.5250959332889,1232.588799865213,949.0305954819672,2611.6652329911462,0.0,1013.9036902117158,1626.0127291940082,1386.400814788974,539.9115625895142,0.8275743900595364
0.5750000000000001,1269.5951753455606,1290.3723573710197,1070.5716422595156,1486.115282768836,1880.8817412526728,524.8972301170345,723.9207632030668,1114.3130781025986,1054.1686038183611,999.491809014504,0.7458130418508381
0.5750000000000001,1568.6035641559731,1887.2261631251583,1358.5227296708024,1221.970187255443,2547.813676006319,643.0807766740651,1077.2478346100984,1163.6143998984364,871.8354631134831,1074.9136031158075,0.8300370812706419
0.5750000000000001,896.5155825186486,1123.1627803463907,1736.3693655803545,940.585870985158,2192.1820634339374,410.4832582880315,308.49201926555173,1206.2667528832278,1096.7206072664967,1619.2683133693574,0.8530364016124176
0.5750000000000001,1952.250051555638,3084.998055537698,3391.915810806568,1705.4502071126487,3700.4156163603448,985.6173274871752,1512.440072355927,3035.954496706064,3418.810665649728,2611.9650203552496,0.7673747981534679
0.5750000000000001,2667.685881318217,3165.629944071011,3733.681654648223,3284.273655773878,3985.350134017864,1518.9990361953626,2653.3048253542506,1666.404859826143,2610.16165746231,2484.32741777748,0.8293170210376367
0.5750000000000001,4539.035158309621,5237.179910238619,4952.669509765991,7178.4162580788725,6933.299605363959,2475.2404841119605,4865.127848082107,4361.763293399734,5442.902815195769,4895.767429671465,0.7575764728344356
0.5750000000000001,6068.593769282713,6162.498508459229,6822.17930117428,4897.132148055604,4951.127373082081,4432.303689131817,5037.989256820391,4826.703593673196,5451.1701091970845,4847.832159987921,0.777737700512724
0.6000000000000001,0.0,11.13201643247462,32.95778093394108,0.0,0.0,0.0,0.0,0.0,0.4382683634835169,0.7888830542698143,0.753035799880364
0.6000000000000001,0.0,0.0,19.28363383090141,0.0,0.0,0.0,0.0,0.0,4.488432012365285,55.85604282054033,0.8250563095997383
0.6000000000000001,5.837394526549032,27.4357542747798,33.27314880132882,0.0,6.61571379675486,0.0,0.0,0.0,0.0,114.02377308525408,0.7768435192056238
0.6000000000000001,40.720140889675285,34.51910420596826,53.74231792545967,12.608774590203868,111.8253615295127,0.0,48.574787355703535,0.0,92.18874536444164,76.89285487796478,0.7925087349256313
0.6000000000000001,60.49599965766286,77.37860421328949,130.60570468727897,0.0,0.0,5.627534851875545,24.385984358127693,45.25475943383304,104.10939475969808,203.2946965240047,0.7809792497746779
0.6000000000000001,75.0125830051473,120.83938286153372,65.28398862222771,0.0,0.0,0.0,83.71711482144354,3.584218983181691,57.85953501420904,115.4630543867617,0.678009784312696
0.6000000000000001,60.06707679146224,56.71307757975504,144.83178414185005,29.88108388610777,35.06453721328998,0.0,75.31252775376217,0.0,34.75962819404457,139.03851277617446,0.7459878527544044
0.6000000000000001,120.8182487838644,41.0922532200938,239.1779866913133,49.17021752831793,70.59438373708308,60.4091243919322,110.28177359922472,0.0,59.35547687346882,209.3246403348352,0.8093385451053304
0.6000000000000001,209.6789504964946,220.79538480069573,170.19644245053587,84.33157058360034,111.16434304201628,0.0,62.48202729603023,0.0,223.0953367257034,251.84473578829315,0.7428407695517603
0.6000000000000001,256.22233622655017,290.59849990125014,416.11146959725215,51.16452267862484,51.16452267862484,53.96258251261175,0.0,142.70105153335115,228.24173788667767,257.8212275602557,0.758836332431919
0.6000000000000001,510.5824651915872,44.588537199950615,177.91700627823332,170.48558341157457,218.1341182625036,240.42838686247617,12.677133125477326,518.4510305798133,531.1281637052906,295.9454871016313,0.838123911579773
0.6000000000000001,554.969166978051,307.10617167937727,161.6119002738274,23.9586375069031,0.0,201.2525550579743,3.484892728277214,285.76120371868205,400.76266375181183,158.127007545552,0.7430589179773803
0.6000000000000001,458.8567091157056,157.07370381904994,27.01850882018609,223.01718297340264,7.784994066833705,293.9980112298238,248.20392848374527,437.3334902250479,542.6598805410309,218.8957155262558,0.6935750153376271
0.6000000000000001,390.1397091650634,187.24809856646337,82.95801835223023,261.6732921738952,266.8877961846068,183.92977783237455,181.08550291744243,348.42367707936893,417.1603208569326,451.291619836138,0.8148058900224419
0.6000000000000001,370.5424567656847,427.74720322047057,106.16376369086257,192.7439204872971,187.0749816494355,279.3240772837294,177.28317820221935,279.83943535989766,362.2967275469776,379.3035440605644,0.7307335319298279
0.6000000000000001,635.8301498613733,422.9794746937399,426.2457254635741,499.7363677848824,100.16502360829982,463.8076093166868,148.61441002753153,506.8132444528578,744.7051755225701,504.0913688113309,0.8564790564542399
0.6000000000000001,265.47873915719657,307.8611542776358,509.76627075417474,302.5633523875812,513.8867833353281,208.38020767549483,752.8765130422518,349.6549247436257,245.4648209058795,0.0,0.7700590463593434
0.6000000000000001,527.9964045612445,461.6869969461589,387.9410202527473,65.06997943536416,809.9663154478252,223.7167864396831,769.6848996068873,398.4761597803756,532.3344031902709,389.8001625223281,0.7756482476235791
0.625,20.02380193179792,33.45246275113847,14.382175197045576,32.26056977900761,22.48704740753491,0.0,44.33841856326633,0.0,4.131895636719947,17.163258798684105,0.8005819309581614
0.625,36.04889817445691,116.83705390471388,43.773662068983874,0.0,0.0,17.380718762684612,35.88796559332116,0.0,0.0,0.0,0.8128980651751632
0.625,83.74021707575747,36.242918552149824,8.202344724961131,0.0,17.16769826154444,61.80371374156119,196.4747689932356,0.0,85.64773910481841,16.404689449921264,0.6954838140618056
0.625,43.802279760130425,124.14105827752616,97.36146543839496,0.0,59.371810480555325,96.11590298076044,94.66274678018722,0.0,40.48077987310541,0.0,0.7758876996063889
0.625,176.24582520519297,222.2963759770001,31.1022044479756,23.145826565934943,83.90362130151466,114.28251866930452,0.0,0.964409440247237,148.51905379808207,38.3352752498305,0.7731224978831928
0.625,140.2964645560847,202.51274124084927,196.0680273213129,18.838394534032737,130.62939367677745,35.941673782035934,84.77277540314601,0.0,120.46657557289107,177.22963278728014,0.746866289718287
0.625,137.45452621801462,203.70118747383015,69.74868740149876,83.46495647208425,66.24666125581554,47.2773529667052,110.3138235889788,5.8367102428043545,129.86680290237018,0.0,0.766066759742033
0.625,301.68651344368294,211.74476961173727,267.8339013740958,0.0,51.44269481162839,44.80492773916048,157.31507961749702,0.0,242.6103864987143,167.27173022620147,0.7246799131188612
0.625,316.1315123037183,74.34058845791763,134.32829102544517,21.345317478016412,50.05108925879508,0.0,73.2365203125036,9.200567878455912,0.0,337.4768297817332,0.9046080528567414
0.625,422.7657545249087,211.17942887240253,165.20009272099455,117.18627266908048,186.76562206634532,0.0,258.78635214421644,185.54493172604307,191.6483834275578,187.9863124066476,0.6583114009953761
0.625,252.9558814085164,197.31414776535684,237.5474013227177,291.9050949587281,126.69194737211608,151.51672084368002,173.34540096522625,0.0,87.3147204861886,240.54349467273357,0.776341465374525
0.625,213.71577421644108,68.389047749261,184.02052979899764,183.12067390755985,53.541425540538334,0.0,89.53566119804631,7.19884713150046,257.35878495116555,219.11490956506597,0.7272559392542147
0.625,323.26575181996384,89.77020158453698,341.4058443681346,151.63256847957996,83.2583734903208,112.09646933613142,329.77757991417803,118.60829743034564,337.68479974286817,119.07342800850492,0.8304329400969626
0.625,352.2894482587733,94.36324506931484,203.72782653426367,218.7291629298977,102.58978438304824,6.774797081898586,232.7626711709745,15.001336395634038,240.50529640743235,283.0897352079424,0.8279309788321849
0.625,400.223579569044,63.9743573479918,199.59999492573905,387.9405029582295,290.1876849304939,181.17538000951612,347.5087091142966,44.014357855420045,509.7476793488069,244.12614763993992,0.7996387311804235
0.7000000000000001,37.66803366612967,88.01890695048552,5.45362103583752,38.68266083558765,15.34623593805258,0.0,37.03389168521859,0.0,22.95593970898816,17.882803861698218,0.7704524520487761
0.7000000000000001,61.59044173419675,3.879712865146052,105.23721146709302,2.061097459608682,33.462523461886605,22.18710794755541,56.86204167979984,0.0,63.65153919380544,7.5169436762207935,0.773823689251259
0.7000000000000001,107.92236933918912,15.56826354770649,29.817182726964337,0.0,50.530889311625415,44.46190521675657,10.686689384442872,0.0,61.0856442592228,0.0,0.84300839117218
0.7000000000000001,45.56520659043936,5.369637140287407,50.78142552671956,41.88316969424242,22.705894193215272,57.53182650308062,30.68364080164278,0.0,44.184442754365705,41.2694968782096,0.7942752914371906
0.7000000000000001,138.22324297464132,157.8572263517199,75.98351566929841,85.2114878565256,0.0,87.17488619423396,93.06508120735704,0.0,162.1767026946777,114.66246292214602,0.8717930001868117
0.7000000000000001,84.53662081920139,160.0845376525636,104.22616288342049,0.0,57.356492100116526,27.60816224222061,71.05356484044205,0.0,59.06862619265721,0.0,0.8279783055038491
0.7000000000000001,180.02764174164903,57.09316515591854,73.89881457681533,52.25866326771627,53.87016389711743,54.79102139963221,92.08575025148244,0.0,26.474653197301325,151.48105916368976,0.8401205465089783
0.7000000000000001,35.67540708108306,74.07412767980662,223.0393770947121,24.237490306995216,88.23535797153355,116.01315585146156,200.43587489830009,0.0,232.0263117029231,49.8366373728114,0.7201082914806091
0.7000000000000001,463.19616927918327,335.0269028540076,74.22134463227377,268.7087569557276,50.16813109403595,125.42032773508988,102.05434886937395,102.05434886937574,199.29805503110177,160.8129133699238,0.855418467053237
0.7000000000000001,344.55704712912365,176.22121614365133,0.0,74.39689475325254,131.30880502532798,124.45194836604232,319.8723631556935,0.0,72.68268058843158,104.56706405411305,0.7429115474876461
0.7000000000000001,209.0004561836058,330.82425149918333,393.4126234044367,0.0,166.90232508066995,27.941237457702247,394.9028227355121,27.568687624933403,149.39248294050898,36.13733377862655,0.7909549954879447
0.7000000000000001,340.5221890480554,225.8241556740589,313.93129549768383,199.2332621236873,268.68708856122635,124.22312957114436,342.90346309734133,0.0,234.1586148465628,216.69593848512716,0.8064031178156387
0.7000000000000001,660.2291034795647,446.2059166934584,242.5596116909224,0.0,220.9411079751519,466.0949401119652,387.40358658656726,64.42314107298999,334.2220674457773,100.30985724116626,0.7914147153271924
0.7000000000000001,549.3191664641407,323.8140972795402,432.8392753563952,119.7413280587654,177.98127361264062,409.0773775704128,240.4144952463915,0.0,301.44995818685135,318.2230625063686,0.8611658390359279
0.7000000000000001,583.3129022120644,482.5446893633185,499.1662502455874,156.34655704882437,409.8253605034009,194.78391658906915,306.9794525443717,121.0257401740086,445.1461773782168,303.34348610137806,0.8573277901726684
0.7000000000000001,334.12343055490896,234.10266250853712,486.58752022559713,112.45578245213711,324.39168015039616,279.517497729593,164.35845127620064,0.0,483.88425622434187,496.3192706301099,0.7679619241896103
0.7000000000000001,495.4202297841273,931.9676519930068,275.4803071445384,234.93582645592443,345.461191620769,229.3817880054315,546.5173835286755,28.880999942573656,643.7130564123337,180.50624964107809,0.8236562398212448
0.7000000000000001,515.3417843659017,608.8856726171379,403.65605112048735,343.56118957726784,547.6569457617837,496.63300671565327,567.4995887241668,111.11880058934705,93.54388825123624,111.68573324541732,0.7732702025463734
0.7000000000000001,475.0996730085034,652.8132786552596,345.85341435631705,226.1809526413261,555.8785846661199,95.7379693719915,449.3700937397816,0.0,756.329958038724,429.6241375568073,0.8459337956454407
0.7250000000000001,16.14315297680273,17.210468876095725,71.91040871484918,47.76238649335083,12.941205278924356,0.0,0.0,78.18088962319385,1.7343883363503556,28.5507003060812,0.8020356857007725
0.7250000000000001,0.0,5.001341227065718,24.665705597119366,0.0,6.820010764180384,56.719756188766965,67.40443971931633,64.44910172150443,0.0,43.42073519861542,0.6749855313340757
0.7250000000000001,62.17767711568924,68.37773038933429,96.5436866896032,0.0,77.41209373092921,46.05753860421438,134.984016986198,47.47469363819052,0.0,31.885988264456103,0.5876111218770907
0.7250000000000001,33.54251892629008,61.427263575857054,144.47530742347914,119.41944991227513,75.5716992676662,131.34118856679922,88.50375475732046,128.71436479546287,0.0,55.3653625650817,0.7126861321557894
0.7250000000000001,62.34586084431392,78.04445889863747,112.8056403046396,90.6033373420961,117.06668834795516,0.0,129.17703541843457,89.93054028262468,0.0,43.28327749263532,0.6735959713104622
0.7250000000000001,43.50090092144501,0.0,249.5326404504832,55.92972975614296,119.26895362527895,33.22321553890552,124.04927240785528,98.4745669210714,40.63270965189857,88.91392935591988,0.7093027214920566
0.7250000000000001,5.738363602572168,87.07343031728406,122.50158821142315,64.61896404635127,114.51777798175748,168.15900296231916,209.5750185287061,188.11852853648165,22.7039603406096,59.379588583133845,0.7076553032122223
0.7250000000000001,51.93681562026928,69.82616322280727,149.46261384055325,100.98825259496805,133.3044934253573,127.53373613421628,89.1582001481292,127.82227399877438,0.0,144.84600800764068,0.6613017649307141
0.7250000000000001,83.98458070646362,200.8468461080927,324.8705873839157,166.3415532597012,269.85743180487566,119.14091681614492,268.22982365164967,298.5033353016529,86.91427538226928,378.2561348097297,0.6970407997558266
0.7250000000000001,99.41414469440764,69.8091971935001,233.9156345750744,21.929590741413225,364.0312063074592,191.51842580834253,183.8430690488482,336.25372470166946,40.20424969259091,280.69876149009,0.6985305504869367
0.7250000000000001,97.1162514177936,299.0371241572899,277.5906186358616,219.7255188327588,302.6789835854576,306.3208430136233,220.93947197548195,267.0696913989325,180.06971617049234,245.2185348299285,0.6602958514466247
0.7250000000000001,210.8536886581329,363.5099685571228,520.6429722068141,303.96954267276584,353.6611763055739,375.5971226840213,256.5162709153095,542.1312462101895,178.17360527799678,152.2086075239179,0.6377398121811124
0.7250000000000001,133.04464734505015,424.3832911663269,490.905614838853,261.7192150327807,349.6063725855321,34.47507285218397,543.3465707266815,211.22051677042563,75.74804739353151,346.6929861473198,0.6936772724121366
0.7250000000000001,122.10614869882332,165.8608519825702,490.4596972736075,192.8259598202256,219.79106765788103,199.9488184943218,308.82680108410875,583.5656356564589,236.58066310397015,203.5102478313722,0.6921076263184149
0.7250000000000001,420.395809556464,307.7991847190628,529.8355196787985,306.22072736153063,451.9649567071372,305.1684224565067,506.1586593157936,526.1524525112185,94.1812889995086,343.57755148982665,0.7118807359594138
0.75,0.0,8.846036880935944,10.217515467127551,5.828783991314341,7.474558294744335,0.0,44.02446261675086,41.62437509091522,0.0,41.21293151505781,0.7229381342830489
0.75,0.0,0.0,23.90170665533322,57.62603248409102,24.77482835963733,1.8553836216466648,36.45283115470906,32.85120412445318,0.0,52.05988161915052,0.646684923867422
0.75,3.656419236719276,0.0,10.851308702522363,33.85136519156365,39.74881557336856,0.0,88.9335517576264,62.277076031865846,0.0,59.32835084096311,0.7994628714863492
0.75,0.0,66.20738197473838,100.52218360798676,0.0,92.8518161840838,25.02962001484016,140.89253847063185,125.75365539713994,0.0,0.0,0.6721010296906184
0.75,24.30962469731508,62.64403287385027,158.48005331518772,93.26481013681398,122.48310905185588,39.73688652445699,116.87319566016762,169.46613370724305,0.0,186.29587388230783,0.7468765154257375
0.75,23.46026462002377,0.0,194.45415210823307,0.0,0.0,81.98999697100885,85.61787294317737,0.9674335925784928,88.52017372091176,107.8688455724772,0.746614055601163
0.75,39.4584553060384,66.25123360026156,105.22254748276796,109.36324958278382,49.93199591196134,110.3375324298456,151.74455343000974,39.702026017803846,47.00914737077269,262.3256565716219,0.7845071188452574
0.75,0.0,0.0,41.962871716752765,134.33397298004448,215.35662465955988,23.75256889627501,127.20820231116244,155.71128498669174,0.0,174.44942267153067,0.7869996350364286
0.75,52.88393711358314,164.0603958182769,228.96340954858357,212.43717920058876,140.92367333108334,146.9332116394451,103.06358198840458,344.0460681537102,9.014307462542629,155.94751910198772,0.8176575841878275
0.75,94.85478764768672,21.408198601040272,213.0939153057402,224.6214068601465,153.8096730259349,110.334562020746,258.5451677202556,282.9175784352863,0.0,387.9824300311612,0.7769358346201123
0.75,40.531374172079765,170.52388953478842,196.0842155892533,128.16677778738975,267.2879810266897,34.68901393105954,204.8477559507845,58.42360241020554,0.0,403.8531516605455,0.8799640978999367
0.75,221.58913571711116,226.67339886931936,340.6456311980056,123.29338144107058,418.6043328652112,213.53905239277975,213.11536379676275,274.9738988153056,31.352956105289422,237.6893023657719,0.7443127844862479
0.75,70.78660722673641,105.95156694582607,312.3744473747598,195.9190612920644,143.3999656077116,290.9101213124578,298.6738137179721,283.14642890694563,74.89679732377313,182.21842763527675,0.8359850344379479
0.75,261.06642811565166,211.36800257987545,330.5244686234879,462.2552351038629,663.4440420920714,280.2272668764324,535.9047090906164,550.2753381612033,432.9152007514125,476.0270879631733,0.6980231980787931
0.775,0.0,0.0,49.24741326415263,54.04423923144019,0.0,0.0,10.952752625306823,24.863547930440475,0.0,35.97619475465674,0.794170412386412
0.775,23.83157330174913,0.0,16.149026645264453,0.0,18.42243330891786,0.783933332294377,18.42243330891786,16.46259997818192,0.0,31.51411995823417,0.8575612771594665
0.775,24.821215650103667,0.0,69.93958301408492,23.965311662169288,50.49833528814171,29.83436757943479,0.0,53.066047251945406,14.30582379833526,67.49414304855748,0.6707376020304907
0.775,33.20731018088108,0.0,114.85076068928772,18.61301462367863,190.9949114225169,0.0,57.53113610955152,122.25366423279613,0.0,124.79180259057004,0.7658008913483078
0.775,0.0,92.78482777794348,64.6544643440436,81.66879706616034,94.8265477045977,112.97516927485452,27.67664789464385,33.801807674605456,0.0,83.48365922318654,0.8166201009526989
0.775,0.0,64.52824150997095,75.20557643608096,44.79838349433248,166.19503928467208,150.17903689550653,113.04048063077634,58.72534209360669,45.95896337760427,133.00245462306916,0.5921036160172103
0.775,0.0,0.0,200.805641429545,61.78635120909137,122.3467827513346,155.69179768957378,137.54818662023854,170.89320155847662,0.0,26.47986480389646,0.7807649968566576
0.775,46.54455667551806,8.414835105178994,38.129721570339065,190.3856442546588,127.80030815989484,63.37422688587366,173.55597404430196,78.1001883199354,38.91861236144881,106.76322039694917,0.7010994317369557
0.775,12.250167213687586,0.0,180.2524604299633,174.7107181190095,196.5860167148788,119.87663630536332,51.91737533419693,253.46179306413887,50.45902209447099,52.500716630086245,0.7785889906580162
0.775,0.0,76.89247077230159,342.98088936592245,224.60695409803836,210.1053039085248,112.64072472784471,167.9493440552896,117.36219223140738,34.73651091906488,264.4021801994914,0.7848004992614096
0.775,281.44826751477103,161.00496479889145,242.1282889649133,65.39533274607992,326.1488747082943,284.34552909212823,121.68498624903371,293.8651028463051,49.66734132613606,137.82687218002835,0.7505763623034478
0.775,260.3103672741014,115.92941315796074,301.5014041837054,238.2285742916336,300.2274545885622,104.03921693663077,177.07899372479716,288.33725836723414,77.7109253036863,62.423530161979606,0.7800163289897128
0.775,334.4405497641922,204.71257860394084,241.974868192525,100.28616210260556,234.614415928112,392.8641396129565,246.11512259125476,264.0562249857578,325.7000127002012,270.03659245059293,0.7432506499920859
0.8,0.0,0.133144360429391,2.618505755110802,2.5408382115269785,1.0873456101731334,0.0,2.529742848157875,0.0998582703220306,0.0,5.447823414234668,0.6996356406518467
0.8,12.587411732970471,10.778442382124377,28.11439866106546,35.42564978740135,33.46593299065155,10.024705152604858,0.0,36.782376800536,0.0,35.04878117264175,0.6539480749407497
0.8,0.0,20.81019242832116,0.0,0.0,23.39530950016165,102.75840360568291,10.986747555324587,34.123545348302365,11.116003408916525,63.723135820882845,0.716836795503978
0.8,67.83360551160163,0.0,76.11459111951193,66.07169368013146,51.97639902837008,49.33353128116482,49.33353128116482,82.10509134650987,0.0,61.66691410145603,0.818119397966457
0.8,0.0,0.0,79.11296675678948,72.97489174979764,115.25940846463192,113.66805568504176,84.34169731830181,119.12412235792398,33.41840837140186,62.06275840403321,0.5554853576353355
0.8,0.0,87.43215102354428,130.66249236296383,113.661796330608,81.11760678295518,51.48782226942007,113.17606215825542,184.57898549414904,0.0,3.643006292647678,0.7661051061449736
0.8,0.0,27.24494931399853,168.21881548918262,120.22771211039708,0.0,0.0,75.73596001964711,54.48989862799706,0.0,14.747266142439674,0.6122088176811413
0.8,87.16051394958146,66.8230606946796,82.93454963687472,43.58025697479073,261.7456646182883,0.0,123.34533337713567,83.19867240641867,33.27946896256722,150.2858558706422,0.6777810314497189
0.8,41.64824607698402,26.915533179002782,122.96148841776034,1.4166070094211989,284.454687491777,84.1464563596187,176.5092333738819,147.3271289798047,51.28117374104715,215.8909082357915,0.6758760200245967
0.8,163.54406826236706,274.4725243993407,206.10574176507248,297.5965832315199,228.89466930982908,213.47863008837527,232.2459821840579,208.4516607770321,43.902198652397246,144.776716166686,0.6726707476771713
0.8,0.0,219.89679952921932,237.61874554391,91.5031090146262,247.74557183801775,346.1204558379307,226.76857451450772,331.6535611320611,0.0,201.08983641158775,0.7794283508112826
0.8,196.43221060824047,228.55320102216533,439.81048412914055,301.4431408076138,140.42638116857327,177.07725484600198,222.37608748102576,382.56923198124656,95.12754853354951,221.1406647727989,0.8117501077791811
0.8250000000000001,0.0,0.0,4.832670336299149,1.938687518631647,0.4214538083981785,3.343533546625533,3.8773750372632514,5.516362069922835,0.0,1.9948813597513957,0.8039508754921074
0.8250000000000001,15.093558883760895,6.946467440822124,40.39242178551974,0.0,36.44751434999099,5.317049152233824,35.76144349163845,37.04782635104951,0.0,7.117985155410161,0.8185715067912563
0.8250000000000001,0.0,0.0,37.74275138885787,44.03320995366751,42.29123681264313,40.16215852916927,0.0,45.96873566591663,0.0,13.839008842581396,0.8427680870470821
0.8250000000000001,34.325914840411656,25.709693301522616,101.17111742437032,86.57912933431695,25.153808040949027,96.16815007920866,67.81800178996261,81.99307593458563,0.0,28.489119604389927,0.8122422199502585
0.8250000000000001,10.781224411817536,0.0,142.79621720958085,64.90737145890029,62.04704661494837,21.342423835638,68.42777126684145,75.02852090672862,0.0,69.74792119481889,0.8182860391249174
0.8250000000000001,0.0,97.67340663169324,194.1104410275423,140.9464348862409,105.09164004675854,50.44398722244433,114.98261793351227,204.2486933614646,0.0,216.36514127273816,0.7839049382953681
0.8250000000000001,0.0,104.41001110095216,160.709526890681,58.09086401940274,140.49288258436906,107.22498689043834,124.370748517311,51.18137799066258,0.0,76.26025320608771,0.8528387046016991
0.8250000000000001,45.8180230571447,57.07157257995296,115.48285343643064,50.37303119732943,0.0,0.0,170.14295111863763,78.77484665965295,0.0,87.61692128471651,0.7683696742742165
0.8250000000000001,117.30190295324194,154.4046946416167,222.6167501302407,148.4111667534938,98.75050710905522,32.250888159893066,189.50964370061536,192.93451677954167,2.568654809195344,112.73540551467318,0.7290972393392984
0.8250000000000001,0.0,78.7688570825457,220.60987871306943,33.10575152744734,46.519288784256965,44.80692232593974,182.6524222203934,69.92163038124436,95.32173284626803,238.875120935109,0.7751301451127306
0.8250000000000001,110.56062035407533,162.132027931375,252.20537678213876,125.04300193400172,68.52639089038527,183.67898589175343,317.9059371203425,147.29641753242473,92.192721764899,256.09089379138703,0.8155591838046619
0.8500000000000001,0.0,6.981479241920651,10.17301260965582,2.992062532251708,3.091797949993405,0.0,4.074904210590472,0.0,0.0,0.0,0.8307699236379601
0.8500000000000001,5.604257420739363,0.0,25.60376429475108,30.10914771142388,40.87811295127588,0.0,33.625544524437174,0.0,5.604257420739363,38.57047754273621,0.7391886013261659
0.8500000000000001,12.373455596992924,10.9020176341074,32.639169358554426,12.908523947133276,30.432012414225834,10.300065740199576,0.0,0.0,15.65074924160192,39.32752373530735,0.6715215729350646
0.8500000000000001,9.3655916860989,0.0,18.591398421658504,1.9569893075431009,9.924731488253526,9.225806735559608,47.526883183186506,11.881720795796626,0.0,52.41935645204394,0.7412353334819605
0.8500000000000001,31.19818543922623,0.0,199.5383943717173,30.114915111475327,103.12733520188586,36.61453707798075,78.21211766361604,193.0387724052109,0.0,142.77502919756935,0.7179860514024936
0.8500000000000001,51.49945229440751,0.0,0.2499973412358985,225.4976017939608,0.0,0.0,73.74921566432177,140.49850577406335,0.2499973412347616,173.4981548170826,0.7669067285683617
0.8500000000000001,0.0,37.22080886178498,0.0,135.96989359713103,0.0,0.0,79.25247056964999,108.62399320888088,0.0,195.72575000108384,0.6939292630600354
0.8500000000000001,70.62818695258504,40.47233184923419,77.24131307174088,69.30556172875387,116.39101969714268,91.52566548911652,137.28849823367537,170.61865387422054,0.0,27.24607961092252,0.7702877045398445
0.8500000000000001,79.63187958166377,6.168666728157798,179.73251694312182,220.67003250270915,102.06339495678024,0.0,181.4148805962553,210.0150626995283,0.0,0.5607878843786771,0.8082784800995814
0.8500000000000001,77.2685401223937,215.074243569025,181.00307627096095,270.4398904283772,317.896159164965,133.24260068349648,198.34286677086897,126.55004996423462,0.0,70.8801962540071,0.8081029387883395
0.8500000000000001,5.379250238366367,110.2746298865174,189.2823677625279,69.59404995886975,138.1794904980436,152.97242865355227,349.65126549383376,215.1700095346669,173.1446170474273,213.48899383517733,0.7629871175147199
0.8500000000000001,78.6863477800023,151.43410327472012,288.7640498718921,125.08160000877665,182.24055075462525,257.21527835632395,180.75590268330583,193.37541128953112,40.82782196132142,243.11112167877755,0.8109797711512089
0.875,0.0,0.0,0.0,2.4201054977178837,7.543039098027182,0.0,4.433090444417817,7.83707060709575,0.0,4.636650719926767,0.7591780414892381
0.875,0.6938292263926769,0.0,1.7753865498871055,0.4795584358890711,2.2651483567524835,6.336293376321179,5.826124827503094,2.2447416147997767,0.0,0.0714235968345662,0.6442061519066969
0.875,2.5350044662091213,2.720492597883076,10.32550599651072,0.3091468861230704,9.274406583692112,0.0,20.34186510689809,36.10835629917468,0.0,31.532982384553183,0.7660071097819021
0.875,0.0,85.16312807985108,0.0,5.56342042732706,46.21918508856231,43.22349716615499,32.09665631150152,0.0,0.0,1.7118216699471367,0.7041330582807395
0.875,0.0,0.0,0.0,14.592133086618936,52.18273679888589,44.41083982883893,140.21136574533446,108.01350686942595,0.0,69.47124230368404,0.8168146734416963
0.875,0.0,15.03740863756628,0.7395446870938279,79.87082620608521,157.0299885594938,101.31762213179276,78.88476662329381,70.99628996096487,35.25163008478375,100.0850476533038,0.6792198263610595
0.875,77.56462409813548,0.0,69.23553694665837,41.3851517839045,55.96105429899004,54.65963443157166,106.45614515482312,171.0065705787737,0.0,116.34693614720324,0.814675796299871
0.875,0.0,127.31025925272613,125.93838145905448,60.08824736281698,76.55078088687637,107.00646790638596,0.0,124.01775254791347,0.0,65.30138297876937,0.7619973069064581
0.875,161.69258492629413,83.65345539589588,180.7812928689822,23.580168635084856,68.49477555905553,125.48018309384254,68.21405926578096,127.7259134400416,0.0,72.42480366490322,0.769470459507851
0.875,85.65562374655846,45.561501992849806,251.80323434715015,164.3251505208794,51.63636892522978,215.9615194461078,154.90910677568934,36.145458247661125,0.0,131.21712573940826,0.7815970529331728
0.875,63.113208041859245,147.26415209767103,87.25487232016582,78.97773028188897,85.18558681059542,153.47200862637752,163.47355525596197,304.529850824925,0.0,192.78843330819137,0.7742302828570464
0.875,1.493971051700989,207.2884834234651,292.8183261333276,357.05908135645655,236.42091893162845,240.9028320867297,196.8306860615616,222.9751794663213,0.0,202.80657026836383,0.806100404412528
0.9,0.24806001631847,2.5950894014856494,1.583767796494937,0.0,0.2289784766016813,0.0,0.0,5.161556493396028,0.0,0.0763261588672415,0.9328934958558044
0.9,0.0,1.4468313769902703,1.508661777716349,7.988487773809386,6.158307912317441,0.0,2.5226803496240136,0.3709824043564709,0.0,0.0,0.8541271437405197
0.9,0.0,0.0,24.17831670861222,38.30310653838551,19.110009769693267,8.890308892857153,0.0,0.0,9.305743887850484,24.510664704606583,0.7746506730522527
0.9,0.0,0.0,95.64379306079395,31.78872077056876,50.94524245763594,17.074291068907662,38.45185874867946,50.66761170854826,0.0,15.9637680725563,0.8533005657215675
0.9,21.790083145251423,31.49657472813633,107.56377407155966,0.0,32.48703305292049,38.033599671711215,87.5565159109199,90.92407421518568,3.9618332991366234,95.08399917927896,0.8166769104385385
0.9,0.0,98.32517347795292,128.97516521048163,62.77118306821965,144.4227610436754,0.0,81.89677790931688,173.11115330532184,0.0,90.47877559442492,0.8756096508104042
0.9,0.0,81.78496087387326,92.65339421259382,0.0,68.19941920047131,27.171083346801417,155.96201841064038,92.65339421259256,22.0085775109089,182.0462584235695,0.7901426198404511
0.9,0.0,138.40827142331617,182.73154891251207,68.52433084219251,156.08319802943709,95.98844756862503,127.8033154596434,198.23109993634077,0.0,168.04776373204223,0.2
0.9,23.093948501011745,0.5773487125260813,174.64798553890137,119.51118349273608,100.17000162313794,52.5387328398012,104.21144261081656,12.124322963030645,0.0,116.3357655738472,0.7462075837299877
0.9,0.0,5.15005407474492,223.26999135802416,205.69921863242607,195.3991104829377,58.46826096621153,159.95462067440536,184.1901692614364,189.0372789788423,49.37993024607627,0.9216214609656732
0.9,0.0,0.0,161.02809848175542,176.5801079930709,120.528073712701,95.9040586531171,116.9640715330261,187.27211453210143,34.668021202308736,82.2960503307159,0.8029645207942347
0.9,289.83330127687293,128.16008747694022,197.39599680356343,130.36974415757678,93.17385670018948,128.89663970381852,141.41802756076123,339.1823004777621,0.0,292.0429579575095,0.7992385286417918
0.925,0.0,0.8505263032019393,1.9457245566400363,2.108839190130826,1.8525161946452844,3.0525738553274118,1.9690266471386977,3.238990579316915,0.0349531357479922,1.6777505159051642,0.9222610324862429
0.925,0.0,1.762370520121153,8.978563325481991,2.72691114261987,2.5363845999040824,0.0,1.8338179736395668,5.072769199808111,0.0,4.358294664623869,0.8354936323854438
0.925,7.238998018247201,35.31457141334099,51.35775621053695,23.1843585178998,12.325861490528778,13.499753061055156,21.325696864565995,47.83608149895736,0.0,0.0,0.8937794547373227
0.925,0.0,0.0,77.62913036324146,57.32612703747076,32.84309361521754,0.0,34.1866747176584,103.90360525541536,0.0,0.0,0.8558961911295351
0.925,0.0,14.774153945176488,51.89421573243308,133.15206243090375,58.72726193207687,3.508861561979584,73.50141587725336,0.0,10.157230837308834,49.49341571634157,0.8011022025584686
0.925,0.0,10.744868205057676,84.70954236080019,0.0,13.243674764373308,56.47302824053308,41.97995019650308,70.96610628456419,0.0,111.9465338573408,0.8768566190245626
0.925,88.83844565531969,7.085274806866998,169.50157422579522,0.2725105694958378,106.55163267248471,38.1514797292785,122.6297562726809,0.0,93.19861476723698,137.07281645590825,0.786039425613288
0.925,0.0,12.885200869579297,174.51043786407152,18.487462117222027,7.563052684317174,5.882374310024611,194.11835223082107,153.22184512302812,72.82939621935547,110.08443351618013,0.871715360556165
0.925,0.0,0.0,160.47582666767315,144.221369086233,53.19640663016772,30.440166016150723,224.31151462387416,78.02139639091293,18.91427791294879,47.2856947823713,0.7682652868439879
0.925,88.1411699156227,75.24246212309183,162.769407858117,228.4913951819608,203.615315867796,118.85237894545467,203.92242795809403,266.5732943789545,85.9913852835335,172.90410683796256,0.6706536051478579
0.925,31.064193844344416,101.29628427503312,247.16293363108176,214.74812266307143,190.0993601561461,143.84072367054674,87.11480447652912,189.0863973133952,0.0,210.02096273023628,0.826121487459213
0.925,174.57119115288253,180.85871286813395,318.07462794804684,75.08040636448149,220.0632600338231,167.17410678199604,227.83019862325352,201.57054910661108,117.24378727852356,259.63766141805786,0.8595226246580455
0.9500000000000001,0.0,0.0,1.8425179270207093,2.8607515182689887,2.7758987189982665,2.8122642043999573,3.5395739124344896,0.7030660511000169,0.375776682484469,1.0424772481827398,0.756999965802185
0.9500000000000001,3.866300906866336,0.7827480363594876,8.82370513714284,3.380048338824874,2.383823565276479,0.1304580060598966,4.755787311820304,4.0679178253225885,0.2846356495852633,3.84258126940092,0.5996263281319643
0.9500000000000001,0.0,0.0,69.44172869546298,0.0,32.55081032599815,9.19689561591703,42.4710572824932,49.807906594066814,0.0,38.75096467380732,0.6503134556817807
0.9500000000000001,0.0,60.12522991873761,67.90793734476694,42.11818136439533,0.0,45.47542770503452,98.27575651692128,82.25253534568414,0.0,50.51129721599504,0.6926939002122696
0.9500000000000001,0.0,113.54354297909948,63.62903602339976,0.0,52.94446105205152,88.34708259890587,102.06161166660588,47.04402412757615,21.05020740623717,11.322460044263948,0.6495813437221375
0.9500000000000001,0.0,60.03075164071373,115.59640605195248,3.22479244350983,0.0,29.271192948776765,109.89100403651236,128.99169774037517,0.0,247.81289623583635,0.6749216206625076
0.9500000000000001,14.210963593144951,18.856855537056983,234.48089928687983,0.0,39.900013165366175,116.42058635921958,42.63289077943361,174.63087953883,67.2287893060281,113.14113322234066,0.7543689764892827
0.9500000000000001,104.04443411679964,129.55395102146966,109.7769098257142,34.39485425348731,126.68771316701108,30.9553688281378,137.57941701394924,235.3181278509421,22.643279050212744,113.78964282195464,0.728255502157546
0.9500000000000001,70.02562016147672,114.7294758895627,139.11339719579024,160.99640349625165,87.21941082612497,0.0,226.0201936461946,117.23039089532884,0.0,77.84097955449865,0.7667007536039919
0.9500000000000001,0.0,37.53836887644715,190.17372001042543,50.87845037799323,223.36880653753005,192.03512673157124,106.10018310532762,116.95838897867836,0.0,207.23661495426447,0.7121218922267993
0.9500000000000001,43.86684916515768,118.02271323006823,108.97082371979786,83.5559031717295,162.58586158832304,0.0,177.90444383647534,70.3262185028717,0.0,99.91893420952748,0.6833471775309519
0.9500000000000001,115.6264154959352,110.94372577180174,188.7484165728048,95.09462209011554,349.40069480080206,225.4895205621668,180.4636578301063,222.6078653473158,40.34317300792701,275.198073018364,0.6767435008733523
0.9750000000000001,0.0,1.2569534120487431,4.223816420668182,6.465949534052374,0.0,0.0,4.359703276024778,3.680268999241696,1.7099095965707467,8.311745985979718,0.6639971565357352
0.9750000000000001,0.0,2.315615970674228,9.70733591647172,0.0,3.730080898573702,3.1939530629989066,6.798557234097713,6.661673531397729,1.1521044977245951,0.0,0.6578361677965343
0.9750000000000001,22.013350643761093,0.0,75.31611792582382,0.0,48.31861241932451,0.0,67.14764190078031,91.92996746828491,0.0,88.46874881360552,0.7410251383843576
0.9750000000000001,0.0,0.0,13.660032928285917,51.416977876131845,46.96595591073522,0.0,0.0,87.63908766349624,0.0,90.86224150050803,0.6801452528853709
0.9750000000000001,0.0,78.7237377406794,46.84137946182427,13.145806494125289,60.44048962816034,22.362981162418915,56.51185780233007,68.29775327982092,0.0,46.992480685894535,0.7677923478743813
0.9750000000000001,0.0,0.0,131.46017974558802,0.0,40.95867540580748,139.3085486856215,90.01098128102768,214.60383820408347,0.0,141.02537939125486,0.7568352182932528
0.9750000000000001,55.30476690205363,155.39290602723457,168.07253551209516,40.736681962001455,144.06217329608137,76.61733561065014,145.9506287512742,120.59136978155055,57.463001707986685,133.2709992664124,0.6923734947121396
0.9750000000000001,6.493289554828999,36.13656795730687,149.06334282388923,82.71886258977209,93.16458926493046,99.09324494542577,70.01460041728157,256.06146200997495,0.0,118.00847973557909,0.7326911868118273
0.9750000000000001,14.692887674887627,81.10473996538077,121.65710994806985,116.36767038511108,133.11756233448244,159.5647601492788,85.51260626784705,273.28771075290985,23.508620279820203,228.9151899747495,0.7103463929033211
0.9750000000000001,0.0,7.537410305858743,48.842418781965485,119.99557206927174,69.94716763836858,183.30981863848385,124.81951466502107,97.08184473946008,0.0,189.64124329540627,0.7206441672448837
0.9750000000000001,0.0,3.894064638666472,195.35224270639117,0.0,62.62953960520544,85.34491666408655,0.0,63.27855037831578,38.29163561354405,87.6164543699757,0.7774581978423989
0.9750000000000001,120.80193483049923,33.85304958376813,230.91343295033485,27.43878755737093,125.43445740511916,16.392002956350563,310.022664609245,302.8957068021359,8.196001478174471,219.8666483493161,0.7092561377136692
1.0,0.0,0.9036790422876108,0.3772640661977497,0.0,1.6055656770740925,0.0,4.553489543177307,1.886320330988669,0.0,1.5704713453347603,0.6593657632027403
1.0,0.0,1.56827296316702,4.449518639683119,0.747665017323825,0.0,0.0,1.2765012490894143,0.0,0.0,2.4709417035945016,0.7513962781190606
1.0,0.0,0.0,5.161248868909027,1.1519968106816183,0.0,0.4471566567777322,2.319151474135349,4.4412508622329945,0.0,1.4854695716683688,0.6842951858258842
1.0,9.02989732424574,25.07237448540584,41.018788909073606,28.62669577260873,13.544845986368395,11.04721481157713,19.40467297337922,56.48488964528149,0.0,40.53847522161373,0.7677838264515061
1.0,15.57301194023817,0.0,34.63903590445438,0.0,141.61252913879795,62.146505593285056,48.90216833570045,100.27855352171814,18.77493962888493,41.77060212007742,0.7193182338454096
1.0,0.0,20.04004959995572,77.16570822971214,88.91332351244527,28.562829314878734,50.445642096438895,0.0,166.77006793525868,0.0,43.07458937001905,0.7245823428269337
1.0,53.980030422428015,0.0,196.86834624650157,17.72873548187651,45.5125746698896,11.378143667471798,37.83894289415328,186.28402655582943,11.113535675205238,0.0,0.680413349958925
1.0,0.0,0.0,245.43098396469745,58.86930901586667,9.953747901233363,148.45304012696562,21.898245382714173,96.40915824337485,0.0,38.677420416220805,0.7223461794406095
1.0,0.0,0.0,149.2133932087392,23.82648993353104,127.17389002022138,139.98062835949486,153.08519782293718,155.7656779404597,0.0,168.27458515556296,0.7588320717204813
1.0,90.47873410928143,75.81493927088123,212.4690273393827,32.13555039053846,147.26193965372647,0.0,1.5599781742979557,122.9262801346792,0.0,234.6207174144134,0.7386448209277179
1.0,4.568540816642785,113.23454738392545,150.10919826111035,140.31946793973358,50.25394898306767,128.57179155408176,131.5087106504951,190.89974126684683,0.0,52.53821939138832,0.6836524270718239
1.0,92.36526841897796,84.52614969707297,68.1662497557035,67.82541850692529,146.89826822354075,110.08849335546024,134.96917451629415,192.5696555598624,86.57113718974377,205.8620742622249,0.6528426139913172
1.0,25.46598219042385,174.8410717551417,395.6729471676155,220.45178612604823,264.9222326376814,166.4791074538078,142.15339312265905,388.0711614391294,139.1126788312646,150.51535742399122,0.6228825085061392
1.0,89.33272117120853,127.3294442033068,152.39111258618098,204.5355516408689,210.1946380499033,50.12333676574654,409.4753237395239,189.5793947027016,0.0,290.2302886919826,0.6944129552537467
