frequency,541.9056119099308,542.0322590620387,542.1588905532153,542.2855063794093,542.4121065365694,542.5386910206441,542.6652598275822,542.7918129533322,542.9183503938427,543.0448721450625,Max_Oxygen_LifeTime
0.2,35.214620785295615,0.0,10.576829564487973,0.0,30.73502238151165,0.0,0.0,0.0,0.0,0.0,0.45973694591830416
0.2,0.0,143.47712211121635,166.4545096375847,0.0,100.3287455349816,95.9437479154464,0.0,68.23056295997954,0.0,0.0,0.971616363897645
0.2,150.1572120866307,147.3961883848963,267.606912629639,0.0,121.69742931490714,157.3783509988585,70.93707049071374,67.1141145960039,201.34234378801457,26.548304824368667,0.9117780783164717
0.2,292.9621095449149,335.5453784576067,344.1698379842283,179.76607825801176,343.3612949036074,316.40985888291533,102.14594251841882,289.7279372224313,303.2036552327783,148.77192683421512,0.9391676774955388
0.2,70.5863649099382,256.36757813014754,257.94199519133605,79.50806159000584,296.77761603397846,169.24983407773348,178.69633644486106,60.09025116868378,126.74057342565244,0.0,0.8415457954533347
0.2,185.20337510209455,89.03459635108365,398.9434798038965,96.45414604700936,167.79597004627294,175.7862543341916,96.45414604700744,252.26468966140524,242.2768343015074,17.12203775982326,0.8653322467273351
0.2,111.52997525512166,267.1678503286536,303.08428303793056,264.3323424831839,310.9606937197881,320.41238653801844,214.2383705465604,137.04954586434502,78.13399396404076,19.8485549182839,0.7316352996703497
0.2,244.6612378012481,431.0202231902844,565.3236260684163,400.13391090048174,227.65641418101936,510.4917458235979,178.72416662076975,94.39412295310574,217.93937211231852,74.61300159896085,0.6677301296999959
0.2,502.3054147615827,300.6920028733332,408.2191558803988,0.0,286.867083200996,160.52267841769105,273.81021462156485,361.36803921303454,246.160375276893,226.191046861292,0.7000370427067865
0.2,312.5428783233434,449.6230881142832,374.5453116749383,347.1292697167526,587.9686536879087,310.4339520188661,544.9465570765987,339.9589202815319,0.0,228.1858261443033,0.6751327152436368
0.2,472.0237764638416,489.3876714354073,773.150270839129,97.7861453661805,503.5529541753663,499.4404527347318,122.00420940546408,556.101583694574,402.1112519730714,33.81390073409728,0.5234310677705861
0.2,484.2066520783794,678.5061366703387,748.9268493399123,165.00035596301416,558.2255033515039,591.1227705840067,559.7675627530277,530.4684341240827,614.2536616068602,221.0285142183669,0.6944522570889506
0.2,407.2751793634496,620.8733033230812,894.2346329501792,467.5917480463506,791.3091120784372,433.8366041045417,380.7137546223539,463.7182069382749,507.9872481734307,515.180967374144,0.6630253734709786
0.2,832.1199147763624,579.4153853431943,1104.0781226425345,650.4133245648941,1021.6483118512384,589.6439020107266,401.3188598379109,1098.6630255832513,612.5076451499197,432.6060872915418,0.79822163316433
0.2,1015.6471532077836,809.6401646305455,1241.92784542278,666.4162582863693,649.4125068482477,943.7082048157304,503.5726387443615,763.8608338356008,588.5913959349693,298.21964060704966,0.7036243975064377
0.2,715.1466238961211,1252.2393240148228,1528.4793621386364,530.4981103491716,1331.37440124923,751.7832337268637,692.4319258010572,973.0683571045558,1007.5067703454584,570.0656489663726,0.7339582087744879
0.2,1322.259086429973,1026.437139619575,1827.7570285070683,778.564354517466,1415.719316878305,1349.0781090803598,793.192912326763,1544.9382441938365,1368.5828528261036,850.8944459079129,0.7500676178642665
0.2,1640.9697025503517,1737.4437948799875,1496.2585640558978,1591.8225234390295,1626.4075754062546,1752.0059220240846,1472.5951074467348,1626.4075754062546,1221.3984142110808,1128.5648536674616,0.6612667032813783
0.2,2217.025813597991,2230.8489961288183,2579.618524598909,1558.829660784013,1995.8548931047656,1738.5310336847576,1680.0483383620272,2340.371134642296,1973.5251367088172,1348.291957622178,0.5525249130712094
0.2,3152.646846884949,2257.0599377268127,2834.894420782124,1817.182024011522,1944.961469383828,2456.0792508730588,2181.2969037449966,2358.83117740387,1969.838883527112,1490.3832654929545,0.5601010204217014
0.225,163.4286634342995,174.5016218100244,221.254112729748,105.19310456938052,162.81349908009247,156.86691032275888,225.5602632091957,233.96750938335745,90.01905049894309,12.09823229940236,0.8247662403650454
0.225,215.81024705723783,282.2897254610751,237.63932951819837,179.097699281984,270.63101096488003,154.78803926863827,179.09769928198233,161.9817141705464,206.13599460294773,61.02220778859793,0.7810588398643363
0.225,217.28894712848853,241.94392741363976,404.5042369860764,284.7514756010491,350.58840097788493,273.1013200816896,183.9640836661385,218.1017486763509,134.11225539725874,102.68392887992024,0.8336496532846075
0.225,292.9621095449149,335.5453784576067,344.1698379842283,179.76607825801176,343.3612949036074,316.40985888291533,102.14594251841882,289.7279372224313,303.2036552327783,148.77192683421512,0.8326921862102807
0.225,442.510096634981,416.1007501321284,528.4940154814717,187.0150234911197,416.4078355565816,291.1169823802641,295.109092898137,289.5815552580064,323.6680373721516,43.29904484769754,0.6972630871582721
0.225,428.1864390788047,286.22439634507964,621.4125527997069,238.903715433838,468.60618735715576,250.7338856616484,206.37074730735765,441.0024568255995,235.28894119756336,156.74975551848647,0.8245197440059927
0.225,525.5100245045512,419.6469122607101,591.9339380693118,358.4123669431974,352.5310829296489,306.1727265875751,241.47860243856212,205.4989825909821,378.82388204903344,31.482167366630243,0.8684417707442
0.225,421.25831201667694,432.4027118054775,721.7856263213437,389.682512615074,372.9659129318718,455.805951361959,237.7471954944201,296.0695543891455,450.6052314605192,197.25587626177725,0.7852449718092277
0.225,393.0467347990178,604.7495590007519,606.3687010596556,440.0018545072412,385.3558100192192,441.6209965661448,455.3837040668302,384.5462389897687,688.5401605490483,342.8533309729817,0.7001181046785798
0.225,777.2376854550168,461.98510022183086,907.9630169903548,308.1382814761604,331.25976868649,416.1867697859788,453.0922205255496,851.9378749037818,339.26336041314494,464.6529641307129,0.8729390368811302
0.225,561.4772805662301,879.2677210897552,661.2321273673366,190.48425508211528,616.1049347668359,564.8024421262666,378.5933947641995,410.8949642045587,541.5263112060082,184.78397812204776,0.9409197834843136
0.225,618.9796776460283,581.4341538124022,1111.243212353569,674.2550321788689,598.1210532940145,738.9167676701107,532.4163865851671,430.7305928690984,670.083307308464,628.8875242132359,0.8786739544765398
0.225,451.5077999610552,715.9143527918467,853.1592795790169,518.1696215433972,438.62358234430064,720.9560031636174,870.524964192902,695.7477513047523,353.47570939879296,213.42986573841335,0.7488796733202973
0.25,66.36891023493467,133.37598306828195,233.40797036949317,91.41679222263848,199.5853526536137,129.5470074778053,105.7754506869267,119.49594655280342,93.01219871867048,45.788166436120136,0.8907084191471129
0.25,220.6351681403781,338.6943370575977,302.3088882765534,147.47719133593745,91.54424081613882,225.0865794274208,93.0925577855444,227.0219756391784,215.79667761098332,0.0,0.9102083319707164
0.25,124.35797307280004,224.4567203378386,355.6449608710768,118.46981146897528,205.6146032055952,219.98171751893068,230.1093554775108,265.2027986363132,412.64236519611046,148.14614595225484,0.9443221441693939
0.25,264.3970362488385,217.23007239869875,423.97859727514464,172.94553411717976,312.87419353925907,219.58842059120445,257.8460690474296,216.1819176464738,299.77225913644287,26.72794618174558,0.843301338754155
0.25,423.7376956949783,237.9856448813196,452.4955171479617,363.2875812121765,351.256247747152,257.9400516037982,137.62671695356244,270.85172654187346,284.64374295299746,0.0,0.8709211639441403
0.25,339.3844801371936,323.017439693815,597.8601943090125,231.30025079413832,344.0166613947519,539.4947104637622,398.3675881501152,306.03277508276307,242.7262978961178,260.3285866748431,0.8162583665516217
0.25,380.0774322419954,449.5716594543526,616.226062153184,316.1822659898753,467.3569119162842,419.6002154907285,214.08174259731052,344.5069273181344,267.10814345603114,282.258543701377,0.8839646218926953
0.25,683.3450289006295,213.3635808322705,939.599414738365,437.63160361508494,278.7902325355223,415.0957569172956,374.0223589035888,569.5753512166407,431.4524198431092,248.62127647235465,0.8620823431292292
0.25,444.04872059491566,676.9795406964577,1056.3685353100102,593.6230264795182,720.6053799127998,458.8503446147446,514.9407093214709,298.3695789260578,535.9745960864946,65.43875882451314,0.920458161603352
0.25,610.5522161072269,515.6804974441554,717.230193092812,450.7460766703234,384.9683517305935,471.8286808176688,343.64644760178635,549.4126640799154,321.72053928854587,118.06258322515302,0.8298172285604452
0.25,675.686088904887,521.7379123782973,898.400741977935,376.6628295996376,629.5460014156491,566.9906904927411,490.6820842605397,496.893249884093,528.3927326892463,150.3989390274159,0.8914172453042928
0.25,740.9048994616797,674.8978780764531,718.4242472507682,470.1804494324276,804.9986738502276,633.7630676479812,558.6681230285595,795.4324388668622,659.1135903539031,348.21095339451347,0.8738477512417712
0.25,589.6857110484351,948.5574879124076,1094.6880100023457,651.6491833127167,894.3394496811597,855.612279515982,841.6704982565191,803.4596903602127,500.3550385340921,363.0026750149269,0.9391192474088602
0.25,862.4030696390577,653.3521989607286,1173.5231643822626,440.480555189066,747.2340521113115,1098.19935197075,778.8918863132491,986.305282808719,787.6250819551676,329.13231075465325,0.9311141893419929
0.25,1124.65267406087,1022.5762498308576,1287.7333518248008,739.9030750400472,951.3039536229144,809.9673662275112,871.5756222716616,1015.9322222182506,970.0280314402564,462.0619203311293,0.8825515117549522
0.25,1013.0368770278534,896.221660584187,1162.4071537918874,1173.258840565342,1166.2371608883975,767.916422850982,860.4749276833935,1163.0454883079717,1013.0368770278534,570.6710573805271,0.9153880401320287
0.25,1294.826886538954,1087.7350087229383,1266.0082757101843,1303.5394898127672,989.2155717036696,1255.2850716808762,1198.988250527007,1310.2414923310844,1262.6572744510283,648.7538437731379,0.8366406301068983
0.25,1077.1171307809425,1398.0655882173075,1711.254852177186,831.6444644340094,1658.3512602920705,1105.332379786336,1081.3494181317476,1656.2351166166657,1010.10591439313,805.5453591040159,0.7023520808996986
0.25,1507.80255358238,1517.5983722713163,1749.6839227477694,1341.2736358703855,1406.830268634834,1601.2395933845823,1061.7160409782964,1496.4996858643692,1427.1754305272486,1192.8293065071985,0.755610973873429
0.275,236.0579900162988,185.19653332703064,216.79484695126055,173.70623746367556,263.0939802830177,232.67849123295773,136.86970072526918,125.7173547402474,259.03858174301007,131.46250267192497,0.7349682530279553
0.275,197.3520088984234,219.9182469221508,262.5889515488375,142.98789002307808,279.2059086390364,262.38380393043906,230.58592307882247,251.100684918576,247.20288016902276,35.2853903643743,0.7725901930008846
0.275,380.259150375188,316.33220884188984,370.8234394477644,229.9954538559612,349.8289826342446,210.18046090837012,249.5745540303639,312.32203169773493,317.7475654810037,69.5883680897521,0.7802447031227839
0.275,201.3673466645965,366.2917257029711,451.679992914775,237.54430722785384,327.1886874470981,311.494270732156,302.98204471727166,399.01059444768185,355.65144318436666,167.58444966802574,0.7744336608163489
0.275,343.8743973509735,364.2255366197849,661.112744776587,314.2455328272608,377.0946393927106,254.68852231999665,524.0418361719343,391.1608680049797,184.35737925865905,204.1099556078008,0.8173128926325012
0.275,406.60577369503545,525.8939028863222,481.9625219744787,460.15716502553306,436.1071389789022,399.5510993880232,512.1052212862543,343.43437194588586,362.9950597971463,221.58090664295503,0.7840962965634557
0.275,454.7151106609755,577.0320933159769,712.824675755009,431.91024948800896,653.0482972258683,419.8167625023417,233.57706292311389,376.28020935395153,344.1460867920447,115.06089046360384,0.80167380927598
0.275,370.18037544269305,638.0930207047193,625.8497008943564,503.0564051492636,378.8227188382416,499.0953310929687,512.0588461862901,445.4407825122658,375.2217424234294,279.43576978942343,0.7916037598162216
0.275,510.2716322597907,464.0914770590167,727.4328579559927,310.6664986233895,550.7269748323687,437.3756847941045,359.8998872258639,426.3077137129295,510.2716322597907,309.13988192253544,0.766825166377979
0.275,635.4991196390164,543.0934313901154,878.6940900758881,421.7059590995202,731.6850405890036,583.8359393907672,443.12727773903606,572.495241287494,342.74109823227803,210.43295369408,0.8298172285604452
0.275,616.0384654903598,607.7372379411983,676.3315919000544,663.6612972197587,784.6844567522605,542.2012309741381,520.7928020315651,626.0873198919757,320.68952742547856,162.09239056519357,0.8419934897076728
0.275,655.7185703455908,732.0725323124367,926.890823149057,300.7883350209144,664.510844753892,590.4706392102822,422.9546741678648,501.1596412733032,449.3314973927805,399.8171099354877,0.7573560230931569
0.275,374.3815574908788,932.7561537486284,1027.2124731155795,486.0564767424313,609.0464759181464,742.3676350246202,810.7500745663169,851.090794295955,593.7957160203591,366.5101975436326,0.8159663184531726
0.275,919.9431475566244,636.0036571293102,894.4613984157116,651.6047280319128,938.6644326397442,588.1603730280051,731.1701896351684,764.4524742273826,847.1381500111588,270.93859800848,0.8465959102028908
0.275,1179.2009120397047,597.213661334312,1245.7459658994296,627.6664825921542,643.4568343554769,693.0836541830689,703.2345946023472,1072.6160376372625,369.9453841693185,712.2576527528187,0.8661823154686811
0.275,1039.709912397652,917.355990444999,1370.3639258696944,738.3014705142922,1313.6633278916324,749.6415901099006,980.0250724207468,822.4570948817213,672.6481465396972,494.78732340852594,0.8753687785904483
0.275,1157.0190398989307,1128.342921453156,1373.960109879979,685.1098733022235,834.1010104443768,1267.359756527219,869.0110676827062,972.4944516391852,1120.862194902088,382.1404479838591,0.8164756490907241
0.275,1210.1026024970993,895.2791611970387,1464.5848842146447,905.1173937376674,690.6439243520016,1189.7702552464682,1259.9496473696076,1179.932022705844,811.9821256864016,813.2938900251492,0.8361569321063043
0.275,1271.863676421434,1061.6558233901774,1511.7978925076118,1453.05293694669,1280.3569230085525,1056.7014295476858,1315.0376799059602,1049.623724058423,930.7182718387198,419.7079355135832,0.7819711433974208
0.275,1256.824473161314,860.980049649509,1707.9544306831483,1044.5280225628087,1214.0703268602238,1256.0873327078484,1214.0703268602238,1028.3109325865323,1158.7847928501997,588.9752223201667,0.8320106428086772
0.275,1379.0505411175045,1103.084959326795,1766.957091296552,1081.318659917953,1559.399879076497,1190.9275247982,1194.0369961423196,1283.4342972857924,1127.1833622437323,670.0910746579963,0.8289673586522995
0.275,1294.282806353166,1455.763858681864,1605.0729723928291,1321.8725338867112,1392.469777869608,1750.3247732312063,1432.2314440208966,1318.626683588648,1665.9326654815368,727.8819293409293,0.8365105221819555
0.275,1555.7203160603506,2200.879152561519,2038.7360587318608,1368.829065804065,1678.6077134891443,1225.4604354704686,1461.8479985800195,1298.8515200459965,1714.449871072544,1327.0132152900946,0.773445122916722
0.30000000000000004,202.54166001596985,186.28654099480133,243.2513828742929,123.99922651545856,230.7363797341012,149.74848584987456,90.91358602989456,155.64636089295365,213.3304558264797,191.89671481626647,0.7407217240849905
0.30000000000000004,237.58018280420492,219.4661239226644,271.90155752712394,250.546035477308,153.30214042903728,253.9781729495992,220.80084405077773,160.92911258968695,169.12810766238408,271.13886031105807,0.867026873689901
0.30000000000000004,220.00744427339507,330.7961063234007,353.8957666293747,187.0399679143847,281.6812946048752,152.50261172875355,181.2089857012249,365.1091939623709,282.35410024485515,248.48954969920536,0.8479892845776956
0.30000000000000004,239.9439018736853,373.4999784721584,384.9258785613819,333.3823737144423,383.1485163252791,297.3273112106706,309.2610290816363,140.91943443375044,245.0220796911176,270.4129687782791,0.8758760872989872
0.30000000000000004,389.1297939288041,358.7658781904191,533.8742854583822,441.0137664526452,469.6089104004425,344.3209085673043,233.7726716557132,423.6208438452194,410.3550554158299,260.009453216064,0.797632544766235
0.30000000000000004,475.080636328054,500.6469648497952,630.0967295168398,203.5597549389279,501.29421367313125,488.9964860297612,370.2263269477476,514.2391901398353,315.2101769642533,150.4853514254375,0.7840962965634557
0.30000000000000004,590.3862142515383,548.9615112549947,668.520613399489,444.5577882555796,349.58407894643324,528.0807666551111,424.01382985891945,505.8528772423325,368.1073201237495,334.7654860045794,0.8105519957228438
0.30000000000000004,757.4155696690347,407.500580097965,670.1202158766729,578.0566284738013,659.8501742540408,567.4197996503617,257.85140216819804,591.2609677028983,442.71215137555873,426.20672733918434,0.77806321886658
0.30000000000000004,484.23306949201617,628.1837656310684,733.3337350480053,353.8626277057056,506.7374909908421,506.7374909908421,419.0478485988583,425.2559648743973,522.6457889469111,371.7109619978766,0.6703456165782044
0.30000000000000004,573.3432060633498,620.3317937637227,781.0822253702688,541.19311974204,468.64933522216194,710.1871632258419,523.4693542059312,518.1110064857156,268.3295666047743,356.9483942853046,0.7814791732500574
0.30000000000000004,630.461008653735,494.9292121505616,908.019735677801,546.4572753578369,620.5018031598888,451.6283186990675,488.8670870673505,580.6649811845158,436.90601492556107,385.8109606527969,0.804430205528871
0.30000000000000004,817.6392062329865,812.0675591717725,883.1060592022341,708.0634806958006,729.4214610971133,604.5237061415924,600.8092747674486,575.2725590702256,608.7024414375028,490.3049413867293,0.8523502692667881
0.30000000000000004,963.9343221125748,746.836503847468,1248.5625677182095,778.3507032730503,997.4494230889836,748.837405398301,401.1807609415052,709.3195997693997,885.899161630189,168.5759556574636,0.8192687141174579
0.30000000000000004,869.3283571305545,927.523916583013,1138.160941503865,743.6671491093148,718.431906514885,842.0330947324986,690.6216391659199,898.6836393322366,828.6429660089235,724.6119659257633,0.7077329333746215
0.30000000000000004,1059.3091359442392,713.7620534989621,1075.3425205697006,531.3131939678591,1078.659772561172,898.9752896896293,730.348313456335,970.2962075063366,850.3222604813376,692.1999155543766,0.7396000724320938
0.30000000000000004,960.4559793274872,751.282263321497,1388.1000209397228,753.6064157215666,887.8262168254056,1257.9474865359955,637.3987957182374,734.4321584210182,667.6127769191064,565.9311094161942,0.8241658209092182
0.30000000000000004,1068.2064451306678,1085.8980424515032,1433.6294380679965,830.8950189994108,942.5350986447024,1100.5393643721966,890.070361762215,666.7902024716277,720.4750495141745,821.1341377189433,0.8088869096929134
0.30000000000000004,1191.690834855148,1586.5592033774162,1350.7976652385091,944.9786241797308,915.3473926103554,928.874693978984,1121.4776991798958,1236.1376822092045,1060.9269216250966,941.7578381395796,0.7500953902929088
0.30000000000000004,1425.8492173514985,1200.966958239011,1531.7967862342782,1038.9697077537276,1268.6366957834964,1006.8436707376554,758.037767038737,1244.029518494592,1019.830792084578,634.3183478917482,0.8399572348441947
0.30000000000000004,1352.462529808182,1268.0230702751844,1539.946753517041,1123.4741649729328,1660.1656450555447,1484.8464282285574,1417.581096058202,1258.7204179537523,953.1640686267205,717.0198173903651,0.7962337857581046
0.30000000000000004,1467.6296341630884,1555.4938131743695,1913.65203439834,1281.47671252901,1437.8451667016318,1232.3323412176087,970.2290275568214,1395.4023005690635,1584.5336689492913,1086.388450656489,0.8213576247342389
0.30000000000000004,1436.464444668752,1395.71368028098,1755.4175428576111,1170.800807602352,1230.3596170921628,1548.5290467351049,1128.4827061227463,1835.3517345413052,1096.3522957400874,940.4022551022896,0.7957711616736298
0.30000000000000004,1479.8359857190885,1784.1013285772185,2023.28317563682,1017.7431655495232,1589.6643848791075,1824.7785134512983,1629.528026055708,1757.2543865603247,1636.036375635564,1291.093847903349,0.8035843122847343
0.30000000000000004,1942.121990082013,1606.9465445887097,2677.095396266553,1513.8901227036797,1517.336656847568,1469.0851788331086,1135.6330004117524,2106.693995452759,1800.8140901825236,642.7786178354804,0.7433503506397324
0.30000000000000004,1982.576033871059,2120.5340896842063,2182.660896275559,1523.0203909968027,2036.4801748841437,1967.957961731917,1617.124230392523,1883.9040469318545,1787.9729485187386,1342.1217482749234,0.7786844305942255
0.30000000000000004,1663.4427949334558,1803.961935144728,2222.6709948283165,1264.6722619014647,2089.747483817651,2086.8991228674213,1944.4810753559943,2171.400497724206,1641.6053609817038,1210.5534038471187,0.8174794864497246
0.30000000000000004,2092.714976673613,2026.7639402497464,2846.72234832553,2021.842221113641,2329.9418390340707,1397.768234654997,1567.0753729371486,2612.4485174467386,1622.198627261577,1517.8581815760588,0.8171196267616777
0.325,294.42101480780383,259.8852878432032,229.7650876138032,174.4133060404026,266.6662753294032,235.7575881830026,154.22804096520136,157.85508078340138,221.72252106040256,161.95521275180153,0.6904838691894314
0.325,250.30089560426643,236.07516124977948,303.0621635266054,149.8203921890288,231.39327399387224,323.7705110046549,170.8888848406101,220.40884620116776,247.7798793895476,101.92108410936238,0.7902560967884147
0.325,383.3383024512237,296.0055868271648,330.2142542375104,322.9700658447313,289.16385334509494,284.938076782641,220.94774597975984,164.00037611430307,169.433517408887,159.37214464113737,0.7698843571903901
0.325,271.98902932912307,325.23555888032746,530.3066524221268,128.79903769818287,425.49253794520615,301.4904848912758,239.36953374820447,282.78224477869185,279.9040539921397,99.53743136824068,0.8540364758011214
0.325,301.14798589847607,322.0487747536007,661.4658106685016,306.74115474703075,442.154716343608,547.8361698505032,485.4281805929493,336.4732628367146,434.79528364814297,199.88219200886127,0.911080856110562
0.325,581.7339201060472,315.01134838054537,426.1727604119501,379.8284982530853,399.9218147135707,450.4791916141528,509.78688374752727,561.3165178961955,242.0920547739371,290.0567456796164,0.8393893428768292
0.325,653.9218339349461,636.722793919122,803.3384940724098,312.0909136204596,657.8632806052381,610.2076072280602,430.6926270629049,448.9666070797182,557.5355471796037,160.52437348101515,0.853862127489083
0.325,723.3701446967623,603.5016993915481,595.1827536605862,356.9583986376072,636.7774823153932,363.0085409873975,665.515658476895,429.5601068350878,359.60533591564,338.0517037945117,0.7881536447098433
0.325,744.2175022044705,539.2939260794642,1050.994182502494,435.0060863485255,859.8674412057077,500.3381571527316,594.0754761326825,465.4402808225335,747.0580270220444,380.2245362953017,0.8422857745123126
0.325,541.5945406732378,506.1631221245204,564.7936837706122,546.2343692927144,697.2397007265263,622.5806402131595,474.9497295935071,476.636940000591,501.101490903277,223.55537893832795,0.8507270960130764
0.325,625.4035338060704,800.8602012802235,836.5846258432626,456.72998491983697,685.5471852856111,655.2492555929107,685.0949773797508,675.5986113566664,672.4331560156384,564.355466514803,0.7855066817485893
0.325,928.1138524322304,870.4399367980583,1154.4476221898528,586.4322514062668,739.5831534264137,715.8350705182228,872.8632105641982,886.4335436545924,846.2071991366432,687.240440077752,0.7770964449164884
0.325,754.9256725793049,801.4448700858658,996.623242232957,647.2236174825923,920.7767245592186,927.8557328754332,696.7766756961003,785.2642796488002,1051.2327349580542,579.4673950273799,0.7981384129485255
0.325,831.9964487219539,1228.4732759053827,1065.7033163404774,726.9658329216292,933.7276734500166,1126.192152665274,951.3244258354086,752.2611644756305,664.8273010607014,701.6705013676203,0.786338007417429
0.325,1061.6289415594013,943.0774126303746,1269.686874829836,1035.547605195014,1178.4021975544845,1132.7598589168126,847.6434318425117,985.7559630448228,573.1966423718251,823.3403684120601,0.8731201779845464
0.325,1796.4257374774768,937.956800983815,1470.8434445258074,1146.5329574059826,1470.8434445258074,964.0288205365832,855.9253248299735,1184.6871323612509,858.4689364936618,770.7143340965281,0.8598952948851466
0.325,1069.7994359416896,1494.4071377612674,1665.9724962187888,1022.7680056309432,965.1379431374836,886.9730307900414,1073.7739230102,1418.2294689480825,1200.9575092026505,1053.239073156213,0.7899872613901785
0.325,1219.8020482895463,1123.7217499653657,1538.677241278476,733.830684302045,1203.0924311896863,880.0398339257868,1105.619664773854,1419.6212194419977,1047.136004924358,946.1820682793866,0.9136288311130605
0.325,1337.763472241337,1714.4729200786924,1939.9053455561689,1659.597921771678,1559.4881275629316,1437.131712418904,870.5844326005124,1595.082721059372,1360.0100931766133,779.3732867658737,0.8563762312848724
0.325,1487.3262219510016,1660.5614901950282,2485.379861969536,1425.679437305604,1663.6828463796044,1732.3526824403018,1154.9017882935327,1690.9947129946556,1378.8590945369435,894.2685468813423,1.0
0.325,1674.8613866531894,1922.340904979552,1973.1700316391784,1657.3628348523318,1842.347525318506,2127.3239403609864,1655.6963061093911,1686.5270878537572,1835.6814103467489,1475.7112018720334,0.8517081958335102
0.325,1769.3703334358668,1901.0199118165133,2111.659237225544,1794.822585256126,1720.2211575070933,1614.023830946706,1892.243273257798,1863.2803660140623,1287.5328765627094,951.3876197641227,0.8584751997628941
0.35000000000000003,261.93682959486523,349.947604338738,389.9715519008344,349.5285054113872,351.62400004814594,207.4539690391325,373.6266937341145,260.6795328128096,306.7804148215056,129.71111801537563,0.8523549816245227
0.35000000000000003,310.8232435854105,431.76430884120265,511.76423527499526,346.1173287767898,397.4113992549264,351.2937946048576,222.11744280441147,339.0585117385143,264.23505113279094,135.529287134894,0.7463067162827757
0.35000000000000003,408.9184358942903,338.30623175790487,529.3280526492447,370.1871149687356,373.3488554524532,312.4853511408684,239.50184164169343,333.0366642850405,392.8462551020528,227.9087932013904,0.6192042971891081
0.35000000000000003,470.09769495111937,440.08549127583854,569.3904061758764,321.15862811398114,375.5732777682253,389.0366962393797,498.42697131750384,521.1464899875764,400.8171874016396,158.75614280568658,0.5540864987958815
0.35000000000000003,524.4184845508241,465.6636126226039,826.005992054724,294.39941147013013,461.91330164846136,422.5350364199716,348.77892059518354,568.4846384969899,328.4647361519173,210.95499229547465,0.7302500020489329
0.35000000000000003,631.9054108828216,558.3590086767314,655.9811389592542,458.758051429022,613.1065547135505,536.9217165538773,434.3525188583879,613.4363592077498,552.7523322753706,212.39409426332696,0.6804298684094228
0.35000000000000003,485.7951242372168,342.9346023344804,898.4262433252158,536.0737059748296,733.7205445295857,433.43604946218295,411.9376214088584,529.4854780230039,507.2935522905414,250.35266216935668,0.8338688810904584
0.35000000000000003,454.034788717458,437.8060879022104,998.8027683565172,358.5067543731678,554.3576664844347,396.1278335357812,646.5661938437851,581.2825564733653,423.0527235247142,151.22198486933962,0.7947853517880402
0.35000000000000003,509.1064334104303,572.5489274200365,999.4150908180133,535.7366160811304,522.0299044123873,625.0260520946504,422.5583397306558,677.894797102656,834.5429304597111,319.17057171499823,0.872504444314464
0.35000000000000003,650.8804881616039,639.1529117983332,1232.6520441824978,582.6092400468431,897.997275816267,398.7375963512517,474.96684271252207,743.4445730288606,739.6749949120938,366.0679193392788,0.8146116015808736
0.35000000000000003,525.9567550650627,715.2299311045618,880.8996287203148,717.011325702583,696.0799391758597,515.7137361264514,794.501990716399,696.5252878253635,834.5833691718244,289.92197082756337,0.8459107878036762
0.35000000000000003,651.900140566794,767.1664163383236,950.3489209876872,421.3675890237315,670.0749060411414,819.2992962515881,637.5516415080945,658.1178234922295,816.4295964398514,629.4208253748335,0.8494062754673287
0.35000000000000003,812.0760406594345,893.6496802878108,920.8408934972708,823.0571075324875,895.7413120731566,990.9105583062628,941.7572113507003,874.3020862733888,832.4694505665294,545.392988028196,0.794213019500791
0.35000000000000003,795.8634005887601,920.1654935625364,1282.071587264958,518.1087238110666,810.1636413733507,713.3620114468663,943.8158917832108,636.3607149144389,826.6639192017317,798.6134468934878,0.9166130334041646
0.35000000000000003,1214.339574712364,1377.5241524500766,1005.5864733799626,744.4911489996183,1033.9128529117925,987.112747598335,950.1652960350756,1165.0763059613528,1158.3026065080908,824.5439607200046,0.8443615931248561
0.35000000000000003,1052.8625841420956,1473.4718098680694,1687.1252222989424,1138.591853079874,1296.6551926839034,767.5448609585465,1014.6862690682382,1534.4199620035224,1211.5956836597,889.4411652294525,0.5672028010280062
0.35000000000000003,1403.0840996496524,1610.2845619893294,1858.351551503272,1430.3284510991623,1395.9145334787297,1323.5019151524052,1452.5541062290215,838.8392419980041,1351.4632232190058,800.8405412921078,0.5053471891170971
0.35000000000000003,1547.7289978500612,1973.8929465622548,1928.507255273411,1137.7192782406796,1791.5809324019858,1723.117770966268,1521.5745316836058,1598.4994321731738,1832.3511296614547,793.0957240474188,0.582362436670972
0.35000000000000003,1565.6401008086602,1904.4660922709024,2452.7481511825345,1822.6198138137909,1809.4188011594156,1360.584370910725,1898.3056196988628,1932.6282526002333,1504.0353750882543,1482.9137548412532,0.6153543183338227
0.35000000000000003,1714.4757876206002,2074.2222256635687,2872.291297427331,2170.7857432435308,2588.2809516039265,2589.2276527566696,2465.2098017471176,2268.295961976229,2086.529340649256,1600.8716492912308,0.6006659417228113
0.35000000000000003,2466.461957092879,2454.4694354214366,2785.2631581919964,2015.74301760792,2883.2020851754264,2175.643306560451,2345.5373635725223,2638.3547677168594,2038.728684144847,1742.9131495826496,0.6004280235961192
0.35000000000000003,1830.643099867468,2397.1927533148205,3374.1907106084286,2379.7268680447737,2588.225873456026,2255.2824354956347,2057.699608378158,2838.206356383665,2140.6625634109173,2320.779505258333,0.5690224900158267
0.375,376.3541404094714,357.09557465485653,506.05942061224295,302.3362792561912,342.2455962416584,328.78780330469783,235.04731457138973,510.0039461282483,335.7487306858854,272.40429151708923,0.45973694591830416
0.375,560.4469146954559,453.4953987011869,430.95169680043466,348.6409712558259,310.6312413068811,382.1943880383413,311.4176495127215,347.0681548441452,449.82549374059965,310.6312413068811,0.5843958185975948
0.375,424.1713085671951,373.4859519360008,600.2958439001698,544.2304773472302,433.5155363260184,592.0842498090823,357.6290805876946,451.9208334267314,372.919635102134,305.2447734548958,0.5565096326650063
0.375,514.5332578158747,461.9141187740777,750.8467565065678,484.9152993133069,623.8676365434343,524.6159670933426,488.3812306274363,652.2252563863188,588.2630694073706,323.59195087379084,0.45284481909635943
0.375,523.0584979072486,577.9762915415561,762.151818973686,571.2789996349335,569.6046766582766,329.5067618058456,416.9064211872729,416.5715565919447,604.4305945727162,321.4700115178966,0.5545697635220345
0.375,508.52213483678105,689.4597093554621,796.7089974774209,475.3259266085545,424.25483702666776,458.9102192429477,348.3777896478644,378.290856402969,623.4320863960243,294.388352089871,0.47333689335885143
0.375,868.6253065451366,752.9094407189218,932.5337422465404,542.2763124012747,688.2446921689796,673.1184351982332,709.043295503757,650.4290497421138,422.77888233237337,452.2750834253276,0.6010148331222689
0.375,666.9869745283443,668.6670424742589,870.2751959840842,624.1452419075065,653.5464309610219,578.7834073677926,647.6661931503165,664.466872609471,612.8047832725766,605.6644945024375,0.45973694591830416
0.375,660.0995777303009,758.7855611119084,890.3668722873822,487.2894557198438,755.7153305178143,773.2595053412105,510.096882990257,763.6102091883414,558.3433637546023,489.9210819433509,0.5700746016935583
0.375,930.1717772586396,810.058085635004,937.73799405383,553.7524916979523,975.5690780297774,819.9887451786893,667.7186321754931,649.275978737221,870.1149314468234,324.8744336434581,0.5375525654655853
0.375,939.3881444176848,1131.7929450815475,1442.007102301627,671.3589969688305,1134.3652017749166,920.8678962254412,959.9661979646214,796.8851236051462,632.2606952296469,811.2897610880003,0.5236081754723285
0.375,1278.3376843929566,1126.762582843601,1427.7396662068384,726.9085515162695,1071.348029588998,767.6545465564157,1115.353704232357,876.3105333301476,956.7159635427124,716.5862327727606,0.6013944016440795
0.375,888.8837197737355,927.812933778424,1309.4371983395415,714.2920933284644,1102.9943967995223,1010.9798909702596,1069.96354855312,976.7693695721985,1049.3192683991208,786.2521555795514,0.5569846167761031
0.375,1287.0930615465077,1025.5245644271397,1399.0141973331592,1173.2856144825528,902.285560976667,1465.6638624645352,1488.2995977921728,1216.6707738605205,494.2135546534222,682.8446823837334,0.6178536516632939
0.375,1620.7716199208642,1411.7935068105292,1741.938082896887,1087.7753249195891,1690.8847979350785,1242.2966007373268,1139.5093203475492,1145.6357145429718,893.772842064719,669.8190986989188,0.6236118095029126
0.375,1500.7553327342855,1862.1860025602812,2152.222959828057,1812.3591406706912,1944.7349827057255,1143.7867699431747,1615.2827466297613,1534.2211354959486,1396.6395019202112,914.7319421522136,0.6901408819186805
0.375,2111.0917452079166,1464.7728878288726,1831.778068149633,1394.1325102007645,1516.7382230955316,1476.9522632819976,1347.0389251153556,1339.7312998434809,1362.4661340226455,1329.9877994809808,0.7005711035186568
0.4,329.77911388451884,263.03256544667846,390.71150305076986,223.49628239987572,385.8276092626343,375.8272553155017,322.56955638774787,272.1026539103572,222.7985832872849,260.2417689963153,0.9743644205180163
0.4,454.5486458601932,401.08798008026304,384.3316519999872,377.4163419986032,422.0998835460061,407.73731662005406,350.81899583943374,248.9511600498193,339.3821369909932,125.80544733286716,0.7248558477265435
0.4,493.6300404970178,427.51353204256776,571.4141680904864,186.3827365028148,374.8596610562187,387.1256196382668,186.98107594583823,409.8625184732805,382.93724353708046,217.19721781868628,0.8291139271257634
0.4,544.3707369980206,633.2608335042536,752.9704890181197,349.0720578127966,617.3644293845258,500.5745215661182,376.6474527143629,731.5590059180788,538.8556580177072,348.4232249915801,0.8373113939085657
0.4,299.29107790103853,642.8036507638142,771.5766440923957,508.7240780398278,544.8088179286052,471.9317942316616,428.4178431893109,580.8935578173827,306.3665170949163,202.71133290460236,0.9038360119441948
0.4,631.4662295993231,416.7453058739458,691.2146605489934,384.6305242385014,616.9025495553409,406.6627581511896,424.2138597426542,588.5220448542482,451.1006536700083,361.4780072455016,0.8914680187822625
0.4,716.2092720276457,498.4075765993401,762.9098204004422,582.9516727914735,710.9755898824184,537.4588972214192,423.92825376341153,728.6895909893404,666.2879961808617,421.91529909216894,0.8359040809206278
0.4,699.0664347085988,709.572129406786,1254.5550418752914,622.0246735885522,784.4252041313753,567.7452509812439,580.001894795798,823.3838219704888,867.5952871586974,749.40622180408,0.8708120897313306
0.4,664.5723090605816,891.4215107110656,962.6256866818431,711.128885656858,978.6009825727206,910.1354287546656,695.6100267914304,656.3564426024135,946.1939537655104,455.5241514027856,0.8537678237425901
0.4,765.2639189707568,476.57740222347616,1081.3511898499823,837.6801977480434,844.041087100099,693.3369393743999,480.4917956708955,1006.9777143489893,470.70581205234726,270.0931478720306,0.8770497712764139
0.4,1151.6362998823606,996.8082367627824,1176.2556032052587,909.8200316885348,1030.1810701560455,1005.5617668331472,868.787859483696,905.990362282747,894.5013540653948,842.5272692726006,0.8785762174611224
0.4,1089.6841102362348,1538.3087546544757,1572.2334344149176,1193.7977826044832,1073.306678627744,1195.552507419675,1076.8161282581314,1078.570853073331,733.4749727516041,697.7955681759664,0.8372462050235656
0.4,1147.2820197714552,1171.9207856145651,1635.003230819675,818.765141863332,1057.5716415734685,809.2886934621342,1046.1999034920311,859.1979883750992,880.0461748577299,796.0216657004574,0.8939331446856179
0.4,1341.106922463247,1509.2517480893036,1597.0382032354391,794.805059284617,1309.3687425258,934.5881070942252,1222.2575678038645,1495.0708591810835,1228.3350916216746,772.5208052859787,0.8182358075795448
0.4,1172.4377583535418,1461.9374757795065,1764.43219299018,1885.7188576474416,1098.7994262401994,1273.5099789012572,1477.8202532941443,1724.0033047710929,1277.119701063678,1228.749424087267,0.8137164261077712
0.4,1766.1204926416112,1719.5824032439368,2368.788750341449,833.0318002183104,1428.719344508496,1958.477928818648,1878.5875420193147,1561.352899291857,1220.8492118655647,1151.817712592354,0.7949590313398263
0.4,1973.5700808923489,2103.64060586878,2114.4798162834827,1801.8102850901469,1991.913360055693,1941.886235064755,1827.657633002121,1735.107451768898,1591.6963601282228,1676.7424726128045,0.7857342037393725
0.42500000000000004,299.5744067816478,356.85266968678854,412.9944591215885,150.01449808489298,298.89252269944365,322.7584655765855,338.6690941613462,347.07899784186395,313.8939725079341,294.3466288180834,0.8050210241815935
0.42500000000000004,387.3861234456468,484.368866024162,534.4947779186775,328.8150850906451,440.781116550673,423.0735933270672,333.4462834722013,312.46967903808485,337.8050584195524,241.6395861436617,0.7768435192056238
0.42500000000000004,440.9646893123871,397.1892403402767,712.372472939469,401.56678523748855,727.8397982429474,369.4647893246071,476.568721143036,478.0279027754406,609.6460860182518,343.7831925943023,0.7826324058125824
0.42500000000000004,485.0105183035601,499.71749512753087,636.2366060804768,305.0099106536579,506.7512666520392,286.14661429247576,348.1716904631349,472.8612765794094,367.35470371179406,158.25985930142517,0.8461608306977746
0.42500000000000004,558.1430613909303,483.41705507526495,720.3445348154523,342.8188346614357,794.0080860650156,374.3383349557177,516.3531621243482,536.5398083802397,453.6683132244808,257.11412599607434,0.7824619773550663
0.42500000000000004,776.1365775348054,508.4641090874356,708.3666032037166,378.2246053450099,681.4857753964128,617.8804363594148,532.3161112263094,668.6132663055926,470.9823914406334,586.4563700494674,0.9110407803032047
0.42500000000000004,798.4237740008002,886.4674832184115,707.5658822967815,595.4006089099626,674.1977185293773,612.2857038284062,740.5320199946997,703.5456216019136,844.6567719917829,345.7424197586535,0.7947839548334689
0.42500000000000004,904.860693898322,705.3838992772083,940.9362844149064,490.6280310255442,1096.2735329921957,822.9478824900749,563.2036307706688,758.4362382721845,794.0874100768099,570.843167585947,0.852644416160131
0.42500000000000004,741.3222185281579,826.0707942172994,968.6853328769892,634.2474051574645,711.7057807873275,718.0847058391978,642.9045177278584,703.5043057206346,773.6724812912162,565.4461420979954,0.7565355482554537
0.42500000000000004,1120.8503368548606,900.6487378613535,1090.3608846865263,790.789918143715,950.9805319170098,864.3517709942917,418.6250178667764,963.563480430928,895.8091422790789,454.43802517560846,0.8616430387169728
0.42500000000000004,995.9150625650972,988.0649701118762,1176.9905284860215,727.4419006649969,1122.0398813134864,1013.7086054590596,1110.0030728852164,1159.196985592059,1072.8459686066474,949.8611868395394,0.8594104259235139
0.42500000000000004,1102.8173032032928,1211.8432374226647,1328.2897849658684,565.1082454302575,747.1986800688949,977.8085095172012,1139.3495534129238,1049.731377117418,668.9968319639027,804.8511374309724,0.8319714442634475
0.42500000000000004,1035.036096603054,1075.4815568610725,1270.9679481081882,1207.2357077016047,1072.4175068415277,928.4071559228069,1039.9385766343237,1070.5790768297989,1528.960959754062,686.9600143824869,0.8606791711072438
0.42500000000000004,1399.3698158899244,1566.2252760053505,1710.268466183123,762.5815950587853,1453.4674845992215,1267.0586502515196,1203.1842944260825,1336.7990183466409,886.4196318632036,776.2689570213772,0.8722505059127653
0.42500000000000004,1028.0277743570452,1593.75969125168,1993.430995724506,1426.2917855042656,1227.863426593456,1407.2933256085469,1284.155159617796,1637.3857843455453,1220.8269599654182,1063.9137541600603,0.8111144096326467
0.42500000000000004,1485.2118720715357,1792.626677576222,1782.1039213975737,1143.9739217069246,1561.126041646043,1386.7489392570762,1491.2248756021877,1588.184557533986,1727.9868896216924,1029.7268546244954,0.8369905623372914
0.42500000000000004,1847.8534814612085,1648.194771959491,2198.670809087699,1647.3864371032105,1412.9693287813575,1417.0110030627711,1342.6441962847998,1677.2948267856518,1247.2606832435006,1248.0690180997813,0.9003047343044643
0.42500000000000004,1875.6239223475632,1764.1572690306964,2377.662707365257,1441.1672814668689,1990.6013363988177,1709.7404776476594,1341.988290720364,2577.7760692254524,1772.056480683074,1199.8024809775936,0.8910419476384728
0.42500000000000004,2506.297369452587,2427.249029414187,3135.8941483466087,2246.83281803245,2312.8614314762804,1754.873148852323,2515.59717416298,1861.8209030219195,2031.077348751188,1818.1118208830392,0.8319100900187415
0.42500000000000004,2564.0158886358317,2488.121018332208,2499.402688242209,1869.6803859932525,2627.603482674,2458.378434024031,1359.95402733244,2301.460661639522,2624.5266636076367,1815.3232491541671,0.8515332226171272
0.42500000000000004,2476.729500968981,2595.6747687444167,3968.547719236649,1977.6040315187693,2928.0545357056994,3031.4368712488363,2383.351907575175,2215.494567069648,2985.859712568531,2192.1501687211926,0.833292264809196
0.45,20.83274598456971,74.02703912963968,88.79199502161703,114.68123275001216,50.16039809877149,150.0766749568063,133.0868626975468,63.30727663272543,0.0,0.0,0.8511489064454287
0.45,19.97874509378018,25.81523242454986,83.05770432245922,0.0,158.25859877657473,171.50293541177822,83.95562545026876,0.0,0.0,0.0,0.930240492867139
0.45,0.0,77.50707651255398,74.24362065939371,58.47025070245192,33.450422494891946,204.2379454769386,91.92067319734386,45.68838194424371,0.0,0.0,0.7871852803205086
0.45,0.0,141.86219950449475,197.04688403679123,91.30031577071108,164.1094283473543,78.00976347497348,114.99216986311248,28.025729841010484,186.64558224012748,44.494457685725685,0.8766407429783756
0.45,0.0,304.4591075384643,200.4076982588351,114.75766361064996,0.0,92.006873157228,0.0,0.0,89.3303095744747,0.0,0.8629169914369046
0.45,51.48441742456134,354.0435280428954,134.35317149835078,312.78546750402984,56.421279369386085,314.5486324843215,340.6434741926625,159.3901142185168,0.0,6.700026925112417,0.8997764060861648
0.45,0.0,300.43024509818304,364.00516148025406,228.32698627461855,67.45143567365693,261.27740025312545,206.6184782417197,207.3937821000369,99.62654579385102,0.0,0.9268319237168208
0.45,336.06067785139635,298.0239593383663,170.12026851432913,142.53319794443485,72.72954968425813,0.0,516.2126083911407,245.7757196226687,3.343887341806665,30.512971993970964,0.8323165618899174
0.45,0.0,637.7680005674181,14.72480232190516,159.67207517813537,270.5682426649648,263.2058415040096,234.67653700532784,66.72176052112442,0.0,0.0,0.7962666824138577
0.45,0.0,366.56615947691,139.09428243165289,287.72932791817544,312.83659911522386,378.6176496514879,0.0,0.0,234.50191298043563,0.0,0.8382227600851322
0.45,36.08949946178456,120.48340589550442,257.0682807816434,408.6441785211449,185.44450492671663,408.0889554524962,213.76088142750197,190.4415125445041,330.3577258425036,0.0,0.8352138456676882
0.45,263.13982164539635,516.5111116287914,692.3446815449746,741.7978730838979,487.81604987163473,500.02671444914336,665.4812194744433,155.68597336329168,394.4044658536639,531.1639091218003,0.8194193883673982
0.45,308.2092499378828,836.8508113945198,522.7017686312796,671.196589265157,24.419148282016927,311.50913484085504,598.5991213997082,157.73449836222213,704.1954382949167,0.0,0.8533218692787569
0.45,0.0,327.38570629020853,797.7908412082304,599.1904024027804,848.6271310048385,725.9422182956685,630.3699934780328,0.0,247.40327701019532,157.93140696814814,0.8158148264909361
0.45,57.9760773926607,85.4775500020095,773.0143652355097,817.6113478452436,448.1996752278906,515.0951491424997,645.9129647977466,216.29536565724777,220.0117808747228,0.0,0.726130259292322
0.45,11.105194804281364,792.4349721055838,490.2150277890445,782.1230055016076,654.4132652523585,852.7203153288307,817.8182745153763,191.96122447403093,367.2646567416263,76.14990722935921,0.7758196920968995
0.45,178.67363752876483,709.6850088759396,333.96941594161865,661.2594435644014,768.1296566657172,1430.2240237699814,1035.305189419016,1031.1305717197497,505.1287416117039,0.0,0.8019852126575849
0.45,0.0,647.9241365065885,1402.7511075874324,1147.1138944750778,805.0248238374483,1477.1182968564767,441.5551862849761,229.6086968681901,688.8260906045704,0.0,0.8691078051561709
0.45,0.0,1247.4086354954818,976.531543916606,688.9699937984449,1013.8262159455816,992.2345637182658,981.4387376046247,1169.87497522472,1004.9932673071368,403.3713211555021,0.7500379633126585
0.45,860.0968513573399,1327.5873041473517,1160.7028404511443,360.513232471922,1518.0067563135146,1005.5858709899268,800.1896079792223,1019.4929096312889,436.4670588977609,0.0,0.7778348447335088
0.45,1501.6762259034904,1065.3221681785694,2380.329219523993,1215.1330980786793,1475.518761952674,623.0232322829877,1123.581974250836,797.8026504998003,165.2676131437713,266.3305420446424,0.7778092804648814
0.45,699.787231354138,1723.6004569928923,2658.9191883942435,1797.1189598977974,1007.4757805487586,2280.435043809697,1328.7788673183657,1458.1169742807126,1861.1072865002225,1334.2246823483538,0.8031025678448216
0.45,1595.2190272264982,2493.512976483241,2119.092731434024,2757.809620047387,2065.6041249984164,2462.049090344644,2745.2240655919627,2534.4160284634063,2175.7277264834875,2241.8018873745195,0.729228648649962
0.45,2510.4940861439486,2647.629597040377,3203.48553454058,3653.2900102808494,3327.8217310866453,3481.4135032906506,1958.295095601001,2945.67077405528,2872.5318349105223,1115.3688219576202,0.7190216883293316
0.45,3101.276613981556,3526.451633640333,5010.395819900327,3415.9894961799505,3486.851999456418,3676.513405284584,3353.4637579948485,3832.827750747389,4814.48184025363,3015.824771795219,0.7524188488641564
0.45,4531.567815045526,4641.092112690134,5695.2634775194565,5697.545233720383,4355.8725875739765,4898.930563395114,3545.849136244072,6001.018808443985,4727.798848325446,2188.2041966911474,0.9187355494140683
0.45,3742.284670922269,3746.893395886481,6417.649512634558,7477.656254398258,3799.893732974644,5622.644456311774,4551.115902137609,3382.8041237154625,4131.721930396335,1806.6201859624543,0.7704084246972513
0.45,4517.812997425734,5205.78023135009,6022.135716675814,6957.189774051869,4319.174570729283,5079.814399786455,4813.348217632679,4372.467807160048,4527.5026767768,3606.9831384273034,0.7883502805622419
0.45,5706.097063915851,5165.085309981676,5669.706138763332,5026.79979440207,4825.436675224758,6300.482174740403,4830.288798578423,4148.565467387809,5781.30497589775,3362.5214840932754,0.7915159891606007
0.47500000000000003,0.0,96.5258687645037,60.93195465759383,0.0,87.27547300790482,45.84978766313806,51.27936778114095,49.8716988616599,0.0,0.0,0.768295111824054
0.47500000000000003,0.0,63.6422450454067,138.79656854612506,22.155320800789173,79.49850404989128,71.67897906137702,77.10920474784506,0.0,53.86783880976326,8.905570125806879,0.7754786713083507
0.47500000000000003,0.0,95.48180628304092,42.07245817748866,0.0,261.75619189466323,0.0,0.0,0.0,0.0,15.871645899291323,0.7255601761019314
0.47500000000000003,79.04089774915963,95.76108765763765,242.8987588522233,191.82617876814945,110.353253395941,131.02548819187336,0.0,185.4421062576428,0.0,0.0,0.717434999389859
0.47500000000000003,0.0,327.5371687552248,207.32765115021687,182.6779466974997,95.55981315229847,140.46954866203282,57.06575414395311,0.0,48.2864073525763,0.0,0.6477553245344658
0.47500000000000003,0.0,28.84776464742277,248.16028865372448,0.0,48.31131669869311,100.44583112174374,281.5263778844742,110.87273400635624,60.12847330125236,0.0,0.6307757807813782
0.47500000000000003,0.0,0.0,355.9638654511741,349.3719420168904,288.4935903002937,242.3501262603293,79.10308121137008,60.10283131256431,136.87935131183292,0.0,0.6686732873388289
0.47500000000000003,90.90348865809376,237.68343364731663,345.2664615087345,292.7259130182711,0.0,208.0772515614168,79.64479969585328,0.0,0.0,0.0,0.505916240766824
0.47500000000000003,0.0,418.0288034047008,460.0601147852804,121.98217541972927,62.13324291042548,234.82710923498743,572.4481865203101,47.5136563432696,91.82927812496573,0.0,0.6571459325435947
0.47500000000000003,33.65963941306031,447.4752063148385,404.90566235125846,208.887762239891,207.40277814813396,179.68307510208496,0.0,646.9580693069593,24.74973486254617,0.0,0.6287988106741926
0.47500000000000003,0.0,515.5480014238266,30.755644169875737,533.7928750839167,0.0,404.5149131495298,14.595898928074414,518.6756940512686,0.0,0.0,0.613993447100558
0.47500000000000003,124.93314038790656,278.31087970341616,233.1341637595782,489.1355541080061,0.0,556.621759406826,373.1262094620974,153.93547654939007,374.2416839298456,0.0,0.6615174224788783
0.47500000000000003,0.0,653.2088505598908,428.86804180595686,553.5018244470272,428.86804180595686,589.2940902311273,538.8014295714122,10.865509255893215,338.7482297424126,0.0,0.6553329998267687
0.47500000000000003,0.0,659.4315170762127,558.3458215573278,775.4426173025778,447.76214122458913,603.8004631664878,99.05041305877486,0.0,453.18956111822325,0.0,0.5574616460286904
0.47500000000000003,0.0,541.2339885142958,109.54402963272568,342.3250926022462,0.0,457.63459747878574,566.4579427060336,355.29741190086224,238.54653821335896,250.0774887010031,0.6074360417691748
0.47500000000000003,0.0,675.6414383364416,969.2683161944012,100.37245314532636,442.6874612603444,986.4964238238152,306.3606965405808,490.6265433596111,228.4596881292873,331.8283339058061,0.49595810599416723
0.47500000000000003,39.23958120930988,597.4026037172403,765.572237471424,359.5626931220376,365.9691553602864,341.1441141870543,444.4483177789061,95.29612579404088,777.5843541681496,0.0,0.6478371301940737
0.47500000000000003,318.05813579676465,681.309518771083,1021.5379267681576,1066.7311739457114,1314.0149792568657,584.9541049774164,335.9648941124032,572.1635633234026,1103.3973933539226,0.0,0.6524151794198672
0.47500000000000003,348.0547412330529,750.0858861867433,824.5360982151993,1002.2859794331456,335.0259541280736,754.7390244385073,1230.2897537703095,817.0910770123602,471.828218730372,321.9971670230837,0.6789738412873781
0.47500000000000003,882.2900838249473,1051.0672247170116,1375.4831661921555,1286.546708716102,929.7902372496492,1096.5460950172485,1224.8975734201997,1631.17548143582,385.05443520883097,29.30860530460505,0.6639153508761279
0.47500000000000003,218.8123049414849,579.2090424921861,327.1458480742921,328.2184574122274,927.8070773254282,1185.2333184330596,1016.833652375156,1415.8443260919914,1013.6158243613136,431.18895385528486,0.6366928133571066
0.47500000000000003,1328.065684638543,1445.5835244304517,1585.920362240197,1338.3342337465767,897.9275720021781,819.2020288406086,1461.556823042941,686.8518403371276,0.0,0.0,0.6403723637548756
0.47500000000000003,1294.4781398956832,2019.2308709151253,1537.3542779200372,2914.513656292075,1158.8292330203926,1541.229960973599,1240.2185771455695,799.682603388659,417.2818754354378,627.860654679945,0.6649098009257333
0.47500000000000003,1927.719698545636,1007.1537904931142,2767.7740667850044,2043.170208466432,1471.9940014899282,2026.460266241036,1307.932750549884,1845.6890730756315,2571.812017051056,1320.0854358046922,0.7172023645453496
0.47500000000000003,1707.1417266232006,2813.3167332359167,2833.128822906593,3209.558526649421,2933.84027873251,2966.860428183624,1589.920196071699,1786.3900853059051,1571.7591138735772,995.5575059514334,0.6435448894915344
0.5,59.92759871372313,119.25592144030956,0.0,24.170798147869057,49.34038960763258,91.28970870723695,0.0,0.0,0.0,0.0,0.5771860131308403
0.5,0.0,0.0,148.1972301785004,167.50777835327492,17.738759369849927,73.87407383140291,122.59952678403252,0.0,36.60022502893244,0.0,0.5991418852414753
0.5,9.68495934582407,1.424258727328879,99.6981109128855,7.121293636634679,57.54005258400769,0.0,156.38360826049782,77.47967476658609,29.62458152840247,0.0,0.5894693601588729
0.5,0.0,84.30974181579225,260.18768004078254,168.06114097054694,76.77211589186138,64.76774867967764,23.171220432817485,14.796080517342968,0.0,0.0,0.5698473637502038
0.5,0.0,22.34345949662952,0.0,69.6590207836033,0.0,79.51642938505509,100.2169874481068,22.014879209914707,171.1903293785731,0.0,0.5921104331555114
0.5,1.8562187605968763,341.1730081980182,224.23122628030947,360.848927060362,64.96765662094975,256.52943271472043,373.8424583845528,210.12396369976057,311.844751780558,0.0,0.6374798519739147
0.5,206.96305506617475,266.5317572623458,52.69539040430302,282.1876341215941,67.2057152982414,154.26766466187172,281.0420821562842,0.0,168.39613890071112,0.0,0.6196135578895886
0.5,220.63687488122488,432.88451497609424,273.48905403528704,166.52631050921488,221.47579835985997,360.3176340740888,149.32837919718156,148.90891745786402,0.0,69.63064872677317,0.6199085319224859
0.5,35.90561039372027,382.0725208562707,458.0266966891421,303.81670333149094,104.49453281249644,258.7045261701477,0.0,176.76608193832286,87.92271263078342,0.0,0.6051567315783566
0.5,27.492933165504034,0.0,560.4699708477065,158.20494874186411,156.75795225947033,94.05477135567892,115.27738643080984,422.52297285937743,146.14664472190486,0.0,0.6047136175888149
0.5,0.0,205.67387822323116,281.4484649370544,0.0,100.00183552708154,275.7782577679863,65.9805925127142,112.37319662322206,0.0,0.0,0.6579043391795402
0.5,0.0,216.61091384207748,639.9368114522255,289.1810677180989,221.00910498607496,420.57702814514334,221.55887887907463,142.3914382870507,400.785167997142,294.12903275510234,0.6250883396848459
0.5,0.0,388.0532243543269,242.0827390321923,197.63082169128705,0.0,575.4721190889169,130.35224409425214,321.3753483429793,36.04209514126992,0.0,0.7770423524060598
0.5,64.95543500438515,482.52608860400073,845.7462761795367,380.4532621685352,127.25962776368829,154.43486077572433,340.0218179311115,285.0085413457708,285.0085413457708,208.1225162385354,0.7057322453070973
0.5,26.30162186150657,265.78481038996654,1144.812698919279,775.2056969707324,0.0,76.82842175334214,422.90239361528273,614.6273740268,664.4620259749124,14.535106818195825,0.6298986828982335
0.5,472.0623013684802,350.548604448366,169.38272904017813,898.4649105609217,706.2523354327242,869.7434912888849,926.44988318495,247.4460737282539,576.6377253845924,128.8781634001317,0.6374671266490877
0.5,102.42027984159064,1053.8086605576443,829.7642984041546,764.1513066306302,1129.823712002571,716.9419588911435,188.0372325216761,429.6850802729327,62.41235802846843,235.24658026115375,0.6325658882583579
0.5,243.70512514587045,824.2722833432208,707.8261484612349,534.8204623508401,1285.8980323396688,1172.77892988287,909.1116101858008,0.0,496.5595894610505,0.0,0.7328332105264246
0.5,122.24046022642666,1082.959929117069,1448.775824905773,884.6587380830861,441.8766265962604,827.6131899774216,447.3095359396624,806.7870374944098,188.34085723775425,0.0,0.706178199770931
0.5,131.56375188626288,213.67446228337516,968.5331521839992,836.9694002977363,1323.102128898754,589.704192851909,669.0156744854758,630.7595480504758,0.0,326.5766890793833,0.6932682441140984
0.5,783.0999066293834,1740.6728494508077,936.2710023561136,590.3680643242272,1450.5607078756616,801.3587127424986,990.0330425780762,433.1394561279184,926.1272211821556,237.36447947055527,0.7299921681396336
0.5,1066.0931903267108,1066.0931903267233,1363.27357187893,1340.0736164417644,499.3514217903341,1875.882111061916,1496.9495055882817,29.828514133504083,1197.5596044706326,612.0369196279743,0.7315109697435289
0.5,325.1682877735103,1523.3427394606967,1358.402303633556,1888.5679902207892,843.5525146588157,1422.022186024008,752.8352749538889,367.5815427004917,865.9372880925058,524.2749567362694,0.6806139311435399
0.5,1134.008199282449,1840.192265341061,1919.723674722408,1966.3455353942427,1579.6583380572931,1101.0986505729204,1253.3053133544847,1121.6671185163873,1365.7462714453754,167.29020594008372,0.6914744845987428
0.5,1064.8869390035732,3030.345918410768,2314.6281389321102,2804.412932835816,2297.2486785032484,2717.5156306915965,3335.276451389528,1349.2781096573567,1872.2418734706748,259.11195548454646,0.7204795820487688
0.5,1510.5024953885102,2822.405421219014,3460.2155772996107,4109.4834008547205,2350.731443518654,4227.879298091243,3802.035990288914,2994.27043333654,2203.691377595903,2746.020971388983,0.7154714200900498
0.5,3928.9518189318414,4879.229753445761,4606.504247576287,4263.466697224857,3615.7436207849055,5901.950400456188,3383.500807192941,3330.2341068278374,4259.205361195651,2610.068317891281,0.676692372336098
0.5,2079.911531561439,4821.402065907551,4018.221943228677,4921.219248783815,3358.9642702783863,5626.903518420702,6782.925775918061,5313.523990785932,4231.784287987209,2569.7121266054905,0.7676858300884343
0.5,5813.902894815723,4866.787815110432,5074.342001343084,4730.804037923512,5725.632723659308,5716.09000245319,4353.866550282599,4041.342430782874,6856.445186582023,2705.361461929004,0.6923272355593874
0.5,3190.412349415285,5807.131431143627,6889.160505641842,4095.734214879112,5843.441131630138,5732.0913834714775,4981.690906750147,4216.766549834197,5337.525971518021,4132.043915365623,0.7323794447582878
0.5,4180.039896289037,6893.927660786621,7373.439744985537,6951.6699536482765,5764.18714827607,5897.245475305054,5224.422236743256,4679.636256265956,5297.227736438371,5206.848495437524,0.7448654596270493
0.525,126.53998765224884,18.95138660626585,105.41708799735042,144.701733149921,96.33621524851434,102.85075439441653,62.57905785610384,68.50136617056305,83.89936778815293,0.0,0.6844826571291516
0.525,0.0,52.24215246603281,302.44223692218947,70.51519234204352,39.59158639802317,57.86462627403385,0.0,0.0,0.0,0.0,0.7096115585150706
0.525,103.74275362935056,98.34714942167965,58.615882074268846,53.220277866592326,0.0,27.713785248502404,42.91957892467204,0.0,119.92956625236896,28.204294721926782,0.5986832906670423
0.525,0.0,281.88959891697607,168.4052176432451,272.92293175460566,0.0,174.85000966619194,58.00312820657566,167.56459259677058,0.0,0.0,0.6429969620006211
0.525,48.334468587467306,0.0,417.3102710439235,607.92507674098,77.60745660523051,102.11507448056769,185.16866839143125,0.0,0.0,0.0,0.5513533196828614
0.525,179.58890737724488,50.75338686748466,321.30797993798285,213.94504617984785,50.75338686748021,65.97940292772428,276.4107530936728,167.4861766626936,152.2601606024451,16.3972480648772,0.6085901832834727
0.525,78.87463773814545,302.7635834011171,51.35067561077288,297.8339185424827,474.0694372386537,311.80130230860954,0.0,287.9745888252186,284.27734018124164,145.83591873459312,0.6890026203265422
0.525,139.65233414938095,119.76656488539432,150.95106668573854,327.66324355436944,91.7457081952222,363.8191876707116,162.2497992220961,119.31461558394042,141.91208065665043,0.0,0.6227479308920082
0.525,137.15127498150042,0.0,344.0404863942844,145.05490777704807,223.6263161562796,0.0,0.0,339.8562102084066,240.36342089979104,218.9771203941937,0.6623467535729134
0.525,0.0,54.36258932694115,579.5351265862732,304.2310044902133,91.26930134706568,359.59107252039445,178.0499485295201,519.187665039858,1.9949574064970503,0.0,0.5779427154822109
0.525,5.856058807015329,467.9523355787164,618.0803886312692,586.1382496839157,223.06260364900763,293.3353093331855,639.375147929503,361.4785390875418,394.4854159998062,262.4579083507427,0.7088915425491977
0.525,0.0,515.2721895068594,443.3737444593944,202.6228905883217,318.0961508160743,509.2806524195633,456.4461890134738,616.0389496112671,412.8713738331923,346.4197806832579,0.6336890117933881
0.525,384.4598362677689,502.93744374628,821.0498198260824,205.5586489752183,364.3186429964202,389.198940566905,384.4598362677689,471.54087776447614,454.9540127174862,363.7262549590281,0.6247273154023415
0.525,0.0,612.0913666653221,516.8632318309988,677.2474589203719,432.2856120768339,642.7899101316415,0.0,0.0,290.0699107124269,146.60120757387816,0.6721763590688403
0.525,808.6266610803232,240.9264366917424,364.1589244248804,97.61674590096187,832.8577682188619,706.1636937516505,298.3887764774191,88.61662039237055,409.1595519678765,468.6988437939895,0.595333341804923
0.525,0.0,1001.9560463635972,614.1255650914129,0.0,173.9052251858364,130.24700965800943,844.0588335379571,600.3004635075977,416.2083213652697,42.93057860235557,0.5994085205632591
0.525,238.838298999593,989.8085571655492,588.0903690121296,607.667278766186,301.4844102126073,644.4718691038221,886.4424736640805,440.872007661559,685.1918413922854,7.047687511457096,0.676344249786825
0.525,67.40492024444663,174.2663791685832,789.9527848160772,960.93111909469,0.0,1273.2953836421368,1025.8700056716589,218.6549851832286,237.561243300567,0.0,0.6736461766935724
0.525,219.69261300321588,1978.1158166795572,1077.287873401311,937.002228953472,759.659999179793,1503.438604648505,1215.8089185479107,346.743762691827,0.0,26.46898951845564,0.6505298998228257
0.525,985.4870543738206,996.5599426252228,737.2698094051378,1378.574587298221,788.9432879116256,666.2187764587017,318.34553722750394,745.5744755936843,602.5496690132071,225.14872777828415,0.7097571973787657
0.525,5.913122998668069,148.81359546662537,1069.2897422601172,1459.555860172557,1347.2065231977629,849.518670809419,936.2444747899624,1115.6092057497283,640.5883248562901,0.0,0.8021413513444323
0.525,698.3221343517783,840.9224500752787,2139.004735852314,1507.7886324292217,1027.56109859571,1474.2356169648667,1607.3991470890153,1765.7274388114154,913.2711396702769,217.04606878500653,0.6226256484737404
0.525,321.3570569509,1559.0927179985783,742.6413966286095,744.9124712360215,1003.8149764826994,2101.879549173608,905.0232310596282,1320.6298842187628,492.82318981164383,135.12893914189465,0.7020267755814148
0.525,554.1830782402963,1788.048093246201,1969.4622847777712,2746.0641320876166,1056.1785123413902,2065.139632366342,2471.457718878851,1636.4554126513158,882.2196985439874,1129.4897267274291,0.6279617634785647
0.525,1816.377534866427,2052.935462103415,1369.545894529916,1047.2184264233774,2205.1072281622805,2905.097352033128,1648.9885922016558,1485.74978861123,1826.0611927065445,1774.876144123087,0.6148873443602293
0.525,1474.043830234426,3340.308701447289,2649.0994898869662,3472.1206906285474,2650.706953169663,2951.3025870342467,2189.364991035221,1154.1586369774614,2129.88884957538,1060.9257665809478,0.7082469390475477
0.525,3025.968703172491,3734.998501739172,4221.245713324507,3690.441984342881,5463.01648075954,4296.798068909455,2936.8556683799525,4227.057432984884,4939.961711325129,1425.8085566805105,0.7069329543685018
0.525,4527.154336939841,4192.520047439124,5187.897201559127,5552.371491397487,2798.565745951981,4186.125761652467,5514.005776677669,3348.4743236028744,3533.908611415383,3862.148615129469,0.781442815179121
0.525,3221.3045970138537,5494.895386316401,7032.912684962229,4890.756657313086,4722.427927476281,6027.552051964347,3943.0428496017794,4683.228086281419,5331.178402502516,3894.6195163610473,0.7077359158726267
0.525,4992.178136466481,6653.127123926386,6676.455059143498,5722.342508762747,6415.182184711605,4758.898784295149,6620.468014622376,4499.958703384996,4929.192711380226,2776.024290838835,0.7245972553169665
0.525,4895.020083296222,6468.336028046653,6265.252219154535,5522.945883204021,5866.087491332088,6132.197309880377,5282.513327848991,6085.511376801745,5231.158801462499,3144.297592846905,0.7066819105453669
0.55,0.0,48.14514238290696,202.49810822473083,164.63114230559114,0.0,21.818585124836,0.0,108.19133119754078,26.506876143397985,0.0,0.7547186591637212
0.55,0.0,235.47679572670165,160.05802279817135,32.626303022374096,47.75734210521399,89.13127709735518,76.83730784254794,29.78923319434414,185.11880627912416,0.0,0.7822958096089884
0.55,4.6722578462579945,193.52983815822043,299.76222708369966,66.39524307842485,95.65833169446942,102.54376431000898,7.62315753863529,0.0,123.9377870797262,22.86947261590028,0.760521017734464
0.55,71.48969639998491,111.4233939984166,62.274227723426186,117.56703978279118,102.76643857497908,130.69210123122377,245.18731812182767,158.61776388747165,0.0,13.683574701560156,0.7275260683593776
0.55,193.6843895856059,370.8036669040295,0.0,290.20802452712064,9.556795538762117,276.1913910702657,330.6651256412192,89.51531821308726,71.67596654072673,204.19686467824715,0.7550741242322543
0.55,87.47427973938943,257.9937617630092,223.2993216975996,367.9825185661238,253.1955945199205,400.8315096918813,208.16664039247016,230.31202766826573,267.59009624918656,0.0,0.78769981194939
0.55,7.089129733354138,75.06137364730002,397.4082726993048,153.04180071420976,11.259206047093818,458.2913868798823,180.5643043848888,416.1736161111262,105.919938368967,0.0,0.7463924986063925
0.55,0.0,246.91863834210108,237.5079461366838,37.64276882166403,130.8534344753015,379.5645856184274,314.5859965810367,86.48874264977528,285.0095353640175,0.0,0.715385123775848
0.55,74.37776430857167,474.2174654323824,207.97349383098745,635.7640745357129,200.86733800532312,210.81595616124343,331.1468614757565,8.527386990795017,345.3591731270797,98.53869411581525,0.8770753355450415
0.55,268.910837584081,533.4372593379907,704.9166340292884,203.63175744591464,367.8037724202546,371.2138736215045,398.9818405459502,230.9125670558968,328.83118726314353,66.2533947670933,0.7788062869413496
0.55,37.30080521747804,481.8020673924099,529.982274131648,300.9967754354683,123.29988391332527,216.5518969570145,123.81795065245645,54.91507434795476,640.848556305814,0.0,0.798056181217775
0.55,296.9540777773169,427.2559612464698,848.9195669792348,369.6546994553841,226.49039830473305,313.1719087670367,562.5909646779392,115.20252358216511,4.473884410960029,0.0,0.8247665812219611
0.55,146.68355199173848,859.5656146715929,440.6373901831886,346.1731827005016,826.7084990254401,90.35706802690878,0.0,414.8210850326394,389.5915140900567,290.43343294363825,0.7568465801904205
0.55,0.0,615.2750299845907,182.85282015606464,823.4554367163241,455.8965583620742,360.1459261857536,279.2211983464185,421.9205275898357,420.0672895477152,0.0,0.6882704295974433
0.55,0.0,292.3873274309743,615.3424209115447,425.2906580814068,762.8651179335276,561.516571998105,292.3873274309668,102.33556460084404,96.35491472157211,45.85164907439791,0.7149342895228463
0.55,190.09762343689303,699.9718692443932,661.6576195594383,426.61443399210646,343.35462217672114,1001.3281792664473,927.6469298723088,349.24912212825586,51.57687457590602,78.10212435779144,0.723875977737836
0.55,814.2817381925692,636.549089567846,987.3166075584932,585.656480930812,798.6224739965546,1017.069209530905,461.16533057252224,360.9460397180541,1014.7203199015144,59.50520394484101,0.7589343287949905
0.55,603.2309426281308,450.9908404180545,682.6249744258653,1143.437756921981,640.8817205940686,988.7421691923706,616.3268653988881,698.1763827161471,796.3958034968413,574.5836115670916,0.7950761179034961
0.55,789.16678479727,736.961705317855,1738.4291466647826,894.4470284141092,300.1792070066755,945.7820232355446,738.7018746338343,806.5684779570915,292.3484450847692,356.7347097760582,0.6859551590020895
0.55,556.2256835434223,1040.822940430234,739.2761072214699,991.3020528651545,456.2996068496119,1536.9161176446316,970.0788153372646,642.0029352186531,666.7633790011879,634.928522709343,0.720265329130749
0.55,1309.2905744402392,819.9790604888585,1105.7293391440662,1060.8120712618072,703.3853013051261,923.1932079629732,1451.6878704925111,868.7190745738594,1136.3113087660222,0.0,0.7386146682006182
0.55,1148.0650964979527,870.4673184155603,929.9525565760674,1336.435017339596,1166.9020885821217,1051.8972948051155,1730.0290098350133,815.9391834350804,872.4501596875756,0.0,0.693235862707171
0.55,308.47428137470035,1813.201369165233,1535.0516781629578,471.59966406777215,829.2206953564119,1284.0895509428472,665.049637133269,949.4733813160532,800.9874560441643,1125.1468703701184,0.7362281454001418
0.55,664.5033185145852,1100.2991592527487,1041.1310555493976,830.6291481432218,962.6195333276344,930.7597851796652,1833.073366655808,655.4005333294623,423.27951110860647,822.6642111062391,0.6985770905657197
0.55,383.3455048154214,2155.552998323142,1782.005461681922,2051.4495864723062,1305.579259211625,1212.4985615567632,1431.7280994544103,1263.9378944713014,1473.3694641947334,1052.056832704295,0.6914125404093763
0.55,1108.7239713035767,2570.914115276796,2315.4795764335177,2597.1479327796123,1235.750877106721,2581.959933172712,2108.370490884888,1449.763598840298,2089.0403095670194,1057.6370635349178,0.6851922592522638
0.55,2587.801523648848,2562.616107360318,3691.237574791108,2573.6347269865496,1542.6067476738858,3669.2003355386087,1947.1474968087823,2125.0194993466894,2978.175476121446,2864.841102822934,0.7312942415550547
0.55,2385.867163089595,3507.5535628882485,4176.180960813814,2846.233568218694,4877.691673391447,3852.828366735037,3766.966378476851,1843.2924713303364,3598.896103588463,3549.5711316103298,0.7652763977703027
0.55,4059.103616599624,4415.905730346119,5476.720616914919,4582.797041614607,4442.761803423785,6366.807610346949,4930.007700690485,2610.793961338422,2975.269238821372,2347.988103363871,0.7422715385036568
0.5750000000000001,0.0,113.75180191269077,18.24321351430113,266.8517114052418,0.0,91.2160675714955,0.0,95.15087832948416,74.2248392983747,30.58421089161824,0.7545151188916022
0.5750000000000001,144.43571032157683,179.98911593919695,307.63571805245226,132.58457511570347,48.392135423982005,168.3848793834429,44.19485837190022,5.678668952814559,16.789108208321547,77.27927748829624,0.71002523486195
0.5750000000000001,0.0,56.49847041281196,190.15920365793187,159.29429852500633,211.86926404803745,114.82790977418256,182.3121938783732,111.68910586236268,110.11970390644971,16.217153544417755,0.6806241568509906
0.5750000000000001,0.0,151.16050565841232,259.1705832831263,381.6534752793891,0.0,33.233870038370945,87.10490131025378,239.3374672924836,117.65862053908089,0.0,0.7390368063800046
0.5750000000000001,17.260887664598783,74.28346298515808,334.73792863850224,122.05913419967582,41.91929861403012,266.61906839070286,0.0,92.46904106035964,74.59169312202567,0.0,0.7804645558329799
0.5750000000000001,61.11663270721729,318.25368495100287,323.4709584747892,356.26524919573103,278.0061463389311,373.035056950762,214.6535392643744,198.62905629845935,0.0,0.0,0.7718783701433269
0.5750000000000001,0.0,562.8139067616239,494.48109247489367,463.0065840761525,0.0,511.87489974787337,90.28214251216404,87.79731290173969,253.0384819951083,59.63591065023571,0.7923070612509037
0.5750000000000001,383.7704007843244,39.57344660365983,480.863391870047,284.3766279193161,383.7704007843244,352.01961223022323,273.79303173462097,32.67110126581334,114.57893260826953,0.0,0.7432293464348967
0.5750000000000001,427.5808005476953,559.4835933772044,527.6111713180312,414.831831724026,122.58623868913244,293.22628294440017,432.48425009526176,138.27727724134385,106.40485518217054,0.0,0.7670041162583706
0.5750000000000001,114.74671776916968,630.8496680941798,687.9657473425052,686.4220695249843,301.01717441687885,370.9972354778914,436.34626308634665,163.62984865738295,119.37775122173868,0.0,0.9276278246134199
0.5750000000000001,332.4457866905745,716.4502091199221,872.7373237030514,266.3862846502872,402.80184170910064,101.50606411069262,358.76217368223627,131.04486583603034,519.3458412436044,133.7302114474219,0.746177758749922
0.5750000000000001,257.4652715583684,499.1673632254156,755.4649918288717,770.6443502427435,436.6984651375541,509.0923283421691,695.9152011282908,756.0488133063279,536.5319377826386,0.0,0.783075519802124
0.5750000000000001,188.5483311319606,507.7678158015888,693.9294591976972,378.2900061318507,784.6235931599059,467.19412429216857,605.0253410373725,655.742455424136,0.0,99.0475410376746,0.7042489496318506
0.5750000000000001,184.2109501996262,634.7809770392718,1132.6484100112475,814.6355872003973,311.78947989869926,842.0182960138523,306.1884712777625,146.24855843551927,503.4684415929124,0.0,0.7680139048691523
0.5750000000000001,142.88425088841507,638.3911025932091,1365.265571562275,205.15032352327924,437.8288054745997,764.8895448935028,838.2979673682868,202.5285941491822,227.4350232031264,389.3268120537598,0.764951400170067
0.5750000000000001,125.3095621458684,867.4206357430913,969.0606139280786,382.890328779052,557.6275515491278,998.9956759962477,915.4559678990048,847.2318729529256,681.544785226718,374.5363579693269,0.6694551278876831
0.5750000000000001,333.55466711597285,673.2155981608453,1222.0160687704242,680.8484280719589,839.6112902232716,860.219930983296,601.466996996307,450.3369647561253,214.4825205024948,131.2846744712686,0.723508339208052
0.5750000000000001,57.6976388516445,1109.8781917989547,950.408328861776,1242.903303595794,818.9859292552585,1190.0138013151156,1129.1107380828362,559.3465544228673,961.6273141940386,513.6692569986465,0.8459337956454407
0.5750000000000001,715.8697292719282,219.940996300632,985.06392165533,957.8897445062134,1245.7661836796228,497.6271190431142,859.3833523406832,706.5286058769293,560.4674037004473,531.5948404795125,0.7857244649703711
0.5750000000000001,44.78207772697318,115.02847416144814,857.0060365005307,481.1878155761141,796.4185195757865,410.94141914163913,563.72733138661,114.15039420601808,1510.297523341087,0.0,0.7830463034951205
0.5750000000000001,210.79908894284867,1471.8293531545362,1002.2367398398876,1308.0836322792768,1142.4557766813257,1008.824211369335,445.1248619194973,670.9810286439857,828.1392779897657,546.7601369455064,0.762213282618409
0.5750000000000001,640.7478559002402,1195.8029894308652,1551.2330310776567,1030.2602303076965,1167.563342286318,1306.8140161369747,1008.8370497152844,1030.2602303076965,1471.3829943241255,0.0,0.7243288304963786
0.5750000000000001,907.1769859788944,1993.2781525834,2021.5293389979656,575.4871306671213,856.9526545752163,1173.9937465609185,723.0211041654164,630.9431632586893,1413.6056609659645,964.7256990456016,0.8275743900595364
0.5750000000000001,30.619005090156925,1881.9752771487608,1704.822461984264,1385.5099803297312,1217.1054523338555,1380.0423008493506,1537.5114698844643,1380.0423008493506,1022.456062832128,523.8036942209459,0.7458130418508381
0.5750000000000001,1315.3394470266269,1619.956657030133,1996.935043356312,2391.4201658895863,1200.962103806918,408.4905114989531,2138.1560487602405,1433.2181374877655,1665.4741711685867,904.514704033396,0.8300370812706419
0.5750000000000001,2267.731129376523,1966.7940167052368,1735.110214481327,1324.626956193281,1838.3606046028483,982.1378572535692,1339.736769381798,2140.5568683731767,1869.8393820789247,948.1407775794094,0.8530364016124176
0.5750000000000001,499.9278900255912,2436.3574387323506,3396.6619616612547,1381.129898709957,2449.013841011468,2869.8392167925026,2126.275582893684,2398.388231894962,1714.9425088219868,1528.260575204824,0.7673747981534679
0.5750000000000001,2326.135802173704,2660.4953533362545,3600.6568869814296,2538.2563776424154,3784.0153505221474,4767.320052059264,3758.848502585185,2345.9097541241986,2602.971129480327,2685.662201273196,0.8293170210376367
0.5750000000000001,4191.0570531161575,4396.779958073307,6966.127728495437,5688.019467910657,4429.60808120476,6327.073598203035,4967.989300560683,4668.159109293363,4042.236228253557,2853.858170894757,0.7575764728344356
0.5750000000000001,4338.398949955301,5737.579563685481,6472.384147741761,4817.313119755552,5284.489197158749,6810.441208777225,5622.54625819424,5862.003343094366,6873.826907721373,5545.0748483736,0.777737700512724
0.6000000000000001,2.19134181741611,0.0,0.0,0.0,12.2715141775311,28.92571198989516,7.099947488429065,25.331911409332385,0.0,3.681454253259256,0.753035799880364
0.6000000000000001,23.60582762058544,0.0,0.0,37.56983832572087,54.69237526177922,0.0,56.02228104322089,73.14481797927994,0.0,0.0,0.8250563095997383
0.6000000000000001,18.290502849852924,0.0,0.0,0.0,0.0,101.37608494439895,61.098062711211945,50.97991219852717,0.0,0.0,0.7768435192056238
0.6000000000000001,0.0,0.0,0.0,33.89900053759704,116.57948965368831,6.614439129287545,0.0,88.88152579979828,0.0,0.0,0.7925087349256313
0.6000000000000001,0.2344806188276956,0.0,0.0,0.0,141.15733253454502,76.20620111914904,47.365085003286254,134.8263558261864,16.179162699142562,0.0,0.7809792497746779
0.6000000000000001,56.32344116427403,0.0,37.378283681745465,10.496641307887623,62.97984784732466,28.161720582137555,102.4062566623168,119.0472733699434,75.78062993011426,85.50922431303384,0.678009784312696
0.6000000000000001,35.06453721328998,0.0,0.0,0.0,184.77486566307425,92.08252381229173,193.92213624045576,203.3743158370814,19.209268212497943,141.17287591089743,0.7459878527544044
0.6000000000000001,73.05289461350009,0.0,42.497116578045954,29.150914677501984,0.0,0.0,76.56505300838047,270.78741224523225,68.13587286066904,0.0,0.8093385451053304
0.6000000000000001,27.21609777925297,33.73262823344046,120.36415074204682,29.132724383425188,202.39576940063628,37.94920676262032,116.53089753370077,210.0622758173284,5.366554491684478,34.499278875108054,0.7428407695517603
0.6000000000000001,205.4575363813513,138.30410036565695,0.0,49.56563134491755,319.7782667414023,193.865574211976,212.6525473830341,233.03841188779785,111.52267052606577,51.96396834547848,0.758836332431919
0.6000000000000001,225.5655411291605,154.31131011355336,0.0,443.6996593916623,417.908250619144,81.74565153324248,21.857126078407088,154.31131011355336,241.73981442718173,0.0,0.838123911579773
0.6000000000000001,164.66118141107088,24.82986068897057,0.0,465.2331792249275,441.274541718028,315.8184035000684,121.97124548968232,82.33059070553544,236.10148234074092,257.44645030143425,0.7430589179773803
0.6000000000000001,88.84052052739199,32.51379874971452,0.0,498.69756110479386,247.28804682882543,163.02693457603826,164.40075705842182,17.85969227097076,361.77325369402,96.62551459422568,0.6935750153376271
0.6000000000000001,234.1786346628694,190.0923734813975,265.4656587271387,628.1107103811783,404.361083739732,0.0,0.0,301.4931409829649,491.5855144643624,0.0,0.8148058900224419
0.6000000000000001,161.8224359171416,0.0,82.45729218707987,592.14642951846,150.48455824142064,223.15004698128212,0.0,191.7132043349584,492.16696274162496,80.39585988240255,0.7307335319298279
0.6000000000000001,23.952505645462253,29.94063205682782,387.5950913538514,764.3026801415839,182.36566798250067,551.4520049739482,0.0,255.31193517549957,753.4151775754626,228.6375538885081,0.8564790564542399
0.6000000000000001,335.5274530368126,254.294490722638,621.0201104453263,441.483490837912,449.1358713457692,483.2772613038993,200.13918251318825,149.51574223043744,745.8127771888438,392.0373398640649,0.7700590463593434
0.6000000000000001,301.8007617621212,482.7572760014209,475.3207069230922,426.9830079139663,257.18134729215694,472.8418505636493,306.7584744810069,158.02709291445692,609.1789503329875,713.9106315194301,0.7756482476235791
0.625,0.0,0.0,45.60977106687289,48.629233262937255,0.0,23.996778505566887,56.97248406785326,0.0,75.96331209047129,0.0,0.8005819309581614
0.625,88.03012188137583,17.541651343820362,75.31644797163388,69.68380763187504,0.0,0.0,154.17341272825934,0.0,69.0400773073312,38.62381947263313,0.8128980651751632
0.625,63.13897916190374,28.803582638813864,128.3762325557752,71.91358049558225,30.520352464968006,0.0,226.80436925529884,78.01765098857665,71.34132388686487,74.20260693045478,0.6954838140618056
0.625,86.77418454850486,0.0,78.8856223168225,137.21946408268312,81.16915348915173,31.1390614408509,175.2091190405217,70.78946634220142,155.48771346131684,0.0,0.7758876996063889
0.625,0.0,0.0,132.606298034002,76.91165285972126,54.48913337397204,0.0,169.25385676339957,69.43747969780485,284.9829895930756,60.99889709564121,0.7731224978831928
0.625,0.0,127.90278394158835,149.46778821081017,83.5334073416969,26.026729290439143,81.55041844337651,305.8760375657385,153.9295132320288,169.0498035817129,170.53704525545157,0.746866289718287
0.625,37.93861657822067,30.35089326257624,92.80369286057032,41.14880721176109,103.60160680975515,203.99302298596996,327.7312801333975,179.7706754783378,215.37460795943733,100.97508720049429,0.766066759742033
0.625,0.0,137.06989004647036,234.97695436537757,204.11133747839875,0.0,50.77891810438246,500.1557489104844,254.55836722915825,276.13111021468023,171.25439046968222,0.7246799131188612
0.625,44.89877124686088,0.0,0.0,68.8202477308444,237.74267397927895,46.738884822553,211.2450384893299,293.3141039651504,9.936613308732444,111.1428599717382,0.9046080528567414
0.625,0.0,0.0,0.0,253.90359078300568,287.2691267512841,196.9380415688705,0.0,293.3725784528005,0.0,6.917245261716811,0.6583114009953761
0.625,0.0,8.560266714331828,20.972653450114688,127.97598737926523,176.76950765095793,239.687468001302,67.19809370750909,273.0725081871959,0.0,208.0144811582712,0.776341465374525
0.625,143.07708673858463,143.07708673858463,149.82600592436714,258.7085687883213,405.3850790926571,230.36310820803743,0.0,274.006118942762,6.298991240064558,116.0814099954565,0.7272559392542147
0.625,0.0,10.232872719480616,97.21229083506782,226.0534609848941,218.146241156204,180.47066432539057,142.79508749457523,199.0758874517186,136.28325940035904,0.0,0.8304329400969626
0.625,207.59913915249055,107.4289251558344,124.36591786058288,218.2452488526181,446.6526933280861,264.7010002713591,8.710453391015085,375.0334098908632,0.0,214.8578503116688,0.8279309788321849
0.625,354.6738371372708,0.0,106.45333062706082,124.87794554328156,245.149737357508,341.8789656676733,533.2902428528679,347.5087091142966,186.2933285973565,319.35999188118035,0.7996387311804235
0.7000000000000001,43.628968286696185,0.0,65.06296724149736,21.814484143348093,13.316981599136602,12.429182825860696,110.72118986710886,14.965750749506332,68.23367714605406,13.443809995319349,0.7704524520487761
0.7000000000000001,0.0,23.157036163841926,59.04438016644481,0.0,47.89020567914928,22.429590001626725,102.93363195341176,64.25774432898561,56.61955962572853,13.336512973940506,0.773823689251259
0.7000000000000001,59.63436545392867,0.0,54.48892241697478,0.0,0.0,38.65678999557733,100.92984418640536,0.0,40.24000323771762,0.0,0.84300839117218
0.7000000000000001,0.0,58.14549931911344,109.38717945785704,16.10891142086222,55.69080805498135,0.0,184.56209942188156,23.16614880524089,127.64394573483452,0.0,0.7942752914371906
0.7000000000000001,16.09986636920494,62.82874680665449,111.52102558181242,44.96182193351172,82.07005051619304,32.19973273840988,163.55108153107344,41.42770492563809,113.87710358706286,0.0,0.8717930001868117
0.7000000000000001,0.0,76.18996711806525,158.80043708315867,59.92469323892756,0.0,38.95105060530241,129.48014074839625,129.90817427153308,62.706911139307024,63.13494466244163,0.8279783055038491
0.7000000000000001,58.9348801609493,45.58244637448445,0.0,127.30854972267475,8.97836064951937,38.90622948125141,190.84771739619796,174.50249672656037,137.4379822503385,74.5894577037005,0.8401205465089783
0.7000000000000001,161.22016024428422,118.464138017337,29.41178599051118,144.88027913844408,103.4859136703178,73.25713362451432,329.248604282669,5.718958387044632,287.5819074627791,80.61008012214211,0.7201082914806091
0.7000000000000001,122.3277717087458,176.6193108379078,265.27258359312174,44.67025371386792,0.0,52.91706978411997,375.23013119648766,226.44382459568368,312.6917759970754,370.4194884888415,0.855418467053237
0.7000000000000001,295.8733648481928,178.62111597440173,325.0150056501582,32.91291196457296,37.36986879310819,102.51000705632644,542.3773617495253,36.341340294216685,371.6416309333042,225.24774125754604,0.7429115474876461
0.7000000000000001,267.49077992839415,0.0,148.27483344220244,118.09829698788322,0.0,105.8041525064958,558.4521993212586,219.80440133391784,458.9813939718429,307.7261618674838,0.7909549954879447
0.7000000000000001,141.68580593258207,167.08606245831174,257.1775973230065,361.5567764834231,163.91103039259372,83.34459172504681,495.7018812599292,317.9000855798277,356.0004703684212,203.59893121404727,0.8064031178156387
0.7000000000000001,0.0,48.857818397635405,298.3353512776033,266.33996577826457,135.76420333502548,220.50873790083716,591.9146317377373,232.18272990735196,587.1585609202702,329.898366702625,0.7914147153271924
0.7000000000000001,574.9447425078471,321.484499457386,127.66196065409125,359.6899037407265,268.36966911225204,114.1502932855938,466.8514035598552,375.99708849581344,603.3658359381379,142.57138671588464,0.8611658390359279
0.7000000000000001,437.35482071465646,316.32908054064785,174.0069654862336,116.35092617586918,279.44999233311626,453.4569578193499,927.171442963965,149.07462416283423,344.8973883070464,360.9995254117397,0.8573277901726684
0.7000000000000001,646.6207490997926,68.12225283158388,222.74895370327167,536.3275778486552,224.3709121040243,26.49198721228026,642.2955266977875,475.2338114203345,420.6278785950157,145.43560326742778,0.7679619241896103
0.7000000000000001,38.32286530841336,251.04253796236023,69.42548063118477,218.8291149494885,359.90169159205584,445.9892875747223,719.2479793390601,482.6459413479895,722.5804024093611,276.0357109895872,0.8236562398212448
0.7000000000000001,323.1516139588174,106.5833393408025,449.577596262003,471.121037192588,382.6795428459666,356.0337080107638,873.0762903448705,431.43575126782486,950.7460642262035,417.82936752218825,0.7732702025463734
0.7000000000000001,502.6243392029507,446.9766445054819,363.8042836135658,520.5752084601995,125.0577224921612,443.984832962605,825.7399858334197,96.33633168056562,870.0187966679675,244.13182189857488,0.8459337956454407
0.7250000000000001,62.30456562121468,54.0328674016955,0.0,70.84309281555619,9.739257581045983,30.418503129843632,57.36822958698534,0.0,56.30091368769296,0.0,0.8020356857007725
0.7250000000000001,0.0,35.23672228159865,0.0,27.734710440999816,0.0,15.913358449754227,21.369367061098743,0.0,12.617019913734124,37.51005920299212,0.6749855313340757
0.7250000000000001,30.11454447198632,7.085775169879134,9.03436334159654,58.9890782892433,0.0,129.66968560878863,18.600159820932728,25.86307937005868,27.63452316252927,0.0,0.5876111218770907
0.7250000000000001,110.12453502908552,0.0,0.0,140.43404008296224,3.030950505387674,23.843477309050076,50.91996849051348,0.0,56.981869501288834,144.6773707905048,0.7126861321557894
0.7250000000000001,0.0,43.05901180614417,2.6911882378846483,23.996428454465583,0.0,70.19515987147568,54.27229613066201,0.0,86.79082067176078,0.0,0.6735959713104622
0.7250000000000001,141.9754678425164,87.71884966027471,59.75398478220378,28.203880817199533,0.0,173.76458774664923,68.35855859084091,0.0,124.76632022524214,70.50970204300046,0.7093027214920566
0.7250000000000001,148.19947738815668,6.4868458116025804,0.0,0.0,0.0,116.01474239981944,0.0,0.0,93.80977019856458,0.0,0.7076553032122223
0.7250000000000001,73.86569332660625,0.0,144.84600800764068,64.05540593166492,0.0,175.1424837861311,119.45467592661964,0.0,13.27274176962542,7.790522343039868,0.6613017649307141
0.7250000000000001,136.3935632403414,112.6304842032408,68.03402080484825,81.05488603065498,157.87799086292466,297.85229204036307,68.68506406613807,0.0,164.3884234758288,0.0,0.6970407997558266
0.7250000000000001,94.29724018807754,91.73878793491166,209.79308475952016,212.7170301917076,92.835267471983,498.53269618812766,57.01693592767405,0.0,221.85435966729813,140.34938074504498,0.6985305504869367
0.7250000000000001,164.69297636267612,117.75345484407438,338.6929268195563,151.74414284030252,165.90692950539744,625.9951705971959,155.79065331604392,78.09765218180976,38.44184951954331,95.90229827507046,0.6602958514466247
0.7250000000000001,179.0689500281387,42.081203256613,171.45851965194362,233.68497978672016,303.52187029769385,368.88203705796616,255.17325379009765,0.0,459.7595291972473,47.90094413252629,0.6377398121811124
0.7250000000000001,101.96852533744686,219.47511167869428,67.97901689163123,160.23625410170223,61.18111520246768,776.9030501900713,456.43054198666687,0.0,256.3780065627244,112.1653778711911,0.6936772724121366
0.7250000000000001,324.09006967146166,355.6341580853234,257.4404635066877,60.035523110253415,253.370258550057,535.7407274160882,140.42207100364635,65.12327930604003,467.5647943925781,276.7739370506667,0.6921076263184149
0.7250000000000001,355.15290544507246,230.9809266524254,90.49822183193102,399.3497114560129,24.729165268026318,373.0420888304544,178.36568140130353,0.0,254.65778701543024,133.64272293784998,0.7118807359594138
0.75,10.42323725505642,0.0,4.663027193051597,7.063114718886602,0.0,36.96134789786394,0.2057217879288661,0.0,26.12666706695041,6.583097213719664,0.7229381342830489
0.75,0.0,37.65337349812752,22.701164311914763,0.0,0.0,51.07761970180797,17.571574299126077,0.0,18.00813515127838,0.0,0.646684923867422
0.75,0.0,0.0,0.0,10.969257710157828,0.0,24.297495573038372,0.0,0.0,40.81035664209419,0.0,0.7994628714863492
0.75,43.39813147734351,97.2925552189744,0.0,51.27035067555858,0.0,184.0888181736624,169.15178687448346,0.0,90.6314466666385,71.25367633256901,0.6721010296906184
0.75,83.2137153100402,113.83449257300283,32.490748393526815,0.0,0.0,105.41962248547098,107.28959361603408,0.0,43.94432156822345,31.789509219565375,0.7468765154257375
0.75,64.09247550831057,69.41336026749065,0.0,0.0,0.4837167962886965,143.18017170158504,222.99344308929253,0.0,178.9752146269805,112.46415513722422,0.746614055601163
0.75,0.0,31.664192529536457,81.59618844149779,97.428284706266,11.691394164751255,66.73837502379244,46.27843523547636,0.0,58.21340011199416,54.55983943550919,0.7845071188452574
0.75,34.57318361569015,27.18349551462513,45.65771576728467,170.4906611888182,0.0,180.7834410438709,64.13193601994301,0.0,0.0,32.72576159042359,0.7869996350364286
0.75,148.73607313195333,31.24959920348138,49.27821412856663,118.6883815901446,67.30682905365188,345.2479758153829,120.19076616723504,0.0,141.82510407733815,165.86325731078378,0.8176575841878275
0.75,322.11104972026806,0.0,147.22253499484708,156.44452823837122,0.0,249.6525313782856,134.04825893266846,0.0,168.9600904974415,67.51816481866547,0.7769358346201123
0.75,337.3963039189373,24.83003102433636,216.53247643282492,284.4499142346869,151.1710712364072,264.3668009061804,207.40378855623032,98.58982906722186,335.5705663436184,125.2455976668788,0.8799640978999367
0.75,420.7227758452983,209.3021664326056,287.26086809981115,289.3793110798963,122.4460042490346,305.903166324578,173.28863577112494,0.0,322.4270215692577,86.00878499153691,0.7443127844862479
0.75,311.46107179764147,103.21144021446688,45.668778855958976,296.39037477517206,126.50251743100551,486.3724948159632,153.903784744583,0.0,256.6585371704907,192.72224677214604,0.8359850344379479
0.75,400.5812853425953,527.5218421327737,194.6022686641903,515.5463179072851,299.98688184848976,625.7211407817811,413.7543619906317,82.03234094459606,432.9152007514152,234.7202748195761,0.6980231980787931
0.775,0.0,0.0,0.0,6.715556354202301,0.0,42.77169820831412,32.778310776465034,0.0,0.0,15.189948896410623,0.794170412386412
0.775,24.69389996727288,1.411079998129665,0.0,12.6213266499394,0.0,33.78752662188758,0.0,0.0,0.0,0.0,0.8575612771594665
0.775,15.773087777652051,0.0,0.0,16.751263763862696,20.05260771732506,3.1790719551855515,0.0,0.0,18.463071739732563,17.851711748350148,0.6707376020304907
0.775,70.43333942823737,0.0,0.0,0.0,0.0,181.26538105104893,13.11371484850116,0.0,98.775884423384,11.6331341397989,0.7658008913483078
0.775,129.76264422734425,0.0,0.0,0.0,0.0,205.53313928317,26.542359046502728,0.0,0.0,0.0,0.8166201009526989
0.775,84.02598354895505,75.43769241273533,95.86389835833792,89.36465101200953,36.674324311421465,223.5276855183516,64.29612553331658,0.0,99.8098699614652,55.70783439709685,0.5921036160172103
0.775,13.9754842020569,66.19966200974004,51.48862600757559,55.656752874855066,5.39404653412652,44.86865980660203,93.41507861374404,0.0,20.350266469661275,48.05605094040366,0.7807649968566576
0.775,1.0518543881475235,33.13341322663923,0.7888907911109417,31.81859524145512,35.23712200293428,160.4077941924609,8.151871508141216,0.0,38.129721570339065,3.944453955552317,0.7010994317369557
0.775,105.8764452040078,105.58477455606182,29.750406090383,69.12594356294636,0.0,131.25179157521563,0.0,0.0,130.6684502793263,0.0,0.7785889906580162
0.775,0.0,198.30163514961745,113.31522008549742,216.5130098062153,0.0,217.86200052151915,75.54348005699777,31.026786451980488,49.23816110857992,0.0,0.7848004992614096
0.775,383.26631723335146,115.0626740722141,0.0,45.114501704572085,0.0,393.613680009628,150.24370751156235,0.0,92.71237047545436,64.5675437239765,0.7505763623034478
0.775,146.50420344137797,207.6537840082144,253.9406192983893,199.160786707263,63.27282989207377,347.3635896088332,108.71036545215254,0.0,336.32269311759933,117.203362753102,0.7800163289897128
0.775,131.10805595982728,199.65226767215844,35.4221765224809,248.87529219040857,7.820480530936229,358.36201962352834,62.10381598097082,0.0,385.9637156150709,148.5891300878051,0.7432506499920859
0.8,2.4520753045741017,0.0,0.1220489970602877,0.0,0.0,8.865195331921615,0.0,0.0,2.563028938265236,0.0,0.6996356406518467
0.8,0.0,0.0,7.838867186999515,10.250826321460746,3.01494891807671,30.375610349622995,14.170259914960676,0.0,35.72714467920908,16.657592772373757,0.6539480749407497
0.8,16.803260966967017,0.0,47.1783865610997,0.0,28.56554364384381,48.60020095061218,14.605911455902335,0.0,0.0,48.729456804204105,0.716836795503978
0.8,0.0,12.15719163714435,35.06204544625659,89.32892985553742,0.0,110.29568065003264,54.09069322613477,0.0,0.0,0.0,0.818119397966457
0.8,69.79218619061626,0.0,0.0,0.0,34.3277528168824,200.5104502284143,0.0,0.0,58.65271673348196,0.0,0.5554853576353355
0.8,30.358385772063983,105.64718248678268,0.0,59.7453031994217,0.0,211.2943649735653,0.0,0.0,184.33611840797275,0.0,0.7661051061449736
0.8,0.0,33.24383723634587,9.498239210385185,85.984060220324,60.48878655034439,155.4711786541928,33.99369822663985,0.0,0.0,0.0,0.6122088176811413
0.8,84.51928625413959,9.244296934046517,0.0,4.754209851794632,50.71157175248327,227.14558180800012,0.0,0.0,102.47963458314474,15.583243403107229,0.6777810314497189
0.8,154.97680683067995,0.0,90.37952720107276,96.04595523875626,98.87916925759994,155.5434496344479,10.199570467832377,7.932999252759229,172.25941234561833,51.28117374104715,0.6758760200245967
0.8,156.50631122648684,130.701202094924,223.1974374236407,0.0,52.95074341281445,306.6451279919371,266.7645047886138,0.0,197.39232829207785,80.09637769406912,0.6726707476771713
0.8,222.06683373509944,194.57973379394585,295.847996735035,112.8417787057826,51.3574762058366,292.592945426214,295.4863243673886,0.0,190.2396653821872,95.1198326910936,0.7794283508112826
0.8,211.2572831069752,86.47958957595446,27.591107150424687,64.2419808278515,0.0,281.6763774759663,205.08016956583563,0.0,210.02186039874653,18.53134062341881,0.8117501077791811
0.8250000000000001,0.0,0.0,0.271603565412168,0.0,0.0,2.509991570015836,0.0,0.0,0.0,3.971031439129513,0.8039508754921074
0.8250000000000001,0.3430354291764638,0.0,0.0,0.0,0.0,91.50470073280113,0.0,0.0,17.66632460258418,9.090438873174143,0.8185715067912563
0.8250000000000001,0.0,0.0,0.0,0.0,45.38807795224198,25.35538683046375,1.7419731410243853,0.0,0.0,0.0,0.8427680870470821
0.8250000000000001,34.60385747069814,0.0,21.67952516236552,74.21068228655668,0.0,100.75420347893998,62.676063129657706,0.0,0.0,0.2779426302864782,0.8122422199502585
0.8250000000000001,50.6057472391426,0.0,0.0,108.4723190821616,73.4883459907551,29.923398367492812,36.30412301938491,0.0,0.0,59.84679673498563,0.8182860391249174
0.8250000000000001,99.89887665621303,80.61146977704281,0.0,42.53120491304065,0.0,169.1357218634893,64.53863071106797,0.0,76.16052972800429,70.22594299595181,0.7839049382953681
0.8250000000000001,54.25226067010304,0.0,90.33513215351992,0.0,26.87022344509786,133.07158277572273,30.197013014491397,0.0,121.8116796177779,0.0,0.8528387046016991
0.8250000000000001,24.382690632750624,0.0,0.0,0.0,13.129141109942362,75.29160514068823,0.0,0.0,23.578865666835316,77.70308003843294,0.7683696742742165
0.8250000000000001,72.77855292719407,87.90507569245322,42.24010130676413,0.0,0.0,273.9898463141424,129.28895872948647,0.0,119.01433949270636,65.07258849960934,0.7290972393392984
0.8250000000000001,182.6524222203934,7.705649062422327,35.38890680520148,133.849978158381,33.10575152744604,56.22269871471562,143.26799367912184,13.698931666530024,177.5153228454456,0.0,0.7751301451127306
0.8250000000000001,80.1829419181318,129.63497658129458,0.0,0.0,12.716237484813378,327.0898864149299,12.363008665791098,0.0,98.19761168828424,39.20839891150859,0.8155591838046619
0.8500000000000001,0.2707104195846913,0.0,0.0,1.837981269811711,0.0,11.32709387209575,5.072258388007643,0.0,7.038470909201648,0.0,0.8307699236379601
0.8500000000000001,28.790498906544205,0.0,0.0,0.0,0.0,43.51541056103573,0.0,0.0,53.62505139844839,16.043560459371697,0.7391886013261659
0.8500000000000001,7.357189814428224,0.0,8.69486068977881,0.0,0.0,56.98477928993516,4.614964519959584,0.0,40.865845241960656,4.748731607494521,0.6715215729350646
0.8500000000000001,25.5806459485977,0.0,0.0,0.0,0.0,87.92473388889516,0.0,0.0,38.86021624978216,0.0,0.7412353334819605
0.8500000000000001,52.43028386314434,13.649206129660795,32.06480170142715,40.94761838898338,0.0,171.59001991574377,0.0,0.0,53.51355419089524,0.0,0.7179860514024936
0.8500000000000001,193.49794211588173,47.74949217588268,0.0,14.24984845039392,0.0,58.49937784898766,55.24941241293235,0.0,13.749853767924396,4.749949483465019,0.7669067285683617
0.8500000000000001,130.1462296255589,9.368502910788784,0.0,53.678989651008166,0.0,149.64284379125496,49.37454236767303,0.0,23.54785866765991,0.0,0.6939292630600354
0.8500000000000001,0.0,27.510604655688518,0.0,8.72932647728498,0.0,168.7669785608574,0.0,0.0,26.98155456615653,0.0,0.7702877045398445
0.8500000000000001,89.44566755827724,82.15542506136335,0.0,28.0393942188956,0.0,118.04584966155022,195.7149716478918,0.0,118.3262436037402,145.24406205387973,0.8082784800995814
0.8500000000000001,148.45294322727608,13.38510143852512,0.0,107.0808115081982,97.0419854293054,209.59852025326435,247.0159629109593,0.0,115.90281018359124,0.0,0.8081029387883395
0.8500000000000001,177.85146100599846,49.758064704890806,218.1958377937485,70.9388625184602,19.499782114078272,244.75588584568425,195.67022742058867,0.0,292.832934851087,96.49030115070158,0.7629871175147199
0.8500000000000001,252.76133414236392,115.43138754519022,0.0,0.0,16.331128784528904,219.35675253764472,185.20984689726748,0.0,227.1511549120802,112.09092938471812,0.8109797711512089
0.875,0.7690054852561672,0.0,0.0,0.84816781462075,0.0,7.916232936460332,0.0,0.0,3.992043180815017,0.0,0.7591780414892381
0.875,0.0,1.091760694470782,0.0,0.0,1.5407090174307467,7.121952941501128,0.0,0.0,0.0,0.0,0.6442061519066969
0.875,24.979068398744143,0.0,0.0,20.96015887914395,0.0,19.847230089101064,24.48443338094712,0.0,7.790501530301599,4.389885782947544,0.7660071097819021
0.875,86.1616907206531,0.0,19.25799378690091,103.70786283760688,0.0,49.92813204011348,0.0,0.0,0.0,0.0,0.7041330582807395
0.875,19.826267780731666,7.771896970046956,0.0,29.977316884465697,0.0,43.77639925985537,23.791521336877995,0.0,41.555857268414,0.0,0.8168146734416963
0.875,92.68960078237112,98.60595827911726,100.57807744470006,19.2281618644272,0.0,52.01464299223413,0.0,0.0,143.4716692961163,0.0,0.6792198263610595
0.875,82.24973562084212,40.08373191648612,20.30214993172709,160.3349276659433,0.0,163.19805137426465,28.110669136237327,0.0,137.42993799938066,6.767383310575302,0.814675796299871
0.875,0.0,10.700646790638846,15.365031289123085,46.09509386736551,3.018131146077303,357.2369774720893,16.736909082793453,0.0,0.0,26.614429197228823,0.7619973069064581
0.875,129.1294949064157,12.912949490641314,0.0,106.67219144443035,21.895870875434937,191.16779572014997,41.26529511139882,0.0,46.31818839034476,0.0,0.769470459507851
0.875,197.73691864896924,15.79465402418738,138.81070940488323,0.0,0.0,216.2652627927279,81.4032168938922,0.0,51.028882231992334,17.9208574505212,0.7815970529331728
0.875,212.4466456490991,41.04082927312149,4.483451937400419,45.17940029225913,28.280235297444214,315.9109211275543,75.52892109927373,0.0,0.0,0.0,0.7742302828570464
0.875,200.5656136908132,80.67443679183472,127.73452492040654,33.24085590033809,15.31320327993132,316.3483701976135,266.30033996564146,2.987942103401978,88.89127757618932,32.493870374488445,0.806100404412528
0.9,0.5056608024953777,1.5360639472028783,0.0,1.0304031447075008,0.0,4.493702603307817,2.0035616702646357,0.0,2.576007861768817,0.0,0.9328934958558044
0.9,2.9554931547065637,0.0,0.0,0.3586163242112102,0.0,4.31576197068029,0.9027238506007684,0.0,0.0,0.9274560108911776,0.8541271437405197
0.9,0.0,10.71822287082804,0.0,0.0,0.0,63.3953802359826,17.44826978971994,0.0,5.566828932910874,0.0,0.7746506730522527
0.9,9.300630094446223,0.0,0.0,0.9717076218075222,13.187460581676945,96.75431605714596,24.98676741791421,0.0,0.0,0.0,0.8533005657215675
0.9,91.32025754509988,10.102674912798207,44.1744412853737,0.0,23.17672479994888,133.51378218090437,42.9858912956329,0.0,0.0,73.49200769898417,0.8166769104385385
0.9,12.259996693011477,0.0,0.0,50.02078650748594,0.0,164.28395568635378,7.11079808194688,0.0,135.35036349084737,25.7459930553241,0.8756096508104042
0.9,25.54081834599358,0.0,0.0,0.0,0.0,251.6042317913809,84.77378004202117,0.0,11.683565839125103,0.0,0.7901426198404511
0.9,0.0,0.0,0.0,26.920272830860064,0.0,181.1000172257923,107.95301327123144,0.0,88.64655497839193,16.04339491940229,0.2
0.9,124.12997319293814,105.65481439212849,48.20861749586281,20.20720493838528,75.63268134081295,281.4574973560807,14.433717813132342,0.0,164.83305742597238,0.0,0.7462075837299877
0.9,71.49486833174264,0.0,107.24230249761256,63.92125939829406,0.0,237.20543179556677,105.72758071092314,67.85953604368716,179.3430595440304,35.14154545119472,0.9216214609656732
0.9,182.08811136166295,103.03206301246983,49.24803011916927,116.6400713348725,0.0,253.04415475704255,142.23608698891428,0.0,63.50403883787621,59.94003665819837,0.8029645207942347
0.9,147.3104453757926,18.782081785413222,156.1490720983405,205.49807129922968,8.47035060910707,383.7437102039407,192.6084073288495,0.0,142.15457978764118,58.55590203687789,0.7992385286417918
0.925,0.0,0.0,0.0,0.1514635882414056,0.0,6.687699973121942,0.0,0.0,0.0,0.0,0.9222610324862429
0.925,0.0,0.0,2.750726960459377,0.0,0.4644084478697685,0.2738819051539812,0.0,0.0,0.0,1.0955276206158169,0.8354936323854438
0.925,63.19449621334677,0.0,0.0,12.61933438316015,1.9564859508775976,53.999012244221966,12.325861490528778,0.0,16.23883339228442,0.0,0.8937794547373227
0.925,56.7289798808303,0.0,73.44910026675963,58.07256098327047,8.957207349604783,61.05829676647274,0.0,0.0,54.78825162174967,45.53247069382432,0.8558961911295351
0.925,0.0,17.728984734211615,130.01255471755326,36.38135408999676,0.0,146.44880098156227,5.724984653755721,0.0,29.73298481466835,0.0,0.8011022025584686
0.925,37.482098389734496,0.0,0.0,0.0,0.0,98.45297843703617,13.493555420304643,0.0,75.96371940319547,0.0,0.8768566190245626
0.925,216.1008816094137,11.990465057773491,38.1514797292785,51.77700820402082,0.0,223.45866698577407,116.36201317430016,0.0,37.3339480207947,0.0,0.786039425613288
0.925,86.8350493384623,106.16285064282997,64.42600434789138,93.55776283563254,0.0,329.13284829901033,55.462386351663525,31.65277604918193,161.34512393211162,0.0,0.871715360556165
0.925,222.24276547714592,41.37498293457489,11.821423695592824,61.17586762469234,0.0,214.55884007500956,256.2293586019753,0.0,60.58479643991324,116.73655899397916,0.7682652868439879
0.925,15.662716605216149,36.23922665520257,130.82975046709137,106.26078324322329,0.0,296.0560550475942,124.68750866112332,0.0,147.4138033432003,120.0808273066483,0.6706536051478579
0.925,179.29442316680988,0.0,26.337033911509227,19.92160257408862,0.0,307.60304991518365,72.2580161161906,0.0,171.1907204248069,0.0,0.826121487459213
0.925,296.6230832724819,0.0,210.8169045702171,68.05317621213891,0.0,387.9770752529087,176.05060802705813,0.0,248.91188908027453,0.0,0.8595226246580455
0.9500000000000001,0.0242436569345156,0.0,0.0,0.0,0.0,7.260975251877544,1.9394925547586064,0.0,0.0,0.4000203394189846,0.756999965802185
0.9500000000000001,0.0,0.1541776435253127,1.3401595167972522,1.7078138975114718,0.0,4.222095468847901,4.637189124493061,0.0,0.0,0.0,0.5996263281319643
0.9500000000000001,64.68827702880938,0.0,0.9300231521714696,41.43769822452453,0.0,37.82094152163585,27.487350941953896,0.0,6.20015434780917,0.3100077173906465,0.6503134556817807
0.9500000000000001,0.0,0.0,27.01057283151445,43.03379400275091,7.782707426029331,96.74973545299396,0.0,0.0,1.5260210639273468,0.0,0.6926939002122696
0.9500000000000001,32.6916099869597,0.0,11.322460044264671,44.97089764059793,0.0,40.50570213018436,31.575311109356488,0.0,62.8316796822544,0.0,0.6495813437221375
0.9500000000000001,165.20859749055833,0.0,44.402911337552446,0.0,0.0,117.82895466668884,0.0,0.0,82.10817683089356,0.0,0.6749216206625076
0.9500000000000001,44.545905109279445,65.31577497618227,0.0,0.0,0.0,50.284948098818205,34.707545698641404,0.0,42.35960301802599,0.0,0.7543689764892827
0.9500000000000001,56.46488573280912,72.80244150321508,0.0,73.375689074106,59.044499801819626,117.51575203274832,0.0,0.0,1.433118927228638,74.52218421588918,0.728255502157546
0.9500000000000001,32.1992806992509,0.0,0.0,122.2322209068626,17.819019416089418,317.92882010813275,136.29986781430208,0.0,0.0,0.0,0.7667007536039919
0.9500000000000001,73.21533103174708,0.0,136.5031595507128,8.996799152204941,0.0,221.19716536286015,145.18972424939508,0.0,126.2654225844102,0.0,0.7121218922267993
0.9500000000000001,32.72606207559437,0.0,30.289014899752893,16.711180634344952,41.77795158586475,271.5566853081209,133.34129547821897,0.0,199.8378684190534,0.0,0.6833471775309519
0.9500000000000001,88.61089785669958,42.50441441906566,106.62124294952442,161.0124851298535,0.7204138037123388,353.723177623081,77.80469080100302,63.03620782488697,278.43993513507286,0.0,0.6767435008733523
0.9750000000000001,0.0,0.0,0.8719406552049864,0.0,0.0,5.503417641942956,0.0452956184522157,0.0,4.993841934355696,0.0,0.6639971565357352
0.9750000000000001,5.338464405298193,0.5133138851248242,0.444872033774858,0.0,0.2965813558498881,10.848033438971276,3.1369181868739267,0.0,0.0,0.0,0.6578361677965343
0.9750000000000001,14.12177211109232,0.0,0.0,0.0,0.0,23.39783810563285,7.337783547920575,0.0,58.14847339861388,1.7998337004335383,0.7410251383843576
0.9750000000000001,0.0,0.0,124.47513151505406,0.0,0.0,94.08539533751916,19.33892302206736,0.0,48.96124161936152,0.0,0.6801452528853709
0.9750000000000001,6.648453859097776,0.0,19.189855456941324,0.0,0.9066073444222678,47.14358190996549,48.654594150669496,0.0,58.32507249117528,0.0,0.7677923478743813
0.9750000000000001,105.707719161098,0.0,0.0,53.22175187461225,0.0,69.16375128405957,0.0,0.0,139.79907174437437,0.0,0.7568352182932528
0.9750000000000001,36.1504329993914,0.0,62.58880937208093,102.2463739311128,0.0,75.80799755842447,56.65366365576225,0.0,36.1504329993914,0.0,0.6923734947121396
0.9750000000000001,56.46338743329117,51.66399950146066,80.17801015527372,0.8469508114985974,0.0,173.90723329453658,7.904874240661278,0.0,8.75182505216116,73.68472060044472,0.7326911868118273
0.9750000000000001,19.98232723784771,0.0,93.15290785878835,29.09191759627643,0.0,228.3274744677545,84.33717525385579,0.0,0.0,0.0,0.7103463929033211
0.9750000000000001,25.92869145215517,0.0,0.0,52.7618721410112,0.0,68.43968557719822,34.06909458248207,0.0,0.0,66.32921069155694,0.7206441672448837
0.9750000000000001,0.0,27.2584524706594,0.0,70.7421742690906,0.0,143.75588624407183,0.0,0.0,0.0,0.0,0.7774581978423989
0.9750000000000001,79.10923165891177,39.910963719810205,117.59480381729983,141.4701124711146,96.21393039597258,225.56821459500307,39.91096371981183,0.0,209.1762116386525,0.0,0.7092561377136692
1.0,0.3772640661977497,0.8159432129392608,0.0,0.0,0.0,1.1142450327235631,0.8334903788089467,0.0,0.0,0.0,0.6593657632027403
1.0,0.0,0.0182357321298321,0.0,1.404151373998323,0.5106004996357576,1.96945907002366,0.0729429285194117,0.0,1.0576724635312624,0.0,0.7513962781190606
1.0,1.1595757370676745,0.0,0.0,3.046728407197369,0.0,0.0,0.0,0.0,0.0,0.4244198776195291,0.6842951858258842
1.0,0.0,46.59042768360789,33.237707172223715,12.103904923988768,0.0,42.3636672339609,22.38261783563036,0.0,6.340140674470702,0.0,0.7677838264515061
1.0,0.0,9.460240898275284,11.78891558092819,0.0,0.0,97.36771016840264,48.61108400036851,0.0,0.0,0.0,0.7193182338454096
1.0,21.19177658845889,0.0,24.186266758566493,0.0,0.0,102.04301118138096,99.0485210112723,0.0,0.0,40.77113539301167,0.7245823428269337
1.0,50.01091053842597,33.07599903335035,33.07599903335035,94.7296612315147,0.0,41.80806277815533,82.29308559497544,0.0,32.54678304881723,0.0,0.680413349958925
1.0,55.74098824690787,13.650854264547837,58.86930901586667,116.88543964019723,0.0,139.3524706172671,0.0,0.0,54.60341705819523,4.265891957671442,0.7223461794406095
1.0,37.824552769481336,0.0,0.0,0.0,0.0,61.94887382718124,0.0,0.0,72.0751320489322,0.0,0.7588320717204813
1.0,64.58309641593623,111.6944372797328,66.45507022509348,108.8864765659962,0.0,231.18876543095675,43.99138451520208,0.0,99.83860315506917,72.07099165256528,0.7386448209277179
1.0,149.45654957301917,79.62313994719796,68.85443659368441,126.94016983385082,0.0,76.68622085078462,0.0,0.0,154.02509038966193,36.8746508771864,0.6836524270718239
1.0,0.0,139.74081199919218,50.102193570443006,0.0,2.72664999022721,245.7393303693108,168.02980564780975,0.0,156.44154318933985,0.0,0.6528426139913172
1.0,56.63330367720929,0.0,175.2211610415673,262.64169691913645,25.465982190422125,462.18857229185255,213.61017897041333,0.0,179.78223247865728,39.52928578811935,0.6228825085061392
1.0,315.6961775326447,0.0,76.80188697977236,0.0,0.8084409155758159,128.13788511888444,120.45769642090684,75.99344606419653,117.2239327585999,154.81643533291026,0.6944129552537467
