frequency,507.15136423075984,507.28209161490184,507.41280443198275,507.5435026779511,507.67418634875554,507.8048554403447,507.93550994866723,508.0661498696718,508.19677519930696,508.3273859335214,Max_Oxygen_LifeTime
0.2,0.0,0.0,9.208063385553706,0.0,57.737046093205,0.0,60.22571187308443,0.0,52.51084795545788,0.0,0.45973694591830416
0.2,27.71318495546805,51.74297191052404,74.54495953211013,0.0,21.92498809767952,31.22118305109668,103.13514401148475,0.0,141.54772315861976,0.0,0.971616363897645
0.2,24.424440438419232,203.89098105115303,102.15787696417031,32.9198979822184,115.9629954728438,0.0,128.91856822713493,1.486705070164463,259.1114550858398,12.106026999911643,0.9117780783164717
0.2,355.7589554731254,319.91354556560526,198.3625691122868,53.633357681176165,403.7325115899553,193.5113106285633,373.8164176069878,151.46707043628595,586.1937334500343,120.7424333726957,0.9391676774955388
0.2,108.8971800655189,262.92764921843246,208.61026060743757,112.57081987495758,299.4016444692921,171.8738625130471,252.9563411642397,45.13328908739642,282.60786248328355,0.0,0.8415457954533347
0.2,269.3867274212285,86.75165798310798,139.82997503856046,188.05704806206515,0.0,50.79537868747873,374.687259644144,178.06919270216918,279.94531737311934,77.04916991920659,0.8653322467273351
0.2,334.9049821926408,382.4785027110661,252.6752546740313,7.246297827310128,284.1808974014678,355.698706392748,324.1930636653114,0.3150564272758235,370.5063584746419,130.11830446430858,0.7316352996703497
0.2,361.2657426256739,240.14975398363637,377.9235290291616,148.53192876444675,385.9053850141669,415.05651122027393,364.3890775763264,256.4605031703877,398.39872481678384,160.3311941335841,0.6677301296999959
0.2,463.5188345697501,387.4817763718942,519.2025388055492,345.2389662619766,369.04855014211046,372.8888056066484,437.7891229573434,364.05621803821344,570.277936483907,254.99296284532804,0.7000370427067865
0.2,568.1447464258353,358.09568650002524,246.74437762369095,279.2218427126229,509.09480990050633,476.61734481157737,418.41097880804,129.4880750948275,590.0775799923861,285.1268363651549,0.6751327152436368
0.2,361.900126775764,539.6515779320393,207.9097950542552,206.9959058452304,413.53486708594073,371.9529080750916,429.0709836394445,206.08201663619948,585.8029829880398,265.0278706186143,0.5234310677705861
0.2,807.0110867972957,696.4968296881104,537.1506915306812,437.9448700326727,345.42130594126274,429.720553224547,710.8893841023313,0.0,753.5530275444802,548.9731469423647,0.6944522570889506
0.2,463.7182069382749,576.6042620879252,487.5128166021678,546.1692962387538,998.8202428682396,449.8841315522868,384.5872957304296,281.1084118432494,984.9861674822516,149.40801416865477,0.6630253734709786
0.2,634.7697108380786,961.480566748101,293.0169186522669,688.9206814309026,953.057082433663,742.4699745726924,871.8306265444312,297.83033826052,1335.122263838574,424.7842804281341,0.79822163316433
0.2,636.3326980496934,1095.4339868789673,694.5378472032617,427.0557572728187,568.317692297207,669.0322200460794,894.0049313812227,676.2261148852872,1103.935862598028,466.94917410840833,0.7036243975064377
0.2,1337.9689910187649,1279.3504152895769,1124.7439218038346,930.5698897008964,1217.068178577312,1080.0472578103302,1187.758890712713,773.7651996253093,992.8521264131564,520.9725917931779,0.7339582087744879
0.2,971.9863966627196,1353.141597360725,1055.6942552381854,1034.5641161803053,1314.1321098692426,992.303838064534,1130.4624395968556,659.0977990748066,1705.03968244012,1071.1355107035645,0.7500676178642665
0.2,1402.514870565774,1503.539627627943,1600.923852904083,1397.0540728867431,1752.9160549705948,1918.5602512346868,1485.3369686978235,976.5726516009622,1545.40574316722,1133.1155183999945,0.6612667032813783
0.2,1924.6123369843535,2218.089135331129,1745.97428581674,1876.762858993028,2408.423725563286,2133.0233966798905,1459.94073960194,1516.2967914583865,2312.724769580635,1391.888148680943,0.5525249130712094
0.2,2625.69798366817,2245.75202220714,2652.8369809153755,2384.839383099126,2363.3543436117448,2199.3895685764824,2272.891019454353,1912.168514376774,3568.778138008928,2421.024712762075,0.5601010204217014
0.225,119.75199428560958,246.06574168275975,190.9060045888745,141.8979110370581,321.9360120349442,148.66471893333383,144.76867802335653,128.97945959871345,267.80154886473645,92.06959834629934,0.8247662403650454
0.225,226.4767305324804,315.0333491525174,243.8407733991524,90.29302290670591,201.9190127638969,245.57717768582123,177.11323724007747,67.22365166955363,260.4606430001129,200.43066623246744,0.7810588398643363
0.225,229.21003649713305,298.84003576399186,250.8847444401236,137.36346158870808,396.6471553567417,63.94038843182438,320.7856775562711,83.44762558051663,313.1995297762251,211.32840244416545,0.8336496532846075
0.225,355.7589554731254,319.91354556560526,198.3625691122868,53.633357681176165,403.7325115899553,193.5113106285633,373.8164176069878,151.46707043628595,586.1937334500343,120.7424333726957,0.8326921862102807
0.225,451.7226593685333,592.6748691918892,390.6126599026333,287.4319572868444,429.6125088080068,459.7068804042792,251.81004805043943,119.14914468728256,619.0842156947397,172.27492311743472,0.6972630871582721
0.225,304.9554992057786,303.9696516867942,264.20713508776464,231.3455511216258,355.56233851363413,283.2668537881265,391.3814650367262,334.5309247753057,603.6672974579901,255.3345074169074,0.8245197440059927
0.225,206.88281412358316,416.53329131236126,350.8012935138988,300.9833583403294,481.2274154613742,322.43274709561734,337.6548939542077,262.23607542755195,304.7888950549764,41.86090386112628,0.8684417707442
0.225,476.2373509747613,512.2709102918855,510.41351032708417,333.960513671071,343.2475134950702,277.1240747481852,443.5471115942781,434.6315917632381,617.7712282925331,14.116239732479752,0.7852449718092277
0.225,506.79146443704207,551.3178710569084,463.07462884662607,446.0736372281333,688.5401605490483,432.3109297274452,607.583057603834,274.03979346955185,589.7724949558852,140.4605736099473,0.7001181046785798
0.225,587.819347924218,440.1975449659407,457.9833043585034,363.71877957792015,611.3854791193638,441.9761209051964,807.4734764223722,303.2471976432035,501.5584148702837,269.898898782147,0.8729390368811302
0.225,342.9666637638071,740.0859586482093,630.8306502469977,487.3736800854067,636.0559041270577,698.7589506877525,273.6132940830363,291.66417112323774,835.0905746492631,536.7760804059525,0.9409197834843136
0.225,675.2979633964675,569.4404448099939,866.6758418262001,371.2835134658599,598.6425189028138,619.501143254831,895.3564503102208,266.9903917057877,800.9711751173561,429.6876616514963,0.8786739544765398
0.225,683.9839004372822,1059.3067614470906,598.2758441171267,573.6277756329057,501.9243036787892,553.4611741458114,982.001455746563,658.215465203773,1177.5054534964472,504.1650371773544,0.7488796733202973
0.25,123.6440034424869,232.92934842068345,181.5572592484507,146.61785698534896,153.95672686709543,170.07033247701966,174.21838936670312,87.90689793136758,292.4380107226803,91.41679222263848,0.8907084191471129
0.25,124.4459764160199,239.02143215207624,152.50922148650625,177.28229299700604,168.57301004409604,200.31350791692228,132.18756126305044,113.41421800900152,282.1807676742729,134.12295747480806,0.9102083319707164
0.25,395.2134068487855,341.98442595020055,356.11601379938185,217.86197934155456,331.6212615274678,288.2843921233104,249.4225255380593,84.3184741667862,265.9093780287709,176.64484811477325,0.9443221441693939
0.25,257.05995298326224,422.66840383486215,316.5427351720472,280.11935753221786,356.3726157566106,385.982987506977,276.71285458748554,176.08999837385457,560.7627924405491,234.26258712235884,0.843301338754155
0.25,333.9428654438273,436.3559234753687,303.4243610447405,365.04826415827785,531.7262497225066,273.7861981187084,524.6835179381012,208.34748195528744,437.2362649484174,161.39593672592474,0.8709211639441403
0.25,342.4726009755665,498.1138912295638,433.2633536237311,301.0917817413681,469.085555348857,413.8081923419817,467.54149492967167,62.68885301897193,415.6610648450058,167.68496152365225,0.8162583665516217
0.25,468.0156249704306,336.9317271954604,168.30118533419193,382.71228445857895,410.0488762056196,258.2155172250642,359.3279710364104,216.387238286822,529.9346520601138,240.7596212902069,0.8839646218926953
0.25,504.8756623100925,516.1435856589848,388.9250962359949,231.5376507498422,520.5053624392024,334.0394050849364,467.0735968815465,360.57354716458775,755.3143457742052,230.810687953136,0.8620823431292292
0.25,499.7495688800682,583.1060830970077,397.3067500059762,325.63572843627094,302.65425956337623,480.2737478013419,569.0834919203261,120.75009068809204,635.3012835879892,237.99453358201043,0.920458161603352
0.25,482.3699828913443,998.472132418446,334.7917538599009,226.4271685425284,642.1761223282506,433.4583412694959,495.0195453797533,424.1819954446615,588.2046557110374,277.4470705791103,0.8298172285604452
0.25,572.7582014288959,740.9033279521716,678.3480170292636,625.1094545416842,537.2658264371732,830.9652294936665,627.7713826660637,370.4516639760873,663.707412345179,499.5551780084696,0.8914172453042928
0.25,703.1182712773854,797.823997612705,683.9858013106513,452.4829147132019,909.7489469180832,493.61772514167393,979.5824622966549,289.37860824681576,855.2214075128977,432.39382124812994,0.8738477512417712
0.25,819.4669206951511,855.612279515982,681.0818326382501,616.5365490296251,764.216157926167,879.8813061528286,500.3550385340921,797.7797054026546,949.0738501812792,369.71538451022445,0.9391192474088602
0.25,894.6067285686174,1096.561877787891,417.55591662903606,800.1790506904197,770.7045153989562,478.6882861224407,933.3602842296144,519.0793159662932,1158.2400720089104,589.4907058292275,0.9311141893419929
0.25,957.9479812355214,1205.589010432598,895.1317201708961,565.3463495816208,952.5119586433894,1067.876438098616,909.0237779063418,520.0461613138623,1618.1227249243118,553.2662993768816,0.8825515117549522
0.25,1141.3421147610627,1162.407153791883,896.8599951002714,659.399555116433,930.0533899367276,1028.995239929995,1455.40269667518,862.3899312316507,1456.041031191264,781.3214476887779,0.9153880401320287
0.25,1304.879890316428,1459.0259482377307,1030.097787065404,975.8115666670396,1191.6160477568592,1373.2403160032663,1213.0624558154766,914.8233437503488,1235.8492643777545,488.5759835853479,0.8366406301068983
0.25,1347.9835212327305,1155.4144467709132,1075.0009871055372,1063.0095062782457,1502.462009537267,1280.2669236197846,1255.5785807400623,1066.536412403922,1385.3687261648774,1343.0458526567868,0.7023520808996986
0.25,1251.6042186408454,1629.120000422336,1499.5137839225038,1168.7165220421168,1619.3241817334,1111.448658937535,1094.871119617787,675.9114895369296,1775.3037562419208,886.1448290918881,0.755610973873429
0.275,265.6286043705232,180.12728515202087,147.85307177112435,164.41261580949038,262.41808052635,226.59539342294573,215.1050975595895,54.7478802901079,279.991474199717,186.3793579011995,0.7349682530279553
0.275,315.1067418586048,341.9810798686797,212.73808027823685,239.81756590671165,310.38834663546163,267.3073467719807,371.3171892995268,105.85617109312564,325.5692703968779,178.27328038745236,0.7725901930008846
0.275,287.5532905132469,272.9279385757396,290.8557893378449,208.0574259496993,277.8816868126366,285.66614832776287,330.24988245984025,253.11294562815016,356.4339802834421,210.41635368155525,0.7802447031227839
0.275,267.3370982799471,392.8924319994823,351.6613372398891,273.4552607281448,348.4692524843088,253.77073806872517,385.9762483623908,192.5891135867477,615.2743366383249,218.3917986943633,0.7744336608163489
0.275,311.5519996887409,381.2845798304088,332.80098333705905,389.6644607058033,305.2670890321945,390.26302362547307,337.2902052345922,327.4139170600213,515.9612367563766,359.4370332624169,0.8173128926325012
0.275,255.892277136151,412.3777799462257,328.6836893039503,276.4149660292747,473.945846625601,196.88954656841747,430.3351327277097,234.72825421511635,482.924523016342,185.02486705207815,0.7840962965634557
0.275,614.0036106721511,644.0645640365175,659.9588612176738,349.32900978590175,595.69061609386,173.45515619438345,494.79638181346166,265.0201290858414,638.5361128430708,369.3696453621437,0.80167380927598
0.275,337.0513924264212,503.7766004322245,609.2852093862205,497.6549405270443,456.2437117567044,412.6718971374768,454.0831259078167,140.79817781915796,774.9301244675801,253.14864196129517,0.7916037598162216
0.275,445.7720766487939,546.5287789050265,324.024394755843,561.413291738334,531.2626118965068,499.5853153538279,621.3329972467764,59.91970550844238,803.3820388233794,474.01448561455504,0.766825166377979
0.275,381.8035028102232,658.1805158455628,613.2377492881429,453.6279241309575,593.0765082156579,335.6006586857727,790.9086862394339,376.7631925421005,714.8840063619317,297.7983316748582,0.8298172285604452
0.275,574.5323277445583,723.9544236294503,449.5770077940291,503.3165335070194,952.01972787482,623.0289729001798,712.1579423753802,287.9215239419484,937.1648996289512,262.5809345813511,0.8419934897076728
0.275,450.2569999620737,564.0938159853727,835.7288200734886,608.9806905961871,596.9491571953503,417.8644100367458,875.5254305531777,454.4217615239025,686.7229064169758,314.67087356033755,0.7573560230931569
0.275,493.4358766929724,1038.0355930430435,673.4932354862184,464.9021968842086,910.6179538970018,603.1429559577109,672.5093154928146,445.2237970160914,635.6123157400995,617.9017558587964,0.8159663184531726
0.275,1002.6288233404042,816.9760795994652,665.6456918442481,554.8780884357943,750.931546111796,510.1550185150061,906.9422551377904,309.9412752649795,1070.7534996150855,365.0650591208302,0.8465959102028908
0.275,883.1318164773692,632.1780116673882,1015.6579830624124,1024.1171000784807,830.1213498433497,991.4085142830252,836.3247023217973,496.8321394103211,957.5720462187556,646.2765400274969,0.8661823154686811
0.275,634.4498489544814,1027.7729444022675,982.4124660198222,777.0966164992798,1005.092705211047,950.1826524322964,1236.0730359216611,467.92914541891855,1348.8773834780052,686.3756597343847,0.8753687785904483
0.275,630.2512119277048,1416.9742875486309,931.9738494875518,1171.3570991218162,719.3965366612941,592.224185293094,919.5059719024345,748.0726551070649,1619.577298306798,910.7784575928488,0.8164756490907241
0.275,947.0938525776772,1225.187892392727,718.8468576351313,928.7291518351716,1702.014229528441,1267.8202334021107,1158.9437932858389,922.8262123107988,1235.0261249333512,1225.8437745621009,0.8361569321063043
0.275,1125.3551727935858,1439.6052965170757,1297.3434161827936,1032.637230884177,1143.0494365167572,892.4986621966757,1592.4837350852615,722.6337304542486,1477.8249061591246,441.6488225303113,0.7819711433974208
0.275,1336.4356421357554,986.2939267389075,1218.493169581027,1116.76778700258,1222.91601230183,1503.766525072779,1578.2177108729463,1188.2704109888805,1553.892075908534,1308.4243049040056,0.8320106428086772
0.275,1251.5622160085586,1326.9668961034808,1551.6262007161956,1696.2166182178062,1701.6581930700168,1678.3371579891127,1475.4441527852396,931.286667564132,1843.9165070635363,963.1587488413658,0.8289673586522995
0.275,1558.0081430708944,2186.080175746348,1339.7247105260612,1310.5120578434874,1767.3654872960417,1211.5136237525255,1427.3626685738047,1082.4910744044644,1846.8888195986196,1171.7519576012312,0.8365105221819555
0.275,1763.092799221445,1749.4386439515724,1103.4264227460394,1324.453061177,1657.2730958799768,1330.4267541075658,1161.4565826429712,1096.599345111109,2443.240408601636,1001.8736429264133,0.773445122916722
0.30000000000000004,201.10315390790197,280.50869107325315,86.45421709488433,140.82974797985403,232.31873645297657,183.69723000027943,201.9662575727419,31.934835599109075,275.0423678625945,128.4585954504688,0.7407217240849905
0.30000000000000004,250.1646868692763,309.4643954183184,191.4370012322805,276.2870665194969,243.68176053272416,217.3687065784865,214.1272434102111,116.3113254498916,396.6025523537285,168.3654104463182,0.867026873689901
0.30000000000000004,346.94344168291593,391.79715101490245,316.6671878838238,138.3736932891796,420.9520620806942,275.6260438450573,339.0940425498178,217.98902735345527,386.638974441724,153.62395446205392,0.8479892845776956
0.30000000000000004,362.0740783829349,349.12472494848134,337.1910070775156,214.55301278652212,459.8290013685108,312.5618446629692,469.2236303307604,215.31473945913717,533.4625797212809,238.9282663101975,0.8758760872989872
0.30000000000000004,308.6506774571658,507.63750389802937,329.28634834732696,378.8119584837216,402.1007870597634,441.0137664526452,400.9216058660402,358.1762875935584,546.8452785893415,382.9390926617538,0.797632544766235
0.30000000000000004,338.51113460432146,396.1162798811556,462.1356598613479,444.012692807964,477.0223827980601,460.8411622146801,409.70850517119567,261.8121490390982,352.7506087176954,396.1162798811556,0.7840962965634557
0.30000000000000004,256.6310868566309,469.1431810909254,441.5267124265637,360.36123744959934,404.4802300719311,467.1224638715816,315.90545862403985,263.03002471788585,556.3708077259215,344.8690721012967,0.8105519957228438
0.30000000000000004,444.9128745804061,432.0753225521167,471.6883402394077,458.1172138095032,496.9966570951768,454.4493418014208,475.3562122474901,236.9445317221288,578.7902028754162,393.9294536680581,0.77806321886658
0.30000000000000004,514.8856436024881,415.5557831938698,613.8274967438833,384.5152018161775,492.76922937088,586.6669880384027,309.2417919752691,464.0566915965152,666.9844923531837,507.1254982580624,0.6703456165782044
0.30000000000000004,543.6662033052181,596.4253193196713,539.544397366586,637.6433787059666,742.7494301410165,386.2132164495741,567.5726777492666,396.9299118900108,814.8810340670299,340.4611705307875,0.7814791732500574
0.30000000000000004,507.4864712514948,717.4958044912313,464.1855778000008,506.1874444479498,732.6511171992547,604.4804725828374,557.2824987207111,371.9546747483215,858.6567171430988,371.9546747483215,0.804430205528871
0.30000000000000004,667.6690395020061,922.571892552492,761.4584316990869,736.8503238454006,1028.4331867155372,630.5247257605884,893.3207454811252,723.8498140359025,811.1389513282359,447.5889805840977,0.8523502692667881
0.30000000000000004,782.3525063747098,966.4354490511112,788.3552110271988,737.8324468687325,1134.0109539331652,392.17670396276975,1093.992922916554,685.308781159433,741.834249970392,584.2632528424934,0.8192687141174579
0.30000000000000004,953.2741641283518,767.8723818019297,469.6845152269338,645.8162084370366,1035.1599513225196,835.8530353216167,771.4774164582764,513.974941004915,1039.2799909297753,441.3592429270631,0.7077329333746215
0.30000000000000004,903.9511676768424,851.9808864770715,1114.0437938035664,587.7064778229277,915.561549647002,688.3297882309901,992.4112207828334,710.4448015074869,1478.3886375338686,489.8475440744218,0.7396000724320938
0.30000000000000004,951.1593697272208,919.7833123263208,1310.8219536375098,884.9210263253244,1121.4035330320912,1022.0460179292486,882.596873925255,864.5846928247413,1244.002572135598,837.8569402239766,0.8241658209092182
0.30000000000000004,1167.0353680953533,1165.2052028552662,719.8649944341428,930.3339970441284,1125.5516226533848,656.4192661111325,1033.433305569016,592.9735377881264,1390.9255824659726,557.5903431464469,0.8088869096929134
0.30000000000000004,1140.8024154207935,1343.7119359501785,1290.8910448917345,921.7889646906576,800.6874095810509,833.539427190573,950.1318818439672,744.6457324824598,1491.8680937970337,715.0145009130845,0.7500953902929088
0.30000000000000004,1314.4333868489591,1411.495030599635,1261.8013687588011,1172.9421174377617,1428.5833481613754,902.2631672598164,781.2778789227049,643.8878057263254,1418.3303576243304,1073.1463428772045,0.8399572348441947
0.30000000000000004,1292.3530840389278,1359.6184162092832,1159.253596978439,1016.135868956414,1487.7087827889968,1582.16648328354,1205.0512699454907,1336.7195797257573,1207.9136245059303,867.2934318134959,0.7962337857581046
0.30000000000000004,1626.9765350818595,1172.7634062947002,1070.7516052392236,977.6751444221892,1247.9691866348694,1591.9797858146492,1336.577977332695,922.5738796184996,1745.369793241132,1277.753654096321,0.8213576247342389
0.30000000000000004,1490.5375743371333,1507.7782823473383,1305.5917975003445,862.8190690563515,1656.6753060718677,1299.322449132998,1656.6753060718677,1219.388257449304,2088.476674873002,1589.2798111228662,0.7957711616736298
0.30000000000000004,1342.3471008446957,1994.8091462249608,1485.5307916014592,1004.7264663898164,1939.4881747962083,1353.736712609437,1356.1773437018771,957.5409319358802,1933.7933689138376,908.7283100869784,0.8035843122847343
0.30000000000000004,1832.6945310135045,2098.0776600930344,1494.072551376312,1891.285611459636,1762.0405810637596,1276.079266775271,1942.983623617984,1277.8025338472182,2205.781852089596,1192.5008137859363,0.7433503506397324
0.30000000000000004,1697.523627157802,2073.9389847406906,2082.161650318959,1649.1012631968972,2115.052312632027,2020.9484732363069,1653.6694107403755,1203.250062953082,2262.146663532137,1313.799233505334,0.7786844305942255
0.30000000000000004,2278.6887601828166,2310.020730635324,2318.565813486011,1624.5151952803294,1860.9291541492964,2265.396409081746,1802.0630278445733,1972.9646848582847,2124.877268870473,1449.8157236663149,0.8174794864497246
0.30000000000000004,2305.333243353529,2755.178372393902,2181.3059211235745,1610.386501334913,2015.9361581503088,2521.8888853423305,2265.9594902646504,1259.9600988439454,2923.501166848834,1872.2219593759187,0.8171196267616777
0.325,231.6574562146025,282.4360136694028,247.4271945546021,264.6162093452031,174.0979112736022,261.4622616772032,239.3846280012026,133.09659158960207,297.2595677090033,198.22561093380176,0.6904838691894314
0.325,232.29363692770116,311.525575104591,190.6968693848332,207.26354736727495,222.92986241588667,236.2552338365448,173.40990105533024,158.4638763537809,322.3299303105302,157.56351341995202,0.7902560967884147
0.325,237.44839731886756,326.3909325857656,289.9687631665145,148.30463459661493,296.408041737874,352.148046871202,328.0007522286048,191.36731004257865,409.4978716473692,293.3896299075501,0.7698843571903901
0.325,388.55575618446267,344.6633466895494,367.2091745175372,249.2033522689231,435.56620569813697,264.3138538983185,244.40636762467068,86.82542206097314,438.9240949491133,175.56963797964502,0.8540364758011214
0.325,251.1038435693077,471.2980698176536,375.6254447765935,242.86127895038467,419.487663641573,317.33873782850213,412.71698556174414,249.3375797223955,607.5947633376888,50.33851963698837,0.911080856110562
0.325,606.364437057612,366.21689677985154,425.5245889132238,412.2370731893541,649.4678417228498,315.01134838054537,691.2749033906395,328.9470356031412,601.1790650678086,204.8221935972268,0.8393893428768292
0.325,624.1818272409192,587.9921805409574,569.0015738568172,267.6600602462492,463.65745375990167,425.6762403916262,438.217207069829,249.02776689577368,505.5801137984691,318.1822402927299,0.853862127489083
0.325,474.5580405616498,750.5957852708146,553.5880250057791,567.5789791896702,441.2822576378047,415.1910187543356,477.5831117365436,370.1930850277736,681.0191482482305,497.24607437336135,0.7881536447098433
0.325,585.959690939616,693.0880554881313,480.0486941700559,501.9613141913476,559.1775998024846,776.2748537170945,510.4828886440694,452.86081377327713,822.9406185772438,439.0639789450573,0.8422857745123126
0.325,719.5952386203617,914.0462380365298,455.1250073102975,440.7837188501039,797.2069173461211,622.5806402131623,532.736686036057,374.5607103721455,848.6668347621134,471.1535061775724,0.8507270960130764
0.325,752.4739553530746,1031.0340253635843,703.1832936141992,499.2375280707898,894.467237793496,645.3006816639659,596.9144357368141,275.8468225753452,910.7467224045,463.96531141361385,0.7855066817485893
0.325,736.6752249070432,912.1202455756928,829.7289375268783,485.13940798154766,1036.6765171553725,740.067808179641,913.574209835378,362.521755414784,913.0895550821508,603.879822522483,0.7770964449164884
0.325,858.5825800667492,1153.8783555431808,820.6593212298783,562.7811611391604,1029.9957100094027,640.144609166374,669.9775727847124,555.7021528229455,903.5848472198352,944.0363233124956,0.7981384129485255
0.325,862.2408668843523,1252.668810435299,644.481056115086,909.5321389201,1235.6219565619497,849.5932011073496,982.6686410218956,509.2060221523666,1110.7949943280516,844.0942159869103,0.786338007417429
0.325,1206.8545644974513,1139.2801930079074,962.0456572590192,751.616693410005,1147.578800032942,1110.8278260649445,1033.7693322610785,978.0501136644402,1317.7002440460874,712.494688863424,0.8731201779845464
0.325,822.8583732020732,1031.4345296242366,1039.7012675312085,885.812761878274,1102.0197532914938,1353.2014050803775,1444.771424973035,721.7498095705997,1428.8738520750026,807.5967032199608,0.8598952948851466
0.325,1253.2882556047557,1327.4786808836784,884.9857872557841,1545.4130551405328,1663.9852526845316,1279.1224215500924,1127.4294984351402,694.2104079671153,1512.9547440810015,1287.7338101985397,0.7899872613901785
0.325,1535.1960710493418,1672.354178077332,1545.6395817367495,1352.0865169967458,1477.4086452456672,1460.002794099986,1058.9719837034224,605.0273858239799,1641.0236460150993,1346.5166446301243,0.9136288311130605
0.325,1766.3817022610087,1570.6114380305671,1209.4746248478991,1334.055702085455,1640.3175169611045,1208.7330708167249,1348.8867827089728,855.0117979458204,2045.2060179831456,1514.2533316611996,0.8563762312848724
0.325,1372.6163821677917,1685.5323396716465,1442.0665572746266,1583.3079246267455,1319.5533270299793,1749.5201414554774,1757.3235319169198,1052.677373248637,1739.3757338556015,859.1532898048536,1.0
0.325,1983.1692040968053,2186.485710735299,1599.8675932209485,1815.6830654314888,2263.9792972819428,1512.3748342166834,1672.3615935387754,1549.871730932801,2448.130723376644,1606.5337081927055,0.8517081958335102
0.325,2223.1225469211577,2526.794241052509,1892.243273257798,1832.5621310585768,2081.8186661259333,1781.6576274180647,1628.0664526406422,916.2810655292913,2210.8352529389604,1327.9054139327675,0.8584751997628941
0.35000000000000003,232.39035521656453,300.2843814475522,280.3771823983425,333.18364724466727,360.84417644988457,290.4355566547858,258.37448871237393,157.37164722059433,374.04579266146544,250.4116090926895,0.8523549816245227
0.35000000000000003,253.17623777282608,482.11720371423615,352.23497020996075,239.99977930137808,308.470304572652,349.8820311972038,400.4702199715126,112.70577871113652,460.23487089558176,202.1174611959633,0.7463067162827757
0.35000000000000003,338.30623175790487,476.6323779205992,274.54446533624173,284.29316516104416,463.98541598572353,280.6044679300377,431.5775760276075,194.71051812234623,411.8166980043652,370.1871149687338,0.6192042971891081
0.35000000000000003,429.426951652841,628.2928619871738,320.59765234434707,359.0244925641006,415.9635331816866,414.280605872794,555.6464998199068,317.79277349619207,588.1830944585295,394.3659660508784,0.5540864987958815
0.35000000000000003,601.6123854352436,462.5383534774837,546.9203503956727,538.7946766183675,605.0501704948728,469.1013976822331,527.5437436959422,418.7847254458312,604.1125927513372,228.45644350813603,0.7302500020489329
0.35000000000000003,454.80039749864864,666.2050782793822,467.0031637839634,442.5976312133338,590.0202401197113,515.1546199368307,485.8020199532323,432.3736918932035,599.5845704514454,201.51054595480247,0.6804298684094228
0.35000000000000003,698.0054140539004,654.3150602681134,597.1015017391035,576.9900690440597,485.7951242372145,493.0768498681806,521.8570035524689,217.411522410233,766.6616842887094,399.8014120239165,0.8338688810904584
0.35000000000000003,635.8700046701022,509.35990513306825,603.4126030396094,607.4697782434225,623.6984790586678,473.9518306270772,483.54151747245015,260.0280471533768,902.9058999027905,444.81393598152175,0.7947853517880402
0.35000000000000003,558.0589750845097,612.4942014260854,491.4835184077583,527.1209687464916,839.2423744604237,663.4048447671291,729.1970607770917,158.60623502401953,692.3847494381828,435.4818107326127,0.872504444314464
0.35000000000000003,639.5717538113064,660.5138544600059,505.9611516725968,578.0019779041272,795.3809826376349,725.0155244580028,573.3947157614141,647.9485940707862,738.8373108861447,406.2767525847853,0.8146116015808736
0.35000000000000003,867.0938205856673,921.8717044747448,956.6088991361128,505.0253685383395,1009.6053884271752,471.624219825486,732.153179785739,483.6486333621154,836.8101124193464,521.057919920509,0.8459107878036762
0.35000000000000003,980.9590523129089,1017.7868665635624,1109.138977237265,814.0381799300703,761.9053000168026,847.0397277650729,913.5211067370336,541.4166978148298,938.391838438772,760.4704501109327,0.8494062754673287
0.35000000000000003,844.4963333322519,1158.2411011337072,817.8280280691266,1020.7163112474034,1095.4921475734147,940.7113954580312,673.5054348804579,694.4217527338874,995.6167298232856,824.6258313714916,0.794213019500791
0.35000000000000003,1159.419522074016,1172.0697350757723,947.115947348887,545.609186858362,997.1667900949674,977.9164659618624,867.9146137726731,706.2118910545727,1200.1202073840163,592.909983299711,0.9166130334041646
0.35000000000000003,1236.508045650318,1145.9867893203389,873.1914386116252,1089.9498211160656,1362.7451718247753,1147.834161898502,832.5492418920437,1000.6601465048636,1205.7185026809343,756.8069661873701,0.8443615931248561
0.35000000000000003,1265.1764767458144,1272.543835795153,1497.5831667568195,915.5618018589324,1508.9690852876174,1027.4117074261908,1241.0651198570597,533.7986511203866,1638.2327486078625,839.2091717112224,0.5672028010280062
0.35000000000000003,1276.899735041409,1491.2697635520042,1423.8758415453256,1135.6592814742244,1265.4284291679269,1277.6166916584998,1426.0267113966077,951.4014308814976,1751.5250155565143,806.576194228849,0.5053471891170971
0.35000000000000003,1076.179357849024,1481.573583429031,1242.3371429064812,1542.3442548157925,1760.8109722061554,1276.184099121893,1653.1161115207674,1403.879433934574,2103.896028389618,836.1736683215751,0.582362436670972
0.35000000000000003,2343.619779906388,1820.8596787932056,1960.7904129295584,1757.49481805222,2440.427206038455,1766.295493155135,2069.038716695421,1154.6485735025117,2258.253231408106,1271.6975523712838,0.6153543183338227
0.35000000000000003,2222.854306644489,2551.359606646884,2312.7909161552266,2417.874744109892,2090.316145260233,2163.21213402157,2655.4967334488,2552.306307799633,2481.303721343782,1546.9096835847872,0.6006659417228113
0.35000000000000003,2186.636451425942,2355.531131632056,2753.283100401488,2537.4177103155694,2125.674466262785,2121.6769590389736,2494.444507659569,1754.905671254092,2907.1871285183047,2045.724321786513,0.6004280235961192
0.35000000000000003,3051.0718331124444,2222.533900614286,2707.2122168582628,2617.699554849247,2684.288242441321,2850.214152506832,3132.94317031582,2145.029034728429,3170.058176514681,1960.5456215634877,0.5690224900158267
0.375,289.5745790573493,421.8321992998887,293.2870736606473,295.1433209622978,454.5485579914641,289.5745790573493,314.4018867169127,221.8215525471364,386.09943874313245,246.6488602066998,0.45973694591830416
0.375,545.505158784491,548.3886555392378,460.3109364851336,369.3497206762845,384.8157487244752,362.7963189609488,444.8449084369447,380.8837076952752,674.7382406108977,219.9321615666448,0.5843958185975948
0.375,448.2397740065888,417.6586649777122,411.9954966390296,311.4742586274471,395.5723084568565,527.2409723311864,342.33852607325724,250.5951989866273,724.319230517279,411.9954966390315,0.5565096326650063
0.375,373.0602432663786,524.3008824284224,362.6624493239861,373.3753279312989,379.3619365647948,339.66126878475905,420.95311233435865,265.93145719326304,525.8763057530259,421.2681969992789,0.45284481909635943
0.375,568.9349474676158,582.3295312808589,512.0079662613186,378.3969927241937,683.7935036661968,604.0957299773859,464.7920583196273,323.8140636852166,686.8072850241776,475.84258996555496,0.5545697635220345
0.375,539.5295820829263,488.8232859980522,639.1182067676009,464.0173282011355,658.4522621093168,657.3578816182762,572.3609968141376,331.2324952882321,591.330258658836,525.3026356993981,0.47333689335885143
0.375,546.8141894924971,612.6134073152456,606.9410609512144,499.54463645891366,772.5735747808931,520.721396217959,578.2011727067959,362.652010873656,823.2465356328951,530.9316196732125,0.6010148331222689
0.375,610.2846813537062,704.3684863249575,564.9228468139922,720.7491487976313,990.8200711035026,620.7851060156745,788.3718836207186,345.25396288557863,908.916758740134,181.4473381588417,0.45973694591830416
0.375,696.5037404888509,742.9958037708514,719.7497721298481,597.3791527366594,914.9287170401371,521.061992254884,813.1725030644386,535.535936484186,701.3283885652841,582.9052085073544,0.5700746016935583
0.375,706.4954932508438,907.946015422771,816.678525330791,763.7150077644665,611.9177833109718,850.7265009091482,624.6857741528538,742.907911577696,1050.2854688822786,468.1596642023658,0.5375525654655853
0.375,906.4632587425872,998.5500483651292,849.8736114885081,702.2260772892353,828.7811066028992,796.3706722664704,1064.3998197153282,650.2664920832182,1109.1570861799182,719.2029714654549,0.5236081754723285
0.375,678.0133574680881,1209.3411327916358,1200.6486538497368,838.2809379593427,1049.616832234249,1067.0017901180468,874.6806935285413,611.1899256022449,1477.7214201227548,733.427910722691,0.6013944016440795
0.375,1275.226676941484,1087.658645827978,1276.9961866689662,920.1450582926518,1040.47171976169,603.992653648512,1031.0343345484314,569.1922956746233,1357.8037975574882,720.7802956625777,0.5569846167761031
0.375,1111.6661127573168,1460.0049286326246,1203.4665949194002,655.1787836499559,1291.494454526881,1238.6777387623918,1129.9004551045768,946.928261206176,1577.5849982511863,927.4363780073746,0.6178536516632939
0.375,1412.4742172766853,1266.121467052834,912.8327351171248,1042.848434153199,1347.1260125255724,1285.1813601052445,1365.505195111822,907.3870513878674,1716.7517956490583,1042.1677236870382,0.6236118095029126
0.375,1682.2143521530968,1948.4534052347967,1625.6943297111673,1319.296313315475,2091.984514857056,1547.6074566006175,1775.1749153799474,1323.0147358445458,2155.941382357128,1180.9709952339138,0.6901408819186805
0.375,1990.9219074037692,1453.405470739293,1995.793657585014,1584.1307672694802,1830.1541514225537,1767.6333574298549,1618.2330185382189,1435.5423867413838,2324.6367948193256,1678.317937440287,0.7005711035186568
0.4,266.98619375136013,300.47575115571027,438.8527418195235,203.96070724733676,404.4329189317195,210.23999926065227,364.89663588491527,142.79575171022262,476.52849389942,130.46973405445303,0.9743644205180163
0.4,402.9497943114064,448.4312562435827,359.5961200719592,379.2781562297448,380.60802353770407,329.2751454505084,372.6288196899519,290.7089935197142,453.2187785522339,269.16514313078534,0.7248558477265435
0.4,455.33631614330994,564.5332644956795,371.8679638410854,552.8656453566589,622.8713601907806,367.6795877398991,448.7545822700158,534.0179529013187,626.4613968489414,163.34666794628433,0.8291139271257634
0.4,295.2189336520857,640.7224109482052,339.6639819052001,272.5097849096185,485.0025338569965,404.2228476159314,332.8512372824606,390.9217747810584,538.206825196493,212.16833253677203,0.8373113939085657
0.4,493.5118837729905,558.252152396972,540.5635544122777,423.46503575359935,633.6055798117726,425.5876675117608,630.0678602148337,443.2762654964575,769.807784293925,272.4044089643026,0.9038360119441948
0.4,598.2311648835697,501.5133922837917,634.8270788402402,290.15331779933393,705.0314852061039,522.4253431161759,379.4025365304034,300.982720908962,768.8876207835631,377.53539806322505,0.8914680187822625
0.4,745.1958192935202,621.1978115450577,528.1993057337095,715.4040901591482,648.9765860081872,638.9118126519797,507.66716808705,419.9023444209317,874.8301001214576,336.16343009729064,0.8359040809206278
0.4,744.5911117340781,878.9764564150651,800.1837461786545,525.2847349094022,786.6138905268296,775.232721270462,956.0182175351116,444.3033382775373,782.236517735918,487.6393289075624,0.8708120897313306
0.4,826.6074530966421,886.400703431073,722.0833742677426,623.9494137952001,434.9844852573716,633.9910283551823,724.8219964204652,490.2133653372688,812.0014682821231,592.9116960643481,0.8537678237425901
0.4,580.3088285801273,764.2853206089003,1020.1887922340336,734.927369753249,776.5178001320913,789.7288780171389,948.2618126376768,451.1338448152442,1176.7645301308648,857.2521649851433,0.8770497712764139
0.4,1002.27919305676,1039.4816958558108,1360.0797346829158,635.7251213602391,1168.5962643936905,1094.1912587955885,973.2831246986774,1007.7501493507376,1384.6990380058176,805.3247664735533,0.8785762174611224
0.4,1228.8922789083867,1064.5330545517663,1131.7975058009165,968.6080979877652,1364.5909979501512,569.1157483949839,617.6631349487171,851.6264436414172,1192.6279660610182,708.9088253388663,0.8372462050235656
0.4,1134.0149920097826,1163.0761004401168,840.2450915727036,1084.7374603235628,1007.030583433754,1019.0340847419366,1151.7043623586794,639.976148694099,1115.6938584341365,888.8908600321782,0.8939331446856179
0.4,1305.317059980593,1570.0269862673945,1111.5115782348953,1193.895789987425,1611.894372567859,1378.9226262185043,1684.1493779573705,1068.2936310860316,1605.1415683258483,1674.6954520185527,0.8182358075795448
0.4,1640.979695035467,1389.7430325311334,1422.9524764253838,754.431931945474,1254.0174792241985,1302.3877562006094,1271.3441456038056,883.6599853600593,1727.6130269335092,1053.316926993727,0.8137164261077712
0.4,1958.4779288186528,1895.6515081317957,1856.8697669670664,1425.6168052153191,1683.9032013723893,1446.5589454442695,2191.1683758070044,1127.7730330702263,1563.6798037617411,1391.4888729903575,0.7949590313398263
0.4,1701.756035108276,2031.101274631923,1854.3387663306205,1716.7641726055597,2175.346151689117,2094.4689662871106,1922.7091704848967,1169.800939371342,2375.454651652852,1445.7839122379949,0.7857342037393725
0.42500000000000004,453.6802093597643,433.6782762817785,298.66522800537456,303.21112188673624,363.8988052028964,335.48696844439587,393.4471154317393,289.3461455485881,611.8773164311045,287.98237738417816,0.8050210241815935
0.42500000000000004,250.62955947257075,452.2229007874628,471.5649646163248,406.1833404060895,418.71481837971794,336.4429412485049,456.8540991690226,235.646270591058,494.1761096556974,261.7989202751518,0.7768435192056238
0.42500000000000004,505.75235379111024,595.9297786736561,464.3115954308449,407.6953480935851,407.6953480935831,466.35444971621166,426.9565456413112,321.6036317817689,663.3439700907044,294.1710170925775,0.7826324058125824
0.42500000000000004,576.7692650096399,563.0214388481,555.3482335486377,419.1488394831687,679.078669002479,461.0317517427378,337.30131628889643,391.6531871600933,633.6788709806567,500.9963626774409,0.8461608306977746
0.42500000000000004,521.3112857661474,727.4275685894487,569.475915429323,506.7910665294557,736.6355124956444,612.6824214507039,672.5340568409736,405.1495318726038,779.842018517023,524.8528026531457,0.7824619773550663
0.42500000000000004,473.632613900508,685.6504106905011,515.6575700499513,539.1309689802749,548.5960491941124,453.1880406386143,482.7190909057927,251.39253047956683,823.8405818125531,254.04275293943888,0.9110407803032047
0.42500000000000004,671.38353604297,578.9175400610021,537.5088549038593,800.4339043482355,693.0929437952564,374.68829676170645,708.7719605052422,420.9212947526891,563.2385233510163,322.0228816589319,0.7947839548334689
0.42500000000000004,595.035034167658,951.5467522138998,498.2675678408195,411.2617318890594,785.174617125652,825.0699760498754,673.1280771682631,723.6339038914799,1113.2502814705877,395.5582395465444,0.852644416160131
0.42500000000000004,759.0920811726561,845.6632068766172,594.6069423351216,654.7510928241936,823.7926066987757,554.0552045053704,709.8832307725048,422.8316034383086,1023.3618333215962,681.63370554279,0.7565355482554537
0.42500000000000004,1055.0318369359209,973.7266311537038,678.0273410767076,710.9365910361806,904.0364547689456,848.8650651310114,1079.2298148472944,709.4847123614979,887.581829789209,673.6717050526593,0.8616430387169728
0.42500000000000004,883.9204102325019,965.5613717459812,810.6528806691168,544.7964162534247,691.8548148770648,567.8233541161999,1035.1655248311909,710.171697267911,787.1026033094613,826.3530655755549,0.8594104259235139
0.42500000000000004,1118.2293462604807,1187.2981318130644,815.1258328024297,1191.8646630892706,1219.834667156021,1079.413830412745,1259.220999413281,905.885641916988,1312.8777419086805,961.8256500504888,0.8319714442634475
0.42500000000000004,1041.7770066460564,1307.7365483427534,1119.6038771425526,1247.6811679596317,814.4244951956492,1310.1877883583904,1128.1832171972878,758.658784839893,1279.5472881629194,540.4984234481293,0.8606791711072438
0.42500000000000004,963.329570510158,1416.967852698972,1339.4061349109434,1240.987484608485,1505.609815885295,985.4900613067364,1441.7354600598578,1002.436318974714,1607.9391410342091,1151.693742281088,0.8722505059127653
0.42500000000000004,1499.4710384359068,1643.0149576479776,1861.8490697801071,1479.7689318773896,1306.6718528275385,1450.2157720396094,1416.4407322250024,1117.390900533189,1727.4525571844922,1203.2357933953049,0.8111144096326467
0.42500000000000004,1556.6162889980517,1923.4095043679456,1669.36010519781,1724.9803878563666,2025.6305643890607,1438.611094708967,1471.6826141275617,1210.116960544114,1813.672189933508,1765.5681616882737,0.8369905623372914
0.42500000000000004,1782.3783581023451,2459.7629676668603,1588.3779925946028,1715.2865650309209,2014.3704618553452,1418.6276727753375,1813.0950826410672,1099.3354045438496,2529.279765307137,1250.4940226686283,0.9003047343044643
0.42500000000000004,1570.187738455682,2101.190299532083,2344.310480388549,1800.1425665581912,2341.6774098377623,1804.531017476175,1679.8990114053515,1618.460698553538,2777.011740902052,1630.7483611238997,0.8910419476384728
0.42500000000000004,2282.172075931964,2254.272661800761,2061.766704295498,1776.2626996862473,2603.015338440734,2382.609966804275,2129.655278681417,1568.8770546443457,2921.0686595363845,1797.6522505201592,0.8319100900187415
0.42500000000000004,2513.7611772185687,2835.8015728312234,2176.336686274089,2583.502409389465,3033.7435994339103,2953.7463037084776,2535.298910683107,1986.599510515041,3711.6694003892258,1969.164202472312,0.8515332226171272
0.42500000000000004,3238.2015423351177,3040.3299753815763,2978.0782464523745,2451.161826587345,3095.911876211227,2900.2635852908743,3240.424818368299,2613.4609770099114,3758.448134100589,2339.998024928051,0.833292264809196
0.45,0.0,0.0,43.48582899691805,0.0,105.17502827161778,4.651972404321882,77.06093417593586,125.60325491668164,123.98517755865592,0.0,0.8511489064454287
0.45,32.77412116507892,0.0,2.9182436653835646,0.0,196.19576642656364,0.0,191.9306410694632,341.88346941379456,0.0,37.26372680412918,0.930240492867139
0.45,158.549563532698,54.93484019486189,0.0,0.0,74.51557531382348,4.623229125312179,168.06797643774902,400.0452966665483,34.81019576704077,94.09631043278506,0.7871852803205086
0.45,0.0,23.40292904249106,0.0,0.0,184.33418184086776,0.0,255.4097441180687,225.9393890275229,102.27946766718898,6.934201197775858,0.8766407429783756
0.45,0.0,0.0,0.0,0.0,372.3769084508899,21.07793821420117,275.35147857599566,252.2661176747257,45.50158090684776,0.0,0.8629169914369046
0.45,83.22138706984377,191.83234985590784,151.63218830522536,0.0,185.4849559268538,0.0,94.85827593978094,282.8116628390431,41.96332653097822,79.69505710925638,0.8997764060861648
0.45,172.50510847573267,82.5698609108553,189.561793358724,186.84822985461383,404.7086140419372,56.59718165720751,215.9221245415348,306.63267596472497,210.10734560414707,0.0,0.9268319237168208
0.45,227.38433924273917,167.1943670902477,195.61740949559248,123.30584572905956,29.67700015852049,263.7491140848682,264.5850859203187,391.2348189911802,29.259014240790496,35.946788924403826,0.8323165618899174
0.45,48.77590769130593,29.44960464380509,0.0,0.0,389.2869613853085,265.5065918668101,311.9817491953155,277.01034368079667,254.00284005282347,0.0,0.7962666824138577
0.45,423.3085923822391,145.12002751893905,314.3430353870454,0.0,526.2484042901352,255.59202078595425,572.9479287166428,398.7034666091312,161.1886810850525,0.0,0.8382227600851322
0.45,199.3250816427881,152.6863438767862,195.9937432309277,96.0535908752156,372.5546790593604,0.0,705.1332971764333,1089.9028837459318,0.0,0.0,0.8352138456676882
0.45,260.0871555010209,516.5111116287844,262.5292884165282,0.0,722.8713429887565,242.99222509250475,471.9421859208687,913.3577103979555,536.0481749528078,296.7191492335606,0.8194193883673982
0.45,605.8588681862545,0.0,189.41339343077792,234.2918281112376,805.1719163259567,328.0085593557386,240.8915979171896,1010.4247572910162,94.37670822508798,37.61868789392081,0.8533218692787569
0.45,408.7237699647892,326.7078890929132,354.4983941817354,0.0,584.9562412597255,0.0,732.0425730712644,715.7749603363544,0.0,0.0,0.8158148264909361
0.45,324.81469000761075,354.54601174743607,251.97295174503316,140.48049522068175,264.60876348445663,0.0,1163.2379630707312,984.1067495882756,456.375788706344,0.0,0.726130259292322
0.45,1008.986270789093,186.40862707187677,458.4858997768017,0.0,550.5003710122824,747.2209646881532,894.7614099450408,621.0976808395144,0.0,80.11604823089408,0.7758196920968995
0.45,969.3462297705491,846.6124694120022,382.3949812531568,89.33681876438716,589.4560191369524,249.6421384163607,618.6783430318459,1174.7374205746478,188.69272000701375,110.20990726073832,0.8019852126575849
0.45,695.3332196656062,924.9419165337858,822.6870312888524,718.5729663121839,974.2101794245384,926.8010962655208,1644.4444727118423,1218.6923141465354,203.58018062401507,198.0026414288415,0.8691078051561709
0.45,719.394594664194,271.8585303164793,341.54068068641124,30.424600865738014,862.6846503544616,452.4432580357334,826.3714170630902,1039.3436231233009,336.6334869983814,179.60328898165037,0.7500379633126585
0.45,928.5622723609202,1036.6092648821657,1291.215049239202,840.8409517000913,1623.9142044284124,1880.6595331918088,1285.8661882232907,1237.7264390801631,1213.1216784070032,721.026464943844,0.7778348447335088
0.45,1521.8888116836729,1351.8652960033671,1537.345494927334,409.0076181399778,1903.5499902387076,1847.6681354346947,1595.6053009995871,2048.60501760231,526.7162059186373,1146.1725112992583,0.7778092804648814
0.45,1674.588121722951,1233.4771042934765,1693.648474327926,0.0,1948.240326980098,1066.0182921211954,2612.6297606392964,2415.218965802033,172.90462720228498,770.5828267440485,0.8031025678448216
0.45,2010.5423242558804,2002.6763527212224,1176.7493415832594,687.4859121281868,3258.0854096509743,2611.5025495029527,2982.776405938314,3310.000821779636,2364.5110433150157,1272.7141943059603,0.729228648649962
0.45,2618.374021382478,2287.4203217524205,2367.8731548116684,2082.6312921470867,4796.085934417752,2995.0395579779906,2227.080696958006,4556.555908718647,2845.1047327312203,2181.368859992529,0.7190216883293316
0.45,1977.897517922379,3092.939848890192,2847.0052786954275,2669.849020504272,4274.676300588823,3182.560073622198,3864.090619839916,5295.930024278981,2482.2718059489407,3549.3777376415205,0.7524188488641564
0.45,4330.773269363751,4572.639426662241,5257.166286941021,2126.596779266088,5978.201246434688,4155.078041892202,5884.6492421965695,5818.478312369629,5677.009427912013,3481.959962618058,0.9187355494140683
0.45,4074.11286834396,4334.5058288206665,5101.8585353583085,3491.109160373907,6325.475013350763,3733.067220993897,5643.383718650637,7505.3086041834,5389.903845620183,2885.0618275829256,0.7704084246972513
0.45,5164.599094108149,5024.098743517929,5917.97166365207,2226.203830903072,6315.248517044973,4721.296263797732,5884.05778592338,7773.5452593775935,5232.426849565472,4479.054280021553,0.7883502805622419
0.45,5017.095547694739,4934.609450682315,5296.092640530756,3774.951969155205,6625.574439436297,4611.943247663281,6589.183514283778,6332.020976539285,4524.605027297219,4281.998859613721,0.7915159891606007
0.47500000000000003,0.0,102.96092668213362,33.18076738779722,0.0,17.696409273492,0.0,141.37017862801014,194.0572153286344,0.0,0.0,0.768295111824054
0.47500000000000003,158.7797990723265,117.51008385516748,0.0,0.0,183.7588372300789,0.0,114.4691574707457,184.62767333991303,0.0,0.0,0.7754786713083507
0.47500000000000003,55.92865697845623,142.84481309362192,0.0,0.0,37.28577131897082,0.0,98.50497693052225,226.9897294485964,0.0,30.483637362132093,0.7255601761019314
0.47500000000000003,306.1314770515517,101.84115671525971,0.0,0.0,245.02678302239104,72.35282178576843,151.39371953492807,305.2194666929049,47.424538649493705,0.0,0.717434999389859
0.47500000000000003,87.79346791377193,99.94948654798304,0.0,0.0,43.2213995883172,143.5085533205875,186.7299529089047,320.1084907009817,0.0,0.0,0.6477553245344658
0.47500000000000003,196.02577423066992,0.0,0.0,0.0,213.4039457050201,39.96979439100469,329.49013115368064,230.43455374988363,0.0,0.0,0.6307757807813782
0.47500000000000003,0.0,0.0,84.91948424162149,0.0,300.51415656280835,100.4298923222817,316.41232484548465,628.9470476708076,112.45045858479192,34.510657979470366,0.6686732873388289
0.47500000000000003,0.0,58.79537569170285,259.3668346116324,0.0,340.67958822781617,93.40541953859426,205.9923091610084,506.2240148207716,186.3938505971059,0.0,0.505916240766824
0.47500000000000003,27.868586893647063,296.50349006518445,0.0,0.0,396.5562856341799,0.0,230.2584884327493,530.8737372199538,7.766655363801237,100.05279556899544,0.6571459325435947
0.47500000000000003,237.10245998319607,0.0,0.0,99.49393414743513,81.17913034915075,238.58744407494748,252.9422902952225,576.173827600074,0.0,0.0,0.6287988106741926
0.47500000000000003,208.5128418296548,266.8964375419525,22.93641260126487,0.0,93.83077882334229,278.3646438425908,160.03360610426265,608.3362160380158,0.0,47.95795362082439,0.613993447100558
0.47500000000000003,302.29358076002666,108.7587606055394,65.25525636332998,0.0,0.0,164.53248399300378,568.8919785520746,470.730225390149,139.43430846864513,55.21598615358398,0.6615174224788783
0.47500000000000003,132.30355388052868,0.0,395.6323664350048,232.64972759667197,256.298188918312,0.0,553.5018244470272,852.6229027856107,0.0,563.0890384963465,0.6553329998267687
0.47500000000000003,828.3599612654895,0.0,154.68146696849206,88.8740007582099,155.35989445519533,0.0,917.9123895104028,613.2984479803417,427.4093166234669,50.882061502794045,0.5574616460286904
0.47500000000000003,393.49368539121616,466.28281034452704,92.96828830671268,34.592851462965136,240.70859142979225,725.0085119112878,1094.7196119217133,976.5273694232546,0.0,20.1791633533936,0.6074360417691748
0.47500000000000003,390.2540902142848,538.5656254588608,687.626208861254,408.9802941593079,468.1550986255783,537.0675291432688,665.1547641272213,814.215347529606,581.2613704535172,306.3606965405808,0.49595810599416723
0.47500000000000003,808.8158575796394,160.16155595636388,67.26785350167538,197.7995216061116,804.8118186807249,404.40792878982427,506.1105168221139,942.5507568032,470.8749745117094,267.46979844713024,0.6478371301940737
0.47500000000000003,596.039241077581,528.6757216997075,387.9797635054407,0.0,955.8798129441624,621.6203243856278,1068.4365794995797,1735.2501510627712,413.5608468134875,67.36351937786361,0.6524151794198672
0.47500000000000003,444.840016870048,617.9367598362195,840.3567682712434,0.0,1100.9325103708609,0.0,1112.1000421751305,1071.1524255594722,701.6932483682352,0.0,0.6789738412873781
0.47500000000000003,556.8635007875648,538.6719526674565,490.1611576805276,213.2453696300856,945.9605022453036,682.1830545038238,773.1407951043313,1294.6318412139292,390.1076430199658,636.7041842035758,0.6639153508761279
0.47500000000000003,636.0573374034523,549.1759810296073,355.0336908609515,0.0,1052.2297605274478,933.170124015178,1269.9694561309973,2052.974272833379,1024.3419177407884,837.7078929377651,0.6366928133571066
0.47500000000000003,1177.4602977207771,831.7524777504246,1288.1324381073127,632.0862450942859,1987.534727354244,520.2731548068592,1461.556823042941,1864.312138057892,363.9630183846116,1091.889055153861,0.6403723637548756
0.47500000000000003,1466.3000886043972,1902.9603793077167,647.2390699478416,1025.7641148474715,2012.7713991591647,1598.0733124261112,1831.906189992106,2077.3661167188297,468.9576494831669,666.6174852157382,0.6649098009257333
0.47500000000000003,1956.5823260258396,893.2223662291872,2017.3457522999304,95.702396381698,2425.979793993224,385.847756840494,2542.949389570853,3203.7516503016327,2518.6440190612025,973.7339060423582,0.7172023645453496
0.47500000000000003,1657.6115024465196,2488.068261142306,2053.8532958600235,1563.504076510803,2588.7797169682417,1827.665272119812,3505.088864236989,2633.356918727277,2753.8804642238697,3194.699459396409,0.6435448894915344
0.5,94.08632998054604,96.28367526671389,0.0,0.0,60.72663336323871,0.0,156.21127398043927,85.69646616062334,41.549801774846586,0.0,0.5771860131308403
0.5,105.53439118772064,0.0,64.44334100186293,0.0,34.354812450469815,105.08530867202862,125.29402187818717,100.14540099941134,90.4901269120228,58.15618578216961,0.5991418852414753
0.5,126.18932324116832,0.0,0.0,0.0,225.31773066312036,35.321616437708265,176.03837869761108,61.2431252750576,173.4747129884217,137.29854131431802,0.5894693601588729
0.5,216.9161238108224,176.15710955550583,0.0,0.0,240.64568690467107,0.0,133.7230673170957,339.47233790728427,0.0,0.0,0.5698473637502038
0.5,87.0737759795032,0.0,0.0,0.0,201.7482960430766,0.0,290.4649734561576,315.1084949597908,116.64600178386227,0.0,0.5921104331555114
0.5,0.0,434.3551899800616,0.0,0.0,118.79800067830982,0.0,167.80217595810956,603.2710971945335,11.879800067828448,59.77024409127428,0.6374798519739147
0.5,272.64136774400293,0.0,106.91818342902356,0.0,103.86337818819284,0.0,329.1552646993433,205.05380179065824,223.76448389073724,0.0,0.6196135578895886
0.5,124.58013657742302,0.0,0.0,0.0,0.0,0.0,120.8049809235604,547.8170315492043,153.94245832967445,0.0,0.6199085319224859
0.5,253.1805861095749,0.0,124.28865136288434,0.0,191.0362604281328,191.49658876651336,255.0218994630974,372.4056257502671,188.73461873622963,97.1292793984012,0.6051567315783566
0.5,130.22968341556216,0.0,11.575971859161324,0.0,308.6925829109558,0.0,311.104243714951,578.3162607972464,0.0,156.75795225947033,0.6047136175888149
0.5,0.0,0.0,89.17689456796812,0.0,365.4706257149654,41.23787032045077,153.61106694366694,612.8978476376466,0.0,81.96026726189056,0.6579043391795402
0.5,236.9525478830847,0.0,160.53397675605916,0.0,248.4977996360844,291.9299371831036,29.13801632900851,421.67657593114274,80.81676227102929,0.0,0.6250883396848459
0.5,0.0,0.0,189.2209994916585,0.0,725.0468139251819,418.68900522440464,795.32889945066,701.0187504976709,123.74452665168542,369.43147519800135,0.7770423524060598
0.5,216.739053535035,175.64479873634284,134.55054393765064,206.79689511599813,590.5642100908764,0.0,550.795576414729,977.6455778721052,74.897593423422,0.0,0.7057322453070973
0.5,256.7868871215566,438.1296483772019,0.0,117.66515043306028,454.7411990265752,353.6875992428962,790.4329517326516,1335.845531387065,271.3219939397524,46.37391222950402,0.6298986828982335
0.5,476.480981256489,410.2007829364146,0.0,0.0,864.5883647528844,59.65217848806533,1203.3538228332322,1081.84012591311,194.4219150721977,209.1508480322161,0.6374671266490877
0.5,34.406812759290176,343.2679691565855,406.4804856213248,450.4891996157555,938.585845735848,626.5240555934968,820.1623971690049,1016.2012140533074,0.0,406.4804856213248,0.6325658882583579
0.5,822.608767130613,385.9357613231586,879.1683183590123,0.0,1293.3838552963614,0.0,814.291186067612,1317.5048403790652,692.8545025478217,407.5614720869556,0.7328332105264246
0.5,562.3061170415564,388.4530180528571,295.1880743245504,0.0,268.9290124981366,676.3972132528852,490.7728106868269,1840.8507825209012,0.0,31.691971169815844,0.706178199770931
0.5,139.02836192236688,0.0,729.6656310287982,518.7903975089581,754.8586899006347,924.678568221908,780.0517487724712,1308.1729088265567,694.2087333573121,468.4042797652852,0.6932682441140984
0.5,920.040952477788,419.9525406017649,388.5068189625077,1090.4564762002385,1625.0337440677024,1026.550654804318,1866.455736007848,1871.5276265948328,951.486674117045,991.0474206954708,0.7299921681396336
0.5,946.7791337927448,1344.4926555726483,600.9893218007646,71.80938587692636,1485.9019077610717,1621.7873610358777,1420.7210805804712,1275.9975490438976,1194.2453251224572,315.96129785848854,0.7315109697435289
0.5,1422.0221860240213,1252.3691663160955,180.25633343966072,358.1563749389358,1953.366018581461,745.7663991327321,1460.9010030404108,2537.726419797617,2156.0071254547984,754.0134209240816,0.6806139311435399
0.5,968.089224538594,1005.1124668367938,1461.7324551814866,1134.008199282449,2328.350571199038,1096.9849569842331,1810.0251790239915,3149.718057740984,752.8059267304313,1260.1614693356453,0.6914744845987428
0.5,1129.6649278747052,1420.3759023207713,1483.5739402438464,919.53145178054,2943.4486162665485,1911.740647172588,3319.4769419087584,2670.117102249308,1082.2663994324168,1200.7627205381557,0.7204795820487688
0.5,2849.139978659516,2560.7886805511957,3599.617198239389,3357.0965700291,3410.565684910104,2125.397316520124,4019.73167230445,4726.287833232083,1835.136407166076,3318.904345114084,0.7154714200900498
0.5,3602.959612697288,3387.762143222148,3924.69048290266,2032.657285933284,4035.485219662098,2358.6494921678864,5256.35799203084,7050.380460328373,3975.82651525316,4120.711940246323,0.676692372336098
0.5,6272.233212365015,5199.778828903637,4196.964340472236,3335.7509719350605,6499.7235361295525,4677.479616178941,5766.183308480653,5995.994962079522,4447.667962580072,4227.14162831855,0.7676858300884343
0.5,6333.981200548124,4270.367739729228,3740.746712790763,3786.074638519718,6019.0714007468505,4151.083724652992,6737.161171505787,8068.370779756586,4246.510936713976,4654.4622682747095,0.6923272355593874
0.5,4422.521519257771,3827.0424312788823,4359.584705081144,2800.688230860026,6705.191356510158,3720.533976518447,5666.733922595751,6913.366972632858,4906.650859077998,3272.7143371847314,0.7323794447582878
0.5,4267.908602817641,6565.047644922423,7067.154539371558,3785.885984146482,6306.462594281126,3991.749810870611,7129.9179011777,9512.415115338845,5201.827426493037,6168.383198307626,0.7448654596270493
0.525,40.27169653831493,25.46592575216805,0.0,0.0,290.39051768558414,0.0,154.9670675616476,178.65630081947992,88.83462471686781,0.0,0.6844826571291516
0.525,77.54328460204947,63.95563956603742,0.0,0.0,45.91686943202932,0.0,135.64218061808324,300.09953950218744,0.0,0.0,0.7096115585150706
0.525,89.76323363674469,252.3671240770707,16.18681262301839,0.0,192.03445884581933,57.6348631274173,223.67231988171952,349.24274507847446,0.0,54.44655155015605,0.5986832906670423
0.525,261.9948061504689,0.0,0.0,0.0,101.43542227429909,0.0,129.4562571567021,109.28125604137117,0.0,0.0,0.6429969620006211
0.525,95.64778643013372,0.0,0.0,0.0,72.1613192996013,189.2532713706541,156.9168311184728,219.2070265516205,55.1421402195067,114.02849983663468,0.5513533196828614
0.525,48.41092285821395,135.86291253756346,68.32186693699498,0.0,0.0,23.034229424473835,299.4449825181422,639.1022638620618,98.7738990574831,153.43139260708267,0.6085901832834727
0.525,385.3354697832396,221.01330782876627,70.2477242355388,0.0,205.4027024430915,199.65142677468552,430.5240643207206,391.4975508565313,274.0072050590824,0.0,0.6890026203265422
0.525,310.4891700991061,101.6885928272181,267.55398646095045,0.0,280.6605162031236,0.0,498.5000795040946,666.1732703436426,0.0,376.473768111436,0.6227479308920082
0.525,191.0819458216887,172.485162773345,455.1562651081069,0.0,554.1841348405144,0.0,475.6127264612828,168.30088658747243,0.0,79.50124753165294,0.6623467535729134
0.525,463.8275970096712,125.18357725744752,0.0,0.0,710.2048367115777,0.0,310.71461606131595,553.6006803018627,0.0,0.0,0.5779427154822109
0.525,226.256817543746,202.30021333322927,236.9041971928659,0.0,209.2210101051554,280.55845375424406,211.35048603498305,631.9219821751215,236.3718282104045,0.0,0.7088915425491977
0.525,428.1225591462902,70.80907466795888,245.6530205788501,0.0,288.6831505693785,0.0,194.4526127420197,942.3053782736436,170.48646439286057,7.08090746679589,0.6336890117933881
0.525,451.3996844931274,247.02581159269312,196.0804403769393,67.5322362627505,637.4095282343889,422.96505869828366,443.1062519696324,812.1639992651955,185.41745570386956,404.6010295391177,0.6247273154023415
0.525,286.3109053900231,0.0,0.0,0.0,372.7680278053898,90.84262862484506,932.8598208440684,640.2839065833723,320.7684541787535,379.6595375631373,0.6721763590688403
0.525,500.54544174749793,350.31257748856234,96.23211120733244,37.38513672802628,497.0838550134165,272.08071729843624,708.9329631389171,915.243532489892,0.0,0.0,0.595333341804923
0.525,256.8558346887034,104.05208034131329,285.2336747817971,0.0,880.4406798111447,88.77170490658006,627.223029749757,1111.101585183152,352.9039088499227,232.1161792229417,0.5994085205632591
0.525,880.9609389329382,133.12298632763867,39.15381950813059,409.5489520550474,394.6705006419535,176.97526417674953,433.04124375992217,1101.7884809587986,824.5794388412281,27.407673655693195,0.676344249786825
0.525,280.30582687022724,738.1660777989892,292.6359952076251,91.24324569675912,750.4962461363965,65.76089779947083,1175.476048165437,1479.6202004879676,635.4146749873343,425.80181325154257,0.6736461766935724
0.525,705.8397204922572,103.229059121989,167.6369336169091,371.4481529090536,1248.454005620678,300.86418085982183,820.538675072245,1333.154772079752,906.1217411819335,127.05114968861112,0.6505298998228257
0.525,562.8718194457263,439.2245673051872,0.0,29.527702003714737,701.2829225881175,864.6080242961373,793.5569913497114,1736.5979740932062,531.4986360667813,884.9083194236906,0.7097571973787657
0.525,666.2118578505408,850.5041913091969,1233.8716657231907,0.0,760.8218258293194,963.839048783769,1727.6174361124226,1375.786617691359,452.35390939852175,990.448102277809,0.8021413513444323
0.525,976.1830436659352,415.2185663713216,1505.691568962702,0.0,1318.0043887089869,748.6516575483051,2110.6943790542587,2393.7979470347154,411.0244394382816,1278.1601828450837,0.6226256484737404
0.525,1355.8315406338736,814.1802467625439,817.586858673694,363.37193718831134,1184.3654077731296,1291.105914322201,1589.7522251988394,2883.1292141284653,629.0876662572509,1513.671225850043,0.7020267755814148
0.525,2053.9565657650764,1456.283784075412,516.9061895694293,775.359284354151,997.7780534236864,823.8192396262837,1759.4691452651823,2312.409660549798,1445.10071747416,669.7414331200092,0.6279617634785647
0.525,1777.642903505989,1860.6456849926367,2488.7000649083816,788.526424123284,1885.546519438644,1950.565364936532,2068.152638709305,3180.389910630555,1709.8572986252143,1693.256742327882,0.6148873443602293
0.525,2933.6204909245803,1470.8289036690323,1745.7051250104646,1708.7334695083982,2721.435337608383,2170.07543164284,4205.123947539009,2901.4712252706227,2002.899250242212,1665.3319608755446,0.7082469390475477
0.525,4136.007158305552,3244.8768103802317,3031.780422832868,2251.0727484548243,2896.1736307572896,2208.453470945347,3310.7429665312397,5275.104211740522,4302.609788569855,2706.324121851458,0.7069329543685018
0.525,4953.440056049055,3687.371470294681,5426.617204260287,3964.457187715684,4107.262903617262,4164.811475697002,5354.148632011714,5083.457200377367,4088.08004625734,3977.2457592889486,0.781442815179121
0.525,4381.158721779749,5294.284434319089,4088.3128493239487,4971.462212714272,5232.025863009592,4459.5584041695,6103.645861342636,7192.01792275319,5176.684910734477,4341.958880584888,0.7077359158726267
0.525,7749.540079131626,3937.755464652068,4572.275302558096,3970.414573956052,5367.757893462327,2759.6947361868565,7539.588662177434,5351.428338810349,3767.461537566992,3823.4485820881137,0.7245972553169665
0.525,5754.0412519433285,6739.114439902776,5789.055701752336,4451.503719049074,5618.652046015241,5401.562457199541,5819.401558253456,7705.513254630808,2910.867927453693,3926.286971914287,0.7066819105453669
0.55,60.04618881463587,0.0,0.0,0.0,103.50304017898084,146.05829711668045,142.9928760660842,277.1501267510337,26.687195028727054,0.0,0.7547186591637212
0.55,4.2556047420503145,0.0,50.1215669619083,0.0,203.32333767566584,53.43148176127927,99.77028895247828,303.09362662814414,107.8086534652352,148.23689851469976,0.7822958096089884
0.55,18.443123077339926,94.18288184828076,56.06709415511271,0.0,123.2000621566305,269.51550523686166,239.76060000541904,166.47992431145462,0.0,0.0,0.760521017734464
0.55,0.0,121.7558891812241,194.36261208746413,0.0,205.81213377652355,0.0,347.95375669681,137.95277352185033,6.422902410936788,67.02159037498664,0.7275260683593776
0.55,35.36014349342562,130.6095390297658,165.6511226719032,0.0,268.54595463925455,60.84493159679368,156.41288698442932,218.85061783768572,136.6621762043178,136.98073605561325,0.7550741242322543
0.55,243.23017024581355,293.0572916163483,37.647158368850405,0.0,290.4736631008413,194.5103182390632,338.08624574379866,402.30786884360384,122.16871980479904,0.0,0.78769981194939
0.55,275.2250367067573,0.0,113.42607573369465,44.20280892562828,177.22824333389613,309.0026548480387,454.1213105661473,501.6601805427683,0.0,174.30918991428163,0.7463924986063925
0.55,83.35184524796782,151.91545988742348,232.5785359338464,0.0,581.6704039347396,94.55505025441502,376.8758164168825,712.5238384100412,168.49620329696555,378.2202010176601,0.715385123775848
0.55,517.8018878297618,90.95879456844608,80.5364326908155,0.0,207.49975010927184,275.71884603561045,695.929527192972,943.6974936476462,66.32412103949227,56.84924660528216,0.8770753355450415
0.55,0.0,0.0,324.9339287474358,294.2430179362037,439.9030549609152,0.0,646.9449136080796,460.85081948286665,269.3979948985444,269.3979948985444,0.7788062869413496
0.55,199.4556945656748,0.0,0.0,0.0,562.1024119578087,527.3919404359923,608.2103517405221,477.1394667402237,0.0,0.0,0.798056181217775
0.55,0.0,183.42926084926583,521.2075338765795,0.0,344.4890996437442,266.19612245198505,393.7018281642791,724.7692745751559,310.93496656155986,219.77957168830252,0.8247665812219611
0.55,503.41795043564895,300.9946486870471,90.94380223488189,313.3160670543553,418.9282244884044,49.87240767719242,711.708594263915,912.958427596584,139.6427414961348,227.6528726911779,0.7568465801904205
0.55,190.88351833859411,714.1143922311052,221.7708190406317,0.0,470.7224626990528,470.1047166850126,827.7796588146055,895.7317203590894,465.1627485726841,98.22161623248144,0.6882704295974433
0.55,299.0324939634903,768.8457678127918,212.6453290407072,0.0,1071.8653616957993,211.9808123874556,685.7811861562743,870.5168157603842,20.600016250814598,286.4066775517024,0.7149342895228463
0.55,663.8680570412608,428.82487147392885,571.7664952985774,111.2586865851608,1044.800116408996,665.3416820291424,1147.953865560808,1151.637928030512,313.8821224190641,467.875933652833,0.723875977737836
0.55,689.7905878342882,722.6750426458991,717.9772633871091,138.58448813469573,788.4439522691479,1430.4737843056016,1003.7588349643078,1157.2196240852093,672.5653972186741,298.3089829340138,0.7589343287949905
0.55,553.3027370646074,809.4917262675987,806.2177455749116,748.9230834528331,1081.232123760872,599.9569619354438,758.7450255309034,1121.3383872463248,541.8438046401935,838.9575525018096,0.7950761179034961
0.55,778.725768901395,691.7173031023469,1213.7680978965852,791.7770387712486,889.2265204661718,575.9960435896326,1553.9711991708216,1381.6944368887246,402.849196649546,216.65107983960567,0.6859551590020895
0.55,744.5819166034473,555.3413819797611,364.3322442287625,0.0,1208.8402375260102,0.0,1637.7264959021036,981.5747356648708,1268.9727438550349,1049.6659560668463,0.720265329130749
0.55,1197.4752480099446,1137.2669953167076,857.2508359656233,553.3425128473704,1529.0984810980972,1169.760338040045,1121.9760105057296,1804.3362076957544,1449.7764973911294,900.2567307465116,0.7386146682006182
0.55,903.1841994038368,1150.0479377699685,1272.9840966350469,133.8417858611634,1189.7047632103213,803.0507151669691,1786.5399860874973,2348.675486704381,905.1670406758524,1211.5160172025132,0.693235862707171
0.55,947.3820302558872,361.80373340897086,799.9417805140696,282.3323931226184,1130.3752480205326,795.7590783937383,1699.222736386101,2179.1878046945467,688.0544987951026,41.82702120334779,0.7362281454001418
0.55,1018.3740925865644,661.0897740701512,802.1829444396996,361.8357111089617,1658.9825999901757,472.20698147868126,1630.5363962866406,2917.4426518345654,1103.712703697157,1266.4249888813852,0.6985770905657197
0.55,1532.1572732399122,717.7011687598513,1583.596606154451,0.0,1511.3365908697506,847.5242470679706,2295.1740448054347,2327.017441371571,1143.9127843373974,1379.0640205180985,0.6914125404093763
0.55,1796.3261353249777,2623.381750282444,1386.250145938718,1731.431955186408,3134.250827969032,2848.4402899119377,1817.037043879836,3295.7959146969447,1408.341781730566,994.1236106333536,0.6851922592522638
0.55,3066.324433131374,1896.776664231668,2134.464030454906,1084.5469889258268,3215.862842344649,2343.8178033534946,3196.973780128251,3625.125857033645,2735.765844344108,1975.481090133415,0.7312942415550547
0.55,2928.4418548488748,4088.492121741605,3955.132012319288,1907.2322498204696,3679.277539404641,3251.7944489276515,4252.908695001986,3860.135769991068,2526.534675767922,2749.410475076472,0.7652763977703027
0.55,4066.7767803361216,3811.644086098024,5599.491236698649,2574.346433590116,4413.987439411977,3287.9506610830617,6230.608954024388,5783.647166374231,3481.6980454292616,4110.897471820904,0.7422715385036568
0.5750000000000001,79.41163529753963,34.51902164960488,170.80655790349093,0.0,134.49898590934447,53.29880026726727,199.42336341611585,117.86546770513117,3.219390620169592,140.4012020463244,0.7545151188916022
0.5750000000000001,0.0,13.085628456484011,0.0,0.0,14.073223056972529,183.9394943411538,102.21604115065364,425.6532728109361,18.023601458932188,25.18366231247952,0.71002523486195
0.5750000000000001,154.06295867196718,416.4146523018195,18.048122492982344,18.309689485634003,222.8550777394161,4.969772860387477,157.98646356174504,161.90996845152588,91.54844742816408,163.2178034147842,0.6806241568509906
0.5750000000000001,77.99238855779865,174.20980262050756,96.75344422462072,0.0,279.00369927376585,0.0,107.2060323818508,467.1502861039166,181.98223996819075,142.58402306786292,0.7390368063800046
0.5750000000000001,94.01019174470105,194.1849862267538,11.712745200978746,81.37275613311604,285.11287660277554,159.35498076068865,228.70676155595487,395.4592656014726,0.0,0.0,0.7804645558329799
0.5750000000000001,59.62598312899382,34.284940299169435,201.9830178494664,65.58858144189193,277.6334839443752,267.1989368968025,430.05240331786047,255.64640266555787,0.0,147.94697063881483,0.7718783701433269
0.5750000000000001,191.3318800028476,201.6853367129537,33.13106147235735,0.0,242.6850252849975,0.0,437.7441497034863,733.853011612654,231.08915376966985,143.7059791363389,0.7923070612509037
0.5750000000000001,337.2946088428181,168.41722624347838,150.9312847209315,227.31723979310945,272.4125626670475,320.7289800319834,413.680563914996,837.0244113029802,117.8000270992621,323.48991816711987,0.7432293464348967
0.5750000000000001,74.04208816823555,42.660011063812746,199.080051631154,0.0,455.5304629688144,462.3952923354107,441.3104592808768,719.3360486278273,203.00281126920265,206.4352259525008,0.7670041162583706
0.5750000000000001,27.2716414428952,0.0,0.0,20.58237090029816,577.8500630259045,502.7244092398101,665.839698624686,515.0738317799903,78.21300942113652,111.14480286161472,0.9276278246134199
0.5750000000000001,475.8432423390182,272.8311141176269,473.694965849905,174.54746474061028,759.952808024502,472.6208276053484,827.086448309352,699.2639972069977,242.2181741477387,835.142485143539,0.746177758749922
0.5750000000000001,677.8167353271388,12.844072504040634,339.20027840230074,242.28591314449676,627.0242667884123,241.7020916670406,689.4931648762738,653.2962332739629,0.0,375.9810314820676,0.783075519802124
0.5750000000000001,521.491270282707,208.8351768866673,229.7186945753354,354.423128773369,701.0895224052404,455.8573575468959,236.2820858489172,787.0102808957581,120.52773066030406,310.8660775941555,0.7042489496318506
0.5750000000000001,76.5471178194424,591.217576654221,462.3943783727264,88.37146935252314,427.5436580646844,148.1155613091625,965.8628199656316,670.8763659297356,613.6216111379609,277.5610938818787,0.7680139048691523
0.5750000000000001,379.495326900896,275.93701662395875,458.8026404673983,319.85098364012885,649.5334524331289,578.7467593324494,605.6194854169663,1616.951591475814,151.40487135423786,17.04124093164563,0.764951400170067
0.5750000000000001,654.3943800951055,595.91658442703,462.2530514714365,642.559588114665,828.4354386310382,0.0,829.8277670993245,1006.6534825718376,379.4095076083286,0.0,0.6694551278876831
0.5750000000000001,298.4436495248237,499.9503591783992,1005.2436992945952,14.502376831124725,648.7905424452554,786.9447638365436,1262.4700672993529,1588.391904504212,719.0125776275621,569.4091113696034,0.723508339208052
0.5750000000000001,798.952026876216,137.0318922726443,712.4055685987493,337.3709160630781,971.2435873359794,732.4394709777916,1315.0253521603454,1295.792805876464,214.76343350333127,839.0198316343009,0.8459337956454407
0.5750000000000001,622.4584953218616,720.9648874873822,611.4189858550351,274.28935059885583,411.00942938032927,656.4262167582503,1493.7305501652806,1267.8452026132857,408.4618502725927,425.44571099079184,0.7857244649703711
0.5750000000000001,518.0671737042068,444.3084574480115,514.5548538824864,0.0,1462.881205747814,268.69246636184903,850.8594768125103,1102.8684240211685,972.0345106619588,555.8246117877394,0.7830463034951205
0.5750000000000001,1057.759714159648,894.0139932843991,207.97588685879523,383.9554834316195,1181.980605858106,680.3917022574971,1175.393134328648,1236.5625128165257,220.2097625563708,1254.4427926822189,0.762213282618409
0.5750000000000001,1416.8512619070889,669.9612839808053,910.4851751774054,383.66968879132776,1267.8627786962325,905.6162704973168,1808.3111981865693,1805.389855378505,892.9571183290641,741.0472923101657,0.7243288304963786
0.5750000000000001,1615.5493268182518,208.2217072777293,1466.9690130823692,20.92680475153644,2091.6341349155928,380.8678464778752,1334.0838029101449,1425.115403579308,783.7088379448626,996.1159061729064,0.8275743900595364
0.5750000000000001,1190.8605908280033,426.47899947008193,676.8987196717553,131.2243075292617,1580.1593698314714,1623.9008056745547,2297.518917658069,2053.660412832865,1046.5138525458156,1303.4947881239582,0.7458130418508381
0.5750000000000001,1579.1076058802355,1241.8111549568157,615.0699987427073,922.0214402404916,1630.4606987543962,525.2020862129398,1731.999768755565,2488.2907729022,1540.592786224615,306.95144149778423,0.8300370812706419
0.5750000000000001,1461.874425988977,1493.3532034650386,1002.2842748382684,778.1553792085955,1398.916871036825,764.3047171191346,2656.8088189808277,3190.68888497508,351.30315663300496,969.5463462631504,0.8530364016124176
0.5750000000000001,2279.734460528128,1707.0322573975209,1586.7964357457963,1659.570748850794,3417.2286153648383,2276.57035995833,1657.9886985659043,3393.4978610914754,2670.500880896222,3115.0570109506384,0.7673747981534679
0.5750000000000001,3287.8689197648696,3969.1714460583808,3906.2543262159857,1301.4855647401637,4073.4341017972406,2336.921594146699,3757.050870589689,5720.06500967293,2399.8387139891142,3036.2004403952087,0.8293170210376367
0.5750000000000001,4162.606013068895,5534.821559963842,3703.0122892285,4447.1164135415465,5917.816329830856,3937.186234232888,6149.801733293173,6296.434016613676,3740.217495444144,4210.753926995039,0.7575764728344356
0.5750000000000001,6056.855676885658,5298.574908035215,4824.355975193812,4643.589352278986,6836.265012050772,5505.165334223588,8228.402770342693,7193.103020921551,5491.0796233470965,4803.227408879087,0.777737700512724
0.6000000000000001,16.74185148506054,13.93693395876758,26.03314079090572,0.0,29.276326680681823,0.0,9.55425032393499,0.0,13.49866559528443,0.0,0.753035799880364
0.6000000000000001,128.50214613177928,0.0,0.0,0.0,52.69751658961741,0.0,44.71808190096879,0.0,18.78491916286044,72.97857975659937,0.8250563095997383
0.6000000000000001,80.94520410147733,54.871508549558776,0.0,0.0,65.37881869734686,0.0,34.246047889086725,0.0,92.81457297212664,3.5024367159290914,0.7768435192056238
0.6000000000000001,53.74231792545967,120.71351410949268,13.642280704155615,0.0,49.19489102407389,26.044354071568787,128.77486179831166,0.0,72.5521291993697,103.1439101723234,0.7925087349256313
0.6000000000000001,171.40533236337694,73.62691431203848,92.15088319946292,3.986170520078717,181.4879989729876,47.83404624094264,30.24799982883192,0.0,15.006759605001127,0.0,0.7809792497746779
0.6000000000000001,216.07720155748825,181.51508993395527,0.0,0.0,170.7624329844135,0.0,67.844145038785,0.0,228.62196799862144,38.40234624836881,0.678009784312696
0.6000000000000001,345.4619188057163,131.72069631427053,46.6510799446386,0.0,241.4879432428306,2.1343631347229914,144.83178414184877,51.83453327181952,150.32014648827638,0.0,0.7459878527544044
0.6000000000000001,217.05138880357052,124.68162301823207,106.06718352536976,0.0,127.84256557362367,0.0,141.18876747416763,23.88267708518363,117.30609038898402,170.33968215166962,0.8093385451053304
0.6000000000000001,453.8571798680956,246.8615066174441,276.7608816425385,0.0,293.6271957592579,0.0,89.31479975444779,0.0,215.04550498817744,163.29658667551456,0.7428407695517603
0.6000000000000001,339.3646855793141,275.40903223103254,3.197782667414578,0.0,217.4492213841543,108.32488785865117,445.2912364374043,46.76757151093064,464.0782096084607,216.64977571730063,0.758836332431919
0.6000000000000001,0.0,53.33138763131308,239.11695929777244,293.3226319722238,155.62273767825891,121.08847847437453,146.00560220376002,129.39418638416967,0.0,386.8711315878053,0.838123911579773
0.6000000000000001,0.0,279.66264144419875,175.5514711869344,200.3813318759068,255.70400393729756,119.35757594347442,0.0,180.77881027935024,0.0,371.57668715249474,0.7430589179773803
0.6000000000000001,75.10229570356995,129.13931334394022,394.74499327119634,463.894058217776,250.0356917935887,337.0444490111372,0.0,6.86911241191198,0.0,358.1097270743331,0.6935750153376271
0.6000000000000001,0.0,188.19619020477475,306.23359917452177,301.9671868021216,347.47558544105954,286.79772058914165,126.57023371454744,179.1893196408197,0.0,389.191617526752,0.8148058900224419
0.6000000000000001,34.52899110333973,53.59723992159952,164.39922629798932,341.1670464240404,183.46747511625128,298.3923261019914,78.84978565389346,209.7507370008817,0.0,347.3513433380702,0.7307335319298279
0.6000000000000001,176.9219166994423,402.29321981811177,364.1869608366941,598.2682660082629,286.3413174889418,487.760114962149,301.5838210815093,231.9038046583445,0.0,292.8738190286123,0.8564790564542399
0.6000000000000001,671.0549060736228,114.19706296340595,563.3329343091726,427.9446637855482,496.2274437018111,453.8450285813719,213.67800956554944,573.9285380892843,689.8915350160435,344.9457675080205,0.7700590463593434
0.6000000000000001,741.7977655631587,0.0,536.6724018192947,337.74417897403526,629.6295152983874,480.8981337318375,519.320407303197,288.1670517851852,208.8436482830284,154.928522465152,0.7756482476235791
0.625,27.96975507933669,4.847031419998711,16.765961141306875,7.548655490161962,19.705963805896378,0.0,7.310276895735706,0.0,34.40597712884307,13.508120350815837,0.8005819309581614
0.625,10.299685192702336,53.91241468054962,98.00794191180584,70.81033569982698,83.68494219070467,85.61613316433538,0.0,7.885696475662712,75.63831313390538,29.289729766746134,0.8128980651751632
0.625,36.24291855215082,115.78658716397484,40.057962610271694,71.34132388686487,163.66539009339508,0.0,81.45119064088594,72.67658930720643,80.30667742344819,5.1503094784634325,0.6954838140618056
0.625,83.45268466148094,58.1262480229219,25.74162412443757,20.344186808023156,54.1819669070818,0.0,32.59221764142414,0.0,29.47831149733894,104.41965269832023,0.7758876996063889
0.625,62.2044088959512,13.260629803399825,119.34566823060348,39.54078705013924,111.8714950686858,14.70724396377131,81.25149534083444,126.8198413925186,58.82897585508398,68.47307025755761,0.7731224978831928
0.625,11.154312553045903,101.3803074265688,57.01093082667733,101.62818103885964,185.65733560513692,29.74483347478778,12.889427839075438,232.00970110334757,4.957472245797747,53.04495303003914,0.746866289718287
0.625,77.92008174142272,121.40357305030494,180.9380175268984,166.6380774320303,316.0578596477918,155.8401634828439,101.26692271263556,0.0,181.81352406331763,187.06656328184096,0.766066759742033
0.625,238.29583790161232,166.93984187257675,266.1744596059793,165.9441768117079,301.022736736437,13.60742249855876,178.22404589577306,0.0,107.1999382203622,160.30207480010887,0.7246799131188612
0.625,299.5704901224986,200.94040246545995,0.0,0.0,232.95837868248375,16.561022181219712,106.35856467494148,49.315043828520096,139.48060903737934,244.7351055669068,0.9046080528567414
0.625,336.5036371435021,164.79319594089264,107.82764672675742,0.0,85.04142704110265,28.889671387169507,186.76562206634532,0.0,187.9863124066476,225.42081617593809,0.6583114009953761
0.625,333.4223885232381,266.224294815729,0.0,0.0,331.7103351803714,8.560266714333629,354.3950419733528,0.0,133.5401607435812,51.36160028599277,0.776341465374525
0.625,350.49386971496114,283.00467785713795,214.61563010787697,0.0,198.8681520077184,0.0,218.664981619348,32.39481209175491,313.1498502202993,196.61851227912487,0.7272559392542147
0.625,448.3858773445237,180.47066432538864,46.97818839398133,0.0,387.4537716057973,285.12504441098923,326.0565352889117,153.02796021405388,203.72719323329963,240.4725089078004,0.8304329400969626
0.625,307.2854390718691,310.6728376128184,215.825678466226,0.0,469.396654960178,272.92753958509456,404.5521686048537,29.03484463671288,542.4676806292357,151.4651061881813,0.8279309788321849
0.625,319.35999188118035,534.8256274292189,45.0379475729881,79.32820311151052,313.7302484345571,100.31179232165464,363.8861445953833,0.0,435.0256299663515,407.3887075920183,0.7996387311804235
0.7000000000000001,0.0,11.668212448767536,62.78005611021722,0.0,44.00945347524309,0.0,39.57045960886422,0.0,21.433998954801176,29.17053112191884,0.7704524520487761
0.7000000000000001,55.04342627426311,12.972789892832903,12.366584757653992,0.0,35.28113886742397,1.5761333514654252,0.0,0.0,0.0,22.55083102866238,0.773823689251259
0.7000000000000001,26.914625116375404,27.70623173744486,0.0,43.67029859568712,0.0,0.0,18.7346900319864,0.0,41.16354429563187,0.0,0.84300839117218
0.7000000000000001,27.92211312949548,69.49844641572109,0.0,43.57076993833288,77.62961122815659,0.0,0.0,58.60575393113746,1.227345632065647,0.0,0.7942752914371906
0.7000000000000001,86.78220652669292,21.79372154855849,78.92861317586046,37.89358791776446,3.337777174104126,9.816991688539796,0.0,0.0,24.34613938757845,0.0,0.8717930001868117
0.7000000000000001,72.97971569455117,70.83954807887474,0.0,31.460463950437727,191.33098484143403,0.0,0.0,0.0,64.4190452318466,0.0,0.8279783055038491
0.7000000000000001,97.15046651531432,218.2432280960141,76.20095833310286,78.04267333813242,70.9060276936426,69.06431268861184,26.01422444604454,167.59606545769893,50.64716263831511,109.35182842363602,0.8401205465089783
0.7000000000000001,207.7888213959279,267.1570560804789,86.87370121271542,77.06977254921075,165.03279916898208,0.0,79.24842336332257,21.78650814111976,201.25286895359096,92.3203282479936,0.7201082914806091
0.7000000000000001,225.06935525064165,69.7543192608859,106.86499157702367,200.6725243761456,353.5822390120774,160.46929603366195,110.3011649396278,65.97452856201993,148.09907192828388,280.7353637248456,0.855418467053237
0.7000000000000001,189.24924379629493,50.74073927871567,0.0,216.6766704334394,138.8513473505431,23.656155474536867,144.33683267797164,173.13563064697323,144.33683267796985,154.62211766689924,0.7429115474876461
0.7000000000000001,129.27479197096608,252.2162367848501,93.51000802510836,38.74518260801236,242.5299411328485,0.0,236.1965939757704,170.6278234083623,154.23563076651172,308.47126153302344,0.7909549954879447
0.7000000000000001,287.73728095552616,357.9848654094931,223.04600261655895,232.1742198054929,326.6314237605476,11.509491238219802,245.2712270765728,153.19529717080397,250.0337751751446,171.45173154866964,0.8064031178156387
0.7000000000000001,257.2601942176452,287.52609941971804,278.4463278590964,35.454346093861474,242.5596116909224,88.2034951603344,109.38962880178788,29.833535127760328,473.4452313753255,113.71332954494018,0.7914147153271924
0.7000000000000001,239.4826561175308,152.35569756893435,60.1036238115991,138.37811063600654,302.38179731571694,283.279095174043,136.5144323782827,92.25207375733528,193.82253880329236,417.9298492946018,0.8611658390359279
0.7000000000000001,95.57397507303637,595.7790728737641,327.23697986963714,123.10343528429188,481.5058418081782,91.93800863003996,149.59404794040438,291.39673921724574,218.15798657975537,316.84850431821803,0.8573277901726684
0.7000000000000001,422.79048979601833,295.7370817371106,290.8712065348584,695.2795011223537,413.0587393915083,365.481292969447,495.77861782986,307.09079054237594,400.0830721854904,515.2421186388799,0.7679619241896103
0.7000000000000001,393.78132614007376,370.45436464799593,309.35994169255633,105.5267305594004,263.81682639849805,149.40363431830667,313.8031724529518,0.0,343.2395762405713,225.49396109008472,0.8236562398212448
0.7000000000000001,486.4282189064296,327.1201425512916,393.4512633112606,417.8293675221912,475.0895657850682,284.0332606901156,702.9964935244444,217.7021399301495,128.12678027139052,169.51286416436164,0.7732702025463734
0.7000000000000001,384.1486021051143,692.3051910212082,175.91851872103385,376.9682544022154,708.4609733527315,216.6071557041276,270.459763475874,193.86938797827952,829.3301596848676,588.7885116377405,0.8459337956454407
0.7250000000000001,32.81996390325196,0.0,59.63627587298219,36.55556955077683,26.68289748231876,0.0,2.268046285997459,0.0,56.30091368769296,4.802921546817256,0.8020356857007725
0.7250000000000001,38.76039450975841,0.0,30.57638159274216,0.0,25.68870721174601,12.617019913733609,0.0,73.65611625314835,30.462714746672592,3.2963385360206225,0.6749855313340757
0.7250000000000001,0.0,0.0,91.7607884499343,0.0,0.0,7.262919549125952,75.46350555921262,25.15450185307141,25.15450185307141,0.0,0.5876111218770907
0.7250000000000001,143.0608638542986,0.0,23.23728720797217,63.4478972461155,0.0,56.37567940021093,0.0,140.43404008296224,40.614736772194654,0.0,0.7126861321557894
0.7250000000000001,143.7543050403054,0.0,79.16578733108813,71.09222261743622,79.83858439055953,0.0,10.989018638026684,30.724399049176693,165.7323423163588,0.0,0.6735959713104622
0.7250000000000001,119.74698550353617,0.0,24.618641730267303,0.0,90.10900905156286,99.19161473845828,64.05627168652289,162.5308386075943,52.58350660833932,63.817255747393205,0.7093027214920566
0.7250000000000001,98.30066345275046,0.0,71.60479799730746,0.0,96.30471089533376,55.63717753797725,1.746458487739898,98.55015752242728,193.60739806937588,54.88869532894683,0.7076553032122223
0.7250000000000001,169.37172649498876,0.0,152.92506821523733,0.0,0.0,0.0,0.0,142.53770509118374,171.9685672760025,111.66415358357844,0.6613017649307141
0.7250000000000001,242.51361483067808,0.0,190.4301539274452,144.20608237582513,140.9508660693731,96.67992430162543,81.38040766130138,0.0,225.2609684064831,143.22951748389042,0.6970407997558266
0.7250000000000001,262.0586093598874,133.40501034359713,250.36282763113437,80.04300620615861,350.1424655045635,0.0,19.005645309225795,395.82911288250943,226.2402778155801,213.08252337073085,0.6985305504869367
0.7250000000000001,169.95343998113884,150.12553865000558,218.10691464246187,0.0,224.17668035607213,133.13019465189245,114.5162464634824,401.4138391935481,167.12088264812058,237.1255138784457,0.6602958514466247
0.7250000000000001,309.3416111736092,47.90094413252629,353.6611763055739,0.0,237.26635878728376,132.06335064575228,257.4116156654494,217.56877428418807,466.4746148233025,175.4875710275751,0.6377398121811124
0.7250000000000001,344.75072852184417,122.8477948113037,481.19432671147496,127.2178744686233,336.4961336135733,134.98690497052357,27.677171163022617,403.0184572860995,514.6982707509222,357.8609674938007,0.6936772724121366
0.7250000000000001,129.2290073729218,167.89595446088208,373.4413047705685,118.03594374219496,193.3347354398036,222.8437213753512,34.5967421313342,371.9149779118323,329.6866014868239,239.12454120186237,0.6921076263184149
0.7250000000000001,403.0327786235928,222.03633495973324,418.8173521989294,113.64892974242272,257.2885492779839,230.9809266524254,188.88873045152792,437.2326880368221,445.1249748244903,324.63606319942085,0.7118807359594138
0.75,0.0,0.0,32.84691213928912,0.0,24.75518848075849,5.691636132694993,0.0,6.37737542579111,7.063114718886915,0.0,0.7229381342830489
0.75,0.0,0.0,16.261891742669665,0.0,14.624788547098408,0.0,0.0,15.825330890517362,5.129590012788685,10.368320238614825,0.646684923867422
0.75,48.35909313080475,0.0,7.430787481074554,0.0,7.194889465802551,29.84109893193529,52.25141038279656,5.425654351260913,0.0,0.0,0.7994628714863492
0.75,0.0,0.0,0.0,22.607398723080905,0.0,0.0,38.55368889382592,139.07587250181265,135.03883701554813,0.0,0.6721010296906184
0.75,102.38091939830726,53.99541639499723,150.53267601029611,13.557290696578804,86.01867200588273,0.0,0.0,92.0960781802123,101.4459338330257,0.0,0.7468765154257375
0.75,0.0,0.0,66.02734269346647,4.11159276845722,0.0,1.4511503888671893,0.0,86.34344813761152,109.56185435948984,34.82760933281804,0.746614055601163
0.75,99.62042111215722,0.0,0.0,8.281404200032833,66.49480431202589,0.0,0.0,0.0,142.97600780644606,18.26780338242488,0.7845071188452574
0.75,69.67420209574028,93.1628535598335,158.0865418763195,0.0,106.0948077366946,70.72987182446265,8.973192694148578,196.09065211035977,244.3875421994516,125.8886151502571,0.7869996350364286
0.75,100.05881283422372,0.0,223.85530198647524,76.62161343161233,107.57073571967452,62.4991984069614,174.5770878579086,131.0079351222859,201.31953333011867,132.81079661479416,0.8176575841878275
0.75,0.0,0.0,292.7982854819203,37.217329875653725,122.85012427981482,9.551350145079804,108.02906370986535,187.07472008293712,203.87192206221457,159.73809725391587,0.7769358346201123
0.75,143.8681209351315,61.70993004577828,2.190885090382376,0.0,264.36680090617875,0.0,30.30724375029479,103.70189427811516,343.603811675021,0.0,0.8799640978999367
0.75,314.3769382449244,0.0,386.40399956788576,2.965820172121165,240.6551225378931,31.77664470130646,235.14717078966777,263.1106181268171,198.7099515321701,174.136012963159,0.7443127844862479
0.75,152.07703359034423,81.7471141521649,463.5381053879836,224.23370418275812,173.99804744120328,0.0,323.79164208874954,200.02925138910115,415.1291998006675,70.78660722673641,0.8359850344379479
0.75,523.9291848651278,372.43880341269545,634.1040077396236,156.87936735390002,551.4728905837511,333.5183496798573,344.29632148279825,737.0935160788248,458.6625778362141,67.66171187400914,0.6980231980787931
0.775,16.309208288777793,0.0,0.0,0.0,0.0,25.023442129349917,0.0,11.43243522203551,0.5596296961837673,0.0,0.794170412386412
0.775,22.65567330330757,2.7437666630303195,21.636559971324736,0.0,0.0,15.443486646199087,0.2351799996884557,21.95013330424256,15.051519980052252,9.799166653679713,0.8575612771594665
0.775,0.0,25.188031644932448,83.87859081759083,0.0,4.157247941396191,0.0,5.502239922436724,10.51539185176785,4.279519939673008,70.91775900029555,0.6707376020304907
0.775,71.91392013693867,0.0,55.416020811405296,0.0,12.479180259056234,48.64765185734087,21.57417604108218,17.132433914976374,41.24474831383248,96.66076912523778,0.7658008913483078
0.775,47.64013162192686,0.0,53.53843363226046,20.19034149691207,0.0,0.0,0.0,163.79130967157775,2.2685776962822315,0.0,0.8166201009526989
0.775,0.0,47.815891190841256,151.57173275543371,41.54875982116828,43.637803611058565,9.05252308952845,0.0,146.23306529237925,67.31363322982536,1.8569278132359288,0.5921036160172103
0.775,186.09460542738057,0.0,126.2697256852449,0.0,0.0,0.0,0.0,0.0,42.907188339646325,18.388795002705567,0.7807649968566576
0.775,40.75935754070728,36.551939988117184,140.15959722062496,95.45578572436536,110.18174715842711,0.0,0.0,142.52626959395778,77.31129752882565,17.355597404429957,0.7010994317369557
0.775,91.2929128067616,111.70985816290496,280.00382202712666,103.54308002044787,62.12584801226793,12.833508509576903,135.91852194233414,0.0,107.62646909167708,116.9599298259141,0.7785889906580162
0.775,145.35374957395462,0.6744953576511495,248.55153929467403,0.0,0.0,14.838897868339092,97.46457918068006,55.30861932744487,230.34016463807768,1.3489907153038327,0.7848004992614096
0.775,150.6576020226131,0.0,251.2339682080375,275.6537443600548,43.87281817141981,133.6879270695151,22.35030359676161,286.8288961584366,185.010846439858,141.13802826843627,0.7505763623034478
0.775,188.96918994612523,14.438095411612515,212.3249325237362,152.87395141709007,131.21680829966743,0.0,0.0,166.03809723356133,231.8588263159196,42.46498650474724,0.7800163289897128
0.775,220.35353966581545,86.48531410683218,415.40552467271465,371.24281108624695,177.57091087892354,115.92712316447805,188.1515610090157,200.57232420520904,480.7295385193667,0.0,0.7432506499920859
0.8,0.0110953633691033,0.0,1.0429641566966696,0.0,4.926341335886309,0.0,0.0,0.3661469911807624,0.0,0.0,0.6996356406518467
0.8,7.160503680432187,0.0,21.63225848720026,0.0,5.502281775489791,0.0,7.537372295191775,49.0682936416984,35.95326584806497,41.983163684218056,0.6539480749407497
0.8,26.109682425594663,0.0,71.73699874358995,0.0,20.810192428320573,30.245869740540748,15.38144657745454,5.299489997274096,9.177165605035714,0.0,0.716836795503978
0.8,1.4095294651764585,53.209737310398886,121.39572518829505,0.0,0.0,0.0,0.0,28.19058930352276,20.61436842820149,0.0,0.818119397966457
0.8,47.967919499087415,0.0,198.2370891147124,0.0,0.0,0.0,0.0,40.69316393524515,87.52440287748215,0.0,0.5554853576353355
0.8,0.0,0.0,164.1781502553218,0.0,83.30341055854292,0.0,0.0,93.2609610917808,33.27279080618279,0.0,0.7661051061449736
0.8,60.48878655034439,0.0,115.9784998320664,19.24643208420018,69.48711843386656,0.0,0.0,84.98424556660021,111.72928755373684,0.0,0.6122088176811413
0.8,60.219991456074936,0.0,197.8279543885957,0.0,0.0,0.0,0.0,86.89639118003751,45.957361900688646,0.0,0.6777810314497189
0.8,100.01245486513716,60.630780003226285,230.90694253565545,0.0,15.016034299863936,0.0,12.182820281022828,169.4261983267759,87.54631318223035,52.13113794670038,0.6758760200245967
0.8,170.58182529824728,94.50702305325214,254.3646471539678,0.0,7.708019610725374,75.06940838272588,156.84144251390944,77.41532739468545,39.5454919159007,44.9075925146665,0.6726707476771713
0.8,228.5769363527398,0.0,288.6145493820985,0.0,0.0,0.0,271.2542757350559,151.90239441163132,245.2138652644912,29.657134147032128,0.7794283508112826
0.8,249.14357949263072,140.01457359916438,504.0524649569921,0.0,209.1982452599268,0.0,72.47813221603765,260.67419143609203,98.42200908882474,89.36224256181886,0.8117501077791811
0.8250000000000001,3.165586383079669,0.0,6.237516364293034,0.0,0.0,0.0,0.0,0.0,1.573427551353217,0.0,0.8039508754921074
0.8250000000000001,8.147091442939162,0.0,33.18867777281517,0.0,22.72609718293556,0.0,0.0,45.19491779398906,23.24065032670006,10.634098304468036,0.8185715067912563
0.8250000000000001,44.71064395295453,0.0,42.4847893838683,0.0,0.0,4.161380281335346,0.0,8.51631313389631,27.00058368587533,2.0323019978614894,0.8427680870470821
0.8250000000000001,19.455984120071168,0.0,61.7032639236544,2.77942630286731,0.0,0.0,25.014836725805782,0.0,0.0,0.0,0.8122422199502585
0.8250000000000001,4.400499759925443,0.0,194.9421393646969,0.0,0.0,42.684847671277005,89.55017011448338,55.44629697506119,114.41299375806156,0.0,0.8182860391249174
0.8250000000000001,63.30225847522375,0.0,108.8007567542912,26.952914741404182,0.0,55.3894761658212,0.0,90.0078987694593,191.3904221086852,102.37162112790148,0.7839049382953681
0.8250000000000001,148.68190306287457,40.433288612622746,0.0,0.0,167.10719913951263,0.0,0.0,98.78005952197856,77.02797387594696,0.0,0.8528387046016991
0.8250000000000001,74.21983851946823,0.0,71.00453865580941,21.703274079699995,85.47338804227526,0.0,0.0,112.5354952280753,54.660097682208246,33.224765257812955,0.7683696742742165
0.8250000000000001,111.30837506512034,77.34505036576286,239.45570943496423,0.0,0.0,0.0,0.0,71.63692856755155,85.62182697316949,137.8511414268021,0.7290972393392984
0.8250000000000001,55.36651548555701,7.991043472141432,151.5444315609824,0.0,131.56682288062686,38.242850902395126,113.58697506830768,92.18239433935533,230.31328864352807,32.24956829828743,0.7751301451127306
0.8250000000000001,132.46080713347604,0.0,151.5351633606969,0.0,86.1878318415138,105.26218806873467,15.542068036994843,205.22594385213188,185.44512998686648,159.30619737919352,0.8155591838046619
0.8500000000000001,0.0,0.0,5.827397979480719,0.0,2.8923271145099445,1.6100146006877845,0.0,4.701812550681255,0.0,0.0,0.8307699236379601
0.8500000000000001,46.26259557120213,0.0,40.3286759492426,0.0,8.57121723171888,9.779978636192496,45.05383416672902,29.23004850817043,36.04306733338341,0.0,0.7391886013261659
0.8500000000000001,4.94938223879723,0.0,48.223035056388575,0.0,0.0,0.0,0.0,24.880678281521085,1.939622769258411,2.8091088382361096,0.6715215729350646
0.8500000000000001,13.419355251723122,0.0,6.989247526939192,0.0,46.26881862833732,0.0,0.0,0.0,75.34408834040461,0.0,0.7412353334819605
0.8500000000000001,46.1473159621889,4.5497353765536,0.0,0.0,75.17896074591233,12.565935801909896,0.0,19.282211833966286,88.82816687557413,0.0,0.7179860514024936
0.8500000000000001,0.0,0.0,122.74869454637938,0.0,0.0,42.24955066871337,17.499813886449232,157.74832231927783,91.49902689200576,27.499707535848792,0.7669067285683617
0.8500000000000001,183.31881371382212,11.647327943143152,42.28486448923747,0.0,26.33308926275803,0.0,0.0,107.10477652064505,92.419015201029,0.0,0.6939292630600354
0.8500000000000001,109.51336853322088,0.0,127.23654653255802,0.0,38.88518158063583,0.0,62.69243560959804,64.80863596772718,143.63709930806522,6.084076029622646,0.7702877045398445
0.8500000000000001,70.09848554723901,0.560787884377402,31.40412152516257,0.0,0.0,21.3099396063604,0.0,125.33609215846413,8.692212207857382,65.89257641440466,0.8082784800995814
0.8500000000000001,100.38826078893634,0.0,169.13900908681364,32.55013304368486,158.18756245529363,0.0,0.0,97.65039913105598,229.0677587093007,73.92226476276137,0.8081029387883395
0.8500000000000001,230.2991508300732,0.0,199.70466509936304,8.741281637345539,54.12870552356435,0.0,105.56778592794626,107.92120790723108,287.11748147282145,97.49891057039594,0.7629871175147199
0.8500000000000001,131.76251632971912,0.0,380.81223029377946,152.54758932820968,250.16320001754983,0.0,5.196268249623063,224.92418280509764,197.82935550349444,123.22578991962396,0.8109797711512089
0.875,6.943667175695215,3.3474356417032163,3.946807564035233,0.0,0.0,0.531518497162316,0.0,1.9112048089454328,6.344295253363199,0.0,0.7591780414892381
0.875,5.989378763124841,0.0,2.9895876960742203,0.0,0.0,0.0,0.0,1.0305404686126156,4.520093342528661,0.0,0.6442061519066969
0.875,0.0,0.0,0.0,0.0,0.0,0.0,0.0,20.094547597999576,21.825770160288883,0.0,0.7660071097819021
0.875,0.0,0.0,70.1846884678164,0.0,12.981314330429374,0.0,0.0,26.9611913016614,57.916633166531504,29.81422741823932,0.7041330582807395
0.875,30.61175745344997,0.0,100.55883018387114,10.151049103734756,110.0754387186216,0.0,0.0,47.10721224701887,42.82473840638039,86.75974780848146,0.8168146734416963
0.875,12.572259680587228,0.0,130.15986492843413,0.0,2.958178748373069,0.0,31.06087685792172,85.5406688071349,154.31832470681832,0.0,0.6792198263610595
0.875,23.165273640047275,61.42701774214696,195.21298011275596,53.87878251112016,149.14271680614482,37.480892181649374,0.0,171.78742249922524,163.71861932123156,13.534766621150604,0.814675796299871
0.875,68.31951412484666,0.0,60.63699848028513,29.08380922583798,53.503233953192975,24.693800286089065,0.0,60.63699848028513,69.41701635978421,15.090655730387764,0.7619973069064581
0.875,46.31818839034476,82.81130651607093,128.00662973331615,7.017907331870417,0.0,0.0,0.0,161.97330121957,176.00911588331084,123.2344527476448,0.769470459507851
0.875,32.19679474161359,0.0,214.74654605963156,0.0,92.94546406541332,0.0,0.0,0.0,57.40749251099103,0.0,0.7815970529331728
0.875,142.78070016027064,76.21868293579615,145.53974750636186,58.62975610445883,81.04701579145778,40.00618651833629,0.0,239.6922381917581,311.4274691901554,0.0,0.7742302828570464
0.875,228.20407814727383,32.86736313741327,250.6136439227836,93.7466834942154,97.85510388639186,84.40936442108635,85.1563499469377,260.3244557588392,468.7334174710787,255.09555707788485,0.806100404412528
0.9,1.9749393606894088,0.0,1.345248550034818,0.0,0.0,0.0,0.0,0.0,1.698257034795756,0.0,0.9328934958558044
0.9,4.241565489809007,0.0,0.173125122033031,0.0,0.0,0.0,0.0,3.153350437030003,3.11625219659439,0.8903577704555077,0.8541271437405197
0.9,14.290963827770469,0.0,4.320523947930501,0.0,19.19309676869186,0.0,0.0,10.967483867824187,53.50802735514122,0.0,0.7746506730522527
0.9,74.96030225374263,0.0,111.60756113335026,28.59596715605725,23.59861367247453,0.0,0.0,34.426212886904274,49.557088712196894,49.00182721402027,0.8533005657215675
0.9,84.38704927160988,0.0,40.01451632127953,0.0,16.837791521330647,0.0,22.58244980507893,78.2462076579483,39.02405799649628,0.0,0.8166769104385385
0.9,66.44918207612199,0.0,155.70195800124574,0.0,70.86278088560543,0.0,0.0,131.9175644168039,229.2619381593146,14.95719596547378,0.8756096508104042
0.9,146.1804284057921,38.58293835245752,179.6008609223571,0.0,0.0,83.68693670814761,60.86322669683542,30.975035015353864,70.10139503474815,23.36713167824897,0.7901426198404511
0.9,171.03890515769322,0.0,25.28874114414146,0.0,11.692643754817697,15.499551023828598,0.0,78.04159901471915,213.45872901238312,12.508409598177618,0.2
0.9,261.8276411302202,47.34259442707304,56.8688481837409,0.0,37.52766631414409,0.0,0.0,57.1575225400046,157.90487287566862,29.15610998252707,0.7462075837299877
0.9,24.841437301706254,96.9421943481241,193.8843886962482,3.6353322880541032,0.0,5.452998432081155,0.0,0.0,222.36115828600995,0.0,0.9216214609656732
0.9,19.764012087297548,3.240001981524236,236.52014465126925,153.2520937260955,3.564002179676365,0.0,28.836017635566,128.62807866651306,105.30006439953767,0.0,0.8029645207942347
0.9,81.02074495668592,146.57389314891265,244.16706321037523,122.63594577534631,274.73398062585284,32.04002186923422,142.1545797876395,68.49935709974322,204.0249668454731,167.93390772840323,0.7992385286417918
0.925,3.2273395340675317,0.0,7.153741783095596,0.0,0.0,1.6544484254064498,1.7593078326505325,2.376813230865645,5.231319316954274,0.0,0.9222610324862429
0.925,0.5120400835487288,2.11960778771322,5.739612099313393,0.1428949070368268,1.5242123417263516,0.0,0.0,0.6549349905855556,4.072504850550215,0.0,0.8354936323854438
0.925,0.0,62.02060464281949,43.14051521685094,0.0,0.0,0.0,0.0,0.0,38.73842182737634,0.0,0.8937794547373227
0.925,25.82661452469406,39.71028591658107,14.630105337687407,0.0,29.55878425369538,2.83644899404165,0.0,19.108709012490475,80.61486614644305,0.0,0.8558961911295351
0.925,48.75470801908258,2.0314461674615987,48.20067724613811,14.220123172232032,0.0,34.719261771164234,0.5540307729444541,56.14178499167082,113.3916315292297,16.805600112638086,0.8011022025584686
0.925,33.48400789482971,0.0,120.44247615901304,30.985201335514077,73.21503218794736,0.0,0.0,133.18638961152368,198.15536015373016,68.96706103711124,0.8768566190245626
0.925,119.63214000823784,0.0,98.64882615713393,16.350634169690785,29.703652074937267,0.0,2.180084555959267,99.19384729612436,53.684582190485486,0.0,0.786039425613288
0.925,19.888027429131437,0.0,150.70082756158865,0.0,237.5358769000509,10.924409432903577,27.170967051068,166.6672721173712,71.14871784506292,77.5913182798513,0.871715360556165
0.925,130.6267318363002,0.0,37.237484641117135,0.0,0.0,54.37854899972727,0.0,88.06960653216709,92.20710482562484,0.0,0.7682652868439879
0.925,233.7123007170319,95.20474799248352,174.43966728945287,57.42996088578789,85.07004901263795,0.0,0.0,235.554973258823,122.84483611933358,0.0,0.6706536051478579
0.925,159.0351663118017,1.6882714045838854,177.60615176222444,1.3506171236674154,294.0968786785125,24.31110822600733,0.0,243.1110822600795,254.25367353033377,10.804936989336252,0.826121487459213
0.925,73.6009894903042,99.86063900694494,230.7890323716064,15.903731397401332,122.42174633814328,0.0,0.0,137.2159150799129,226.35078174907625,138.3254777355463,0.8595226246580455
0.9500000000000001,0.0,0.0,8.739838324880958,0.0,1.3091574744620262,0.0,0.0,3.842619624115522,5.503310124127557,0.0,0.756999965802185
0.9500000000000001,0.0,0.0,1.731533534976942,0.0,3.5579456198156567,2.288945015414707,1.9568700908986112,0.0,5.1353015112672855,0.0,0.5996263281319643
0.9500000000000001,0.0,0.0,59.211474021577295,0.0,36.58091065207373,0.0,0.0,23.35391471008112,64.17159749982483,12.090300978227695,0.6503134556817807
0.9500000000000001,0.0,3.5098484470324816,57.22578989727551,0.0,26.24756229955009,0.0,0.0,28.994400214619592,97.9705523041361,25.63715387397901,0.6926939002122696
0.9500000000000001,36.04050661977006,0.0,21.209678674466105,25.834345453109325,0.0,0.0,0.0,21.209678674466826,25.355931648422548,0.0,0.6495813437221375
0.9500000000000001,60.526873555099336,0.0,89.30194458949049,0.0,52.09280101053612,0.0,36.21689975018203,79.62756725896213,166.94502419090907,0.0,0.6749216206625076
0.9500000000000001,63.129472884928816,0.0,120.51990278031889,0.0,0.0,0.0,8.47192060360495,113.960996506561,22.956171958156272,0.0,0.7543689764892827
0.9500000000000001,72.22919393232284,0.0,124.10809909799929,88.56674970273009,92.57948269896924,6.019099494360019,0.0,155.9233392824761,218.69394829509068,0.0,0.728255502157546
0.9500000000000001,162.87208975057663,0.0,233.21032428777391,0.0,64.71117577422096,90.65816895905432,67.21209077998854,52.83182949682848,188.50646855968935,32.511895074971484,0.7667007536039919
0.9500000000000001,93.69080496435232,0.0,252.84107962234305,101.13643184893694,94.00103941787638,13.650315955071562,1.8614067211458012,181.7973897652672,246.6363905518561,28.541569724239388,0.7121218922267993
0.9500000000000001,92.95594227854843,151.44507449875974,232.9120800911963,62.666927378797126,0.0,0.0,58.14098262366273,114.54121726457952,134.03759467131607,0.0,0.6833471775309519
0.9500000000000001,218.2853825250368,0.0,271.23579709794126,0.0,0.0,0.0,0.0,70.96075966573089,237.37634832343187,21.25220720953365,0.6767435008733523
0.9750000000000001,2.0835984488014625,0.0,6.092260681821608,0.0,0.0,0.0,3.601001666950357,0.0,2.3214004456755317,4.857955078999049,0.6639971565357352
0.9750000000000001,3.330836765698839,0.37643018242484,5.46394113277314,0.5019069098998385,0.0,0.0,0.0,2.806115905349029,2.8745577566990472,0.0,0.6578361677965343
0.9750000000000001,0.0,15.229362080589349,74.0700792101391,0.0,51.64138232781624,0.0,8.030027278856455,107.85157327981014,16.198503303899958,0.0,0.7410251383843576
0.9750000000000001,9.97642854313006,0.0,111.42903265096022,0.0,67.83971409328413,0.0,0.0,78.73704373270367,0.0,63.84914267603224,0.6801452528853709
0.9750000000000001,48.956796598810016,0.0,3.777530601760021,0.0,37.32200234538874,0.0,0.0,46.53917701368375,53.94313699313352,0.0,0.7677923478743813
0.9750000000000001,64.01325916716067,0.0,142.74221009688705,0.0,0.0,0.0,0.0,16.18726093882207,0.0,79.46473551785512,0.7568352182932528
0.9750000000000001,88.21784769254357,15.647202343019313,177.78459213879702,3.5071315596416883,75.53821820768299,0.0,0.0,29.94550793233123,102.5161532818555,0.0,0.6923734947121396
0.9750000000000001,116.5968950497468,4.799387931829236,244.76878452331675,0.0,38.67742039180395,0.0,0.0,44.323759135134345,149.34565976105543,57.592655181957255,0.7326911868118273
0.9750000000000001,37.907650201210345,0.0,132.23598907398866,0.0,186.3058157175741,31.1489218707615,0.0,181.89794941510908,53.77596889008925,0.0,0.7103463929033211
0.9750000000000001,150.74820611717487,0.0,104.31775863308474,0.0,62.40975733250985,0.0,86.22797389902377,57.585814736760526,175.16941550815693,0.0,0.7206441672448837
0.9750000000000001,103.51721831119382,61.33151805898181,0.0,194.7032319332793,69.76865810942509,0.0,0.0,208.0079527820531,75.28524968086889,0.0,0.7774581978423989
0.9750000000000001,111.180541790901,0.0,221.29203991073663,0.0,78.04018798784313,0.0,0.0,146.81533082644802,184.58820720412584,11.759480381729013,0.7092561377136692
1.0,2.1670749849032456,0.0,4.7552819506783965,0.4211319808718649,0.965094122831412,0.0,0.0,0.8685847105482788,1.1844336962021875,0.0,0.6593657632027403
1.0,0.0,0.0,1.823573212984878,0.5470719638954634,0.0,0.0,3.0727208638795447,0.8844330082976907,3.200370988788453,0.0,0.7513962781190606
1.0,0.0,0.0,3.3877800945702106,0.0075789263860562,1.4399960133519971,0.0,0.0,4.607987242726404,3.1149387446719445,0.0,0.6842951858258842
1.0,22.478680573122247,6.820454361930141,53.12269383306194,0.0,0.0,0.0,0.0,16.618853586111857,25.16843722289772,13.064532298908516,0.7677838264515061
1.0,20.084819137877023,0.0,118.76240881527112,0.0,35.94891541344581,0.0,0.0,41.33397561707983,121.96433650391852,0.0,0.7193182338454096
1.0,10.135197498828072,0.0,65.18774754927858,0.0,10.826233691929344,0.0,0.0,57.35600402745789,31.78766488268781,0.0,0.7245823428269337
1.0,70.12111795070274,9.790495713871223,98.43417312325018,0.0,73.03180586563734,0.0,96.58191717738303,124.36575636539732,20.6394233968111,15.611871543741607,0.680413349958925
1.0,85.60223195060667,7.678605523808077,31.56760048676841,0.0,161.25071599997997,0.0,0.0,127.40797313578756,37.53984922750946,0.0,0.7223461794406095
1.0,0.0,0.0,91.43415511992482,0.0,12.80673833927212,5.360960235043671,0.0,18.763360822656235,123.00425428185451,117.6432940468095,0.7588320717204813
1.0,134.78211425934282,0.0,211.22104479994263,0.0,0.0,61.7751357021982,59.27917062332232,224.32486146404636,195.3092674221038,144.7659745748506,0.7386448209277179
1.0,53.84351676757219,0.0,229.40601386426124,0.0,28.063893587946417,0.0,0.0,0.0,200.6894715882236,67.22281487345346,0.6836524270718239
1.0,262.44006155945846,0.0,148.6024244674333,0.0,0.0,0.0,31.356474887624543,58.62297478990594,172.80144313070932,0.0,0.6528426139913172
1.0,170.66008960447564,13.30312502484774,77.15812514411584,0.0,128.8502680978096,0.0,56.253214390785416,386.1707150070083,408.59598290603776,248.19830403501533,0.6228825085061392
1.0,151.17845121281545,16.57303876931893,372.6912620807893,0.0,84.07785521996021,0.0,159.66708082636885,345.6084914089756,335.90720042205663,164.92194677761532,0.6944129552537467
