frequency,634.4802013630691,634.5935901291169,634.7069601146783,634.8203113157017,634.9336437281358,635.0469573479293,635.1602521710307,635.2735281933888,635.386785410952,635.5000238196691,Max_Oxygen_LifeTime
0.2,13.687661789337673,2.488665779879425,0.0,0.0,76.0287395753187,61.594478052017855,39.81865247807247,0.0,0.0,1.4931994679279887,0.45973694591830416
0.2,42.97297667145247,66.12576410260189,69.10756248388611,15.08439181120334,104.0121435353925,53.321571053557285,65.07336467391424,74.72035943689238,47.88417400533208,84.01655439030955,0.971616363897645
0.2,104.06935491152666,146.12186975332637,199.0060929634692,8.070684666608713,86.01650763095431,68.38843322757528,153.34300866555557,81.76877885905687,80.49446022748693,14.229891385862508,0.9117780783164717
0.2,296.7353105878112,210.4907153215984,219.92371792884092,184.07830802132256,331.2331486942959,329.6160625330541,211.0297440420129,280.0254202549824,123.97660569517927,336.89295025864214,0.9391676774955388
0.2,116.50686252792886,55.89180567218166,86.5929383653524,87.11774405241582,187.0932274378653,202.83739804974863,240.0986018312025,80.2952701206001,81.60728433825602,94.98982935835662,0.8415457954533347
0.2,0.0,317.6138004447313,167.79597004627485,143.25438259052586,98.16634982299014,103.01759385493986,212.02790092581924,135.83483289460207,209.74496255784163,298.7795589089272,0.8653322467273351
0.2,253.6204239558566,220.5394990920473,142.09044870073495,70.57263970945691,215.8136526829332,330.8092486380741,316.3166529834539,380.9032205746954,246.6891825558202,305.91979088340025,0.7316352996703497
0.2,289.7760759773656,337.3201746706559,331.42054198608724,71.1426294315697,0.0,210.9986277775316,296.0227458786752,276.93569895800994,180.80638992120623,82.5948575839684,0.6677301296999959
0.2,283.41085328291103,438.5571740502494,343.70286407615936,168.58721489322255,259.2172438563216,283.41085328291365,438.557174050252,167.05111270740787,323.73353566056096,522.2747431771811,0.7000370427067865
0.2,242.1047397538448,381.7156611101562,435.2823892438474,337.8499939770574,409.13170306834473,200.34799892522048,425.5813282432578,118.09987305065778,320.1350130194585,396.8999305023863,0.6751327152436368
0.2,202.88340440459595,444.6071001929484,462.42793976903096,500.81128654827967,532.7974088643182,283.7625994037247,418.5612577356061,106.92503745647724,273.7098181043972,149.42088567635733,0.5234310677705861
0.2,439.4869294341965,526.8702955205249,661.5434832535805,345.935325741773,451.8234046463833,476.4963550707605,739.6744929307696,42.14962364164213,549.4871667428715,597.2910081901019,0.6944522570889506
0.2,723.798824194823,641.9010979097824,529.5684057755703,196.9972334964518,621.9800293539616,587.118159381276,539.5289400534826,46.48249329691664,667.9091596354361,603.165686829021,0.6630253734709786
0.2,463.2916372941426,548.1281578895635,770.1471373201346,627.549581425701,437.4195068997949,279.17833727854986,680.4971971164608,126.352264716584,689.5223588819327,436.2161519977346,0.79822163316433
0.2,552.6219217389427,601.017214293593,480.6829733468891,754.7049676766136,799.1763175917011,608.211109132801,1094.7799964390408,421.8238337533944,511.4205240234959,551.3139408590898,0.7036243975064377
0.2,592.047614864823,505.5852156642626,721.7412136656562,906.389727212606,697.5610511773607,1050.005237749123,858.762134432638,687.3028004247539,1170.9060501905758,748.8523049404052,0.7339582087744879
0.2,881.7769568386702,1257.243273944169,1244.2401114470083,413.6631069409101,1020.7482560270682,1080.0751849203652,1144.2782997500926,1205.2306239555314,890.716631055466,1128.837044284714,0.7500676178642665
0.2,1396.143939940233,1513.5510900395072,1212.297084746021,990.2246457985487,967.4713221358962,1182.2626975113226,1330.6143677917992,1007.5171717821644,1215.9376165320436,955.6395938313236,0.6612667032813783
0.2,1038.8653332782912,2170.239657339804,1800.2036942069103,1227.0732800441638,1651.3386515672348,1818.2801636702975,1913.9791196529416,1232.38988870987,2059.654197093195,1218.566706179043,0.5525249130712094
0.2,1502.8219725646,1575.1926318905057,1572.9310487865755,1055.0285179855316,1639.647750352641,1195.2466704294832,2253.6675630709096,1085.559889888648,1957.400176455466,1480.2061415252538,0.5601010204217014
0.225,127.339021320829,179.42293664367918,128.77440481397824,152.1506502738407,85.91795480423056,161.78822515641502,211.0013734929667,172.45107396266815,180.6532653520932,154.4062529059322,0.8247662403650454
0.225,223.5000374696214,187.03554744960525,162.72588743626116,176.86517948483976,224.2442107353361,164.21423396769066,255.49948789535068,118.57160700386147,298.1654217963209,306.3513277191815,0.7810588398643363
0.225,362.78042419581806,279.0618647660128,202.9294531162571,162.83124342172346,273.3722539309783,253.8650167822861,205.6387916091309,206.72252700628007,350.58840097788493,212.9540055398901,0.8336496532846075
0.225,296.7353105878112,210.4907153215984,219.92371792884092,184.07830802132256,331.2331486942959,329.6160625330541,211.0297440420129,280.0254202549824,123.97660569517927,336.89295025864214,0.8326921862102807
0.225,308.31376614956434,291.1169823802641,345.1640170837738,119.76331553618483,458.47853870647054,326.73889161666904,475.3682370513196,382.0142680179853,277.29813827993456,123.4483406296066,0.6972630871582721
0.225,341.10324156853346,308.5702734420532,306.5985784040866,290.82501810033864,388.09530664011226,407.48364118013706,410.7697995767509,313.828126876638,370.3500512983978,412.7414946147197,0.8245197440059927
0.225,336.61702030475806,273.6526855714929,359.1042827094956,214.4938875528771,342.8442622014534,166.75169967820463,259.8143702455013,256.3547914140034,288.52887454693416,179.20618347159987,0.8684417707442
0.225,358.4781932064328,276.75259475522347,245.9197553395416,99.18515812033002,215.0869159238572,193.9125563251388,372.2229529459533,151.56383712769454,436.488991728037,394.5117525235545,0.7852449718092277
0.225,491.0048293627249,361.0686791356557,350.54425575277764,170.00991618494982,263.5153700866711,163.9381334640603,434.7396428158021,0.0,667.8960992980175,306.4226346476365,0.7001181046785798
0.225,293.46502997729584,430.4153773000301,338.3740724435156,220.0987724829704,402.4028062567436,351.7133919879406,374.83487919827326,314.8079412483698,427.3028694063319,548.2460332757652,0.8729390368811302
0.225,558.1521190061936,521.5753418457862,798.0387744088547,445.0966259649382,603.7543346866986,418.49533348464337,604.7043808467105,563.8523959662548,499.7242801655439,573.352857566363,0.9409197834843136
0.225,614.2864871668277,606.98596864362,474.0122383995272,528.7661273235685,539.7169051083746,428.1232648250984,653.3964078268551,332.6950584146317,424.9944711722956,560.5755294603885,0.8786739544765398
0.225,508.0863207998482,721.5161865382615,813.3862599794687,374.762677635168,758.4882892646006,724.8772867861112,562.4241081400759,353.47570939879296,617.8822622295806,621.2433624774341,0.7488796733202973
0.25,165.76273493773326,165.92227558733617,86.6305727345424,216.81574281076027,166.40089753614586,162.57192194566923,295.9479050139512,87.5878166321618,126.83481643455096,96.20301171073456,0.8907084191471129
0.25,199.92642867457025,157.92833087942842,133.54233861128196,175.15335716407174,206.1196965521952,283.9226242648552,178.63707034523625,141.09038383713713,269.6006922978476,202.82952299220733,0.9102083319707164
0.25,219.98171751893068,296.76334483281795,143.43561666919595,103.160591299028,250.60015785882365,189.83433010734285,330.44362920670187,225.6343526586029,235.290937688878,280.51201880626047,0.9443221441693939
0.25,349.0355324910344,314.70846435565306,261.5146106802195,181.8548495110944,419.5239395781856,287.45644079779595,377.3357108011182,79.39772248106935,180.02057869470028,194.95678391391047,0.843301338754155
0.25,252.95144992317907,533.1934855109231,35.80055323738686,179.29621334462112,395.27332139967774,461.5923790361495,408.478443495436,282.0027185338454,284.9371901106803,301.0767837832734,0.8709211639441403
0.25,268.0488887707764,314.9883255140451,257.8580900041456,215.24202243459848,197.02210948819567,244.8879824829786,438.5131590489668,325.4879363645145,335.987547214982,202.58072699727023,0.8162583665516217
0.25,201.8955510956181,417.9534328553657,252.2870997377551,443.9725984941156,403.461745664164,220.66887313876828,406.09659788074754,374.8077278088306,392.263623743688,361.30411019884747,0.8839646218926953
0.25,454.3517479392492,587.3859397358593,464.1657456947363,388.5616148376442,347.488216823935,452.1708595491404,395.10428000797066,469.6179666700059,371.4779891151293,306.41481881023054,0.8620823431292292
0.25,481.4422970660656,551.9447693710472,177.61948823796573,202.5485392187341,448.7229176538077,500.1390853016419,523.5100705961103,528.5737840765787,571.4205904497734,222.80339314060785,0.920458161603352
0.25,486.586503720814,459.600770412206,423.3386912787664,271.54394141785616,746.7458388990996,425.0252996105566,672.9567243833793,492.0679807991248,496.7061537115407,604.2274348630237,0.8298172285604452
0.25,487.5765014487645,535.4912076875878,428.1267733376347,523.5125311278828,330.5227421103997,342.50141867010774,629.1023467282535,601.5957561096695,749.7764217001045,409.9369311543763,0.8914172453042928
0.25,488.3562959008239,652.895537614712,705.509830023225,418.52278052225233,652.895537614712,700.7267125315424,845.1768607803649,431.43719774979536,691.160477548177,425.2191450106108,0.8738477512417712
0.25,547.3440050011747,724.4562632232498,577.293016595576,926.8702726199114,780.2233882611055,644.4201115485512,837.0232378367003,411.0243660197489,740.4634935581884,814.3032980064645,0.9391192474088602
0.25,796.9041023247012,659.902095692162,873.8653889190726,104.25252297535712,509.25447086913744,746.1424026560708,718.3053415474703,675.7310127931363,616.7819422102132,343.3237536727645,0.9311141893419929
0.25,872.1796247819011,1182.0329125333633,840.167491739353,764.6671779597527,629.9746181769527,598.5664876446441,989.9601142780696,677.0868139754218,962.1759988071784,747.1511051628898,0.8825515117549522
0.25,842.601561232999,898.1366641324443,780.6831131726935,1271.5623560425252,934.521731549322,928.7767209045548,682.3795976955105,562.3727086714184,959.4167776766652,683.017932211599,0.9153880401320287
0.25,822.3357089975668,1203.0094520379982,757.3262845698848,1054.224996131352,1018.7043827842696,981.843368933522,934.2591510534704,687.625458379381,792.1766976651367,712.4228676971592,0.8366406301068983
0.25,1264.748536666816,1130.0207226660532,909.236399198842,949.4431290315324,753.3471484440386,1223.131044383859,733.5964741402647,964.9615159845008,1039.026544623657,962.1399910839624,0.7023520808996986
0.25,807.0247550658316,1415.1190382947054,1185.2940613618596,1118.9839040828736,1580.8944314921675,1064.7301390364312,903.4758929261734,947.9338392836748,1278.7311011640668,1135.5614434026215,0.755610973873429
0.275,198.71452846039128,149.54282116279427,184.01370875286185,189.4209068062061,228.96104257128343,147.85307177112435,225.58154378794472,145.6563975619533,180.12728515202087,278.1327498688816,0.7349682530279553
0.275,249.459503971395,284.7448943357693,180.94019942662027,192.83876129367735,248.6389134978052,210.89175171266007,230.58592307882247,247.40802778741983,216.02044217259748,188.32551368893272,0.7725901930008846
0.275,50.71694623490471,270.56901084388363,304.53757018261024,300.0556074920835,274.10740244166675,209.94456813518505,310.1989967390657,38.9223075756251,345.5829127169045,234.71330931967304,0.7802447031227839
0.275,189.131021768201,358.0455067510514,395.02048850320426,364.42967626221554,345.27716772872674,227.9680529611095,336.23292758791337,219.4558269462252,225.041975268492,123.6932842787814,0.7744336608163489
0.275,312.4498440682476,388.4673348664598,185.8537865578374,320.8297249436401,430.9653021630981,360.6341591017605,393.8544011434996,277.43391326749514,355.54637428455555,466.28051442368735,0.8173128926325012
0.275,496.0718705885011,439.63447613240726,455.0264928022516,221.2602396290028,425.8457945323392,444.7651483556908,284.11097436419794,338.9450337505154,355.299051462223,386.4037518158662,0.7840962965634557
0.275,381.1176041482189,403.5769371215934,422.9265162986582,455.0606388605652,367.98753256378257,382.1541887469903,611.5849132750186,381.8086605473984,586.0158265053276,540.7516323589866,0.80167380927598
0.275,297.0805542220056,505.5770886396293,372.3409612915808,320.84699855976567,410.15121364710615,340.29227119975275,495.1342570366761,172.84686791098602,470.6476174159526,337.77158770938456,0.7916037598162216
0.275,507.2183988580878,352.26680372160405,517.9047157640506,528.2093784948013,290.0571731618857,328.22259068318766,394.63041717025067,325.5510114566944,403.0268090249351,436.9940306188949,0.766825166377979
0.275,666.1610071034228,666.1610071034199,537.6330952663195,290.237866272677,617.017981989235,627.0986025254804,574.1753447102006,356.6019514696126,614.0778009994976,554.4341294933914,0.8298172285604452
0.275,616.9122789165884,512.0546677692907,482.3450112775593,514.6761080479765,390.594601523676,594.193129834674,616.0384654903627,526.0356825889309,562.2989397773724,473.60687701528497,0.8419934897076728
0.275,545.583764599471,798.2459660170355,300.7883350209113,639.5222753829254,479.8730821795157,942.1616155424292,720.5037501962466,399.8171099354908,441.0019742691229,587.6941315023995,0.7573560230931569
0.275,672.5093154928146,888.9717140420739,854.5345142728746,510.1625165808718,622.329395829123,795.499314668533,548.5353963236959,616.4258758686875,443.2559570292807,837.3159143882767,0.8159663184531726
0.275,679.1666199598382,677.6065128695744,529.3963392948815,513.2752326955267,721.2895113968547,754.5717959890688,701.5281549202305,556.958231222807,612.0820150786576,425.90923564096977,0.8465959102028908
0.275,574.6560159581347,993.100337686235,835.760761187394,720.716769768887,768.0878250588586,517.1340202488813,1041.0353341106172,721.8446520376974,790.6454704350394,614.6958365008519,0.8661823154686811
0.275,951.973197631604,820.6665496824139,864.8333312653239,556.2627085847383,757.4006193068981,1005.092705211047,1072.5365743849495,768.1438905027426,988.977798417284,911.9843548470808,0.8753687785904483
0.275,777.3721674320943,950.052271985973,1029.223294651472,729.9942326086434,950.052271985973,776.1253796735809,935.0908188838332,881.4789452678277,972.4944516391852,748.6960489863237,0.8164756490907241
0.275,888.720339503292,981.8556075545536,871.6674030995387,562.7469013238551,858.5497597120323,992.3497222645605,1165.50261497959,535.1998502100993,841.4968233082787,929.38503400455,0.8361569321063043
0.275,779.2553743683893,1265.493741481087,930.0105012897944,1201.0866215287533,990.1709979485712,1184.8078989034373,881.8821039627719,782.0864565640954,1143.7572070656825,1026.2672959438394,0.7819711433974208
0.275,1183.1104278146115,1365.1841198209706,1244.2930854523752,1092.4421520381627,793.9002683840065,1076.9622025153567,1157.3105119432637,793.1631279305411,1074.7507811549551,1099.0764161193674,0.8320106428086772
0.275,665.4268676418144,923.5129892038254,1347.955827676294,694.189477574934,1266.3322048931277,1057.2202570010154,1335.5179422998108,1295.8721826622757,1028.457647067901,1775.5081374928818,0.8289673586522995
0.275,1032.9918573589864,1402.207328763803,553.4174758199732,447.1158785583651,1104.4005639163977,877.1910430518947,1247.2179770312312,715.709990723191,1179.8665833463974,1308.8891326944583,0.8365105221819555
0.275,1625.6978618184137,1586.4421654175492,1191.3250472958046,1146.0956579643746,1738.344642794806,1433.6863033359275,1482.329231484823,823.5162397137935,1083.7985745456072,1417.4719939529605,0.773445122916722
0.30000000000000004,197.5068886377317,223.8315504153746,227.71551690715884,159.96187921715742,212.61120277244524,202.68551062677636,111.19652215365385,119.25215635883434,159.09877555231648,168.3052146439519,0.7407217240849905
0.30000000000000004,234.52939393994532,237.198834196172,308.511023898238,206.11892264152976,174.0856395668045,160.92911258968695,205.7375740334981,124.31964621857291,161.88248410976738,179.04317147122748,0.867026873689901
0.30000000000000004,277.19592367167667,327.2078095768416,318.01279916378513,269.79506163189905,173.13531802146727,222.02586119333333,307.24790892410783,210.13962822035717,194.21656140750144,214.40073060689616,0.8479892845776956
0.30000000000000004,279.04587106791365,344.55436491279295,495.8840638722808,111.9738208743867,399.65259423193487,269.14342432392186,310.5305735359952,279.55368884965753,287.17095557580603,304.18285126420574,0.8758760872989872
0.30000000000000004,385.2974550492022,431.28552160442325,403.2799682534866,334.2978684206541,392.3725422115434,395.6152904942848,350.2168145359243,330.4655295410521,368.7889183370713,359.35546878728167,0.797632544766235
0.30000000000000004,459.546664568008,326.2134069609513,306.4723178492283,274.7571255058022,278.64061844581425,716.8280718437601,695.4688606736981,321.3590407859384,435.9220825162729,386.0839231194607,0.7840962965634557
0.30000000000000004,367.4337477173008,603.5208761772692,622.7176897610342,196.6831426827709,292.6672106015892,328.02976194010336,661.111316928562,437.8220641911014,455.33494675874346,434.45420215886224,0.8105519957228438
0.30000000000000004,336.3438631411651,449.6811081909135,456.2832778054632,264.4535717827478,525.9728459590283,604.4653069319953,652.8812174386835,391.7287304632106,455.1829162030383,476.4565738499175,0.77806321886658
0.30000000000000004,405.0795869788989,337.1783152151932,739.1538440563213,284.40932687311584,659.2243470087606,785.3267088556419,618.4835839505408,336.7903079479728,559.8944866001424,576.1907918234343,0.6703456165782044
0.30000000000000004,806.2252415959092,601.7836670398897,545.7271062745314,680.922341061575,514.8135617348106,485.5487395705437,643.001726426185,512.3404781716325,621.1561549514496,520.5840900488937,0.7814791732500574
0.30000000000000004,433.441943449443,660.7716340697758,665.5347323494419,485.4030155912324,536.0650609294796,672.462875301681,558.5815255242561,577.6339186429117,751.2705013833961,581.9640079880637,0.804430205528871
0.30000000000000004,614.2740884987167,885.8918827328409,678.3480297026639,526.5206472846133,850.1404807567237,851.0690886002635,721.0639905052955,691.8128434339287,656.0614414578115,812.0675591717725,0.8523502692667881
0.30000000000000004,689.3105842610959,1097.9947260182134,694.8130635258784,517.7332762773825,660.7977371617598,815.3673819634153,826.8725658806903,461.2078074664203,905.407951750783,568.756265823559,0.8192687141174579
0.30000000000000004,704.0117678894951,564.445426193771,670.0214411296515,500.5848122813398,756.027267931075,867.7833422778341,926.4939066812016,484.6196588032294,792.5926194454538,805.9827481690289,0.7077329333746215
0.30000000000000004,565.5914645464271,699.9401702011497,1112.9380431397435,641.3353850184322,823.2313692176241,685.0125362395147,791.7174752986164,704.9160481883627,738.641443435023,277.5434166200487,0.7396000724320938
0.30000000000000004,707.1233677202341,879.1106453251545,871.5571500249422,883.1779120252743,708.8664820202843,963.942207927584,854.1260070244439,510.7324899146146,815.7774924233431,644.371252918442,0.8241658209092182
0.30000000000000004,1283.5558883808787,984.018844086671,1006.5908820477443,749.7576933555608,925.4535564038946,1039.533856369305,869.9385441212605,682.0415794723485,693.6326259928992,1020.62214888841,0.8088869096929134
0.30000000000000004,713.082029288999,725.321016241562,994.578729198024,1154.9738739974464,1036.4489477199622,990.0696287418158,1180.7401623186422,952.0643534680572,1026.1424323914846,1162.7037604938057,0.7500953902929088
0.30000000000000004,978.1352972339378,995.907147498142,840.0616913350856,1234.4600606600195,864.6688686239897,988.3882877709832,1222.15647201557,840.7452240375537,1179.0939117599844,1201.650490941484,0.8399572348441947
0.30000000000000004,1061.2179532833525,1549.2494058384682,1217.931865467471,671.2221444233182,1389.6731390939055,1004.6864507146512,1279.4724885169474,1180.721256181747,1070.5206056047798,635.442712417812,0.7962337857581046
0.30000000000000004,742.3778514767095,1487.7341496995632,775.8853773708452,900.2355290224107,1068.5177701796192,1465.3957991034792,1336.577977332695,984.3766496010124,1711.862267346996,1020.1180105547576,0.8213576247342389
0.30000000000000004,1331.4528595156623,1307.1591345921784,780.5338717349014,770.3461806379597,1096.3522957400874,1213.1189090819578,1543.0433669136755,872.2230916073762,1156.694773775815,1514.0476307146898,0.7957711616736298
0.30000000000000004,1472.5140924417526,1365.1263243741785,1025.8786025243394,793.205105044594,978.693068070403,1230.8916142897112,1394.4138974835173,1233.3322453821563,1303.2970033655754,1178.8248176508896,0.8035843122847343
0.30000000000000004,1204.5636832895557,1563.0032342541097,1274.3559997033235,1386.3683593797505,1168.3750747787094,1567.3114019339748,1270.9094655594351,1053.7778144943647,1416.52553313879,1333.8087136854317,0.7433503506397324
0.30000000000000004,1301.922049892287,1424.3484040575916,1224.2635416530975,1660.97844680995,1452.6709188271814,1530.3294270663707,1492.870617209824,1189.5456203226345,1622.6060074447023,1061.637489105151,0.7786844305942255
0.30000000000000004,1553.306171524616,1848.5862566983064,1224.795208598264,1277.9646130025292,1118.4563997897276,1102.31568773844,1596.0315857780454,1165.929082293541,1782.1245011929764,1782.1245011929764,0.8174794864497246
0.30000000000000004,1585.7779056543714,2264.9751464374303,1358.3944815661253,1786.5840464076232,1643.8541914604527,1167.4317790850914,1941.126027281451,1156.6039969856536,1856.4724581403684,2165.556419888031,0.8171196267616777
0.325,102.81869397680128,188.9214653132016,175.35949034080176,155.33192264900228,237.649956783803,261.9353538274033,221.24942891020248,193.0215972816028,244.90403642020303,220.7763367600035,0.6904838691894314
0.325,254.98278286017367,195.5588292275057,289.3766469324143,172.86968329503316,285.05490485003884,292.2578083206662,285.23497743680537,191.4171597318956,205.4628214996173,198.25991802899108,0.7902560967884147
0.325,240.4668091491927,355.9713685229454,184.12312164979963,220.94774597975984,211.0876006673661,323.7749756661509,379.31375334412303,281.9196649523172,285.1393042379956,227.38702455111925,0.7698843571903901
0.325,270.31008470363486,285.6604355652424,354.497165210268,297.65289717587507,415.6587194244892,327.8739004346658,350.65957749486574,112.48928990772356,335.0693774010445,252.08154305547524,0.8540364758011214
0.325,303.50300436102634,334.7069989898003,298.49859012810776,473.6530882802039,385.3398959346088,440.0940751888776,474.241842895842,294.67168512646725,435.3840382637791,423.9033232588536,0.911080856110562
0.325,476.40605156317,410.6166444425396,307.8814618945653,256.9999992446212,500.7124827653707,491.96216753257823,276.12105845702047,461.822192841848,426.4968461613121,371.402268769655,0.8393893428768292
0.325,502.355293795504,503.78854713015545,438.5755204034936,516.3295138083607,679.003767291354,597.6666405498574,591.5753138775871,564.7018138528631,436.7839537351776,419.9432270530182,0.853862127489083
0.325,268.4750667719302,725.6389480779314,493.8428693016064,441.6603915346682,441.6603915346657,434.4758474942922,419.3504916198178,149.74102315730184,397.4187256018285,461.70148806834703,0.7881536447098433
0.325,464.6287023032283,455.7013385908484,408.62978447104655,630.5965095014966,433.78871856956215,441.9045037626341,606.6549431819417,505.2076282685742,523.8739342126338,624.9154598663487,0.8422857745123126
0.325,597.2724841069344,712.8463969920316,453.8595995049861,704.410344956626,539.4855276643843,505.3195169209812,676.5713732397777,488.86921545193394,687.5382408858064,817.8752448328725,0.8507270960130764
0.325,672.8853639214987,751.1173316354876,995.7618087064116,691.8780959676704,533.6053289162421,681.4773141328625,712.6796596372867,635.3521077350181,555.7635163034421,810.356567303311,0.7855066817485893
0.325,784.6560454766461,628.112560183898,882.5563056287674,500.163705331624,630.5358339500411,559.7762399787085,779.3248431911358,648.9527145727185,703.718701687517,853.4770204350693,0.7770964449164884
0.325,679.0791549055629,928.3613763265906,657.8421299569148,696.7766756961037,578.9617515762226,679.0791549055629,620.9301580223616,370.6366496990161,936.9573149962808,379.23258836870616,0.7981384129485255
0.325,675.8252713015729,799.5524365113783,998.6156978711604,994.7664082868556,726.9658329216255,577.3934376457725,907.882443383969,317.2914414491516,998.6156978711604,728.0656299457141,0.786338007417429
0.325,1105.4930072631375,848.2361894871557,1078.2261556094625,678.7075031186581,748.0601475421337,777.1052721297444,954.9325655232803,899.8061045712823,972.7152948626332,832.2317330817424,0.8731201779845464
0.325,1111.5582970303096,1031.4345296242325,687.4110521108511,1352.5655021644577,711.5753629158553,933.5054805723668,1381.8170362968342,921.4233251698628,1250.82103561706,929.6900630768432,0.8598952948851466
0.325,1582.5082677799965,818.0819216024641,1036.0162958593187,757.1397865519207,1014.1566169824918,1442.7388058705887,998.2586687084372,802.8463878398314,900.2213210184256,908.170295155455,0.7899872613901785
0.325,1097.9610902697543,931.5611533170136,763.0725142267952,985.8674088915492,1100.7460264530628,1325.629623255304,1226.7643887478198,616.1671305572182,1348.6053467676068,921.813876675432,0.9136288311130605
0.325,835.7313931352465,1702.608055579877,887.6401753175583,914.3361204398908,1252.4847586561034,1236.9121240014113,1500.9053591000356,1021.861454960401,1219.1148272531912,1260.6418529990417,0.8563762312848724
0.325,1676.1682711179187,1317.212309891546,1380.419772629234,1536.4875818580902,1350.7668888757494,1442.0665572746318,1424.8990982594562,676.5539530070939,1509.9560542891816,1136.173651186077,1.0
0.325,995.7509239057516,1522.3740066743107,1691.526674082568,1574.03639770541,1914.00826126486,1374.0529485527866,1896.509709464008,1487.3769030726069,1404.0504659256796,1299.059155120557,0.8517081958335102
0.325,1815.008853941158,1348.0916826178,1244.5273476250318,1506.07117667458,1320.8841030858027,1536.789411630066,1664.9283345872236,1632.4547719199998,1268.2242717335466,1656.1516960285146,0.8584751997628941
0.35000000000000003,111.68986413925067,326.8971633343908,295.2551943193312,218.9791895413068,352.4621979028492,257.5362908576707,240.98188322727535,248.94476284695983,336.1173397361294,297.9793373471179,0.8523549816245227
0.35000000000000003,284.47032664251446,261.64681821875547,302.11736923820416,287.0585595565484,351.5290885061346,286.1173839514453,297.1761973114118,219.7645037916529,314.1173582032721,317.8820606236876,0.7463067162827757
0.35000000000000003,378.09146617803214,548.2984955515553,496.1297775701988,533.8071850011792,480.0575967779612,365.97146099044375,308.533175536221,255.57402243393105,310.64100252536605,435.26627325861216,0.6192042971891081
0.35000000000000003,313.3049673391406,339.3903406270002,265.3415390356557,277.96349385236283,229.1586018944288,351.4513196740771,432.23183050099794,406.1464572131383,392.96352662679897,335.74399812439793,0.5540864987958815
0.35000000000000003,373.1559419271055,366.9054236368694,300.9624556748774,291.2741523250121,378.7814083883191,550.045609540793,556.6086537455421,222.5184511324112,415.9719922152244,403.4709556347522,0.7302500020489329
0.35000000000000003,408.29796381677096,522.7401233033759,417.862294148505,501.6326356747233,408.95757280516506,467.0031637839634,454.4705930044516,372.3492739492207,533.2938671177033,469.3117952433493,0.6804298684094228
0.35000000000000003,505.21305925312254,475.7394078896916,616.8661855945804,350.2163279654441,604.3832273700696,520.4700081941904,406.7363888153136,334.61263018480724,580.4575574397571,368.2472676230713,0.8338688810904584
0.35000000000000003,463.9933096722676,655.0493783608456,483.9103515818868,533.3341222465007,666.8520698628435,532.2276199181906,571.6928696279923,374.36662107897627,663.9013969873453,590.5034092093015,0.7947853517880402
0.35000000000000003,346.58399505248457,576.8567510873546,677.1115564358723,366.1650117221158,543.9606430823748,379.4801030574672,455.4544477356384,525.5544874129216,475.8187050720559,498.53268440882977,0.872504444314464
0.35000000000000003,512.2437818672081,624.4934413442394,556.2221932294785,492.977049270404,809.2027690657769,872.8667550378275,604.8078667344648,461.5638982973532,677.6863769919415,660.5138544600088,0.8146116015808736
0.35000000000000003,418.6277305344266,957.9449450846272,644.4194958333147,564.7020875719708,306.3998708592397,549.1148848393079,591.8683551917592,373.20216828494665,733.4892257342533,887.5798584628867,0.8459107878036762
0.35000000000000003,682.988555193971,617.942026127877,746.6002343541919,821.6907127613724,463.4565195959062,763.3401499226726,902.9988740939884,838.9089116318087,662.4223732098393,525.6333488502635,0.8494062754673287
0.35000000000000003,910.9056425168942,889.9893246634609,923.4554332289512,1012.3497841060308,606.5732177494808,658.8640123830585,910.382734570556,689.7155812168683,856.000308151636,1082.4194489150227,0.794213019500791
0.35000000000000003,633.6106686097113,940.5158362175346,1126.4189664172616,739.7624559722758,756.2627338006495,891.5650119933513,1042.2675494925334,750.762641191194,1109.3686793279358,656.1610483084925,0.9166130334041646
0.35000000000000003,609.0171599343452,984.033793301395,631.1856308722992,564.0644271990509,799.9123263445011,1101.649847444431,929.2284068159026,894.7441186901927,911.3704718936614,750.6490575934941,0.8443615931248561
0.35000000000000003,1202.8888047832068,982.5377932165696,1259.8183974372007,706.5967088230979,983.2075531301492,657.0344752184473,1261.82767717793,1031.43026690765,1151.317291437822,1009.9979496732086,0.5672028010280062
0.35000000000000003,1169.3562424775614,1276.1827784243137,1202.3362468638074,897.6296845995737,716.9566170923107,1045.3227477205903,1334.256264408792,1213.807552737285,951.4014308814976,687.5613957915283,0.5053471891170971
0.35000000000000003,1528.497772727668,1150.7965113238995,934.637540948224,1146.18101729453,1283.8765891708497,1410.802674978636,1569.267969987142,1166.9507404267115,1219.2596727596174,1156.9505033630678,0.582362436670972
0.35000000000000003,1581.4813159939054,1512.8360501911636,1296.3394426594496,1167.8495861568815,1940.548860192859,1403.707678915017,1489.954294923589,1401.9475438944314,1255.856337186033,2003.9137209338503,0.6153543183338227
0.35000000000000003,1523.2421547661745,1782.63827061821,1840.3870409356375,1452.2395683103234,1916.1231331552085,1921.803340071684,2159.425329410593,1527.9756605299008,1582.8843273890873,1517.5619478497115,0.6006659417228113
0.35000000000000003,1710.9330917921473,1864.8371199089568,1826.860801282734,1415.1175572299496,1703.9374541504678,1436.1044701549745,1954.7810324447628,1266.210413142903,1960.777293280484,1890.820916863752,0.6004280235961192
0.35000000000000003,2151.5787417047004,2118.8302068233443,2305.496855647038,1522.8068719827784,2315.3214161114447,2270.5650851069367,2467.0562943950376,2581.6761664797623,2080.6235827951,2550.0192494277894,0.5690224900158267
0.375,257.0902512784796,346.1901217576637,107.89437440838743,321.8268759235118,385.1713150923064,365.2166565995744,341.54950350353965,218.34108885654263,361.73619290898057,326.69952509034306,0.45973694591830416
0.375,291.4953082981032,377.738074871912,277.07782452436743,123.728224385526,388.7477897536753,457.4274397303886,255.32053082945384,339.9904809915837,426.75751970262,316.92250695360394,0.5843958185975948
0.375,428.70184323814,281.7426248493709,483.9177345402792,273.8141891752188,446.54082350498425,513.6493683183536,568.2989427866239,293.9184367775364,370.3712093497271,490.7135365466956,0.5565096326650063
0.375,560.850703559249,597.0854400251554,448.0503935175578,292.71365371154195,447.1051395227949,541.3154543341515,472.3119127164703,305.94720963821914,517.9991891300041,268.13704984770925,0.45284481909635943
0.375,531.7649773858584,663.3667633509962,317.7865009692571,433.3147863585013,526.7420084558903,550.1825301290719,537.122810911157,370.6951070315774,378.3969927241937,462.4480061523119,0.5545697635220345
0.375,624.8912603840776,517.2771787651011,434.4690549430437,428.2675654938152,501.9558518905373,392.153009289482,547.5550390172209,444.3184793624092,494.2951884532529,467.66526317127256,0.47333689335885143
0.375,456.4348040922846,553.6210051293319,408.0307817858949,476.0989381542559,578.5793291310663,688.2446921689822,558.1588822205593,396.3079326335673,619.4202229520829,423.53519518091167,0.6010148331222689
0.375,769.4711192291716,359.5345404258569,597.2641547728616,675.8073312443981,737.9698452432609,711.9287920815748,692.1879937170718,535.1016407739988,624.9852758804624,702.688418379043,0.45973694591830416
0.375,570.1856817603942,895.1915203638152,678.0823569242839,433.3411181379004,821.0673817349658,550.8870894546592,764.9260223000964,533.34291463126,896.5073334755731,783.7860102352504,0.5700746016935583
0.375,741.4892459285977,757.5674566183716,503.6263054298181,694.2003909586601,757.0945680686731,361.759740520012,810.5309741847024,580.2342504811162,910.310458171266,793.034097845827,0.5375525654655853
0.375,479.46864764364,609.624836328014,572.0698886048544,720.231874142803,794.8273182504497,1070.058784440738,783.5093887996367,687.8214398063776,662.6133242113793,830.8389119575921,0.5236081754723285
0.375,921.4027678412488,661.1716795181577,741.5771097307224,578.5931295701229,732.8846307888198,849.6898165705867,869.791174123726,849.1465366367155,791.5588636466351,1026.2557950779003,0.6013944016440795
0.375,822.8220232809304,1107.7130894061538,794.509867641155,1218.6023656619373,963.7929649039676,1002.1323423328326,1261.0705991215982,655.3084357456,675.9527158996032,1195.5987392046206,0.5569846167761031
0.375,732.5175460193864,1164.4828285218018,920.5199033239312,931.837770987748,1168.8842215021753,1041.8725954971,1032.4410391105826,658.3226357787964,1082.742673171998,1066.3946421020414,0.6178536516632939
0.375,1335.5539346008966,1106.835217971995,1433.5762417275682,1444.467609186088,976.8195189359255,898.5378153278205,1531.5985488542397,1097.985981911948,946.1875479588394,1630.3015664470672,0.6236118095029126
0.375,1708.2433098566166,1378.047389274839,1107.346229158249,1148.2488769780643,963.81511953599,1537.939558025025,1533.4774509901351,1001.7430293325476,1430.848989187692,1485.1379581121766,0.6901408819186805
0.375,1822.8465261506783,1618.2330185382189,1446.097845467418,1068.537206420623,1807.4193172433888,1738.4028563423662,1511.8664729142815,1496.4392640069918,1422.5510529247138,1383.5770514747248,0.7005711035186568
0.4,411.1773436867628,269.0792910891309,375.8272553155017,216.75185764483248,287.91716712907913,301.6385830100288,321.4067245334309,310.7086714737075,372.1061933816847,413.73557376626127,0.9743644205180163
0.4,560.6720570352747,443.11178701174913,348.42523468510984,412.79081239029824,443.3777604733403,429.5471404705741,398.1622720027551,386.1934662311288,435.1325831639989,404.5456350809568,0.7248558477265435
0.4,351.8235924996922,509.7852054587353,367.9787574614118,405.6741423720942,426.3168531565148,316.82073508263045,452.0454492066619,351.8235924996922,494.82671938307067,481.66325163648446,0.8291139271257634
0.4,462.2933851145292,486.3001994994228,543.3974877662004,495.0594425858049,487.597865141849,456.12947331300165,535.2870775010344,265.3726238762707,329.9314895869999,370.8079573234437,0.8373113939085657
0.4,594.6906642454451,681.7185663301441,396.9321387765543,433.7244225847204,390.5642435020652,642.8036507638166,555.0682047597287,464.5025830780908,415.3282806806373,665.4450561842249,0.9038360119441948
0.4,414.87816740676993,619.1431157159515,659.4733066069812,645.6564819498707,452.59436444374944,647.8970481104838,567.2366663284294,525.7861923570955,398.8207765890465,609.0605679931978,0.8914680187822625
0.4,719.4299995016306,804.3766866280114,565.2376716845487,612.3408109915953,549.5366252488665,591.4060824106883,750.832092372995,550.341807117364,606.7045379121205,597.0423554901632,0.8359040809206278
0.4,833.0140421104953,653.5417576831136,924.9388707196406,874.1613463450633,766.9157129677262,605.3906569830866,1076.3959692851863,656.6059186367543,690.749426405863,448.6807110684488,0.8708120897313306
0.4,710.2160116059493,868.5996594383787,455.9805884282414,550.4630526971557,536.3135049080895,466.4786400136763,867.2303483620203,421.2913744937612,674.1574865951078,720.7140631913843,0.8537678237425901
0.4,1101.9017554489417,686.976050022341,819.0868288727935,1034.378468480934,817.6189313300105,934.5614355717056,585.6911195703328,819.0868288727935,884.6529191170915,970.7695749603492,0.8770497712764139
0.4,591.4103753790167,583.7510365674449,961.7941164813216,801.4950970677692,761.5571161217313,1059.7242341435283,1053.7061822201538,708.4888400701436,717.2423701405088,896.6897365829889,0.8785762174611224
0.4,846.947177467561,1124.1936982684035,817.1168556092405,889.0605730322463,1054.004705660597,1046.985806399815,1226.5526458214604,725.8711652190913,1194.9675991479444,1066.287779366966,0.8372462050235656
0.4,969.1247898289716,1051.2540093060004,1164.9713901203563,983.6553440441388,1073.9974854688708,1040.5140344513163,1426.521365993363,967.8612633754816,1184.5560501494926,1246.46884637064,0.8939331446856179
0.4,1035.8801707243806,1137.1722343545318,877.8645514613413,997.3891865449236,1083.1498004184512,1141.899197323943,1103.408213144486,857.6061387353112,924.4589007312122,889.344318672758,0.8182358075795448
0.4,1343.5385888521787,1438.8352539400266,1014.3319276396091,1060.536371318564,1089.414148617911,1296.612200740737,1026.604982991831,1085.082482023013,1238.8566461420423,884.3819297925415,0.8137164261077712
0.4,1648.9996343241398,1082.7862133191427,1327.1111826569145,1132.4268420099943,1383.7325247574126,964.1140853550856,1960.8048332885369,1948.394676115824,1616.4229717457697,1264.2847619700624,0.7949590313398263
0.4,1200.650999782422,1383.2500059993267,1682.5789705284185,1545.0043768033513,1540.8354497207708,1396.5905726635765,1485.805612230744,1629.2167038714192,1352.3999455882524,1331.5553101753665,0.7857342037393725
0.42500000000000004,379.1275497054545,235.02271366633008,321.84928680031373,242.5234385705761,369.808467248665,359.58020601560526,427.5413195419424,331.3956639511707,325.03141251726555,351.85218641729324,0.8050210241815935
0.42500000000000004,422.2563230244391,343.5259505379454,478.6479739057671,297.7588135907827,497.7176143004185,284.4100653145261,499.6245783398853,334.2635537748312,342.98110366952795,287.95156995924737,0.7768435192056238
0.42500000000000004,463.7279227778846,350.203591776879,442.7157072712718,368.2974440186846,465.7707770632495,260.9016758737755,470.1483219604613,257.1078036295259,356.0403183064934,322.4791407612113,0.7826324058125824
0.42500000000000004,272.0790712434611,523.056827913397,224.7609718967727,421.38685769551176,407.6390315339741,453.6782633307524,439.61072028173777,390.6940364976602,374.7081921237794,522.0976772509661,0.8461608306977746
0.42500000000000004,488.7293304057634,632.8690677065932,394.1708295229103,525.9152577192453,576.2047975146203,620.1196069134018,523.0820442096477,391.3376160133103,439.1480939877867,415.7740825336007,0.7824619773550663
0.42500000000000004,394.5045433128128,541.0239850230414,642.111041706844,698.9015229898765,616.744626733754,600.464688765951,591.3782117606663,581.1559251297182,673.9137112253418,509.9785219216493,0.9110407803032047
0.42500000000000004,552.7858455443618,878.0249357591869,708.3699344357562,404.84025197321466,480.8231791062223,503.7386650669719,804.8561911125894,487.2555962180114,560.424340864609,479.2150748282756,0.7947839548334689
0.42500000000000004,425.267549383733,831.0118380173119,953.2444270617384,651.4827228583142,599.279221287256,534.3431583574038,632.8082995320808,429.0873177913721,907.8316248820402,651.9071415702732,0.852644416160131
0.42500000000000004,588.6836547869555,771.8499312763934,693.9359181428292,512.592191668208,531.2733293201175,683.0006180539085,887.1262197137797,834.7279067876964,767.7491937430501,944.0809076769168,0.7565355482554537
0.42500000000000004,835.79815705887,916.6194032828572,588.0108632463974,641.2464146514192,620.9201132058641,790.789918143715,799.9851497500377,738.5222858551462,1015.8311127194936,722.0676608754128,0.8616430387169728
0.42500000000000004,867.69688582918,783.9625663281729,519.1527809062413,846.2399664570489,701.2749258209298,937.8243784112732,763.0289864529219,971.318106211674,556.3098851848106,610.7371928604692,0.8594104259235139
0.42500000000000004,875.0615558026122,751.7652113450972,1257.5085501847043,717.5162267735715,1090.8301586032549,896.7525793645833,948.1260562218775,901.88992705031,884.1946183550209,649.0182576305085,0.8319714442634475
0.42500000000000004,948.6298860518184,879.3823556100491,924.1174858954414,714.536464558413,529.4678433777573,1003.1699763997624,1151.4699973458485,576.0414036748783,1093.8658569783595,906.9588057859792,0.8606791711072438
0.42500000000000004,1074.132024493059,1355.048834296763,1183.6309201938066,870.7769324773836,969.8473619209166,1046.757300567871,1514.0829447192814,1164.7293251026051,972.4544784852192,1319.8527606786674,0.8722505059127653
0.42500000000000004,1487.509045168235,1191.273800127633,1424.1808455158523,740.9399359328991,1481.879871865798,1461.474118644478,1291.895272908646,1276.4150463269557,1360.1489992006625,1068.8392807996947,0.8111144096326467
0.42500000000000004,1278.514875705304,1626.5174550419024,1221.3913421640923,980.1195754966008,1656.5824726951714,915.4797875420716,1651.321094605855,980.871200937931,1237.175476432057,1509.2638861941527,0.8369905623372914
0.42500000000000004,1644.9614325343632,1485.7194658467563,1718.5199044560484,1059.7269965860194,1699.9282027615511,1446.111057888932,1882.611880281344,729.1180403665812,1982.0370676040568,1159.1521839087377,0.9003047343044643
0.42500000000000004,1401.671223204986,1478.9079593615547,1361.2974747595076,1330.578318333604,1820.3294407809303,1741.3373242571706,1928.2853333634089,1648.3021647958465,2214.412333216146,1299.8591619076942,0.8910419476384728
0.42500000000000004,1501.9184607294712,1905.5299851607936,1924.1295945815916,1639.5555704433784,1676.754789284974,1723.2538128369742,1786.4924848676842,1869.260746790236,1805.092094288482,1421.0101597490016,0.8319100900187415
0.42500000000000004,1758.9148996041772,1836.8609826187053,2010.1884566904905,1751.7356551159978,2080.9552952168387,2430.687062426766,1854.2962906614343,1443.028142124243,1978.3946596714025,2219.412153203179,0.8515332226171272
0.42500000000000004,2189.926892688012,2483.399329068533,2122.116973675849,2206.601462936908,1532.94882488161,1993.166963751068,2298.867418314116,1695.2479753041694,2859.1329786769397,2481.1760530353517,0.833292264809196
0.45,133.49138203705263,0.0,40.24967428086895,0.0,37.82255824383154,184.66307848458877,0.0,150.0766749568063,0.0,183.6517801358241,0.8511489064454287
0.45,0.0,114.70942407777366,0.0,0.0,98.3223634952342,0.0,24.91731129673776,167.4622903366302,62.40551838282188,7.632329586388765,0.930240492867139
0.45,276.3059289008911,149.03115062764695,0.0,0.0,346.74218439826507,201.2464442782081,0.0,380.4645615475868,148.48724131878743,0.0,0.7871852803205086
0.45,80.89901397405059,0.0,210.04851128261856,17.913353094253754,239.22994132325724,162.66480309781903,0.0,97.07881676885545,0.0,0.0,0.8766407429783756
0.45,0.0,160.2592445174977,0.0,0.0,32.78790388875822,70.92893494302682,51.1892785202023,243.23271558292575,0.0,63.23381464260351,0.8629169914369046
0.45,0.0,0.0,0.0,193.9481478322619,278.580066886339,70.17396621567326,0.0,363.9172519325329,0.0,0.0,0.8997764060861648
0.45,0.0,146.92008115123906,0.0,241.89480379518253,0.0,0.0,65.12552409870096,212.43325717909863,0.0,165.52737375086917,0.9268319237168208
0.45,0.0,441.8111150359816,99.89863433642245,0.0,191.85553623606052,342.7484525350049,153.8188177230258,468.562213770416,0.0,0.0,0.8323165618899174
0.45,0.0,9.663151523750424,0.0,41.41350653035074,457.8493221966639,296.7967968008513,0.0,232.37578664252737,0.0,141.26607227575784,0.7962666824138577
0.45,236.0083492522572,404.7292116964173,14.562217294286238,152.1500634541119,519.2183683549624,12.553635598524195,85.86686749390734,669.8619955372469,0.0,0.0,0.8382227600851322
0.45,0.0,596.309575722431,0.0,132.14309033700016,403.6471709033574,208.76387380971445,0.0,722.3452123043589,0.0,76.62078347271428,0.8352138456676882
0.45,563.5221702522143,324.8036777618421,0.0,358.99353857887445,228.3394275994889,500.6372476780184,144.08584201465123,680.134016967459,131.26464420826758,0.6105332288750821,0.8194193883673982
0.45,0.0,0.0,348.4678457541814,12.539562631309437,975.4459773194732,366.2872242302464,161.69436024578877,871.1696143854535,0.0,278.51028581111035,0.8533218692787569
0.45,500.9069087959868,395.1674260190296,0.0,353.14275978716023,801.8577443919482,521.9192419119177,0.0,460.2378769586926,0.0,259.60398656138744,0.8158148264909361
0.45,130.07453261174328,367.925106530363,105.54619217638296,0.0,150.88645782962018,266.8386126149416,403.6026926181484,1257.6349095946807,26.75818956584535,372.384804791333,0.726130259292322
0.45,312.53191092052464,347.43395173397903,188.78831167280123,329.18970312694216,742.4615954863132,446.5874767722152,345.05426713306355,813.8521335138414,567.158163218718,125.33005564833373,0.7758196920968995
0.45,575.2623189594369,418.2966934668766,68.46373026802651,925.9302056981404,1178.912038273914,876.6697168467489,298.0677037278988,1334.2078166867586,0.0,0.0,0.8019852126575849
0.45,685.1077311411108,417.3858497725362,427.6113382970317,660.9383946286708,466.6541126632784,696.2628095314685,503.8377072978006,1194.5229776340848,136.64971028187938,0.0,0.8691078051561709
0.45,849.9259467656019,234.563858287504,783.1881126084924,105.01394492369975,963.7728403277354,175.67753403122427,379.8167914529903,1231.7056156937997,480.9049814262751,0.0,0.7500379633126585
0.45,227.8614792775048,386.1877653482616,874.0038899986896,979.9113381135872,988.469515739038,550.9326846380972,753.1196310392623,1264.4707441596704,47.06997693995998,888.9807008432311,0.7778348447335088
0.45,1445.7943710994773,900.0545550347981,0.0,1171.1409996159475,946.4246047657696,1001.1174839356556,229.4722973866716,2089.0301891626477,148.62195426598285,0.0,0.7778092804648814
0.45,492.8462602143949,1279.766532048424,0.0,1109.5848123611331,894.475118676392,0.0,0.0,3022.427341646276,51.73524278493579,453.36410124694834,0.8031025678448216
0.45,1717.928183167012,1304.1780804445395,704.7910495044132,1843.7837277213637,2126.958702968664,1744.6724863847887,1873.6744195530143,2290.570910889325,6.292777227730111,2163.142172028045,0.729228648649962
0.45,1782.7616416535664,1870.528368627284,1111.711875000365,1846.7582134052373,2038.747928660228,1117.1972954362377,2051.5472430105706,3558.209389392643,1466.4357298524897,905.0943719164344,0.7190216883293316
0.45,1642.3427229956085,2015.412960833436,1604.827280084528,1223.4202771553596,2619.828429956181,2596.90232595497,950.3912204136916,2780.311157964631,373.0702378378512,2152.969584840699,0.7524188488641564
0.45,2608.047337662166,2233.839320709744,2272.629176125532,2852.1952511615827,3005.0729166238343,3721.544363715621,3224.121511913052,4942.283931212784,2489.396015213848,2569.257482246352,0.9187355494140683
0.45,3087.845726007284,3265.281637128594,1152.181241047496,1495.5312508796517,3737.675945958083,2433.4067810922984,2820.539678084272,3816.0242703492936,2170.709458133499,1313.4866147941557,0.7704084246972513
0.45,4396.692005537644,1623.021291300411,4471.787020508246,2134.1518770681514,3907.363198309767,3241.1977429252747,2778.51555391278,5777.471313061848,1608.4867722738531,3904.940778472008,0.7883502805622419
0.45,1567.2358432354013,4235.903687753871,1428.9503276557955,2862.7527786652845,2962.221307415483,3944.776286533664,2496.417465463178,5211.1804818414985,1671.5564953393205,975.2767940876546,0.7915159891606007
0.47500000000000003,74.60645273256398,0.0,53.49141894032773,42.43116314439609,59.72538129803636,0.0,0.0,100.74887552294912,81.64479732997607,84.05794404908872,0.768295111824054
0.47500000000000003,0.0,39.9664610524054,146.1816754797198,53.21621172738769,0.0,0.0,68.63805267695521,22.155320800789173,43.22459646428572,141.83749493054682,0.7754786713083507
0.47500000000000003,0.0,123.19420388497606,0.0,0.0,19.650609208645854,0.0,156.19715012001214,186.93271836943143,0.0,0.0,0.7255601761019314
0.47500000000000003,0.0,114.0012948305177,99.713132545092,65.36074236949612,0.0,0.0,0.0,421.956792599356,0.9120103586467684,73.8728390501774,0.717434999389859
0.47500000000000003,138.10587837204883,46.260404246871886,95.89748033657806,0.0,255.9517256870689,242.44503831572027,113.79384110361894,474.08472673436313,0.0,0.0,0.6477553245344658
0.47500000000000003,159.18405070504934,2.780507435897456,0.0,129.29359576916653,27.109947499985378,174.82440503196216,0.0,124.427707756345,163.70237528838024,38.579540673057934,0.6307757807813782
0.47500000000000003,0.0,176.43089191751795,347.4331410068051,81.8174026254877,362.1680286834373,78.32756080733773,0.0,539.3744410049876,73.28667818112746,0.0,0.6686732873388289
0.47500000000000003,0.0,107.58302786141788,0.0,222.2548598842452,227.6757101253193,2.0849424004131456,30.44015904606037,369.8687818336287,0.0,30.02317056597774,0.505916240766824
0.47500000000000003,0.0,136.14489990666706,151.22134855404624,106.4488646921268,0.0,64.41755331154197,80.86458819959623,126.55079622196745,0.0,0.0,0.6571459325435947
0.47500000000000003,70.28924700963472,211.85773042339383,186.6130008635972,0.0,0.0,182.65304328558776,117.80873794571951,411.835588112765,24.25474016529569,226.21257664367445,0.6287988106741926
0.47500000000000003,0.0,74.02205884952531,211.64053445709675,0.0,399.3020921037872,492.09030671798223,106.34154933312205,401.9085026266556,0.0,190.7892502741384,0.613993447100558
0.47500000000000003,203.5740903642206,0.0,385.9541658412074,136.08788506540068,598.452051947426,20.07854041948566,0.0,398.22438498644976,165.09022122687787,0.0,0.6615174224788783
0.47500000000000003,50.49266065972239,0.0,300.39937354515007,73.50197437806825,653.8479981631777,16.61783768547605,237.12376081968807,420.5591229632116,0.0,0.0,0.6553329998267687
0.47500000000000003,0.0,565.1300964243686,90.9092832183198,37.31351176872026,250.3397425937427,634.3297000681596,0.0,430.1230265702801,0.0,527.816584655656,0.5574616460286904
0.47500000000000003,70.6270717368858,332.9561953310271,0.0,464.8414415335797,913.8278261466244,426.6451680432176,0.0,701.946610935975,0.0,151.34372515046837,0.6074360417691748
0.47500000000000003,0.0,133.33057208856263,755.7895912211274,429.2045944199314,0.0,748.2991096431249,197.7487136594432,273.40257759733595,133.33057208857116,487.6303507284016,0.49595810599416723
0.47500000000000003,407.6111599089486,423.6273155045796,624.6300682298155,489.2935534466927,11.21130891694438,27.227464512575303,331.5344208296721,1219.6302486077034,128.930052544874,812.8198964785449,0.6478371301940737
0.47500000000000003,626.7365410472429,615.6514049470879,733.3243881641205,517.5905855995625,0.0,234.49326365713097,846.7338574964722,1484.5555346438705,0.0,47.75135550836625,0.6524151794198672
0.47500000000000003,0.0,179.6111365186559,0.0,549.0703137098928,661.6762594029425,269.8820186031666,225.2118913860887,710.9995248717948,570.4747496680769,327.5809329252237,0.6789738412873781
0.47500000000000003,0.0,614.4700698345595,0.0,734.7364157396721,1355.2703349475937,687.2362623149586,29.30860530460505,1325.9617296429883,538.671952667468,0.0,0.6639153508761279
0.47500000000000003,351.8158628470968,571.7007771265414,325.0006293983849,455.85896862810176,1114.441102128464,1825.581093188302,0.0,1007.1801683336164,0.0,220.95752361739213,0.6366928133571066
0.47500000000000003,761.0135838951194,521.4141047077505,614.9719965809053,0.0,9.127599207129462,368.5268179881763,0.0,1721.6934004463517,352.5535193756997,771.28213300314,0.6403723637548756
0.47500000000000003,222.2058284052509,268.71402504821145,445.7035511616793,855.2340604899643,2355.1234022253857,1262.1807811158506,387.5683053579896,1855.160288313564,258.3788702386598,297.1357007744675,0.6649098009257333
0.47500000000000003,519.5272946435183,0.0,394.9622707816171,1269.9556091285754,429.9012408892069,750.4283144850571,308.374388341025,2643.2090429231034,565.0998643490822,253.6873046943552,0.7172023645453496
0.47500000000000003,984.00045364355,1338.9670602431468,49.53022417668095,2428.631992130297,1855.732399153262,1845.8263543179148,876.6849679273765,1561.8530690382297,1603.1282558521557,1941.5847877261856,0.6435448894915344
0.5,0.0,0.0,0.0,0.0,52.936045530454976,132.8395104820858,0.0,55.53290814138288,67.11891055937016,0.0,0.5771860131308403
0.5,80.6103115667908,77.91581647263615,0.0,66.46421232247955,92.96008074833142,0.8981650313840309,208.59882853913007,199.6171782252821,0.0,0.0,0.5991418852414753
0.5,192.27492818913632,112.80129120429436,35.891319928638524,229.87535859056888,158.66242222421886,110.23762549510496,0.0,0.0,0.0,134.16517211419838,0.5894693601588729
0.5,0.0,95.47659503642282,156.8942877499132,40.200671594285296,242.87905754879588,0.0,0.0,166.38611298745013,0.0,0.0,0.5698473637502038
0.5,9.200248028022164,0.0,47.31556128697378,310.17979065906485,281.9218860015613,0.0,0.6571605734296208,507.9851232615563,0.0,148.51828959522877,0.5921104331555114
0.5,249.84704517656743,196.75918862344616,0.0,11.13731256359392,233.1410763311787,0.0,0.0,454.40235259452896,0.0,147.7550133436464,0.6374798519739147
0.5,218.80042537439,209.25415899679885,265.0043546419283,69.87866988396884,196.65308737837697,173.36019741705402,0.0,371.9225380709518,0.0,0.0,0.6196135578895886
0.5,44.882406107019406,416.5255071426912,116.19090179106271,48.2381000215597,37.3320947992942,155.6203052869446,0.0,402.2638080058806,54.53002611133231,0.0,0.6199085319224859
0.5,0.0,104.49453281249644,0.0,288.1655398265339,90.6846826610672,122.9076663477372,0.0,359.05610393721327,104.95486115088232,0.0,0.6051567315783566
0.5,68.97349899417001,107.0777396972395,487.155482406355,91.16077839089132,66.56183819017488,0.0,0.0,800.6713869252902,0.0,22.66961155752472,0.6047136175888149
0.5,0.0,107.21846283316498,328.3565424265615,294.8507727911993,178.35378913593036,363.9242055779442,0.0,515.4733790055906,156.18843383869842,0.0,0.6579043391795402
0.5,221.55887887907463,68.72173662502362,608.049925658206,90.16291845203024,185.82357583406363,147.33940332404788,0.0,217.1606877350709,0.0,440.36888829315086,0.6250883396848459
0.5,0.0,0.0,0.0,458.9360114654854,143.5676789793856,78.69190772509974,0.0,130.35224409425214,0.0,143.5676789793856,0.7770423524060598
0.5,0.0,159.73734526588086,25.849611889498828,377.1392093621921,0.0,324.7771750219182,0.0,576.6451883042203,9.942158419044388,0.0,0.7057322453070973
0.5,66.4462025974936,87.21064090920643,400.0615114723924,156.42543528159297,406.9829909096326,184.80350097426924,92.05567651527694,895.6394391786779,151.58039967553032,791.1250996763827,0.6298986828982335
0.5,421.9839293044327,427.8755024884333,125.93237680812304,755.5942608487716,409.4643362884145,367.48687735237627,30.19431256802852,804.9361862648191,0.0,0.0,0.6374671266490877
0.5,0.0,96.81917078775862,0.0,0.0,878.5739630161648,187.2370740854053,279.25529425559364,347.2687613378941,75.21489300867408,16.003168725252515,0.6325658882583579
0.5,388.4310356420655,281.96599803566943,387.5992775357569,203.78073604348253,333.53500062626443,0.0,678.7146147407265,459.1304746775506,100.64273086229252,0.0,0.7328332105264246
0.5,790.488309464214,1019.5759867774368,74.2497610264151,909.1068301283796,1094.7312326944275,786.8663699019427,515.2209027321205,422.8614438943688,0.0,684.5465772679831,0.706178199770931
0.5,491.73118612809833,807.1109601533309,733.397936046845,0.0,142.7606669404136,379.76203558659125,680.2125895396265,1337.09827271644,0.0,295.7851726804768,0.6932682441140984
0.5,683.6908511246156,86.22213997862582,676.5902043028416,125.7828865570517,963.659211525792,561.9654770371425,509.2178149325746,1650.3931970025917,0.0,0.0,0.7299921681396336
0.5,0.0,908.1125413974728,572.2655674499814,233.10431415433985,497.1419022248922,1193.1405653397362,583.3131652772038,2286.8527502344964,318.1708174239305,564.5322489709347,0.7315109697435289
0.5,0.0,585.5385471863625,1318.3453406469469,1548.0838048347591,953.120089886854,281.5768868763362,65.97617433085095,2525.9449600956755,307.4960982206048,1168.7208024323395,0.6806139311435399
0.5,677.3882109377715,1245.0779261771104,863.8756536250775,1132.6369680862197,1415.1105945096524,900.8988959232928,0.0,1055.8480210973153,360.6338046085661,485.4158434655338,0.6914744845987428
0.5,1540.452174374603,2022.337213537933,785.2356211940327,369.70852184990974,2384.1459806474672,703.0781718940387,511.9041071767926,3061.9449373722878,1652.6286916880415,857.9133648055582,0.7204795820487688
0.5,460.21631022582505,1187.778194856715,160.40734464301264,2010.8206417750996,760.0252758086374,2343.09299853566,947.167177892174,1678.5482850145388,1199.2358623312275,1974.5380281058544,0.7154714200900498
0.5,1804.6758083705488,3029.809916768497,1235.787448470964,2126.406678575921,3213.047366024516,3115.036637352697,2192.457387028668,3839.463762318436,1048.2886631857382,2908.361839935994,0.676692372336098
0.5,2089.1968508987848,1587.7896066830838,2971.3021879449275,3036.299423306244,5951.889695227202,3101.2966586675325,1490.2937536411237,5062.8203686780425,1799.030621607287,2936.482240429953,0.7676858300884343
0.5,2745.9180270549405,2650.490814993958,2898.6015663525186,2034.985297200572,4463.607844152717,3533.1925265580844,0.0,5296.210269384843,2278.324687956116,2507.349996902469,0.6923272355593874
0.5,2033.3432272449488,2703.862362895959,4071.527747888095,3935.9715327384447,4175.61555594946,2006.716113554833,2853.9424582402307,6380.824698830569,2067.2322810323885,2326.241477836195,0.7323794447582878
0.5,1210.0776156224258,3893.838966453033,3487.1323819492336,4546.577929236913,3878.775759619544,2191.696594270447,3085.44686638992,4867.926341684352,3785.885984146482,1754.8635960997262,0.7448654596270493
0.525,1.9741027714864,0.0,62.18423730180701,0.0,0.0,74.02885393072317,0.0,291.3775690713262,0.0,0.0,0.6844826571291516
0.525,158.83488507609783,0.0,0.0,254.8854792961579,96.9876731880598,293.30571698418146,0.0,347.6562971282137,0.0,92.53654809005845,0.7096115585150706
0.525,0.0,101.29020626222592,117.72227362195648,235.44454724391576,234.95403777048855,266.8371535431038,60.08741049454198,484.6233597437252,0.0,41.93855997782329,0.5986832906670423
0.525,0.0,58.84375325304698,0.0,0.0,278.8073070799082,73.13437904307227,0.0,262.55522284811644,115.1656313666768,12.609375697082635,0.6429969620006211
0.525,114.70926699983784,249.84154889579,176.6590788513801,326.0874711746142,0.0,214.10127282758896,0.0,269.2434130470957,11.57304177446542,0.0,0.5513533196828614
0.525,210.82176083415507,154.99303527992686,108.14375509455706,445.068161760995,254.157345005621,409.54079095375886,0.0,292.02717982212346,109.70539776740569,0.0,0.6085901832834727
0.525,145.42511332971196,136.38739442221484,324.94707526496944,206.63511865774893,556.6413236207761,75.58819449905431,169.6626322179934,655.2346207934592,101.87974041177414,177.0571295059473,0.6890026203265422
0.525,69.6001924239661,245.860419991138,129.70944951738508,293.3150966438428,348.00096211981,139.65233414937583,73.66773613705112,481.32600604883135,0.0,0.0,0.6227479308920082
0.525,0.0,194.3363828551452,0.0,0.0,539.7716279780539,99.49278930861554,26.96533542009414,786.6439229447578,0.0,0.0,0.6623467535729134
0.525,126.67979531232172,191.51591102334825,89.27434394056864,342.1351952135836,60.34746154641529,0.0,0.0,736.1392829959883,0.0,76.80586014999186,0.5779427154822109
0.525,473.8083943857257,0.0,88.9056200701286,503.0886884208024,755.963955087336,0.0,104.34432056135304,456.2402179646797,0.0,0.0,0.7088915425491977
0.525,0.0,62.63879682165689,200.44414982930329,0.0,344.78572511399256,354.5900585295599,8.170277846301996,280.5128727230765,0.0,61.54942644215078,0.6336890117933881
0.525,390.3837166416958,353.6556583233572,0.0,295.0092426214936,414.6716261747887,277.8299895371049,244.06387140573307,905.761309173215,0.0,0.0,0.6247273154023415
0.525,28.819040805124637,0.0,28.819040805117517,168.52873862126242,777.4876008512337,394.0690579656925,337.683978129585,624.6213844066682,104.62564814034006,0.0,0.6721763590688403
0.525,135.00188262899604,735.9333396647147,139.15578670988435,382.8514927888857,700.6251549771326,192.4642224146649,746.3180998669435,256.8497356684888,0.0,504.0070284815795,0.595333341804923
0.525,56.75568018617088,700.7143592215955,431.4886968000029,411.8424998124828,0.0,408.2043151851673,193.55142217335643,668.6983345011863,0.0,57.48331711164224,0.5994085205632591
0.525,350.8182227928515,256.06597958317263,22.709215314712893,360.9982158649651,396.2366534222773,341.4213061108998,448.702771563178,696.1549108545609,0.0,0.0,0.676344249786825
0.525,8.220112224935022,276.19577075775504,754.6063022488594,0.0,189.88459239595136,380.5911960144047,274.5517483127699,1200.9583960627251,0.0,286.8819166501678,0.6736461766935724
0.525,217.92801370198683,0.0,91.75916366399024,1038.466688774232,365.2720553547419,0.0,887.5934485190086,1461.970521069582,0.0,264.6898951845965,0.6505298998228257
0.525,790.7887692868662,9.22740687616151,371.8644971092218,580.4038925104342,545.3397463810184,0.0,466.9067879336612,668.9869985215573,106.11517907584162,0.0,0.7097571973787657
0.525,119.24798047325145,322.26520342770107,495.7168113887879,921.4616672932808,954.969364285756,788.4163998231262,164.58192346307357,921.4616672932696,0.0,691.8353908447914,0.8021413513444323
0.525,649.0411428885236,228.57991785087827,203.41515625261488,600.8086831585167,1192.1805807176818,606.0513418248166,727.6810228830935,774.8649508798285,0.0,22.019166398483417,0.6226256484737404
0.525,406.5223547294222,997.001752660412,537.1091446564672,498.500876330206,1529.5687481020295,777.8430530437076,0.0,2226.788652582077,0.0,376.9983848328733,0.7020267755814148
0.525,1329.542362594461,1036.297505050262,65.85583665187151,0.0,854.8833135186776,1524.6247466386867,139.1670510379249,1786.8055302904922,769.1464695756779,915.7688983477706,0.6279617634785647
0.525,1238.1248238426967,1745.8251706027663,271.1424195230813,1554.9187731834472,1548.001874726216,1708.4739189337558,960.0655058623844,1932.5814289477407,121.73741284710192,1066.5857421035964,0.6148873443602293
0.525,2017.3664197865028,810.1614944799877,532.0703465731616,932.3287039650828,2483.530771769017,900.1794383110894,1928.95593923808,2385.4755115244125,1186.3079026314183,966.0854329017368,0.7082469390475477
0.525,1443.2437156616638,1578.8505077372424,2136.7755951339623,1410.310637586149,2400.2402197379715,2392.49126019078,2094.156317624485,3328.178125512371,794.2683535856132,546.301648075965,0.7069329543685018
0.525,1602.8343038506364,3107.62289230617,3744.920042374421,1504.7885884555335,2736.754316681153,2291.285740212019,3094.834320732881,4716.85148194344,2184.714310434716,2561.977171846365,0.781442815179121
0.525,4482.617134284135,2686.34205835442,1395.0531719351202,2939.988089615358,3246.669200139924,2322.0141225432526,3290.480787357734,4660.169356166758,3530.2915805499065,2218.249837027432,0.7077359158726267
0.525,2936.9870438370663,1481.323886287958,3174.93198305182,2892.6639669245005,5505.392711243419,2841.3425094468016,1546.6421048959244,4590.937650731785,3377.885019440879,2957.982185532493,0.7245972553169665
0.525,2826.833247912124,3055.594319997502,4743.290800790596,2747.467161678416,3916.949785298539,3366.0557749704926,1489.281265208862,4028.9960246872974,1923.4604428402893,2815.161764642473,0.7066819105453669
0.55,87.4546593846792,0.0,48.50578015356305,52.29247674547764,8.114349839814327,0.0,0.0,191.13801844898703,0.0,58.78395661733032,0.7547186591637212
0.55,55.79570661797359,74.23666050018446,105.91727357988192,124.1218049764236,256.518396951276,52.249369332930776,0.0,364.5634729021804,0.0,0.0,0.7822958096089884
0.55,78.93656677101579,240.99014154390724,75.98566707863849,0.0,146.31544308022842,72.05113415547342,0.0,140.65955200317703,72.05113415547622,72.05113415547622,0.760521017734464
0.55,71.76895302655026,127.89953496560186,0.0,130.4128446046648,17.872424099996227,25.133096390619592,28.20491928280689,210.83875305464625,0.0,152.75337472965927,0.7275260683593776
0.55,229.36309293032696,198.7813472062824,113.08874720870072,80.59564237690518,130.60953902976942,231.5930118893698,199.4184669088661,89.51531821308365,0.0,0.0,0.7550741242322543
0.55,0.0,0.0,33.58717070162086,86.73610016353028,197.0939467545745,48.35076221881653,86.3670103756007,450.6586310624203,262.79192900609786,0.0,0.78769981194939
0.55,143.86763282398817,0.0,251.0385940870709,25.437465513806835,83.81853390614813,350.2864103540525,403.6633871699072,457.0403639857618,278.56109775775,0.0,0.7463924986063925
0.55,63.634204436623385,280.0801251611801,225.4084847297165,0.0,237.5079461366787,0.0,47.501589227333696,442.7506618547933,0.0,0.0,0.715385123775848
0.55,270.03392137508223,475.1649528757975,379.46872109024366,431.10678675670783,424.9481183744694,224.08078036914085,6.632412103948689,285.19372046982056,0.0,0.0,0.8770753355450415
0.55,228.47678048357943,88.1754739179662,0.0,220.1951061376893,509.0793936147893,229.9382524269643,0.0,278.16682655889247,287.4228155337151,241.63002797410428,0.7788062869413496
0.55,469.88653239238175,111.38434891329707,104.64948130458626,230.5396989135732,17.61426913047672,295.8161080441509,96.360413478482,501.4886034794053,152.31162130469906,0.0,0.798056181217775
0.55,351.7591618115567,0.0,527.91836049301,308.13878880471384,249.4190559108897,308.69802435608307,147.07895001023547,663.2533639244793,20.13247984931059,400.41265478072233,0.8247665812219611
0.55,511.6322293471855,155.4845651112415,99.74481535437818,554.4638265287742,659.4892497548568,203.596770164528,0.0,483.4689873647706,0.0,325.0507512136971,0.7568465801904205
0.55,431.1867178004456,0.0,124.78469483623066,464.545002558644,473.8111927692538,501.6097634010904,50.03742713729749,500.37427137300295,129.108916934519,184.08831218414505,0.6882704295974433
0.55,491.74232340662695,0.0,414.65839162937374,412.0003250163674,730.9683185774206,242.5485784370517,0.0,767.5167345062887,77.08393177726072,0.0,0.7149342895228463
0.55,124.52131147611188,127.46856145187506,312.40849743118247,517.979183240849,579.1346202379938,461.2446212073575,398.6155592223311,1248.1603647368402,135.5734988852322,326.4079348160744,0.723875977737836
0.55,234.8889629401647,737.5513436321139,707.0157784498936,0.0,964.6106744742714,671.7824340088653,528.5001666153705,913.7180658372376,0.0,7.046668888207433,0.7589343287949905
0.55,669.529051655108,338.03850652024096,596.6829812427475,708.81681996738,633.5152640355136,862.6939125238091,21.280874502484185,1354.609511600479,234.90811470050707,265.1924361078898,0.7950761179034961
0.55,1134.5903940194637,681.2762872064718,463.75512270886674,0.0,536.8422339800615,554.243927139873,81.78795785110056,1802.815411356062,267.9860746610409,694.3275570763255,0.6859551590020895
0.55,406.7787192845422,965.6573075189482,812.6731370054131,523.5065256879363,513.7792084876427,474.8699396865179,359.026434846785,980.6904341011996,493.440272523424,358.1421332831338,0.720265329130749
0.55,24.84785031784321,793.2198370696336,514.1593642692347,1334.1384247580934,788.4414043162063,778.884538809341,0.0,1153.513666678371,142.39729605226114,343.0914716963886,0.7386146682006182
0.55,1578.3416525257,460.0191751079895,1341.3921205196343,366.8256353231869,852.6217469673991,381.6969448633024,0.0,779.2566199027506,706.882913474132,543.2985085327151,0.693235862707171
0.55,1226.5773967882456,1275.724146702185,441.2750736953472,748.7036795399646,785.3023230928984,1352.058460398289,564.6647862452248,1094.8222799976816,799.9417805140814,258.28185593069014,0.7362281454001418
0.55,527.9615407376112,88.75215555502662,799.9072481434058,698.6387629588222,1066.1637148084983,1575.919685175838,979.6872555497528,1750.0104518414832,1136.7102999932663,0.0,0.6985770905657197
0.55,481.3251865573907,1179.4304189688537,778.9384698485908,560.9336779727311,0.0,2160.451982410236,300.06277533476083,1085.124975292205,563.383170016278,157.9922368089214,0.6914125404093763
0.55,1377.965782516781,2528.1115709300743,887.8076133850519,1481.5203252910885,1832.225043486736,1136.3385160433825,0.0,1347.5897833029808,807.7254336395978,1187.4254238120568,0.6851922592522638
0.55,1858.9985397988544,1961.3142934710984,1657.5152094904136,1605.5702883952836,1276.5857881260504,1297.0489388604994,1134.9178215029417,3077.3430527576065,1245.1040177653697,985.3794122896488,0.7312942415550547
0.55,1435.9047398073758,2842.579866590668,2506.4393168138936,2124.6274966869905,2999.68903659504,2093.571032848904,1543.688937833635,2970.459423570977,1952.9035201705976,2325.5810862274666,0.7652763977703027
0.55,2693.280471505629,1097.2624143171074,1578.7534387814285,2846.743746235285,2988.6972753602045,1571.0802750449304,3644.752774829535,3857.683068516925,1768.66424125939,2781.5218544751715,0.7422715385036568
0.5750000000000001,0.0,109.63813612025038,100.15881929419332,95.68744343284544,128.954479841272,93.89889308830584,22.35687930673949,276.6887383002064,0.0,81.20018564207922,0.7545151188916022
0.5750000000000001,265.9098461817733,157.2744401279387,26.41815556309016,221.7149878098731,74.56339233695003,31.849925865782588,222.9494810604837,274.30440028593125,0.0,86.41452754282341,0.71002523486195
0.5750000000000001,106.19619901667188,224.68604668798065,186.23569876815105,91.02531344286076,325.6509058516104,212.3923980333408,222.07037676146112,110.3812708990984,78.20853080291754,141.76931001733027,0.6806241568509906
0.5750000000000001,0.0,183.8583455348745,139.90387225831603,150.6244754965005,0.0,37.522111333647175,163.75721446327745,246.30585939730065,0.0,12.328693723913815,0.7390368063800046
0.5750000000000001,320.5593423425793,53.94027395187644,14.178586295919429,382.2053697161524,183.70516157324545,26.19956163376576,202.8154300590567,574.2327449848331,109.11346845122674,147.33400542284232,0.7804645558329799
0.5750000000000001,136.7670988021303,44.71948734674642,196.7657443256758,302.22920198508365,369.3084330051991,493.777672786973,200.11970587668284,509.802155752888,0.0,151.67359458437775,0.7718783701433269
0.5750000000000001,183.46325290316585,0.0,188.01877385561045,132.93838415782406,284.09885212544066,265.4626300472394,142.46356433112675,604.6418718704664,0.0,104.7769819063248,0.7923070612509037
0.5750000000000001,213.97270547327253,184.9828550543131,215.3531745408408,344.6571105365207,357.0813321446454,531.9407473701142,61.2007953289167,525.9587147439798,58.90001354963628,201.5484838651478,0.7432293464348967
0.5750000000000001,288.3228333968393,308.4269765418555,325.098705003579,200.06074154066616,760.0346798726212,352.06767751518595,140.23865706036818,747.2857110489518,0.0,190.2538424455333,0.7670041162583706
0.5750000000000001,554.1803364905584,280.94936278908773,291.7551075117409,496.03513869721314,327.25969731476,479.5692419769711,0.0,653.4902760845001,83.35860214621252,237.21182462595047,0.9276278246134199
0.5750000000000001,388.300975407574,262.0897316720546,221.2724783788662,379.17080032883655,240.06989765862545,306.6664688211912,192.2707457758129,577.3493064497109,295.9250863756188,70.89312414080439,0.746177758749922
0.5750000000000001,0.0,0.0,334.5297065826453,221.26833995606412,512.5952572069123,340.95174283466235,223.01980438843245,849.460249699382,0.0,249.2917708739764,0.783075519802124
0.5750000000000001,350.8430971696008,431.39380825445954,158.7147344338653,394.4001483488211,338.31298655639864,484.4976103770685,0.0,976.1552839616734,98.45086910372002,238.0721016508013,0.7042489496318506
0.5750000000000001,0.0,213.46066188673143,833.3056159368435,530.8511504063673,447.45835538355954,505.33544446655566,46.05273754990832,767.338181068053,0.0,313.0341484811351,0.7680139048691523
0.5750000000000001,551.2186009044007,344.757412694073,527.6230365375051,492.8851223306896,641.6682643108304,441.1059671922209,72.09755778773551,854.6837759564081,175.65586806466524,508.61549857528667,0.764951400170067
0.5750000000000001,104.42463512155965,523.5155040760844,456.68373759828376,894.5710408746959,543.008102632107,437.1911390422612,152.45996727748087,795.0195553921379,75.18573728752578,98.85532124841488,0.6694551278876831
0.5750000000000001,846.4808371432825,348.05704394709755,498.42379319617646,462.5494926139159,888.4614016544427,691.5343899475268,362.5594207782309,1329.6389705172144,90.06739295122853,0.0,0.723508339208052
0.5750000000000001,574.5723202309439,644.2903005100029,410.2943207227902,765.2950708794278,784.5276171633002,707.5974320277743,507.25840823735865,1014.5168164747082,390.2604183437477,447.1567011002312,0.8459337956454407
0.5750000000000001,0.0,727.7584317746735,582.5464226341004,28.02337018502574,1065.737260066752,439.8819926012544,310.8046511429715,1435.9854237234113,173.23537932559876,78.12575930370461,0.7857244649703711
0.5750000000000001,1163.4559409458925,1544.5426416028895,105.36959465169748,527.7260532139475,1251.2639364889787,597.9724496484124,654.1695667959964,1638.4971968339862,0.0,520.7014135705069,0.7830463034951205
0.5750000000000001,21.64454931109769,709.5647904594039,1275.1462746319546,895.8961280071015,985.2975273355456,527.9387897184728,155.27611462307772,1122.6933620929303,0.0,465.8283438692439,0.762213282618409
0.5750000000000001,1156.8517519901118,697.2271501893238,83.74516049760204,785.8412153670256,290.18671893354843,1489.8848321084736,107.11590296204965,1606.7385444307115,724.4930163978534,0.0,0.7243288304963786
0.5750000000000001,0.0,841.25755101157,594.3212549434946,1249.3302436664474,417.48975479305807,703.1406396514556,398.6556305166729,1807.0295902947591,0.0,791.0332196079039,0.8275743900595364
0.5750000000000001,957.9374449635732,1135.0902601280702,562.0774505836482,802.6553477206239,544.5808762464175,1235.6955625671626,0.0,1425.970808484586,726.1078349952317,445.0691097034013,0.7458130418508381
0.5750000000000001,324.4581777048796,536.8732436843411,1251.1480809339396,1667.8084026628776,955.8677969075434,1478.7356516262057,1085.41764484007,2138.156048760227,0.0,790.1373608136871,0.8300370812706419
0.5750000000000001,99.47293682441028,1411.5083820272578,1269.2243078353802,1246.5595880526116,2017.160060666956,1621.7866155674417,623.279794026313,1905.0956128521264,172.50370056889773,681.2007445822976,0.8530364016124176
0.5750000000000001,107.57941937260672,1634.2579442925407,411.3330740716967,2292.390862807245,2692.649584884696,1534.5887763443827,2211.706298277799,1892.132140729776,0.0,1370.0555467157292,0.7673747981534679
0.5750000000000001,3054.176760350188,1448.8913883709438,1894.7041232543168,2662.29298533175,2755.7698490975945,2083.4554827815427,3235.73759189543,2820.4846009355056,1028.2455014245525,2444.779513876551,0.8293170210376367
0.5750000000000001,3899.981028017244,1514.4707471312622,2455.543610233078,2046.2863418608988,4954.858051308087,3007.0560788415723,2551.8394380853438,4449.304955083618,1212.4520143218726,3473.2154273082774,0.7575764728344356
0.5750000000000001,3941.651426934512,3887.65620190798,3087.118300428141,4420.565596734763,5667.151009303074,3810.1847920873406,2389.8756120424623,4338.3989499552745,3617.680076775513,3432.2182169018647,0.777737700512724
0.6000000000000001,5.346874034495736,42.59968493057292,0.0,46.631753874618845,35.85035213293052,0.0,0.0,0.0,0.0,26.82202384517516,0.753035799880364
0.6000000000000001,0.0,0.0,0.0,20.28106316698196,30.75407119583336,0.0,0.0,0.0,0.0,30.089118305112528,0.8250563095997383
0.6000000000000001,0.0,91.84167388436876,0.0,30.743611173157635,14.78806613392383,0.0,0.0,29.77071208539892,0.0,62.6547012516236,0.7768435192056238
0.6000000000000001,0.0,79.78667199702845,16.32939660042773,34.932506651548785,38.239726216192125,0.0,0.0,3.513920787433166,38.85982988456248,21.08352472460248,0.7925087349256313
0.6000000000000001,0.0,0.0,0.0,45.95820129031712,43.61339510203523,0.0,0.0,0.0,102.70251104672896,166.71571998681318,0.7809792497746779
0.6000000000000001,2.560156416557274,0.0,0.0,85.25320867137854,54.53133167268372,94.21375612933116,33.282033415253174,36.35422111512212,0.0,61.69976963904495,0.678009784312696
0.6000000000000001,0.0,49.70017013709781,47.87071602162152,46.95598896388401,70.73889246507207,0.0,0.0,0.0,0.0,59.15234973372345,0.7459878527544044
0.6000000000000001,0.0,155.93983273266227,0.0,68.83830453964363,0.0,0.0,0.0,0.0,0.0,178.76886229937958,0.8093385451053304
0.6000000000000001,0.0,81.64829333775728,134.9305129337586,98.89793277531211,0.0,88.931474433614,0.0,0.0,0.0,226.9285899340478,0.7428407695517603
0.6000000000000001,0.0,0.0,109.92377919235678,313.3827014065748,11.19223933594934,95.13403435556688,0.0,0.0,0.0,181.873889209173,0.758836332431919
0.6000000000000001,48.085677372496335,57.70281284699523,0.0,232.99696399581927,0.0,280.6454988467464,182.7255740154828,0.0,86.11707674892463,264.0340830271561,0.838123911579773
0.6000000000000001,76.66764002208588,208.6579521055625,20.038133187590315,59.67878797173721,115.8726832151972,158.56261913658574,31.36403455448943,193.847158010388,99.31944275588413,78.41008638622449,0.7430589179773803
0.6000000000000001,175.84927774494048,160.7372304387349,131.42901748124547,134.17666244601065,154.32605885428478,147.45694644237278,54.95289929529584,101.6628636962942,196.45661498067645,325.59592832461857,0.6935750153376271
0.6000000000000001,72.05496451165243,104.29008021423314,97.65343874605352,204.7877938752228,15.169466212979982,130.36260026779092,173.50076981095344,0.0,101.44580529929902,333.72825668554566,0.8148058900224419
0.6000000000000001,285.5083741977614,235.00328273317567,52.56652376926304,197.8975012489904,279.3240772837294,179.8599685830649,234.48792465700524,269.5322738365154,41.74400416970818,103.586973310017,0.7307335319298279
0.6000000000000001,60.97001437027005,8.165626924589821,248.7794336358291,227.00442850359107,181.27691772588847,140.44878310293944,0.0,207.40692388457504,393.0388426369121,219.38317670730615,0.8564790564542399
0.6000000000000001,562.7442896547232,186.60035546082452,143.6292956859334,0.0,323.16591529335267,587.4673651416455,534.489346241097,113.01977365450466,611.013151319669,256.06042468598866,0.7700590463593434
0.6000000000000001,243.5476373152236,262.13906001104266,246.64620776452597,0.0,276.3924840778354,318.5330421883567,498.869842337797,89.23882893992842,573.2355331210708,439.3772897111781,0.7756482476235791
0.625,23.0432641278627,0.0,0.0,0.0,26.301104918353737,0.0,0.0,0.0,8.343250804916005,0.0,0.8005819309581614
0.625,89.63944769273587,0.0,0.0,42.64713400103194,30.577190415834664,0.0,4.988910015214996,0.0,100.74379579111697,70.81033569982698,0.8128980651751632
0.625,66.19101440840144,0.0,19.838229102229555,0.0,0.0,11.63588437726942,0.0,0.0,57.03490866891034,0.0,0.6954838140618056
0.625,58.74902925173916,0.0,0.0,0.0,0.0,0.0,49.19971707654484,0.0,83.86787214735946,0.0,0.7758876996063889
0.625,135.98173107486926,10.12629912259662,0.0,70.88409385817634,2.169921240557229,0.0,85.83244018200914,0.0,120.06897531078792,0.0,0.7731224978831928
0.625,302.6536806059703,76.3450725852905,111.54312553045644,0.0,0.0,0.0,16.607532023424074,0.0,17.846900084873187,0.0,0.746866289718287
0.625,180.35434650261885,0.0,7.00405229136492,140.37288133941527,1.1673420485620918,0.0,33.85291940825793,0.0,134.82800660875373,0.0,0.766066759742033
0.625,221.36953186681703,0.0,16.926306034795314,31.529393594224693,1.3275534144953154,0.0,60.07179200583752,0.0,244.26982826683252,0.0,0.7246799131188612
0.625,89.42951977858273,6.256386157349772,5.520340727073237,154.569540358046,0.0,223.0217653737513,0.0,133.96026831030613,0.0,85.38126991206256,0.9046080528567414
0.625,0.0,0.0,168.45526696180113,228.6759904167447,0.0,0.0,137.12421489402712,111.89661452776612,0.0,200.19321580967707,0.6583114009953761
0.625,0.0,4.280133357166815,0.0,106.147307257719,0.0,94.16293385765373,0.0,0.0,2.1400666785825067,144.24049413649553,0.776341465374525
0.625,1.7997117828755882,38.24387538610152,49.042146083351255,229.9131802623176,0.0,0.0,0.0,27.89553263456594,0.0,262.75792029979044,0.7272559392542147
0.625,40.46636029976514,0.0,201.8666709206684,109.30568586718162,0.0,0.0,0.0,59.071583426093184,0.0,326.0565352889117,0.8304329400969626
0.625,0.0,0.0,130.17288678792627,247.28009348933097,0.0,45.48792326418175,0.0,0.0,192.1138886795769,181.46777897944935,0.8279309788321849
0.625,113.61845865003508,0.0,34.80205039730752,45.0379475729881,57.32102418380049,158.14461136423807,0.0,64.48615220677475,0.0,184.2461491622182,0.7996387311804235
0.7000000000000001,15.346235938053244,17.629147069334053,0.0,0.0,0.0,0.0,8.243845751846658,0.0,33.355868195933546,0.0,0.7704524520487761
0.7000000000000001,51.89115957133162,0.0,0.0,18.54987713648067,0.0,0.0,23.642000271985182,0.0,24.369446434200388,0.0,0.773823689251259
0.7000000000000001,15.83213242139746,8.707672831768187,0.0,0.0,3.166426484279906,0.0,4.617705289574029,0.0,0.0,0.0,0.84300839117218
0.7000000000000001,55.38397164696615,0.0,44.49127916238252,0.0,10.739274280575616,0.0,0.0,0.0,101.10259644141352,0.0,0.7942752914371906
0.7000000000000001,130.56598945758043,0.0,0.0,92.08338203850336,55.76051279090724,0.0,18.06326470691331,0.0,127.62089195101838,0.0,0.8717930001868117
0.7000000000000001,133.9744927413175,0.0,25.03996110340957,0.4280335231357324,19.047491779517152,0.0,0.0,0.0,122.41758761666615,0.0,0.8279783055038491
0.7000000000000001,184.8621436298525,7.3668600201194145,48.80544763328676,0.0,0.0,0.0,0.0,0.0,115.33740218998268,0.0,0.8401205465089783
0.7000000000000001,157.13518996782562,0.0,0.0,78.15909795626666,30.50111139756852,0.0,21.51417678935614,0.0,215.4140992453193,0.0,0.7201082914806091
0.7000000000000001,287.6077104500575,0.0,63.91282454445781,44.32663637760787,114.08095563849376,0.0,17.868101485547886,0.0,193.11294297841363,0.0,0.855418467053237
0.7000000000000001,244.44693990354764,210.16265660711755,28.11311230307389,175.53553047772365,110.3953922145054,0.0,111.76676354636253,0.0,81.25375141254,0.0,0.7429115474876461
0.7000000000000001,235.82404414300152,252.2162367848521,36.88243344416619,72.6472173900239,0.0,0.0,46.56872909616977,0.0,0.0,0.0,0.7909549954879447
0.7000000000000001,378.6225738366489,0.0,156.3703292365199,59.92873024039117,0.0,0.0,0.0,0.0,267.89333054479835,0.3968790082160504,0.8064031178156387
0.7000000000000001,215.320297009053,154.7884866049028,0.0,114.57806969357198,98.1480068695901,0.0,195.8636436648609,47.56070817469107,200.61971448233024,0.0,0.7914147153271924
0.7000000000000001,89.92247593518347,5.591034773171613,0.0,0.0,223.64139092687915,0.0,251.59656479273715,0.0,216.6525974604116,0.0,0.8611658390359279
0.7000000000000001,305.4211812116613,396.8397660641312,0.0,152.19116682825782,71.68048130477726,10.388475551416406,85.18549952161995,0.0,184.91486481522287,0.0,0.8573277901726684
0.7000000000000001,368.1845569707023,35.1424320162932,0.0,0.0,205.98871689550424,107.58990724988212,392.51393298198286,0.0,150.84213126993552,136.24450566316776,0.7679619241896103
0.7000000000000001,123.2996536009824,19.994538421782654,108.30374978464684,112.19157669999365,0.0,48.3201345193018,236.60203799107344,0.0,473.75947982719856,148.84823047325798,0.8236562398212448
0.7000000000000001,321.45081599061245,499.4676699959958,218.2690725862198,117.3550598060965,189.35550712674768,248.31650335782663,19.27571030631576,0.0,362.26996722751625,0.0,0.7732702025463734
0.7000000000000001,333.88616818481887,318.32874816186967,38.295187748797225,429.0257752482331,203.4431849154812,0.0,0.0,180.7054171896331,584.5999754777185,64.02476701751904,0.8459337956454407
0.7250000000000001,0.0,0.0,0.0,0.0,7.204382320226188,0.0,35.888497113718856,31.352404541724542,0.0,0.0,0.8020356857007725
0.7250000000000001,0.0,0.0,21.142033368959087,0.0,0.0,0.0,0.0,5.001341227065718,0.0,53.53708449881592,0.6749855313340757
0.7250000000000001,24.97735747382379,0.0,0.0,24.445924336083337,68.02344163083986,0.0,27.457378783281644,0.0,0.0,0.0,0.5876111218770907
0.7250000000000001,0.0,0.0,0.0,0.0,0.0,0.0,28.8950614846962,86.07899435301069,0.0,0.0,0.7126861321557894
0.7250000000000001,6.952236281200223,0.0,2.9154539243737605,0.0,76.02606772022423,0.0,61.897329471333656,26.463351005860098,0.0,43.50754317912444,0.6735959713104622
0.7250000000000001,42.06680528667124,0.0,0.0,38.72058213886871,0.0,0.0,93.2162162602379,118.55190580789316,0.0,160.37969515543472,0.7093027214920566
0.7250000000000001,0.0,0.0,44.160450332834046,19.959525574162484,0.0,107.7814381004781,84.07950148116015,88.32090066566921,0.0,0.0,0.7076553032122223
0.7250000000000001,63.76686806710814,0.0,100.12263900129638,1.1541514582284689,0.0,0.0,0.0,3.462454374685406,0.0,0.0,0.6613017649307141
0.7250000000000001,0.0,0.0,15.299516640324068,3.5807379370984447,0.0,0.0,147.46129868227868,30.59903328064961,0.0,0.0,0.6970407997558266
0.7250000000000001,169.2233418879044,0.0,225.509291457532,156.06558744305846,0.0,43.12819512478001,0.0,129.38458537433837,0.0,60.30637453888637,0.6985305504869367
0.7250000000000001,220.13016988033257,0.0,0.0,86.19067313329256,21.04185447385639,66.36277180215934,0.0,176.42785674232655,0.0,162.66972112480357,0.6602958514466247
0.7250000000000001,140.56912577208928,0.0,109.67973189223495,0.0,0.0,0.0,205.03394778221963,342.4693669288153,0.0,0.0,0.6377398121811124
0.7250000000000001,123.33335921767426,0.0,70.4068389234752,302.02106076139154,0.0,0.0,227.24414218059675,145.18375750427,0.0,155.8661744443826,0.6936772724121366
0.7250000000000001,0.0,27.4738834572334,169.42228131961596,29.00021031597193,0.0,0.0,5.087756195784305,228.44025319071577,0.0,133.29921232954788,0.6921076263184149
0.7250000000000001,34.726061865739936,0.0,252.55317720538488,236.2424511775376,0.0,0.0,30.51684224565163,116.2796920049812,0.0,0.0,0.7118807359594138
0.75,0.0,0.0,9.53177617403175,0.0,2.4686614551448347,0.0,0.0,30.515398542763315,0.0,0.0,0.7229381342830489
0.75,32.63292369837728,0.0,62.755622496879205,1.6371031955707618,0.0,0.0,54.89752715813975,19.97265898596349,0.0,26.41193155520809,0.646684923867422
0.75,20.5231273286831,0.0,0.0,9.435920610888733,3.892317251991817,0.0,11.676951755974914,34.32316122210818,0.0,0.0,0.7994628714863492
0.75,0.0,0.0,38.35183711951287,0.0,0.0,0.0,33.911098084622274,0.0,0.0,0.0,0.6721010296906184
0.75,75.0325916138274,0.0,0.0,31.322016436925136,0.0,0.0,79.94126583155528,57.96910504744356,0.0,69.18893183081902,0.7468765154257375
0.75,0.0,0.0,41.599644480865294,10.399911120216874,0.4837167962897963,0.0,41.5996444808664,20.31610544414395,0.0,0.0,0.746614055601163
0.75,0.0,0.0,35.31775320602143,0.0,0.0,0.0,6.332838505908176,173.90948820068508,0.0,14.857813417705346,0.7845071188452574
0.75,48.8247249534542,0.0,91.05151410238754,42.49070658111515,0.0,0.0,20.057724845744307,128.52778947206664,0.0,103.19171598270566,0.7869996350364286
0.75,43.56915273562269,0.0,43.56915273562269,0.0,45.67249114355013,0.0,0.0,113.58027402803764,0.0,0.0,0.8176575841878275
0.75,0.0,0.0,31.618262549228408,0.0,0.0,0.0,198.9315685388976,61.91909749224015,0.0,30.95954874611858,0.7769358346201123
0.75,182.5737575318923,0.0,77.41127319352168,93.11261634126508,13.145310542295912,0.0,76.31583064833133,81.79304337428809,0.0,123.05471257649477,0.8799640978999367
0.75,144.47781124193963,0.0,220.7417585250752,0.0,69.48492974685716,118.63280688487744,259.7211093586789,236.4182365777208,0.0,0.0,0.7443127844862479
0.75,111.8885081970995,0.0,209.6196949488521,68.04648049537929,0.0,0.0,318.7680764145945,358.9566018078392,0.0,0.0,0.8359850344379479
0.75,94.60664138135856,0.0,0.0,98.19929864900732,227.53496028428404,26.34615329607554,312.561182285255,41.315558577936336,0.0,392.79719459602666,0.6980231980787931
0.775,2.318465884189062,0.0,32.93820497537447,0.0,0.0,0.0,30.379897792821247,5.916085359654736,0.0,16.30920828877743,0.794170412386412
0.775,2.822159996259686,0.0,20.617446639341903,0.0,0.0,0.0,11.367033318268469,9.015233321385336,0.0,1.724653331047487,0.8575612771594665
0.775,5.013151929331126,0.0,0.0,0.0,0.0,0.0,11.738111834532123,0.0,0.0,0.0,0.6707376020304907
0.775,0.0,0.0,0.0,0.0,15.01731861683112,0.0,79.10531215063274,0.0,0.0,61.33834364621239,0.7658008913483078
0.775,0.0,0.0,5.444586471077562,32.66751882646434,0.0,0.0,0.0,0.0,0.0,86.20595245872481,0.8166201009526989
0.775,52.45821072393266,0.0,0.0,4.178087579782686,65.45670541658944,0.0,0.0,33.65681661491268,0.0,19.033510085674337,0.5921036160172103
0.775,0.0,0.0,20.84063433639964,0.0,0.0,0.0,153.9755101559884,2.6970232670643752,0.0,36.287222138671645,0.7807649968566576
0.775,71.52609839401487,0.0,25.24450531553459,0.0,0.0,0.0,96.77060370955066,85.20020543993029,0.0,59.69273652735792,0.7010994317369557
0.775,120.75164824919864,0.0,38.20885488078473,0.0,14.000191101356863,0.0,22.458639891759912,102.95973872455856,0.0,28.292052850657058,0.7785889906580162
0.775,167.2748486976369,0.0,0.0,72.17100326873896,33.72476788258815,0.0,61.37907754631136,120.7346690196662,0.0,59.01834379452927,0.7848004992614096
0.775,102.2319442296293,0.827789022101515,20.694725552556694,74.08711747815335,0.0,0.0,260.75354196221434,162.24664833204562,0.0,24.83367066306803,0.7505763623034478
0.775,0.0,0.0,50.108684075600586,159.66834925785116,44.588235829984605,0.0,223.79047888001912,9.342297031045552,0.0,147.77815303651923,0.7800163289897128
0.775,150.42924315390624,0.0,0.0,148.12910182127982,0.0,0.0,288.43772311162127,0.0,0.0,80.9649749085245,0.7432506499920859
0.8,3.8279003623441215,0.0,0.0,0.0,0.0,0.0,0.0,0.0,0.0,1.9416885895948448,0.6996356406518467
0.8,0.0,0.0,0.0,0.0,0.0,0.0,0.0,0.0,0.0,0.0,0.6539480749407497
0.8,0.0,0.0,39.94005875994479,8.272374629891571,0.0,0.0,55.192249483807394,56.74331972691181,0.0,25.33414730404246,0.716836795503978
0.8,0.0,0.0,4.404779578675431,0.0,0.0,0.0,23.43342735855361,29.42392758555236,0.0,66.95264959586655,0.818119397966457
0.8,0.0,0.0,1.1366805568504177,0.0,0.0,0.0,26.143652807559604,17.50488057549705,0.0,50.468616724158124,0.5554853576353355
0.8,0.0,0.0,0.0,0.0,0.0,18.457898549415788,0.0,64.84551200912934,0.0,26.9582465655926,0.7661051061449736
0.8,38.492864168401496,0.0,0.0,48.74096436907953,0.0,0.0,133.22530260881783,0.0,0.0,33.49379089977682,0.6122088176811413
0.8,0.0,0.0,6.074823699515562,0.0,0.0,0.0,162.4355032696745,48.07034405704262,0.0,0.0,0.6777810314497189
0.8,79.61331392947113,0.0,0.0,0.0,0.0,0.0,145.62720056849952,90.09620579918878,0.0,64.31395822772191,0.6758760200245967
0.8,5.362100598765808,0.0,82.44229670602869,0.0,0.0,87.13413472994935,197.7274595795004,226.5487502978695,0.0,41.55627964043616,0.6726707476771713
0.8,8.318464455874063,52.44249330877748,11.21184339704865,0.0,0.0,20.253652588218824,192.77137195571373,182.28287329395792,0.0,0.0,0.7794283508112826
0.8,194.78498033060103,0.0,41.59256451033963,0.0,0.0,18.943148192829614,185.3134062341881,43.23979478797723,0.0,79.89066846540405,0.8117501077791811
0.8250000000000001,0.0,0.0,2.3695069672164006,0.0,1.0583173410887765,0.0,1.4235773083672063,0.0,0.0,0.6836917336236863,0.8039508754921074
0.8250000000000001,0.0,0.0,0.0,0.0,6.08887886788077,0.0,22.040026324583017,34.475060632227006,0.0,9.090438873174143,0.8185715067912563
0.8250000000000001,0.0,0.0,0.0,0.0,0.0,0.0,0.0,5.225919423072716,0.0,33.678147393134445,0.8427680870470821
0.8250000000000001,0.0,0.0,0.0,0.0,0.0,13.063303623476482,0.0,1.806627096864004,0.0,11.25667652661248,0.8122422199502585
0.8250000000000001,0.0,0.0,0.0,23.322648727605653,0.0,0.0,102.09159443027048,134.87531764171527,0.0,5.500624699906805,0.8182860391249174
0.8250000000000001,0.0,0.0,0.0,0.0,8.16005675657229,2.2254700245198173,72.20413857330301,0.0,0.0,68.98957076010647,0.7839049382953681
0.8250000000000001,29.685199234584065,0.0,7.165392918692064,66.0239776079552,0.0,0.0,83.42564612478095,0.0,0.0,0.0,0.8528387046016991
0.8250000000000001,0.0,0.0,0.0,0.0,61.89452237544117,0.0,18.755915871345884,42.0668398828765,0.0,0.0,0.7683696742742165
0.8250000000000001,1.4270304495528248,0.0,88.47588787227514,70.49530420791032,0.0,44.80875611595948,143.5592632250147,70.20989811800003,0.0,0.0,0.7290972393392984
0.8250000000000001,0.0,57.078881943872936,0.0,53.08336020780287,23.402341596988684,0.0,37.957456492676016,0.0,0.0,0.0,0.7751301451127306
0.8250000000000001,71.35222144256512,0.0,24.37278851255992,108.08801862091774,55.4569245865496,34.969653083238,0.0,165.66431612160102,0.0,0.0,0.8155591838046619
0.8500000000000001,0.0,0.0,0.0,5.115002138468408,0.0,0.0,0.0,0.0,0.0,8.776716761271661,0.8307699236379601
0.8500000000000001,0.0,0.0,0.0,19.12040767075827,0.0,5.164707819113138,30.87835951427077,29.5597107093906,0.0,24.614777691090573,0.7391886013261659
0.8500000000000001,3.143526557073756,0.0,0.0,0.0,0.0,0.0,22.874171968495205,0.0,0.0,0.0,0.6715215729350646
0.8500000000000001,0.0,0.0,8.946236834482294,0.0,0.0,0.0,0.0,0.2795699010779491,0.0,13.838710103339093,0.7412353334819605
0.8500000000000001,0.0,0.0,4.5497353765536,0.0,0.0,0.0,0.0,24.04860127607085,0.0,0.2166540655499837,0.7179860514024936
0.8500000000000001,0.0,0.0,17.749811227683995,8.999904284460515,12.999861744220112,0.0,10.999883014339744,37.49960118524836,0.0,0.0,0.7669067285683617
0.8500000000000001,0.0,0.0,0.0,50.64055627453644,0.0,58.23663971571691,0.0,0.0,0.0,5.064055627453644,0.6939292630600354
0.8500000000000001,0.0,0.0,25.12987925279217,42.32400716259734,0.0,0.0,24.0717790737282,21.69105367083186,0.0,4.76145080579148,0.7702877045398445
0.8500000000000001,0.0,0.0,64.21021276127118,0.0,0.0,0.0,0.0,93.09078880673415,0.0,0.0,0.8082784800995814
0.8500000000000001,0.0,0.0,24.94496177179575,0.0,0.0,0.0,160.3170104114234,69.66336885050458,0.0,69.96757570137987,0.8081029387883395
0.8500000000000001,86.74041009366168,0.0,78.6715347361129,190.62718032211987,0.0,12.77571931612146,49.08565842509711,0.0,0.0,0.0,0.7629871175147199
0.8500000000000001,0.0,0.0,0.0,0.0,184.09636084377624,0.0,0.0,203.76794778877724,0.0,0.0,0.8109797711512089
0.875,4.761048666071132,0.0,0.0904712335595158,2.193927413819017,0.0,0.0,3.6301582465768503,2.567121252252168,0.0,0.8934034314004821,0.7591780414892381
0.875,0.0204067419527066,0.0,0.0,0.0,0.1836606775745457,0.0,0.0,0.142847193669086,0.0,0.0,0.6442061519066969
0.875,0.0,0.0,1.1129287900428848,8.532454056996857,0.0,0.0,8.77977156589537,0.4328056405724673,0.0,0.0,0.7660071097819021
0.875,0.0,0.0,0.0,35.80560326305332,0.0,34.80704062225066,13.551921553745084,19.828601010216623,0.0,25.1067178258855,0.7041330582807395
0.875,0.0,0.0,0.0,0.0,0.0,0.0,0.0,0.0,0.0,0.0,0.8168146734416963
0.875,0.0,0.0,121.2853286833138,0.0,0.0,31.307391753620408,0.0,160.48119709926425,0.0,84.30809432864481,0.6792198263610595
0.875,58.04332608685872,0.0,46.85111522706142,0.0,0.0,0.0,54.13906648460478,0.0,0.0,24.726977480949085,0.814675796299871
0.875,0.0,0.0,54.60073618813052,0.0,0.0,0.0,0.0,19.755040228872,0.0,24.145049168619675,0.7619973069064581
0.875,0.0,5.333609572220496,0.0,64.56474745320784,0.0,0.0,21.33443828888709,0.0,0.0,94.60139083361273,0.769470459507851
0.875,0.0,0.0,92.94546406541332,96.59038422484214,92.6417207187946,0.0,23.38823768966373,68.03850964265598,0.0,85.65562374655708,0.7815970529331728
0.875,0.0,0.0,166.57748352031442,0.0,0.0,0.0,66.21713630621326,69.66594548882848,0.0,0.0,0.7742302828570464
0.875,50.0480302319721,12.69875393945416,74.69855258503247,305.5170800727835,92.99969796836577,0.0,163.58983016122178,68.3491756153054,0.0,85.90333547278735,0.806100404412528
0.9,0.0,0.0,0.0,1.8986132018222108,0.5438238819289986,0.0,1.4979008677693009,3.339269450441059,0.0,0.0,0.9328934958558044
0.9,0.0,0.0,0.0,1.854912021782355,0.0,0.0,1.1995097740859564,0.2596876830495746,0.0,0.7419648087129419,0.8541271437405197
0.9,0.0,0.0,41.70967349733037,0.0,8.059438902870866,0.0,0.0,29.82823264052131,0.0,13.626267835780986,0.7746506730522527
0.9,0.0,0.0,6.107876479934711,0.0,0.0,0.0,60.10705717753832,26.37492116335389,0.0,43.44921223226155,0.8533005657215675
0.9,0.0,0.0,53.88093286825771,0.0,0.0,0.0,4.1599249640941744,63.983607781056826,0.0,0.0,0.8166769104385385
0.9,1.9615994708811677,0.0,0.0,0.0,0.0,0.0,15.447595833194908,0.0,0.0,0.0,0.8756096508104042
0.9,0.0,0.0,48.90795002424255,14.94409584074078,0.0,0.0,0.0,159.7659700791928,0.0,135.04028423360256,0.7901426198404511
0.9,111.48799859245489,0.0,4.6226731123695854,67.16472110326013,0.0,0.0,53.29670176615015,47.31441891484696,0.0,0.0,0.2
0.9,77.36472747838856,0.0,29.444784338789454,0.0,0.0,44.16717650818549,0.0,5.773487125252936,0.0,29.444784338789454,0.7462075837299877
0.9,0.0,0.0,142.3838479488073,15.450162224233384,12.723663008192116,0.0,96.33630563344887,168.43706267986676,0.0,0.0,0.9216214609656732
0.9,0.0,0.0,32.07601961709024,84.88805191593586,0.0,12.312007529792687,27.21601664480388,0.0,0.0,66.74404081939898,0.8029645207942347
0.9,205.86634741267048,0.0,219.49256360993064,0.0,0.0,25.779327940763704,0.0,126.68698302318197,0.0,67.3945287594241,0.7992385286417918
0.925,0.0,0.0,0.0,0.1980677692388346,0.0,0.6641095792124885,0.0,0.0,0.0,0.3495313574802403,0.9222610324862429
0.925,0.0,0.0,0.0,0.0,0.0,0.0,0.0,3.703359674038367,0.0,1.7623705201210988,0.8354936323854438
0.925,0.0,0.0,8.80418677894919,18.293143640705807,0.0,0.0,9.488956861756616,21.61916975719781,0.0,1.5651887607019892,0.8937794547373227
0.925,139.28457428635397,0.0,0.0,44.786036748023925,0.0,0.0,0.0,62.25259107975366,0.0,32.693806826056914,0.8558961911295351
0.925,14.404800096546571,0.0,0.0,20.683815523247585,0.0,0.0,0.0,45.615200305732905,0.0,38.22812333314382,0.8011022025584686
0.925,48.22696659479104,0.0,0.0,75.71383874726413,0.0,0.0,137.6842414182923,36.48257576600915,0.0,0.0,0.8768566190245626
0.925,0.0,0.0,0.0,79.02806515350545,0.0,17.44067644767042,7.357785376361598,0.0,0.0,42.51164884119579,0.786039425613288
0.925,10.36418330813854,0.0,102.52138083186168,0.0,0.0,0.0,164.9865937430786,156.8633149339964,0.0,79.55210971652573,0.871715360556165
0.925,45.21694563564176,0.0,122.94280643416512,0.0,0.0,0.0,133.8776233525893,208.943663819604,0.0,0.0,0.7682652868439879
0.925,22.419182591777545,0.0,70.32866867831876,102.88255024994189,0.0,0.0,126.2230691126164,71.55711703951236,0.0,0.0,0.6706536051478579
0.925,0.0,0.0,40.85616799092972,0.0,0.0,0.0,8.103702742002957,45.58332792376491,0.0,172.5413375484728,0.826121487459213
0.925,123.90116321232055,0.0,40.68396403986645,0.369854218545586,106.51801494074192,0.0,18.86256514575761,116.13422462289186,0.0,0.0,0.8595226246580455
0.9500000000000001,0.0,0.0,0.0,0.0,0.0,0.0,4.218396306599991,4.048690708058602,0.0,5.091167956241342,0.756999965802185
0.9500000000000001,4.613469487027645,0.0,3.676543807142845,0.1778972809907828,0.0,0.0,2.146627190622156,1.0792435046774589,0.0,0.0,0.5996263281319643
0.9500000000000001,0.0,0.0,0.0,0.0,0.0,0.0,24.283937862252586,2.99674126810786,0.0,34.10084891295044,0.6503134556817807
0.9500000000000001,0.0,0.0,0.0,62.71946572741452,15.870619064844549,0.0,36.16669921507854,1.373418957534751,0.0,0.0,0.6926939002122696
0.9500000000000001,8.133034679682511,0.0,22.166506283841112,0.0,2.870482828123581,0.0,58.36648417184082,3.986781705726792,0.0,0.0,0.6495813437221375
0.9500000000000001,0.0,0.0,63.75166599860804,56.5578982400111,0.0,0.0,166.94502419090907,0.0,0.0,52.588922924921725,0.6749216206625076
0.9500000000000001,59.03015646382952,0.0,4.645891943912031,38.260286596926704,0.0,0.0,4.372604182506903,84.44591827464562,0.0,0.0,0.7543689764892827
0.9500000000000001,0.0,0.0,0.0,0.0,35.82797318071595,0.0,0.0,100.89157247689693,0.0,46.43305324220735,0.728255502157546
0.9500000000000001,25.009150057670155,0.0,30.010980069203903,25.009150057670155,13.44241815599828,0.0,153.8062728546723,238.83738305075028,0.0,0.0,0.7667007536039919
0.9500000000000001,4.9637512563892745,0.0,0.0,28.851804177764865,0.0,78.48931674166043,110.44346545466875,0.0,0.0,6.825157977535076,0.7121218922267993
0.9500000000000001,105.48932775430757,19.49637740673657,22.62972377567674,0.0,0.0,48.74094351684221,24.370471758421104,81.81515518898514,0.0,77.28921043384916,0.6833471775309519
0.9500000000000001,35.300276381935724,0.0,0.0,0.0,0.0,0.0,201.71586503963832,136.5184158036127,0.0,134.71738129432856,0.6767435008733523
0.9750000000000001,3.283932337784897,0.0,1.7665291196360036,0.0,0.0,0.0,2.830976153262843,0.0,0.0,1.1210665566920446,0.6639971565357352
0.9750000000000001,2.7148601035490394,0.0,0.0,0.0,0.0,0.0,0.7300464143997605,0.67301153827478,0.0,0.0,0.6578361677965343
0.9750000000000001,0.0,0.0,0.0,6.091744832235865,0.0,19.105926973830528,45.82653498795573,36.27357150104046,0.0,39.04254642478335,0.7410251383843576
0.9750000000000001,0.0,0.0,0.0,52.64484600451736,0.0,0.0,6.13934064192619,0.0,0.0,8.134626350551784,0.6801452528853709
0.9750000000000001,0.0,0.0,0.0,0.0,0.0,0.0,25.385005643827625,0.0,0.0,73.13299245007347,0.7677923478743813
0.9750000000000001,7.357845881282861,0.0,28.45033740762684,51.50492116898003,0.0,0.0,42.18498305268907,34.827137171406214,0.0,0.0,0.7568352182932528
0.9750000000000001,97.92990431924542,0.0,0.0,31.02462533529837,0.0,0.0,0.0,0.0,0.0,15.377422992277834,0.6923734947121396
0.9750000000000001,3.387803245996957,0.0,0.0,0.0,0.0,0.0,100.50482963125933,12.704262172490514,0.0,63.52131086245258,0.7326911868118273
0.9750000000000001,16.16217644237639,0.0,0.0,0.0,0.0,19.98232723784771,83.16174423986452,54.36368439708423,0.0,97.56077416125332,0.7103463929033211
0.9750000000000001,9.044892367030492,0.0,0.0,112.458161763413,0.0,0.0,111.55367252670942,42.51099412504441,0.0,0.0,0.7206441672448837
0.9750000000000001,0.0,0.0,16.54977471432845,0.0,89.88799207586483,0.0,67.49712040353742,35.04658174799087,0.0,122.01402534485476,0.7774581978423989
0.9750000000000001,151.80420129142308,0.0,43.83079051371987,37.06018059696754,0.0,0.0,0.0,142.89550403253835,0.0,110.111498119834,0.7092561377136692
1.0,0.0,0.0,2.6583956292537745,0.0,0.0,0.0,2.439056055883039,0.0,0.0,0.0,0.6593657632027403
1.0,0.0,0.0,3.400964042216773,0.0,0.0,0.0,0.0,0.0,0.0,0.0,0.7513962781190606
1.0,0.0,0.0,2.106941535325533,0.2122099388097817,0.0,0.0,0.1212628221770378,1.1671546634537309,0.0,0.1894731596515785,0.6842951858258842
1.0,0.0,0.0,0.0,0.0,0.0,18.44404559845947,0.0,21.51805319820249,0.0,2.401568437299376,0.7677838264515061
1.0,0.0,0.0,0.0,77.71951753352322,0.0,0.0,20.23036130554266,57.05252972498364,0.0,0.0,0.7193182338454096
1.0,40.77113539301167,0.0,0.0,0.0,0.0,0.0,32.93939187119098,69.79465550329229,0.0,0.0,0.7245823428269337
1.0,17.464127489608746,0.0,0.0,0.0,0.0,0.0,80.44082964910831,19.31638343547709,0.0,58.21375829869662,0.680413349958925
1.0,9.953747901233363,0.0,50.62191789770033,57.73173782715403,0.0,0.0,132.5270434849938,0.0,0.0,25.879744543206485,0.7223461794406095
1.0,0.0,0.0,104.24089345919828,0.0,2.6804801175225124,0.0,77.7339234081461,0.0,0.0,0.0,0.7588320717204813
1.0,0.0,0.0,76.75092617545914,88.29476466526488,0.0,0.0,0.0,39.311449992309626,0.0,0.0,0.7386448209277179
1.0,0.0,0.0,0.0,0.0,0.0,0.0,0.0,0.0,0.0,0.3263243440455952,0.6836524270718239
1.0,0.0,0.0,0.0,32.37896863395917,0.0,0.0,86.57113718974377,139.05914950163577,0.0,170.074793140479,0.6528426139913172
1.0,0.0,0.0,122.38875022859852,137.97241097199296,0.0,0.0,20.52482146690829,90.08116088254144,0.0,19.76464289405881,0.6228825085061392
1.0,0.0,0.0,194.8342606539481,69.1216982817966,0.0,0.0,149.9657898394517,43.655809441134494,0.0,61.84573004160506,0.6944129552537467
