frequency,755.3013185095346,755.4143156035142,755.5272937905951,755.64025306707,755.7531934292315,755.8661148733723,755.9790173957853,756.0919009927628,756.2047656605977,756.3176113955826,Max_Oxygen_LifeTime
0.2,45.88350215339137,27.4303545482231,0.0,0.0,29.54997285422216,0.0,72.31638926349727,40.89616496280536,39.64933066515884,12.593026406229702,0.45973694591830416
0.2,4.393812517002884,16.872240065291162,12.3026750476081,73.99180278632879,42.88361016594828,0.0,58.17407772511835,105.27574790738944,93.3245778611415,22.144815085694624,0.971616363897645
0.2,0.0,90.87131595100377,24.26072603844127,69.1643505481879,0.0,142.58496882241806,34.47576858094288,114.06797505793443,42.7754906467254,61.29025525500956,0.9117780783164717
0.2,0.0,150.6913309998746,0.0,133.67779362892102,98.03038199454204,126.11622146405271,91.549034424655,119.90493004291096,134.48796207515684,0.0,0.9391676774955388
0.2,0.0,174.84867358278154,9.728422439944223,52.84899757915654,62.31448968288605,169.3271365222726,105.69799515831303,145.40047592673417,9.465492103729506,0.0,0.8415457954533347
0.2,21.4455714555416,190.7226154779501,0.0,114.66232204896257,13.153283826065543,64.05077341388429,75.77435247624705,160.1269335347108,112.6607353797786,43.1770838638238,0.8653322467273351
0.2,42.93380821627019,238.0300837872627,0.0,155.9507445502756,171.73523286508075,113.01693633400538,156.2664343165717,36.30432312405205,112.38555680141314,0.0,0.7316352996703497
0.2,9.736575655022872,231.93914149643763,28.16652243060186,68.85149927480462,23.29823460309045,186.73361166954567,62.59227206800419,331.0435722707776,63.63547660247091,85.19503698145013,0.6677301296999959
0.2,0.0,219.71938960451897,5.002367889419892,121.21122193594309,16.931091318036483,136.60312313415795,164.308545290945,68.4939603320567,137.37271819406874,54.25645172370786,0.7000370427067865
0.2,126.7899451451556,240.47826262531188,0.0,243.85932782918275,21.97692382516034,285.7000097270841,132.28417610144578,158.06479828096076,59.59127421822313,37.61435039306285,0.6751327152436368
0.2,181.31381643720985,189.55535354799213,156.13134193204183,372.24275950366575,224.81081785522736,323.25140001179324,294.40602012405543,127.74382521712516,321.8778104933296,236.7152603485796,0.5234310677705861
0.2,111.76652349298014,631.4551050801554,0.0,435.7349256915265,180.26858627900023,399.1661553320721,226.6233656078861,317.7877649546949,263.19213596734045,189.0244890411232,0.6944522570889506
0.2,407.539424798401,496.809965468527,464.6503918109661,492.3741622054152,628.7751125461044,364.2903429830605,413.08417887729087,397.5588674563994,509.5628998499734,207.92827795836797,0.6630253734709786
0.2,329.77917099836327,417.800668193539,518.4827916976096,224.87683872466096,289.9886311704073,663.7785507663584,543.2011573483096,762.0491264020682,400.3169461479218,453.9738862189536,0.79822163316433
0.2,562.2517909416995,781.1237002360208,593.7064365887877,713.6272731183111,653.3392022947254,414.8081394709741,444.9521748827669,553.7328244122799,673.6536609418031,294.88730294145086,0.7036243975064377
0.2,654.9110064317133,726.8631125195026,703.3685472663468,740.8130106385638,476.4991515405627,557.9959247624464,445.662534645796,762.839165563397,613.0613120745298,454.47299661572936,0.7339582087744879
0.2,543.159026045307,559.4456535129325,689.7386732539356,913.679800933785,394.950716089916,783.3867811927817,592.8332398215646,901.464830333066,1003.2562520057246,649.8364359582533,0.7500676178642665
0.2,778.8160024387977,1193.7589545578294,1069.7320501881848,1000.4228977463248,1139.9531651621749,947.5290708827996,1011.3664481318816,846.3012298163986,1124.4498021159693,868.1883305875123,0.6612667032813783
0.2,511.42044719305335,1535.3268008441455,708.5304112153759,1508.6903192195073,595.5917291269099,798.0289894741602,1004.7280868813529,1144.3032505944568,1431.9772521405491,771.3925078495222,0.5525249130712094
0.2,1211.2461796280384,1803.839025227163,1708.6615892227142,1870.689843373144,1108.137290623219,1148.9276203394115,651.5122107447354,1359.677657206404,1426.5284753523854,1006.161466332739,0.5601010204217014
0.225,0.0,20.54669940591917,0.0,118.55445557215364,0.0,66.36583908111892,0.0,131.49887619788274,68.83144300982921,49.31207857420603,0.8247662403650454
0.225,0.0,143.66560547230344,0.0,0.0,0.0,37.78057444946387,155.0992003714833,35.79212316265,73.07558479041037,15.410497472807643,0.7810588398643363
0.225,0.0,100.1755633042589,0.0,31.76298348671628,0.0,164.7874442430491,8.687311722862592,185.9627665675266,54.56717675923041,47.78021447574409,0.8336496532846075
0.225,0.0,150.6913309998746,0.0,133.67779362892102,98.03038199454204,126.11622146405271,91.549034424655,119.90493004291096,134.48796207515684,0.0,0.8326921862102807
0.225,0.0,141.5432603287275,15.69283973209806,138.46623293027693,0.0,150.15893704438915,80.31041509956061,121.54258223879864,80.92582057925071,213.5457014524715,0.6972630871582721
0.225,76.06285679820115,0.0,100.429313088534,115.24675272454724,205.139219849694,4.280593672626058,48.40363614430986,85.61187345252084,152.1257135964023,138.62537970581252,0.8245197440059927
0.225,99.48950901427972,213.19180503059945,101.91608240487191,46.45154776276477,54.0779212760545,35.70529417585652,190.31268449073025,158.42057707151864,205.21877817579647,25.99900061348776,0.8684417707442
0.225,46.90057136795917,166.38536032918853,0.0,275.8200268544266,64.39522894172175,179.04107006339967,109.80689328212668,196.16350088027372,26.80032649597668,61.78964164350182,0.7852449718092277
0.225,105.86139922459036,124.9245630696316,0.0,258.7723092156655,198.33802383457743,201.17721844979636,155.3445053755484,179.68045922028185,154.1277076833117,104.64460153235376,0.7001181046785798
0.225,2.673226955538809,371.5785468198936,65.04852258477757,227.66982904672145,453.1119689638271,197.37325688394824,216.0858455727199,276.67898989826614,474.94332243406063,184.00712210625431,0.8729390368811302
0.225,290.82255212561114,352.22371288535555,61.87713875013,331.2806813083884,35.222371288535584,400.2974899143027,202.2906459138866,293.2024420775392,183.251526298462,366.503052596924,0.9409197834843136
0.225,193.8526494088523,359.4895493080604,123.83578951454987,447.2718811158426,217.8882878800308,244.5364957502504,304.6255919281965,267.5271064618125,311.9407862455117,270.66218974066174,0.8786739544765398
0.225,386.1809206229753,484.4100792116682,158.2892726972079,249.22140807645508,507.9850772729545,271.673787182442,628.1053054899846,332.29521076860675,350.2571140533962,81.95118373685237,0.7488796733202973
0.25,0.0,0.0,0.0,4.635979573205483,0.0,11.669879615310254,35.3293615751174,19.503086480381555,55.31203214927883,0.0,0.8907084191471129
0.25,0.0,193.3468962105499,46.93074110627189,97.93398453994756,51.77895816270492,151.45830084296836,0.0,84.16504809967772,22.689655824106666,33.54966203051669,0.9102083319707164
0.25,44.367986626506166,0.0,0.0,64.19198065111532,57.81998257177664,112.57196606831616,89.67997296846991,179.8319457946686,206.4999377563452,35.87198918738798,0.9443221441693939
0.25,38.85968640756762,116.57905922270292,0.0,61.702880444448624,26.78167576737767,148.0869130666766,100.03743595461668,179.06963601325086,146.5115203744779,57.5018332652521,0.843301338754155
0.25,0.0,123.49556389290856,72.03907893753001,41.4592250211908,123.49556389290856,0.0,53.51474435359371,203.47364336641127,61.74778194645428,29.99177980256353,0.8709211639441403
0.25,2.166030091612172,194.3238425046337,78.59594903849833,162.76168974114222,112.94299763406258,100.87511569508054,110.46753467222014,0.0,62.50543978652228,0.0,0.8162583665516217
0.25,25.08141456722713,322.42818463395946,0.0,83.16469040712163,87.12491375984166,158.40893410880304,221.11247052687088,156.7588410451697,135.96766844338924,67.65381560896797,0.8839646218926953
0.25,18.939028325639413,175.1860120121649,100.8867470423486,344.5446306933638,68.4718716388503,142.40692452548123,195.58188867054585,72.11399247070403,299.018120295192,36.05699623535202,0.8620823431292292
0.25,28.101559899792218,87.81737468685071,183.05043879170208,55.032221470426514,132.70181063790767,191.6370265388608,39.42024374831965,197.88181762770355,99.52635797843072,63.61880921758519,0.920458161603352
0.25,286.45479986524583,374.3347384669732,149.1423958000469,261.52731728110206,274.2023084255819,233.2198370584302,337.9997638527975,335.04226591908554,401.79721928001294,312.2272818590217,0.8298172285604452
0.25,250.27970189634016,216.4941648730332,0.0,195.15593096357617,196.4895705829172,235.16511954380812,242.72241072007415,216.9387114128136,274.7297615842597,56.01286401232487,0.8914172453042928
0.25,179.24820319049522,349.39021424029687,180.2067497316209,189.79221514287735,0.0,311.0483525952711,395.4004482143277,108.31575914719774,314.8825387597737,181.1652962727465,0.8738477512417712
0.25,268.0133455264047,434.0988357078253,268.5307458073437,197.12950703776107,404.08961941336304,122.62386658254424,216.27331743250417,130.38487079662946,173.84649439550574,77.6100421408508,0.9391192474088602
0.25,69.45908972031813,390.5022839394265,286.5871103421,385.0330642764093,111.02515915924867,284.3994224768931,195.25114196971327,346.20160466898733,221.5033963521956,289.8686421399103,0.9311141893419929
0.25,237.85016318748225,494.46204408186526,320.1596344177561,585.8497658154781,512.0133283883207,380.6813044400161,363.73523683378335,576.7715153121391,323.79093461909173,585.2445491152555,0.8825515117549522
0.25,417.0307545103976,658.1666355693238,310.8542127178731,747.7131165991639,452.209729200692,769.4601191349822,433.0211975514405,1025.9468255133097,555.1881823850078,411.9138127372639,0.9153880401320287
0.25,611.1082387987103,762.2064297104794,627.2253791626324,527.1647994032832,421.0602920074631,525.8217043729562,883.0849824398946,517.7631341909954,665.5035875269472,253.17341321660865,0.8366406301068983
0.25,441.0427074550328,754.1547577796797,71.38672027717683,409.23674297510286,655.2028682865633,348.45201085790256,618.4493093319774,624.1037030172982,689.836029609154,303.9236605860003,0.7023520808996986
0.25,449.2483713790357,820.7276969563226,545.8933991715004,775.4253401786046,740.6935333156875,622.907405693621,656.1291339972807,745.2237689934594,423.5770358716623,474.9197068864093,0.755610973873429
0.275,0.0,64.5088699696896,0.0,102.77397394121154,0.0,59.42943138939906,0.0,93.12304063865952,0.0,73.14391555618349,0.7349682530279553
0.275,0.0,20.761561448241498,0.0,21.789361519936648,39.87864278177078,95.79096668198544,5.1390003584756325,65.16252454547082,37.823042638380514,0.0,0.7725901930008846
0.275,17.01842214715355,37.818715882563474,0.0,52.47346828705682,34.745945217105145,137.5655790228245,46.56429393040626,18.20025701848365,8.745578047842784,13.472917533163235,0.7802447031227839
0.275,0.0,155.6604117807376,62.37078143269283,0.0,102.61859338284928,60.77153062672631,0.0,140.73407092505047,126.87389727334092,139.93444552206722,0.7744336608163489
0.275,68.07346083689936,238.40705447284137,124.45148126569708,253.1013257548152,58.477202040508274,79.16913507022656,154.73967309180648,36.28585357385384,272.5937264349846,79.46901815761382,0.8173128926325012
0.275,102.498410481167,189.89517427702103,0.0,17.029516474927515,21.206567685758696,271.82964033563417,29.881981739023654,197.6066534354788,84.50495911143236,85.790205637842,0.7840962965634557
0.275,0.0,279.0555721144878,187.65275444919652,298.09782579475683,159.95493091425976,107.32906619787988,176.91984782940855,139.87400885143063,216.04302357250663,194.230987538744,0.80167380927598
0.275,34.27804479443025,45.824333567291006,0.0,163.0913289166576,88.04045189306294,248.2452086165053,165.61707958572083,220.46195125680924,75.41169854774652,16.236968586835385,0.7916037598162216
0.275,0.0,90.25144843868168,64.2467938038073,66.54132215394327,0.0,0.0,143.40802188349835,89.10418426361367,0.0,164.05877703472214,0.766825166377979
0.275,242.00036985229605,364.89447071641865,227.2699125569389,299.65958840840835,316.4943967459594,342.58834966916345,228.5325231822553,595.9522151493065,382.99188967928586,233.58296568352057,0.8298172285604452
0.275,150.1602551543433,306.8872853154365,51.65863005309775,222.83256522904017,47.71856504904788,152.34918015659326,184.74527018989187,184.30748518944188,267.4866352749382,224.1459202303901,0.8419934897076728
0.275,210.9750942273596,536.4795253210001,0.0,526.7422132797374,301.8566732791452,363.5263162071426,321.33129736167075,286.5551829285896,209.58404965003632,123.80296738176928,0.7573560230931569
0.275,0.0,203.58791814657525,0.0,321.4027182362399,365.7681241277453,306.61424960573805,0.0,384.0072354386977,178.4475214747221,236.61549808802937,0.8159663184531726
0.275,205.8270318514622,306.39568285736664,62.52973119538092,182.8994637464893,237.09189744915267,416.8648746358728,212.6010860642952,322.5491967495067,243.3448705686908,168.83027422752855,0.8465959102028908
0.275,177.99855929461472,425.5013179328409,75.1549472577262,553.7732955832456,246.93768384681468,494.4404424850407,372.9493623315736,753.8097717429079,466.186702914467,74.02479767490333,0.8661823154686811
0.275,442.55567412429406,463.4873614139566,399.4962031284167,344.4757679670181,551.9984962388154,528.0765679077725,574.7243281533061,313.3772611366624,513.1253627008706,146.52181102763794,0.8753687785904483
0.275,64.33864620631216,778.3102249812135,191.7666445178431,548.4401103800205,0.0,475.35640546605407,439.1268765343444,692.7335790563129,172.40258595089483,361.0459952160043,0.8164756490907241
0.275,0.0,539.5617335885798,93.97969293930196,533.6469277392532,63.09126239281815,752.4947441643409,100.55169943855395,538.9045329386548,220.1622177249382,132.75453128488812,0.8361569321063043
0.275,382.2552089508837,656.713030590943,226.94186802278813,321.97377525733066,671.6060906799386,687.9175374440765,346.79554207232314,631.1820704383795,483.6698562235672,392.1839156768808,0.7819711433974208
0.275,731.2360598407156,723.8498370140417,421.0147011204119,799.9279321287829,234.1432636055624,610.1020054832636,835.3818016968175,969.8110571422824,506.6948859098291,574.6481359152291,0.8320106428086772
0.275,458.790083302452,556.1563997927858,259.38386713024886,667.5434658577274,361.4237668121184,902.7804864983732,771.1412266034423,740.7629358584583,337.2769203225156,337.2769203225157,0.8289673586522995
0.275,465.9027525653351,694.3821128984227,534.202632522557,275.63880125593136,354.5089007303423,785.4486195080517,762.6819928556447,464.27656494730616,883.8329703988119,387.03265309092416,0.8365105221819555
0.275,491.6826221334365,740.5167839435757,430.9705070526121,424.9848055657705,1056.0487623213808,749.9228862800412,483.1316200093768,283.0381703063784,1245.0259092631018,670.3985665262857,0.773445122916722
0.30000000000000004,0.0,41.8005376656073,6.19801075731418,25.65688173957968,0.0,71.06091403153238,0.0,36.17908604850842,42.52123659087637,0.0,0.7407217240849905
0.30000000000000004,0.0,57.89045435217738,0.0,164.88271322088798,0.0,23.88220064033718,3.8211521024539694,29.804986399140827,26.55700711205496,11.272398702239176,0.867026873689901
0.30000000000000004,0.0,56.17984506390368,0.0,24.044973687350804,0.0,48.76410551546833,0.0,27.86520315169622,10.786530252269486,48.08994737470152,0.8479892845776956
0.30000000000000004,0.0,17.046093681014273,0.0,21.116802619763988,92.35420904788326,3.561870321405988,6.3604827167963895,58.77086030319845,153.16042382045651,19.08144815038913,0.8758760872989872
0.30000000000000004,21.56331726368393,0.0,0.0,90.6840876705612,117.56438727323568,148.58011758401386,103.97654351803754,283.5723914128297,142.37697152185822,32.78805775710844,0.797632544766235
0.30000000000000004,48.64124615910287,151.7606880164009,0.0,208.8330835097483,0.0,230.8837817685415,285.0377024923427,161.81321222261553,187.10666022534892,57.3966704677414,0.7840962965634557
0.30000000000000004,88.07790154484357,124.5239297702962,0.0,202.1404713615377,0.0,204.16525070739613,88.07790154484364,89.42775444208259,237.9115731383707,0.0,0.8105519957228438
0.30000000000000004,106.58211401854892,98.12904980328472,0.0,119.812997138093,192.95037882668345,176.04425039615495,221.6172922523621,253.9594509890252,129.00111041555402,0.0,0.77806321886658
0.30000000000000004,165.23458334820486,97.58560098917508,30.71419314001928,153.57096570009634,192.06090393885455,331.6355284612205,249.99020492446056,217.72086276469352,140.7409862871768,52.48627941648863,0.6703456165782044
0.30000000000000004,0.0,231.69814760475924,0.0,264.738881666044,0.0,240.78434947161247,203.61352365266723,147.4442757484832,0.0,145.37922986965285,0.7814791732500574
0.30000000000000004,0.0,132.3332128461615,0.0,124.52338389130604,0.0,135.80424793720823,189.60529184843452,266.8358226242271,139.27528302825507,15.61965790971089,0.804430205528871
0.30000000000000004,0.0,253.55431981694448,134.91881237965853,299.1475736555878,191.67776103592868,3.2566609884744637,187.9558627633864,283.329505997283,282.39903142914727,244.24957413558877,0.8523502692667881
0.30000000000000004,83.2043394885085,250.61548038707383,0.0,265.6524092102983,294.22257397442456,184.95422452566044,361.8887536789345,500.2284988525993,266.65487113184645,337.3284366010013,0.8192687141174579
0.30000000000000004,225.50958245110425,295.6910543352008,145.52334611261196,198.67549026012628,461.3399695910464,356.0677617649015,238.92662854659332,210.0283754178478,115.0769722805406,167.1970359591712,0.7077329333746215
0.30000000000000004,104.14950787219516,199.9892145843747,0.0,323.5282584966063,132.95681856024908,350.67360895265705,154.0083148322886,349.5656354646551,160.10216901629994,269.2375575845045,0.7396000724320938
0.30000000000000004,274.801291484852,203.77214410953,202.0255257314484,277.13011598896094,599.6723098080457,380.1806002957803,348.74146949031007,264.32158121636195,25.617069545198067,380.7628064218077,0.8241658209092182
0.30000000000000004,277.5217724581361,526.9245988081793,93.52605988126614,680.967520965559,436.4549461125754,283.0233053923283,188.27468263679725,763.490514978441,387.5524311419788,570.3255808445839,0.8088869096929134
0.30000000000000004,323.37151141558195,267.217177097906,489.8981580128277,244.6263529471169,367.90770759856616,438.9074406439036,342.0896228548072,541.5343275003459,434.3892758137457,368.5531597171603,0.7500953902929088
0.30000000000000004,511.6253551180762,706.1388770103569,465.05169494668513,652.7161491667024,212.32109784016552,723.2615461910154,153.4191158587003,789.6975026119705,594.4990739524634,569.1575235650888,0.8399572348441947
0.30000000000000004,162.04813476862915,655.362810524456,395.08195689165785,628.8328061596806,633.8519961746381,527.7319787155355,346.32411103207033,720.612280718904,482.5592685809177,190.72922056838652,0.7962337857581046
0.30000000000000004,401.40639167289066,872.9469856083311,370.0698332151557,887.8691563024905,737.1552322914795,398.4219575340588,545.40533887153,503.6232609278834,926.6668001073052,397.6758489993508,0.8213576247342389
0.30000000000000004,554.3821988714434,744.411224546924,674.5245167571811,864.5535424326616,530.8248816389457,734.203053746175,304.6746362069689,836.2847617536647,984.6958603183994,574.7985404729412,0.7957711616736298
0.30000000000000004,846.1559219270408,653.7736506603919,599.971829034973,752.4103236403263,599.1566499194364,1045.8748052335195,638.2852474651955,631.7638145409024,445.90297619854647,586.1137840708501,0.8035843122847343
0.30000000000000004,750.2647291181127,678.6053821482585,573.274775758834,747.6746322396843,270.23344098270337,1260.5138141685206,559.460925740549,1006.684320082531,598.312378916976,774.4389666501116,0.7433503506397324
0.30000000000000004,765.3296790362656,866.946418716918,650.8964136301254,1174.543036128623,929.1981150978582,755.2595516805251,794.6245949802374,925.5362506048618,858.707223607676,681.1067956973463,0.7786844305942255
0.30000000000000004,806.7552132277564,1320.4908442926012,1070.2825647184268,861.9342254532397,948.5081929104634,1382.3293924763325,833.3933570607484,1451.7788388980616,879.0587464887345,1279.5822662633634,0.8174794864497246
0.30000000000000004,829.4973019946005,1396.6327938458437,700.2890421119696,1188.5187264013005,934.047497014134,1574.1708608601457,1209.2315008863025,1012.9533045760462,979.4183363622336,625.3285249281531,0.8171196267616777
0.325,0.0,76.00492302467623,0.0,33.97309449127942,0.0,102.23531225980356,22.754072589508063,60.36149811938944,0.0,64.15384355097412,0.6904838691894314
0.325,1.6239111828877009,0.3608691517528349,10.104336249079097,9.5630325214499,0.0,0.0,17.863023011764824,3.4282569416518758,112.95204449863412,0.0,0.7902560967884147
0.325,0.0,63.51407081083443,0.0,17.13871752038393,0.0,81.45931621453045,10.081598541402288,15.52566175375952,71.37771767312816,42.34271387388962,0.7698843571903901
0.325,0.0,0.0,0.0,89.64360724846712,36.29003939549206,10.334249629179848,124.25132693688336,46.1436262512217,105.26514738559942,0.0,0.8540364758011214
0.325,88.49072305439964,139.2254042722555,0.0,271.96148885385503,131.8511773510555,75.51208367308769,10.618886766527986,153.67888903780744,245.119302860687,165.4776521117274,0.911080856110562
0.325,0.0,0.0,112.3590848630487,169.8375762525274,55.53006795254719,127.62173511901192,30.850037751415115,229.2644910789376,0.0,180.8786423951391,0.8393893428768292
0.325,25.132354061274206,151.8712252559857,35.90336294467747,168.38677221053734,104.11975253956464,158.3338305860276,108.78718972237272,100.52941624509694,182.03005012951476,30.517858502975866,0.853862127489083
0.325,0.0,335.3212225095547,227.336422040376,121.24609175486728,174.67015093435555,207.2550380934761,263.7102495668362,143.97973395890486,153.45208487725378,42.43613211420354,0.7881536447098433
0.325,45.53975926540621,196.3902118320645,184.19206202883063,198.4232367992701,176.87317214689034,141.09193272407114,202.8958917271225,60.990749016169154,39.84728935723045,68.3096388981094,0.8422857745123126
0.325,29.58553683528839,202.4496020586164,0.0,189.34743574584587,0.0,192.30598942937465,0.0,349.5319851826218,247.67320836398585,231.1898378414681,0.8507270960130764
0.325,16.312210281599917,193.9340555701328,99.68572949866636,226.105359181066,187.13730128613275,439.5234436986653,57.998969890133175,314.9162818253324,181.6998978589328,37.15559008586661,0.7855066817485893
0.325,0.0,651.714152332545,0.0,208.82048100074107,0.0,212.2198841798228,59.73237014672361,310.802576373196,0.0,265.6390769939659,0.7770964449164884
0.325,0.0,84.61220594402667,0.0,142.87809626476366,0.0,250.7966583370849,158.07789373973844,25.83965570745733,48.13269200408703,150.477995002251,0.7981384129485255
0.325,0.0,493.1485263088734,186.7903356633609,471.6593726484867,379.0907107268211,566.9830542702018,246.29876118443173,726.2231929330673,593.4312433906778,495.352542068913,0.786338007417429
0.325,160.9602412629857,496.54155607326953,279.75008721352856,517.3297791146146,201.94273811592296,324.29627944498225,322.5144317557241,325.4841779044877,112.256404423263,219.76121500850445,0.8731201779845464
0.325,324.3252477891514,493.17827463419104,39.50523646940551,426.9114263629303,214.73007564822012,469.6025689992232,487.44364353379353,634.6325084439978,285.45719255312343,214.73007564822012,0.8598952948851466
0.325,253.5510191938536,615.956402648943,0.0,422.8062806976043,339.1742691310451,432.762472550766,479.8884473223985,501.7920693993544,310.633185818648,533.6518833294722,0.7899872613901785
0.325,375.3269001127195,249.75284431292505,311.1446049261578,98.36634370983931,226.03330043963032,472.9956101792265,449.9736999492641,716.4697517021617,319.5162086461441,530.2015689324663,0.9136288311130605
0.325,341.05753232148777,351.4601585796597,147.86590181258407,613.0119044994063,306.8774746160664,527.5617602358526,498.5830156595171,797.2869982155914,678.3998409793429,801.0022218792242,0.8563762312848724
0.325,687.2968813813759,548.8992158472422,84.44603320726799,921.0872881311273,497.2933066650229,471.49035207391313,193.1312055758816,585.6488784467016,701.3712202492538,440.9959511935109,1.0
0.325,648.7479392943605,935.9671041814393,523.5070243726694,814.0659469909934,77.64936725144857,1052.8586247750177,684.6503349052457,847.4635243034442,962.6851660314,369.04322930258365,0.8517081958335102
0.325,549.642606769389,881.1870271726847,326.26785137830944,1325.298253442351,515.3449081069791,979.6829823057592,948.0235681558424,1000.7892584057038,713.2162465439592,565.4723138443476,0.8584751997628941
0.35000000000000003,0.0,107.50500269193796,0.0,54.17244276273439,6.089150543098057,44.30381946874785,67.19062668246123,238.9466661395028,66.14077314054778,97.00646727280342,0.8523549816245227
0.35000000000000003,0.0,92.89215800113304,0.0,68.37240055920962,0.0,170.69523449954394,117.64768234153654,24.28399054344344,57.99865702608813,0.0,0.7463067162827757
0.35000000000000003,26.928818896818694,20.32861818681413,0.0,0.0,8.184248880405672,265.06406051378417,36.16909989082517,150.22056815970438,37.48914003282604,225.72686428215687,0.6192042971891081
0.35000000000000003,13.771534905819417,87.40708889203758,51.43246709724398,0.0,174.25207431853147,173.68997085298776,0.0,187.74255749157905,152.04898742955726,85.72077849540662,0.5540864987958815
0.35000000000000003,14.718245829996608,197.6002791218697,0.0,80.48062081508799,5.010466665530763,143.42460830081822,86.43054998040576,217.9552999505884,126.20112913805625,70.14653331743077,0.7302500020489329
0.35000000000000003,29.081138272825655,109.0542685230962,135.82213443331074,253.46855744610545,4.957012205595269,273.2966062684866,139.457276717414,114.01128072869156,217.11713460507335,125.24717506137416,0.6804298684094228
0.35000000000000003,100.41186161619784,184.49376649896564,0.0,107.7082252630497,110.48779236661215,118.13160190140924,130.9870997553862,128.55497853976897,51.07454552796222,94.85272740907276,0.8338688810904584
0.35000000000000003,0.0,317.095825765413,17.00047550723661,90.9155864082653,162.61324398226304,353.31423010691697,58.39293761181268,143.02573959349053,209.54933940441623,10.348115526144015,0.7947853517880402
0.35000000000000003,156.1782185269003,57.68391488305118,86.32966853245748,338.255337613538,89.07652162212659,289.2043895837325,167.16563088557675,240.5458491381656,211.11528032028235,151.0769199318006,0.872504444314464
0.35000000000000003,71.34627760776932,140.59413528589843,0.0,312.2448855304729,85.19584914339514,106.18004843979789,145.21065913110706,412.9690421532061,153.18465486373998,46.5849224380141,0.8146116015808736
0.35000000000000003,201.2560021286569,265.9613686666952,0.0,123.6095622830111,184.2987336566193,269.08507601680736,262.3914174094241,262.8376613165831,0.0,281.1336615100973,0.8459107878036762
0.35000000000000003,96.32819799923992,322.0524828631306,17.732056348118775,234.8299354210328,0.0,288.5053492315545,320.1355037984692,387.7090158277868,173.00736058569962,210.8676971127641,0.8494062754673287
0.35000000000000003,158.7596123868197,419.16729343054703,0.0,273.506658963432,467.3715321750599,181.81381352549977,92.74076367150852,510.3361797516911,120.51059686128224,423.35896636485256,0.794213019500791
0.35000000000000003,158.72109452470698,61.17375518139752,0.0,238.08164178706065,119.04082089353032,340.0379004227231,217.69039005992812,180.21457607492783,249.65505492948708,125.6541998320598,0.9166130334041646
0.35000000000000003,619.4968617711726,568.2834757880976,547.9215271442243,681.1997364495763,99.34162823222988,778.0732496946698,562.1131883202572,380.7067367657506,458.452358860539,283.8332235206568,0.8443615931248561
0.35000000000000003,525.4762264187164,730.1636453940782,82.54607388186734,605.3378751336937,569.0981353806787,970.4196978307324,510.0407817090989,509.3696754173764,579.8358360482385,344.27752765364176,0.5672028010280062
0.35000000000000003,240.6632870992634,517.246467795432,216.237759453368,911.6468994894486,66.09260421830514,643.6844932565373,170.97869352126776,367.1013125603691,446.12507847356,629.3165358177754,0.5053471891170971
0.35000000000000003,440.1241619739136,673.675162110684,243.57134007663177,471.7267725534768,279.7987229361308,606.6159640516113,711.4441357301616,547.2647197924322,642.0725515311209,229.6970232368237,0.582362436670972
0.35000000000000003,492.9466913601448,976.1931794913784,783.0709515703195,567.0209705627428,716.9332022822857,991.1844026633324,932.9831832898628,670.1958594520754,931.2195099755152,371.2532326701629,0.6153543183338227
0.35000000000000003,1006.4691084415902,781.6499013721681,900.2254325269266,1347.0180339180563,643.15368098341,967.5763342228292,1100.380929116159,1562.351198495098,959.0388959796868,522.6809413301754,0.6006659417228113
0.35000000000000003,908.2569143871262,1108.534073017143,811.1224924515681,1109.5354588102934,537.744170921595,850.1765383844214,1287.782129991008,1130.564560466445,928.284630250128,548.7594146462462,0.6004280235961192
0.35000000000000003,1146.3152308388958,1529.1495159473056,427.6805870782522,1643.9998014798289,927.5527822055188,1278.6665122620889,806.1396232139945,1812.446886927529,706.6027090858079,1029.277320820039,0.5690224900158267
0.375,0.0,93.69643225970115,0.0,16.04231718590419,0.0,3.2549629072849235,0.0,136.01095005440496,26.50469795931992,10.462380773415768,0.45973694591830416
0.375,0.0,125.81558898225224,0.0,99.54928648073822,120.82499150696457,25.740976451483743,0.0,108.74249235626816,31.78222602683198,15.234455450878162,0.5843958185975948
0.375,0.0,0.0,18.158568531235808,62.98753459272432,77.45764389105278,206.83744467610805,0.0,103.56058615470438,38.87068576217668,58.44789245991532,0.5565096326650063
0.375,14.523030792527564,69.77369141627389,0.0,88.71677505870123,28.098907402933836,259.83596396196106,242.7871886837765,193.2194531527585,59.98643153435309,0.0,0.45284481909635943
0.375,80.5290608457554,128.84649735320872,7.046292824003589,103.68116583891016,9.73059485219546,0.0,64.0877109230804,0.0,37.91576614820982,94.95718424728663,0.5545697635220345
0.375,0.0,165.9491760442004,0.0,128.29991363769682,52.63586200520894,144.38309369484392,93.94039260651876,132.68623547146424,116.96858223379763,184.9565706571925,0.47333689335885143
0.375,0.0,233.0337147971449,0.0,0.0,0.0,100.41290149795674,141.71481192541816,204.23605248074975,0.0,0.0,0.6010148331222689
0.375,33.2480443915127,364.04504302099394,171.29055781450234,219.2687484554195,167.9236672432099,289.97345045256054,307.2287646304342,291.65689573820674,321.11718823701545,74.91331521125657,0.45973694591830416
0.375,0.0,254.90192095963795,18.01892889542271,275.99725234940115,130.08787690353935,209.6348556857712,212.2717721094916,297.53206980978433,82.18389520595221,242.15682491165603,0.5700746016935583
0.375,18.95356676646302,273.8790397753904,170.58210089816706,149.73317745505773,259.66386470054306,457.2547982409199,216.54450030683975,262.98073888467417,137.4133590568567,253.97779467060425,0.5375525654655853
0.375,205.67871821674623,424.2445741663714,23.712333428497093,484.0408932469292,176.81152969509768,157.22308034112177,141.75851506166725,383.0057334211592,96.91127575124888,237.6388197942858,0.5236081754723285
0.375,180.18715083542796,368.53988252442514,214.4825904204187,571.590659749847,50.62660129212929,289.60593427325574,315.73579300467736,334.2444429394343,514.4315937748622,321.1795135737235,0.6013944016440795
0.375,117.61343548850192,62.05734033312925,153.07477282171857,125.29672524403225,164.3041963105705,425.5360479985998,299.6483004656808,400.1220895764614,709.81776895322,82.74312044417223,0.5569846167761031
0.375,355.3394045368737,409.5223633846949,272.8048974547275,429.0534299461189,243.8233148151953,294.8561016369804,123.48674342061577,357.22950775249546,229.9625579006363,287.925723179701,0.6178536516632939
0.375,484.2759888548151,997.199289726394,68.20788575419934,326.0336939050729,212.12652469555985,848.5060987822396,387.4207910838522,894.8874610950951,517.0157740168308,519.7440894469988,0.6236118095029126
0.375,221.31830856882456,712.3915925649707,257.83210358523,54.39810277954288,526.09672003229,901.667183058174,361.4120527134004,542.490668815166,360.6668732232696,437.4203607067341,0.6901408819186805
0.375,357.97986166574486,794.0644204221978,565.4454633129379,556.4959667712945,627.2783485097485,560.5639197447688,684.2296901383897,623.2103955362742,1173.1976375500094,157.83657537080575,0.7005711035186568
0.4,0.0,78.06635150082263,0.0,73.87174156943514,0.0,112.78840037730788,88.31984244421426,190.38868410797636,0.4660677701541416,0.0,0.9743644205180163
0.4,56.49972399972097,38.643679150752575,0.0,0.0,126.85787086729805,1.3325406603707326,128.19041152766886,199.08157465939428,0.0,0.0,0.7248558477265435
0.4,23.082376582206404,109.41646042214728,0.0,94.1281330754911,0.0,108.81691817325876,125.00455889324772,181.36153028876464,78.83980572883485,79.73911910216759,0.8291139271257634
0.4,111.82358651170908,156.68304854256917,0.0,74.76577005143345,120.60043777861652,120.2753692131755,110.52331224994508,174.23675107638394,30.5564451514554,83.86768988378185,0.8373113939085657
0.4,0.0,94.64699470240488,155.61809241331733,0.0,0.0,89.68423093523755,206.6636625898952,176.53259686066525,149.5918792674713,47.85522204054181,0.9038360119441948
0.4,0.0,145.18120861121108,116.74365228530372,225.25538037100276,0.0,120.11125763968748,140.6910681386994,93.17041480461748,1.122535118127894,196.0694672996768,0.8914680187822625
0.4,0.0,112.54866657898486,145.62748614700186,275.9257632258984,197.2627166921992,396.5424345775702,152.08188996515156,357.8160116686722,310.21478350981835,28.641416943039207,0.8359040809206278
0.4,0.0,132.02378805536674,110.53154348821396,227.2037282813288,63.16088199326514,138.60304659633178,288.1715240942722,55.7043889801714,189.04402874373105,118.42665373737216,0.8708120897313306
0.4,138.1210811681181,149.55494550322732,0.0,236.90966902346096,64.02964027661108,241.0258601841001,259.7773976936791,207.6389763255816,289.5054449649628,6.402964027661144,0.8537678237425901
0.4,201.01594377559653,263.7721408567585,33.82951248906386,81.38694308963187,36.77120922724325,278.97090733735234,307.89759192945047,401.5416047614967,125.51239416232367,128.45409090050325,0.8770497712764139
0.4,122.79577472901823,403.4718312524887,136.50066030145337,264.7783892594457,100.8679578131222,294.9291375188028,297.67011463328987,263.6819984136509,385.9295777197717,391.41153194874585,0.8785762174611224
0.4,224.47020176530464,362.786044106328,0.0,198.68250234579196,143.59059904046902,491.13845712617575,168.20613030454948,697.4400524822782,0.0,257.87699419512813,0.8372462050235656
0.4,261.44272086526104,549.472837072752,265.8739534222994,405.1412623577896,257.64452153065673,698.8686775671869,301.95684710104007,429.1965248102834,296.89258132156766,366.5262357893127,0.8939331446856179
0.4,119.76490828198592,650.925659702093,162.39309597557406,570.4057496142042,347.7918805476879,730.7689318900835,401.2462746396477,671.2247966990396,395.15653354056366,284.1879179572547,0.8182358075795448
0.4,478.1645669773593,916.5423696827752,623.5671054984626,546.8871598107166,521.5683098194797,653.9497254879468,353.01710844924565,530.2490583879039,394.97405986329534,468.76042269490006,0.8137164261077712
0.4,571.2376160304382,609.3201237658009,387.8198236723655,118.13349338316566,488.0778542409731,662.9465122094745,977.7100965527774,680.8219750240327,796.6238863009513,292.22495731625145,0.7949590313398263
0.4,264.0058419894827,786.169295291466,424.414454843852,614.0642210831325,340.0328407902515,768.6246032605193,463.6811465321612,1198.8872887813538,417.7307626415866,588.1649137993539,0.7857342037393725
0.42500000000000004,0.0,122.53036668903609,0.0,0.0,34.390493252870726,68.32548328384908,0.0,107.04325714469694,151.45482127919882,0.0,0.8050210241815935
0.42500000000000004,0.0,10.91884282738094,15.013408887648716,256.86577751413535,23.74848314955341,164.87452669345134,65.2400858936008,132.39096928199328,54.867185207588925,0.0,0.7768435192056238
0.42500000000000004,0.0,0.0,0.0,148.25845467661748,25.73322290245036,110.82831227305326,0.0,197.3855165812954,50.881599829845015,0.0,0.7826324058125824
0.42500000000000004,0.0,77.52702202454262,0.0,66.31443619454683,0.0,96.1078785428214,0.0,128.46419765223803,119.81448858338403,0.0,0.8461608306977746
0.42500000000000004,73.81163266434646,219.66057990014647,59.971951539781486,266.14771393394165,185.2388088980233,177.4318092892944,121.71822117245596,282.8263040071353,64.58517858130317,131.29953887407785,0.7824619773550663
0.42500000000000004,0.0,159.33300257900345,1.1380928755643425,129.74258781433142,56.52527948636074,360.7754415538863,124.4314877283646,141.1235165699745,242.03441820334328,0.0,0.9110407803032047
0.42500000000000004,0.0,184.09524693014896,102.722730781593,207.86246699334112,61.23080423059657,209.07096970841857,16.919038011085938,128.50412203658107,106.75107316518483,98.2915541596419,0.7947839548334689
0.42500000000000004,17.010875816681757,138.6386379059563,0.0,307.0463084911055,28.918488888358983,205.406325486432,82.50274771090646,42.10191764628731,158.62641699055723,0.0,0.852644416160131
0.42500000000000004,0.0,86.28860099635745,0.0,151.57574354915704,53.416752997745085,175.31652265926584,23.740779110108956,176.68618299254146,213.66701199098028,168.01166754846315,0.7565355482554537
0.42500000000000004,0.0,112.504324473055,0.0,117.3536488037902,150.81398668586246,309.3868923009012,30.550743283631345,391.8254059233985,490.7516222703951,58.19189196882161,0.8616430387169728
0.42500000000000004,56.10989422936396,284.744603425651,0.0,269.012857380035,253.80550286927263,480.867037460998,217.09809542950185,339.2813230504534,178.8175133851694,217.09809542950185,0.8594104259235139
0.42500000000000004,113.24884972210246,521.6310653866539,215.05842169449764,167.58541903321233,399.2307934647855,493.03287101238544,296.8492576049049,414.101854539405,284.2660520802268,132.69562189660496,0.8319714442634475
0.42500000000000004,445.7944187255872,655.1827063088176,342.02133778257866,582.1117203193619,274.4767288847624,518.2513628159719,430.4433712488109,695.7094716475075,624.4806113552647,311.93328472809685,0.8606791711072438
0.42500000000000004,161.31307526795703,640.6806754569468,471.530527706336,647.8646585660462,212.9071357787612,683.7845741115427,225.9689232498509,389.89435601202575,302.3803799557252,230.54054886473224,0.8722505059127653
0.42500000000000004,246.06634534535291,616.2234551055545,0.0,492.8377518521541,282.72952574064914,536.5515438619301,338.4293574950414,704.356100286555,635.2601064646506,523.1553817944182,0.8111144096326467
0.42500000000000004,366.02428497313343,912.8013032663332,547.5301546820331,871.3788018804845,503.09510774085015,781.0024352204516,579.9150194018782,601.0028382892193,740.3330702234367,612.2998841217235,0.8369905623372914
0.42500000000000004,0.0,684.4160338024435,460.8671280870892,737.8733808213327,389.5906653952371,833.4486376126796,603.4200534707934,997.8704776859294,872.3267081718717,555.6324250751198,0.9003047343044643
0.42500000000000004,696.5280047741135,1232.1158266269358,1181.1074626409525,588.3550949417702,821.4105510846238,825.8078238420361,771.2816416501232,924.3067336080724,446.76291215309294,975.3150975940556,0.8910419476384728
0.42500000000000004,680.2504671140039,1012.9209010314006,341.98893346690335,1149.902844409152,901.0989064373176,798.5954113927417,598.2476710783433,1110.765146301223,567.4966225649704,744.5481140056016,0.8319100900187415
0.42500000000000004,1238.3400247594186,994.782692088894,320.6324379460071,1082.1344780677744,624.822186766578,1429.4862858426152,988.6166836668556,1277.39141143233,1530.1977567359124,1169.4862640466545,0.8515332226171272
0.42500000000000004,1204.0963624986384,1390.1130993508798,709.5368944603448,1575.015963527359,1096.050712949732,1289.8645585323063,894.4397586368239,1460.2870779238806,1282.067449801973,715.1062578391545,0.833292264809196
0.45,0.0,53.77457522261332,0.0,74.28319700421056,82.35745754814648,118.85311520673692,0.0,0.0,58.13467591633871,0.0,0.8511489064454287
0.45,0.0,182.0938877478298,0.0,187.82912830681656,0.0,255.03897860744271,0.0,0.0,63.98377748619612,0.0,0.930240492867139
0.45,0.0,115.29606314905854,61.447807667012384,173.0526597548016,142.87158107736445,260.9903350379819,0.0,51.45982479534251,15.850494557215209,0.0,0.7871852803205086
0.45,0.0,185.00481277776564,8.996493389442485,133.33264561789088,60.89933986699516,134.94740084163706,0.0,62.05273645538525,0.0,0.0,0.8766407429783756
0.45,0.0,80.1368548508475,64.9108524291864,53.95881559957052,186.1846261034688,269.7940779978529,0.0,56.36292124509602,73.191660763774,0.0,0.8629169914369046
0.45,0.0,289.42731977789146,0.0,303.22297996185705,2.2523526830964333,167.5187308052971,0.0,160.19858458523373,4.504705366192867,0.0,0.8997764060861648
0.45,0.0,188.79706813797665,224.6994614232312,0.0,0.0,373.26108881049146,0.0,229.0325088886929,0.0,0.0,0.9268319237168208
0.45,109.794607227252,137.49355069187786,0.0,42.04899851256466,0.0,276.3219902254245,0.0,0.0,16.686110520858957,0.0,0.8323165618899174
0.45,0.0,554.3859251579169,0.0,448.946057351209,0.0,486.41945984697287,0.0,272.2332475427544,0.0,102.8681637138613,0.7962666824138577
0.45,38.88881455338917,381.6716644827473,217.69717837618887,75.77305103701597,0.0,523.1948762079677,0.0,143.52778979498268,87.80051945558998,50.91628297196307,0.8382227600851322
0.45,0.0,358.1808180674118,0.0,218.1002011004537,0.0,545.2505027511343,189.2861501420604,29.700637141728425,0.0,0.0,0.8352138456676882
0.45,125.27542660771309,400.6863839359542,343.6543803830264,513.7754849981698,325.6186185756901,252.98811832452583,172.558369724243,226.66565514625145,136.9742991313906,255.42538343362529,0.8194193883673982
0.45,305.61892427501266,581.2028853023085,298.76884493781404,553.2756387737297,402.0469641755769,558.0180013917903,0.0,303.51120755587453,161.24032901405832,72.18929763047717,0.8533218692787569
0.45,0.0,303.59799969578575,159.1048340651711,649.9486588852736,310.0920745555885,309.00972874562143,89.83470222727343,412.37375359748427,440.5147446566301,73.05834217278257,0.8158148264909361
0.45,250.43218200094864,681.2704856329126,316.3041540438523,456.3562747837194,376.2417141909987,629.6411021398262,0.0,188.71429828507516,216.0125930055576,380.3958025180288,0.726130259292322
0.45,0.0,634.5843074124397,413.5564398606018,549.719739355287,366.69093212754746,934.1435663007468,22.16611852239055,694.11616858686,461.6885829377928,0.0,0.7758196920968995
0.45,145.9870328590373,515.9541709264605,247.97797362357025,410.6301928820407,437.96109857711167,967.9140260790964,0.0,121.32255698787564,369.3005306114458,498.6223770710495,0.8019852126575849
0.45,167.73484080561954,965.588618973942,1111.7999625080438,881.7211985711323,721.408253376381,1064.299830598488,251.6022612084291,222.6568683260436,466.8372339236046,342.1493876610201,0.8691078051561709
0.45,380.8227862046938,1178.513313686954,971.6466150078612,866.6460937086243,996.7213663629024,645.6748473923207,39.179298992252434,128.50810069458808,463.099314088424,657.4286370899962,0.7500379633126585
0.45,356.16466023136303,825.0720906079057,440.7217378402477,753.3266914246093,546.6316128251134,1231.6293526465838,0.0,175.09293848304415,409.119597723796,454.3875281608756,0.7778348447335088
0.45,326.553887618629,1138.192183880047,448.062310918584,840.1168329723448,742.3405235981622,1272.9905909784345,0.0,926.5017276621566,624.6292385263309,511.664376239654,0.7778092804648814
0.45,1247.8668397647018,2039.1970308350003,723.9366857868395,1140.254629715307,1458.743291780688,1607.6611986167195,496.75535346033854,1079.383076556053,1697.881536334899,1108.7318611149788,0.8031025678448216
0.45,678.2652811982716,1835.0843996864348,1375.3712646520507,2533.446429957248,2741.9502015848648,2204.3621638943823,400.6789346337938,1439.4296523207763,1135.4663225985878,984.7407045545276,0.729228648649962
0.45,471.53577617407103,2535.7821771342465,1538.6956906732848,3186.8811126563387,1464.242673382642,2906.58740050333,855.4797673003272,1075.9190930039954,2328.4816191877508,2103.6627042316923,0.7190216883293316
0.45,537.4815445913335,3103.415110411261,1722.2705840620138,3153.3359969058124,2226.47153765698,4650.9625917423455,1138.1962120757655,2159.9103556642453,1271.318576061235,2590.894009067203,0.7524188488641564
0.45,1772.5787593934847,5221.182656137438,2676.1749203998243,4610.890894167431,3322.902011442668,5059.045441763316,1654.1639399067667,3738.2647628730015,2971.3010858897983,2869.2821644858564,0.9187355494140683
0.45,2354.96375092933,5053.972987345993,2980.500997269934,5193.798960057423,2971.3019201178663,5633.514847926258,1727.5866891583134,3887.530004463809,2542.624924831511,3576.601196723921,0.7704084246972513
0.45,2019.172274349751,4595.357589899433,3419.441169588468,4419.356941464733,3270.517543989874,4330.38958071752,1437.0162833734337,3765.6402472787017,3508.408530335678,3402.0345120509683,0.7883502805622419
0.45,3736.435815967444,4823.0820019486455,4437.622837937489,4695.241274186152,5009.032151421364,5617.244098655049,3391.6532471534447,2448.343634724132,4302.034187280297,1987.3422224896824,0.7915159891606007
0.47500000000000003,0.0,106.44848168658784,0.0,44.15283931193309,0.0,100.66847363120752,0.0,3.0505598070062727,10.43612565554783,20.87225131109566,0.768295111824054
0.47500000000000003,0.0,170.81954579500572,0.0,142.03168325493365,8.67104293375663,192.15031141204705,0.0,54.1073079066414,0.0,0.0,0.7754786713083507
0.47500000000000003,0.0,128.53036343961062,0.0,191.08582983979676,0.0,78.8480476812635,0.0,39.62516681941048,0.0,0.0,0.7255601761019314
0.47500000000000003,0.0,255.0966137040872,0.0,123.30074192357397,110.1939701442964,190.7763447872621,0.0,98.05807034866903,0.0,37.13585337461974,0.717434999389859
0.47500000000000003,0.0,187.09913859765143,0.0,170.11463466155334,136.14562678935732,357.75296386035075,0.0,86.80968678450105,181.4376372856187,0.0,0.6477553245344658
0.47500000000000003,0.0,52.72433805939004,0.0,21.644728255960132,0.0,99.3437527645348,0.0,0.0,0.0,0.0,0.6307757807813782
0.47500000000000003,0.0,218.8800140685481,51.70150261590887,192.874467842582,0.0,273.3678252086676,0.0,0.0,83.89884556234303,0.0,0.6686732873388289
0.47500000000000003,22.97188370694663,9.654849673934056,0.0,361.5574739962911,194.42869688198337,410.49757406761233,0.0,0.0,0.0,0.0,0.505916240766824
0.47500000000000003,34.28754792788098,510.300846288357,208.27861560446885,317.342198906984,157.94157715715411,225.78715071657837,0.0,0.0,270.6527719413588,167.79012815771566,0.6571459325435947
0.47500000000000003,45.84394648409309,374.2604941416912,186.1422309828264,220.1299844106884,157.687367647872,241.8663383471119,1.1856193056230553,0.0,309.0514323324207,61.25699745719337,0.6287988106741926
0.47500000000000003,81.57411081850086,395.8009152469097,191.86563820065768,139.84133283171562,93.64374966409532,623.0430810984478,0.0,307.1514988982328,0.0,0.0,0.613993447100558
0.47500000000000003,0.0,408.78578073547214,393.2002662194138,503.18946866131097,0.0,356.68563221036294,0.0,28.499226543649492,0.0,0.0,0.6615174224788783
0.47500000000000003,23.473749061161648,724.6244275402057,362.31221377010286,524.0769627350642,411.3009074629617,805.7619514690034,525.607859412966,237.2889850747857,308.22053115090443,0.0,0.6553329998267687
0.47500000000000003,145.7065839394416,766.990791294607,322.8294573528148,686.8250871197467,416.5366656112661,573.6181129809243,0.0,234.5388507278,287.07988657213394,301.70471098241245,0.5574616460286904
0.47500000000000003,169.7425029648029,844.6847266180702,369.98111663175695,746.291614729998,408.5328037457969,858.4942861813082,0.0,284.2467676766529,338.334209299336,0.0,0.6074360417691748
0.47500000000000003,118.41272940845307,656.0543644498639,431.7878314793088,336.1007774118719,315.76727842254155,685.956568845938,201.5408576295389,529.2690178105101,299.6200880486616,137.55014022194047,0.49595810599416723
0.47500000000000003,76.08494065356443,803.6871462313497,24.93540071839514,781.3092225097129,226.33671421312465,820.9501159594694,195.0076210028334,249.9933764331406,558.808723791726,0.0,0.6478371301940737
0.47500000000000003,573.235700558656,603.8718128212921,431.62878165580526,1024.607754561493,525.5795259278888,935.4226277524862,0.0,455.4568689711887,552.8116257168986,690.333729651398,0.6524151794198672
0.47500000000000003,375.9671757135719,891.6217605855461,331.3860876842947,835.152382415128,447.29691656041547,842.5825637533412,0.0,522.3417480763657,0.0,246.68202042866773,0.6789738412873781
0.47500000000000003,936.0059400775546,1518.5889476085845,1312.0221194535377,1235.3664605678762,965.054400286858,1391.0984833566415,91.9867906627942,752.0323587519664,129.91116926938483,753.6461620969276,0.6639153508761279
0.47500000000000003,1.7127541574701228,1377.910719684763,308.29574834463307,1055.9129380803683,858.089832892562,866.6536036799131,0.0,1061.9075776315142,866.653603679913,424.7630310526056,0.6366928133571066
0.47500000000000003,79.2518280822403,1444.7517165337122,718.7320960561786,1153.2507396794952,1045.759754464503,1601.433491592854,756.0806587156248,627.6380407892356,1052.1363383331889,189.47563495524085,0.6403723637548756
0.47500000000000003,471.37512495442274,1247.0295975271272,894.2718453730515,1818.4558978001032,858.1709058251195,1447.1319481642345,1011.8577627577432,924.1840524270518,636.4079914592534,435.274185406491,0.6649098009257333
0.47500000000000003,570.0377041620203,3064.862294505161,845.3537868104855,2161.291891099405,1795.01234502083,1889.614346988144,0.0,1234.6774102913548,1714.9644972023336,1296.5325654238293,0.7172023645453496
0.47500000000000003,1326.0823076330405,2664.0281746783057,1289.173456128344,2499.2565161751936,1482.9449265280025,2758.936649976097,1485.5812730640528,1567.3080156815956,1720.216114772483,1602.8986939182678,0.6435448894915344
0.5,0.0,123.92248144360164,0.0,133.17280824376755,61.72200813214134,176.0751859893645,0.0,0.0,49.441401862955615,39.393633097258174,0.5771860131308403
0.5,0.0,83.3628521920176,13.087071419392013,216.5641407482952,29.04254205399324,117.0665429707258,0.0,0.0,62.38768293080028,0.0,0.5991418852414753
0.5,0.0,165.11212502000976,129.8609137554071,70.50242252920526,11.371358472452451,199.68105477626528,0.0,15.010193183637243,34.56892975625551,9.324513947411017,0.5894693601588729
0.5,0.0,176.75327315177583,0.0,155.5785430768468,0.0,198.1508951222304,0.0,0.0,0.0,0.0,0.5698473637502038
0.5,0.0,190.98371842315072,98.37760220972736,212.23328050045183,0.0,215.1190234986038,0.0,47.4835893332284,0.0,55.09145723744727,0.5921104331555114
0.5,0.0,249.57133725927156,125.08207164300784,246.90371013892292,48.01728816627316,200.96124306625427,0.0,17.191374775579266,188.80871951799995,52.16693035348189,0.6374798519739147
0.5,0.0,73.47406087909194,0.0,115.24147308006955,0.0,149.08222311151866,0.0,0.0,31.7066486781144,120.11941903054868,0.6196135578895886
0.5,0.0,97.12114915681262,0.0,362.3623565092109,91.76274092747111,240.7934698060284,0.0,32.485349890382146,80.37612344012071,0.0,0.6199085319224859
0.5,73.87325410161189,320.8524916950609,0.0,344.00679521944664,115.77151762192912,506.0869198901475,0.0,45.20602116665805,177.51632702029138,41.53073489294604,0.6051567315783566
0.5,71.24287059852358,278.80993682881655,242.22576003498008,257.62962394817424,245.6916294154488,405.50671751483947,0.0,162.5107642841997,57.76448967447851,49.67746112005158,0.6047136175888149
0.5,0.0,339.1227415137136,65.02596257180438,233.76421987838503,295.0861719239473,467.1168830316322,260.5154070123551,0.0,167.5035871311668,113.17809941295046,0.6579043391795402
0.5,0.0,463.5232171189004,91.30002761432894,348.5202977200823,145.2899477901098,467.03475664252846,0.0,55.74568993759509,204.10823481087945,301.1145141511038,0.6250883396848459
0.5,170.73880502022698,463.77647318696506,0.0,521.3288793735584,344.8348337346721,525.645309837553,205.27024873218303,31.174220017738094,268.5778955374358,105.03314129053297,0.7770423524060598
0.5,70.91166446697231,651.9639598754477,177.80835269330387,599.0448072881547,245.01567647916568,383.663856257873,43.922896647453015,27.51795934539221,310.106234161536,323.33602230835913,0.7057322453070973
0.5,0.0,670.8741853508301,156.94256065867856,469.1698380254156,6.6313758024793,449.8283252681843,0.0,143.12719440351324,0.0,211.65141102913333,0.6298986828982335
0.5,206.97000704228415,568.5795363917296,248.71679823547225,510.3692219110871,571.5194512644892,394.5365759243542,0.0,0.0,0.0,298.6953510723874,0.6374671266490877
0.5,377.5608286051593,451.6675225445816,590.2981482760867,744.900044253157,176.32282351103893,1089.8794815573635,303.45413466573723,519.3857083857775,445.917865256178,196.76604942536213,0.6325658882583579
0.5,30.54768721097246,568.4526141867907,254.3427000391832,809.5137110907683,513.9980413324483,664.0801567602692,0.0,326.7274371260525,678.6899202089951,0.0,0.7328332105264246
0.5,113.50221095787794,712.0998585573874,0.0,836.4462297978649,242.90919033023565,1197.1952951990186,0.0,683.9050418226276,603.6582557313892,301.46765585627446,0.706178199770931
0.5,0.0,1256.7696409266562,254.03583139062823,1029.5528415889974,454.4335986753172,928.981471390362,54.3830372185216,295.7543256952476,181.77343947012696,214.55225642375632,0.6932682441140984
0.5,30.77562841438792,1410.009712353927,448.67626688344376,1255.321685323714,382.2657003050279,1233.4547914503337,491.600169671932,698.9307189899131,55.88206212086225,783.9686396086163,0.7299921681396336
0.5,506.2944999680291,1110.4961244943356,802.6620121444364,1480.9555147148446,934.9689372231894,1416.5661445098517,646.5398405515075,1382.1663439893755,633.3091480436323,811.4824738163531,0.7315109697435289
0.5,865.3870473580512,1387.4411900577452,348.9767332280839,1473.9798947935503,1316.8933329361646,2004.4997803478343,233.278247548692,0.0,796.7204664263796,380.017790361579,0.6806139311435399
0.5,339.3874979558542,1463.745434732184,1269.9661213831964,1815.1757148735685,1713.359465486812,1991.438254134512,0.0,1216.321000738561,818.909188616061,1093.7035821222528,0.6914744845987428
0.5,625.6749124550851,2342.496597639301,1255.1341489774393,1796.2924905968575,1733.2204228090466,2510.268297954878,604.2304094072294,1842.9658207598377,2281.947412563002,1239.9968527083645,0.7204795820487688
0.5,1914.9527570995208,2854.133408670624,1233.4369271445164,2767.2287055219986,2004.9067480779224,3473.1388381152137,1946.970279312172,2486.6942251825785,2469.9231421188088,1902.755605780416,0.7154714200900498
0.5,3417.58389355984,4618.586496274249,3140.2985901002817,4052.107931537849,3332.5270520078284,4628.793317260491,1874.6527878063432,2665.6814142400544,1772.584577943929,3079.0576641828325,0.676692372336098
0.5,2646.6013014601444,4255.319739602586,3239.677223355976,4329.4542298395645,2585.440347014637,4562.977874086047,1812.5882862941328,3011.713665877266,3634.443383867888,2214.767895829743,0.7676858300884343
0.5,3388.5324882813225,5430.413785323244,4466.615337279202,5657.077847215023,3310.4381476295325,4670.422518980216,2186.641538250117,3940.907092891544,4055.191493845383,3737.0999111905303,0.6923272355593874
0.5,2740.508159529408,4454.775252267478,3169.558097057989,3206.278587206832,2384.899202298512,4601.657212862849,3030.406765967638,3362.823834683476,3859.516780380978,2466.070812101216,0.7323794447582878
0.5,3786.357425236279,5654.480834617017,2778.1320229632,5067.1845267323,4890.795191940986,5921.069261062979,3459.636271020549,3283.2469362292354,3521.773423049308,3453.622998243573,0.7448654596270493
0.525,0.0,94.09521751670331,22.06588015467079,89.99726834512157,76.28489996329046,79.91000884584356,11.821007225716489,0.0,0.0,0.0,0.6844826571291516
0.525,0.0,161.60448253246523,0.0,201.6315187152749,98.38421043064434,82.29857906745916,0.0,64.71660990304741,64.90365212820072,119.33293964781576,0.7096115585150706
0.525,0.0,28.1970293991422,30.938407257392157,114.55043193401508,0.0,201.4912725813701,0.0,0.0,0.0,0.0,0.5986832906670423
0.525,0.0,149.22114430833048,44.96769116337997,51.00812728980412,85.23726533954104,174.50148809669832,0.0,84.34238591340417,10.73855311364298,0.0,0.6429969620006211
0.525,0.0,214.42186451528303,64.95161675431258,328.0192528136205,0.0,434.55077485416666,0.0,26.63288051013655,100.82447621694548,0.0,0.5513533196828614
0.525,74.1860238407669,276.7949124815169,240.01360654365763,265.88520309316874,113.46097763881993,349.7341123921869,58.28901873203115,15.897005108735744,51.74319309902226,76.36796571843654,0.6085901832834727
0.525,0.0,383.4194335424102,0.0,309.62185223612937,0.0,216.80089441534065,6.88777425525292,186.2978941420778,101.02068907704223,0.0,0.6890026203265422
0.525,29.22793948796098,461.8736116616055,195.9354461970717,356.5086940013016,273.8766181649676,333.41501341822146,0.0,42.21813481594359,99.9523362736443,7.938452700433876,0.6227479308920082
0.525,90.20021402708652,166.66623908708573,305.1217116471815,390.1252055245592,167.779821976309,546.0268100158199,0.0,189.68028546436705,331.8477009885404,0.0,0.6623467535729134
0.525,129.0155647335109,177.19730341485308,162.46404447923604,339.661347894089,219.8042954719075,535.5738721190501,0.0,67.69335186634837,0.0,25.086359809293832,0.5779427154822109
0.525,38.67921020879992,331.11104123796866,276.2800729199996,314.109190596738,220.59901206996884,634.1690289179066,0.0,171.2936452103997,73.53300402332295,175.54410787070736,0.7088915425491977
0.525,0.0,453.1445352224608,128.28947974148358,405.7426596569634,0.0,388.78235555554687,0.0,0.0,65.66681844394591,0.0,0.6336890117933881
0.525,0.0,69.99893885941971,280.94168704388727,328.23826735430583,0.0,524.0461098394395,166.01099688956975,0.0,0.0,137.16008290021423,0.6247273154023415
0.525,0.0,725.7926466984393,351.64178540937485,664.7680409801694,322.1298859226706,604.2436369481151,0.0,0.0,254.10245659738607,416.6680046173673,0.6721763590688403
0.525,0.0,384.16118227103055,170.79971988740786,334.9664409442367,268.083702735899,690.3846282827585,0.0,13.2659976611579,184.06571754856577,0.0,0.595333341804923
0.525,0.0,448.4928168141866,0.0,738.3864898585894,131.29452927461944,471.7307865973049,0.0,97.59947308909766,0.0,34.85695467467765,0.5994085205632591
0.525,0.0,1014.7197448596784,93.15664940486262,750.2548945358066,366.99968591043216,797.7710378564078,412.6401919946936,230.07816765764736,48.14135573271419,88.15495010795725,0.676344249786825
0.525,0.0,792.1519179559897,487.62955678649575,455.47094536988953,49.87866260534809,745.5547463115197,295.9904846712107,335.3683762017487,350.4632346217883,89.91285232806185,0.6736461766935724
0.525,0.0,868.5656402454888,339.5366087577661,930.5557264917196,561.4329402073434,888.9941913948148,183.152527545683,64.103384640989,686.1175454980583,403.6399933987551,0.6505298998228257
0.525,0.0,1177.2803821110854,519.3884038725377,1029.1994329218935,330.051070829641,957.7374823181544,208.4920826892597,355.83631073820663,498.7602119456852,0.0,0.7097571973787657
0.525,214.0218075702901,660.1628549686526,392.6355955057897,834.8424185002862,860.0214546850262,873.3978176581696,1.573689761546195,469.74639382155607,489.41751584088416,667.2444588956106,0.8021413513444323
0.525,643.7709563951055,1202.1522670785064,1155.2716772760018,1515.2476346880892,1244.8470899343586,1272.4731517822631,385.0905590920006,687.3029326402881,566.7528445767055,655.4911038457316,0.6226256484737404
0.525,541.2516062211957,981.868491687697,721.6688082949275,1351.769086894142,765.1865253780387,1610.155532075115,363.5542614651583,985.4949681112894,885.7668664624927,861.2881506032426,0.7020267755814148
0.525,417.6610336351507,1610.127927766864,164.68344794165114,1083.3393081462818,750.0041364089644,1673.620341431115,473.2168955913704,992.0689635039212,1186.5144803506898,303.57310283219977,0.6279617634785647
0.525,1028.2874560678556,639.5042288542303,1315.456885259738,1341.9648325697578,960.9130899882216,2269.7429884204544,461.68008231618,340.1853238119223,1728.539064174215,268.39296651395165,0.6148873443602293
0.525,809.8300391497984,2184.359313205954,1398.9140137452937,2298.5825675392853,1831.4222913894807,3548.6213284456303,414.5405747153484,1696.6645194231912,1121.698025700355,1352.7113490711372,0.7082469390475477
0.525,1736.9472116827674,3294.4769019450528,1781.8015920378878,2808.812231893059,2445.3370807394967,3580.6169145553044,487.2113728228597,2197.8646374009013,3133.6198137749657,1246.6424333181749,0.7069329543685018
0.525,1300.1324793848007,3287.7695682872186,2256.512654010793,3660.4515224564216,1955.3039513260944,4077.378822782699,1306.9394557166584,2416.476597809447,2438.5992708879835,2271.8283507574724,0.781442815179121
0.525,3131.577478294524,3821.960520246579,4269.32873143151,3777.7760055616473,3978.447343089045,4921.050323034252,2756.0091034726056,2496.4250796986325,3483.21257432877,3115.008285287674,0.7077359158726267
0.525,2698.7841273970694,3233.3259110844115,3114.12495583706,3378.602075292121,2495.770000491424,3566.7160827918483,2039.453843685156,3048.936933436165,1950.0531272496423,1992.8909705416584,0.7245972553169665
0.525,2845.892857846718,4325.682595325628,4191.495112833837,3882.118417088876,3798.251240531507,5138.262350414801,2303.5517827757326,1679.2072461819862,3535.467420651751,1804.0761535007352,0.7066819105453669
0.55,0.0,129.7147808348269,0.0,45.63771978317442,51.25245502463748,0.4319027108818032,0.0,0.0,39.44711426053563,0.0,0.7547186591637212
0.55,0.0,113.06783139631756,0.0,179.3229379407374,108.3488067136666,207.82584702394936,0.0,8.683005416077831,29.44671401974214,0.0,0.7822958096089884
0.55,0.0,168.8476861331128,0.0,101.50494619862712,0.0,232.0674011736504,0.0,0.0,73.03644097850923,0.0,0.760521017734464
0.55,0.0,74.24567878423863,62.42879897773816,97.87943839723944,117.27695807960814,333.5481545382011,0.0,92.52839848486197,50.16599917853964,4.682159923330326,0.7275260683593776
0.55,0.0,35.60758640448361,75.0302713523046,240.85988803604215,0.0,236.5361096869264,0.0,0.0,59.26119737317622,0.0,0.7550741242322543
0.55,0.0,274.9394972069397,0.0,300.282259007365,93.11991545272558,322.0888214868007,0.0,0.0,27.99491129116753,0.0,0.78769981194939
0.55,94.55528413465306,233.39174006475983,0.0,311.9658494160912,278.3387941428519,209.75291903109655,57.93175858954093,36.62352554511215,92.89057842805704,0.332941141319189,0.7463924986063925
0.55,108.7675432790669,344.5498163741495,0.0,195.71002030805792,179.96734957029815,388.5577368456141,0.0,256.89176340253306,157.78449534890956,0.0,0.715385123775848
0.55,0.0,369.1617927527946,0.0,342.3067852881958,250.3945766417521,312.04762194780284,0.7564790835097981,175.50314737427945,245.09922305718328,7.943030376853101,0.8770753355450415
0.55,96.07040955359948,293.26756600572486,1.1668470795984465,313.4929153854299,234.92521202580613,296.7681072445199,106.57203326998484,49.78547539619736,235.70311007887167,169.97072459482987,0.7788062869413496
0.55,0.0,30.60841856057125,262.653321431928,452.92186924088367,267.61684876607467,365.2328863376258,0.0,0.0,205.5727570892413,92.65251023740448,0.798056181217775
0.55,0.0,439.79922931863,186.63561203572317,571.5157497744632,83.04838238910173,830.0373272115055,128.14454701974293,497.39730097558754,162.97128802162433,216.5508895629802,0.8247665812219611
0.55,0.0,671.2913652107048,173.32714942635084,516.2338342374018,333.53764970692384,595.870632622482,0.0,75.420732588223,133.04029847860448,227.66755303028788,0.7568465801904205
0.55,10.35744671610114,215.04032229619392,23.180952174131026,450.7955380245897,266.33434412831343,907.0164052814232,149.93637150927273,96.66950268361006,320.09442470236183,0.0,0.6882704295974433
0.55,126.80232925974774,568.2229901137651,213.28257892225355,396.3235981465757,369.2653605221107,683.3531384374693,0.0,102.39686002983822,0.0,144.8411543427244,0.7149342895228463
0.55,70.00473308290657,445.91250148607776,254.72310441091247,471.2083294067919,307.6678605240352,484.7386559690344,499.4455326671239,97.06538620739155,493.562781987888,0.0,0.723875977737836
0.55,10.001952772829656,763.2740209765626,501.3478827380862,1062.70748211315,252.5493075139486,969.5642969161744,72.51415760301492,407.57957549280826,566.9856978097808,818.9098832754275,0.7589343287949905
0.55,0.0,912.2733793782198,606.4396103603065,921.4222528103796,142.46102915791693,1028.5947701585371,0.6534909594399623,11.762837269919702,445.68083433807,469.2065088779095,0.7950761179034961
0.55,249.39022133845768,957.2694289816006,487.6655581604381,693.9856019975465,779.4312767179653,1074.6703966868913,138.93605645596517,214.6562072244664,573.1112328808567,318.1635692841604,0.6859551590020895
0.55,265.4677072950802,903.0138234851264,172.2715972872329,1014.566743039974,605.0686839145844,743.4507866535091,0.0,409.49805912538966,0.0,203.3369672898486,0.720265329130749
0.55,0.0,746.238738469215,763.7883202532557,1039.240451733201,157.94623605636752,1169.71777717107,1.5260505899165409,6.8672276546246565,438.73954460102107,450.1849240253955,0.7386146682006182
0.55,53.03422395054297,821.6346934427412,515.302683459754,1013.9826997111284,245.3822302189304,1351.18537736682,0.0,215.3031181275776,717.9409122857094,538.2577953189441,0.693235862707171
0.55,0.0,1137.9318735304932,86.82679005661878,1091.1789865769292,303.89376519816534,1065.2979241562064,0.0,1195.5381092411344,0.0,253.80138631934693,0.7362281454001418
0.55,113.55801206863542,1484.4303337612032,485.1198275572108,1847.8159723808365,1327.2660450582114,1232.785779017107,257.0953393233906,239.8345214889581,669.5380391566749,684.0734647014601,0.6985770905657197
0.55,711.8703063439182,1648.6446929887995,1485.344773813752,1592.9075948272564,781.297218088998,2337.0467474752254,593.5512032290636,290.419616736461,921.1288854065532,317.79924390353494,0.6914125404093763
0.55,1285.3751623742396,1594.041582155361,903.951657930426,1965.5436659633529,994.3468237234684,2172.791119244963,240.31885540101575,1611.67966328571,1159.7038343204977,692.2946843662285,0.6851922592522638
0.55,407.1904862405091,2072.3984932425924,580.6234711207264,2598.981251683251,554.2314951606932,3097.9152734038744,193.54115704024213,898.5839434011237,330.5280798804134,902.3542256811284,0.7312942415550547
0.55,2088.668717212292,2568.537437856736,1988.0275569555547,2091.585852292197,2082.8344470524808,3144.67161613806,902.8533072307324,1607.3414290278954,1414.8105137541363,1626.3028070472803,0.7652763977703027
0.55,886.7812446069441,2865.5746263550823,1681.6680597209408,1966.5407911490777,2032.398465619024,2583.765042576709,1461.1214289378663,1727.6152744674143,1767.4361939143585,1229.8537813806151,0.7422715385036568
0.5750000000000001,0.0,192.3500157424507,0.0,152.22354623715842,10.13871649421976,94.81841904453395,0.0,8.996325903321758,0.0,0.0,0.7545151188916022
0.5750000000000001,0.0,102.50511101526408,16.95276836021678,73.92195505908467,56.96918669886789,230.04512414387148,0.0,0.0,58.743313620285925,0.0,0.71002523486195
0.5750000000000001,0.0,107.55079608660884,84.57878138849823,104.41824862777554,8.979969381988681,160.3864298922633,0.0,29.0282731185216,0.0,92.096895289698,0.6806241568509906
0.5750000000000001,0.0,45.79272274480443,0.0,152.35709623505028,0.0,63.767436345568775,0.0,50.92835520216568,0.0,0.0,0.7390368063800046
0.5750000000000001,0.0,53.40209489372259,51.9255392745413,70.62857711750402,27.562371558050376,150.36258055329256,0.0,25.10144552608161,0.0,0.0,0.7804645558329799
0.5750000000000001,0.0,176.7361850945963,0.0,312.70998406468124,0.0,385.90375768971614,0.0,0.0,89.55823520786784,39.86977912908397,0.7718783701433269
0.5750000000000001,0.0,310.8112128661101,0.0,203.3498892687848,115.39692903220474,250.632871651608,0.0,0.0,176.5672209260668,0.0,0.7923070612509037
0.5750000000000001,0.0,386.4956640073179,122.70869940916748,424.3369695137377,215.29131093943744,362.6152284935577,0.0,15.79782657064129,0.0,0.0,0.7432293464348967
0.5750000000000001,0.0,226.6750582674375,19.57470278647991,450.6096581447677,375.4427994446849,349.60419176653136,0.0,48.54526291047019,42.67285207452619,41.49836990733744,0.7670041162583706
0.5750000000000001,0.0,400.5562251416844,38.20690147505305,395.62630237070977,129.8212996356639,639.2466526363701,0.0,331.94813324562153,124.06972306952687,0.0,0.9276278246134199
0.5750000000000001,12.863966490231176,189.9579051724132,157.79798894683526,145.36282133961177,106.77092186891836,653.4894977037417,0.0,618.3279892971099,96.05094979372576,71.18061457927891,0.746177758749922
0.5750000000000001,76.9108255512274,377.0961083087454,13.51766024839761,303.4481662657517,328.61898190069894,867.4608869747528,41.95135939157859,280.1418554926525,63.8592915182919,246.5807679793897,0.783075519802124
0.5750000000000001,0.0,363.48258607727007,63.35934986668021,653.1253283249506,256.7721020912826,459.71257610034826,0.0,101.94662309375596,166.25874513888243,166.2587451388824,0.7042489496318506
0.5750000000000001,152.54064146159428,437.7469222399499,26.831252895524795,396.0094177358002,342.3469119447508,567.4313112349862,0.0,222.1031489685104,316.50940915646777,81.48750879381588,0.7680139048691523
0.5750000000000001,0.0,411.3143635964253,141.29119360182548,657.2657006070103,232.34551836744632,350.0881797023009,0.0,104.66014340875972,175.82904092671615,61.749484611168114,0.764951400170067
0.5750000000000001,243.449719822233,384.0725031898701,249.00793260356264,476.8946566380728,476.89465663807306,927.6657132038972,307.36916680752256,422.4241713810437,460.2200182940844,144.5135323145676,0.6694551278876831
0.5750000000000001,13.407003622952791,725.8064234062141,624.0350777228911,800.7637618436315,205.37091913341237,701.4300531826636,462.54162499186936,215.73087647842124,243.76370223550435,121.27244186216332,0.723508339208052
0.5750000000000001,182.9848097635649,953.9522774736896,68.45935190455047,1066.5583142512678,374.287110880019,1261.699457530594,143.31677408055424,420.9930238616282,0.0,155.47310759631566,0.8459337956454407
0.5750000000000001,79.32603493231397,670.542295282552,477.31221019101775,519.3482287021584,570.1982510946676,780.3783436503714,235.2661036026749,509.1782242236568,362.7301597332307,577.6562543789022,0.7857244649703711
0.5750000000000001,80.62233364953426,703.166962178112,257.99146767850965,530.0042107743295,392.5957116846885,731.9105767835981,418.53507120671264,417.1329436649817,567.8616544010674,138.10956286050651,0.7830463034951205
0.5750000000000001,0.0,1024.0944870689534,150.2706510739478,1078.943274710944,903.877966209795,1063.9162096035495,337.3576116610124,583.0501261669169,290.02235657271893,634.8935007874288,0.762213282618409
0.5750000000000001,0.0,470.3705296104178,349.0849054464093,782.1367814679014,506.9117112495743,1142.1062942110807,0.0,1069.0239309327678,556.6699160348085,0.0,0.7243288304963786
0.5750000000000001,274.8478131414072,1416.009250075031,158.72670059838103,1078.5061603816314,65.99689130143223,1247.2577052283314,26.732917995516832,462.8136427973849,0.0,294.0620979506849,0.8275743900595364
0.5750000000000001,792.7611396641549,1280.8156298318452,250.57538225067452,996.1899343136574,662.671481283143,1726.9620421318268,0.0,1199.6187289631598,589.3323450146527,580.60149545888,0.7458130418508381
0.5750000000000001,75.47835193700267,1418.2475512113335,584.2583538827244,1303.632276047737,531.143958075204,1307.3596020693176,221.77589828403245,861.9441424904622,34.47776569961862,621.5316140985278,0.8300370812706419
0.5750000000000001,317.6789164032903,1333.045073261908,1097.801825039218,1094.78588595944,1139.0196591295185,1633.6336682131223,63.3347206753396,882.6648373483823,477.5236876315281,695.6766144021419,0.8530364016124176
0.5750000000000001,1009.230864593014,1696.366772401024,1730.4709442959072,1616.790371312964,920.8126411618364,1362.9037583177253,423.1443549920649,1343.9569961539016,1059.7555636965442,1359.1144058849602,0.7673747981534679
0.5750000000000001,1290.2799308651008,1946.1841893805083,2787.234288921052,1977.7594490902216,1310.3732779531,2916.405805915334,1838.54125855194,1422.321926014811,2451.3883447359203,980.2682900788252,0.8293170210376367
0.5750000000000001,1139.2678755667023,2856.906405753924,3590.790620076033,2991.45184504631,2234.852166947565,2683.9194123779985,1836.4578791727056,1448.5476516024482,1754.332740903327,2102.054071022612,0.7575764728344356
0.5750000000000001,2923.987952965314,4807.71096112566,3565.016081115402,3879.907091434744,2869.63176666019,4541.553083355741,2103.0221046327456,3505.0368410545752,3248.2507195441594,2942.7314654843226,0.777737700512724
0.6000000000000001,0.0,34.297158192458376,0.0,20.508478817373334,0.0,6.807069564915403,0.0,39.96971616322122,0.0,36.74072162601775,0.753035799880364
0.6000000000000001,45.01893942355855,0.0,25.48866423245593,10.26167001566408,0.0,63.22512816102705,0.0,20.192318417919648,24.99213181234316,16.385569863721667,0.8250563095997383
0.6000000000000001,0.0,68.5798486439951,0.0,52.30666421999627,0.0,85.62794661199389,0.0,74.97288538199464,15.69199926599888,77.87881117199443,0.7768435192056238
0.6000000000000001,20.168081604585964,49.18542350506166,3.498544768142452,96.93026975265288,46.92165924332242,64.0027895819003,0.0,121.21428637858293,25.313000381266043,38.68978920063426,0.7925087349256313
0.6000000000000001,102.9534748814061,50.8931009617835,13.540366310933202,74.70546930170057,0.0,151.04512074437582,26.146914255595185,120.69602384056,21.47782242423892,131.6683896442472,0.7809792497746779
0.6000000000000001,12.489873749330664,134.32986665096468,0.0,122.34978366691278,26.7640151771372,167.46626639408686,0.0,184.7991524135662,55.05740265011076,97.37003616825142,0.678009784312696
0.6000000000000001,17.910914103010096,134.78721799553344,98.35824015890276,155.43030543629078,0.0,191.85928327292143,0.0,33.08965486827284,4.553622229578836,115.0548550006918,0.7459878527544044
0.6000000000000001,165.39817113249512,237.78172594100775,64.3409376075668,135.67545538986914,57.69703644156808,193.37249183143723,75.53066588714364,235.68365188858712,4.895506122314881,184.98019562175452,0.8093385451053304
0.6000000000000001,278.6030306555502,272.8783108475594,170.97829826532393,100.75506862063732,156.85732273894678,262.95546318037543,70.9865256190854,203.4183771772716,95.03034881264658,214.48616880605368,0.7428407695517603
0.6000000000000001,210.926086687673,264.65254273075954,13.531107447888422,160.3834206323249,88.7481459082096,161.17936812925953,145.65839193903452,322.3587362585191,181.07805555262493,299.67423259588253,0.758836332431919
0.6000000000000001,175.83279783725504,123.170004425602,291.6038974033686,174.96233844202112,286.38114103196494,33.9479164141235,182.79647299912656,184.9726214872113,261.5730482677978,136.22689535411095,0.838123911579773
0.6000000000000001,359.54183135060043,215.11791115789845,101.92078452037534,133.58128354159825,323.54427766893593,256.75363589813685,118.83529769609714,130.9790507453333,357.80700948642385,261.5243960246225,0.7430589179773803
0.6000000000000001,305.9337239392851,292.2556140761278,245.29410354595444,271.73844928139187,428.5807757122623,288.6081181126192,214.7463248515697,172.34418427578203,267.63501632244464,170.97637328946632,0.6935750153376271
0.6000000000000001,50.02898067541416,182.65297661684207,144.4232838365729,138.28765413109755,94.86627467696448,379.4650987078581,46.72518006477359,159.52637234235817,282.2389664518646,191.62043541715215,0.8148058900224419
0.6000000000000001,410.4824007529334,206.26740637834908,386.3665597086986,378.1569116936399,260.6563244781127,189.84811034823176,167.27157830682043,301.704564553406,324.2810965948175,204.72809737552555,0.7307335319298279
0.6000000000000001,469.3660089027215,382.6471158029116,362.0513786917067,399.4489013409997,469.9080019845954,480.2058705401978,454.1902026102548,254.73674848069177,401.0748805866213,430.342507007807,0.8564790564542399
0.6000000000000001,262.5588653570246,233.25542056271385,246.1489362722106,509.2938705251215,279.554863337725,29.889513690197,363.3627154494538,366.8791288247711,293.6205168389941,0.5860688958862152,0.7700590463593434
0.6000000000000001,540.4940843434829,731.7648219536195,313.437208728869,517.6649963061441,780.5080099252352,227.67387799400137,439.9226965033143,345.52133245702106,564.557177139597,46.27517845406532,0.7756482476235791
0.625,32.101777443669654,28.4812762282182,1.4482004861805908,45.940137644950816,0.0,3.5400456328858843,41.75644735154023,0.0,25.66533083842261,23.493030109151736,0.8005819309581614
0.625,57.03247319776936,66.1576689094125,113.25019677842776,36.33783292315018,0.0,43.99647932399352,100.54010275149628,10.428795099020688,40.57453093212736,30.30868575652886,0.8128980651751632
0.625,54.85270965541979,59.10186322027626,0.0,132.30319054212168,56.59099975013382,94.25395180227066,103.52483230741198,38.04923873985108,38.6286687714224,100.62768214955535,0.6954838140618056
0.625,72.09722734010342,119.39132690722668,6.516075940359217,124.22583486297704,0.0,39.93723963445964,143.56386668597852,52.12860752287364,24.8031277729802,111.61407497841086,0.7758876996063889
0.625,81.04938599824501,163.075270622975,47.60430804113791,62.00766278178988,0.0,93.2556188293061,261.9457565545692,92.03499554619998,156.23978023758087,172.10788291796015,0.7731224978831928
0.625,87.84327604497953,57.97656218968653,138.54139536236778,147.8276845442656,0.0,58.478523767086415,154.85514662786397,83.32562184838064,0.0,163.63947423236192,0.746866289718287
0.625,222.21131148598005,254.42013190083628,134.44966319962893,97.80843630566412,120.26596246648128,72.100478726834,261.80747603268395,15.95666332479114,301.9946281099357,220.73384265961056,0.766066759742033
0.625,117.6170387566627,352.8511162699882,203.6455013901075,126.35430449287192,0.0,97.11806914478724,157.60683193392805,78.63539162588309,39.989793177265376,298.7472784419234,0.7246799131188612
0.625,0.0,139.96951456553495,227.1756519126484,109.19087785478906,0.0,231.9390123559781,0.0,200.427550961643,27.480925634594545,253.5573405218591,0.9046080528567414
0.625,101.2790759460917,301.4065300155688,215.5218736132831,273.04838875066315,35.24511842923993,184.73303452567123,16.204652151374653,315.18048434423736,40.10651407465232,174.60512693106205,0.6583114009953761
0.625,126.13757578985782,379.2650082870724,219.46233625600257,23.01158477247406,67.33019248242411,244.60462332222423,200.28601561227416,169.1777621235593,238.2125164409814,206.67812249351695,0.776341465374525
0.625,379.8693812642932,332.38570860625657,373.149993624005,107.0622430685921,191.2785681602043,415.7061153458303,227.11530224174132,290.2775460604505,163.95305842303222,215.02040448922256,0.7272559392542147
0.625,213.95002195851376,305.1797932265379,198.66787753290555,356.1202746452317,15.745239711232625,300.548840370293,90.30358069677526,445.4976647707581,126.88810826110988,278.32026666031766,0.8304329400969626
0.625,260.17016019476404,348.82073329816507,321.8401240927821,158.02928248867147,58.77918434029855,166.21982456887696,139.23921536349405,375.31954591059474,236.08033054710063,186.93707806586744,0.8279309788321849
0.625,402.5487464747319,389.8098620926201,86.62441379835997,378.59964383636174,12.738884382111795,282.2936779075968,0.0,253.7585768916664,156.94305558761695,435.6698458682224,0.7996387311804235
0.7000000000000001,39.424397042738754,91.30536253220608,45.46005391898869,0.0,11.429222595451972,0.0,22.4731904966752,0.0,15.28176953773915,18.2353888601593,0.7704524520487761
0.7000000000000001,55.11960942474622,33.75922626237241,45.298743602965175,58.1886299940528,0.0,21.114861516829293,40.38831069207463,11.662278163365029,0.0,48.73604664058854,0.773823689251259
0.7000000000000001,36.73677643733782,52.63378151385856,12.9580629615337,0.9351179456776788,3.339706948848906,0.0,100.05762018751284,13.893180907211397,23.244360363988317,57.30937124224702,0.84300839117218
0.7000000000000001,0.0,40.69943399640159,35.107145355674675,26.87405374571555,0.0,0.0,24.8546161810086,0.0,30.291563470604263,22.835178616301665,0.7942752914371906
0.7000000000000001,102.18372299163468,34.9889790788477,87.4724476971192,90.05686092453406,0.0,13.518469189554786,112.52137590129422,0.0,74.94798359503169,138.56430919293655,0.8717930001868117
0.7000000000000001,143.88848880565806,32.938328762740994,20.803155008046986,46.80709876810563,16.252464850036688,47.67389689344095,123.9521319229464,9.534779378688206,180.29401006974027,134.13700989563608,0.8279783055038491
0.7000000000000001,258.97430860060734,63.63635125829507,52.21444205808823,54.77854412344078,12.35430995124412,43.82283529875265,174.35894044397327,0.0,71.79485782987136,173.19343950517663,0.8401205465089783
0.7000000000000001,145.04192991090196,118.84614409049196,78.31161234733109,169.8589901618167,0.0,67.8332980191671,64.80010176627748,145.31767502480105,52.39157164082012,56.80349346320495,0.7201082914806091
0.7000000000000001,108.20457902975546,234.84916670445335,120.03401853783171,121.77364199490172,0.0,144.7366716282261,225.45520003627524,83.84985063077522,112.03175063530962,200.75254694588085,0.855418467053237
0.7000000000000001,223.9056092561352,249.59400473668404,115.25063918300292,157.2546371984949,0.0,0.0,273.1995573404316,65.9566910987065,98.24075568912598,114.55635822406916,0.7429115474876461
0.7000000000000001,7.167177457491506,252.36009047693943,140.70301008654474,234.25353690011863,0.0,148.24740741022003,182.57441523294275,21.5015323724747,200.3037489435798,199.5493092112122,0.7909549954879447
0.7000000000000001,183.64728520323396,204.94554803862,234.682745205008,135.82665732755592,189.273241423902,122.163620791648,77.55782504206594,30.94275921367401,291.34416142745,209.365942212002,0.8064031178156387
0.7000000000000001,257.85829464380123,126.95909243922304,270.55420388772365,117.76550298672754,81.86672512460244,91.49810455102627,230.27752628631484,0.0,202.69675792882853,257.8582946438013,0.7914147153271924
0.7000000000000001,414.2052956482003,184.9299269864403,216.0660881627287,140.58448531112035,0.0,192.4780872716011,284.4712907469987,182.57112689732756,188.23224711119815,420.80993589771606,0.8611658390359279
0.7000000000000001,622.1810147242245,348.16891948219507,562.7503683473544,399.18460708003926,134.6393404644138,276.6417698604752,551.705734949883,220.89266794942887,229.30762672845472,373.4137958192725,0.8573277901726684
0.7000000000000001,384.843331531849,425.35315590362273,260.5767081211382,435.754327026105,163.1341576052504,464.7681201572403,448.8926484439776,62.40702673489448,517.8688358878084,552.9043596688017,0.7679619241896103
0.7000000000000001,262.6249280825231,412.21428754708666,416.7132156512841,426.8358038857281,341.9185359190023,269.37332023881925,637.1606927569566,343.0432679450517,547.7444966860334,547.7444966860334,0.8236562398212448
0.7000000000000001,672.7741081699274,528.1161941265642,468.9901419580468,446.6026076418118,120.54826170280276,666.4596754140664,620.5365280987129,475.3045747139078,520.6536826878194,750.8434586060282,0.7732702025463734
0.7000000000000001,509.5307618681265,455.0030941295637,539.2180476368998,474.99657230037,269.0031608435769,664.0258204607214,660.3906426114838,379.8760852453215,327.7718694062503,587.6870856267334,0.8459337956454407
0.7250000000000001,3.126980592752414,0.0,5.846094151667556,24.47202203023628,0.0,0.0,10.740498557714812,0.0,0.0,13.459612116629954,0.8020356857007725
0.7250000000000001,0.0,0.0,0.0,21.19723708679357,0.0,4.401612072667518,56.52596556478286,0.0,0.0,29.07380605893545,0.6749855313340757
0.7250000000000001,32.85436840372167,0.0,21.48170241781802,8.484369862499554,1.0831110462765388,33.034886911434434,33.39592392685994,0.0,15.163554647871544,0.0,0.5876111218770907
0.7250000000000001,0.0,0.0,18.532092223630887,0.0,8.648309704361079,0.0,0.0,0.0,1.029560679090605,0.0,0.7126861321557894
0.7250000000000001,69.24681714563744,26.0532579359824,84.55881961678497,0.0,0.0,10.512718114519217,0.0,0.0,12.341016917044294,73.36048945131886,0.6735959713104622
0.7250000000000001,0.0,5.845645343240464,0.0,0.0,25.33112982070868,0.0,46.03445707801866,0.0,35.561009171379496,116.42576975287258,0.7093027214920566
0.7250000000000001,0.0,0.0,0.0,97.37632025603504,42.20488031984808,0.0,0.0,0.0,12.203820815377757,60.25636527592768,0.7076553032122223
0.7250000000000001,125.25837415021634,0.0,0.0,63.21725455938148,54.6902760374184,0.0,0.0,0.0,139.96006125704923,5.8806748427331605,0.6613017649307141
0.7250000000000001,0.0,115.10751680073068,0.0,136.00599967809677,20.89848287736609,117.42957045377136,68.66644373991716,0.0,105.15585828769922,53.407234019935565,0.6970407997558266
0.7250000000000001,0.0,0.0,0.0,38.36284958241381,37.24548503146971,26.8167492226582,58.47541149940745,0.0,96.83826108182126,169.8394117435019,0.6985305504869367
0.7250000000000001,35.46283718635725,165.35578734568904,199.16919024430877,97.31662297651523,60.61671007435484,83.29643153074609,184.32428165467084,0.0,133.60417730674126,21.030287168653715,0.6602958514466247
0.7250000000000001,194.3409193083219,56.1125189552197,38.32074465234516,290.14278093918483,118.61182868583025,16.4231762795765,67.51750248270338,0.0,162.40696543136758,171.07475291225518,0.6377398121811124
0.7250000000000001,0.0,89.56117374979762,183.57566553135317,92.5300524376362,115.29145571106544,181.1015999581543,190.50304913630984,0.0,302.8256261595367,62.34645244461049,0.6936772724121366
0.7250000000000001,311.5983302118082,177.83398878976743,178.35245522938772,297.59973634205977,170.05699219546273,180.426320987869,206.34964296888464,0.0,267.52868284408163,0.0,0.6921076263184149
0.7250000000000001,307.7640223264052,263.261559167709,80.96231249353168,451.9948969009749,13.940530628025323,0.0,490.0632690005825,0.0,134.04356373101274,100.26458567079752,0.7118807359594138
0.75,0.0,0.0,0.0,0.8385609595689166,0.0,0.0,0.0,0.0,9.154290475294006,0.0,0.7229381342830489
0.75,1.000971389865625,21.24283727381493,10.565809115248262,22.13258962036215,10.232151985293056,0.0,0.0,0.0,0.0,0.0,0.646684923867422
0.75,26.803623702571475,0.0,0.0,0.0,0.0,18.26973454166307,15.144648370062807,0.0,21.51501633524796,0.0,0.7994628714863492
0.75,0.0,57.800720104686114,9.050646564434835,46.07601887348644,51.42412820701612,0.0,21.803830359774835,0.0,0.0,30.23738738572548,0.6721010296906184
0.75,0.0,0.0,0.0,84.08411897169108,0.0,37.635384695544445,0.0,0.0,60.74065251496097,57.88226886719811,0.7468765154257375
0.75,0.9858606250212116,27.604097500593927,0.0,60.13749812629391,0.0,0.0,38.44856437582726,0.0,26.86470203182802,4.18990765634015,0.746614055601163
0.75,35.24583205421402,0.0,42.19571443110128,28.54415976221557,13.89976475377454,23.08353789466129,2.4821008488883107,0.0,97.05014319153295,35.24583205421402,0.7845071188452574
0.75,85.5243052458207,0.0,2.9583879173082632,0.0,0.0,0.0,31.197545309796222,0.0,25.280769475179703,24.204992050703968,0.7869996350364286
0.75,0.0,0.0,20.515413407225825,176.6775154622284,83.2864544293347,7.655005002696203,96.45306303397216,0.0,43.17422821520659,158.61170365586534,0.8176575841878275
0.75,114.78555337841492,40.61126303739241,86.25698017032934,3.0206724573267087,0.0,44.97445658686433,110.08672955590671,0.0,80.55126552871224,56.72151614313486,0.7769358346201123
0.75,78.51364910163846,7.8141546499261025,17.488822311739373,131.35221863923402,0.0,90.42093237771634,13.395693685587606,0.0,37.21026023774335,81.49046992065793,0.8799640978999367
0.75,136.00400151067092,40.15356235076951,0.0,202.9266054286201,155.4331445836239,53.10632439940483,173.13525271675886,0.0,0.0,236.603786755072,0.7443127844862479
0.75,236.88171536583775,0.0,37.69630440988773,243.86251247877996,0.0,117.27739149742852,0.0,0.0,151.25060411374707,158.6967877008854,0.8359850344379479
0.75,336.82007914728285,151.32496309515608,162.30822654561095,687.6743282590359,231.25871376235543,380.1429516462993,216.61436249508228,81.76429457560853,344.7524360837225,395.3974842163755,0.6980231980787931
0.775,14.094289015006629,0.0,0.0,0.0,0.0,0.0,0.0,0.0,0.0,0.0,0.794170412386412
0.775,0.0,0.0,0.0,1.9172764168116263,3.3552337294203465,0.0,13.900254021884294,0.0,0.0,34.35120246787498,0.8575612771594665
0.775,0.0,0.0,0.0,5.357841025397395,0.0,0.4984038163160367,0.0,0.0,6.603850566187488,0.0,0.6707376020304907
0.775,17.88984165765093,29.744556009106365,0.0,89.01812776638354,0.0,39.44386775120627,0.0,0.0,152.38696448143622,0.0,0.7658008913483078
0.775,89.69737662374921,0.0,0.0,59.41295307294728,0.0,0.0,4.85475492035756,0.0,24.50495340751911,0.0,0.8166201009526989
0.775,9.461486703690998,28.857534446257542,0.0,6.859577860175974,22.707568088858395,0.0,0.0,0.0,8.5153380333219,0.0,0.5921036160172103
0.775,0.0,0.0,0.0,12.242847669237989,0.0,0.0,0.0,0.0,0.0,0.0,0.7807649968566576
0.775,0.0,0.0,68.86889470987012,68.86889470987012,31.35276529593309,0.0,41.803687061244126,0.0,0.0,41.26774235533074,0.7010994317369557
0.775,0.0,0.0,33.58656022727133,0.0,76.38713255228966,0.0,0.0,0.0,0.0,0.0,0.7785889906580162
0.775,159.11983439793227,116.84825852115976,0.0,201.04773892611317,103.7887472746772,41.92790452818085,0.0,0.0,46.739303408463904,105.50710401763544,0.7848004992614096
0.775,153.94900604872024,151.41833745613852,236.6175134063892,186.8476977522824,137.07788209817554,0.0,389.7229632575822,0.0,317.17713027024007,178.83391387577365,0.7505763623034478
0.775,152.32388638667717,165.73877410823115,0.0,220.69653993524247,15.145840975948014,54.09228919981434,202.52153076410488,39.81192485106335,140.63995191951727,294.26205324699,0.7800163289897128
0.775,47.81663909549663,0.0,67.50584342893643,219.39399114404333,0.0,0.0,64.22430937336313,0.0,0.0,130.79257164356432,0.7432506499920859
0.8,1.1306700480350114,0.0,0.0,1.9334457821398692,0.0,0.0,0.0,0.0,0.0,3.01888902825348,0.6996356406518467
0.8,0.0,0.0,0.0,0.0,0.0,0.0,0.0,0.0,0.0,23.887720774809992,0.6539480749407497
0.8,28.18761631157124,4.873559829570728,15.806139987796955,0.0,0.0,0.0,30.953690809435702,0.0,28.58276981126616,0.0,0.716836795503978
0.8,61.04603296066248,0.0,0.0,0.0,0.0,10.77282934599926,0.0,0.0,91.92814375252703,28.36845061113139,0.818119397966457
0.8,0.0,0.0,0.0,38.68826518769095,0.0,3.474993879133918,24.324957153937422,0.0,66.4882162207623,41.931592808215946,0.5554853576353355
0.8,0.0,33.411562709424324,0.0,88.85000750135801,41.083847479736576,55.43844479193369,0.0,0.0,0.0,46.5286947360872,0.7661051061449736
0.8,0.0,0.0,0.0,48.65049142254478,0.0,0.0,0.0,0.0,0.0,45.08448681565668,0.6122088176811413
0.8,60.55956103769668,0.0,7.267147324523602,40.37304069179778,13.995987439823232,0.0,146.95786811814395,0.0,0.0,26.64620685658654,0.6777810314497189
0.8,36.37845788824141,0.0,0.0,101.33998983152966,0.0,0.0,82.2846071281651,0.0,39.84307292521679,71.3133261777431,0.6758760200245967
0.8,18.44179086083611,0.0,0.0,129.43405067142382,0.0,24.247539835543776,41.66478675966677,0.0,196.7124358489185,44.73841856980612,0.6726707476771713
0.8,201.60301067545512,29.85346227552443,0.0,76.29218137078466,0.0,0.0,47.17584162058181,0.0,19.902308183682955,0.0,0.7794283508112826
0.8,264.8000374659562,184.22696742877147,116.2434395848968,133.02949584264363,206.8881433767297,0.0,97.3591262949316,25.179084386620247,83.51062988229047,34.411415328381004,0.8117501077791811
0.8250000000000001,0.0,0.0,0.0,0.0,0.0,0.0,0.0,0.0,0.0,0.0,0.8039508754921074
0.8250000000000001,0.0,0.0,0.0,15.730620307481235,0.0,5.767894112743121,0.0,0.0,0.0,0.0,0.8185715067912563
0.8250000000000001,0.0,0.0,0.0,0.0,0.0,0.0,0.0,0.0,0.0,0.0,0.8427680870470821
0.8250000000000001,0.0,0.0,0.0,24.358355931848408,24.924829325612325,0.0,33.42193023207108,0.0,0.0,0.0,0.8122422199502585
0.8250000000000001,20.62786075885,0.0,0.0,8.744419234729891,0.0,0.0,0.0,0.0,0.0,0.0,0.8182860391249174
0.8250000000000001,6.551593531176775,73.57943504244686,0.0,64.75998221201658,0.0,45.60917035165371,26.458358491290824,0.0,51.90877951624676,0.0,0.7839049382953681
0.8250000000000001,31.815310597306805,0.0,0.0,56.06796539689314,19.297811345907405,44.332809848706205,0.0,0.0,0.0,85.01468241575425,0.8528387046016991
0.8250000000000001,33.85760851652476,75.36048347226479,0.0,164.91931890307222,11.740944888794877,0.0,49.42118662492727,0.0,0.0,104.576323079266,0.7683696742742165
0.8250000000000001,0.0,2.32673852421617,22.10401598005361,86.96185234257935,71.54720961964722,0.0,52.0607744793368,0.0,68.638786464377,0.0,0.7290972393392984
0.8250000000000001,196.31052868002595,14.250690230105585,35.48131036883431,55.54860885612585,56.71193050756304,0.0,112.26053936368888,0.0,121.27628216232712,68.34514702193495,0.7751301451127306
0.8250000000000001,96.82840258448884,68.3918085169252,0.0,151.1818925110978,172.77930572696891,103.30762654925016,16.558016798834522,0.0,185.3777967695604,228.57262320130263,0.8155591838046619
0.8500000000000001,0.0,0.0,0.0,1.872989916139697,0.0,0.7259650837750763,3.0780919552063235,0.0,0.0,0.0,0.8307699236379601
0.8500000000000001,0.0,32.69829508377792,0.0,50.055266789207984,0.0,0.0,0.0,0.0,0.0,19.93252234559065,0.7391886013261659
0.8500000000000001,11.654932000864264,0.0,0.0,0.0,0.0,0.0,0.0,0.0,0.0,0.0,0.6715215729350646
0.8500000000000001,0.0,0.0,0.0,5.840346738340666,0.0,0.0,0.0,0.0,0.0,0.0,0.7412353334819605
0.8500000000000001,51.662695096564114,0.0,0.0,83.45512284829589,0.0,0.0,12.142941155175327,0.0,0.0,0.0,0.7179860514024936
0.8500000000000001,0.0,0.0,0.0,0.0,0.0,0.0,0.0,0.0,0.0,0.0,0.7669067285683617
0.8500000000000001,0.0,0.0,0.0,0.0,0.0,10.837076029899574,6.192614874228328,0.0,31.22109999090116,0.0,0.6939292630600354
0.8500000000000001,24.530282331577403,73.59084699473222,0.0,0.0,0.0,25.338972957893144,80.06037200525813,0.0,41.24322194210267,0.0,0.7702877045398445
0.8500000000000001,37.431245666593135,7.143367493624644,0.0,108.00771650360464,63.71883804313183,17.42981668444413,42.57447026200288,0.0,59.71855224670202,56.00400115001721,0.8082784800995814
0.8500000000000001,110.3604203997835,0.0,0.0,0.0,111.29042394247828,0.0,114.08043457056272,0.0,129.27049243457785,45.57017359204544,0.8081029387883395
0.8500000000000001,181.9242713233952,38.37197436576321,115.8011369252497,129.50541348445083,50.70582326904424,0.0,20.55641483880172,0.0,124.7089166887304,0.0,0.7629871175147199
0.8500000000000001,7.5646333079467585,0.0,70.35108976390487,24.585058250826965,0.0,0.0,21.559204927648263,0.0,210.67503762631725,34.7973132165551,0.8109797711512089
0.875,0.0,0.0,0.0,0.0,0.0,0.0,0.0345729260699507,0.0,0.0,0.0,0.7591780414892381
0.875,0.0,0.0,0.0,1.310112469136275,0.0,0.0,0.0,0.0,0.0,0.0,0.6442061519066969
0.875,0.0,0.0,0.0,16.444843216227294,0.0,0.0,0.0,0.0,0.0,0.0,0.7660071097819021
0.875,40.557935004450265,1.8897962546876463,0.0,0.0,22.09607928557864,13.810049553486648,0.0,0.0,49.42544050721537,0.0,0.7041330582807395
0.875,0.0,0.0,0.0,0.0,23.27489897426013,0.0,0.0,0.0,9.05134960110116,0.0,0.8168146734416963
0.875,24.869824420398366,23.8649830296752,0.0,66.82195248309056,42.454548758053775,0.0,85.16030786378833,0.0,0.0,0.0,0.6792198263610595
0.875,121.7459355787608,28.646102489120192,0.0,12.466359416561565,0.0,107.15764264448664,0.0,0.0,19.89312672855569,75.85912325822568,0.814675796299871
0.875,0.0,57.3183448346178,0.0,46.41387923193441,19.292516066285987,0.0,102.33421565595177,0.0,105.68943584139282,111.28146948379454,0.7619973069064581
0.875,0.0,15.44741230105105,2.2885055260816367,81.24194617589812,46.05617371239295,0.0,0.0,0.0,0.0,56.068385389000106,0.769470459507851
0.875,139.28798165422998,44.5721541293536,0.0,146.40714516100172,13.309740469181977,0.0,167.14557798507596,0.0,0.0,46.42932721807666,0.7815970529331728
0.875,31.630498281143414,0.0,81.88784555007129,123.35894329645932,0.0,0.0,198.92068919030197,0.0,65.01824646679479,1.7572499045079677,0.7742302828570464
0.875,115.704468712902,0.0,79.54682224012011,77.26318141026022,114.56264829797205,56.32980713654439,194.10947053809213,0.0,69.65104531072718,123.316604812435,0.806100404412528
0.9,0.0,0.0,0.0,0.0,0.0,0.0,0.0,0.0,0.0,0.0,0.9328934958558044
0.9,0.0,0.8191053666585333,0.0,0.0,0.0,0.0,1.865039911776353,0.0,0.0,2.873169593817625,0.8541271437405197
0.9,0.0,0.0,0.0,0.0,0.0,0.0,9.821671855839371,0.0,0.0,4.572157588063156,0.7746506730522527
0.9,0.0,0.0,0.0,19.80432126240812,9.053404005672284,0.0,0.0,0.0,0.0,4.951080315602029,0.8533005657215675
0.9,34.72074274589112,39.7673623310497,46.02517061664636,0.0,0.0,0.0,0.0,0.0,0.0,3.027971751095156,0.8166769104385385
0.9,0.0,0.0,29.234829700864008,18.240534770624556,0.0,0.0,26.736126307627767,0.0,0.0,0.0,0.8756096508104042
0.9,0.0,0.0,0.0,43.19424734616867,0.0,21.874009874021315,6.36838262155051,0.0,78.08190866422798,65.34514342112698,0.7901426198404511
0.9,0.0,0.0,0.0,0.0,3.879418709890399,0.0,0.0,0.0,0.0,42.11940313595292,0.2
0.9,0.0,0.0,0.0,0.0,90.01688709555218,78.54414658337396,186.21140369766184,0.0,125.02345429937805,0.0,0.7462075837299877
0.9,22.844883376451023,11.422441688225511,35.19346898534347,72.2392258120208,0.0,52.17277419757058,26.240744418896444,0.0,30.25403474178649,149.7266005078209,0.9216214609656732
0.9,140.98324702750745,0.0,0.0,0.0,0.0,0.0,0.0,0.0,35.65852618025949,60.09122004451137,0.8029645207942347
0.9,36.02791605281131,0.0,0.0,64.55001626128691,105.08142182069965,93.07211646976256,166.25382095203548,0.0,186.51952373174183,33.7761712995106,0.7992385286417918
0.925,0.0,0.0,0.0,0.5580294311359951,0.0,0.0,0.0,0.0,0.0,0.0,0.9222610324862429
0.925,0.0,0.0,0.0,0.0,0.0,0.0,0.9950472744281584,0.0,0.2426944571775996,0.0,0.8354936323854438
0.925,0.0,0.0,0.0,0.0,0.0,0.0,0.0,0.0,6.479693335870381,0.0,0.8937794547373227
0.925,0.0,51.87643392131714,0.0,0.0,0.0,0.0,44.42204898834196,0.0,14.148118342177405,27.38345485582723,0.8558961911295351
0.925,3.0111124431257226,0.0,16.37292390949612,25.21806671117793,0.0,0.0,8.280559218595739,0.0,0.0,0.0,0.8011022025584686
0.925,0.0,0.0,10.949529317229292,107.45817143885492,0.0,20.88049776773958,92.4343986547496,0.0,80.46630847080131,22.153698851138337,0.8768566190245626
0.925,67.48138426247321,0.0,63.59356788521138,24.71540411259307,0.0,0.0,0.0,0.0,112.74667494059312,60.26115384755838,0.786039425613288
0.925,0.0,58.5169363348676,0.0,22.264980654242308,0.0,8.848902567711686,113.608491030621,0.0,0.0,60.22962715442471,0.871715360556165
0.925,0.0,7.2279541929808175,0.0,47.88519652849792,0.0,62.94343443054129,19.87687403069725,0.0,71.07488289764471,43.97005467396664,0.7682652868439879
0.925,9.075890964360024,59.149772147036025,0.0,100.46072412274373,0.0,0.0,120.49027659581412,0.0,12.518470295669,0.0,0.6706536051478579
0.925,0.0,0.0,0.0,158.62350556514562,0.0,0.0,54.02145417294546,0.0,63.99993933864877,50.2365115238856,0.826121487459213
0.925,128.14564504656371,11.68386763659846,0.0,112.69278784977224,118.34627219006178,73.1183974677452,117.5924742780232,0.0,31.28261334960232,192.2184675698456,0.8595226246580455
0.9500000000000001,0.0,0.8152793222525372,0.0,0.926453775286974,0.0,0.0,0.963511926298453,0.0,4.076396611262686,0.0,0.756999965802185
0.9500000000000001,0.0,0.0,0.0,0.8701716010984972,0.0,0.0,0.33840006709386,0.0,3.226886354073594,0.0,0.5996263281319643
0.9500000000000001,0.0,0.0,2.5273003077219838,28.537432641360727,0.0,0.0,0.0,0.0,30.53821205164063,3.4750379231177275,0.6503134556817807
0.9500000000000001,0.0,0.0,0.0,0.0,0.0,0.0,17.26147346419049,0.0,0.0,0.0,0.6926939002122696
0.9500000000000001,0.0,0.0,0.0,37.86454364666759,0.0,44.03987694526573,0.0,0.0,0.0,50.37771901487962,0.6495813437221375
0.9500000000000001,69.01053910525329,36.906735199146446,0.0,0.0,22.49794132002763,8.594719155965612,77.8580441187473,0.0,113.50085003025174,0.0,0.6749216206625076
0.9500000000000001,47.06534491059784,8.076301789392529,0.0,23.95041220302612,7.2408222939381295,0.0,15.874110413633591,0.0,12.81068559696746,34.25465931363038,0.7543689764892827
0.9500000000000001,51.69872727046297,0.0,0.0,115.66494914747648,0.0,0.0,0.0,0.0,9.054579352453969,100.18453928682938,0.728255502157546
0.9500000000000001,31.856884669204245,0.0,95.57065400761272,106.08342594845014,0.0,0.0,52.245290857494965,0.0,25.166938888671357,39.82110583650531,0.7667007536039919
0.9500000000000001,71.76459568327748,0.0,55.32512883072052,61.33185710377018,0.0,0.0,99.90137548861534,0.0,81.24890348282958,74.92603161646151,0.7121218922267993
0.9500000000000001,97.91953358927074,109.98208482852873,101.11256185848607,209.3207420930063,128.07591168741573,31.22072085455009,108.2081802345202,0.0,161.78009897357776,131.62372087543278,0.6833471775309519
0.9500000000000001,142.42233885683265,50.65536794392501,0.0,216.93711923811364,0.0,24.960616088310875,69.37583001015817,0.0,0.0,113.42397604835382,0.6767435008733523
0.9750000000000001,0.0807771637826409,0.0,0.4038858189132046,0.0,1.7770976032181005,0.0,0.0,0.0,2.3656169393487696,0.207712706869648,0.6639971565357352
0.9750000000000001,0.0,0.0,0.0,3.1269226344935768,0.0,0.0,0.0,0.0,0.0,0.0,0.6578361677965343
0.9750000000000001,7.477548774737015,0.0,0.0,0.0,0.0,0.0,5.079089733783634,0.0,37.95208717743882,25.536534494856603,0.7410251383843576
0.9750000000000001,0.0,0.0,0.0,0.0,0.0,0.0,2.971732394065537,0.0,53.49118309317966,25.33792883361141,0.6801452528853709
0.9750000000000001,27.254336067401937,0.0,0.0,0.0,0.0,0.0,22.63495707292704,0.0,18.631495277715448,21.249143374584563,0.7677923478743813
0.9750000000000001,70.98100269186881,11.746856079288149,0.0,120.46775808972096,50.48648783013203,0.0,93.47498241816524,0.0,0.0,44.9879594525929,0.7568352182932528
0.9750000000000001,0.0,0.0,0.0,86.5991475123793,0.0,87.97373715543294,27.21687493246207,0.0,73.12816901045363,80.82587101155403,0.6923734947121396
0.9750000000000001,44.30492568863073,21.00168555370158,0.0,0.0,6.904663743682711,0.0,84.00674221480632,0.0,16.39857639124644,0.0,0.7326911868118273
0.9750000000000001,62.28663184392611,6.887464098126445,0.0,72.46810051072173,0.0,0.0,0.0,0.0,129.66399802125002,85.64411878539839,0.7103463929033211
0.9750000000000001,0.0,0.0,0.0,109.37712516152256,20.585020746691047,19.356064284202027,86.02695237423123,0.0,38.09765033715955,97.70203876787691,0.7206441672448837
0.9750000000000001,120.03914490562492,0.0,10.912649536874993,156.74532971147715,115.40953601119308,0.0,7.6057860408522675,0.0,146.16336652420443,42.658539098693154,0.7774581978423989
0.9750000000000001,203.35580622722784,1.4525414730516275,14.888550098779184,209.1659721194344,188.10412076018576,103.13044458666556,233.1329064247862,0.0,108.94061047887206,219.69689779905863,0.7092561377136692
1.0,0.0,0.0,0.0,0.0,0.0,0.0,0.0,0.0,0.0,0.0,0.6593657632027403
1.0,0.0,0.0,0.0,0.0,0.0,0.0,0.0,0.0,1.003486009077226,0.0,0.7513962781190606
1.0,0.0,0.0,0.0,0.0,0.0,0.0,0.0,0.0,0.0,0.0,0.6842951858258842
1.0,0.0,0.0,0.0,17.816430760307,0.0,0.0,0.0,0.0,19.872172771111657,0.0,0.7677838264515061
1.0,0.0,20.46738143125119,58.28754277160666,33.81567366902371,44.93925053383414,0.0,0.0,0.0,67.48303297984994,0.0,0.7193182338454096
1.0,10.562978872194757,0.0,0.0,12.206108918980606,0.0,0.4694657276531002,0.0,0.0,31.219470888931163,0.0,0.7245823428269337
1.0,33.43636062230375,36.67213745672024,0.0,108.9378200920219,35.054249039511994,11.325218920457722,67.41201738367693,0.0,82.24266120808583,0.0,0.680413349958925
1.0,0.0,22.315348614610997,0.0,0.0,0.0,66.6562361215653,24.633826392752397,0.0,77.95881529000464,24.34401667048472,0.7223461794406095
1.0,111.08246897199462,0.0,73.4479712874937,51.29217829581172,54.934226458827936,18.513744828665768,119.58058135236578,0.0,50.07816224147298,3.9455521766009016,0.7588320717204813
1.0,180.9069043450609,0.0,48.96250135173881,36.56290685357119,63.26972577270144,0.0,61.68003417037226,0.0,72.17199874574486,88.06891476903668,0.7386448209277179
1.0,211.16287040056332,12.303978275308417,21.28255701674969,0.0,0.0,0.0,143.32471990967372,0.0,137.00646079532615,70.83101007137007,0.6836524270718239
1.0,135.1087154656782,0.0,55.57170816069026,41.33145794451338,0.0,0.0,78.8423609529793,0.0,2.0839390560258844,0.0,0.6528426139913172
1.0,144.47370755321785,79.78976878274229,163.84015628689312,49.5781087582088,206.83367247565232,1.936644873367531,207.60833042499937,0.0,255.6371232845141,0.0,0.6228825085061392
1.0,0.0,0.0,12.35759341680915,14.82911210017098,43.66349673939233,93.91770996774954,152.41031880731285,0.0,163.1202331018808,116.57329789856632,0.6944129552537467
