frequency,802.0974069515522,802.2019321339903,802.3064368153802,802.4109209920142,802.5153846601853,802.6198278161861,802.7242504563093,802.8286525768474,802.9330341740932,803.0373952443395,Max_Oxygen_LifeTime
0.2,23.315801365989635,106.60433244877612,35.0360437638668,28.427821986340334,0.0,38.77654665680627,22.94175107669568,81.41827963631677,0.0,0.0,0.45973694591830416
0.2,81.19765531421353,225.66621087326877,89.10651784481875,91.91855785570064,0.0,58.701335227158665,51.67123519995405,0.0,0.0,0.8787625034006042,0.971616363897645
0.2,87.2534883838677,354.9727283519303,116.19610892095557,157.69471924986834,1.2768803178126686,194.5114350801344,72.56936472902173,83.42284743042964,0.0,25.75041974255609,0.9117780783164717
0.2,85.06768685476787,350.5328810713927,123.95577227409034,130.16706369523214,0.0,74.80555320244662,81.82701306982432,105.59195415941028,0.0,0.0,0.9391676774955388
0.2,173.27109156549324,260.8268935249913,227.9606014981528,131.20223777113983,0.0,166.17197248769608,57.58174363102128,0.0,111.7453928912514,14.98702916423843,0.8415457954533347
0.2,240.7622822075472,532.7079949556537,101.79497917563758,229.6105850506656,152.69246876345628,114.66232204896248,83.494758200242,47.46619815493212,0.0,164.13010687307852,0.8653322467273351
0.2,354.83529731682125,672.4192022107023,271.17750924835366,385.7728944138396,146.48005156139246,177.10195889211445,184.04713375062883,178.04902819100292,69.76743835143908,101.33641498104951,0.7316352996703497
0.2,393.2881094939594,532.7297822676798,145.35316513569856,406.15429875238254,58.41945393013713,303.92025437464235,70.24243865409348,258.3669897029282,153.3510665666102,76.50166586089397,0.6677301296999959
0.2,385.5671250152853,911.9701459942378,256.65995248023484,244.7312290516182,37.710157935626704,269.74306849871743,230.49372044326927,295.1397054757723,81.57707635053944,0.0,0.7000370427067865
0.2,387.13196584320855,743.8343448515798,393.8940962509502,323.7369932706308,0.0,491.9449871632037,195.2565155235397,340.64231928998487,0.0,248.50829248450512,0.6751327152436368
0.2,705.109286144705,1023.7820544282856,478.0091524253714,575.0761450634737,229.8473127562609,494.03436347411457,279.29653542095446,481.67205780794126,302.6475572348377,132.32245694533754,0.5234310677705861
0.2,947.6977107238872,1172.7759170208103,546.4713429771981,631.4551050801554,277.09856976600616,492.9058201971521,353.84148221049475,381.6543498078264,503.7219353738922,252.89107389425476,0.6944522570889506
0.2,1075.682291304623,1157.7446516721925,861.1003084515875,634.3198666249943,409.20285102206793,822.8415053072475,527.3061129024209,589.4073585859867,298.8622448521608,228.99834345814924,0.6630253734709786
0.2,1227.4778649957364,1382.4198155379288,842.2330930250705,636.6486372472974,415.3891203251779,729.4932301791947,610.7244976624168,642.6775069181998,358.1148584516048,170.61701168653912,0.79822163316433
0.2,2258.836740531513,1671.683355119202,1190.034093648166,1187.4128731775754,605.5019287064455,1148.7498712363624,676.9301865300415,757.5327160007047,478.37273588279805,602.2254031182073,0.7036243975064377
0.2,1958.8593779818511,2218.033800930724,1123.333901166504,1279.7196011328213,571.9458228815074,1220.248982835771,419.2311487359958,874.4383505158863,482.37279285385176,585.8957210005686,0.7339582087744879
0.2,2474.753043705679,2456.02342211791,1633.5487350028277,1585.5031839733324,419.38065729135394,1210.910752217948,751.6278576309121,1267.0996169812558,622.9635006366716,707.6539634683236,0.7500676178642665
0.2,3060.546257827407,3703.479842978873,2055.563547420433,2058.299435016823,1253.0365191462624,1596.846393759174,535.322006360157,1182.8154041722723,801.6150657420412,1130.8335398408774,0.6612667032813783
0.2,3875.075346752364,4247.986089497299,2298.195634573783,2683.891888498544,838.5164415436102,2236.3989972046224,1083.5720724902817,1626.956297632901,996.2044127614683,1169.8742729541095,0.5525249130712094
0.2,4778.133900366172,4799.662129938606,2694.4278906973573,2757.879514700323,1979.4640559496563,1875.2221022304984,1955.669696948544,2400.964129683641,1340.4155570626467,1399.3349222082577,0.5601010204217014
0.225,0.0,285.80458873633563,2.8765379168287013,52.39408348509389,0.0,14.99909056632097,39.03872887124638,90.81641137416274,0.0,0.0,0.8247662403650454
0.225,67.85590016252392,247.56218520832903,154.60208754977987,141.42859777463786,0.0,87.491856619811,10.687925666624643,67.1102309299687,0.0,59.65353860441664,0.7810588398643363
0.225,125.1515845074887,385.2279792106864,183.5194601454716,195.73599225574705,0.0,205.2377394526278,14.93131702367002,129.22376187758056,0.0,51.85239184583592,0.8336496532846075
0.225,85.06768685476787,350.5328810713927,123.95577227409034,130.16706369523214,0.0,74.80555320244662,81.82701306982432,105.59195415941028,0.0,0.0,0.8326921862102807
0.225,330.7804453334392,528.3256043139675,192.92961788285243,346.16558232569224,0.0,276.3170603808635,255.39327407139956,145.23569320686818,0.0,19.69297535008381,0.6972630871582721
0.225,298.6537277747552,600.6002199130688,109.31977687014194,209.74908995867588,0.0,197.8951382498652,45.11087178075128,176.16289345037924,87.91680850701175,0.0,0.8245197440059927
0.225,438.51647701415976,654.8281621183776,233.64435217987645,145.24775009401813,0.0,291.1888068710625,64.47752152144956,230.52447210625795,177.486510854743,131.72826977500455,0.8684417707442
0.225,253.4864214411127,679.3138313216308,308.5759814606203,294.05913794196624,0.0,362.1766344525736,46.15611785418197,169.73540114118563,0.0,126.18487058522348,0.7852449718092277
0.225,421.0120015138883,919.0878568694324,464.0055199729173,287.1642553678545,0.0,206.0444092187429,115.59578076248376,364.2281092095103,60.83988461183365,160.21169614449505,0.7001181046785798
0.225,750.7312366804805,867.9076848982645,503.01220546721805,375.1428494272788,94.8995569216274,277.12452772418914,424.15201027882335,392.5188246382809,208.51170253202667,377.3705385568944,0.8729390368811302
0.225,647.3300669244371,939.580553021205,419.8125875201129,590.6886860685489,62.35311674051562,600.208245876261,142.31741912529893,591.6406420493201,135.17774926951492,330.32872532761724,0.9409197834843136
0.225,914.921803544206,1323.005143674431,558.5673375149951,766.5278616786695,186.53745509153703,583.1254898659815,166.68192765882452,497.4332135774324,200.6453298463593,231.996162634853,0.8786739544765398
0.225,1066.4880075343794,1262.946324711765,857.1195723710514,587.1297136215585,90.37082590159736,896.4112358065285,441.1892494326433,405.2654428630642,266.06069240594525,288.5130715119322,0.7488796733202973
0.25,6.714177312918229,138.91952583157018,15.826275094735848,97.67529376650108,0.0,69.37983223348844,0.0,0.0,0.0,0.0,0.8907084191471129
0.25,28.313587609568945,236.59299235393257,0.0,79.70468840775929,0.0,65.54789460297471,0.0,123.33864191565668,0.0,57.208961265909934,0.9102083319707164
0.25,120.83196357856994,290.0439125743408,162.83995091643217,38.231988476031965,0.0,40.59198776467575,0.0,105.96396806011312,120.1239637919768,0.0,0.9443221441693939
0.25,12.34057608888966,359.9772301674001,226.59398222791123,100.825132300716,0.0,107.65183396691025,0.0,69.57984390544203,0.0,0.0,0.843301338754155
0.25,158.48597366256593,456.3455122899858,115.26252630004797,205.8259398215143,0.0,331.08572605575006,0.0,218.46953326769292,0.0,133.4928238270964,0.8709211639441403
0.25,213.19924758868245,514.2774303227724,146.9806133593965,83.85630783241362,0.0,37.44137729786731,138.3164929929478,149.14664345100863,258.0670137720773,60.02997682467989,0.8162583665516217
0.25,254.1143317995381,491.0676957372893,166.32938081424314,384.471683826574,0.0,415.49343342288114,0.0,257.7445365395316,0.0,43.89247549264751,0.8839646218926953
0.25,444.7029535693416,641.0132664062581,203.594554500624,246.2073682333128,43.70544998224486,243.65788365101503,93.96671746182642,186.11237450772612,47.711782897283975,11.654786661931956,0.8620823431292292
0.25,553.0543108056328,664.6799515186964,366.88147646950944,263.0618246174993,186.95343322222868,271.648412364658,190.07582876665,167.82876051264796,95.2330641048514,170.95115605706928,0.920458161603352
0.25,643.4670504347631,1047.799267943672,364.6172452562053,519.2521372188602,100.1324300413912,327.43727123239745,249.2748258414381,524.744633381468,54.50246192126369,128.0174105592471,0.8298172285604452
0.25,329.85353251702384,765.9536880415526,326.74170673856133,184.0422674690673,0.0,348.9690337275791,45.34374705759617,212.93779255479024,0.0,173.81769705411912,0.8914172453042928
0.25,820.0365659329874,979.634565030407,433.2630365887906,409.7786463312124,106.87793933550908,625.9308913550447,234.8439025757825,249.2221006926672,79.55936291342837,340.28402209960325,0.8738477512417712
0.25,674.1725660635237,1152.2504256511645,665.3767612875606,319.75337362030524,153.15048315794553,705.2165829198639,279.9135519880017,666.9289621303777,210.0645140612361,234.8997275463084,0.9391192474088602
0.25,1044.6209556362803,1196.1183403018565,630.6010271458804,689.1216775401642,161.34198005900666,666.6978769217935,159.15429219379973,389.9553619731246,185.4065465762824,514.1066483236146,0.9311141893419929
0.25,977.424970859501,1574.1686372789857,384.3126046413517,1049.4457581859904,209.40497827701992,863.0390145174291,441.2029744622762,669.9748871464195,257.8223142948283,556.1941475045705,0.8825515117549522
0.25,1499.9035572498196,1432.7436964774397,944.07575714317,1127.646043254342,646.0138988581313,821.2691545879607,504.0187646536706,633.8611621469387,388.24795703652046,598.6821874566444,0.9153880401320287
0.25,1785.6448428195283,1729.9063990609643,1050.9718612307493,1246.392188143304,809.2147557719186,1063.7312640188538,641.3278769810642,685.6500129818497,544.6250347975321,702.4387008609352,0.8366406301068983
0.25,1883.619896422536,1858.175124838592,1411.4780236982383,1084.2299891602893,820.5938835822006,1026.2724538857494,585.9365456413817,854.5202456941263,221.2281529381817,474.2622703562935,0.7023520808996986
0.25,2140.5363577471703,2077.868097537993,1434.5746312943998,1183.9015904576945,874.3354858099551,1214.858200922468,790.5261257711769,963.4301208061336,702.9415693342561,762.5896724249178,0.755610973873429
0.275,0.0,67.0485892598348,0.0,0.0,0.0,39.78893554560903,0.0,25.397192901452573,0.0,28.952799907655987,0.7349682530279553
0.275,0.0,195.6931336507514,39.46752275309275,47.48436331231469,0.0,83.66292583598295,0.0,55.09008384285862,8.839080616578054,37.41192260970251,0.7725901930008846
0.275,70.20099135700838,237.54880913735155,48.6915966988004,48.21886275026842,0.0,37.34598193403127,0.0,60.27357843783549,0.0,0.0,0.7802447031227839
0.275,67.43507565158667,343.3058396808048,116.7453088355532,0.0,0.0,188.71159510404487,50.109858586949706,175.1179632533298,0.0,17.058675263642463,0.7744336608163489
0.275,144.8435312080281,326.27279907729724,109.45732689633596,115.75487173146765,83.06761520626046,226.7116140647396,45.28234619547047,219.81430305483357,35.985970486466606,0.0,0.8173128926325012
0.275,186.36074632939452,539.1609178288346,258.01324017673073,177.04270901292486,33.09509805504759,301.0689988114529,81.29184279540833,131.095145693781,8.032790790060139,188.93123938221385,0.7840962965634557
0.275,233.0079404876554,637.0499413035452,314.37029712153213,310.5618463854784,57.81920662918049,206.34878533527876,191.46120518525024,191.80742797943708,183.498080918956,212.23457283645288,0.80167380927598
0.275,73.96841245113889,464.3773015834916,264.1213556791888,158.40064910268285,0.0,279.27585969356835,89.84455951382236,191.59622932465743,0.0,34.99968784273401,0.7916037598162216
0.275,333.08903216140544,645.1448877798979,229.0704136219081,246.2793762479279,34.41792525203962,128.11116621592515,48.18509535285538,163.6763556430328,0.0,130.4056945660612,0.766825166377979
0.275,672.9714632936024,782.8185876961227,466.32419095016354,468.4285419923574,96.37927773247962,260.5186590236021,0.0,409.08584260249006,222.6403402641124,161.61416004048988,0.8298172285604452
0.275,508.2683855224275,857.6208158815119,779.6950858014154,503.4527505174777,21.45146502204897,390.94200540183255,241.6573202483892,540.2266905552762,87.11921508954616,190.43647519574165,0.8419934897076728
0.275,580.9929517953441,1078.0595474255183,606.9591172387113,530.4516654859327,122.411922804446,522.5690795477674,308.34821463998696,277.2815524131012,5.100496783518583,174.80793521695512,0.7573560230931569
0.275,763.0849813338946,946.9549413064672,215.41869305097669,432.3162329650037,114.85710636356428,411.6123768823009,191.75714324217367,481.6111284000097,0.0,267.6712822120832,0.8159663184531726
0.275,717.5286654669961,1166.700567887149,471.0573083385364,551.303796705942,0.0,203.7427074782828,75.03567743445697,577.3578513706839,182.8994637464892,202.1794641983984,0.8465959102028908
0.275,1176.4857157186912,1499.708496406055,504.04671393903584,583.7222595280539,292.70874195114413,637.9694395035552,245.24245947258007,799.015755055826,206.2522988651885,527.2147803869063,0.8661823154686811
0.275,946.1122654927474,1661.9759707992066,906.0430355382504,911.4254694127352,316.3675021780426,721.8441873892198,368.9957445063369,717.0598017230116,218.8856442290428,223.67002989525128,0.8753687785904483
0.275,1248.669454042894,1386.7164522137189,1042.535927362476,834.5284595304183,377.286818530219,729.5877550385692,0.0,272.34611403837,302.9538195151593,3.747882303280428,0.8164756490907241
0.275,1422.839407088033,1664.0320456105774,908.2512981966108,897.0788871478825,371.97556785765664,772.2107636620964,268.13786516947675,699.9186921703258,277.9958749183549,661.1438538247398,0.8361569321063043
0.275,1935.3886182318397,1797.8051107430244,1025.4935661279735,1258.8181741889027,658.1314172660855,687.9175374440762,465.9400227842868,609.1970769736719,338.9944153590398,462.3940560964308,0.7819711433974208
0.275,1990.5870517886144,2577.7917665091886,1167.0232066144752,1157.4211169397993,567.261913088555,1299.2365952119378,685.4414783153372,795.4961984327784,576.1253804805638,1025.2077283423366,0.8320106428086772
0.275,1955.1156351258992,2585.270435451338,1834.3814026778853,1433.232178737711,651.1859246873511,1240.057406820889,631.7126613892844,1208.9001855439824,503.1891236220443,637.944105644666,0.8289673586522995
0.275,2405.131487065028,2421.393363245319,1456.2510119450526,1092.7980793155505,668.3631110099572,857.8139685103462,717.1487395508298,735.8498971581646,633.4000772223319,872.4496570726084,0.8365105221819555
0.275,2714.088074176569,3316.9337239227825,1616.9945016597014,1581.9353929510564,560.9457393383204,1042.3671589228848,697.7617733232765,1211.6770009792683,656.7169631277901,824.3166047593613,0.773445122916722
0.30000000000000004,0.0,148.17569903532512,12.828440869789826,27.5306989452793,0.0,48.286827993029085,0.0,8.792526888282893,0.0,4.900752691829824,0.7407217240849905
0.30000000000000004,0.0,182.07789768193072,107.18331647383332,48.528631701165175,0.0,89.22390159229971,7.642304204907879,73.55717797223855,0.0,0.0,0.867026873689901
0.30000000000000004,0.0,266.5171849831587,0.0,124.04509790109924,0.0,59.10119700722654,2.47191318281176,128.09004674570025,0.0,0.0,0.8479892845776956
0.30000000000000004,0.0,303.0133966281789,109.90914134624126,242.2071818556057,0.0,76.32579260155636,0.0,145.78226386897276,0.0,5.851644099452666,0.8758760872989872
0.30000000000000004,69.71154622232058,347.96695529615965,15.36017120152825,186.3897697723912,0.0,115.201284011462,0.0,287.4124342132118,0.0,25.69874797178768,0.797632544766235
0.30000000000000004,244.5033306930903,349.2441474223584,151.76068801640096,337.5702483441739,0.0,354.4325470126627,82.36584349608074,198.78055930353364,25.61772297712752,0.0,0.7840962965634557
0.30000000000000004,178.18058243554563,597.3099070282497,125.53631944322537,203.4903242587766,10.798823177911853,157.2578625283414,199.10330234274988,195.72867009965245,6.411801261885244,0.0,0.8105519957228438
0.30000000000000004,303.2077381562167,540.2610607147135,199.56582038645544,449.4825015333978,76.81262699957492,246.6089603670562,130.47120853994775,181.92464289373007,216.8394733480824,7.35049062196887,0.77806321886658
0.30000000000000004,449.8268539620541,721.2003579080471,502.7019206334797,324.63735787235544,182.73000982036768,370.90304120985263,332.8018902260314,301.3101225761383,0.0,38.48993823875831,0.6703456165782044
0.30000000000000004,334.12442319474184,738.0473970939477,373.7733040682836,429.5295427967016,120.18567014792316,295.71456984849823,209.80866128915795,259.3697623810852,128.03284448747834,0.0,0.7814791732500574
0.30000000000000004,150.12226768777646,611.7699347970082,309.7898818759319,387.0204126517245,0.0,394.39636222019885,51.19776759294109,181.36158350719825,0.0,120.61846941387827,0.804430205528871
0.30000000000000004,280.0728450088084,1154.7189390562498,379.1683865152473,754.6148747579523,27.914237044067203,422.43545393355146,354.0455731755866,357.3022341640612,42.33659285016875,0.0,0.8523502692667881
0.30000000000000004,694.7061116329685,1188.919838956278,534.3122041852413,523.7863540089842,255.12655903404095,349.35797965958074,364.8961394435792,360.38506079661215,119.79419962502136,386.4490707568677,0.8192687141174579
0.30000000000000004,752.9027020507119,962.9310774685596,368.9687676259487,328.2015891050396,370.00084809483246,572.2886199960517,215.70481799670847,281.7579680052698,0.0,125.91381720382029,0.7077329333746215
0.30000000000000004,775.0274548574521,1375.5490853545773,441.52743496882727,898.0125120256827,154.5623015762895,643.1786097852051,0.0,435.433580784816,0.0,467.010825192875,0.7396000724320938
0.30000000000000004,1098.6229598133807,1459.0085518242354,752.2103148271796,611.3164323285903,420.9350291176863,464.01828244370125,686.4210225861027,557.171262608058,262.57496283828016,503.60829901355294,0.8241658209092182
0.30000000000000004,1209.7259640851355,1437.12265869841,581.9399281501005,459.0723592864764,345.37401197983894,663.8516407258498,68.4635209588352,534.2599760537688,188.27468263679725,644.2906347376113,0.8088869096929134
0.30000000000000004,1543.9214676767904,1893.756515954725,1180.5319249083818,1016.587086785512,190.40837498522285,792.6152016334022,427.28930250921184,636.4157889336601,107.79050380519402,344.02597921058924,0.7500953902929088
0.30000000000000004,1588.9836999651095,1850.618085045572,677.3727927868506,848.5994845934357,707.5086905448096,1045.8526335546214,412.9987806374832,717.0973852859785,256.8400377098776,391.7666708534668,0.8399572348441947
0.30000000000000004,1757.4335323801329,1872.874902724156,1365.219684068451,1147.960459135289,663.2501091193891,529.1660330055233,658.2309191044316,570.0365802701779,424.48006983640926,518.4106258306145,0.7962337857581046
0.30000000000000004,2147.3003628895526,2253.247774818085,1328.8193003149038,1183.3281360468488,911.7446294131456,959.495575634456,756.5540541938867,1151.991577589114,357.38598812512026,319.3344528550134,0.8213576247342389
0.30000000000000004,1937.9819643268015,2621.144164069232,1281.518057447869,1366.3243994848604,687.8736631889296,957.9975674549016,753.0489075321728,742.0554928236741,365.9236610114627,343.9368315944648,0.7957711616736298
0.30000000000000004,2268.643478538492,2871.8760240356114,1628.727872842223,1638.5100222286628,600.7870081505097,1673.5627241967386,466.28245408696273,1274.9401366993177,391.2859754575913,481.7708572821591,0.8035843122847343
0.30000000000000004,2829.2491568700284,2577.146394036324,1541.9710082910808,1582.5491927197936,710.5499103155428,1401.2424112298004,1352.0305705396595,951.4289200093904,408.371941165555,965.2427700276754,0.7433503506397324
0.30000000000000004,3668.272755859229,3333.212154750051,1989.307885820341,1985.646021327344,675.6139989578515,1583.7563932209798,801.9483239662303,1502.279908251808,518.1538257590029,606.9540397141676,0.7786844305942255
0.30000000000000004,3692.237007708635,3828.281813712844,2226.1877346143274,2116.7810724431106,1079.7961875159235,1813.296505202952,973.243612183956,1754.31204385847,1129.267026062909,1040.7903340461858,0.8174794864497246
0.30000000000000004,4023.209863062991,4279.653737639205,2042.6740932589985,2467.7791314988,1507.1009244325203,1909.520542998272,1026.7618208993806,1419.318213519893,1154.983758187488,1073.1189828420042,0.8171196267616777
0.325,0.0,175.07994742482586,0.0,40.60969899655259,0.0,36.34331038601976,0.0,27.65251877197159,0.0,0.0,0.6904838691894314
0.325,11.908682007843217,228.9714767871672,59.90427919096891,48.89777006250778,0.0,7.758686762685669,0.0,34.64343856827119,0.0,0.0,0.7902560967884147
0.325,0.0,182.0736696577252,0.0,110.091056072113,0.0,82.87074001032674,0.0,70.36955781898794,0.0,0.0,0.7698843571903901
0.325,60.08284668127819,188.90046996593867,25.47512699286193,105.9861415457748,0.0,186.2568247119624,0.0,62.48616054852932,15.140877363682163,28.599435020288418,0.8540364758011214
0.325,41.59063983556782,455.1372855764622,234.20544701731112,263.40738562526303,0.0,111.79328012539152,0.0,215.32742609903923,0.0,10.323917689679975,0.911080856110562
0.325,82.48325883009933,468.2710993425324,109.11171246816296,314.99512230392264,131.5185819928749,161.3944080258242,108.78697522867428,262.38768950677274,118.20435517384314,12.340015100566086,0.8393893428768292
0.325,307.69182043588586,363.70106662958256,462.7943483568925,262.4535831255924,49.18760723420807,333.1832081266068,142.1773172609227,152.58929251487916,0.0,36.98046383301783,0.853862127489083
0.325,347.0669376483073,637.2997697865205,121.2460917548672,415.6467582971541,0.0,238.32434910566076,190.20480644044787,290.61172617494725,0.0,121.6249857916012,0.7881536447098433
0.325,336.6689345692533,716.8446034367072,267.5460856842617,348.05387438560484,8.538704862263659,302.5141151201984,227.29219133359007,221.19311643197324,0.0,14.637779763880614,0.8422857745123126
0.325,541.4153240857778,803.4586503411896,208.3667094256741,383.34402728009417,0.0,326.28620624060926,0.0,356.2943936021161,0.0,116.65154523628004,0.8507270960130764
0.325,671.9724402114645,811.0793445573306,414.148894371732,306.76017668453244,190.76223690426596,411.8833096103985,329.86914125013215,439.5234436986653,47.12416303573325,206.16821328133275,0.7855066817485893
0.325,788.1759085214014,1059.6425338223646,267.5815930962983,473.9739289691238,226.78875494731628,624.0332978743072,160.74320746801212,602.6656207486501,328.2852212941882,169.97015895409146,0.7770964449164884
0.325,708.8172222496602,726.5503193037973,170.74439163555067,477.7803006300427,199.6240068380029,476.26032088254505,108.93188190398632,242.6900996837649,0.0,89.17214518651909,0.7981384129485255
0.325,1068.9476436192338,1477.24156316658,759.2834293336621,940.012721656914,250.15578876450095,576.3501212503702,401.1308683272175,608.3083497709455,99.18070920178464,283.216025165096,0.786338007417429
0.325,1091.6786842854897,1351.8284469171786,788.1706278818523,725.8059587578174,150.26915512743682,511.9842360468399,0.0,581.4762959279076,118.19589672079024,106.9108613554887,0.8731201779845464
0.325,967.2411122670568,1888.605175730933,1147.5634013128915,902.2486264625512,518.6655239692913,936.0192318315588,493.8154558675684,707.2711690490336,151.64913354384697,389.3177335936573,0.8598952948851466
0.325,1206.026706479665,1894.995182718461,652.4624394438696,941.8557493091056,321.916869918898,862.8699606073553,398.9114202500158,467.94101709860433,390.9464667674865,259.5247343057509,0.7899872613901785
0.325,1057.6126032916038,2025.2304665933543,1177.6055899447408,1272.483765437919,468.8098083192333,408.1156813493324,593.6862304756957,618.8010416356547,66.97282975989063,661.3566938789185,0.9136288311130605
0.325,1734.2664061837747,2408.951023499485,1006.8256128444792,1333.7652952441626,598.1510098448751,1009.7977917753856,482.2360315395329,1039.5195810844475,72.07533907447583,549.1100574849227,0.8563762312848724
0.325,2108.0231993221723,2362.92511437374,1327.6792998698254,1121.255663140948,103.21181836443871,1168.9520337487563,395.6453037303484,1065.740215384318,255.6838227664506,406.592011738698,1.0
0.325,2317.7918654841,2796.21216048496,1742.5185962771309,1486.1921904040694,718.0479122176964,1372.640427541736,677.135880009944,1035.324896685981,366.53841100414974,712.2033361880176,0.8517081958335102
0.325,2678.7382083512944,3131.643716329271,1643.6512512831812,1782.600902274483,752.7905142313552,1410.60278601296,399.260389557284,1070.2640839013543,305.1615752783649,714.0956747147904,0.8584751997628941
0.35000000000000003,20.787100129886444,229.70795497066428,0.0,169.02642024806653,0.0,131.4416634475647,89.2375510626438,173.22583441572036,0.0,88.18769752073037,0.8523549816245227
0.35000000000000003,0.0,281.5056767851595,150.65504812874116,0.0,10.373743533121456,134.3871321336188,0.0,117.17614854457646,0.0,0.0,0.7463067162827757
0.35000000000000003,100.85106684887003,171.3412104317189,125.93182954688751,85.53860120165946,0.0,200.11808552733893,125.13980546168686,98.21098656486822,0.0,86.85864134366035,0.6192042971891081
0.35000000000000003,22.484138621745927,250.13604216692408,93.02812354747404,143.0553319808589,0.0,95.27653740964855,0.0,116.35541736753548,0.0,48.90300150229752,0.5540864987958815
0.35000000000000003,69.833379150835,514.8254498832863,38.83111665786348,124.0090499718865,122.1301249723124,189.1451166237864,198.8528957882523,201.67128328761336,0.0,119.62489163954716,0.7302500020489329
0.35000000000000003,0.0,444.1482936213373,166.55561010800147,187.04459389112876,110.37613844458822,182.41804916590635,21.810853704619245,267.0177241413993,0.0,133.17839459032666,0.6804298684094228
0.35000000000000003,190.05290070609075,545.4900440741545,162.95212144635568,110.14034647866684,0.0,171.98571453293397,73.65852824440805,116.39437246168268,56.63367973508747,3.821904767398535,0.8338688810904584
0.35000000000000003,213.6146705039728,653.7791559195985,188.48353279762316,216.94085049451917,0.0,232.46302378373505,71.69765757399776,347.7705967893398,41.02288655007092,172.2222083993968,0.7947853517880402
0.35000000000000003,279.3941999777714,795.410173251324,322.5590342440002,392.4075842384431,240.938256722404,358.2681244096984,56.50669213033569,209.54564998332853,142.83636066279328,382.20498704824354,0.872504444314464
0.35000000000000003,506.9782550010903,826.777452278268,440.66818522445766,384.8502150960264,0.0,387.3683190115945,151.92560290595586,356.73138803884666,193.89400149876136,99.04542067902102,0.8146116015808736
0.35000000000000003,484.6208831745485,938.450936755134,516.3042005828294,468.55610251682873,69.61404951678601,321.2956131543968,142.7980502908429,339.14536944075223,215.9820510649001,224.01444139376,0.8459107878036762
0.35000000000000003,556.8824182841634,939.3197416841308,499.852291110484,606.7238739653621,314.3845666044846,426.52784188718175,250.64501270448997,489.7881510210111,197.4488436601337,0.0,0.8494062754673287
0.35000000000000003,789.0824298830047,1040.0588468245446,694.2458297443434,590.5019246202831,105.839741591213,367.8192999853048,0.0,508.76430240132646,0.0,206.43989201454437,0.794213019500791
0.35000000000000003,731.8806025305937,1295.67115704023,648.6622508874312,747.8629349653731,101.95625863566248,371.45145038073787,136.12538315139795,484.43000724728296,132.26757877058935,229.8149181138988,0.9166130334041646
0.35000000000000003,1270.462189628331,1464.826244865303,733.6471799262192,796.5841120981911,136.9803817860561,407.2389728774639,383.1748517528866,751.5410135829563,178.3213078205866,123.40574935680732,0.8443615931248561
0.35000000000000003,1458.3139719129892,1567.7042974637563,1293.2218241492544,1121.418613468295,508.0274628339313,727.4792202271882,205.35852526708447,854.989415654463,201.3318875167496,393.9393932411066,0.5672028010280062
0.35000000000000003,1525.877079996524,2143.6992498632894,1157.3389716922788,1273.719426946251,563.9423294714082,836.9335208078859,439.65949762611694,876.4454037644816,107.041282918777,775.1513038212097,0.5053471891170971
0.35000000000000003,2002.526397212308,2205.245582149504,1413.6387269004513,1288.769875342178,359.96144245502205,913.3925252873686,338.3791718153206,414.6879144342654,0.0,322.1924688355445,0.582362436670972
0.35000000000000003,2769.848940182853,2707.2385375235144,2000.0055384701404,1373.019675219581,986.7752193774634,1398.59293827762,538.8021975331815,1399.474774934794,1006.1756258352868,1085.5409249809272,0.6153543183338227
0.35000000000000003,3758.370035481225,3111.421937500863,2219.733943217079,1901.0029154730885,1465.5935650728147,1296.7420087084386,1324.2515319363426,1218.0078560216791,1010.2635254385424,1100.380929116159,0.6006659417228113
0.35000000000000003,3550.914022510198,3751.1911811402138,2732.781829506579,2279.154065209591,1145.585347363696,1579.1853957976818,1176.6283069513486,1370.897150822465,590.8176179585498,1105.529915637693,0.6004280235961192
0.35000000000000003,4355.560352290538,4238.52244227168,2799.06553026406,3131.5844521867925,1838.6983807635345,2452.327049180157,1378.2034263902751,2545.3010898493426,948.3352148256898,1355.233369283771,0.5690224900158267
0.375,0.0,168.7930764777742,41.84952309366307,188.32285392148376,0.0,113.69120440445124,0.0,96.02140576490464,0.0,122.29360637370424,0.45973694591830416
0.375,66.71640835384565,281.0494367662001,103.75189488098044,184.3894435606285,41.76342097740727,88.51743943010219,0.0,117.4103721817677,34.40885627698338,78.79890750454213,0.5843958185975948
0.375,104.97922432120708,273.5134385017396,139.59399558387537,162.29220624792018,27.80530806345485,303.87229526489944,0.0,150.09191801599613,47.66624239449406,143.5661824500833,0.5565096326650063
0.375,134.18017580052663,330.5568095603562,167.6462902354816,221.0026424949852,0.0,228.89559401266308,61.24930377718156,244.36577898731213,0.0,95.6625723942579,0.45284481909635943
0.375,184.2102266846655,317.0831770801618,92.94395772614274,209.37555819896417,0.0,176.15732060008983,0.0,157.031668649223,0.0,0.0,0.5545697635220345
0.375,235.0337449260371,706.9288688755144,125.74122590133248,219.68161850785123,0.0,312.8909574754085,0.0,178.0115610870608,0.0,126.1067527208131,0.47333689335885143
0.375,246.6747127364899,629.7594048664304,229.24454870288235,242.12771342337493,0.0,204.2360524807496,120.49548179754808,243.64337986108,0.0,90.9399862623004,0.6010148331222689
0.375,505.0335856938644,853.9276211440423,340.05594770053534,569.0045065484206,325.7466627725425,428.4368251969616,0.0,496.6163592656333,105.21533035288851,208.74721542013063,0.45973694591830416
0.375,398.6138660523993,774.8139425031752,443.001959185026,512.8802444136163,69.87828522859031,301.9269305159848,105.91614301943576,235.564533852355,0.0,141.51451473966108,0.5700746016935583
0.375,600.8280664968771,871.3902320881363,759.0903489968431,530.6998694609641,264.4022563921588,350.6409851795654,160.1576391766123,166.31754837571282,138.83487656434158,168.68674422152077,0.5375525654655853
0.375,679.4099012773722,1064.9930622451072,617.0361546502388,633.5316909483238,209.28711678195236,559.3017776069414,170.62570358331567,403.62515379376526,0.0,197.43095006770375,0.5236081754723285
0.375,797.5050633652626,1057.170534508764,761.0321355526534,563.4250788962776,400.1134618248928,313.5583047770588,264.02044759873866,340.23253556538504,382.1491839470406,70.76836739760007,0.6013944016440795
0.375,1022.4685597744134,1488.7851457062125,828.0222267306088,780.7404436196533,532.5110822871368,382.9824431987397,128.25183668846685,592.7953557536051,154.84783968837957,171.98748606610087,0.5569846167761031
0.375,1278.3398081654552,1910.2643165883,849.9164126245437,847.3962750037149,256.4240029193397,839.8358621412281,527.9688315636527,694.927948943567,235.63286754750135,405.7421569534516,0.6178536516632939
0.375,1643.1279678186615,1709.289617000235,1081.7770680616013,1181.3605812627325,133.68745607823064,695.7204346928329,460.40322884084526,562.0329786146024,353.31684820675247,589.3161329162822,0.6236118095029126
0.375,1973.9804693562835,1882.3233920702048,1404.663338896412,1400.1922619556274,584.965899752617,660.9742077459505,608.0664639466693,848.7594392588926,293.6007191115048,503.7413353283685,0.6901408819186805
0.375,2527.0123871222813,2561.9967826941606,1451.4456209356565,1124.382201868317,597.989087100733,847.761399672059,796.5051922062823,1077.193947376014,452.35637065035047,464.5602295707736,0.7005711035186568
0.4,0.0,157.29787242703057,188.7574469124368,178.50395596904517,0.0,121.41065412515988,0.0,122.34278966546825,0.0,18.64271080616661,0.9743644205180163
0.4,16.790012320671778,256.913839319486,140.98280186722832,74.35576884868944,0.0,91.41228930143532,53.30162641483105,38.37717101867842,19.72160177348757,0.0,0.7248558477265435
0.4,125.30433001769192,373.5148210575217,184.65901265765123,278.4873746086981,0.0,44.06635529330298,32.07551031553355,65.64987625328834,0.0,16.1876407199889,0.8291139271257634
0.4,251.60306965134544,433.9665348637548,138.15414031243128,312.71595995425633,0.0,184.6389451704963,7.476577005143248,195.6912763954909,0.0,31.206582282337497,0.8373113939085657
0.4,309.10928606927723,565.7550694570716,184.68570876386863,172.27879934595043,0.0,133.2856554610644,108.82631975145424,125.13254355786113,0.0,0.0,0.9038360119441948
0.4,214.03002918972348,767.065664054079,211.41078058075843,335.63800032024835,0.0,336.0121786929574,0.0,117.4920090307223,33.67605354383764,211.41078058075843,0.8914680187822625
0.4,444.1436627364239,759.1992491098545,247.28434628285908,534.5053161905194,0.0,324.737192100655,65.7542388973997,167.81449927189132,0.0,0.0,0.8359040809206278
0.4,480.2858734904535,911.0079993056364,464.9342702282016,275.8902414844706,3.9475551245790457,384.2286987923627,29.387354816310733,321.50643403516204,0.0,199.1322251732109,0.8708120897313306
0.4,418.4794346649936,749.146791236349,359.0233401224262,498.51648501075744,0.0,250.6303062255916,135.83430830109629,296.8231181394326,0.0,30.185401844688062,0.8537678237425901
0.4,596.1838722710376,830.0487629563047,505.4815561771709,631.4842331291912,112.7650416302127,447.6281869929747,29.90725017149113,304.9558951912708,116.68730394778544,342.2173872082108,0.8770497712764139
0.4,926.9984601195084,1329.373900526202,485.70114468709903,628.2319546404239,229.69388219401185,602.4667697642458,340.9775530421845,459.93595981092113,128.82592438088977,278.48327483188075,0.8785762174611224
0.4,842.7889037558958,1614.6616341081312,474.7281029501222,574.3623961618762,441.32131052029865,676.9271097622111,278.9760209929112,685.7183709279543,78.53526641397086,230.3310425424668,0.8372462050235656
0.4,1110.9733053717507,1704.758468014886,969.1738635465248,922.9624383088392,212.6991627378394,990.0639598868478,521.619375285654,832.4386875007706,76.59701991451958,414.63676069430016,0.8939331446856179
0.4,1318.7672669016413,2103.6672307835825,758.5110857859106,1042.6990037431651,368.7676554445328,1029.842883645099,363.354552245347,871.5096150689144,292.9842106559317,338.995587849011,0.8182358075795448
0.4,1674.6610779918103,2147.7618749709222,954.1589468126124,1250.7511895671018,934.6272625336584,355.18729559135136,774.0334140178129,1036.6260582126413,312.50694846326667,434.760824135239,0.8137164261077712
0.4,2183.1380454823143,2065.0045520991484,1413.7159504209076,1285.47893457734,628.7499746511897,1084.1856794047092,800.509856478029,394.8145699911056,345.0741517245097,581.3411384908406,0.7949590313398263
0.4,2311.72204045854,3000.977798817158,1032.630445250002,1681.784050395028,105.26815218567968,1460.3867461949867,457.8329158551789,999.2119842386752,385.14776315554286,1000.0474457639584,0.7857342037393725
0.42500000000000004,44.86706735639423,175.14098881759978,74.24702516844933,59.89867367884104,0.0,42.134048025040194,20.95314820704701,0.0,122.9858699109284,0.0,0.8050210241815935
0.42500000000000004,118.19647360639804,269.69541783630774,175.79336952083227,125.02075037351118,0.0,108.09654399107067,8.46210319122017,102.3641515066958,3.8215949895833328,68.51573874181504,0.7768435192056238
0.42500000000000004,64.62548024365375,382.4892676864212,228.0899302717191,122.23280878663924,0.0,87.14205028329773,0.0,47.08010099198302,0.0,63.16336530601458,0.7826324058125824
0.42500000000000004,122.0570057493832,351.11411627644094,204.3894217010669,200.2247469642113,0.0,93.22464218653674,102.5150704456761,29.79344234827469,0.0,53.50005238883729,0.8461608306977746
0.42500000000000004,246.98507853069776,500.7125658143887,214.69248924004623,294.8916670388073,112.49176708941262,270.76094097546314,116.0404032751985,249.8239874793265,90.13535911896156,53.93927002394548,0.7824619773550663
0.42500000000000004,289.0755903933347,494.6910365786201,581.1860951215078,356.6024343434839,117.9822947668334,262.8994542553555,150.22825957448893,305.0088906512351,0.0,299.3184262734136,0.9110407803032047
0.42500000000000004,346.03461075054247,857.2312592283522,292.05482281041134,456.41119206096016,109.16807859533994,204.63979308646745,0.0,299.7086733392359,0.0,242.50621149223124,0.7947839548334689
0.42500000000000004,319.37919345819967,682.1361202489377,73.5720379071485,486.5110483570979,51.03262745004521,373.81399607158113,6.804350326672624,312.1495712361099,0.0,219.8655699306116,0.852644416160131
0.42500000000000004,371.6345037620896,896.2144114066117,456.5534444251715,264.3444443221744,0.0,225.08084810160935,0.0,361.59032798473584,0.0,181.25171743679311,0.7565355482554537
0.42500000000000004,300.658108505578,1060.062298698699,408.3131086478979,573.1901358928923,109.59472987461383,476.2036492781895,0.0,147.41945965434786,0.0,139.66054072517173,0.8616430387169728
0.42500000000000004,917.685185994271,1234.9420645808616,576.8306883392561,666.5016407992678,148.40280436364495,649.19672014909,208.18343933698588,493.9768258323447,238.5981483585105,296.80560872729006,0.8594104259235139
0.42500000000000004,1229.1503942060515,1340.1113883782125,592.554587434839,673.7734594577611,492.4609071249,762.4278620179927,288.2697992926244,506.7600043120341,0.0,217.34627724443916,0.8319714442634475
0.42500000000000004,1522.8239096962209,1668.351839776061,836.9391084338505,1190.6272422987793,290.44181826060986,674.8320470790912,448.8646282209425,649.6563292171782,337.72304448908125,202.63382669344875,0.8606791711072438
0.42500000000000004,1302.260210867637,1775.750006694636,986.1649540672678,850.3223643679356,474.7959745741084,703.3772553181769,401.6499647360064,529.0023925791303,160.65998589440264,517.2467838551498,0.8722505059127653
0.42500000000000004,1502.485335045694,2029.8710838088,891.1973080702755,1006.1222773863004,501.29848578952993,1360.062980433197,174.15010687765658,862.2898004509076,356.76094769268946,355.3508253697935,0.8111144096326467
0.42500000000000004,1728.4480123731305,2150.204390119951,1324.7669079583166,1494.2225954458784,524.1829266281911,1037.8219438127117,495.5637438525141,987.3618057608602,0.0,875.1444838246528,0.8369905623372914
0.42500000000000004,2528.6945059541163,2621.0299235321977,1426.3392136403584,1598.860651746773,893.3856630581007,1219.7994637946504,684.4160338024434,1014.879633555576,707.904868098622,520.8041535325103,0.9003047343044643
0.42500000000000004,2824.8080193616825,3050.8278390926766,1972.616558975173,1993.723468210752,1208.3705537369092,1594.451101837712,1072.934552808609,1108.1127348679076,794.1474599886673,1288.4009179218135,0.8910419476384728
0.42500000000000004,2821.6416635906903,2993.1020553016174,1524.5065262993296,1866.495459766233,1380.0697832819724,1618.623371749349,632.7261194115187,1377.2742334171205,672.7956674743987,990.556502112584,0.8319100900187415
0.42500000000000004,3869.1702848292207,4163.083352946394,2531.146457246845,2145.7709308694325,1644.268912543626,1668.9329462317808,976.284666822778,1837.4705097675023,641.2648758920145,983.4783433151566,0.8515332226171272
0.42500000000000004,5048.070966553033,4518.98144556612,2987.406516393477,3095.452165942383,1947.0494372318408,2339.132619100037,1201.868617147114,2028.3621425624613,827.6073980911087,1394.5685900539274,0.833292264809196
0.45,53.77457522261332,9.043171809208298,55.71239775315797,13.726242924691112,171.33580874232052,54.90497169876427,0.0,0.0,152.9264947021466,9.850597863601816,0.8511489064454287
0.45,0.0,141.58875129998574,0.0,182.81079281770312,5.73524055898677,200.91264583200504,0.0,7.348276966201793,77.06729501138474,38.35442123822399,0.930240492867139
0.45,284.6575118425909,224.94674467499925,100.09695877912618,71.21866047625461,159.37346582186248,81.20664334792436,36.0435903629825,0.0,235.1518576090968,136.14054914210868,0.7871852803205086
0.45,187.54228527222372,21.222497226377158,3.6908690828481943,0.0,0.0,124.79751086380442,0.0,0.0,242.21328356191276,135.17808015931504,0.8766407429783756
0.45,264.9858667068021,321.0816651023951,193.66406588954789,146.65044437705072,106.58201695162704,142.64360163450826,31.253373391830536,0.0,146.91756722655362,122.34226507229369,0.8629169914369046
0.45,78.26925573760099,280.6994531308927,76.01690305450464,181.31439098926268,127.82101476572254,132.04417604652826,0.0,0.0,54.33800847970153,212.8473285526128,0.8997764060861648
0.45,396.1643396993607,79.2328679398722,111.4212205404452,194.0586257746088,184.77352406290493,176.1074291319814,0.0,0.0,224.69946142323127,0.0,0.9268319237168208
0.45,303.6872114796333,313.6988777921485,79.42588607928877,185.88327120236897,205.2391594065653,125.8132733272765,0.0,0.0,191.22282656904383,195.8949375148842,0.8323165618899174
0.45,423.5964027217218,747.9985047193629,22.04317793868464,303.461082955891,457.0285559287267,459.2328737225951,0.0,0.0,0.0,330.64766908026854,0.7962666824138577
0.45,431.385200612853,409.33484184546734,321.5343223898774,232.1301404784776,103.03531278578384,97.42249419044906,234.53563416219228,0.0,189.232169785564,339.9764406316908,0.8382227600851322
0.45,585.1468810012173,649.4243792930176,141.85378933362853,308.9752848923094,448.6126087675999,284.15087175892427,0.0,31.47380950839885,139.1940307836231,446.3961433092619,0.8352138456676882
0.45,1199.134433676943,888.1394057558496,583.4812671184151,819.8959827010644,815.0214524828652,392.3996825650157,68.24342305478551,0.0,602.9793879912111,455.76857540160216,0.8194193883673982
0.45,1223.5295554596196,1100.2281273900455,741.389355956798,736.1200641589529,827.8057414414568,814.6325119468439,128.0437906876345,0.0,992.7345747140068,620.7225737861464,0.8533218692787569
0.45,1372.4144870383466,679.1719957543868,619.6429762061937,599.0784058168177,379.9033792984698,514.6554326393798,270.5864524917877,97.95229580202724,707.8541597185166,168.3047734498917,0.8158148264909361
0.45,1100.8334066629382,938.82396190877,742.3949281592106,978.5845216103422,576.8248362675882,815.9816356665982,350.1303018496676,211.2650634889521,776.8145171546018,491.9627461582618,0.726130259292322
0.45,1647.8925827217242,1495.8963414253317,778.9807366440126,1012.0416399651482,561.7527751245849,561.7527751245844,343.8914959330886,0.0,917.0439891549028,604.1850591531609,0.7758196920968995
0.45,1407.2083395681627,1215.2253922466891,1067.905144475697,879.9218418900875,752.5998177984159,635.2769055464038,0.0,227.97974994425,800.5955546287846,360.63463368374016,0.8019852126575849
0.45,1833.950405445512,1848.0520071061608,1306.9958170738753,1237.972187892802,1673.6374602507603,416.3683437697011,480.93883558425415,107.61748635758798,1123.674995485433,561.0953081816295,0.8691078051561709
0.45,2518.445339221988,1951.1290898141729,1722.321983699418,1295.2676246838662,1198.1029631830804,1082.915824145858,759.2948144698529,1056.2739008311264,945.0046916931296,741.2723369334167,0.7500379633126585
0.45,2796.362344358471,1768.8657346262655,1463.093676202218,1716.764909028872,1297.3959685646057,909.6291682167902,467.1992065864642,289.54393241830223,1254.6903738126437,1413.555186289942,0.7778348447335088
0.45,3473.4321941760563,2625.7210847474644,1640.3637145493922,1759.9735687352852,1889.076268491488,2144.433814332798,700.5720030888028,816.3847190465726,2046.6575049586163,617.0349620700839,0.7778092804648814
0.45,5030.599071804042,3754.4704395011154,2327.249916320755,2421.8182221217385,1309.825384944657,2657.6954906138462,778.2862868218874,977.2058266101632,1762.014065556256,1520.7018369606428,0.8031025678448216
0.45,6317.915489680196,4696.359048889513,3873.648383732351,3236.832647496196,3974.132129095058,2366.392203291747,1490.9275718191636,734.787387964794,2792.1920742662187,1806.1953228946568,0.729228648649962
0.45,8516.841232815887,6991.284309899773,4575.210905664208,3861.337857524515,4465.721174354439,2934.3247991018043,2970.8213762050614,1294.8985556235332,4115.354034163179,2997.0989117194054,0.7190216883293316
0.45,10856.12878301505,8791.06811169045,6115.308595582513,5492.961543950441,4860.630315019461,4617.682000745979,3171.6403219538147,2169.894532963156,3324.7310405371054,3348.027454234561,0.7524188488641564
0.45,12612.089158562278,11427.9409636951,7939.258204971024,7902.822875898189,6153.927080402048,6853.485398600503,3412.168567671117,3497.791590992282,5308.627445912246,4885.977628667344,0.9187355494140683
0.45,13018.533985606206,12588.017174889435,7839.453548992092,8097.027709249988,7202.877410069008,6328.965080622576,4157.982872734599,4827.675689405128,4652.893223515843,5208.51748350073,0.7704084246972513
0.45,14056.842998059374,12470.903089087353,9571.727572564096,7018.751133731078,6484.946969247811,6278.0011518575575,4657.247927810536,4842.918941543847,6074.923480586751,5390.261617445168,0.7883502805622419
0.45,16789.748912807576,13425.213395785568,9681.029656923429,8057.839810484485,8214.73524910209,7368.274672856484,6322.305082072441,4447.30774155586,6990.563431740025,4964.481594776858,0.7915159891606007
0.47500000000000003,66.47009263687383,106.609037465904,0.0,47.6850664568878,45.27672976714603,0.0,0.0,0.0,162.16133710928165,0.0,0.768295111824054
0.47500000000000003,0.0,65.03282200317472,87.23069191359171,0.0,112.89697899751144,57.055462504118594,0.0,0.0,97.46252257542464,69.88860604607845,0.7754786713083507
0.47500000000000003,0.0,122.89836003380611,0.0,92.9280561957748,130.34065024861928,97.3532017289069,0.0,0.0,0.0,19.51086894153709,0.7255601761019314
0.47500000000000003,212.6209644193914,221.60153026815556,39.32031533783266,175.24239304885907,264.3198975487639,222.57240225180573,52.42708711711017,1.94174396730045,0.0,85.43673456121654,0.717434999389859
0.47500000000000003,222.95531357385835,188.4471151005163,37.743342080217936,138.57198449451425,238.05265040594563,225.11207597844216,0.0,0.0,0.0,149.8949871185795,0.6477553245344658
0.47500000000000003,82.41646528230966,144.8531814052714,0.0,0.0,29.13713419071553,89.35387818486079,0.0,0.0,156.78553159765983,0.0,0.6307757807813782
0.47500000000000003,370.8886235560404,323.2117888084359,41.485038027136376,208.97313931579916,246.7430993106548,116.0961885087772,30.64939376631728,0.0,279.2500320931124,108.35644260819204,0.6686732873388289
0.47500000000000003,369.8806202669239,444.4560108517943,358.228215488038,293.97352627875244,467.0949687079156,346.9087365599772,27.29991976767576,0.0,221.72861664965927,254.68827588136529,0.505916240766824
0.47500000000000003,567.5683465508816,306.03460331374674,133.86734137800363,359.6544920945818,389.5649062444357,143.3511312303961,12.766640185913223,48.51323270647004,313.6945874252946,179.09772375095295,0.6571459325435947
0.47500000000000003,668.2940819362194,466.34359354508496,253.32732496813523,166.3819092224413,669.87490767705,399.158499559776,344.6200115011136,0.0,151.36406468454902,44.26312074326234,0.6287988106741926
0.47500000000000003,629.7021921856724,311.72963777069964,532.7288869779646,409.11913742135897,278.01788789162543,408.70294297840735,0.0,122.36116622775128,245.1385268984542,150.246193905504,0.613993447100558
0.47500000000000003,569.0939300435003,695.1139474162005,213.2988986626266,446.6363159887567,138.4884289855468,423.9259948367859,33.39753110583921,0.0,422.5900935925525,431.94140230218727,0.6615174224788783
0.47500000000000003,939.9705602317316,1107.8588959083004,681.2490216663201,652.6722836788191,862.4051285513715,690.4344017337312,262.2936308138489,0.0,655.223778141989,874.6523019745863,0.6553329998267687
0.47500000000000003,1351.442107542404,851.4897767762162,616.9509260484161,832.5316710591883,959.2801492816023,791.9071588084146,522.1603974632776,16.79146506365331,574.7014333076118,669.4919618927499,0.5574616460286904
0.47500000000000003,1302.7017854654705,1000.0422717045,368.8303200014871,1035.1415689277303,638.692129799767,827.422777164022,307.83809859718485,461.46944873821,917.760312640206,861.9466760721177,0.6074360417691748
0.47500000000000003,1782.1713820060115,995.1453623013437,1190.107734963746,811.5458273094487,872.54632427744,550.2005608877619,507.1413865574154,139.94231657362667,634.5247772846909,423.415214248408,0.49595810599416723
0.47500000000000003,1291.525883363028,1418.1209947025725,1092.682046865057,1202.0141884764816,973.1199972665984,1061.9923229039548,356.1286717986173,267.2563461612604,741.0289598107673,738.4714828140086,0.6478371301940737
0.47500000000000003,1796.6377835799208,1399.0491266603776,1612.8211100041044,1137.620968685884,1179.8307233588494,1043.6702244138,326.7851974681173,246.4505030905385,974.9091724465504,881.6392306691916,0.6524151794198672
0.47500000000000003,2512.887328583597,2059.6462669526118,1194.0301410508102,1504.6117209881088,1225.979920805126,952.5492475588916,300.17932606380066,251.14012923159564,936.9458667486448,891.621760585546,0.6789738412873781
0.47500000000000003,2871.763052358636,2762.0244249012667,1779.2181878198346,1589.5962947868818,1318.4773328333831,1507.2923241938552,1045.7445675349231,330.82968571706675,1259.5735107422963,1240.2078706027598,0.6639153508761279
0.47500000000000003,3590.78909113624,2715.5717166689765,1163.81645000099,1639.105728698966,1335.9482428267438,1602.2815143133566,708.223844113921,283.46081306131555,1353.9321614801809,1371.9160801336172,0.6366928133571066
0.47500000000000003,3042.5414459158887,3263.9000002145594,1636.049232594292,1660.6446275163669,2073.300697875617,2016.8223836101129,976.5282724616268,646.767792395294,1241.61197328843,961.0422830662462,0.6403723637548756
0.47500000000000003,4158.828235921734,3385.23667418034,2404.3225738922524,2151.61599705673,2485.8075517290126,1107.7831164136758,1419.282651941544,696.2324055672547,1983.4887643049344,903.5549441139478,0.6649098009257333
0.47500000000000003,6533.602366640009,5643.373271204003,3770.738770722812,3325.6242230048088,3161.8899888306114,3403.2463784651686,1969.6621948066409,811.3940937965785,2754.3736726637208,1608.2340334443386,0.7172023645453496
0.47500000000000003,6581.639127248282,6204.641572593164,4227.3816705558265,4549.0159479539,3465.47752163744,3228.206333392958,2267.258021002813,1783.4884316376783,2250.1217685184897,2239.5763823742905,0.6435448894915344
0.5,0.0,117.86192250556196,0.0,134.28922699551174,11.164187517441656,116.74550375381769,0.0,0.0,61.56251973903509,178.945977065278,0.5771860131308403
0.5,103.97947155133384,148.61893433802706,126.20956546920512,0.0,133.02201360532706,80.31517802585778,0.0,0.0,243.4553833908816,108.99917017794986,0.5991418852414753
0.5,62.31504442903952,140.32256355006334,26.83640599498778,151.9213491919649,148.2825144807801,141.23227222785948,0.0,0.0,239.70823659929795,108.4827598271964,0.5894693601588729
0.5,124.81946149431836,95.62062318046893,0.0,79.1266229115768,222.00032794346623,164.27132700234392,0.0,0.0,108.32546122542634,18.05424353757099,0.5698473637502038
0.5,202.2643501431995,281.4911124560999,0.0,133.79353900522918,201.47732932552165,366.227020492745,0.0,0.0,229.547738489364,0.0,0.5921104331555114
0.5,191.7727496517205,348.5699437255384,98.10939742615072,136.04898313777397,334.04619607030776,238.6044257645053,4.149642187208815,0.0,415.2606217342512,333.7497930569356,0.6374798519739147
0.5,306.70085163637555,171.0329798886747,188.41066233725664,0.0,378.04081116213297,116.46095956768929,0.0,0.0,312.4934124525697,71.94970276956717,0.6196135578895886
0.5,387.14499456991496,333.5609122765011,143.33742013488194,254.52439089371575,495.652761214078,250.8404852360434,0.0,0.0,325.5232999324891,172.13886436759182,0.6199085319224859
0.5,485.87284538473136,295.49301640644774,200.3031019173061,365.6909842343477,271.23612699994834,346.9470242384162,22.78677489701468,0.0,406.48666187255145,455.0004406855501,0.6051567315783566
0.5,509.8678955267308,519.1102138746471,317.3195966118021,671.9935632131004,551.0732314945254,188.69733293662995,311.9282442421843,0.0,487.5322928525992,256.47433415468487,0.6047136175888149
0.5,793.0698093409296,493.04495671532624,416.495405839658,449.83150057583606,567.1251672401665,339.53429823885136,172.0307111076849,0.0,636.6782537884892,467.52843975677007,0.6579043391795402
0.5,730.8391633550843,697.9184803210716,539.021316876903,192.25678891863487,614.0804741944523,606.1795102662891,47.84472600943191,73.74232999618889,238.3457451662528,201.0356377277049,0.6250883396848459
0.5,726.1195247208531,656.5770339120528,543.3906350784192,477.6849713487251,767.3654158212453,474.8073510393953,150.11585947003118,226.85240105215576,593.2693871068004,255.1490007605639,0.7770423524060598
0.5,1394.9488622010388,1161.5753992910777,950.957171993652,638.7341717286242,623.9168090041825,583.6982530378395,0.0,0.0,419.11968849135934,385.78062236136464,0.7057322453070973
0.5,1242.2777336644697,783.0549593427728,609.5339591778959,530.5100641983502,268.5707200004148,564.77217251116,0.0,0.0,405.61915325165546,364.1730544861591,0.6298986828982335
0.5,1111.8758048777256,914.3135254282724,819.6482665254094,685.0001653530146,573.283400188145,820.2362494999612,295.75543619962764,0.0,688.5280632003264,560.9357577225542,0.6374671266490877
0.5,1776.005251306841,1408.6660356588434,1120.5443204288486,1076.4636145510888,1007.4677270902476,799.841213897901,179.51707756015205,218.48697695933083,1271.3131115469837,745.5388950629797,0.6325658882583579
0.5,1488.2036312997636,1107.0216213193687,1073.1535333245952,899.8286124101649,1225.8919693794571,952.9550249509864,412.39377734812746,0.0,687.9870424036393,674.7054392684336,0.7328332105264246
0.5,2340.169788985038,2027.135028827324,1077.9095320904207,707.0392504255074,1307.0827860626969,1002.723354131062,240.0174142548756,370.14733764607365,742.463507348667,932.5977843035836,0.706178199770931
0.5,1857.2179696681408,1700.028642913236,1395.334639866999,1197.9167650326394,1019.1232180128428,938.6661218539336,0.7449731125826778,166.8739772184773,1310.4077050325957,1095.1104754962564,0.6932682441140984
0.5,2070.875838304992,1897.560457234492,1355.7474201496116,1784.986448034494,1240.743756074794,1590.6140580488866,329.62317801725897,289.9388150618644,1148.4168708316304,1122.5005521668822,0.7299921681396336
0.5,3295.3244806281477,3136.556170533644,2307.4327733734567,1429.796837017727,2270.386834351406,1323.0692507875322,792.0774581381362,244.32678831209796,1382.166343989376,1494.1862072227198,0.7315109697435289
0.5,4299.6567320365775,2432.490113552087,1962.1710660748856,1896.3263994280776,2448.480961166312,2013.9061612973776,1022.4736092154368,516.4103141299676,1723.248989956468,1143.8159234645543,0.6806139311435399
0.5,4738.2873908159245,4295.988845092812,3139.8817552819023,3376.358205470497,2746.8491366814133,2493.950710785277,1460.4610395906757,668.9218104871836,2052.746963442667,1669.5675302667016,0.6914744845987428
0.5,6376.5860533476925,5101.268842678154,3722.513440836606,3983.631801478143,3328.9437378406656,3075.394025333665,1835.3971726253,1526.3440404650264,3793.1541567589534,1469.579179455996,0.7204795820487688
0.5,9663.193132561117,7638.466013589649,4111.96463845335,4523.618495473152,4836.170498025223,3297.804787903076,2364.722711991526,1451.4610069735222,3073.6821324145185,3287.1322804988595,0.7154714200900498
0.5,10894.08026598169,9204.851392758734,7610.886182074029,6552.779073167001,6311.217643159287,6268.68922238328,3681.2601023710768,3596.203260819065,3817.3510488542975,4769.987674236831,0.676692372336098
0.5,11839.278090845522,9978.502385897353,6950.108459716767,7155.831670124383,6104.975271015208,6299.578307887278,2989.4733188061723,3504.708025953176,4991.104555204603,4375.788286237676,0.7676858300884343
0.5,15477.917369181576,12556.046184795096,9607.508640186054,9620.841820297335,8224.667388644604,6441.830733764717,4342.807236245876,3127.583106103391,4657.089338868935,5919.931969408854,0.6923272355593874
0.5,14552.91004319918,11984.40839015646,9348.263728944814,8219.591821211969,7987.672936061384,6453.142979315016,4725.34728494316,2595.5588563102924,5838.557933665967,3869.1800672622526,0.7323794447582878
0.5,16139.62413340525,12353.266708168972,8398.537645177348,8695.192435508196,7312.139696803572,6939.316784631021,4710.397008631687,4529.998825322388,6127.524959739178,5311.724286329349,0.7448654596270493
0.525,94.568057805732,77.07296711167153,0.0,42.55562601257944,6.777377476077538,98.19316668828498,0.0,0.0,56.89844811311545,75.33921938523312,0.6844826571291516
0.525,34.228727203056906,146.2670200698933,78.3706923392395,16.27267358833853,181.43095839871685,95.2044926030379,0.0,0.0,144.39659781836022,80.80224126623257,0.7096115585150706
0.525,28.784467511624367,30.546781849070744,0.0,88.70315498480142,73.42976406026615,0.0,0.0,0.0,31.525845369874315,59.7228747690164,0.5986832906670423
0.525,131.5472756421264,161.7494562742473,84.34238591340423,192.3990766194366,26.398943071039074,126.17799908530483,0.0,0.0,198.88695245892936,151.68206273020692,0.6429969620006211
0.525,222.57478712042692,234.5324069413045,1.902348607866908,110.33621925628,145.93731463207487,215.50892086263536,0.0,24.73053190226964,136.69733567957852,0.0,0.5513533196828614
0.525,343.188286759178,368.748177326165,148.99545964658222,212.27177409900108,335.70734317859655,161.15199296502726,146.81351776891262,0.0,273.3661466737505,107.22685798833535,0.6085901832834727
0.525,271.2471099568633,212.86502341233893,145.95521636131105,231.88839992684692,390.3072077976632,246.64791618810287,0.0,80.35736631128368,266.6552604533616,45.91849503501908,0.6890026203265422
0.525,572.6511107085687,495.0707774997833,339.5492723231021,441.6666411514103,259.0822290414318,429.0372845825381,94.17891612787434,7.57761394132326,341.35346611865555,467.6470318073754,0.6227479308920082
0.525,531.9214267523248,388.26923404252045,166.66623908708573,163.69668471582375,298.44021431184166,261.691978967473,116.18381477563,0.0,184.48356531465865,63.474224685727535,0.6623467535729134
0.525,475.84444400168405,562.6512128655895,154.50012073025394,511.2839046846544,437.6176100065696,377.8881818892033,318.5569499592863,0.0,289.4886282755017,170.02977204076893,0.5779427154822109
0.525,827.9901262279371,648.195555696922,571.2621815453529,295.4071548913841,219.32387327187672,538.9586653270144,8.925971586646194,100.31091878326151,565.736580086953,678.3738405851064,0.7088915425491977
0.525,771.9112764106217,719.7257253293403,231.35594312701463,671.4540905791548,511.85328018890254,311.3737881183126,119.15700830225944,0.0,423.13784335072415,319.20162078050504,0.6336890117933881
0.525,507.9652725338972,598.3017409267969,175.4703129516534,530.6676310828982,635.1930735689236,485.26291398489593,351.88655750951546,0.0,742.5563108735744,192.9700476665084,0.6247273154023415
0.525,864.348513780085,810.8269333550447,900.3630351875885,453.6829293973016,864.3485137800851,475.69180359077575,223.5901537382512,251.10124648009423,532.7147958193233,618.249284162144,0.6721763590688403
0.525,1135.348299834096,1002.1355733199688,534.5091557641534,802.5928585000524,748.9761179528728,464.30991814052607,328.33344211365767,0.0,507.4244105392896,467.0736676532673,0.595333341804923
0.525,804.614703740477,946.3663194174997,316.6173382949892,698.3009919827099,669.83447899839,361.93137937207,44.73309183250299,309.6459473600536,603.6062651165026,148.7230066119583,0.5994085205632591
0.525,1402.3514403698452,1336.0789246858492,742.7523455904487,646.4696341250201,780.2650903172392,829.6568708741793,668.3520685489812,0.0,691.4849277971687,862.1679163040642,0.676344249786825
0.525,1842.2290254370032,1806.788923059519,897.8159268962667,1092.7364899724298,1180.680447723965,855.8128425970259,316.33572862865554,173.919020926543,609.0447223389881,762.6184993080863,0.6736461766935724
0.525,1803.347963526724,1878.7222729397552,1189.0825634504338,1312.3583031446435,1031.289616641846,1538.4812313837367,564.2506714003538,541.7088218562701,914.3537721319096,772.0583468848789,0.6505298998228257
0.525,2168.907036880498,1762.2369674654044,1223.6938139465035,1230.3243042087065,1092.5574509829407,1348.9364077881082,667.4693530617291,64.83146034153688,1312.100350775872,786.0814566411311,0.7097571973787657
0.525,2267.6869463881485,2334.568761253864,1287.2782249448337,1283.344000540968,981.9824112048613,1111.0249716516532,58.22652117721152,226.6113256626604,969.3928931124912,927.690114431515,0.8021413513444323
0.525,3036.355343101492,2255.2912308561954,1395.5347000138372,1485.110112672194,2134.7411427926127,1506.8761007947849,452.0628302384356,905.799967255532,1790.6710997778034,1101.693860358854,0.6226256484737404
0.525,3489.57693860198,2313.691958252079,1798.73230610193,1903.9001223861155,2232.096238721246,1602.9025792279292,966.455966887428,225.7481573686396,908.432344109947,1143.2466925375672,0.7020267755814148
0.525,3304.5817174315616,2821.444132205152,2690.4910290226344,2127.987926715911,1670.644134540603,1470.246203912811,1613.1041346573757,763.8931018980193,1666.6758586865878,1423.6189626281268,0.6279617634785647
0.525,4444.499165646671,3185.3716684207257,3193.103153052815,1900.8407216893445,3281.462977419548,2139.412247479522,1580.5363583599371,812.9103841739438,1763.8829939209086,1441.3696349823324,0.6148873443602293
0.525,5681.6443475691885,6404.202686778913,3673.1118415954415,4761.441276142238,3706.4804327489983,2913.3346891759784,2338.368195453142,1196.1356521198293,2639.9689231872203,1683.830445902592,0.7082469390475477
0.525,9566.356637807585,7255.582698133447,5237.135582153028,5600.610733306589,4869.020322686866,3094.952244503309,3429.0400430104146,2060.208090793808,3755.394327663188,2814.999042976524,0.7069329543685018
0.525,11679.069641384667,9281.312228487832,5719.561862843346,5862.508365812354,5295.827586185209,4732.550294723992,3697.8898922816384,3480.066649662196,2634.29984042889,3754.047447019464,0.781442815179121
0.525,14245.823943000016,10720.267875431517,8812.969658198639,7334.629437698637,8266.18628897261,4714.855921171237,5902.314753328774,3400.366609294525,5165.906175246581,4937.6195160411,0.7077359158726267
0.525,13026.42939062464,10607.02250208855,7682.874068676958,7925.00100902314,6597.027866970615,5397.568254794139,3592.7912917522062,2730.446881134648,4594.824321800256,3957.8442171972206,0.7245972553169665
0.525,14453.110093386573,9881.417113492664,7928.243757223273,7969.245487984654,6865.9261874966005,5792.426327562277,3483.2833996827217,3095.6306724842166,4320.091450221803,3792.6600954276814,0.7066819105453669
0.55,58.59480110962767,94.1547909722273,28.93748162907905,31.240962753781865,90.55560171487916,99.62555864339646,0.0,0.0,169.30586266565655,74.57520141225339,0.7547186591637212
0.55,4.152741720732829,69.27528234131645,0.0,178.75665497881923,85.31996626232984,74.56058998588549,0.0,0.0,98.53323537375266,41.52741720732861,0.7822958096089884
0.55,43.19359412707544,11.583736606806564,0.0,0.0,69.50241964083949,118.58604933069772,24.54181484492917,0.0,210.66693862887223,241.884127111622,0.760521017734464
0.55,123.96575797008008,125.30351794817444,145.81583761228845,111.92591816723062,145.14695762324135,123.74279797373096,0.0,0.0,261.3091157211041,0.0,0.7275260683593776
0.55,128.18731105614077,179.5639714397527,15.006054270460906,39.16834504493198,108.09445872789657,44.76382290849349,79.86272950719878,0.0,55.95477863561708,132.25674950236748,0.7550741242322543
0.55,41.84502529837673,211.87727598262543,153.52998718629746,0.0,342.71665085924,155.59277012354138,0.0,0.0,252.8382514507549,0.0,0.78769981194939
0.55,451.8011287701555,422.502308334066,82.5694030471618,387.8764296368691,276.67408843625606,280.0034998494478,147.82586674572516,0.0,361.9070206139716,176.4588048991764,0.7463924986063925
0.55,475.1424259032923,284.7992251649253,134.17048924227015,255.8183994885948,389.98888873086497,405.7315594686245,41.14561670096291,171.7382262301058,322.0091741814483,98.39169211099797,0.715385123775848
0.55,602.1573504738207,504.9497882428082,436.11019164341417,417.57645409742327,398.2862374679229,495.8720392406902,265.5241583119486,59.76184759727626,399.4209560931877,0.0,0.8770753355450415
0.55,304.5470877751757,439.9013490085874,234.1473139727406,0.0,337.99670405699595,415.3975603370213,38.89490265327913,0.0,336.0519589243321,0.0,0.7788062869413496
0.55,568.3238797597938,462.021669353486,323.8701585530701,117.88377418598346,592.3142618748361,421.0725688467759,107.1294649619989,47.56713695223904,185.3050204748092,237.00843020550343,0.798056181217775
0.55,343.8024432237005,443.8176994342317,273.2559678609154,465.2495400507741,446.9431761908108,453.1941297039688,288.4368549642996,242.8941936541468,506.77373124532505,329.9610461588501,0.8247665812219611
0.55,758.4233916790866,976.253457850041,368.6715313474005,714.8573784448956,519.9814482790528,702.6776328095305,0.0,77.76299136425467,522.792158810291,579.4748211902595,0.7568465801904205
0.55,859.1748656880037,924.2788164749248,327.98581267653407,638.7092141595666,446.8498440375039,436.4923973214025,276.1985790960287,41.42978686440428,545.9854054630428,609.6097210048063,0.6882704295974433
0.55,1199.5818680179486,1018.6630635092708,580.956278407631,415.4235305873744,621.8089116837842,466.8872374417489,246.17690701474035,88.071910699239,518.350944296124,490.7621529927477,0.7149342895228463
0.55,1422.4491142392292,825.9381953647139,950.0642346965903,823.5850950930196,612.3943457084523,352.37676568622754,206.48454884117848,290.6078835542511,568.2737156141837,421.2049486332872,0.723875977737836
0.55,1808.478085737261,1278.3745887772895,1081.4611435622055,717.6401114505273,882.6723322022168,952.060879563722,355.69444548375435,440.0859220045045,638.874733364494,817.6596391788238,0.7589343287949905
0.55,1568.3783026559652,1544.1991371566855,1174.323254113654,984.8108758760584,807.0613349083822,1123.3509592773348,72.53749649783829,271.8522391270342,799.2194433951025,637.8071764134256,0.7950761179034961
0.55,1914.5388579632013,1320.5872166139495,1039.9363825729,1094.8161248730062,1382.4137617368544,1266.402154596123,1207.3543306023382,329.2784538006377,1099.6788868489657,891.2748021650171,0.6859551590020895
0.55,1900.6358192509465,1695.1807585518286,1061.8708291803207,856.415768481203,929.8430066692036,1015.97880531282,431.3850243545053,0.0,968.6747191724734,859.2398930268953,0.720265329130749
0.55,2073.1397264016946,2027.3582087041968,1370.3934297451024,1291.0387990694394,858.403456828085,1067.4723876466578,881.2942156768336,235.77481614211425,925.5496827844152,1467.297642204806,0.7386146682006182
0.55,2255.9334068514568,2041.4218443052307,774.141358561658,940.3680306454496,1348.8107106227658,774.1413585616575,767.8089139108466,0.0,1115.3018141241064,622.9542425235425,0.693235862707171
0.55,2565.56467157682,1735.700928151061,735.5230965373179,1477.7251769251452,1164.64780893253,1183.8498875027433,329.77482761888854,559.3648974801398,717.1558909484183,917.5254064636916,0.7362281454001418
0.55,3186.8920506941863,2880.7396501571448,1816.0197290016188,1686.1093631950998,1741.5256730845942,1876.886823470407,242.5599137786055,567.7900603431776,1773.3219164638122,912.09795293528,0.6985770905657197
0.55,3428.3204588485946,3325.646856972068,2408.4293468750966,1984.045125785453,2008.4912214703409,2186.45879805632,1010.1126736995436,1188.0802502855229,1627.1321287860987,1769.8973275858402,0.6914125404093763
0.55,4437.079784353615,3333.5973336361067,3089.971338023151,2820.990600785317,2870.5977039644254,2763.66683711168,1466.1654939603247,1373.5655680259888,2015.1507691424615,1911.5270425016563,0.6851922592522638
0.55,5013.21867164627,4663.839180365833,3221.0778278840285,3958.796394004951,3435.9839178442976,3468.659697604338,1016.7194548412716,901.0974649211277,1789.6273222422392,2102.5607514826293,0.7312942415550547
0.55,8302.16643741087,6740.040602121509,4506.973698453899,4315.9013507200925,4380.0783224780125,3978.9722489910137,2889.4222966463344,1640.8884824468073,4101.491922347042,3351.7882068113454,0.7652763977703027
0.55,8298.066983213166,7241.281044044269,4574.811014923906,4291.469857320652,3035.5793209170347,3214.773458428282,2329.523787646221,1995.6406938218452,3220.8997537278133,2548.538844604413,0.7422715385036568
0.5750000000000001,7.568337664699268,0.0,1.142390590898042,24.989794175893724,19.13504239754156,90.10605785707968,0.0,11.709503556704494,66.97264839139528,30.41614948265919,0.7545151188916022
0.5750000000000001,0.0,138.7761502975883,41.39629483308743,99.94248323988252,111.37574562235424,42.97329654101451,89.88909735184697,0.0,89.69197213835614,226.10261987405357,0.71002523486195
0.5750000000000001,132.61117575727494,131.98466626550834,115.90425597683092,70.37789957512071,22.34550520634396,139.92045316121914,0.0,0.0,10.44182486277755,57.012363750765424,0.6806241568509906
0.5750000000000001,0.0,98.4329554327572,2.1398468572339007,127.74885737686098,71.8988544030575,76.6065174889718,13.909004572020107,0.0,0.0,42.36896777323027,0.7390368063800046
0.5750000000000001,115.66352350253275,53.89428010011633,37.40607568592544,149.6243027437019,259.62769637270645,102.37452292990125,0.0,0.0,203.51858284381836,0.0,0.7804645558329799
0.5750000000000001,137.16394163065473,274.3278832613093,150.85058222720602,0.0,60.99481135419568,228.50739082937685,0.0,13.68664059655126,332.9424092943659,360.9107618177529,0.7718783701433269
0.5750000000000001,335.94063007656155,229.4712571585961,150.11520280980218,157.3895077917749,243.3585666696352,351.48119071986696,110.4371756354052,0.0,374.62670657159873,207.64834221267776,0.7923070612509037
0.5750000000000001,521.6956681467599,352.6956629724574,88.908698374307,277.01305195961754,373.2695766458507,108.01304678531504,156.87609175962433,0.0,207.2087019963188,256.0717469706278,0.7432293464348967
0.5750000000000001,430.6434613025582,620.9095723871432,295.1865180201172,349.2126977108019,324.9400662555668,167.1679617965384,39.54089962868952,65.7710013625727,324.15707814410763,306.53984563627546,0.7670041162583706
0.5750000000000001,707.0330907372705,676.6319003162607,367.2792464376061,434.6548576409253,594.0556939024367,598.1639628782484,37.79607457747185,0.0,592.823213209693,297.8495007463807,0.9276278246134199
0.5750000000000001,786.41715143613,814.7178777146386,207.53865937572905,420.6517042305581,149.6508101696889,565.1569278041543,0.0,73.7534078773253,440.8052517319206,209.6826537907674,0.746177758749922
0.5750000000000001,712.240857225912,795.2113235781452,390.147642341681,601.7689441614217,293.65951574105026,521.5952351019603,160.34741811892263,187.3827386157178,621.8123714262872,501.0856816216331,0.783075519802124
0.5750000000000001,740.7803687420119,625.9713212392305,456.8542595650093,331.0883320100953,693.6181459089192,363.48258607727007,297.26491967525106,47.16222283309285,374.91585221862607,471.62222833092704,0.7042489496318506
0.5750000000000001,709.5375765705429,757.7344567717635,402.9656684864919,701.5875757126097,276.2625298131806,467.06255040357865,227.0718995047188,158.50314210504428,415.8844198806335,382.09691623441694,0.7680139048691523
0.5750000000000001,535.3366335358054,1232.8964893551884,274.73287644799416,357.937690457958,676.6278271376311,546.325948593725,276.8260793161692,0.0,345.9017739659509,457.3648266962794,0.764951400170067
0.5750000000000001,1034.939219883557,989.3618750766552,489.6785460351308,749.8029042013526,862.0788023842091,738.1306573605606,120.05739607671762,266.7942135038173,789.2662149487923,703.6697381163174,0.6694551278876831
0.5750000000000001,1457.097530112727,1184.6915928645508,833.6718616454247,859.2670503801527,1058.5438769576776,599.0492982437517,464.9792620142244,263.26479841434485,901.9256982713662,677.0536829591131,0.723508339208052
0.5750000000000001,1083.833103984192,1355.751090520958,704.4275368870103,1017.9329801882228,694.190624452685,518.2436919877185,66.53993082311436,418.4337957530469,399.23958493868736,873.9763990805229,0.8459337956454407
0.5750000000000001,1587.8766992434144,1258.368554139956,1096.326482782494,864.4503806726527,871.9083839568877,1204.8065305531793,597.3182630373389,516.6362275078916,1156.6685093549384,807.4983555930428,0.7857244649703711
0.5750000000000001,1990.320045487198,1137.8265001147315,1014.4392764424008,733.3127043253292,1170.7764973454107,870.7212034149696,219.43296028090649,309.16912295169254,1016.5424677549976,777.4797218898564,0.7830463034951205
0.5750000000000001,1998.599659283504,2034.664615541251,1320.1276696846303,1102.986578882776,1210.4300944006484,851.2832383339132,508.6661538853129,622.871848701513,1316.370903407782,785.9155051167463,0.762213282618409
0.5750000000000001,2263.99831772816,2351.852648052089,1240.0677598820107,920.526788526834,1187.1996672976993,1257.1721427769348,820.2329070065965,392.6233346334896,975.7272969604538,1219.07601723824,0.7243288304963786
0.5750000000000001,2658.254533179203,2103.546484772229,1617.341538728767,1101.062059940349,1422.6924795739108,1485.3477561259026,502.0776161033,0.0,1319.9378260286428,1367.5558362081567,0.8275743900595364
0.5750000000000001,2507.4999924179,2974.600443651736,1784.5856491999264,1479.8789997034614,1206.6034086077782,1483.3713395257705,401.6190795655411,804.984329042237,824.1921980649367,1321.8506227439764,0.7458130418508381
0.5750000000000001,3118.8400485573807,2718.1525012374905,1823.5942560582,2259.691400583104,1970.8236339106247,2048.165648858417,601.9631524852313,832.1255343178192,1020.3554984076288,1412.6565621789628,0.8300370812706419
0.5750000000000001,3661.350042850579,3113.4544433575625,2335.3421607748205,2340.368725907784,2091.051095312797,1958.3497758025608,911.8189151195704,565.9912339716849,1884.9619248612955,1021.3980350181736,0.8530364016124176
0.5750000000000001,6180.433817839323,4748.058598254244,2840.751207095981,3641.5676878869335,3579.674931485109,3132.531344418868,2423.922439491858,1472.7949788679034,1957.832090261793,1690.0511850130824,0.7673747981534679
0.5750000000000001,7954.094968692314,5821.329699208954,4960.186252580411,3715.833972202165,4640.127938250135,3527.8176530216,2372.450195461637,1016.1492670216812,2721.213291346198,2016.510904188506,0.8293170210376367
0.5750000000000001,11466.067177099236,9552.72618975945,5484.910830374048,6166.374743673149,4758.015989521673,5537.331131397054,3056.1035496413533,2989.704501678877,4843.63581452592,2381.629009811987,0.7575764728344356
0.5750000000000001,12295.744212469526,10357.665018004056,6475.883575317411,7298.72377490188,5986.677898571291,5613.681999443023,3861.163578915736,2742.1758815309327,4678.380724744504,5032.633111353762,0.777737700512724
0.6000000000000001,2.967184169322092,5.847098216017084,18.675806242203805,7.243420178050993,12.566897658305368,35.606210031865174,1.483592084661046,9.599713488983255,0.0,0.0,0.753035799880364
0.6000000000000001,118.50573760024967,130.58802648966062,66.8663659085208,52.13590411184167,36.57788828164133,0.0,24.330088585526088,0.0,0.0,100.46505966948544,0.8250563095997383
0.6000000000000001,144.71510434198964,117.5931303019916,85.62794661199392,150.9144126939892,0.0,103.4509581239926,10.848789615999172,98.99520524599292,0.0,54.63140485199612,0.7768435192056238
0.6000000000000001,177.39679941992944,109.89546506988668,183.1591084498112,80.46652966727657,69.35350510964761,52.27237477106971,96.10708274838404,78.20276540553735,0.0,171.63449039004777,0.7925087349256313
0.6000000000000001,189.3316737614973,153.14621206848616,168.32076052039417,84.74401673911653,33.15055200262966,84.27710755598092,63.73310349801328,24.97964129775613,0.0,211.0429507773041,0.7809792497746779
0.6000000000000001,206.4652599379153,169.50542945520212,168.9956386899233,56.33187956330774,32.37171359520404,154.4666018794774,35.68535356951623,84.88016241892075,15.293722958364112,0.0,0.678009784312696
0.6000000000000001,309.3427367960553,287.78892490938216,169.39474694033254,231.9311588932151,173.64479435460612,138.43011577919648,0.0,146.62663579243835,0.0,161.80537655770118,0.7459878527544044
0.6000000000000001,488.50157520527625,460.1775754975975,427.65742768507727,348.280292701829,137.77352944228983,306.3188116534159,258.7624664652143,315.4104658805721,86.72039416672048,182.5324425605972,0.8093385451053304
0.6000000000000001,573.2352767734744,411.0348822137364,425.1558577401136,275.93149474515445,285.0910464379398,389.2809469433715,278.98467864274954,154.9490828029498,153.4224908541523,283.9461024763416,0.7428407695517603
0.6000000000000001,541.6422716640054,492.69150060252673,395.983879724971,477.1705244123016,185.85374053423263,388.8203522525594,316.7871037799767,245.54980280432864,176.7003443194846,228.8349053687018,0.758836332431919
0.6000000000000001,688.0981519324264,446.5456697550092,630.2126021493697,339.914393838852,403.8931593885463,347.7485283959573,356.45312234829686,267.66626403443524,129.69844988985642,255.47983250116016,0.838123911579773
0.6000000000000001,858.3031173013732,598.5135431409273,477.5097181146093,407.24943261545695,397.7079123624856,428.9347059176644,505.7005734074791,292.75118957980135,196.468576118,61.152470712225146,0.7430589179773803
0.6000000000000001,1127.0762527241625,510.6494348912061,533.9022216585736,466.8794833291028,490.5882070919088,333.2899436655997,458.6726174112085,429.0367127077008,427.6689017213852,233.89567865998995,0.6935750153376271
0.6000000000000001,897.2178515468138,388.43255750816826,518.2247243547614,595.6280529469115,446.9570254680865,466.7798291319298,407.3114181404,377.10524112882905,30.678148527376543,199.1719796700449,0.8148058900224419
0.6000000000000001,1186.8072411769188,610.5925711199885,925.637813697865,503.3540439232847,523.8781639609314,501.30163191951993,779.4034584296326,484.88233588940255,269.89217849505377,417.15273976516863,0.7307335319298279
0.6000000000000001,1506.7407676091984,766.3782177695708,816.7835743838352,651.4756844123225,654.1856498216916,311.64602207744207,403.24285291411655,405.4108252416116,456.35817493774994,245.52286608883705,0.8564790564542399
0.6000000000000001,1514.988095865868,1398.360385584511,841.0088655967196,511.6381461086664,807.0168696353192,168.78784201523013,656.3971633925618,251.4235563351865,833.3899699501989,231.49721387505525,0.7700590463593434
0.6000000000000001,1535.1019199161938,1499.932784291104,1242.6427920865008,812.592133653387,1151.326439937145,400.43454422251193,676.8516101881288,771.2529742344219,480.0278511635042,335.032292007433,0.7756482476235791
0.625,32.66496652162877,26.55034224664409,65.97357770378225,11.344237141747929,34.75681166833406,4.585968206238512,21.079362632184097,29.124920888742903,64.52537721760169,18.42432840751968,0.8005819309581614
0.625,226.3374436334333,66.1576689094125,114.71674608922754,59.15082220225793,138.50743490886848,25.2572381304407,20.694640274619207,57.68427289145818,98.09585390016336,7.169796630576736,0.8128980651751632
0.625,184.83818007125612,239.8840330705331,92.9019483952708,180.00959647482833,198.35821414125397,167.06899243640183,36.31094864513706,93.67452177069931,40.75324555385061,99.08253539869844,0.6954838140618056
0.625,253.9167656759328,190.85796625310175,206.62266610880957,190.4375742569496,137.46818274177156,108.88152700342148,70.83605135164683,128.42975482449916,202.6289421453636,140.41092671483702,0.7758876996063889
0.625,258.77213601849326,231.18604982029544,145.9865446594896,206.77358415817335,189.9289828513092,111.8090927325188,63.71653537813848,0.0,183.0934924659151,123.52707625033736,0.7731224978831928
0.625,277.8357330908354,270.30630942983714,277.0827907247355,189.4904954684559,111.43547018277404,74.03933266648274,121.22372094207184,172.67478262555983,159.121820035763,90.6040647206789,0.746866289718287
0.625,416.35071527093874,292.53882762117064,390.6427576921086,274.80920170473604,287.8109273767881,353.410543267596,84.80671063361213,146.56490757585928,267.12636380761444,140.95052603565497,0.766066759742033
0.625,513.1463376612114,391.496714718606,359.572089913226,336.7207795262173,198.6047711576791,309.164787588942,185.1628238712034,257.7493392181724,199.27686852200293,204.6536474365932,0.7246799131188612
0.625,639.3895364315667,343.69477660332933,491.3589503465509,428.33602755788047,80.24430285301617,304.4886560313077,194.56495349292945,136.6718034893836,10.259545570248669,331.9695816659023,0.9046080528567414
0.625,639.2735273717306,498.2930536547711,641.2991088906525,523.4102644894017,356.90746363402707,373.1121157854017,319.6367636858652,330.9800201918275,85.07442379471699,246.31071270089492,0.6583114009953761
0.625,787.9337082278615,501.56731994818455,542.902944446888,483.6694206807046,354.1227212208508,442.33379618200127,420.60063278577576,76.7052825749135,415.4869472807816,247.16146607472132,0.776341465374525
0.625,679.5540700211471,644.6132542916486,817.5254962350651,689.4091718935699,274.5989748997781,247.7214243386252,531.7275419348066,197.102037448454,126.32448763741831,316.7071374455841,0.7272559392542147
0.625,921.5596183927322,715.4822162898348,674.2667358692553,491.3440980475823,276.93098080344424,374.1809907845868,529.3179114687904,415.3964712051662,278.3202666603177,313.97860365340324,0.8304329400969626
0.625,945.7667119672624,600.3185548197702,790.1464124433572,623.4447912815269,426.8717813565943,466.8608985717153,507.3318123797896,356.047682192464,152.7295199661855,282.8146000635675,0.8279309788321849
0.625,873.3779132375828,892.2314621231081,876.4352454892896,678.2182045036304,333.24921543604387,400.51052497359393,433.1220689918,117.1977363154282,32.6115440182061,380.6378653374997,0.7996387311804235
0.7000000000000001,99.78096580523788,52.908311340743886,66.26380740733943,76.92252061433396,58.30187705994593,48.670509704227975,15.667024231967872,22.4731904966752,66.26380740733946,8.604021504441354,0.7704524520487761
0.7000000000000001,53.64647955147908,64.81771442375505,109.62541473563113,51.92782803266738,100.4183530277114,26.27081607326433,37.31929012276808,54.38304448811266,76.11171011880327,65.79980100593315,0.773823689251259
0.7000000000000001,120.22945015856016,0.0,129.4470413373831,62.65290236040522,79.21784882669574,63.45443202812897,33.263481210535005,40.4772482200486,102.72938574659196,14.694710574935128,0.84300839117218
0.7000000000000001,111.22440741001353,30.75758752399818,86.68047393126751,54.52481424708763,107.49621498286224,17.08754862444338,18.019596731231253,28.116784554766017,72.54441097831888,0.0,0.7942752914371906
0.7000000000000001,238.76002200963669,99.5993097642198,233.9887975897938,159.63721704724256,151.486375330011,55.66428489816671,163.81203841460507,37.970994341249465,112.72017691878771,27.83214244908338,0.8717930001868117
0.7000000000000001,189.6120899170946,39.65601423408951,149.52267662033745,18.202760632041077,116.80104738893029,0.0,59.37567158546737,142.37159208632136,211.2820430504769,107.91636660424358,0.8279783055038491
0.7000000000000001,298.3682403319328,124.47550026347828,133.5664075860918,244.28899677177,187.41255095849533,119.81349650829172,154.31232429667156,122.37759857364436,175.29134119501057,129.60370439418332,0.8401205465089783
0.7000000000000001,273.8148981017597,260.5791326346053,211.49650236057371,179.7858142621826,190.5398737042457,121.0521050016843,54.046042324214426,130.70318398815124,158.00195026415747,98.99249588976012,0.7201082914806091
0.7000000000000001,506.9262753902052,341.6620469685529,412.98660870842383,315.2197704210885,261.2914432519177,193.0982037347727,169.43932471862047,290.5171173306942,227.89067287617328,62.2785197631069,0.855418467053237
0.7000000000000001,663.7325967406673,336.72626508287,297.84653138257977,331.5191578908668,416.5685753602515,275.6295406966996,115.9449201419367,259.3139381617566,187.80299939158004,123.2348702107411,0.7429115474876461
0.7000000000000001,528.1078126572723,396.4580793591381,447.75998116013017,414.5646329359588,274.23884271559785,268.5805447228413,219.5419621189519,232.7446574353837,235.38519649867,132.02695316431812,0.7909549954879447
0.7000000000000001,671.4980603383019,333.136979066698,605.9958557690959,407.8818259984299,496.691563481832,130.60255512264993,249.953197803964,214.99189843267,268.840336544778,217.804876543004,0.8064031178156387
0.7000000000000001,913.6676755884776,446.5457734069225,772.699303983547,425.5318546583613,473.6887517904804,287.6280128709294,380.0016973698124,233.7798460777418,381.3150672915975,257.8582946438013,0.7914147153271924
0.7000000000000001,960.975156304538,747.2678682309221,782.6498695676132,578.8495418682709,449.5872969848918,382.5973744540893,319.3815320658676,198.6109675032943,404.7700952917494,76.4251228872534,0.8611658390359279
0.7000000000000001,1103.411469899766,856.2220557658814,935.6382292429378,711.0640168276852,612.7141860978205,577.4765462106495,612.7141860978205,403.91802139324136,601.1436177766599,371.31005612451617,0.8573277901726684
0.7000000000000001,1352.6996759817907,904.9018876559696,938.8425513188066,871.5086540522101,846.8743013936992,706.7322062697256,451.0823686802897,558.3786602595819,621.8805471126324,274.26245959808875,0.7679619241896103
0.7000000000000001,1728.1507580248256,1205.150365911878,1236.64286264126,816.5554509118277,861.5447319538018,632.6617646527591,480.822941136097,710.8306404631891,762.568313661459,318.8615293849906,0.8236562398212448
0.7000000000000001,1797.3171780546445,1030.9746572296842,992.5140213530756,729.6040029726772,1082.0641586180143,897.7975300151592,671.6260294870436,723.8636095582582,670.4779508041597,502.8584631031199,0.7732702025463734
0.7000000000000001,1424.3838539262372,1120.2406405400309,1170.5272674544833,1079.6478212235452,1047.5370835552803,650.0909720386442,856.0843834954375,721.582803073649,690.077928380257,423.4982194361718,0.8459337956454407
0.7250000000000001,38.61141253659503,123.3117998968017,103.19035956082963,12.23601101511814,51.119334907604674,40.24288067194411,12.779833726901169,0.0,32.22149567314443,16.178725675545095,0.8020356857007725
0.7250000000000001,39.49867675735852,49.576051765834144,56.06263797818628,48.88106038593928,0.0,7.644905178843584,0.0,91.85469404277217,15.637306047634604,7.181577592247003,0.6749855313340757
0.7250000000000001,157.77317574094917,130.51488107632292,100.90984581143086,18.59340629441392,60.473700083773416,0.0,76.90088428563426,22.925850479520072,15.3440731555843,107.76954910451562,0.5876111218770907
0.7250000000000001,70.8337747214336,143.7266708010484,118.60539023123768,60.12634365889132,83.60032714215711,15.855234457995314,91.83681257488196,87.5126577227014,60.12634365889132,0.0,0.7126861321557894
0.7250000000000001,151.06318855863478,194.02821041797415,135.5226487371716,39.994036305236136,77.93123645763156,0.0,79.75953526015664,77.01708705636902,6.627583159153417,113.354525756555,0.6735959713104622
0.7250000000000001,285.218779038941,159.78097271523936,144.43615368923315,130.55274599903706,197.53409889033404,26.30540404458209,167.818735062195,16.562661805847984,92.06891415603732,85.24899458892344,0.7093027214920566
0.7250000000000001,249.1613416472959,257.2972221908811,150.0052975223516,123.5636857556998,264.41611766651806,124.07217828967389,203.14276732264227,126.61464095954425,0.0,102.96973812974984,0.7076553032122223
0.7250000000000001,368.42427889723257,226.70001518736336,172.30377289208164,96.1490336786872,300.20845072152787,81.74138031399094,189.06369619387112,64.39338952792811,115.84929440184328,122.61207047098642,0.6613017649307141
0.7250000000000001,370.5334186352052,460.4300672029228,343.6639406500202,168.18302887023188,307.5062480526725,167.18786301892874,372.8554722882458,66.67611203731087,145.29421429025948,209.3165507240953,0.6970407997558266
0.7250000000000001,587.3612989462774,540.8044426569403,226.0800941410212,255.50402731588227,322.17344552221306,154.94121773091402,221.6106359372448,187.71724455860735,119.18555210070308,291.2596929460932,0.6985305504869367
0.7250000000000001,613.1771964664329,681.628719407541,518.334724921524,307.20713609111806,305.5577018033805,221.43655312876564,301.4341160840366,345.1441247090816,124.94464729611916,258.9611831747948,0.6602958514466247
0.7250000000000001,883.6581237094355,965.774005107318,549.7202060247133,357.20408408078885,497.2572817982884,307.47835590096,505.46886993807664,404.6488155551209,338.04371175461625,290.59898028028414,0.6377398121811124
0.7250000000000001,1060.879317787658,1058.9000653290989,767.4551408062769,670.9665834515224,732.8182227814932,295.4034294399402,552.2114359379788,370.1202097505448,663.544386731926,352.80175073815303,0.6936772724121366
0.7250000000000001,1028.1189497670812,1133.3676370100047,675.0433043856477,713.4098209175509,817.1031088416136,300.1920685401613,569.2761507031038,608.1611336746274,339.07705151168483,374.8512358454864,0.6921076263184149
0.7250000000000001,1156.5278678711777,1035.3524862583422,747.963085619051,525.9869440804939,629.4685752808358,372.6411071722154,589.2555061615319,126.53712416207604,377.4666754665319,95.43901737648106,0.7118807359594138
0.75,23.549586947893744,15.86277815184534,0.0,12.438654233605597,35.91836110153526,0.0,27.25323118598979,0.0,0.0,5.380766157233882,0.7229381342830489
0.75,69.95677824727534,63.28363564817117,48.49150288682361,77.18601606297152,72.2923781569618,28.138417959555905,37.81447472825694,2.3355999096864584,26.13647517982465,22.243808663680557,0.646684923867422
0.75,66.10759209154399,23.67853753097121,69.953851995052,10.81760597861629,77.28578493611417,26.08244997066372,33.053796045772,0.0,24.03912439692509,0.0,0.7994628714863492
0.75,154.88947415953254,187.5952196991948,154.27238462104836,25.917760616336125,123.2122111840106,41.55069559126902,97.08875405484643,171.96228472426188,0.0,5.348109333529677,0.6721010296906184
0.75,246.5355896195475,189.8443139389172,164.83345702099214,106.95118815379404,166.26264884487355,76.22356394034318,83.84592033437751,89.32448899258966,0.0,112.66795544931976,0.7468765154257375
0.75,177.2084473475628,271.85106734959913,143.19625578433102,161.68114250347872,195.44686891045524,13.555583594041662,94.88908515829164,48.06070546978408,20.70307312544545,83.30522281429239,0.746614055601163
0.75,208.24826122172928,260.8687992181615,194.8449166377324,11.1694538199974,202.0430090995085,59.0740002035418,96.80193310664411,175.98095018618122,0.0,163.32223585685085,0.7845071188452574
0.75,213.0039300461949,282.1226295687607,194.44676947398852,164.0560572325491,112.41874085771398,92.24791414879402,214.3486518267896,130.70695707380145,68.31186645420898,134.20323370334756,0.7869996350364286
0.75,265.4755734935043,379.075847733516,303.4443983068776,276.19258049727904,244.9601600862785,146.97609605176712,197.8053292696699,198.72392986999344,0.0,88.18565763106027,0.8176575841878275
0.75,498.7465857319432,538.686588223263,308.4442209203606,296.69716136409005,303.74539709785233,58.39966750831637,109.0798387367978,48.33075931722734,239.6400149479189,203.05631518696208,0.7769358346201123
0.75,524.2925667498038,543.2697994710528,270.51859192839413,364.6605503298848,345.6833176086357,272.75120754265873,411.173375627064,309.58936517802465,202.0517130909464,53.95487734472785,0.8799640978999367
0.75,711.538395205034,797.8901421959362,572.080323814727,485.7285768238248,473.207573510144,27.632559037088697,462.4136051362812,372.1760295307884,134.7087253058074,228.40037079093625,0.7443127844862479
0.75,793.4839385044271,684.5835035425292,570.5638173644736,517.5097593061131,545.4329477578818,221.52396171736495,403.95545960225377,348.57446917291253,262.0125849724296,210.3546863366575,0.8359850344379479
0.75,1607.21755158323,1294.1945432452662,1059.8849229688956,882.3221638532084,779.2015236794931,406.3807476668304,643.1310931544133,586.3842319937298,485.0941357284237,468.61924055274136,0.6980231980787931
0.775,8.065517991246567,23.70773470154294,23.95214433764132,0.0,30.22532499749976,0.0,0.0,11.324313139224978,20.856288947061827,11.73166253272228,0.794170412386412
0.775,20.13140237652208,31.23562829055608,0.0,0.0,0.0,0.0,0.0,6.710467458840693,0.0,0.0,0.8575612771594665
0.775,60.929866544635495,75.63277912595859,10.092677280399744,38.252492902255824,37.25568526962376,3.3642257601332486,13.95530685684903,0.0,22.552772688300667,33.39305569317447,0.6707376020304907
0.775,142.68765273933633,235.8010454634954,230.6280792010421,119.84038508016768,155.404528134534,0.0,89.44920828825465,106.04580838029226,87.50934593983467,83.84516150393026,0.7658008913483078
0.775,163.67459445776916,248.97957377262344,104.03046257909055,26.1232050476383,245.97424929811635,74.20839663975127,113.50879361407438,39.0692181685918,83.68672767473508,79.75668797730276,0.8166201009526989
0.775,77.58419097026619,138.61078020907314,171.48944650439935,27.20177427311162,44.70552467493997,0.0,59.37082906566101,0.0,61.49966357399149,0.0,0.5921036160172103
0.775,182.64329890230547,230.6152734429931,144.91533975832718,160.9059979385564,112.4343153297366,41.22591562090342,29.4827760197976,80.4529989692782,0.0,39.47693738244085,0.7807649968566576
0.775,254.3057629559017,122.46336530120875,201.5152094234332,228.8483894250159,199.90737530569305,21.973732942448837,73.42442471013392,38.32004647280712,92.4504617700591,0.0,0.7010994317369557
0.775,304.65685161905407,327.24604256836926,140.88521723651866,200.62768277352345,176.5523608407006,40.12553655470468,92.43734717417152,13.96963124497126,32.992107833868296,142.07412202332472,0.7785889906580162
0.775,460.5196071128061,406.5632053839177,295.21368844022425,219.2623204014704,385.5992531198272,114.0988877324266,189.36291307399716,123.37801414440104,178.7091012676561,187.98822767963057,0.7848004992614096
0.775,641.9462663182252,834.2770793544346,542.8284131087752,403.6416405167816,470.7043582201967,253.06685925817024,494.3239317509593,275.421098492642,289.76155385060497,131.1729887154849,0.7505763623034478
0.775,733.9241798630809,656.4640217289468,398.1192485106336,561.694331050872,420.1889025041578,207.28165221368852,268.2977544310791,227.1876146392202,195.16497943293012,429.2764070897266,0.7800163289897128
0.775,616.4596118684124,903.8282370207598,548.4849778601084,220.3315723027786,501.1371293439794,171.57735204854674,302.36992369211106,214.23729477099965,84.38230428617052,62.349147055892665,0.7432506499920859
0.8,0.0,0.0,0.0,0.0,3.358090042663984,0.0,0.6557886278603066,0.0,0.0,0.0,0.6996356406518467
0.8,7.373701589651959,58.52875636786242,0.0,0.0,22.197914160514756,12.28950264941993,14.97783135398054,16.66763796827578,0.0,22.889198684544624,0.6539480749407497
0.8,58.35100012161709,64.4100204502726,45.96952379784281,17.386753986576654,30.031665976814217,7.244480827740271,59.14130712100694,0.2634356664632826,62.03909945210305,43.466884966441626,0.716836795503978
0.8,148.48549781902315,172.00617522445486,94.08270962172688,116.70565124832532,125.32391472512474,19.929734290098637,157.46285560735586,29.98437501303128,101.80323731969304,83.66897458726093,0.818119397966457
0.8,235.1412524880618,240.70124269467604,108.8831415461961,100.07982371905683,161.2397159918138,58.84322968666768,141.08475149283706,52.12490818700877,38.224932670473095,12.278311706273175,0.5554853576353355
0.8,156.16811903442036,199.47940402811852,137.8536328085137,133.6462508376973,142.80349395065065,0.0,167.5527996613353,0.0,27.966715453073693,67.31811153306234,0.7661051061449736
0.8,112.0744305021974,258.0259047698317,129.39502430708245,212.68670333939733,35.15061683932555,51.197637570322,101.88584591108857,76.4143844333164,10.443299205886577,63.678653694430345,0.6122088176811413
0.8,192.98313450679345,218.82188054954403,227.43479589712757,38.21981185490191,128.38626939991698,117.88927882004954,68.36501557144426,11.035297789091397,88.82068952195513,59.48294661924874,0.6777810314497189
0.8,257.5363844151694,324.23022387694533,306.90714869206846,164.28049633658225,234.72766875508157,0.0,143.78152403447797,77.08768457270205,53.99025099286622,197.7717750273442,0.6758760200245967
0.8,440.8954074322114,523.2004370148319,377.7151980015692,201.8351555324841,298.14228558351715,82.64654422819146,266.0399088998394,174.17246924122992,62.15566549392911,209.34847773504697,0.6726707476771713
0.8,562.4244868203739,393.9919897843904,276.4209469955966,245.8303621947506,231.82503421364032,92.14031566519888,238.82769820419543,92.87743819052044,210.44848097931416,242.5133108308034,0.7794283508112826
0.8,754.53322878572,793.980460991425,502.3227335130738,169.95881960968666,323.9708857745138,133.86879865553095,246.75502698887843,294.1756359170132,164.92300273236262,351.2482271933524,0.8117501077791811
0.8250000000000001,0.0,0.7348903623346434,0.0,0.0,0.0,0.0,1.3552523565132386,0.3340410737884742,0.0,0.0,0.8039508754921074
0.8250000000000001,0.0,2.272200711080623,0.0,1.7478467008312484,3.670478071745622,0.0,30.325140259422163,9.70054918961343,0.0,16.342366652772174,0.8185715067912563
0.8250000000000001,22.48527245166652,79.09293204489714,0.0,13.412267778187047,46.54845875959034,0.0,12.623310850058395,17.65291126687854,11.34125584184934,18.244628962975025,0.8427680870470821
0.8250000000000001,48.858330212137794,78.88142008162538,38.09533573062339,52.11555222628032,65.99415037349628,0.0,16.002873373830642,0.0,38.37857242750534,2.5491302719376243,0.8122422199502585
0.8250000000000001,194.1709501865663,219.9557761351288,129.82099325406685,131.61472027657555,8.295987479102717,94.17066868170652,159.64170500327393,21.524724270104347,119.73127875245544,65.02260456594021,0.8182860391249174
0.8250000000000001,317.5003018954899,247.44864798521516,281.97050620718505,178.15294717469152,245.68475741912903,64.75998221201658,126.74813639161222,118.68463666093312,89.45445013722136,119.69257412726802,0.7839049382953681
0.8250000000000001,114.22218066901952,335.6254486781464,182.80764531731205,225.05420529078503,122.30639893554827,122.56718016995244,157.25108434570495,134.30233571813935,12.256718016995244,208.88576875772748,0.8528387046016991
0.8250000000000001,384.7207290305112,398.3729905291098,224.7162242669345,258.57383278345924,268.1304158324784,102.3919612394902,214.3405055279995,187.58207299074607,171.4724044223996,134.88434360615508,0.7683696742742165
0.8250000000000001,280.08114985252143,215.2233134899957,98.8863872791872,220.45847516948209,212.0240480191985,22.10401598005361,145.42115776351062,15.123800407405104,0.0,0.0,0.7290972393392984
0.8250000000000001,226.84772203025216,269.8906231334282,123.6029254652015,151.23181468683475,131.45534661240254,47.69618770892482,217.5411488187546,111.96970895082958,113.71469142798536,177.11572143131224,0.7751301451127306
0.8250000000000001,425.1090834657297,547.1344681354016,413.23050619700064,423.669255918005,527.6967962411176,23.39719765052704,231.0923214098209,274.6471047284943,105.82732475776848,226.7728387666467,0.8155591838046619
0.8500000000000001,1.872989916139697,0.0,2.2069338546762323,0.0,0.0,1.510007374252159,4.355790502650458,0.0,0.0,0.5517334636690581,0.8307699236379601
0.8500000000000001,17.244991242814386,109.5168924381329,0.0,0.0,13.43765551388134,0.0,16.79706939235167,16.34914754188896,0.0,34.93790433609148,0.7391886013261659
0.8500000000000001,0.6815749708107757,20.379091627242197,49.550500377943386,0.0,14.176759392864136,0.0,25.968006387890554,0.0,0.0,0.0,0.6715215729350646
0.8500000000000001,62.8193393075179,74.64248026562217,27.919706358896843,10.541113625297788,21.082227250595576,0.0,5.270556812648894,37.32124013281109,6.410136664032438,39.45795235415523,0.7412353334819605
0.8500000000000001,188.98832052418325,240.8717963690233,137.54640617589507,130.26064148278985,74.18233142070744,0.0,140.85811740003376,89.85776454829742,52.10425659311595,90.52010679312517,0.7179860514024936
0.8500000000000001,154.89354771261475,206.6096499916621,145.72221922963098,34.902000060243786,134.7675768749559,0.0,157.95065720694265,4.840423366019211,34.1377226866618,45.85664241491884,0.7669067285683617
0.8500000000000001,212.6131106818393,259.57377347807073,52.89525205070031,42.57422726031976,96.75960740981763,0.0,61.92614874228328,101.9201198050079,44.12238097887684,94.437376831982,0.6939292630600354
0.8500000000000001,340.99788076313644,250.15496707366847,171.4424127789366,98.6602564105201,171.17284923683135,118.06883144209785,156.88598150525328,95.6950574473624,168.4772138157789,78.44299075262664,0.7702877045398445
0.8500000000000001,376.5983342638912,324.8803536100488,211.72941251103444,114.5796145977393,153.43953376305737,176.5840444424012,170.8693504475015,62.57589924415188,1.1429387989799429,31.430816971948435,0.8082784800995814
0.8500000000000001,334.4912741892314,341.001298988095,238.3909081107683,195.92074632770556,216.6908254478895,0.0,138.5705278615259,33.48012753701297,48.67018540102811,133.6105089671536,0.8081029387883395
0.8500000000000001,381.6641021737519,510.4843018302427,50.02060944108418,272.7151035281028,182.60948515135527,93.87429443052784,328.56003050684745,101.41164653808848,103.46728802196866,132.93148262425112,0.7629871175147199
0.8500000000000001,661.9054144453414,522.3379299137237,488.2970800279633,365.7500204392258,436.8575735339254,112.33480462300938,402.0602603173703,125.19468124651888,34.41908155115775,144.4844961817831,0.8109797711512089
0.875,0.0,2.765834085596062,0.0,0.0,1.18700379506831,0.0,0.0,1.5788302905277525,0.0,0.0,0.7591780414892381
0.875,0.0,2.110736755830666,0.0,0.0,1.6844303174609252,0.0,0.4263064383697403,0.0,0.0,0.6966471066042099,0.6442061519066969
0.875,0.0,15.688758470653626,2.8353177959012577,0.0,13.42050423393262,0.0,0.0,0.6930776834425297,0.0,14.365610165899708,0.7660071097819021
0.875,65.99749997139935,109.89892065722006,67.59655834075043,40.267197119113696,124.4358149240481,0.0,145.8050494962853,0.0,0.0,82.86029732091988,0.7041330582807395
0.875,107.8080389988299,133.83066910199574,81.30051516703364,0.0,122.35485085774246,6.788512200825871,55.116253820991,0.0,0.0,0.0,0.8168146734416963
0.875,229.85746812792428,332.602500329368,161.2770432110682,42.705759105734565,209.0070092704186,5.526627648977414,143.69231887341277,111.78860471795224,0.0,52.00054196992385,0.6792198263610595
0.875,222.8030193598237,261.79354774779284,270.28128181864327,133.9470533056083,177.7119321084308,75.5938815685116,124.92883585532972,43.49963711310844,61.53607201366559,101.0570837810629,0.814675796299871
0.875,485.6681218425908,430.5865904649337,173.912246278694,253.5987256829187,259.47036100744054,129.1759771394801,249.68430213323757,60.67356502005883,119.38991826527707,148.188891523646,0.7619973069064581
0.875,335.26605957095984,280.3419269450005,100.98030633835224,138.45458432793905,267.75514655155155,55.7823221982399,143.8897849523829,58.35689091508174,52.921690290637855,0.0,0.769470459507851
0.875,387.22058899875935,388.45870439124144,330.57680979270583,305.50497309494443,192.8364723790784,238.95627074903456,158.7882990858222,165.59793374447344,143.31185667979662,75.5250389414047,0.7815970529331728
0.875,418.9283772346995,389.055128858064,373.59132969839385,357.07318059601903,415.4138774256835,109.30094406039558,330.7144320283995,338.09488162733294,119.1415435256402,173.61629056538715,0.7742302828570464
0.875,595.6496497884592,475.7585062208141,285.45510373248845,170.89245543451642,348.63583335861256,111.13718705318216,209.3337427371582,73.83772016547036,152.62332879563718,79.92742904509677,0.806100404412528
0.9,0.0,0.0,0.0680574727357259,0.0,0.1944499221020741,0.0,0.0,1.186144524822652,0.0,2.450069018486134,0.9328934958558044
0.9,0.0,6.754468869676522,1.247560481526074,3.7048765815016735,0.0,1.613007491266035,0.0,0.0,0.0,2.6841452784348863,0.8541271437405197
0.9,0.0,28.61831971787679,11.76907231001442,16.595238652969975,26.416910508809345,0.0,29.63435473744638,0.0,0.0,6.0115405324534095,0.7746506730522527
0.9,62.24215253899694,101.14349787587004,60.544639287933386,34.09172445885969,43.14512846453197,0.0,38.75988589928446,22.35059113900345,22.774969451769337,33.10150839573928,0.8533005657215675
0.9,204.08529602381347,104.56595780448605,90.23355818263563,82.76456119660091,183.89881768317912,0.0,99.92306778614014,29.674123160732528,88.61863991538488,35.73006666292283,0.8166769104385385
0.9,208.89160367454969,215.88797317561117,164.91442395359184,146.6738891829673,236.62721133947196,0.0,66.46551026008399,29.234829700864008,125.18504000113565,15.991701716711937,0.8756096508104042
0.9,290.7305109838276,329.7714653159416,177.48405480060333,132.07471784693882,242.27542581985637,0.0,132.6284902488128,92.75687731388786,191.88213724932623,84.17340508484152,0.7901426198404511
0.9,311.7390034733357,289.0166938868348,112.78024392324234,120.81618267944388,108.6237238769312,57.082875302673024,190.9228207938918,119.43067599734016,49.04693654647148,65.67301673171605,0.2
0.9,343.5938696980554,344.7705610326378,296.8203891484057,186.79974936495307,266.814760116555,46.47930771600407,207.98019338743592,97.37120793669207,177.6803915219396,86.48681309180505,0.7462075837299877
0.9,298.21834245475253,360.88741441988174,194.7989379802783,108.66755335825351,250.98500250073891,18.21416377311636,46.61591067356898,71.62179653157618,24.697171217784888,0.0,0.9216214609656732
0.9,352.62320333812164,390.5929302893239,196.1218939914272,163.76508319822878,83.20322775393882,32.35681079319843,156.50130934669443,289.5604394452553,87.8256292958243,58.440362350980834,0.8029645207942347
0.9,442.092553231372,507.39315107709257,429.3326662960014,294.227981097959,472.4911074009316,168.880856497553,204.53348175814756,106.95787578178356,197.02766591381183,117.09072717163674,0.7992385286417918
0.925,0.0,1.5791045604486669,0.0593648330995739,0.0,3.94182491781171,0.0,2.433958157082532,0.0,0.3799349318372732,0.6648861307152282,0.9222610324862429
0.925,0.0,10.241706092894704,2.9972765461433557,0.0,4.586925240656633,0.0,3.810302977688314,0.0,0.0,1.8566125974086367,0.8354936323854438
0.925,29.10877621652541,0.0,22.33002011130716,4.087191181087472,22.529395290872404,0.0,27.613462369786088,0.0,2.990627693478638,22.23033252152454,0.8937794547373227
0.925,41.37944289325004,124.13832867975012,66.78520378726752,23.73232754171693,148.0227865262217,36.05488222683919,64.65537952070319,20.08120022760664,27.83984577009102,76.21728268205247,0.8558961911295351
0.925,55.89377472552123,119.69171961424748,49.68335531157443,74.33683843966628,153.7549291271072,106.32990814787708,159.77715401335865,36.69793290059475,0.0,7.33958658011895,0.8011022025584686
0.925,310.1517839159367,293.34552961507313,281.6320796478046,126.81082790651598,231.2133167452139,48.890921602512186,101.34680623854088,140.8160398239023,45.58059878567543,42.01563575215891,0.8768566190245626
0.925,307.41519497348906,182.44966856150165,118.30069833668144,108.85885856333128,238.54530486199377,47.48690003655523,262.9830078047824,254.65197271064997,200.77794576859316,94.1406965636972,0.786039425613288
0.925,320.2731832571778,391.0644037988713,168.98549419630058,162.1347309180722,302.28992965182823,68.7930812522102,176.69260288430752,187.25419627157632,21.69408371438994,115.89207879003048,0.871715360556165
0.925,263.51916328575896,286.10652013882407,132.2113287799408,193.046609904196,243.9434540131026,112.6356195072844,204.49087070974895,108.1181481366714,81.61564942907506,163.23129885815013,0.7682652868439879
0.925,217.8213831446406,380.2485352309459,275.71930826210973,155.5419934236873,193.09740431069432,11.579585023493824,178.70116347067494,112.66623266102098,18.151781928720048,148.65683476106938,0.6706536051478579
0.925,441.46194715852886,359.569551660688,292.4728410637175,191.99981801594632,214.0213025195674,15.139770596239494,326.88141060062543,68.12896768307772,13.763427814763176,233.978272850974,0.826121487459213
0.925,581.931988093807,487.3303501329615,401.3973881605599,224.63177778750585,315.08752723213905,127.01494817850582,189.58017487771045,225.00867674352517,244.2305235005097,87.44055779647879,0.8595226246580455
0.9500000000000001,0.0,4.5828580084195645,0.2347016230727001,0.0,1.9517292866045584,0.0,0.0,1.5564423424821163,0.0,2.198783626681085,0.756999965802185
0.9500000000000001,1.1723145181465866,2.40505761970279,1.5711431686500643,0.0,1.9578861024716183,0.0,0.0,0.0,0.0,2.743457686796651,0.5996263281319643
0.9500000000000001,36.540550282480346,2.1060835897683194,61.708249180211766,35.06629176964252,19.691881564333787,0.0,41.17393417997064,60.6552073853276,10.003897051399518,0.0,0.6503134556817807
0.9500000000000001,114.92098099132228,47.43017483403693,59.09333258011159,0.0,44.78652574492668,46.65263098429862,76.35480604430208,1.2440701595812966,0.0,0.0,0.6926939002122696
0.9500000000000001,97.18024506741295,120.25649055164811,102.5430345109324,78.6542451716185,87.91724511951571,0.0,92.30498193694072,69.39124522372128,59.80322773379258,28.7640524697861,0.6495813437221375
0.9500000000000001,258.3471463940251,308.6515320421768,230.0351303508443,105.91727430439973,167.5970235413294,19.211725172158427,219.16533847712307,72.29675525312248,102.63105815653051,70.27446839289529,0.6749216206625076
0.9500000000000001,200.2365857439044,268.18891804086223,111.3972660605866,145.3734322090655,196.8946677620868,23.393425872723185,157.9056246408815,105.82740275755728,104.99192326210289,117.52411569391889,0.7543689764892827
0.9500000000000001,491.8681170816929,323.0440246391641,169.99242526220027,149.83868412286725,172.32909090154322,0.0,205.3344930572625,52.57497688521658,120.3382804261624,23.65873959834746,0.728255502157546
0.9500000000000001,435.8021822747141,351.38143790132284,222.3610549910456,110.54338980213872,253.26223312017376,183.8142245413085,252.9436642734817,208.98116342997983,233.51096462526712,151.95733987210426,0.7667007536039919
0.9500000000000001,374.31401448898913,272.5157774404634,284.2130903932443,38.88566197816357,246.59200278835436,180.5179917848081,302.54941880571164,18.33632841246737,121.08299624094836,159.65251462579351,0.7121218922267993
0.9500000000000001,506.6271520488356,339.1705583744305,351.58789053249023,211.4494276058165,299.08031454983785,276.37433574652863,242.3153675415649,173.13308837523232,223.86675976387625,267.50481277648606,0.6833471775309519
0.9500000000000001,494.0733713950947,553.1713006630072,215.1017798198555,192.3435710334544,344.3096748652294,186.83755277868,219.50659442367507,169.21829436340167,75.24891614858426,39.27626355072447,0.6767435008733523
0.9750000000000001,0.0,3.946541430523313,1.073182318826515,0.0,3.634972370218841,0.0,2.7348839737836994,0.0,0.0,0.0,0.6639971565357352
0.9750000000000001,0.0,0.0,1.7203886613570607,0.0,8.973919233565208,0.0,3.882498735765258,0.0,0.8834428261022744,0.0,0.6578361677965343
0.9750000000000001,60.102561849773,64.19405080198759,48.674609948759816,42.46683360746872,16.365955808858374,0.0,50.36763986002103,0.0,59.397132720080826,33.86059822522422,0.7410251383843576
0.9750000000000001,47.39131133693987,80.3931816078782,99.78764565335854,40.1965908039391,49.581008890461845,0.0,0.0,0.0,88.21353001331381,27.52762638713339,0.6801452528853709
0.9750000000000001,121.18170895505833,71.60037441436103,14.474054182688036,12.626302584898074,79.91525660441586,13.704157683608884,64.05538872338535,40.65053515137917,0.0,33.10554946040349,0.7677923478743813
0.9750000000000001,282.42441211905543,255.43163644749967,128.46561754795974,131.71474795286923,118.96815944130122,17.745250672967202,72.98046755642848,52.73588580276168,116.46882836060162,108.22103579429292,0.7568352182932528
0.9750000000000001,165.77551095226897,297.1862808281969,275.1928465393387,164.67583923782604,272.7185851818421,0.0,134.98470294786742,113.54110451623065,16.769993645254406,0.0,0.6923734947121396
0.9750000000000001,300.6405671728514,228.14159786418293,142.69638403610938,19.56321394043435,152.76568532897997,101.2684015740131,140.68252377753524,0.0,110.76231422157684,50.63420078700655,0.7326911868118273
0.9750000000000001,297.65823102337765,324.3097225335191,174.58224213946596,77.55883484411953,112.59506525632796,145.83456590380774,134.15582243307162,107.50433092293017,0.0,116.48797974657334,0.7103463929033211
0.9750000000000001,404.0194370432645,322.60107140336714,258.6953353539382,47.62206292144944,138.872080261259,96.47308230538788,224.89903263549024,97.39479965225463,49.1582584995607,166.83083978288414,0.7206441672448837
0.9750000000000001,347.88203978159066,386.5723426850565,275.1310428690907,96.89110043346584,329.36360420386336,46.9574616435227,224.2053450303407,2.314804447215907,153.4384662154544,76.05786040852267,0.7774581978423989
0.9750000000000001,411.7955076101365,538.166615765628,477.5230092657225,268.3570371462882,341.3472461671325,267.6307664097624,195.3668281254439,334.44767417013725,257.82611146666386,127.46051426028032,0.7092561377136692
1.0,0.0,1.689791603463921,0.0,0.0,0.0,0.0,0.0,0.1877546226071023,0.0,1.350045143508212,0.6593657632027403
1.0,0.0,2.41579965148221,0.0,0.0,2.1928027605761606,0.0,0.0,0.1486645939373668,0.0,0.0,0.7513962781190606
1.0,0.0,2.734042798483557,0.0,0.0,0.0,0.0,1.9694376090771384,0.0,0.0,0.0,0.6842951858258842
1.0,0.0,31.91294740582463,0.0,0.0,60.0080882201549,0.0,20.459527631341555,21.242667444981425,0.0,0.0,0.7677838264515061
1.0,13.941549670562406,127.4020336916288,37.96847569855293,53.09654023469512,87.95041441110114,24.026926027990527,68.2246047708373,34.11230238541865,22.098839371423388,36.78196083297316,0.7193182338454096
1.0,201.16606429935345,167.59926477215677,84.26909811373149,82.8607009307722,132.62406806200082,0.0,50.23283285888172,89.19848825408904,30.04580656979841,82.8607009307722,0.7245823428269337
1.0,216.79704790590495,393.4165334511385,174.73194905849056,147.7671421050198,0.0,0.0,0.0,84.3998457643635,84.93914190343291,134.28473862828443,0.680413349958925
1.0,348.0614764434779,303.7205889365236,242.2809278157765,102.8824514050247,92.73911112565608,31.009640282641247,168.0896389152516,42.31221945108058,62.30909028755017,62.88870973208552,0.7223461794406095
1.0,319.28622229108834,387.5746253476424,245.23124297642525,186.3514643409964,253.42585134321175,69.80592312447749,137.1838141402775,254.6398673975505,152.3590148195117,170.26575162100812,0.7588320717204813
1.0,419.678583014904,406.6431118758047,302.9952194039421,163.10235839897405,444.7957103317051,0.0,255.62240965453245,34.33733861031033,100.15057094673844,206.97784662325947,0.7386448209277179
1.0,433.6320992162749,349.83203096282307,264.0367229890509,121.7096229395373,405.0336632250175,20.28493715658955,245.41448559939485,43.230193940272805,37.909554686085386,0.0,0.6836524270718239
1.0,373.719737380642,423.0396283732546,191.7223931543814,131.63548370563504,143.79179486578604,249.3780403710975,225.76006440280415,29.5224699603667,27.438530904340816,170.53567941811824,0.6528426139913172
1.0,615.4657407562014,587.9653835543825,505.0769829742521,256.0244522591876,240.53129327224732,169.65009090699573,355.9553277249522,160.3541955148316,121.62129804748096,172.36139372971027,0.6228825085061392
1.0,446.1091223468103,595.636002690201,404.9171442907799,306.88023651742725,391.73571131285007,79.08859786757856,252.09490570290663,235.61811448049448,209.25524852463496,12.769513197369456,0.6944129552537467
