frequency,549.4765825502577,549.602282875567,549.7279672968629,549.8536358100939,549.9792884112088,550.1049250961562,550.2305458608845,550.3561507013426,550.481739613479,550.6073125932425,Max_Oxygen_LifeTime
0.2,70.8025414375724,0.0,101.53756381908406,67.56727592372899,87.22773558477694,1.990932623903707,23.14459175287965,0.0,0.0,0.0,0.45973694591830416
0.2,0.0,184.3452999252912,207.1472875468773,132.0761283004227,121.20133420397347,0.0,50.51517257705415,0.0,30.168783622407854,0.1753999047810785,0.971616363897645
0.2,81.76877885905687,68.38843322757386,263.3591838577387,165.23664922687271,181.1656321214928,109.16662943780504,121.90981575350165,0.0,3.3981830175193832,31.43319291205252,0.9117780783164717
0.2,186.2344229029771,388.370193058162,491.86370737761627,460.6000415936151,310.48054295836454,236.3640939014615,259.0033001588429,59.83218796593513,114.00457436752404,116.9692323297994,0.9391676774955388
0.2,77.6712416852865,225.66644543697856,314.35860655057934,437.9503458538548,224.09202837579008,56.1542085157125,133.30064451393557,234.58814211704447,57.728625576901,25.453075822541763,0.8415457954533347
0.2,128.1299159026818,119.56889702277016,346.1505300444386,368.40917913221,271.6696657892061,0.0,287.0794997730466,49.65390950348898,140.68607692655374,83.61261772713904,0.8653322467273351
0.2,218.0190476738534,258.03121393769703,421.8605561203602,238.49771544668684,498.734324375304,0.0,240.3880540103333,120.98166807335198,172.3358657190724,256.1408753740505,0.7316352996703497
0.2,363.0009287093695,208.5693672603564,697.8918428628525,240.14975398363637,602.8036454762672,373.0650079948113,475.4409869329222,87.80041583505745,152.34933814857888,313.0275694989016,0.6677301296999959
0.2,292.6274663978042,345.6229918084297,636.3303304739636,486.1763418105248,609.8325677686508,135.17699235173995,243.85622199816976,169.3552659861286,145.92970765244775,274.57826571447345,0.7000370427067865
0.2,315.0735898887151,420.9416903734116,646.1750196914461,459.7459343757698,458.4805785930841,412.5059851555051,462.6984312020359,322.243939323933,237.8868871448929,404.07027993760136,0.6751327152436368
0.2,211.5653518903757,615.0474376769919,915.716987447762,566.1543649939016,881.446142109151,371.49596347057457,227.10146844388257,369.2112404479989,226.18757923485168,488.01683762186246,0.5234310677705861
0.2,435.88879083064217,612.1975824048296,803.4129481937413,558.7395231520143,778.7399977693641,577.758255770803,596.262968589085,234.3930290315708,467.2439986616212,336.68296933263025,0.6944522570889506
0.2,659.055351388408,703.3243926235638,750.9136119513571,797.3961052482738,1127.200462450197,491.3863577102472,373.5200354216407,459.84466583019537,328.69763117104645,408.9352684097647,0.6630253734709786
0.2,691.3273912350272,796.6209451655125,1178.0844491193889,756.9102333974437,980.7342451811052,682.3022294695552,661.2435186834564,899.5077892918732,492.17215494364905,668.4636480958341,0.79822163316433
0.2,877.0011799431011,1116.361680956656,1228.8480366242256,861.9593998247632,1132.0574515149206,472.1810976278283,1003.2213348491556,706.9636655618897,818.7960307895328,597.0932716540258,0.7036243975064377
0.2,542.2218254950102,765.7051454625474,1584.1670090813664,1281.548611879422,1091.7709729561689,700.4919799638192,1258.1011815877446,1350.425438361217,892.4678154769222,781.8252537880712,0.7339582087744879
0.2,1325.5098770542618,1018.3101630588502,1284.8749942506322,1368.5828528261036,1759.490425396981,948.418164636616,993.1165357206048,998.8054193131118,733.8659834334769,1031.3133255560108,0.7500676178642665
0.2,1749.275523184572,1894.8967946255304,2317.1984818043256,1693.7574134477024,2511.056799410108,1711.049939431312,1600.9238529040897,1605.4745176366162,1378.8514139566234,1561.7881362043252,0.6612667032813783
0.2,2354.194317173123,1886.3327545912875,2902.8683314736304,2414.8036559621305,2698.7105587106544,2116.010248949641,1896.9659719226925,1472.7006003996214,1219.630027912181,2180.8728746712163,0.5525249130712094
0.2,2108.9262444190904,2371.269884475515,3585.7400112884343,3014.6902775449357,3521.284892826299,2547.673366582416,2431.2018367297837,2106.664661315153,2201.651151680413,2691.2838936822704,0.5601010204217014
0.225,259.3943026905762,83.45729738740249,275.3885758999558,308.4023962423926,334.85446347328883,176.14206008790887,226.58553713287455,66.02764068487357,119.34188471613916,131.64517180027673,0.8247662403650454
0.225,138.16816966767936,168.1831580515021,411.2797581849414,342.0716444734829,375.8074991858777,82.10711698384533,148.33853763244653,284.770303013457,288.4911693420308,68.96005595622083,0.7810588398643363
0.225,178.27447283110405,373.0759104687379,539.9711616297711,328.1008914870321,475.7598393486599,150.09735250521484,171.23019274963175,53.91583600819143,170.41739120176942,402.6077000410631,0.8336496532846075
0.225,186.2344229029771,388.370193058162,491.86370737761627,460.6000415936151,310.48054295836454,236.3640939014615,259.0033001588429,59.83218796593513,114.00457436752404,116.9692323297994,0.8326921862102807
0.225,293.88075120033045,313.8413037896949,507.6122066187518,420.0928606500033,538.3207490639285,4.913366791228339,253.3454751726992,171.9678376929836,245.05416871250227,314.4554746385972,0.6972630871582721
0.225,338.802930690904,430.4867499564343,608.2679192132513,346.36109500311613,671.033544588578,353.59064347566544,359.1771127499109,260.9209766911508,216.2292224972015,424.9002806821887,0.8245197440059927
0.225,444.90183773064734,480.53549969507606,604.7343797458539,469.1188895511327,553.8785709228349,269.15523309054544,307.9025160033252,365.3315246061909,333.1574414732602,169.17340486025293,0.8684417707442
0.225,327.2738737977892,387.4536326573133,474.3799510099624,408.2565122630774,565.0210692922093,350.3056333613089,589.9102288205328,93.24147823296671,356.6207932416315,258.9215550931435,0.7852449718092277
0.225,345.28204406133864,542.4125897329367,606.7734865743809,589.36770944116,644.4185394439071,317.35184354523983,373.6170300921654,335.56719170791376,25.50148742774464,421.3817208298392,0.7001181046785798
0.225,501.11377088547056,466.4315400699716,750.5590463661699,803.0270365742316,813.6984922097715,460.2065242825722,455.3154404496185,171.1879341534201,260.1167311162393,368.1652194260578,0.8729390368811302
0.225,461.24741068511617,685.933327527611,954.7963908105914,846.0161054893874,846.0161054893874,372.4180947241309,540.1012419659921,407.09477956451474,377.6433486041909,412.32003344457473,0.9409197834843136
0.225,781.1554819829411,935.5093021878504,1172.776154192012,895.8779159190201,1206.1499531552363,694.0707253132805,463.06146061472106,613.2435559492255,432.81645530430256,436.9881801747039,0.8786739544765398
0.225,746.7244383971305,858.2009299507914,1212.7970060988612,849.7981793311673,845.3167123340369,611.160061733885,627.9655629731296,579.2296093793168,469.9938513242248,773.6132403799204,0.7488796733202973
0.25,137.84312125717227,99.87244665160831,284.780059541727,241.7040841488601,254.14825481791053,58.87049970358319,154.27580816630226,91.41679222263848,74.50548336469876,102.74417834446554,0.8907084191471129
0.25,135.67127444421496,113.22067838782614,348.37131811638585,187.9269721616737,372.7573103845336,175.15335716407174,319.72745418237207,179.21768920876238,159.47664784883528,252.76274525555507,0.9102083319707164
0.25,266.6159574212317,300.0607153309615,378.01997496561467,336.09626434637573,378.2555014297672,217.861979341553,331.6212615274678,147.9106194881023,191.2474888922613,176.64484811477325,0.9443221441693939
0.25,233.21443237013565,179.23446263053114,445.46576969576375,249.7228697176841,502.8522423801006,130.75730534010887,327.5483600704135,184.4752363916576,217.23007239869875,286.93236342168257,0.843301338754155
0.25,363.8744755275443,415.8146224375242,484.4812573354629,540.5296644530114,495.33880216975206,412.5867037030044,485.9484931238795,249.4300840309764,279.3616941146953,216.27055521274156,0.8709211639441403
0.25,336.6051713826573,252.29947249507316,611.7567380816895,325.17912428067785,439.43959530047687,332.8994263766091,335.06111096346984,295.84197631613233,224.5063849497172,274.8427546151954,0.8162583665516217
0.25,219.0220905034033,237.46605601947917,564.1877308756841,292.46859604063457,475.9201816201768,333.6381619247326,263.485221658229,274.02463052455875,286.8695350803976,247.6761083587345,0.8839646218926953
0.25,339.8551074585566,435.8141966233269,591.3842351177238,628.8228191479192,766.2187877247468,346.0342912305299,457.62308052440994,419.8210150958639,349.66910521404617,330.40459110142007,0.8620823431292292
0.25,335.7631553972077,625.1738566270524,761.8941205996971,881.8651784446391,771.2425147174839,514.5511928998972,494.6858553995999,510.26651226257616,305.38087451439986,475.2100343208735,0.920458161603352
0.25,403.0993912973132,604.6490869459699,745.4808826502584,842.8825138110122,834.4494721520729,280.3986351597417,618.56360568322,508.09075995110834,385.3900038135397,287.14506848689365,0.8298172285604452
0.25,689.4393842141775,807.4515310616489,858.915474799646,633.0952389148229,614.4617420441689,528.836387376639,600.2647920474798,459.626256142785,417.922715527515,465.83742176633535,0.8914172453042928
0.25,497.9225308841893,735.6434702208265,1030.2835077084924,663.4183960964153,736.6000937191643,504.6188953725445,840.8720550378496,639.0244968888311,621.3269621696086,407.52161029138176,0.8738477512417712
0.25,648.034647430634,905.1830573274116,1101.4007194976432,953.7211106011014,774.5434033035473,685.7290930580722,785.3870109497955,715.678104652477,177.62862049094673,623.2492585249191,0.9391192474088602
0.25,1147.3235774565176,838.9326063514129,1300.7003259176422,884.7818834714654,1126.0364130793544,750.5090004770265,1169.1565665613068,934.99775841247,578.5742112768385,360.2443202289722,0.9311141893419929
0.25,772.519210592831,889.6956975787681,1037.6763125867744,1259.9492363539096,1284.713339273615,1081.7684958340576,1085.392510895479,401.0576667972145,481.9940031689465,1093.2445435285572,0.8825515117549522
0.25,1175.812178629683,886.0083083268212,1674.9897702086278,1419.0176292582976,1175.173844113599,931.9683934849804,1184.7488618548807,526.6259757706249,574.5010644770457,1030.2719089621637,0.9153880401320287
0.25,702.3698639196809,1166.8186384390856,1585.6937958339342,1301.5288890572715,1190.9458475050287,927.5571485351484,1711.0212429264725,815.633706479245,656.12604654329,1207.0306535489894,0.8366406301068983
0.25,830.2337019837378,1271.096967693031,1766.2745877377067,1884.0732523352297,1879.1355837592864,1719.7194268788016,1216.782613357644,1125.788435315248,1010.811295618268,1376.198770238124,0.7023520808996986
0.25,1042.1244036004143,703.7918965746833,1883.8112863348056,1970.4666055062064,1597.4719708119153,1623.0918043060667,1029.3144868533384,1016.5045701062576,1215.4350419432153,985.6100650103696,0.755610973873429
0.275,182.32395936119187,171.3405883153379,270.6978525455329,286.24354694889684,245.68956154881727,115.07193357272558,200.23530291289453,119.97220680856871,106.11626179687596,163.06081629615375,0.7349682530279553
0.275,148.7320233382081,147.7062852462212,393.47313208646,221.76457548772893,337.8781275007306,181.3504946634145,210.89175171266007,141.96215193108978,157.55337092930307,193.0439089120745,0.7725901930008846
0.275,343.4598777582337,163.70958459080703,472.9650102371292,235.8927731856002,356.4339802834421,252.87705285496347,281.1841856372361,204.2831415787296,234.2415237733012,260.6615143700881,0.7802447031227839
0.275,212.53964330913192,222.9139187647718,603.8360329308249,499.8272713114633,640.0129934940805,348.46925248430705,289.149677443087,188.5990076422701,305.64211534692464,376.13398703268007,0.7744336608163489
0.275,343.8743973509735,452.2142858114182,331.9031389575524,326.51607268051464,514.764110917035,360.9334405615953,335.7937979354138,150.83785575708504,367.51763267797656,210.9934291840169,0.8173128926325012
0.275,355.6197184761796,457.2711618999368,676.2867324312522,434.8244709230824,542.8892546259431,384.47974973213314,673.0800622917016,246.27226671749693,276.09429901532025,217.7329024754956,0.7840962965634557
0.275,561.4833243344103,341.72738939491217,804.7351768460567,753.2514751070848,778.4750336771862,386.3005271420737,483.7394794265681,389.064752738796,161.70719740831052,444.6947928728533,0.80167380927598
0.275,518.1805060914728,460.56488345447735,613.9664787254763,473.8884961892842,835.4265282364263,461.2850787374408,393.5867221389726,386.7448669508266,161.32374338358645,456.24371175670194,0.7916037598162216
0.275,322.4977780549915,403.4084632001498,669.4214233236141,516.3780990631991,715.6015785243882,578.5877296229174,441.192226546237,230.5191218286556,129.3807653972109,492.3338860247777,0.766825166377979
0.275,586.7761203805045,637.5992489173989,855.5926680136629,831.6511942400857,1042.0841479341684,270.076625200189,563.2546724626033,562.4146207512485,494.3704321316064,297.37830581918223,0.8298172285604452
0.275,551.3762719495281,732.2556511786147,1009.6914140058316,1000.0794663173316,744.0521324326847,445.20794066289193,908.7659632765613,330.7383818270943,287.9215239419484,439.5281533924133,0.8419934897076728
0.275,542.8072568915851,607.5924367422441,896.8119896469653,643.2242856601044,834.8033175041953,497.4576309961242,443.7784819770088,230.45013975448376,603.4276751804152,648.3145497912265,0.7573560230931569
0.275,418.6579571941384,680.3806754400609,1363.7131108603396,1041.479313019963,784.1842347443671,544.107756353366,629.2168357829621,629.708795779664,673.9851954829235,365.0343175535237,0.8159663184531726
0.275,771.2129382851758,601.6813011435916,1076.4738922793745,1051.512178835214,1114.9565338391185,669.2859417215209,684.8870126241235,557.4782669195591,114.40785328573004,710.3687617650363,0.8465959102028908
0.275,749.4777676235158,827.3016441713294,949.1129292026872,1026.3728646161014,1017.913747600033,838.016525725011,957.5720462187556,424.6476742065517,816.0228214832408,569.0166046140904,0.8661823154686811
0.275,911.3875064473089,755.0132257078229,1499.8800286195728,1596.569469382154,1541.6594166034035,926.9055648413,865.4301796650915,1011.0611892087372,655.9363913461665,785.4524940960412,0.8753687785904483
0.275,1091.5626825770587,961.8967556918358,1360.8688384156028,1162.006190932976,1325.3353872980188,809.1652552741423,716.9029611442714,923.2463351779704,888.336277939641,1082.8351682674772,0.8164756490907241
0.275,1203.5437808033482,1125.4938026477105,1656.758359841558,1147.137914237089,1555.752505757789,968.7379641670516,1143.2026212208375,731.3086188532595,1049.411471000198,1082.8614616383263,0.8361569321063043
0.275,1293.8045634381622,1632.8266563740908,1587.5293412427743,1276.8180702639208,1279.649152459627,807.5661963254598,1540.108714464682,1224.4430496433367,765.0999633898542,1162.1592413377791,0.7819711433974208
0.275,1560.526339989739,1644.5603516849835,1635.7146662433772,1751.4457174377037,1172.053321012604,1312.8471476248087,1267.1444395098565,479.8784352070445,1086.5450284104286,1319.4814117060134,0.8320106428086772
0.275,1543.0751545198657,1368.1673914130783,1967.5179929923293,1739.749217035495,1733.530274347256,1284.211665121821,1194.8143639783532,859.7688266493526,907.965632483228,1442.794703671972,0.8289673586522995
0.275,1457.3867838308984,1038.672095380598,2167.416536532477,1648.0804888421812,2123.5975575086118,788.7416224296367,1538.53304128251,993.230191207692,1159.5800189834931,1192.0385219641355,0.8365105221819555
0.275,1605.216628913617,2188.078381996017,2008.867594079027,2012.2811328964976,2154.796378525724,1341.5207552643262,1881.713273128403,1190.471662591434,1468.675076214956,1642.7655559057455,0.773445122916722
0.30000000000000004,193.91062336756136,149.7484858498755,344.3783622714704,218.3652272047169,257.20489212255256,171.61377869250822,105.0109458889617,211.02884605356985,133.63721743951447,55.67018638223016,0.7407217240849905
0.30000000000000004,238.9149029323183,180.56856590335664,331.9639632922318,347.2179076135299,307.9390009861892,116.12065114587452,273.2362776552373,211.83915176201603,205.7375740334981,222.89826139495693,0.867026873689901
0.30000000000000004,247.81674405922544,298.9499726976908,470.0668737992182,394.9369106681426,325.6379297502223,190.85253320760177,289.30642519131385,183.4516711678241,284.3725171647949,251.85357789910356,0.8479892845776956
0.30000000000000004,250.354166399421,228.7719106753329,428.5982077913004,493.0910660726936,522.7984063046723,222.1702795126706,397.3674142140916,297.07340231979947,225.21718620313064,230.0414551296901,0.8758760872989872
0.30000000000000004,222.5704503153397,440.7189711542129,541.5389632175841,451.9211924945884,577.2091943277266,323.6852376771412,460.4702561490851,171.86565898522184,255.2927284411712,373.2108478135338,0.797632544766235
0.30000000000000004,85.7604690919174,269.2555105074532,734.9510388971462,713.2682033154172,660.1937998019289,346.9253693076795,448.54343457131,433.9803360462668,372.4916978294228,333.65676842930634,0.7840962965634557
0.30000000000000004,216.89031487620787,423.00347124924747,564.7904628065205,602.5105175675995,668.8573996027122,407.511305900947,383.2626992688245,175.12882567643874,487.32963606501846,297.0454312435003,0.8105519957228438
0.30000000000000004,514.9692299347836,588.6934572972409,843.243774658164,602.2645837271454,704.2314255518392,365.3200520050166,337.8110119443976,336.3438631411651,458.1172138095032,560.084055634197,0.77806321886658
0.30000000000000004,477.6369459492568,456.2965462520921,743.4219239957558,825.6794646466412,566.4906101429043,450.08842997655313,280.52925420090435,436.1201683565912,377.1430637389748,337.5663224824136,0.6703456165782044
0.30000000000000004,561.8021494351863,570.4579419063068,958.7320613251968,660.3133113684288,1006.1328296194348,502.4481439189228,475.6564053178313,302.54055589539735,502.4481439189228,404.3491625795423,0.7814791732500574
0.30000000000000004,646.0493302962694,599.7173743031742,1014.9729425029868,655.5755268555987,862.1207886192199,531.7349715843276,337.31395998712856,438.2050417291061,511.816560596644,640.4202141475753,0.804430205528871
0.30000000000000004,640.7394120394764,933.7151866749196,1018.218500436646,805.1030003452552,970.8595004163373,421.5879609651048,656.9900493013481,407.1945393903032,198.25777459482575,540.449764937645,0.8523502692667881
0.30000000000000004,951.4286874198832,970.9374775404808,925.9171926467968,940.9239542780248,1094.4931483042635,835.3763974717158,875.8946538760337,662.2984133248829,678.3056257315272,524.7364317052883,0.8192687141174579
0.30000000000000004,567.0204509483062,781.2625105255049,1198.9315257108583,1065.030238475111,1139.7059563565854,534.0601340902741,990.869525544542,811.6478026290017,527.3650697284901,715.3418768094441,0.7077329333746215
0.30000000000000004,395.85873764931,753.5690773966581,1192.5520909351358,1154.9565683650924,1012.8676080635928,673.4021542693513,876.8602764131323,1161.038197016128,581.6248491718884,502.5636767084079,0.7396000724320938
0.30000000000000004,1086.5412470310946,1036.571970429662,1574.6132510450605,956.3887126273676,1526.3870887436815,845.4104355241928,572.3225285163796,667.031738819087,1009.8442178289008,963.942207927584,0.8241658209092182
0.30000000000000004,944.3652638847896,996.8300007672811,1649.5889363982394,1481.2137343102545,1786.851329404751,919.3530056036012,850.4167815603336,678.991304072202,621.0360714694572,838.8257350397831,0.8088869096929134
0.30000000000000004,620.3233913327064,1323.098905293228,1308.9274467165708,1305.706660676424,1443.556303194802,1163.9920749098626,1257.394870074188,548.1777840333642,960.4383971724448,823.877069070124,0.7500953902929088
0.30000000000000004,1090.918193141413,1403.292638170003,1997.9660893185155,1346.559423865027,1740.274260487493,1065.6274831500364,1228.9917990402653,781.2778789227049,1348.610021972436,1077.2475390920224,0.8399572348441947
0.30000000000000004,1232.2436382696785,1245.8398224317673,2048.0146879952435,1624.3862130500386,1520.625860234068,1016.1358689564094,1476.9749531873474,1408.994032376883,1102.006505769629,1204.3356813053772,0.7962337857581046
0.30000000000000004,1215.9508841138083,1280.7321008424703,1917.375092831024,1836.9570306851012,1457.2050705515765,944.1676185280536,1195.8463685773288,1187.655640025426,877.1525667397871,1326.1534137211827,0.8213576247342389
0.30000000000000004,1621.4102215055304,1266.408370204417,2472.4742623731063,1789.8989588780262,2466.204914005755,1424.7094164799655,1542.2596983677531,1126.1317004849902,1205.2822236227723,1402.7666971942488,0.7957711616736298
0.30000000000000004,1308.9918092479463,1939.488174796214,2117.6542445446867,1821.524338661373,1508.3100151309477,1881.7265722750108,1764.5762798376606,1348.8554504245465,1179.6383613483697,1683.2219100894952,0.8035843122847343
0.30000000000000004,1779.273251783209,1950.738325441738,1880.946009027964,2293.668472758789,2471.164981169125,1302.7899063904158,1942.983623617984,1383.7834587718326,1856.820270020737,1899.040313283384,0.7433503506397324
0.30000000000000004,1675.596518949092,1936.894558436244,2887.982876989131,2462.231525936637,2419.2909390279115,1718.537105857818,2050.184617514591,1510.2295778750497,1460.89358440545,1893.0403420188168,0.7786844305942255
0.30000000000000004,1872.3225979502129,2168.552136773977,2542.6368749039875,2046.0726159141532,2780.000287423029,1826.7488227465544,2546.4346895042904,1719.4605602879435,1720.410013938024,2175.198312324509,0.8174794864497246
0.30000000000000004,2100.5897272913844,2447.0787544734726,2892.9865082049605,2695.133398933375,2560.278294603983,2011.0144390141968,1913.5644001192368,2101.5740711186045,1513.9208062671794,1842.691644559265,0.8171196267616777
0.325,277.38969740060355,181.03659614320185,276.28581571680263,169.8400819218024,341.5725324444041,124.89632765280076,191.1292286808024,201.37955860180168,112.91132651440188,176.14797725780224,0.6904838691894314
0.325,239.316467811562,265.4269928925823,342.4980600282838,290.63715503977494,372.0299642578531,255.52300062047075,250.66104077779823,256.4233635542984,203.1218778716648,255.52300062047075,0.7902560967884147
0.325,301.6399555771047,213.50233013162625,370.2585178531489,295.2006770057452,381.1248004423181,142.67026584667508,212.8986477655612,139.85308147170582,224.77106763150456,289.9687631665145,0.7698843571903901
0.325,230.97481062076352,277.26571243780137,313.4829465019085,599.3832312993645,485.6946952305771,156.1418501704215,436.5256026269871,190.6801396090404,149.66592090068244,229.53571522748743,0.8540364758011214
0.325,263.4676904976893,317.9274924441402,560.2000167788868,502.5020644464315,503.67957367770566,408.30132594446366,465.7049009691008,183.10268546319915,259.0520308804108,414.4832494086544,0.911080856110562
0.325,358.4388387951474,290.38083142898057,712.6645628485775,513.3518269905184,489.0453957883156,472.8411083201789,384.3656987441625,207.73896534148943,275.14880120893224,487.4249670415011,0.8393893428768292
0.325,528.8704804865658,552.8774738419847,683.661840628973,607.3411005587574,976.045520897968,537.828313828139,593.7251938795654,541.7697604984309,419.22660038569126,295.60850027196244,0.853862127489083
0.325,504.0524845168764,639.424419593426,859.4983475670341,615.2238501942675,629.214804378156,384.5621731085232,547.9160165528525,450.7356050593499,478.3393795302684,366.4117460591525,0.7881536447098433
0.325,557.5544427638712,446.7739748784739,910.591098662394,924.3879334906112,894.7653175359085,446.3681856188185,844.8532385985301,206.95252242326956,472.74448749629744,698.7691051232792,0.8422857745123126
0.325,644.9361781069948,569.4335123900861,1061.6771486561825,919.107869257776,937.667183735674,536.1111068502192,518.3953975758633,481.2767686200648,531.4712782307483,496.4616622838004,0.8507270960130764
0.325,589.6791092430342,570.234169291002,1015.6589565643042,922.9563358627552,832.5147546905109,596.0100199250904,528.6310419517697,633.9954840174341,462.1564797901696,515.0648047759305,0.7855066817485893
0.325,606.7877510418535,1026.4987673375756,915.5128288482904,818.5818782026304,956.2238281194705,682.8785472986996,879.648377109397,591.2787989385465,741.0371176860989,511.7954194091026,0.7770964449164884
0.325,854.5374324574846,595.6479854644489,1423.8919584616992,1187.2508233196295,1053.2553087626864,690.7089542821998,1068.9302557485914,526.8804761069218,606.2664979387713,699.8105364030505,0.7981384129485255
0.325,1108.5954002798785,1020.0617398408606,1172.3836276769334,1178.9824098214576,1348.90105004293,1135.5404273700142,1058.004737171868,805.051421631814,714.868065656669,898.5341686792249,0.786338007417429
0.325,1067.5565180058522,1081.7827014773338,1667.4272543867044,1558.952605416652,1288.0623618138327,992.2762971359178,1335.48297338544,723.1643264670381,841.7158553960647,1063.407214493333,0.8731201779845464
0.325,823.4942761179931,1107.1069766188616,1736.6508633808796,1435.232881234219,1405.3454441859185,1081.034957066089,1363.3758517351175,808.8685090518048,929.0541601609189,761.1757903577121,0.8598952948851466
0.325,1059.200803758985,944.6030932834968,1652.0617914789916,1440.089147824914,1606.3551901910807,979.7110623887032,1615.6289933509454,1379.8094272857793,1108.881892115411,1193.6709495770428,0.7899872613901785
0.325,1064.541856070044,1224.6756866103372,1642.416114106756,1732.2303060184845,1785.8403275471942,607.8123220072883,1331.199495621921,977.5126003416192,1169.6731969899758,1010.9318345413344,0.9136288311130605
0.325,1279.9222578096153,1649.2161653352168,2423.39857388286,1886.5134553115035,1892.4458875609132,1099.724628233866,1509.0624534429687,1074.511791173887,1345.9205665842703,1244.32766431317,0.8563762312848724
0.325,1294.582477553361,1523.2218180736386,2169.3425482810994,1355.448923152616,2089.747965574384,1303.1662070609464,1493.5689343201536,1250.103151923139,1329.697734629855,1537.2679209042328,1.0
0.325,1348.2217530372425,1837.3479390896896,2488.960677578637,2051.496882557284,1934.839870551593,1227.3984191741974,1672.3615935387754,1556.5378459045526,1469.878351271755,1687.3603522252247,0.8517081958335102
0.325,1269.101935589416,1864.158029869932,2605.783988080899,1779.0246358504512,2591.741366386963,1921.206180501545,1670.1943177224505,1338.4373802032214,1937.0041299072257,1596.4705538292874,0.8584751997628941
0.35000000000000003,177.69794519715637,256.27899407561506,378.0272324713077,309.5045578492922,376.7699356892535,399.1917283025729,331.2977020715839,189.2231656993293,247.8970155285797,275.1384458064447,0.8523549816245227
0.35000000000000003,245.17624512944585,273.8821010851004,369.646718904375,369.882012805652,486.1172000359271,234.8233134733071,334.58792761427264,271.5291620723419,260.7056426136524,324.70558376068624,0.7463067162827757
0.35000000000000003,448.4401919407731,285.874035402902,506.9323908895702,452.655845919065,590.1915569608312,312.4853511408684,277.7062058199628,263.74185201687027,272.9635950943838,334.8810129005428,0.6192042971891081
0.35000000000000003,325.9269221558477,340.51229216626456,673.1709235576867,368.2805927630188,586.2196792648198,318.91472503545447,444.8537853177051,197.18298302543823,368.2805927630188,357.3415652552061,0.5540864987958815
0.35000000000000003,608.8004814690153,439.7239617181218,739.7488396494637,372.5308900980831,639.4280210911712,458.47551658883,531.2940546700847,382.5317193624595,422.5350364199737,355.02943888541955,0.7302500020489329
0.35000000000000003,372.0194694550214,491.7385008487923,735.7938265551014,519.1122738672018,634.2140423422053,434.3525188583879,427.0968199860398,280.66362456225346,494.047132308176,471.6204267027308,0.6804298684094228
0.35000000000000003,552.3709014346069,402.9221515800471,491.3431056703308,507.98704996967945,612.0117018406047,519.7765105150501,641.485353204031,264.9161134312865,378.3029839705943,453.2007333176599,0.8338688810904584
0.35000000000000003,371.78478231291473,596.4047549603005,853.4821292381765,475.7960011742654,711.4809971047732,546.6121501862475,343.0157217767959,476.9025035025754,221.66929977188755,314.24666124067704,0.7947853517880402
0.35000000000000003,529.0790704134535,790.2898327863442,972.0016674805267,721.7562744426336,867.4390384646937,460.5455120697402,582.3394357548535,572.9405477534284,431.56560739868905,384.179547058177,0.872504444314464
0.35000000000000003,713.2879480947322,730.0416286136918,858.2072845837364,775.2765660148845,899.2538018551892,446.0667438173159,679.3617450438369,466.5900024530422,471.6161066087312,557.4787192684007,0.8146116015808736
0.35000000000000003,692.0718013303166,851.9519665025083,652.8811201739018,1103.1286048231636,694.7438932273453,644.8648444828154,705.4322608154573,700.0880770213998,651.9904228748942,575.3904551600828,0.8459107878036762
0.35000000000000003,719.8163694446248,524.1984989443935,1042.6575982653042,1081.3985457237866,1264.58105037315,370.1912757143783,944.6095213642108,467.761069313516,616.5071762220102,674.3794557587513,0.8494062754673287
0.35000000000000003,996.1396377696204,1055.7511436518976,1094.4463316807453,1127.3895322998974,1326.0945519074862,817.8280280691266,1045.2929847251828,856.000308151636,744.0980076357881,574.1529250766635,0.794213019500791
0.35000000000000003,884.9649008619989,887.1649379057818,1515.2755139060305,750.2126319302455,1479.524911944548,851.9643452052406,733.1623448409235,737.5624189284891,822.2638451141622,875.6147434259187,0.9166130334041646
0.35000000000000003,1228.502764478279,1277.1502423698996,1507.4560237808644,1434.7927023731268,1266.0660069009205,1443.4137744045522,1004.9706825205762,889.8177918150939,675.5225727482069,943.3915965818134,0.8443615931248561
0.35000000000000003,959.765956154974,1333.491987930606,1590.0100348303615,1645.6001076572056,1673.0602641138355,1170.7403289315382,916.901321686087,1346.217426288554,909.5339626367482,1103.0945776603212,0.5672028010280062
0.35000000000000003,1269.7301688704863,1210.2227696518212,1882.011119867317,1428.8945378649755,1633.9441303533756,985.8153485019254,1517.0802017673325,1292.6727806174365,846.0088081689271,1329.9545247062374,0.5053471891170971
0.35000000000000003,1316.1850473764678,1305.41556130793,2365.440690054142,1905.429785126542,1823.120141602705,1293.107577229599,1563.883226952868,1519.2667846689185,1095.4105829714174,995.4082123349804,0.582362436670972
0.35000000000000003,1671.248202043648,1929.9880500693585,2432.506598445829,2384.1028853798,2437.78700350758,1816.459341241745,1416.9086915693867,2080.4795943292115,1866.6231893283664,1752.214412990464,0.6153543183338227
0.35000000000000003,1831.8667305609404,2707.5652968497584,3093.819367169581,2806.968917887949,2497.39764094044,1903.8160181695275,2064.7552141361225,2149.011616730397,1914.229730849723,1548.8030858902791,0.6006659417228113
0.35000000000000003,2040.7274377567496,1951.782902026902,2936.1690558909527,2537.4177103155694,3139.0425474994845,1585.0116142420209,1939.79038035546,1930.795989101878,1461.0888903038035,2089.696901248464,0.6004280235961192
0.35000000000000003,2755.2434013509137,2334.9705370402585,3327.251143945161,3468.069843934971,3221.3642144954674,2280.3896455713366,2757.426637009673,1903.781494435813,2553.294102915925,2901.520190487611,0.5690224900158267
0.375,171.00678266447633,342.2455962416584,560.8187160109068,362.66431655980506,459.18917624558816,318.11438132021226,381.22678957630114,246.88089111940556,334.8206070350609,347.5823072339012,0.45973694591830416
0.375,195.81564325421192,291.4953082981032,462.6701611026547,528.990586461847,588.233337968476,254.27198655500064,347.8545630499856,231.99042072286127,164.62145108921754,281.534137690795,0.5843958185975948
0.375,302.41318928555734,462.114536436357,593.7832003106869,488.7314276281576,459.8492691008855,350.5501201643429,556.6894476923272,290.52053577432724,288.5384268557892,339.506941903917,0.5565096326650063
0.375,407.71955640767936,539.4249463446276,480.189029339492,600.2362866743646,610.0039112869144,408.0346410725997,454.0370021510559,376.526174580506,469.16106606726106,446.1598855280319,0.45284481909635943
0.375,325.15352206654063,502.96662218737833,703.5505147907344,466.4663812962841,681.4494514988791,406.1907541366779,351.6078250977008,315.77731339726984,436.66343231181264,381.4107740821723,0.5545697635220345
0.375,467.3004696742574,512.5348633039283,543.9071040470862,612.8530749826332,586.5879431976632,560.3228114126907,523.8434617113448,407.10954266703305,468.394850165298,508.15734133976576,0.47333689335885143
0.375,337.3155304476537,635.3027927713675,794.5066473884767,671.983965925427,733.2453066569532,437.90513930311965,316.51692711287626,557.0244129477505,292.6930723839531,452.2750834253302,0.6010148331222689
0.375,560.7226769492042,701.0083504331255,959.318797117592,834.5737521333856,924.87740422633,633.8056325965161,783.75169676945,454.458379370067,605.6644945024375,741.7499981215708,0.45973694591830416
0.375,307.02305940944376,699.1353667123609,868.436653758137,600.4493833307534,961.4207803221406,746.0660343649453,880.278971763929,490.35968631393786,575.4489342074143,646.9414466127537,0.5700746016935583
0.375,548.5507176512573,1059.2703513265672,826.136296324781,1126.8934139335736,933.0091085568364,591.5835756738967,819.9887451786893,568.8849252883294,676.7035146197848,600.0955695684867,0.5375525654655853
0.375,752.127857140556,784.5382914769815,962.0240033193144,1355.0648260658188,1340.6601885829612,888.9719132276882,881.7695944862611,649.7520407445422,910.0644181133006,854.5036735365699,0.5236081754723285
0.375,973.0143615587716,1039.8377934246148,1250.6304077656532,1083.8434680679773,1409.2681484553052,939.3310056589108,758.4187876806491,748.096468937144,727.451831450137,1018.6498760037368,0.6013944016440795
0.375,720.7802956625777,1080.5806069180371,1744.1467547252369,1330.0814784935444,1549.5006847017942,1105.353743102836,1309.4371983395415,632.3048092882834,911.2975096552246,1415.0179454128663,0.5569846167761031
0.375,801.6822928538323,1109.7798014800132,1510.9353331198104,1646.1209746598702,1597.7056518757545,1294.009536229951,1219.814625989361,1161.3389763929613,1161.967746818732,1154.422501709518,0.6178536516632939
0.375,1337.596065999369,942.7839956280548,1735.1309782353128,1774.6121852724457,1814.7741027757347,1485.3102371555285,1425.4077161336777,1047.6134074162958,684.1140184882278,1258.6336519251038,0.6236118095029126
0.375,1181.714679739732,1470.264267995876,2110.576627502428,2074.8797712233154,2065.955557153541,1587.7664199146147,1503.7300707575437,1531.2463974726904,1519.3474453796578,1450.1847863388773,0.6901408819186805
0.375,1681.5657708944573,1668.5744370777927,1945.4522390454456,2470.7893002568026,2253.184458827678,1772.505107611105,1967.375114861065,1471.2685547372078,1649.0874363527982,1763.5735656121503,0.7005711035186568
0.4,196.05345063797492,264.42796367186,541.8796441120788,500.2502637275038,477.4587593828754,125.3532738954544,459.55114882638105,171.40141532643884,186.75079580343316,310.2435387319797,0.9743644205180163
0.4,473.1667881716106,373.69271353632007,667.0614416719493,455.3465662449684,490.45506317507056,317.8382866020643,438.5902381646908,323.95567621867303,219.69407927473296,442.5798400885668,0.7248558477265435
0.4,387.1256196382668,483.45826996556286,612.6995896593276,398.19489933425984,659.9684056584355,260.87599715963535,570.8158286474589,423.3251559413815,243.8233230333756,493.0317010539903,0.8291139271257634
0.4,371.4567901446579,570.9728826677689,750.3751577332672,636.5049976103203,571.9461318995891,385.40669580074297,502.52102002975874,380.5404496416439,267.96795516112326,238.12164538530823,0.8373113939085657
0.4,492.8043398536017,492.0967959342154,803.0623485051524,592.9218044469768,674.9968990959595,453.8894242872717,436.5545982622729,360.8473988877768,284.4326555938967,535.2569750168682,0.9038360119441948
0.4,602.7122972047957,633.3333680665015,823.0346363317007,680.3852574393654,909.6698612087224,460.8097736993273,702.0440636586214,396.20678273499874,735.6525560678095,659.8467343004158,0.8914680187822625
0.4,452.914801029286,737.1440006085553,808.4025959704965,854.297962474798,899.7907380448496,506.8619862185524,684.8071791562813,510.4853046267874,461.77180158274825,642.9377219944621,0.8359040809206278
0.4,477.5713714884655,747.2175354086256,1006.7957419096888,1012.4863265378742,1045.3166224697122,589.6321149358045,878.1009818568846,310.79346815472803,448.2429737893585,408.4088813920615,0.8708120897313306
0.4,1042.0457291107855,781.8766246021796,1061.6725212052943,952.1276350964084,1042.9586031616914,422.2042485446667,730.2992407259106,736.2329220568088,382.49422733019696,791.4618021367061,0.8537678237425901
0.4,1063.2471201556623,1163.5534522458206,1356.8266287122187,970.2802757794192,1114.6235341530596,881.7171240315222,848.4447797284482,678.168664765646,697.2513328218225,809.3008452542387,0.8770497712764139
0.4,974.9244115868712,740.2203865752168,1264.3379995383032,941.5515781936044,936.6277175290268,948.6638213757758,966.7179771459026,708.4888400701436,659.7973290537406,797.6654276619851,0.8785762174611224
0.4,1008.3818604655204,1310.7794369508313,1658.7998586312149,1396.1760446236672,1669.9131157941183,1061.0236049213754,925.9097941513452,964.5137400856396,815.9470390657794,955.1552077379312,0.8372462050235656
0.4,1344.39214651633,1610.9962282033102,1859.9109395413896,1400.619073696763,1294.4828516033651,1193.400735323941,1218.039501167051,1274.8981915742247,1252.1547154113584,1019.6658479686816,0.8939331446856179
0.4,1199.9733138052304,1175.6632185339934,1901.589674550101,1536.9382454815482,1764.5077484372916,1188.4935465938138,1353.2619700988632,1076.3969961764412,1405.258562762345,1193.2205095632205,0.8182358075795448
0.4,1370.9724772865616,1701.6230273640954,2288.5638509733485,2300.8369063255755,2100.8582985275866,1036.712205046602,1872.0019134302504,1165.940258461187,1578.1705294093829,1083.6385931580437,0.8137164261077712
0.4,2002.689113746438,1316.2522951307926,2799.266077269903,1992.605861043609,2154.713539112164,1395.3670471068326,1326.3355478336214,1748.2808917058323,1154.1446170622378,1371.3223675846996,0.7949590313398263
0.4,1674.241116363263,1726.7695976037423,1871.014474660937,2091.967610037564,2489.6832537154864,1602.53557054292,1653.3964809503716,1650.8951247008245,1732.606095519351,1274.857901852301,0.7857342037393725
0.42500000000000004,300.93817494605617,203.42875119087617,492.5476020453952,437.542286080936,402.0843138063246,201.3830989442636,270.4806859409416,309.1207839325048,233.43165080785568,243.2053226527788,0.8050210241815935
0.42500000000000004,339.7120224590173,366.4095190115304,666.0752966417763,460.12318037953503,405.36607010346137,408.9075747481826,608.8663754578201,219.30086453849785,341.6189864984823,396.1036733403435,0.7768435192056238
0.42500000000000004,281.6220550539082,475.4013758371136,499.0401182820534,339.40564769709243,659.8419341729369,424.0381823765039,414.40758360263993,279.57920076854134,463.4360864514045,405.3606574817381,0.7826324058125824
0.42500000000000004,319.0774537026725,601.0677484579392,587.3199222963992,604.9043511076692,685.7927236395104,435.1346838570494,516.3427732763677,365.436402386928,412.75450173361634,380.1433792108987,0.8461608306977746
0.42500000000000004,580.8087694677205,434.5441220346912,635.7022812161931,586.1210447982164,747.2600631566389,427.46108826069246,768.863316167327,248.96863715597837,315.54915463154765,387.7960991263121,0.7824619773550663
0.42500000000000004,783.3300384973211,607.2795465199165,838.2275037375871,788.6304834170727,999.133867372852,561.4685582849326,486.883726199881,503.1636641676839,572.4480513329888,486.1265197827754,0.9110407803032047
0.42500000000000004,814.5048167802719,620.3262252181448,737.7178375082924,823.7514163784684,786.7650179856823,561.2283930035836,613.0897559673808,295.087135003317,536.3027766954013,575.7013315051088,0.7947839548334689
0.42500000000000004,578.0582856892661,495.29663685710113,1031.7618887743051,927.7793043441504,983.378155610886,583.575728944741,679.4943578476615,465.5873270199153,515.2443163192142,550.046650699916,0.852644416160131
0.42500000000000004,662.0412928834721,819.6918691654292,1004.6806956696898,660.2187428686525,1059.812833618004,667.0533054242269,848.8526694025524,565.4461420979954,576.8370796906264,478.41937889032704,0.7565355482554537
0.42500000000000004,714.3243079437726,639.31057641851,1131.0134875776366,1030.3498994663207,1166.342535328242,731.746852039959,810.6322600310402,692.0621682653052,631.567223486873,732.2308115981855,0.8616430387169728
0.42500000000000004,1086.452795525561,1108.956393891456,1473.7240232177132,1262.818205974553,1125.1799182947746,824.2597075880306,1243.9779840868264,578.2901440538254,845.7166269601652,969.74808772103,0.8594104259235139
0.42500000000000004,988.6540212981904,861.3619619740012,1500.1055242330483,1037.7442325173836,1202.139358460732,897.894212183632,1259.220999413281,1102.2464867937647,756.3317426213074,1114.233631393799,0.8319714442634475
0.42500000000000004,1101.2195770252702,1137.9881772598396,1462.164669327934,1356.7613486555117,1439.4906991832856,1036.2617166108705,1279.5472881629194,1028.2951865600476,944.3402160244568,984.7856762824756,0.8606791711072438
0.42500000000000004,925.5263803277552,1441.083680918783,2168.4692023594685,1216.219877247604,1645.090552075533,939.865521431426,1197.970061297477,1107.3727606879263,1037.6323925928098,982.2311656013592,0.8722505059127653
0.42500000000000004,1634.5711976943294,1166.6461669294868,1918.140802804452,1609.2399178333756,1804.8536900929644,1365.7781725030948,1653.5696575900436,982.2907412747666,645.947636454323,1221.5306066282164,0.8111144096326467
0.42500000000000004,1074.0727556630686,1733.248267711014,2071.4797163102994,2093.2768541089213,1780.600670514913,1574.6552995900122,1773.084416101596,1334.8867838051858,1179.300317449515,938.7801762233536,0.8369905623372914
0.42500000000000004,1632.836409690127,1421.052677344185,2583.438200678045,2085.503929208184,2499.371375624696,1205.227270716823,1591.611332019736,1894.7369031255744,1037.9019554664,1556.0445983433142,0.9003047343044643
0.42500000000000004,1615.8276280027455,2080.125735125748,3055.2395291024177,2698.8973145618875,2607.617535467766,1723.783520585218,2057.3057903522163,1457.84339495522,1756.2580573783248,1793.121045089409,0.8910419476384728
0.42500000000000004,2098.9659231371,1607.9362344280232,2584.4157290199364,2158.484673283652,2720.1928777917674,2050.606938643017,2292.4018611134,1488.8987341349075,2161.274614696772,1807.8820357016025,0.8319100900187415
0.42500000000000004,2508.633145441293,2020.4445202450331,3506.5481292983595,3061.434971031182,3251.1721467902307,2873.7490079830386,2057.3663490413896,2611.1937809867304,2208.1304832931773,2190.695175250455,0.8515332226171272
0.42500000000000004,2684.6058100718533,3008.092472900388,4414.314563890399,3072.567477862779,3570.5813092963926,2938.0592778550304,2826.895476195744,2996.9760927344523,2615.6842530430927,2755.7506431337947,0.833292264809196
0.45,105.17502827161547,38.024817913584464,64.11631531173714,0.0,0.0,0.0,0.0,0.0,123.58065821915008,91.623630398158,0.8511489064454287
0.45,0.0,0.0,0.0,0.0,105.50573251771564,0.0,13.46881691715334,0.0,147.70802552480495,66.89512402186959,0.930240492867139
0.45,161.5410647314254,35.626059730333154,39.97733420121248,0.0,251.55805534776093,0.0,148.21528666435458,0.0,286.3682511148048,135.9773272150059,0.7871852803205086
0.45,129.14949730857126,156.88630209967468,0.0,37.56025648794982,0.0,0.0,0.0,0.0,89.2778404213617,202.53645998502856,0.8766407429783756
0.45,110.74281823651624,0.0,10.037113435336249,0.0,27.7693471710882,0.0,0.0,0.0,47.50900359391653,121.78364301538495,0.8629169914369046
0.45,220.0429895406029,39.84752855462819,15.868484822641214,0.0,207.34820168249075,0.0,76.87399314078569,0.0,303.9696426025634,283.51692883115976,0.8997764060861648
0.45,312.83510683126684,298.1043335232315,62.41196059459081,0.0,212.04560524994,0.0,99.62654579384662,0.0,113.9696671727322,313.61041068958406,0.9268319237168208
0.45,320.59519889554826,102.40654984277862,370.3355231048992,0.0,0.0,0.0,0.0,0.0,55.17414113978383,396.25065000388304,0.8323165618899174
0.45,242.9592383113959,98.47211552772474,0.0,0.0,428.8598676254178,0.0,115.95781828498416,0.0,238.81788765836447,195.56378083777236,0.7962666824138577
0.45,0.0,59.2531600250374,32.63945255616748,0.0,699.4885755497656,0.0,476.5360073199733,0.0,343.9696153995641,122.02133801765268,0.8382227600851322
0.45,247.6294886147108,110.4893906599294,438.62622422786353,0.0,153.7967900140709,109.37894452264472,491.9276388175674,235.96980417321504,571.8797607021485,812.8465724931447,0.8352138456676882
0.45,499.4161812202682,252.15022352563795,345.5618075436157,0.0,457.899921656728,101.95904922222893,10.989598119758416,156.90703982104182,540.9324407838154,742.408406312773,0.8194193883673982
0.45,612.458637992199,378.16680988096135,444.8244849210602,0.0,359.0274774437,273.2304699663473,257.39102243206565,0.6599769805944438,505.54236713580906,956.3066448822192,0.8533218692787569
0.45,386.3558024542755,130.14090187933363,479.894575680056,0.0,526.6639622929384,0.0,704.2520679824501,0.0,766.6112501329703,664.2608533424433,0.8158148264909361
0.45,683.0771169725218,431.8474482709922,373.1280878348365,0.0,717.2681369733257,0.0,328.5311052250857,0.0,776.7307804529847,906.0620300212246,0.726130259292322
0.45,174.51020406729018,500.52699439302063,387.88858994957866,0.0,706.7663264725446,264.14499070185525,844.7880333257701,218.93098328442463,640.9283858471616,1174.7709646530172,0.7758196920968995
0.45,1026.1210304806202,933.4445175568296,0.0,0.0,740.5771798505302,75.97804212671558,786.4979745425085,138.5973076157786,922.5905115387272,1195.610509070989,0.8019852126575849
0.45,324.42686318622543,412.7379004432248,0.0,0.0,790.1513859836416,523.3590944809292,517.7815552857451,101.3252953790817,1421.3429049046988,1641.655703114245,0.8691078051561709
0.45,1345.552509255933,516.2367759800318,411.2228310563432,169.78890160560186,373.9281590273567,787.1138675589073,525.0697246184654,346.447874374441,766.5036540692179,1580.1163675434373,0.7500379633126585
0.45,1025.911542850355,802.3291523855819,1196.0053231561144,454.6531863518298,962.7949828626984,1076.1908363998546,1355.4013814300386,392.6063985673525,937.1204499863588,1361.8200146491174,0.7778348447335088
0.45,1150.9284138357652,1460.0620787090124,1395.8573944661125,0.0,2106.8648236745626,1404.1802239049996,873.8970910839685,170.02351568029198,2292.34502259853,1246.046464565989,0.7778092804648814
0.45,890.3907574039007,1488.0689569456797,1831.155303835256,155.20572835480738,2498.267645009417,324.0259942846011,1787.5887835953024,172.90462720228498,2096.6387865474358,1311.079968470888,0.8031025678448216
0.45,2375.5234034635296,1843.7837277213637,1211.3596163357124,0.0,2583.185051978212,1525.998477721592,2869.5064158393684,462.51912623727793,3350.903873759819,3665.5427351456974,0.729228648649962
0.45,3324.1647841294107,3667.91779810981,3693.5164268104745,2027.777087788524,4794.257460939114,2033.262508224376,1078.799352385231,3132.1750688744187,3497.8697645982274,4050.068755141175,0.7190216883293316
0.45,2576.060413226618,4864.502430801723,6383.877868699937,1342.2191797070827,3134.623674346942,3653.587301283374,3013.740580522384,4789.471544979585,5137.531487543391,5308.435171915993,0.7524188488641564
0.45,5384.944634193073,4520.159034040889,4488.214447227883,4844.168414572836,6350.127507186131,2849.913494960656,4346.745562770242,4401.507711592572,5850.422899182662,7299.338086772725,0.9187355494140683
0.45,4710.116913402149,5846.167617074995,6578.954886381217,3076.3239135968192,6530.563274257188,3454.2393606603946,5627.253181275961,2454.146043431161,5509.730694689144,4240.02696705478,0.7704084246972513
0.45,5191.245712323504,4370.045387322261,5893.747465274446,4692.227225744589,6065.739273755515,4624.399470287238,6584.137119036534,3502.819085403558,6516.309363579239,6940.232835187524,0.7883502805622419
0.45,4878.810032115134,5526.568499830061,7161.734070016863,4869.105785407802,6319.8906681550925,2316.888901377388,5228.162913579356,5972.963848367704,7981.742916787081,7159.308008340002,0.7915159891606007
0.47500000000000003,56.70894789914384,0.0,0.0,0.0,28.957760629349508,0.0,0.0,0.0,114.02118247806985,138.3537452291199,0.768295111824054
0.47500000000000003,45.61389576633195,0.0,0.0,0.0,34.5362353659349,0.0,0.0,0.0,227.2006427218232,147.2677206170124,0.7754786713083507
0.47500000000000003,278.1316995685348,34.01066978419652,0.0,0.0,92.96249741013408,0.0,0.0,0.0,49.37845390890761,44.843697937679885,0.7255601761019314
0.47500000000000003,217.66647226306748,92.4170496759386,0.0,0.0,7.904089774915618,0.0,136.19354689085557,0.0,97.88911182780537,144.09763666577464,0.717434999389859
0.47500000000000003,278.23775984979824,156.00223913908584,105.01449431224216,0.0,335.30351399374746,0.0,235.3540274457606,0.0,208.00298551878373,228.9383509443716,0.6477553245344658
0.47500000000000003,54.21989499997076,12.512283461532624,0.0,0.0,0.0,144.23882323710598,0.0,65.34192474355663,24.677003493578564,147.01933067299947,0.6307757807813782
0.47500000000000003,89.96036686783178,320.28992686565084,272.59542201762173,0.0,348.2086614108374,0.0,124.8587850493183,0.0,0.0,256.69725373494094,0.6686732873388289
0.47500000000000003,243.10428388839085,0.0,0.0,0.0,165.96141507303335,140.525117787974,102.16217762033422,0.0,32.52510144647825,182.6409542763575,0.505916240766824
0.47500000000000003,342.1896980875608,325.7426631995066,0.0,0.0,566.0521173971788,129.29196870330722,0.0,0.0,487.47183959870426,224.31928138984125,0.6571459325435947
0.47500000000000003,223.73760315741643,123.7486743127308,78.70415686289839,0.0,401.4406994704939,273.2370728825088,46.52950154158387,0.0,273.2370728825144,0.0,0.6287988106741926
0.47500000000000003,97.47975355536384,288.2690038294963,239.2684859995305,0.0,157.42719558138842,32.840772588170395,0.0,158.46975979054167,433.70671100568455,402.9510668358029,0.613993447100558
0.47500000000000003,179.03365207373605,0.0,169.55211909787678,0.0,315.6792743730108,0.0,0.0,0.0,158.9551116542567,358.0673041474784,0.6615174224788783
0.47500000000000003,137.41673470682454,624.4472084119476,167.45667206134172,0.0,210.91870908489275,223.7016611506469,0.0,627.6429464283897,846.2314267527335,464.6603075900569,0.6553329998267687
0.47500000000000003,221.8457881521808,205.56352847128608,362.95870538659904,0.0,488.4677904268182,61.058473803351305,0.0,10.176412300557264,537.9929969562133,720.489990879564,0.5574616460286904
0.47500000000000003,214.7639528325684,407.18668909530174,252.96022632292232,0.0,479.2551296431431,134.76798382446356,492.2274489417509,0.0,626.274748360745,943.3758867712368,0.6074360417691748
0.47500000000000003,535.5694328276597,17.22810762942264,0.0,0.0,728.0748093824927,0.0,833.6905996324293,132.5815239307624,661.40952333822,674.1433420208327,0.49595810599416723
0.47500000000000003,1039.448498156803,608.6139126341845,0.0,0.0,856.8643243665414,776.7835463883594,0.0,38.43877342952879,466.870935612804,908.9168300523578,0.6478371301940737
0.47500000000000003,847.5865602734066,1036.8865767529835,692.394654871238,119.3783887709011,1453.0055318972738,0.0,310.3838108043467,36.66621940821136,1006.1892767833316,833.9433158424489,0.6524151794198672
0.47500000000000003,813.36856641093,201.94620012719488,716.5832907739349,0.0,1074.8749361608918,374.1123154430115,878.5125019358264,77.2420949795314,623.5205257383595,1171.6602117978869,0.6789738412873781
0.47500000000000003,899.4709903828173,248.61782430806392,630.6403348302025,0.0,767.0769457309581,97.02158997386935,782.236569164374,272.87322180153416,659.948940134819,1076.3332637726976,0.6639153508761279
0.47500000000000003,1406.1908420504517,611.3873226306354,775.4965513367491,129.78572989176934,968.5662321674696,125.49529253996717,730.4469591429055,193.06968083073275,1175.579834391532,1748.3532208560089,0.6366928133571066
0.47500000000000003,952.6931672450066,917.3237203173412,1275.5819891975098,9.127599207142431,656.0461930130267,559.0654514371854,0.0,308.0564732409047,1745.653348365105,1378.267480277794,0.6403723637548756
0.47500000000000003,1401.705371044732,2029.566025724677,733.7959914778019,139.52458992888154,1893.917118849372,1136.8670290500972,754.4663010968759,1170.4562821811362,2524.361562231716,1384.9107444792053,0.6649098009257333
0.47500000000000003,1592.0017683812764,1904.9334136928544,2272.5521426511364,1660.3606229396396,2916.6444611565216,1725.6813061842834,1010.1919618068162,1014.7492187773864,2371.2927103465368,3940.508193875014,0.7172023645453496
0.47500000000000003,2874.4040097204816,1717.0477714585293,1542.0409793675724,435.8659727548561,2549.1555376268893,2017.5311314637809,2360.9406857554754,1163.96026815219,3141.8672202746184,5286.525927125212,0.6435448894915344
0.5,211.74418212182215,13.983106366536305,0.0,0.0,72.11287711884484,38.35366317678198,2.996379935685702,0.0,107.27040169756448,18.17803827649538,0.5771860131308403
0.5,213.3141949539013,0.0,41.31559144370371,0.0,182.7765838868162,0.0,118.7823254006453,0.0,213.76327746959592,291.23001142653493,0.5991418852414753
0.5,210.79029164438583,179.45659964319586,0.0,0.0,105.3951458221913,43.86716880166858,0.0,0.0,287.41541117457655,74.34630556646644,0.5894693601588729
0.5,136.51478062225493,0.0,201.2825293019357,0.0,207.14512724276665,20.65867845817386,0.0,17.587793822499027,315.4636034829232,172.52788225879982,0.5698473637502038
0.5,72.6162433640366,27.27216379735541,0.0,0.0,57.17296988842557,0.0,0.0,0.0,185.6478619940397,142.9324247210695,0.5921104331555114
0.5,0.0,456.2585713551258,0.0,0.0,145.52755083092595,188.2205823246921,120.2829756867831,0.0,206.0402824264432,256.9006764668398,0.6374798519739147
0.5,54.60464367981951,307.0079267033302,0.0,0.0,22.529188651112005,138.61178780262344,25.58399389194274,0.0,117.99185242702792,307.38977735843355,0.6196135578895886
0.5,278.942056646415,159.395460940812,0.0,0.0,76.34203655585854,93.95942960721418,0.0,0.0,334.7304679756999,647.6489255068641,0.6199085319224859
0.5,214.51300568556564,5.98426839895338,340.64297040197766,0.0,0.0,174.46444024641448,114.62175625687549,0.0,258.7045261701477,584.1566614055438,0.6051567315783566
0.5,227.17844773602863,223.80212261044312,126.85335828997115,0.0,310.13957939334966,0.0,0.0,0.0,368.9841030107576,483.2968251199661,0.6047136175888149
0.5,179.90020927295163,0.0,32.9902962563571,0.0,263.40689667185165,91.75426146299374,381.4503004641359,0.0,387.6359810122091,320.62444174147294,0.6579043391795402
0.5,226.5068439160781,314.4706667961096,268.8394336770917,0.0,338.66071808811466,0.0,182.52493247605923,0.0,310.62224954511174,488.1992169841676,0.6250883396848459
0.5,352.011129213057,188.62029790597128,675.7892838987854,0.0,487.76968757849454,136.3592599511316,133.35575202268845,0.0,697.4145409835473,690.2061219552934,0.7770423524060598
0.5,55.67608714660938,0.0,495.1194892681121,0.0,564.7145982013775,161.72577694968672,290.9738363971884,0.0,0.0,621.7163064705318,0.7057322453070973
0.5,236.02244880983596,333.6153088749066,333.6153088749066,0.0,359.91693073640533,0.0,235.33030086611268,0.0,848.5733790054585,774.5135490270014,0.6298986828982335
0.5,699.624315600715,318.88139858432896,583.2657452166015,0.0,363.0681974643674,440.3950955044515,0.0,377.7971304243858,756.3307074967801,857.2238982728752,0.6374671266490877
0.5,557.7104300749255,459.2909424146435,427.2846049641476,65.6129917735244,1239.4454177705172,434.486030890503,618.5224712308615,0.0,591.317084397954,748.9482963416485,0.6325658882583579
0.5,1022.2307126425902,663.7429688273322,398.4121329176649,20.79395265749783,1283.402758020762,316.06808039396327,359.3195019215572,0.0,1142.8356380560815,705.3308741423185,0.7328332105264246
0.5,824.8967353057257,828.5186748679869,225.46573775096172,0.0,810.4089770566607,0.0,829.4241597585522,395.6968971773897,470.8521430943803,1174.4139030642343,0.706178199770931
0.5,969.4662284385108,402.1558656949032,148.35912446749424,0.0,641.0233868500936,616.7634042327795,1132.7545729782023,111.03607428699542,901.3516618591055,1205.5345208301767,0.6932682441140984
0.5,77.09273692206246,1239.5700594573902,951.486674117045,0.0,805.4162252120772,209.9762703008767,0.0,363.1473660276185,180.5593048964204,1295.360855914142,0.7299921681396336
0.5,523.6561370102207,995.3885642325054,1255.0071131721738,250.78047067788805,1258.3213925203368,1305.8260631773765,873.8649881330847,343.5802924265381,956.721971837246,1404.1496838396313,0.7315109697435289
0.5,635.0206779345008,1024.9869940686826,878.8968937646401,0.0,1463.2572949807966,1023.8088480984763,335.7716015052456,458.2987824054184,1592.8533517021397,731.6286474903916,0.6806139311435399
0.5,1635.878817102731,1198.4560655052762,1642.7349730838916,72.67525340020171,728.1237651982773,1286.214862064013,1985.5427721414487,1127.1520433013034,1755.1759311747826,2978.314158212181,0.6914744845987428
0.5,1346.1182077611886,2125.0340251629214,2140.8335346436897,1655.7885935841916,1919.6404019129632,1875.4017753668247,1259.2209056169695,1064.8869390035732,2098.174859045627,1764.805209001462,0.7204795820487688
0.5,2595.161682974692,3267.3448414788286,4168.681349472992,1649.9041163282882,2900.69948229475,3418.204129893098,2910.247538523493,3536.60002712962,4048.375840990722,4674.728329596805,0.7154714200900498
0.5,5750.67297141924,4857.923073299705,5177.523275490474,3769.1517178364816,4178.239976640633,3602.959612697264,3896.99179871277,2691.0337024462747,4664.032283970645,4201.677324801292,0.676692372336098
0.5,4598.554401811646,4078.576518921306,5968.139004067537,6374.3717250756345,5513.15835653846,3280.039055911091,4837.651374747834,4956.039196298789,7265.762381459123,5037.285740500387,0.7676858300884343
0.5,8011.114452519963,6551.078107986866,5861.616500846228,3237.368169169045,6625.034197334118,2731.603945245778,5906.944426575184,4499.393048675609,6644.119639746327,5436.965407174808,0.6923272355593874
0.5,5405.304079092819,7886.466945671511,8089.801268396013,4320.854357895533,7799.323664503839,2774.061117169883,4395.894405567655,4918.75409257352,6070.9819213456585,5964.473466585195,0.7323794447582878
0.5,7516.540209903524,7421.139899958218,7996.052294102467,2691.292954247366,7975.968018324492,5088.85337524197,7672.193347182756,4433.603877985875,8450.459033578949,7734.956708988898,0.7448654596270493
0.525,80.14857252232854,41.65356847835384,9.67310358028134,0.0,0.0,0.0,0.0,2.566333602931647,11.844616628916157,50.33962067289086,0.6844826571291516
0.525,102.3758772540636,0.0,104.9528444160655,0.0,101.20452854406123,0.0,79.41744253804892,0.0,146.88712823409332,96.51913370405995,0.7096115585150706
0.525,0.0,0.0,0.0,0.0,167.2637304378632,142.73825676662202,0.0,29.921077878914893,104.47851783948714,238.38760408446203,0.5986832906670423
0.525,140.3843827608389,0.0,158.3177170855796,0.0,153.5541751555659,0.0,3.3625001858884898,0.0,175.41042636384267,25.21875139416208,0.6429969620006211
0.525,195.03979225788487,301.92023688087863,0.0,0.0,124.5803908662915,154.53414604725785,104.15737597017716,9.530740284855924,80.67090883964862,500.7042485363809,0.5513533196828614
0.525,382.9928655153812,160.4587846348859,70.27392027805465,0.0,321.6983906061895,0.0,163.58206998057426,28.109568111221854,329.50660397042367,450.9243217841652,0.6085901832834727
0.525,102.29054581665996,124.88484308539816,326.1794914796316,0.0,353.7034536069995,0.0,0.0,0.0,396.4272157151704,476.5342696679686,0.6890026203265422
0.525,116.1509704737529,198.85769263989212,548.214502664069,0.0,723.1188823268843,0.0,316.81646031946576,170.8368359497303,330.37493936309795,347.0970635169022,0.6227479308920082
0.525,0.0,124.13352684766406,160.39725379193007,0.0,312.89087478830714,0.0,115.30005489970029,370.07598266195714,139.01095328633798,497.9288661192858,0.6623467535729134
0.525,314.7045308742987,393.505348430782,183.03734204575423,0.0,195.00708648470817,0.0,29.924361097393383,0.0,403.4801354632502,408.9662683311015,0.5779427154822109
0.525,61.22243298242418,414.7154373331231,260.8608014033826,0.0,440.8015174734613,163.43727761394962,104.344320561347,144.8043632279989,276.2995018946009,545.6782070172698,0.7088915425491977
0.525,254.36798361490517,3.812796328277568,80.61340808352624,0.0,140.52877895641168,392.7180218123046,142.70751971543007,0.0,624.2092274575691,331.1685953701538,0.6336890117933881
0.525,396.307597015616,0.0,328.7753607528722,0.0,580.5402766447014,470.9484897270774,0.0,0.0,518.9319207558779,744.0393749650462,0.6247273154023415
0.525,598.9348480368873,0.0,305.73243288912386,0.0,347.0814914356017,251.85335660128555,172.91424483073357,201.73328563585815,249.3473530530163,451.70713957593466,0.6721763590688403
0.525,531.6997223541839,837.7039896465728,534.4689917414506,0.0,119.77090099904862,0.0,745.6257825201286,60.92392651975032,708.2406457921024,870.935222293703,0.595333341804923
0.525,718.1776454327262,649.0521375136661,333.25771186240263,33.47129857133536,518.8051278556567,445.3137983838182,422.0294167689744,180.4539575150125,875.3472213329031,713.8118238799393,0.5994085205632591
0.525,108.06454184244008,521.5288758482969,0.0,0.0,588.8734454022826,300.7013338224365,878.6117097624436,633.5087996415554,793.2563832347254,958.4855015590376,0.676344249786825
0.525,757.072335916337,805.5709980434546,447.174105036368,492.3847222734966,901.7463110751598,195.63867095340868,476.7665090461192,0.0,1466.468020928077,502.2488569434168,0.6736461766935724
0.525,886.7111488683942,593.787664864113,489.6763060915095,0.0,797.5988841562474,0.0,446.4436232113479,904.3571418807046,506.4399994531954,627.3150515874948,0.6505298998228257
0.525,754.8018824698353,926.4316503664016,1410.8705113647811,0.0,848.9214326066597,473.3659727469774,241.75806015537705,580.4038925104342,1337.9739970431149,943.040982743484,0.7097571973787657
0.525,1234.8571862229687,0.0,1252.5965552189953,310.4389574303537,937.2299952897404,547.9493978770673,618.9068738611514,1001.2888277753784,782.5032768244581,1262.4517602167757,0.8021413513444323
0.525,931.0961791357084,974.0859801994034,1207.9085567166053,0.0,1806.6201764085783,304.0742026456683,443.5289231693649,274.71531411436507,1394.5472052370487,1726.9317646807483,0.6226256484737404
0.525,740.3703220211718,1121.9108560688946,164.6529090384564,0.0,1464.8431217903567,556.4132788195913,1058.3207670609345,949.3091859044516,2267.6679955157765,2364.18866633141,0.7020267755814148
0.525,1293.5080368792749,1051.2082605186115,1733.375323195581,0.0,1338.2403032843235,1151.8558599299608,1733.375323195567,991.5652386452132,1810.4142264487184,1702.311249303173,0.6279617634785647
0.525,1000.1835169142652,1564.6024310235646,1377.8461726785747,1174.4893580362518,2207.873987545167,2075.06953716652,973.8993027768151,666.789011276182,1419.3475634218985,1892.4634178958595,0.6148873443602293
0.525,2457.811359245848,2813.0607447222,2055.945538571266,2226.336646537288,3340.308701447271,1620.3229889599754,2110.599290182998,1655.6871811793628,3020.4235081903057,2858.069716637751,0.7082469390475477
0.525,4721.053604117388,4690.057765928687,4732.677043438164,1280.5155651709476,4211.559513890501,2175.5203928698543,3432.7890793992487,2590.089728643803,3979.090727475236,4984.518228721376,0.7069329543685018
0.525,4776.531482618723,6537.09150253977,4974.75434200452,3448.651467593545,4162.680047101458,3007.4457483154997,3617.034326641652,2310.46859757194,3265.3486083765806,5388.251489540444,0.781442815179121
0.525,5619.412528935395,6521.008876417432,6537.149987497684,5234.331736021079,6228.163003961631,5695.5063383136585,5962.987607643362,4807.745228900415,5766.988401669026,6055.222528101905,0.7077359158726267
0.525,5899.634816412956,5489.063156591415,6611.136840535532,4110.382185258855,5960.2874479775,4889.5352215110815,7775.20080787045,5185.799998768695,5999.9449378466425,6606.471253492083,0.7245972553169665
0.525,5508.940103280439,5539.28595978156,6825.483416098302,6099.517156725327,6610.728123936506,4775.970953945646,7114.936201185893,6087.845673455676,5578.969002898427,6694.762803478075,0.7066819105453669
0.55,129.10832189573142,0.0,11.720727546401893,0.0,52.833433401464845,0.0,0.0,0.0,7.934030954487308,117.9285510053188,0.7547186591637212
0.55,173.77052696699357,105.2080061228744,39.95540007812623,0.0,148.4733210003689,107.09938600822773,0.0,0.0,68.56252084412185,129.32309966114786,0.7822958096089884
0.55,10.082240615611711,0.0,65.4116098476343,0.0,122.95415384893283,0.0,0.0,67.87069292461071,149.2663427726057,289.6799864680851,0.760521017734464
0.55,267.24859162026,95.22650965779354,0.0,0.0,182.9130903984015,0.0,0.0,0.0,122.31440243435166,509.0848302233382,0.7275260683593776
0.55,0.0,122.0084230448828,122.0084230448828,0.0,49.05821709898513,136.6621762043178,244.33540594105384,24.52910854949257,415.7206059362172,82.82556133594798,0.7550741242322543
0.55,286.7827652215413,140.25411941336927,286.0445856456822,0.0,322.5844746507397,348.7898495937648,0.0,62.007084372227645,328.8590010455551,328.8590010455509,0.78769981194939
0.55,562.1262870919818,209.3378309496836,160.54793807894214,0.0,196.41059437709103,0.0,313.1727311617784,0.0,183.0663501731345,714.7510801748181,0.7463924986063925
0.55,39.88340982295144,368.3613806119853,318.6191503833591,0.0,13.891974207992089,330.71861179032123,258.1218433485432,263.49938175163805,425.7217902449937,163.1186648938707,0.715385123775848
0.55,441.5291486343384,304.1434693382461,0.0,0.0,329.7256303106204,0.0,0.0,0.0,259.61155949744625,250.13668506323077,0.8770753355450415
0.55,430.1599086716346,352.7018956718759,107.66176649652728,0.0,433.082852558421,75.02222642744134,325.4210860618937,107.17460918206382,409.69930146415766,399.9561551748715,0.7788062869413496
0.55,217.58803043527675,125.37215086984988,0.0,0.0,0.0,400.98365608787424,328.4543126094427,0.0,776.5820419582985,631.0052882623104,0.798056181217775
0.55,597.8228044142247,340.5744507841597,370.7731705581224,0.0,435.0852589656387,0.0,129.18341236640168,0.0,491.568049653986,424.459783489611,0.8247665812219611
0.55,79.79585228350655,0.0,0.0,0.0,286.91302769583973,312.7293328463822,139.6427414961348,362.0150063156149,287.4997619038128,932.3206564594892,0.7568465801904205
0.55,513.346937667861,717.2031223013132,123.54920280815028,0.0,157.5252335803888,150.1122814118995,229.183771209114,334.20059359605153,615.2750299845907,958.741813791245,0.6882704295974433
0.55,473.8003737688187,656.5424534131738,207.99371246793848,0.0,911.0523316087618,140.8775304894668,877.1619822929002,56.48391552643856,435.9229245334475,915.039431528279,0.7149342895228463
0.55,997.6441167967432,454.61330876188185,186.41356096719744,0.0,652.8158696321321,244.62174798856225,391.2474342829148,383.142496849566,1250.3708022186709,918.8051799450024,0.723875977737836
0.55,624.8046414208395,681.960955736281,717.9772633871091,0.0,804.8861796749622,358.5971500886457,1062.48107569934,262.2926752831857,999.0610557054998,963.0447480546716,0.7589343287949905
0.55,448.53535489852993,698.1763827161378,135.87019874664125,0.0,793.9403179773167,1032.940908543692,0.0,150.6031118637421,1067.3177058169426,1146.7117376146678,0.7950761179034961
0.55,1098.0468383838613,997.9871027149692,756.9736524516354,0.0,1018.8691345067292,50.46491016343576,221.8715877875432,666.484848020639,1179.8347962349617,1617.487379204111,0.6859551590020895
0.55,914.367816826546,542.9611600884937,797.640010423172,0.0,1268.0884422913637,836.5492792242866,1085.038018613326,279.4392941172131,822.4004542057068,1056.7403685761362,0.720265329130749
0.55,1602.6863455009411,944.2183120780744,1055.0779519576945,200.69417564412743,1026.4073554370875,598.2597807296296,1759.4189398134947,1300.6893954840702,1961.0688020083187,1432.5741394787806,0.7386146682006182
0.55,1027.111778904912,1117.3310567816916,967.6265407443938,0.0,1320.5722871634505,0.0,956.7209137482978,281.5634606264458,1051.897294805127,1291.8210887192045,0.693235862707171
0.55,865.8193389093456,1000.7114822901578,846.9971793678433,145.3488986816404,1734.7757044089396,639.9534244112581,1240.171178679322,1375.0633220601344,1271.5414445818535,1374.0176465300517,0.7362281454001418
0.55,958.06814073506,1218.6353666594507,1115.0911851785863,0.0,1006.9956111051346,930.7597851796652,1152.6401740672443,964.8952296239148,1342.6608148068678,1472.3755036949738,0.6985770905657197
0.55,2241.2852198473497,1612.990510677026,2148.204522192502,296.3885372694267,1840.793270727087,1196.5768632736952,1586.0460981979836,1336.1979097560015,2033.0783961456912,2186.1716488674915,0.6914125404093763
0.55,1848.793770330626,2086.2788550930404,1764.5694088742034,71.79781632351703,1808.7526804578831,967.8897931305216,1244.0352405286735,967.8897931305216,2504.639207901253,2807.018472802205,0.6851922592522638
0.55,2612.9869399374143,2992.3422727837446,3647.163096286145,1644.9225013461482,2820.76662431797,2115.574968238473,3102.528469046155,2729.4694902719752,2118.723145274557,3725.867522187856,0.7312942415550547
0.55,4917.882391299546,3989.842177785378,1737.33512411808,1026.690157470413,4932.497197811587,2532.0152282099507,3047.1871577591496,2994.208484153032,4373.480848726284,4009.937536739408,0.7652763977703027
0.55,4822.583408379708,4628.836024033509,4882.0504273374645,2766.175527002197,5839.277603463728,4030.329252587816,3218.8921874547104,3788.6245948885953,4249.014419077606,5553.452254279726,0.7422715385036568
0.5750000000000001,104.27248508663168,51.33139488827396,18.77977861766239,0.0,99.26454412192253,0.0,140.58005708077613,48.82742440591937,201.21191376065545,38.81154247649903,0.7545151188916022
0.5750000000000001,247.8862447228411,198.0127173981263,20.98638526040053,0.0,82.21725049074162,0.0,0.0,0.0,0.0,188.38367004335493,0.71002523486195
0.5750000000000001,165.0487723633458,147.00064987036643,152.23198972340558,0.0,194.0827085477068,164.26407138539082,0.0,0.0,235.9334273720139,209.7767281068212,0.6806241568509906
0.5750000000000001,219.50435130183797,94.07329341507383,0.0,0.0,144.1921135535892,0.0,71.02399645297555,0.0,297.2287247786822,328.5864892503725,0.7390368063800046
0.5750000000000001,83.22213695432157,337.20376973344645,151.64922733899203,0.0,389.911123137849,0.0,0.0,0.0,261.9956163376856,141.47763282234772,0.7804645558329799
0.5750000000000001,446.0768862837797,288.068030991948,153.5369065571571,0.0,42.48351297940699,0.0,153.164244162597,90.92962427171632,281.732770284494,628.6814596163198,0.7718783701433269
0.5750000000000001,427.8048312617749,240.2001956745732,125.48389532654636,0.0,88.6255894385478,68.74695255513433,154.05943584644498,69.98936736035121,16.979669004585087,563.642183298432,0.7923070612509037
0.5750000000000001,0.0,159.67425548220757,118.2601834551234,0.0,47.85626100907457,131.6047177749603,587.6196664287527,185.4430114101744,411.3797821357156,395.73446603658783,0.7432293464348967
0.5750000000000001,62.2738092540784,342.7511233748148,102.48209554411628,106.89520013692662,451.60770333076016,264.78627556852496,371.681475705446,292.24559303489355,527.1208263632695,497.2097841231206,0.7670041162583706
0.5750000000000001,440.97729653890985,364.8225242078073,562.4132848506824,0.0,352.9876609401283,126.06702176432988,306.162767141949,93.64978759636452,586.0830113860285,662.7523429896381,0.9276278246134199
0.5750000000000001,5.37069122278923,0.0,706.245895796628,0.0,635.3527716558175,298.6104319870103,189.0483310421369,31.15000909217265,707.8571031634629,602.0544860745316,0.746177758749922
0.5750000000000001,0.0,239.36680575721627,438.4499295699224,0.0,530.1099015306083,44.954253764158814,468.2248249202096,0.0,308.25774009710136,893.2468605086286,0.783075519802124
0.5750000000000001,787.0102808957514,349.64975330167806,372.9199587261917,0.0,822.2139249995057,227.3320068394832,160.50475023574936,39.97701957545208,471.967499763873,663.4991905656404,0.7042489496318506
0.5750000000000001,762.3595067383378,570.6805450441245,614.2439454291753,64.72276628635458,408.2512950370167,151.8495670564489,423.1873180261765,437.501006724129,1091.5743467910615,630.4246370007639,0.7680139048691523
0.5750000000000001,755.7134920841556,964.796409668588,348.690006755226,0.0,832.399076276561,0.0,391.94854142785687,216.2926733632065,420.1321321994372,1144.3848717943913,0.764951400170067
0.5750000000000001,532.5656391199526,329.9818469841291,426.7486755301068,0.0,914.7598036648616,162.90243078962737,548.5774165052596,131.5750402531642,670.4061574804126,737.9340881923484,0.6694551278876831
0.5750000000000001,698.4039368675378,540.4043577073452,751.0704632542745,0.0,1228.1223326993063,640.3944295430216,654.1335233830349,703.7469178053261,998.3741523745842,1203.6972769837253,0.723508339208052
0.5750000000000001,841.4238999197838,399.87669148568847,968.8395190504964,267.65293578401,1295.792805876464,927.9703581972414,304.51531616144194,270.05700406949285,722.82319783586,1099.460562561844,0.8459337956454407
0.5750000000000001,1186.322671165945,618.2125301423071,608.0222137113992,271.7417714911289,1092.9114372158592,708.2269919487376,715.8697292719282,0.0,932.4139534289244,919.67605789027,0.7857244649703711
0.5750000000000001,417.9660587850897,891.2511547623233,259.0335868521084,0.0,1328.534972566894,586.5574102278116,289.76638529218053,661.1942064394469,1187.1640997425343,1304.8268137702626,0.7830463034951205
0.5750000000000001,1074.6989266639791,574.0510904247217,619.2223237696193,53.64083959706866,1275.1462746319546,0.0,1310.90683436333,422.5392452470484,1328.7871142290232,1808.7314685185345,0.762213282618409
0.5750000000000001,668.9875030447876,766.3655966466489,139.25067385066785,0.0,1112.057828933252,1035.1291349877852,611.5344278196864,422.6209262320811,1422.693947523195,1094.529772084922,0.7243288304963786
0.5750000000000001,829.7478083982261,1528.703087099391,1295.3692141198107,888.3428617025211,1782.9637648304956,1140.5108589584745,851.7209533873381,249.02897654322655,1062.0353411402425,1877.134386212386,0.8275743900595364
0.5750000000000001,1621.7137338823898,1430.344952068903,1599.8430159608545,0.0,2252.6839459188973,1107.7518627261418,1062.9168909869702,705.33065296976,1455.496277678679,1313.3366111886437,0.7458130418508381
0.5750000000000001,1816.032102549625,1056.2397511615866,1649.13455070863,320.9568304634632,819.3152544921838,1699.3205278356386,1000.2181952988576,1567.4364484088474,2322.560336808344,1996.935043356312,0.8300370812706419
0.5750000000000001,1827.0282447114569,990.951914946877,1727.5553078870612,114.58275001291308,2262.6945249803407,671.1275357899337,2198.477818929147,551.5081813808531,1809.400129324856,3000.5570690195677,0.8530364016124176
0.5750000000000001,2602.4727186458936,1351.0709432970168,2594.562467221463,1610.5271900191776,1956.9962024103072,3062.8493515492246,2358.836974772666,2074.06792349227,2284.4806113827963,3700.4156163603448,0.7673747981534679
0.5750000000000001,3320.226295683815,2834.8656568994925,3314.833399697328,2922.94962467887,4866.189811811615,1786.8462035244656,4393.412596995784,1925.263867177787,3796.5987744906383,3872.099318301524,0.8293170210376367
0.5750000000000001,6241.720478061247,4617.822653825124,5460.411147532555,3934.997692690792,6394.918386008037,6913.602731485077,5653.002803237084,5725.224674126326,5322.533030380432,6272.360059650605,0.7575764728344356
0.5750000000000001,6012.250925776797,6840.960249009594,7690.798138557115,5296.227289555831,8080.502806139672,6099.112809515081,6718.88408808012,5453.517727676495,7796.440970130712,6676.62695545067,0.777737700512724
0.6000000000000001,0.0,30.15286340764849,5.960449743372217,44.00214369371885,2.980224871685924,3.330839562472959,0.0,33.57135664281756,15.427046394610723,36.463927841807,0.753035799880364
0.6000000000000001,0.0,96.41816915450497,28.094259632950724,46.04798768240977,1.6623822268013877,0.0,17.621251604099324,63.83547750918895,33.4138827587167,79.62810866380633,0.8250563095997383
0.6000000000000001,0.0,0.0,74.32949030472248,78.41566647330615,0.0,0.0,21.014620295576183,57.98478563038536,38.72138369277453,81.13978391902941,0.7768435192056238
0.6000000000000001,0.0,0.0,47.54128124175266,98.38978204814778,2.687115896272984,70.0717145258874,110.585154192772,0.0,58.90984849521495,91.36194047328058,0.7925087349256313
0.6000000000000001,0.0,0.0,185.708650111894,56.74430975641184,0.0,69.87522441078843,75.97172050032036,149.36415419353014,132.71603025673318,68.4683406978193,0.7809792497746779
0.6000000000000001,0.0,83.20508353813295,50.43508140619144,210.7008730827162,78.59680198832793,32.00195520697454,56.579456805930405,69.6362545303753,200.7162630581413,216.5892328407999,0.678009784312696
0.6000000000000001,45.4314438676544,199.4104985868834,266.49048282100284,81.1057991194352,145.74651119958625,135.98942258371522,26.83199369364856,186.29941075930387,101.83961242816405,147.57596531506258,0.7459878527544044
0.6000000000000001,0.0,0.0,197.0320859527561,238.4755550123372,92.369765785337,0.0,106.41839936485852,89.91125490892148,132.7595873264562,100.79894593304992,0.8093385451053304
0.6000000000000001,33.732628233438845,98.89793277531211,300.9103768551146,227.69524057571704,53.28221959599969,148.7302244838028,78.19836545024664,101.19788470031814,207.7623238923224,187.8294072089245,0.7428407695517603
0.6000000000000001,79.54484385192333,227.84201505325,192.26668287826868,470.4737749432898,211.4533788827528,109.5240563589308,132.70798069768313,197.46307971281652,57.56008801345399,145.09938853391208,0.758836332431919
0.6000000000000001,0.0,176.16843619196044,131.57989899200984,68.63137588619786,175.73129367039314,89.17707439989938,203.70841505075344,297.2569146663349,298.1311997094714,232.55982147425195,0.838123911579773
0.6000000000000001,158.56261913658574,269.20796325936897,45.73921705863019,273.12846757868,0.0,116.30829480623096,160.30506550072434,68.39101979242842,225.6468041559112,266.59429371316287,0.7430589179773803
0.6000000000000001,0.0,359.9414903841765,101.6628636962942,151.1204730620597,94.79375128438222,175.3913369174806,80.13964480563655,208.82101732211683,270.1850882018628,257.3627450329625,0.6935750153376271
0.6000000000000001,0.0,206.20993133268885,206.68397715184355,23.70229095778035,0.0,215.69084771580057,186.77405274730867,178.2412280025083,85.80229326716434,182.9816861940652,0.8148058900224419
0.6000000000000001,48.44365915990839,314.8837845394056,159.24564553629602,144.81561940355692,102.04089908151008,246.3411604088966,225.2114792859573,230.36506004765064,539.0645476730264,345.8052691095633,0.7307335319298279
0.6000000000000001,299.95069569659,551.9963801022553,411.54759699931367,207.95129901288,117.0406525857844,103.97564950643884,248.7794336358291,296.6844449267536,115.40752720086503,164.94566387671117,0.8564790564542399
0.6000000000000001,337.2933870001633,515.0640726442293,718.7351230841191,656.9274343668121,427.9446637855482,425.00144051329625,501.5252455918657,484.4545506128006,12.950182397911789,413.8171920787352,0.7700590463593434
0.6000000000000001,266.47705864006645,648.2209379942065,614.75637714173,775.2623264156325,418.9267247457756,325.96961126668543,548.4469695266471,771.5440418764681,392.2790188817684,139.43567021863785,0.7756482476235791
0.625,9.932441434423676,0.0,11.998389252783856,0.0,0.0,16.28920395245478,0.0,22.56650693901019,0.0,22.0102902186824,0.8005819309581614
0.625,36.53169591786585,0.0,0.0,6.598235826574184,0.0,19.150977155180392,42.64713400103194,58.41852695235736,0.0,20.760302966540426,0.8128980651751632
0.625,0.0,0.0,65.80951000258885,0.0,0.0,2.2890264348725258,0.0,0.0,0.0,0.0,0.6954838140618056
0.625,75.14893494392113,56.880685565287386,12.24803083340207,102.34371526892976,0.0,25.326436638559034,83.0374971756024,55.21993562177651,31.34665518379071,31.761842669668155,0.7758876996063889
0.625,96.44094402473,182.0322818466764,53.52472393372481,0.0,0.0,63.16881833619844,23.386928925996443,132.12409331387903,12.296220363153848,38.576377609892006,0.7731224978831928
0.625,113.27824081648598,0.0,36.1895473943255,88.73875319978421,6.692587531827283,142.03157984211418,33.21506404684685,188.63181895261565,0.0,99.397318528251,0.746866289718287
0.625,64.20381267083569,118.48521792890428,127.24028329310929,0.0,0.0,119.36072446532508,75.00172662002055,96.01388349411224,0.0,134.82800660875373,0.766066759742033
0.625,175.5689390667859,158.31074467836763,98.2389526725301,133.41911815661257,41.48604420292741,2.986995182611856,0.0,82.64020005223011,58.41235023772098,129.7683462667548,0.7246799131188612
0.625,0.0,102.31031480842132,301.04258098305166,186.2194938599308,162.66604009108633,189.531698296176,195.42006173838672,194.31599359297115,163.77010823650193,142.792813473623,0.9046080528567414
0.625,151.36560219756092,163.1656088204902,370.6829666719843,140.3793891348337,124.91731149099766,144.855253715946,209.1449449718982,133.46214387311693,263.2622167253288,374.75193447299296,0.6583114009953761
0.625,29.53292016444652,0.0,301.7494016802091,334.70642853038726,72.76226707182323,327.8582151589222,61.20590700747554,222.1389212369189,61.633920343193125,177.6255343223931,0.776341465374525
0.625,106.18299518964076,256.90885700544766,257.35878495116555,503.46937125935966,106.18299518964076,117.43119383261224,227.66354053372405,572.7582749000584,236.2121715023821,413.93371006131525,0.7272559392542147
0.625,0.0,373.034723682893,447.4556161882071,422.3385649676629,46.51305781582009,391.639946809221,68.37419498925915,267.4500824409758,404.6636029976514,133.95760650956657,0.8304329400969626
0.625,0.0,135.49594163799003,522.1432893835379,234.69832748008895,141.3029105653314,486.3336476649265,276.31493812604384,317.447634694717,277.76668035787867,339.70768224953133,0.8279309788321849
0.625,221.6071738534469,233.8902504642615,628.4840865866802,319.3599918811782,74.21025452367023,166.33332910478256,44.526152714203,356.2092217136218,202.1589692196581,461.1271677643316,0.7996387311804235
0.7000000000000001,0.0,0.0,59.736174601842585,0.0,0.0,36.5265781004896,0.0,7.990188959482492,0.0,0.0,0.7704524520487761
0.7000000000000001,20.61097459608999,0.0,0.0,63.40905713973413,0.0,47.52648259804168,0.0,15.03388735244222,0.0,27.88543621823884,0.773823689251259
0.7000000000000001,107.65850046549954,0.0,59.37049658023909,68.07816941200659,0.0,32.983609211243554,0.0,0.0,0.0,0.0,0.84300839117218
0.7000000000000001,54.77029883093251,8.898255832476343,35.899859737922185,74.86808355600849,0.0,65.96982772353215,0.0,49.2472434866371,0.0,59.83309956320391,0.7942752914371906
0.7000000000000001,48.88861860892845,61.06168830271768,78.14325384077732,44.76548209974119,0.0,115.64416209099969,80.49933184602673,50.85201694663682,0.0,53.01175511811469,0.8717930001868117
0.7000000000000001,83.25252024979643,9.630754270541107,66.77322960909144,71.9096318867124,0.0,68.69938046319945,63.34896142400894,0.0,0.0,25.89602814967992,0.8279783055038491
0.7000000000000001,59.85573766346408,54.56080702400261,128.45962160081913,27.85593945107289,0.0,0.0,0.0,90.93467837333928,0.0,57.55359390717653,0.8401205465089783
0.7000000000000001,98.85628069033052,170.75175755602388,164.76046781721703,31.86276815638664,0.0,24.509821658760263,0.0,173.47507107366582,0.0,0.0,0.7201082914806091
0.7000000000000001,240.5321353823656,91.745828781558,0.0,0.0,0.0,127.48203175265378,51.54260043907795,184.8661269081616,0.0,421.96208892791947,0.855418467053237
0.7000000000000001,418.6110990494142,13.370870485607483,57.25475310503929,22.62762697564357,0.0,179.64964447329504,71.65415208953829,148.45094667354306,0.0,146.0510468427926,0.7429115474876461
0.7000000000000001,176.58862073267355,0.0,188.88276521406092,146.4120842783543,0.0,136.72578862635268,160.56897792358987,209.7455558491454,0.0,147.52973377666282,0.7909549954879447
0.7000000000000001,191.6925609676114,154.38593419544586,69.85070544575505,122.23873453007032,0.0,59.13497222396321,0.0,9.128217188933876,0.0,209.94899534547915,0.8064031178156387
0.7000000000000001,326.8717761824193,147.43819534154028,381.3504055461536,194.13416336759957,82.58268419423551,206.6728955227462,3.45896059452274,246.45094235975992,0.0,293.1469103858192,0.7914147153271924
0.7000000000000001,331.7347298748685,292.59748646266235,184.97006707910572,177.51535404820785,0.0,404.4181819261044,181.24271056365555,296.79076254254534,18.170863012808347,264.6423125968043,0.8611658390359279
0.7000000000000001,275.29460211255235,412.4224793912544,238.4155139050208,519.9432013484203,59.21431064307758,130.3753681702847,215.0414439143318,310.6154189873682,0.0,409.8253605034009,0.8573277901726684
0.7000000000000001,471.9898946188293,231.39939850728183,433.603545801031,491.4533954278521,20.54480640952543,428.737670598776,341.6925697584164,520.6486466413904,0.0,334.66408335515894,0.7679619241896103
0.7000000000000001,381.5624415489875,347.6828070009668,484.31215288313854,365.4557300425488,217.71830725939117,654.2657294682737,38.32286530841336,203.8332111331559,150.514442008407,523.7458258816494,0.8236562398212448
0.7000000000000001,447.876798293798,518.7433803023087,237.54478289253265,660.4765443193356,106.01640668473516,650.8386891661794,54.99246763860471,304.4428363085689,137.76463542454988,482.4596903139523,0.7732702025463734
0.7000000000000001,539.1244400260224,280.6319227216466,338.6730666534182,352.4353997506387,0.0,293.79589351029614,176.51688102960796,393.1240367337387,272.8532127101736,566.6491062204698,0.8459337956454407
0.7250000000000001,0.0,15.075837077509735,0.0,79.64844898472127,37.62288545006922,18.010955800565167,16.409981951625674,123.8086443179587,43.35970840876799,0.0,0.8020356857007725
0.7250000000000001,0.0,0.0,0.0,119.80485575743552,25.120372981397647,45.35307158179966,0.0,35.80505651194702,0.0,0.1136668460695697,0.6749855313340757
0.7250000000000001,11.514384651053597,15.411560994486797,0.0,95.30367603487468,57.39477887602115,30.11454447198632,85.73787955553769,149.6870004636967,87.50932334800747,27.28023440403483,0.5876111218770907
0.7250000000000001,0.0,0.0,39.40235657003976,12.93205548965426,47.48489125107356,184.4838540945959,82.03772701249288,125.48135092304952,43.03949717650534,0.0,0.7126861321557894
0.7250000000000001,0.0,7.62503334067062,52.9267020117202,135.00794326718207,88.36068047719273,186.3647854734693,89.25774322315327,97.10704225031505,0.0,0.0,0.6735959713104622
0.7250000000000001,25.335689547654184,5.975398478220377,103.0158697645202,201.72945262472015,9.082605686895407,47.564171886634426,130.26368682520425,42.783853104058124,49.2372834605357,100.62571037323094,0.7093027214920566
0.7250000000000001,0.0,0.0,20.708007783194034,193.8568921390527,35.428157894137954,179.63573016746236,136.22376204365875,248.99508153767636,0.0,0.0,0.7076553032122223
0.7250000000000001,125.51397108231744,11.541514582282062,92.6206545228146,219.2887770633592,19.33203692532193,113.10684290636368,0.0,197.07136149246543,85.98428363800188,215.53778482411832,0.6613017649307141
0.7250000000000001,91.47157821130246,56.966285362910966,69.33610732742936,355.4696206645639,186.52389435970332,55.98972047097475,120.76852496937094,246.7453960290649,78.12519135484932,0.0,0.6970407997558266
0.7250000000000001,165.20291691864563,70.17469037252165,369.5136039928142,354.8938768318704,114.7648582133962,301.16637951540866,152.41065565282128,177.6296850054468,138.15642167090397,187.49800083908372,0.6985305504869367
0.7250000000000001,110.87438703531475,179.26041407534294,0.0,473.0370746141701,38.84650056711708,254.93015997170824,57.05579770795339,271.9255039698214,153.76739807817324,415.17197481106734,0.6602958514466247
0.7250000000000001,228.7605836609468,34.470772880415886,206.82463728250144,385.44591493556817,96.69723301519448,416.3353088154224,214.4350676586965,470.0559938238641,286.5103200450219,108.33671476702514,0.6377398121811124
0.7250000000000001,156.83730325712153,155.38061003801425,112.65094227756168,410.7874877879997,290.36751500854,603.070992710042,226.75857777422615,494.3045656834316,315.6168641397165,311.2467844823969,0.6936772724121366
0.7250000000000001,197.91371601600997,0.0,342.40599197628467,650.7240174408131,247.77372673469475,428.89784730461554,409.56437376063656,463.49458943594976,391.7572270753915,118.54471936177524,0.6921076263184149
0.7250000000000001,416.71274238888407,39.461433938341386,304.1161175514853,741.8749580408181,295.69767831130383,374.0943937354758,416.71274238888407,380.4082231656096,133.11657048533925,434.601925774266,0.7118807359594138
0.75,0.0,6.377375425790797,0.0,52.390481992519554,0.0,16.937760539466254,34.49268644271879,27.772441370380093,14.194803367083034,6.925966860267566,0.7229381342830489
0.75,0.0,7.748955125701507,33.28776497660549,70.39543740954275,12.005423434185586,43.43780478914392,49.003955654084905,105.97514685994722,2.073664047723064,6.657552995320999,0.646684923867422
0.75,0.0,0.0,16.276963053783277,56.37962565006038,40.22061160391311,87.04636763544822,50.83602229116293,20.05133129813856,0.0,0.0,0.7994628714863492
0.75,0.0,0.0,0.2018517743139599,109.80736522639494,36.93887469932066,115.86291845579171,84.97959698586781,142.50735266513712,9.89073694134824,16.7536972679981,0.6721010296906184
0.75,50.95671330783351,32.023255610885506,0.0,131.83296470466928,0.0,91.39483900625088,95.60227405001731,158.01256053254642,0.0,85.55117922324249,0.7468765154257375
0.75,0.0,66.51105948975626,115.60831431310405,104.72468639659849,69.89707706378044,165.18928593273944,127.21751742404264,163.73813554387226,19.83238864785416,56.594865165829184,0.746614055601163
0.75,64.54623861790122,25.33135402362828,43.35558669428882,89.39045121799862,7.063550641204508,94.50543616507736,28.25420256481692,121.05464374753508,43.8427281178197,78.67333990031025,0.7845071188452574
0.75,0.0,0.0,110.31748665158888,185.00611995876403,118.23500961701389,180.25560617950853,87.09275261967505,168.11540429919043,0.0,44.3381286063805,0.7869996350364286
0.75,109.07312029676636,95.55165910295104,155.3465652711521,350.65656029290767,63.10015223779839,175.17804168874423,255.70585502079223,240.9824861653057,201.31953333011867,146.0317808931903,0.8176575841878275
0.75,0.0,125.48497949225111,132.40147442489612,217.3755550259474,83.32729609328042,264.8029488497907,224.621406860145,218.0342688290557,131.4134037202321,118.89784146116182,0.7769358346201123
0.75,48.19947198841891,45.64343938297308,182.5737575318923,300.8815524125589,96.03379646177602,234.78985218601252,255.23811302958575,389.97754608812096,195.3539205591248,144.9635634803235,0.8799640978999367
0.75,0.0,0.0,320.3085785891706,535.9660739620356,173.28863577112494,492.7498371682576,303.3610347484719,360.1353066148065,268.1948812790273,124.98813582513873,0.7443127844862479
0.75,26.031203947895783,224.23370418275812,258.4852883247295,385.90118133285335,374.4839866188637,514.2304499180977,327.9018321857842,350.7362216137637,307.3508817006047,334.2954612256209,0.8359850344379479
0.75,26.34615329607554,268.2517426509437,453.2735919347464,779.606627079309,452.0760395121959,849.0646675871425,455.668696779842,717.9326773180442,587.3994632602169,332.32079725730955,0.6980231980787931
0.775,0.0,0.0,18.627674172966856,28.621061604815957,17.028732183871,6.235873757473617,16.309208288777793,28.701008704270677,0.0,0.0,0.794170412386412
0.775,0.0,0.0,9.799166653679713,84.11604655518681,23.59639330206068,39.35345328117759,23.988359968207867,40.52935327961916,25.71301329925571,4.938779993454718,0.8575612771594665
0.775,0.0,0.0,0.0,66.76051105889881,11.004479844873448,67.86095904338626,15.283999784546456,49.76470329848304,36.192511489805895,0.0,0.6707376020304907
0.775,39.12963301568722,0.0,0.0,44.41742126105036,61.76136670584106,67.47217801083383,17.978480034234668,26.43894122681569,0.0,0.0,0.7658008913483078
0.775,0.0,0.0,0.0,161.06901643603845,0.0,93.46540108682753,25.181212428732564,196.91254403729707,0.0,53.311575862632445,0.8166201009526989
0.775,0.0,66.38516932320688,94.00697054510094,274.593200382357,48.04800716749561,133.0024546230681,76.1340403426984,120.70030786037653,51.06551486400545,0.0,0.5921036160172103
0.775,0.0,101.01578054819548,44.86865980660203,275.5867411072143,0.0,100.77059661482627,5.148862600757336,118.66902375079349,80.9106980119045,0.0,0.7807649968566576
0.775,0.0,0.0,17.092633807393376,249.8154171849801,0.0,140.4225608176627,92.56318615696055,261.1228518575627,120.70029103990116,27.8741412859028,0.7010994317369557
0.775,62.12584801226925,0.8750119438339751,1.750023887670603,239.16993131483736,175.87740071078946,147.5853478601311,74.37601522595551,138.83522842178337,116.9599298259141,95.08463123004483,0.7785889906580162
0.775,0.0,109.6054956184115,169.9728301282446,376.0311618908579,0.0,262.3786941265349,100.83705596893888,230.00291695925057,75.20623237817219,73.18274630521721,0.7848004992614096
0.775,0.0,0.0,52.15070839244437,475.978687708804,249.99228467488524,244.197761520169,212.32788416923051,416.37787811744033,115.89046309431748,213.5695677023847,0.7505763623034478
0.775,99.36806842110892,27.177591363036687,283.6661098517123,421.2526661270919,73.4644266532135,173.6817948044166,205.9551845480241,457.7725545211741,157.1204500675648,220.39327995963856,0.7800163289897128
0.775,195.05198500690136,0.0,180.7911087446048,509.2512910439599,53.8233071835072,383.6635742824424,228.6340484632769,548.8137219651705,172.0505716806159,230.0141332628549,0.7432506499920859
0.8,0.0,0.0,3.983235449511721,2.84041302249302,4.094189083202855,4.2384288070012985,4.227333443632195,2.041546859916876,1.1095363369113398,0.0,0.6996356406518467
0.8,0.0,0.0,4.974665714826847,19.44642052159492,11.984421949354992,49.59590970236168,0.0,48.54067758103511,9.12022047718198,18.165067231412117,0.6539480749407497
0.8,0.0,0.0,48.08317753624443,125.50743383788428,39.16452363839259,51.83159729041353,59.97471606671317,25.4634031576344,11.633026823284856,22.878286085793903,0.716836795503978
0.8,0.0,0.0,0.0,90.38607695442016,34.35728071366836,34.70966307996208,0.0,40.87635449010767,17.79530949784858,96.55276836456576,0.818119397966457
0.8,0.0,0.0,73.65690008390726,274.3946864236904,95.93583899817484,129.12691125820683,38.87447504428408,91.84378899351394,10.684797234393512,46.60390283086712,0.5554853576353355
0.8,0.0,0.0,23.315240272946024,162.72094773826296,26.9582465655926,126.77661898413876,165.39248568620437,148.39178965384852,90.10368897148568,39.1016008744182,0.7661051061449736
0.8,0.0,0.0,0.0,302.4439327517243,45.74152040790586,159.22048360565933,84.73429190316925,96.98202141129602,59.73892556005155,80.73503328827066,0.6122088176811413
0.8,0.0,44.900870822511656,97.98954750089406,190.696639610902,133.91024415890195,261.2174190792004,0.0,206.8081285530971,105.1208622785866,23.50692648943281,0.6777810314497189
0.8,39.09835346002561,0.0,92.36277701426322,264.9055107617642,55.814316171194726,215.04094403013823,83.86313495773473,182.17566141156544,36.83178224495118,100.01245486513716,0.6758760200245967
0.8,0.0,60.65876302354136,43.23193607755209,369.3146787400154,161.86841182525265,184.6573393700077,93.16649790356033,336.4718125725739,36.52931032909445,217.83533682487337,0.6726707476771713
0.8,184.81457986748444,70.52611169111454,194.57973379394744,368.54414263202966,107.05502082343509,368.90581499967607,135.98881023517438,255.340691558599,209.40830086746357,0.0,0.7794283508112826
0.8,0.0,142.48541901561984,154.4278385284901,605.3571270316812,80.71428360422378,222.37608748102576,141.66180387680197,198.9030560246941,339.7412447626782,47.3578704820703,0.8117501077791811
0.8250000000000001,0.0,0.0,0.0,1.3205552663142843,0.0,1.0864142616486294,2.163462883110641,0.1030220420528795,0.0,0.0,0.8039508754921074
0.8250000000000001,0.0,0.0,0.0,10.119545160703536,17.409048030701733,24.44127432881749,10.033786303409128,10.548339447173628,14.579005739996395,8.74740344399807,0.8185715067912563
0.8250000000000001,0.0,21.774664262802617,21.29078283474033,91.3568136181586,0.0,18.774599408816567,16.06486341166762,0.0,32.226503108948044,0.0,0.8427680870470821
0.8250000000000001,4.169139454300964,0.0,23.34718094408565,91.44312536433476,64.06577628109137,107.00791266039144,17.788328338350404,137.58160199193182,27.794263028673097,16.8155291323471,0.8122422199502585
0.8250000000000001,87.34992023451966,0.0,0.0,167.21899087716687,55.44629697506019,84.92964536656086,0.0,177.1201153369991,84.48959539056872,119.69359346997228,0.8182860391249174
0.8250000000000001,0.0,9.890977886753744,0.0,209.68873119917987,23.738346928208763,158.75019508239717,0.0,55.63675061298982,26.2110913998972,45.99304717340469,0.7839049382953681
0.8250000000000001,0.0,0.0,65.51216382804904,234.41071119723443,24.82296832547089,139.21334813460248,101.08322153155862,103.64229043109174,57.579050239495416,0.0,0.8528387046016991
0.8250000000000001,0.0,25.72239890927411,0.0,88.95662956123999,23.578865666835316,123.52110309557766,64.30599727318588,118.16226998947884,46.0859647124494,50.37303119732943,0.7683696742742165
0.8250000000000001,0.0,40.24225867738941,42.24010130676413,349.0516479606215,48.80444137470635,45.37956829578009,118.44352731288446,191.79289241989915,0.0,14.841116675350158,0.7290972393392984
0.8250000000000001,0.0,42.8091614579047,56.22269871471562,170.6658570121806,110.1622421516745,204.34239735906485,134.1353725681014,247.43695322668867,0.0,66.49689746461249,0.7751301451127306
0.8250000000000001,15.895296856017126,144.11735816122098,51.2181787582774,326.3834287768853,158.95296856017126,151.18193454167303,136.34632414272437,194.9823081004761,163.89817202648803,97.49115405023804,0.8155591838046619
0.8500000000000001,0.0,0.0,2.664360445386083,8.035825086618884,0.0,3.148789617274403,0.4986770887086179,5.30022505713157,0.0,0.826379175574307,0.8307699236379601
0.8500000000000001,0.0,2.6372976097593472,0.0,65.27311584155385,0.0,17.91164626628465,0.0,34.94419332931636,23.406016286617955,0.0,0.7391886013261659
0.8500000000000001,6.7552379205204,0.0,26.68653396324426,42.00286548600853,0.0,37.72231868488659,16.052050504207035,43.94248825526663,3.678594907214112,8.092908795870986,0.6715215729350646
0.8500000000000001,0.0,0.0,0.0,50.6021520950395,0.0,14.81720475711096,18.03225861950324,81.07527131249462,0.0,0.0,0.7412353334819605
0.8500000000000001,0.0,11.915973605259945,10.616049211959057,109.19364903729132,42.68085091338522,24.698563472720807,0.0,79.9453501880169,10.399395146409072,31.84814763587717,0.7179860514024936
0.8500000000000001,0.0,0.0,100.49893117646629,157.49832497804312,0.0,223.4976230640804,98.24895510535,93.99900030435565,174.99813886449232,0.0,0.7669067285683617
0.8500000000000001,59.75585640395277,17.977397477460208,74.69482050494125,321.82073512467883,100.52150420495438,97.48307082848264,129.63982406281283,234.9721811138484,35.195186610803056,0.0,0.6939292630600354
0.8500000000000001,14.548877462142835,0.0,0.0,209.76836049962355,60.84076029623368,166.91530324749303,75.38963775837652,251.5633175726877,147.3404499347915,0.0,0.7702877045398445
0.8500000000000001,0.0,87.76330390514246,0.841181826567378,271.70172998109865,21.029545664171703,57.20036420654728,53.555242958090346,130.94397100224197,51.59248536276816,63.08863699251511,0.8082784800995814
0.8500000000000001,35.89640840331718,0.0,59.320335920735104,136.8930828940041,30.11647823668118,179.78624886745845,98.5630196836832,194.3881777094861,25.553375473547707,0.0,0.8081029387883395
0.8500000000000001,74.97330019723611,109.60222360672068,56.14592436295307,95.48169173100877,0.0,270.6435276178232,168.43777308885615,244.7558858456827,87.07661323356082,257.5316051618042,0.7629871175147199
0.8500000000000001,0.0,69.03613531641588,107.63698517075646,345.5518385999109,231.233937108212,351.49043088519375,88.33656024358532,472.11808668000697,144.75318695377592,88.33656024358702,0.8109797711512089
0.875,0.0,0.0,0.0,2.0469116592847327,0.0,7.203771972178882,0.0,4.5687972947571165,0.180942467119083,3.143875366194267,0.7591780414892381
0.875,0.0,0.0,0.3367112422199851,4.469076487646847,0.0,2.081487679177984,0.0,3.5201629868451043,2.5712494860433623,0.0,0.6442061519066969
0.875,0.0,1.7312225622890256,0.1236587544493968,24.54626275817168,15.951979323950546,41.0547064771438,3.21512761567982,41.17836523159292,0.3091468861230704,0.0,0.7660071097819021
0.875,0.0,0.0,0.0,27.53179852497712,12.12540349545613,12.981314330429374,3.138339728235444,90.29859308969054,25.53467324337245,0.855910834973244,0.7041330582807395
0.875,30.770367595695685,0.0,0.0,62.1751757603742,17.129895362552446,56.465210639523626,19.033217069502395,125.93645294320768,40.28697613044688,0.0,0.8168146734416963
0.875,47.57737486967453,0.0,96.38732421783804,254.15685746442452,20.21422144721859,34.75860029338862,75.68007297922206,126.21562659726963,67.0520516297993,62.12175371584455,0.6792198263610595
0.875,45.02912741267617,0.0,95.26393429502583,323.7932630136914,50.755374829316544,165.28032316213333,95.26393429502468,122.85403548429392,0.0,110.36040475707826,0.814675796299871
0.875,0.0,0.0,164.62533524059378,184.38037546946447,6.310637850889927,228.00608930822213,0.0,135.2671504560205,90.2695588235925,0.0,0.7619973069064581
0.875,0.0,0.0,0.0,143.72674215670563,109.76007067045308,127.7259134400416,214.7479643552348,252.08323136078465,118.46227576197214,11.790084317543066,0.769470459507851
0.875,47.38396207256352,0.0,32.196794741614966,171.31124749311553,24.906954422757345,108.13263139636324,142.15188621769056,316.5005671769961,39.48663506046984,20.047060876853635,0.7815970529331728
0.875,0.0,0.0,208.65295554822112,329.361276939754,0.0,253.1425940039578,294.5283041953405,274.5252109361716,217.6198594230204,170.37117362119244,0.7742302828570464
0.875,14.939710517006494,0.0,116.52974203265168,368.26386424420974,74.32505982210765,206.1680051346889,120.2646696619016,299.54119586597955,120.63816242482812,273.39670246121983,0.806100404412528
0.9,0.0,0.0,0.0,4.054827189821285,0.0,4.751303389484681,0.0,6.411397344846816,4.407835674582181,1.850909352530196,0.9328934958558044
0.9,0.0,0.0,1.7188851401849934,6.257236553479132,1.1376793733598218,3.1409843568847986,3.4872346009508046,7.246522965096388,0.0,2.386653468026652,0.8541271437405197
0.9,0.0,7.477829909879975,0.0,82.67156400367305,0.0,46.19637144325844,7.228568912883825,28.33266665854516,7.810177905874715,0.0,0.7746506730522527
0.9,0.0,2.6374921163348835,18.323629439804133,105.0832385297834,7.218399476286075,96.89313143168916,3.6091997381430376,157.13900398377135,35.53673588325564,3.1927536145115125,0.8533005657215675
0.9,0.0,39.81642465632288,30.506116403352177,101.81911578781138,52.6923828785169,49.12673290929359,30.90229973326548,112.11988236556624,39.02405799649537,48.73054957938028,0.8166769104385385
0.9,0.0,0.0,0.0,242.25753465390724,0.0,177.03435224708528,108.378370766221,128.23956540889938,0.0,0.0,0.8756096508104042
0.9,0.0,19.83489084316429,85.3172017089567,159.22254841225606,0.0,108.68433338720568,85.0454908754877,163.8416325812118,0.0,73.09021420289605,0.7901426198404511
0.9,0.0,51.937092027216536,128.6190813030033,194.96803656290228,0.0,83.75195991823364,71.78739421562973,216.17794849024787,0.0,0.0,0.2
0.9,8.371556331617022,0.0,0.0,235.5582747103196,38.68236373919494,34.929597107780005,125.57334497425138,167.1424522760728,107.38686052970412,0.0,0.7462075837299877
0.9,0.0,91.7921402733792,95.73041691877368,281.7382523242357,18.782550154948492,156.31928838634985,231.4494890061466,150.5633455969297,265.6822013853271,173.5871167546103,0.9216214609656732
0.9,46.00802813764357,34.668021202308736,200.88012285450264,203.47212443972265,0.0,214.812131375056,81.64804993441017,171.07210462447878,252.07215416258612,78.4080479528874,0.8029645207942347
0.9,92.80558058674868,0.0,28.35726073484108,393.31888915336685,224.6484291980837,234.59188426094903,253.74224215980308,327.0291887342586,81.75729718356422,28.35726073484108,0.7992385286417918
0.925,0.0,0.0,0.0,6.547887430129815,0.5709012172177365,3.6817302987918543,0.0,0.1864167239894509,0.0,0.0,0.9222610324862429
0.925,0.0,0.0,1.4408569792882655,8.014022702983274,1.90526542715798,4.441650027062009,0.0,6.525534088016049,2.0957919698737677,0.0,0.8354936323854438
0.925,0.0,0.0,0.0,83.05282861475412,0.0,98.99818911440629,3.032553223860188,35.99934149614754,26.41256033684757,6.945525125615384,0.8937794547373227
0.925,0.0,0.0,25.080180578893664,118.23513701478286,48.36891968786597,75.98697568248072,0.0,65.53690044127514,43.44245564558307,47.92105932038546,0.8558961911295351
0.925,12.188677004770431,0.0,0.0,125.21095468537106,26.408800177003307,65.37563120740612,30.84104636055558,107.29729302684406,111.7295392103972,0.0,0.8011022025584686
0.925,54.47398299308125,45.97804069140674,46.47780200327168,206.9011831113349,147.17970634369098,217.89593197232276,0.0,116.44438566410828,120.44247615901304,56.47302824053308,0.8768566190245626
0.925,5.177700820402331,0.0,121.26720342520666,194.02752548033016,40.33156428523777,180.12948643609323,1.362552847474232,174.9517856156909,3.270126833937661,0.0,0.786039425613288
0.925,52.66125572784216,57.70329085071985,64.98623047265642,125.49065194719763,11.764748620049222,157.14342799637828,168.6280635540456,292.1579240645675,10.084070245756656,156.02297574685076,0.871715360556165
0.925,12.708030472762829,0.0,90.4338912712862,370.60163285683535,27.189274499862965,97.23120989625129,170.81957240131553,337.5016465091747,160.18029107528227,65.01783032576054,0.7682652868439879
0.925,0.0,0.0,150.48492424618365,128.06574165440472,0.0,130.82975046708998,173.82544310885677,90.90517872830658,148.6422517043939,0.0,0.6706536051478579
0.925,0.0,72.93332467802354,196.5147914935652,306.92774135335065,120.54257828728882,176.93084320039154,0.0,377.83514034587387,80.36171885819357,46.93394504743232,0.826121487459213
0.925,0.0,98.75107635131155,184.92710927212025,294.4039579612151,237.07655408685784,90.24442932479502,127.59970539776296,275.5413928154592,0.0,110.95626556327215,0.8595226246580455
0.9500000000000001,0.0,0.0,0.0,1.587959529208598,0.0,4.424467390543071,4.085056193460292,5.139655270110318,0.0,3.478964770098284,0.756999965802185
0.9500000000000001,0.0,0.0,4.020478550391703,6.926134139907822,5.752012085368644,0.7115891239631312,3.320749245161279,4.577890030829467,1.8382719035714223,0.2134767371889609,0.5996263281319643
0.9500000000000001,0.0,0.0,0.0,30.17408449267111,47.947860289724346,38.23428514482322,0.0,39.16430829699469,0.0,4.546779855060152,0.6503134556817807
0.9500000000000001,0.0,0.0,91.56126383564084,50.35869510960246,0.0,15.565414852058662,56.61538147170443,78.59008479225837,0.0,0.0,0.6926939002122696
0.9500000000000001,0.0,0.0,0.0,78.30039270047406,71.76207070308227,32.37266745050112,26.791173062483608,137.14529067700167,24.87751784373504,0.0,0.6495813437221375
0.9500000000000001,0.0,0.0,0.0,231.19281210390272,120.55762519581197,122.54211285335664,5.953462972632925,167.6892070624875,104.18560202107224,141.89086751441334,0.6749216206625076
0.9500000000000001,0.0,7.105481796571854,83.89934275183288,197.04047597417227,0.0,17.763704491430257,0.0,194.03431059869973,76.52057319385341,26.782200617849192,0.7543689764892827
0.9500000000000001,0.0,114.93613796373651,149.04436843177837,304.1078363579167,59.90437115815734,136.71954565761155,206.94237309181483,236.46462299272525,0.0,100.89157247689693,0.728255502157546
0.9500000000000001,0.0,36.575881959342034,145.9909134616504,260.0951605997691,97.84829960063504,171.0000635193191,26.57222193627454,176.6271222822955,168.81176288927355,0.0,0.7667007536039919
0.9500000000000001,0.0,0.0,125.64495367736065,213.131069571226,134.95198728309109,145.49995870291914,0.0,163.8037914608545,0.0,29.78250753833705,0.7121218922267993
0.9500000000000001,2.437047175841477,121.5042091955554,132.29684668857172,354.4162892867533,217.5934978430456,168.15625513310468,197.05267164666176,319.6013296318644,94.0003910681957,104.79302856121043,0.6833471775309519
0.9500000000000001,27.735931442949614,125.71220874791614,0.0,434.04931673707887,131.83572607947758,125.35200184605996,166.0553817558448,310.4983494002998,81.04655291771182,104.46000153838412,0.6767435008733523
0.9750000000000001,0.0,0.5435474214264349,0.0,0.5548713260395275,0.1472107599696884,6.986849146252676,0.0,4.3370554667986445,1.517403218148894,0.0,0.6639971565357352
0.9750000000000001,0.9239649932246734,1.494313754474478,0.3193953062999114,7.540010623722408,4.2548017589235645,3.2395809638989013,0.9924068445746396,8.429754691272125,0.1368837026999323,2.8631507814740096,0.6578361677965343
0.9750000000000001,0.0,0.0,26.7206080141252,106.0517395793766,0.0,53.16431853587567,31.289416638301628,118.23522924384834,0.0,0.0,0.7410251383843576
0.9750000000000001,0.0,0.0,0.0,131.84234028536508,0.0,38.83132956018274,0.0,46.04505481444643,0.0,0.0,0.6801452528853709
0.9750000000000001,58.3250724911746,0.0,21.00307014578586,88.69641852932504,0.0,22.060778714278392,0.0,124.50740863401046,0.0,0.0,0.7677923478743813
0.9750000000000001,0.0,0.0,45.37338293457765,239.62051420044472,1.4715691762563492,82.89839692911957,58.617505520887015,113.80134963050848,136.12014880373292,0.0,0.7568352182932528
0.9750000000000001,11.870291432636146,0.0,45.86248962609325,260.3370734657646,16.996099096729164,201.7949543548096,179.6730475939886,117.89357627413332,77.1568943121331,0.0,0.6923734947121396
0.9750000000000001,14.398163795488994,0.0,148.78102588672303,136.3590806513987,30.207912276810266,164.590774368043,46.58229463246523,0.0,19.479868664485718,0.0,0.7326911868118273
0.9750000000000001,0.0,0.0,2.9385775349775254,54.95139990407919,0.0,118.42467465959348,97.85463191475078,213.6345867928656,23.80247803331769,0.0,0.7103463929033211
0.9750000000000001,0.0,0.0,94.06688061711796,134.16590344428565,0.0,160.999084133143,39.797526414933614,109.44319764106812,0.0,109.44319764106952,0.7206441672448837
0.9750000000000001,0.0,0.0,93.78205671452984,226.8292652022707,29.85449556310224,113.25237990785776,51.92086184887449,262.5248577233719,51.92086184887449,85.02041127753286,0.7774581978423989
0.9750000000000001,154.65498441426735,21.38087342132724,174.96681416452924,249.08717535846267,0.0,405.52389922450567,168.5525521381288,249.79987113917292,188.50803399803556,32.427658022345994,0.7092561377136692
1.0,0.0,0.0,0.0,2.096886321424621,0.0,2.131980653163913,1.2633959426156744,6.97499843319066,0.0,0.0,0.6593657632027403
1.0,0.8206079458431951,0.0,0.0,6.282209718732914,0.0,3.309785381567529,0.0,4.312750648709212,2.416234507204963,0.0,0.7513962781190606
1.0,0.0,0.0,0.0,3.0315705544252567,1.2656807064725308,0.0606314110884844,1.4399960133519971,0.3334727609867851,1.4703117188962564,0.0,0.6842951858258842
1.0,0.0,0.0,8.261395424310203,53.69907025801413,0.0,53.12269383306194,2.881882124759251,41.11485164656505,6.916517099422028,0.0,0.7677838264515061
1.0,0.0,0.0,76.11855368919986,122.98313167757868,54.86939720999637,52.83180686267541,10.18795173660415,46.57349365304754,68.55036097057923,0.0,0.7193182338454096
1.0,0.0,0.0,0.0,125.53824174684512,93.98092226185878,172.52870287777452,37.08560902980175,150.64589009621437,75.09259965040624,0.0,0.7245823428269337
1.0,0.0,4.762943860801729,23.28550331947913,148.44508366167614,6.350591814403509,123.83654038086298,60.33062223683032,201.63129010730324,129.92252420299994,54.77385439922891,0.680413349958925
1.0,81.62073279011305,0.0,13.935247061726969,153.28771767899406,49.199953911811136,259.93501662078006,15.925996641973123,168.92932152378933,80.76755439857955,0.0,0.7223461794406095
1.0,58.970562585489866,0.0,63.43802944802693,172.1463897697623,29.485281292744933,0.0,0.0,119.72811191599293,94.11463523744732,2.6804801175225124,0.7588320717204813
1.0,0.0,0.0,30.263576581381194,290.4679360542791,0.0,148.5099221931651,156.3098130646549,161.30174322240808,44.92737141978141,18.407742456716164,0.7386448209277179
1.0,0.0,162.18319899080777,130.52973761835682,233.6482303368584,99.52892493399706,164.4674693991299,186.0048761061585,141.29844097187035,117.80308820056672,97.2446545256764,0.6836524270718239
1.0,0.0,37.15060611685717,204.1579180183323,204.49874926711053,91.68360592142152,104.97602462378246,91.68360592142152,308.4522801445584,120.65426206759552,0.0,0.6528426139913172
1.0,70.31651798848091,0.0,9.122142874181652,421.8991079308854,134.93169668059852,244.39741117077315,221.211964698896,290.3882148281053,177.50169676011058,0.0,0.6228825085061392
1.0,4.042204577882756,105.09731902495166,91.75804391793966,249.4040224553653,158.45441945300328,330.2481140130204,320.54682302610144,298.31469784774623,151.17845121281545,111.96906680735344,0.6944129552537467
