frequency,707.0375214838836,707.1372042196668,707.2368654200316,707.3365050809265,707.4361231983,707.535719768101,707.6352947862779,707.7348482487794,707.8343801515542,707.9338904905508,Max_Oxygen_LifeTime
0.2,183.91240113309587,123.18895610403573,9.70579654153026,77.52193904324669,72.91790735046982,112.73655982854146,115.847392053392,0.0,80.13503811212065,8.461463651590545,0.45973694591830416
0.2,410.26037728378265,343.257613657273,19.644789335521967,244.50746726532464,146.10812068293723,155.05351582678986,203.63928945124977,81.03475600902415,200.48209116518333,80.85935610424308,0.971616363897645
0.2,503.99301878581855,375.7116098744671,280.1377125067411,279.5005531909561,244.03201794559925,280.13771250673966,169.69676443736608,131.4672054902748,219.8199639457745,186.90006596355752,0.9117780783164717
0.2,868.1057542264666,587.2717908908616,281.6425064162242,454.1316969486479,384.86650637547206,546.844636859826,404.0020259501635,151.1975560760778,450.6280102659598,189.46859522546063,0.9391676774955388
0.2,864.0925637487993,669.9144595355857,329.31556863186853,510.3735306685141,252.9563411642397,406.199601786559,353.1942273932235,222.25520847106893,510.63593351204497,285.49429376212976,0.8415457954533347
0.2,1049.866281973198,643.2178851773812,430.048515067576,499.3927679948624,279.089215485128,501.1049717708431,360.98962943628624,191.19608831803217,481.9853629390426,278.2331135971385,0.8653322467273351
0.2,1205.7209471789574,885.9386734954863,316.001596556178,586.6350675848488,372.3966970382884,564.8961741029184,473.52981019335647,308.7552987288679,494.63859082073736,412.0938068748583,0.7316352996703497
0.2,1664.3904914819664,1248.2928686114742,609.3973525943155,732.2485273200487,541.3780581134006,738.4951972213559,681.9281308928421,320.3153510504272,395.2753898661314,311.6394206319447,0.6677301296999959
0.2,2085.2587172441868,1220.4331866302052,715.8236185899018,493.8568527396007,691.6300091633124,600.6159546537577,612.9047721402802,332.9501487754516,741.1693046558529,438.9411995967051,0.7000370427067865
0.2,2593.1357839836937,2051.9852942551497,984.8685841902952,881.1094100100759,850.7408712256184,582.9072305571653,979.8071610595516,438.6566713310077,455.9498670277124,584.5943716007484,0.6751327152436368
0.2,2777.309306241269,2069.0451692432484,1130.4809515697443,1188.0559717386177,773.6072154436459,1103.9781645078822,758.9849880991699,487.55989301734553,856.7711334653475,742.0780377321213,0.5234310677705861
0.2,3865.9429196194014,2836.3612592022128,1409.9563127929823,1240.8437984259072,700.608988092175,834.768156024717,1210.5166301959453,704.2071266957294,1237.7596796228595,871.7775816612843,0.6944522570889506
0.2,4263.662033961097,2802.2303101854627,1548.8630802150692,1369.020100197243,1294.3160931129155,1359.059565919331,1281.5887437578078,427.74961093470887,1041.982558072519,773.0481325689389,0.6630253734709786
0.2,4488.513784693899,3117.2908737934404,2167.242178614936,1867.0051305502916,1415.1453648257454,1683.4935079857248,1494.566788361883,560.1617069101901,1483.1349167922865,956.0654696888216,0.79822163316433
0.2,5651.131391415615,4090.7102017480233,2720.600230099409,1966.549252862722,1844.907031036161,2102.579264367686,1810.8995281599175,1039.1908090451825,1643.4779755384163,741.6251588780593,0.7036243975064377
0.2,7506.841354319412,4695.347915908132,3038.640419361899,2472.9711635752114,2120.5269770034542,2351.33761893714,1955.6622327651105,1102.0292237087758,2042.1246319656657,1594.4252598339729,0.7339582087744879
0.2,8799.890219953106,5992.832515878665,3428.771410969913,2916.771887644229,2581.9404533423544,2634.7658009870684,2169.9027417135967,1692.8492175990302,1976.480699568338,1848.887167564959,0.7500676178642665
0.2,11901.808541459204,8102.003489796582,4798.220893979735,3680.577635670341,3093.5418851739582,3322.8953876934697,3213.679434112757,1860.311742658299,2837.7945272057714,1840.288817835171,0.6612667032813783
0.2,16929.14531333028,10214.268568547866,6535.175371881659,5395.294473955017,4459.57134879136,3637.623649073727,3733.322605056385,2359.5109258388225,3766.285578783738,2866.715392546856,0.5525249130712094
0.2,19453.007068494167,12450.014987160414,7456.439493672647,5862.023405398698,4996.967868143677,5259.311508200095,4605.713991162982,3247.6333372502013,3727.0889552843582,3222.755923106925,0.5601010204217014
0.225,635.8748874651986,447.4295402931508,384.8878309487841,215.71763354188624,268.62176800368,341.6212713695646,405.5983642070833,203.0042368882769,331.3685321327833,323.9865598823019,0.8247662403650454
0.225,860.0162374108513,696.298118953636,341.07941345253045,373.8230371439728,410.0394694087496,421.2020683944692,396.148235115412,224.74032624581156,434.8452449325708,252.02667932201464,0.7810588398643363
0.225,993.243491487578,819.3039602450707,459.7747422407038,475.48890549937306,363.5932257436804,496.07987804521264,384.9969998373841,162.8312434217216,674.8962185748923,146.5752124644805,0.8336496532846075
0.225,868.1057542264666,587.2717908908616,281.6425064162242,454.1316969486479,384.86650637547206,546.844636859826,404.0020259501635,151.1975560760778,450.6280102659598,189.46859522546063,0.8326921862102807
0.225,1359.7742594723752,880.1068264787316,594.5173817386001,607.1078841411231,394.91185584495736,440.6675840882681,504.2342669497832,226.6290432453955,737.3121041086669,358.36869033520105,0.6972630871582721
0.225,1548.109220644853,1048.941760199186,640.4722715000687,754.173352022914,531.7004285721454,772.5758390439498,897.4498581152841,459.73355968629846,453.8184745723944,575.7349510867732,0.8245197440059927
0.225,1759.5417936998956,1339.894881439183,627.9135579168919,684.3046928703103,670.1204196611674,689.1481032344046,681.882987688262,338.69276760365494,711.2894077559954,477.7678366298787,0.8684417707442
0.225,1909.4071638145665,1302.037375324913,642.6603878208566,765.2487854976682,722.157106314303,696.8964667930201,774.9072653146292,196.884396268818,655.6621875744586,451.3481914464402,0.7852449718092277
0.225,2190.6992056975005,1702.1230894231323,1038.2748452723756,848.430438865848,690.56408812268,837.5012299682421,947.6028899737364,700.2789404761048,727.8043554774783,376.0457431805223,0.7001181046785798
0.225,2670.9764167781896,2391.739994314945,1350.8284258651806,995.1132380139152,1109.8313860959493,1048.470516191603,881.2843779015108,517.1209543387776,760.7858580168937,671.4124170692643,0.8729390368811302
0.225,3183.6046821953187,2325.712999705798,1054.551237611701,1131.9799996525578,1066.901837691835,1202.283415493337,1281.6122698542206,556.2520266861701,1084.002668572028,903.4938981700252,0.9409197834843136
0.225,3784.275923064221,2905.6063722356125,1667.125551334757,1670.2543449875598,1228.0515087248525,1155.5677891016005,988.1773286766876,520.9441431915616,1424.1225776337892,1087.2557943487564,0.8786739544765398
0.225,4491.550297875605,2862.537044418102,1681.6704906738055,1910.2253075275423,1238.5654413323743,1434.629622456899,1688.9528745441453,811.1455264809035,1409.9815539726742,1159.5795855079218,0.7488796733202973
0.25,393.5867825711149,387.6837785357954,205.0097347401224,199.42581200401088,146.77739763495185,318.4431366080024,329.93006337943456,169.43216987860706,302.3295309980804,169.43216987860706,0.8907084191471129
0.25,546.5558902003751,571.7160409532244,282.567846916625,426.1742458290458,406.2396648479408,405.85258560558873,373.1443896268856,266.69759798021056,371.208993415128,267.66529608609005,0.9102083319707164
0.25,706.3438659949389,571.6227284994046,426.3029001169867,249.65805200221345,252.95542250035544,470.3463489136018,471.2884547702152,212.2093442018808,467.2845048796139,194.30933292625076,0.9443221441693939
0.25,1046.3204814089304,855.8183551919772,444.155576255483,229.28385204928995,525.1255308648871,543.2062003407739,361.3513508296813,209.8929891331207,660.8615712780685,321.5214702451196,0.843301338754155
0.25,1221.9139645941032,1084.5806947982237,548.1592905527826,626.8031288119618,433.1280047408489,778.2218621766481,677.2760399335251,325.72634502868635,690.7746091869662,399.3815816072482,0.8709211639441403
0.25,1379.1547664173806,948.3619094643468,666.1076648370549,467.8503070135104,467.232682845835,545.9797642243446,637.0793289563501,107.77541725921654,562.3468046677233,477.7322936963024,0.8162583665516217
0.25,1453.7797104992803,1276.2565424070472,574.7271397420138,775.3052647293413,776.2933343105575,673.8634543909208,693.6248460152896,374.47837128175854,750.603525198882,386.6645627834532,0.8839646218926953
0.25,1777.7875193366876,1492.454621630839,818.9235904857014,1084.6284926805731,849.4560279472174,821.4679602741585,589.9303095243212,322.77148173604166,798.2051507796702,395.8312428046744,0.8620823431292292
0.25,1883.311898312644,1711.1456399767203,835.512724277276,996.7725228091128,810.1941568749339,1124.144392663968,876.411948542597,239.55259926830783,684.3803527063735,613.877880401392,0.920458161603352
0.25,2236.020995867832,2268.0665541718017,1114.4264552288682,1232.4890384540213,1022.0846490634792,990.4607428424528,705.002282687352,457.9141620804186,689.8228077012608,712.5920201803963,0.8298172285604452
0.25,2547.0215603433703,1946.7567682958877,1187.6635981604604,960.9560529008428,885.9784107308313,1053.6798825667115,1074.5316528743494,755.5439326362562,823.4230998079263,1039.4829325700257,0.8914172453042928
0.25,3290.3065225286555,2388.210563597262,1609.9973477004582,1210.1287253957696,825.5660790644667,1376.5812141063334,1012.1076612400992,586.8885162294886,923.1416758947968,799.7372446093807,0.8738477512417712
0.25,3808.6880951779694,2771.3162970200865,1757.1808009613142,1401.9235599794208,1353.9018689745988,1354.934593512335,1113.7934139505023,1120.5061234457962,1160.2660181487136,932.5502575774694,0.9391192474088602
0.25,4167.917620103702,2833.9219858012584,1742.8183552895675,1553.9629995331647,1416.9609929006292,1873.2704651906624,1515.2094438721676,1059.9916210373715,1204.6351738565852,1143.5028043631842,0.9311141893419929
0.25,5027.716895210895,3782.2637191026665,1967.236175841169,2335.6777070856,1656.1748830692316,1710.5351089905394,2008.912349047506,817.2153963503539,1726.2391742566956,1455.0420471603848,0.8825515117549522
0.25,5712.4555844500765,3930.863950055149,2395.0311043531888,2302.4725995207773,1712.6515066576785,1964.1553059954012,1943.090266964581,1073.0403215399017,1427.954312483499,1138.1504421806326,0.9153880401320287
0.25,6201.362930199233,4421.981261585923,2652.65259675009,2531.346351168544,1757.265060302863,2202.278027519146,2233.7774393552418,1400.048326076536,1644.001217743299,1452.323945719418,0.8366406301068983
0.25,7564.508258346308,4871.36274078139,3064.881423210998,2541.4885541609287,2331.9903302958714,2441.3244201917696,1862.9118155811848,1215.3718509073724,2238.174627352932,1562.419413673731,0.7023520808996986
0.25,8404.058910596832,5623.553451966659,3391.613839917186,3156.5141913825987,2643.363996984997,2286.946901610448,2341.9541911714327,1571.0986128032264,1918.4734140033663,1638.16229459675,0.755610973873429
0.275,477.6921530251073,419.226824073325,234.70619050296213,323.75598344397093,248.05521069715493,257.01088247300567,257.8557571688412,95.1328907510208,358.90277079070626,180.80318490868976,0.7349682530279553
0.275,660.7804788584407,635.1370265587484,337.467832263935,371.9326321547209,479.635131813422,310.3883466354602,422.8092415173072,299.72067047878994,401.4738892039638,326.1847132520721,0.7725901930008846
0.275,799.9123938723714,639.5053081061624,489.4775043601206,494.9030381433893,197.6781439295336,279.06115067856376,468.9548330929742,207.3497476301424,564.4914062331414,315.6245305223345,0.7802447031227839
0.275,844.5724249142592,910.2761694666432,451.1479787888459,533.3441612450678,506.7434549485548,570.5851500601834,526.6939846709408,398.4785803217509,652.249318390476,352.99137255471555,0.7744336608163489
0.275,1124.4004446019176,1098.6622390560665,568.9340551472575,719.7719109043426,635.9731021504055,601.2564528094879,678.7703509068806,561.7513001112044,668.5947812724748,590.4823202554124,0.8173128926325012
0.275,1239.3780089363645,1022.2864404887778,754.2088168223373,701.2987595197507,561.1672744213814,612.1533296402373,672.4387282637928,382.87641466235897,584.255299426147,460.79849905344406,0.7840962965634557
0.275,1679.6125782089634,1323.7185326308436,883.5156063526703,756.7067571029911,537.6418785626724,842.397750601408,795.0603872575241,596.3816724930394,844.1253915993633,343.800558592455,0.80167380927598
0.275,1914.639159755636,1491.8845286566864,882.599319270466,891.2416626660169,540.5065598633084,900.9642989860068,651.0565357980432,300.6815306368177,740.3607508853861,494.7741593951956,0.7916037598162216
0.275,2019.7138952272344,1554.8591098177912,761.4000795499501,1026.64973132299,904.5203952548266,890.7808449471584,940.014233549638,570.1913377682331,842.3107646951083,415.2397426317518,0.766825166377979
0.275,2432.3697302244136,1649.0215093871582,859.3729007147577,1131.1296293376531,1008.9021053357008,1020.242803438974,915.236339519772,597.2767667724258,1019.822777583298,668.2611363818081,0.8298172285604452
0.275,2750.7646657640494,1854.2320904546707,910.5135901290154,1208.0470617594667,1016.2450147025388,1082.6548350958246,996.1473058993072,602.0574506707197,1020.1771751205632,810.8988595390864,0.8419934897076728
0.275,2913.944839425668,2056.003957689096,1296.1663482978097,1175.8510142894456,1155.9527090495978,1246.6519608405167,1062.4769495507933,576.1253493862093,1045.8179033034812,815.3677635489973,0.7573560230931569
0.275,3401.9033772003045,2435.201983679175,1836.978627688496,1446.8543503031249,933.2481137453334,1143.8069923341573,1228.4241117670515,589.8600360467344,1312.0573112065388,696.1233953345533,0.8159663184531726
0.275,3605.407485590769,2644.9015536873844,1604.830160180748,1566.3475186210007,1182.5611744170512,1343.252204713826,1221.0438159767982,671.8861202052891,1220.0037445832902,1014.5896443657306,0.8465959102028908
0.275,4509.273310697982,3314.845988029354,1995.7876746573488,1626.4062316224336,1418.31195302719,1617.9471146063652,1846.907215174576,567.88872234528,1729.0435180840452,963.2114575628036,0.8661823154686811
0.275,5018.898193657773,3421.1350274760757,2216.694956742176,1859.18276528053,1603.1348017796158,1479.5871830274234,1801.2884705029326,1240.8478231198117,1371.55762266923,1122.6718399655454,0.8753687785904483
0.275,5579.375219340197,3820.781085959337,2486.094790472481,2175.6446386030493,1528.5617919354363,1931.2742379347396,1809.0890376005889,1133.330072487201,1823.427096823474,1531.678761331718,0.8164756490907241
0.275,6038.051251267369,4312.425263641423,2487.1051862704608,2302.1464145066766,2064.7170691928845,2218.849378996035,1736.120102335948,1040.2291206289428,1824.6641952015889,1449.4995943190215,0.8361569321063043
0.275,7240.492715520998,4825.579602582811,2945.03325408435,2964.143058905372,2265.573527114637,2439.685082150621,2231.6005407661496,1572.666159715314,2131.097122818548,1268.324823676798,0.7819711433974208
0.275,7837.277301261638,5013.292224029386,3550.0684238973013,2809.979408616383,2361.06087245495,2235.0098549120858,2503.3289799740955,1559.789199536268,2195.2042704248674,1842.8511336676183,0.8320106428086772
0.275,8813.019157073903,5449.348530571404,4000.3348842111936,2783.7542208239984,2374.8587390721323,2581.638583456154,2048.364247939467,1936.423279551124,2102.0026286255475,2011.827959646051,0.8289673586522995
0.275,10108.389290746938,6414.61165154969,3716.498591283697,2806.84904525116,2546.369558831489,2884.7494524046974,2445.748199591498,1671.6129035031431,2280.209834390217,1878.5358600047527,0.8365105221819555
0.275,10324.248153427392,6496.817754343089,4469.175696768,3429.753126849458,3140.45571206917,3189.0986402180656,2907.481687777084,1740.0514122035415,2386.917018113445,2008.0142093746624,0.773445122916722
0.30000000000000004,307.2649046833176,298.3461668132952,113.06658009414222,224.9823553018305,252.0262701335079,174.63464151945053,261.2327092251433,173.05228480057613,277.7755294679248,261.3765598359498,0.7407217240849905
0.30000000000000004,552.9554816470267,519.3968041401722,258.55435624598925,263.7025624544268,325.2903626516652,488.1262182815129,361.5184804147462,245.58850357288625,413.1912168031412,239.67760014838416,0.867026873689901
0.30000000000000004,769.016846496909,668.7688061399181,459.07771501288295,439.1178143601492,422.9704790006325,389.1059284549828,425.6617015605537,294.91313885781125,505.5013041714888,374.07993582876793,0.8479892845776956
0.30000000000000004,842.97751769379,790.4183772833624,417.17230770207857,663.4639318475533,362.0740783829349,633.2487738338273,572.3106400246397,329.31983146049606,499.4387883444848,509.3412350884766,0.8758760872989872
0.30000000000000004,1081.3091546445844,1105.482369115919,540.9493726207235,772.0688865905579,470.4932962957354,719.3005281714239,663.5842167679829,326.0436000645876,628.7983715531353,452.51078309145095,0.797632544766235
0.30000000000000004,1457.604350150922,1275.4038063820565,850.1613294508168,537.2165233682364,431.7149651645938,818.4461371073885,755.0157524205383,508.73757514148406,787.0545691756314,653.3976871569078,0.7840962965634557
0.30000000000000004,1456.9371151466937,1199.9692420868394,707.5878129734633,769.5564743666671,396.7341473977809,827.4837013211786,506.8632358520067,448.2624364910419,921.7838382238784,590.049428048315,0.8105519957228438
0.30000000000000004,1840.5381736557947,1492.8239072895726,816.1015217983551,945.2106164828604,772.8206321029816,1001.3290582065184,951.0792116957924,298.564781457914,831.1397970314945,531.1078667703455,0.77806321886658
0.30000000000000004,2218.6255539706303,1382.0818858417924,1094.1804935636908,1096.8965444342384,853.227980619345,842.7517844043714,811.7112030266819,458.62458985541696,917.2491797108391,402.363536108351,0.6703456165782044
0.30000000000000004,2342.834495516945,1787.6272355835656,891.958805119402,1189.553193888443,886.1882768053189,990.057786458777,1052.2970561320835,660.7254919622909,1052.2970561320835,739.8641659839764,0.7814791732500574
0.30000000000000004,2853.528878453365,1993.1401255722049,1107.203845554669,1185.145453767353,960.8468256886216,1147.906685399067,1236.2405080401172,887.6683157555976,935.2992985522408,565.0766595419813,0.804430205528871
0.30000000000000004,2918.1501483102256,2431.559638297634,1303.3011084020384,1427.270255514023,1170.9744906982337,1214.1547554226286,1183.9750005077285,778.1733728827255,1154.7238534363614,949.0372160932548,0.8523502692667881
0.30000000000000004,3501.077488565598,2448.603272828775,1383.1231970115575,1606.2237199291535,1105.4981068338288,1200.540930498276,1233.055580699275,1083.4881897746952,1191.0366481318338,1186.5346196424646,0.8192687141174579
0.30000000000000004,3479.373448325844,2704.290997211221,1749.4718182301524,1606.8154468289874,1091.810495922261,1492.4843477276931,1357.5530505901338,959.969228490136,1191.7214563981654,787.4425699363867,0.7077329333746215
0.30000000000000004,4484.9246924737245,2898.1724898850166,1885.8577571533383,1645.3569877714256,1506.5852794614011,1482.8116401891666,1468.989756891358,865.8027697748839,1532.017544729377,1318.607666611174,0.7396000724320938
0.30000000000000004,4665.735943133516,3419.4092185978493,2188.770522762637,1831.4320912524104,1438.6503356411672,1905.2239299545188,1375.8982208393752,893.0555597255562,1354.9808492387765,1157.4278952331224,0.8241658209092182
0.30000000000000004,4974.999177635962,3284.536550875782,2048.5649587371645,2044.90462825699,1573.3320513946232,2150.4441571019925,1695.34306740041,1176.186194295785,1617.8660722367342,1303.6877060218335,0.8088869096929134
0.30000000000000004,5991.306191885245,3917.764139237292,2651.3510682506926,2086.4251968085528,2139.8902450750256,2213.968323998449,1711.5257017352026,1046.1113058404069,1672.2321120453826,1547.9097708956335,0.7500953902929088
0.30000000000000004,6157.946116548239,4349.318585813789,2989.7720406018443,2673.2963993584403,2016.4214722851927,2213.962423298894,1876.980800981404,1587.846467836782,2097.761863879073,1329.471106303291,0.8399572348441947
0.30000000000000004,7399.902127379042,4948.295446361672,2993.3072815807536,2777.9151009075986,2326.3786689980925,2640.5220820064437,2201.866245618927,1829.04456412154,2348.56191684151,1383.9484299730314,0.7962337857581046
0.30000000000000004,7691.838721920174,5622.562845035743,3396.1739022921547,3135.559812004441,2726.023384409465,2892.816402193599,2275.533314054995,1503.370995116829,2072.254323630576,1174.25262966778,0.8213576247342389
0.30000000000000004,8998.865912782996,6191.765181302659,3455.1946189550017,3247.522454286579,2353.35664339348,2797.696708929312,2881.549243342601,1498.3742597963137,2117.472411071993,1633.1652496943111,0.7957711616736298
0.30000000000000004,9354.938977341288,6026.731710943928,4388.254704215924,3717.894697491061,3152.4818277413224,3059.737846228415,2591.1366764789987,2417.038325217926,2596.0179386638897,2709.1005126138343,0.8035843122847343
0.30000000000000004,10828.148646566391,7178.26898818688,4310.752580470414,3478.414584720978,2895.950314403565,2874.40947600425,3157.0252758032348,1954.1848595856268,2677.957029802529,1482.8713154086752,0.7433503506397324
0.30000000000000004,11814.143176952382,7790.518820653695,4837.668248547128,3815.3168283159193,3700.199510220183,3956.92940216385,3504.682795359168,2131.4976437885643,2832.251476958658,2542.6309227019224,0.7786844305942255
0.30000000000000004,12382.774504293431,8137.767234802868,4810.881644935962,4282.985415493615,3752.240825101032,3037.3022265936665,3184.467542355484,2742.0221414199827,2325.2119890365493,2443.8936952960703,0.8174794864497246
0.30000000000000004,13738.486796535086,8354.126061631669,5621.587597263875,4687.445305230355,3733.6161366524,3896.032868143999,3170.571467481516,2239.3822069296625,3172.5401551359623,2507.123727934007,0.8171196267616777
0.325,409.224709923005,280.0705529184023,199.96028215120248,234.49600911580305,167.15922640400152,340.4686507606032,270.76640729780326,159.27435723400168,401.3398407530052,218.88396815920308,0.6904838691894314
0.325,489.0771456555314,397.6002715785752,305.403107154559,369.1488028696024,350.0611086724418,428.0325387419721,401.5618684874213,162.42547326262454,533.3750019998835,348.2603828047864,0.7902560967884147
0.325,598.0479973149786,568.668788833152,399.8389537903314,462.42069240572806,313.7136028984026,442.7004017809393,418.9555620490538,313.9148303537572,351.7455919604929,251.73554664907104,0.7698843571903901
0.325,768.7167892414811,824.6016603470239,476.3405751742844,522.6314769913223,439.883491877965,532.2254462798272,476.8202736387103,281.10330015320204,540.8600186394818,322.1175188615632,0.8540364758011214
0.325,1252.5754447683444,1006.7703927397732,596.1140483327614,532.5285498439333,445.3928667296144,821.0183115062058,627.9067975771753,435.6784155715971,625.8461564224451,362.9672205403938,0.911080856110562
0.325,1357.9192898297122,1142.7263522528783,571.0390903770783,755.4438817644553,691.5989891400015,581.085748607321,635.5321545002562,450.8032773635148,718.1740205877429,423.25598866768735,0.8393893428768292
0.325,1789.058474979278,1233.6728078016524,1019.4014342711891,910.832494171306,695.127867306189,946.3055142039386,930.5397275227708,302.4164536115572,728.8093206705103,728.4510073368481,0.853862127489083
0.325,2079.736432740297,1580.2215549857638,774.4182207731145,830.3820375086711,943.0659387735092,950.250482813883,671.5658008266853,545.6472131716808,977.4761233879404,550.9410877277489,0.7881536447098433
0.325,2372.649801193856,1712.836464997307,1135.398348510418,994.18368615101,973.082644649029,1148.7893940789795,1029.893141000516,711.3485721725384,861.8963875039764,743.4059236851625,0.8422857745123126
0.325,2522.801361188965,1871.5381440554129,1067.1605824791982,1078.9710553287714,817.0316396293306,954.9610904082602,997.984955788847,625.9550610273245,1104.2792114349966,759.6664857885529,0.8507270960130764
0.325,2955.1786648030875,2081.9651985850646,1300.0977293510164,1381.042944500173,1133.233012088224,1278.3917498696735,1000.283887765024,941.0446520972037,1360.241380830557,860.551644853907,0.7855066817485893
0.325,3223.438763721538,2072.868379557514,1614.869637756755,1324.0767858197648,1388.535867999129,1688.537160247455,1114.2212776719036,790.9565572686143,1395.321034544328,1178.680359851268,0.7770964449164884
0.325,3616.867606135133,2698.619098831708,1726.2667422543489,1335.90999796016,1278.7722879792766,1570.528559297597,1275.232783821169,1120.505887766735,1132.1356871433752,821.1649646810389,0.7981384129485255
0.325,4488.821553811828,2945.806329017513,1573.259642956713,1801.4675254548044,1563.9113682519726,1491.8746631742583,1710.184372455567,784.1552781741599,1495.7239527585668,1161.3856574360657,0.786338007417429
0.325,5031.3268877477285,3378.718574477149,2183.7191628726,1999.9642930326168,1170.6963481741018,1914.607192203716,1879.0417335250145,1112.0133413542324,1455.2200176037547,1372.2339473534416,0.8731201779845464
0.325,5856.665855634529,4020.178234454016,2716.5772568155,2107.382263362958,1809.7796987118209,1718.8455817350832,1726.476416726144,1203.7642198388871,2182.418807441663,1615.193406439926,0.8598952948851466
0.325,5684.178922486457,4273.8984276754,2733.784688626221,2642.371486050399,2040.8991096819452,2443.6471326246965,2212.4644681394666,1279.78483606151,1926.9638137178797,2094.554685106886,0.7899872613901785
0.325,7070.952969422724,4628.563936660324,3375.3426541710664,2719.49018300169,2249.5322020682183,2745.947076743128,2573.281033377944,1511.5241134912085,1911.16245579612,1790.713965867985,0.9136288311130605
0.325,7747.75651772586,5171.597813420764,3699.613061536593,3318.4542895121813,2326.254995798816,2616.2026219885934,2336.6367522352825,1314.0337432437018,2167.5624331271733,1501.64691313121,0.8563762312848724
0.325,8633.671206540319,6207.597112077754,3511.525707649264,3201.7311063299853,2305.1215423102044,2950.4619334715226,2579.800886552994,2098.331695081969,2799.0761585195387,1875.1547278847115,1.0
0.325,10341.644114304818,6921.093869423559,3955.505971364516,3578.870475460416,2682.2780117595034,2683.111276130971,3083.911438807685,1754.021501942762,2836.431920481317,2173.153480791796,0.8517081958335102
0.325,10784.733460942429,7834.905241360116,4750.794451829542,4139.940408143351,3157.834553423737,3384.271828238442,3626.5070524588336,2067.7760444319965,3092.887428089289,1917.6955250780627,0.8584751997628941
0.35000000000000003,591.5581359570413,579.613816527516,354.5576925396095,367.340209823838,357.91048395842245,478.8205244994118,456.6082813497678,350.7858021934427,482.1733159182262,284.77772113553704,0.8523549816245227
0.35000000000000003,711.2934635569233,714.116990372234,340.2349812448944,548.2347899727531,499.5289524086504,543.7642058485114,582.8229934603047,368.2349554967196,674.8229088591653,376.7055359426521,0.7463067162827757
0.35000000000000003,1032.3082679341658,975.9238959745154,535.1245768693962,609.4254782367863,449.2306270617029,693.7385578026181,581.233292256962,365.4445042431566,626.0246157763092,584.3950327406797,0.6192042971891081
0.35000000000000003,1145.2320337025158,984.5124757031176,572.1952850240351,778.3538803635763,619.8782254427031,653.8172595054033,455.7928128255177,309.09764906690424,591.2684611915034,610.902613128602,0.5540864987958815
0.35000000000000003,1353.549735750666,1122.5930849264364,632.5524509719127,727.8728548980159,664.1175683376043,588.7988229402561,557.5462314890779,537.8570988748319,523.7934327218018,596.2994448885431,0.7302500020489329
0.35000000000000003,1568.879978898526,1348.9003812686497,822.862213023299,952.1455747488016,791.2009815803168,809.9998377495857,868.3752332225833,477.2271031040915,974.5722803542468,592.6586760732943,0.6804298684094228
0.35000000000000003,1722.994983822073,1302.735390263539,760.7669540160264,881.7822990258669,678.5874790379947,804.1105589622422,581.1510551188975,563.4668643008395,690.3769395833676,566.9343526965368,0.8338688810904584
0.35000000000000003,1899.8644977121216,1525.1290425237064,836.5157602040557,708.1614901198359,949.0101635824668,998.433934247078,835.0404237663065,445.1827700909584,754.2657537995124,727.7096979200184,0.7947853517880402
0.35000000000000003,2153.520213326117,1816.7267266084464,927.356949473768,1034.2693004899577,854.5155674627367,1060.8994831606549,756.6104841145781,537.6947177480922,799.6887207877667,677.8947971026586,0.872504444314464
0.35000000000000003,2441.430093625476,2005.834400132511,1229.72015009168,1246.47383061064,911.8190622444088,1396.8381132683062,1091.9211278232335,724.5966824450296,1053.8065046425984,838.5217099739591,0.8146116015808736
0.35000000000000003,2660.9581807906334,2118.0781770443937,1210.9029780033036,1362.766867484409,1051.9135101301224,1141.8739373300716,855.0694070490408,820.3322123876729,1065.2739696152632,662.6787904630062,0.8459107878036762
0.35000000000000003,3247.065336983096,2514.813601687601,1330.5841460431552,1391.8044086935947,1030.700515716392,1226.3183862166231,1145.9667914879217,650.9435739628797,1159.3587239427068,910.6514069252936,0.8494062754673287
0.35000000000000003,4155.02654158394,2942.925921977652,1994.3709073245864,1737.1001977273934,1716.7067878202984,1301.517878429703,1208.963171928277,960.5818974187878,1552.5136926708694,1264.914322186201,0.794213019500791
0.35000000000000003,4016.167623427168,3050.9013704670624,2012.4838858011535,1780.929986942916,1745.7293942423746,1624.7273568342712,1731.429153457784,1392.6234487150882,1558.1762362598172,1363.4729578849583,0.9166130334041646
0.35000000000000003,5782.891960509024,4146.735647116148,2254.410336218032,1806.1145905838544,1765.4723938642726,2168.815406763152,1633.693149955326,1010.5128002550616,1746.998668082645,1666.3300655028684,0.8443615931248561
0.35000000000000003,6498.010681518194,4861.787212651052,2593.9801452813817,2823.707795638087,2050.1350954573472,1934.936390322205,2295.2672238263094,1469.4532503866103,1970.4336657417573,1236.3768004620297,0.5672028010280062
0.35000000000000003,7787.582774856679,5183.596341577405,3038.4621432372146,2877.8638610085386,2182.4159424289965,2805.4512426822093,2749.528626549013,1801.7119787529743,1980.951133026056,1990.988525665352,0.5053471891170971
0.35000000000000003,8671.744032188732,5913.217100632909,3997.7870784427287,3640.8555401711415,3005.455862127329,2609.292624606061,2590.0613994836785,2137.74298460503,2580.061162420035,1856.197848813223,0.582362436670972
0.35000000000000003,11052.767861751512,7445.371137066472,4571.070648454288,4454.021669585511,3259.7700581198837,3584.51496941746,3058.234598263124,2016.2346660779303,3003.670412625048,2502.9119992691567,0.6153543183338227
0.35000000000000003,12643.19389490507,9179.214377012318,4884.031247009752,5111.239523668478,3627.758817317574,3749.8832660216335,3505.634368613514,2644.136319615862,3687.400989940493,2681.0576645729047,0.6006659417228113
0.35000000000000003,14733.812250170296,9129.307122383883,6604.881310545724,4787.014900516571,4380.268540493551,4122.429324557584,3634.733443252353,2973.145997711225,3763.6530512203326,2968.1491136814684,0.6004280235961192
0.35000000000000003,17385.105550679342,11584.248405362878,7932.786766092349,5842.338622832843,5693.878598037386,4978.868919794575,4540.03855238449,2757.4266370096657,3507.3680857925915,3066.3544827237392,0.5690224900158267
0.375,773.1270011370895,691.9161816899143,310.457361200909,603.0483421234375,286.55817719216856,459.1891762455866,449.44387791192713,306.74486659760794,535.7593774386377,372.4096148934661,0.45973694591830416
0.375,932.4179960578726,909.350022019893,534.4954439027277,491.24299258151694,555.7284654604138,642.4955041714485,702.5246638839195,282.0584098280208,590.3304265173825,493.86435326765087,0.5843958185975948
0.375,1155.8526579247591,988.506033516741,632.2927450137175,586.1379230534682,660.3254282901873,641.9201311894724,610.4895469097954,450.7881997589957,627.7622103427727,707.329725501239,0.5565096326650063
0.375,1303.820343442795,1449.389458636261,684.9940615380958,780.4647150091356,687.8298235223825,620.4017052293028,827.7274147472751,383.4580372087669,510.4371571719025,520.834951114293,0.45284481909635943
0.375,1706.1351132121797,1413.1285922974282,842.5193218531601,949.006263168464,649.9721795377509,878.0149689582584,712.9267234600075,478.5215067282054,711.9221296740137,567.5954890862916,0.5545697635220345
0.375,1757.575068610906,1470.117792964289,955.3941686782816,969.6211150618076,846.3209130712543,805.4640414057436,1016.3146826795316,596.0725741200112,878.4227408084402,498.3079169204027,0.47333689335885143
0.375,2256.081227186888,1742.922959454302,1048.249608072755,956.7357533997366,900.0122897594355,750.2623457490415,1033.8796639505474,492.7378208220763,1076.233183468638,794.5066473884767,0.6010148331222689
0.375,2430.6383007528475,1921.157696154054,1353.7147474211915,1231.0697873693807,1066.423128669688,1113.4650311553107,1297.4324712330315,812.3128518500095,974.0193916443508,616.5849361508866,0.45973694591830416
0.375,2917.596273130875,2098.721913248829,1613.6254793819144,1235.109907567131,909.2268602225364,1521.9571659296628,1143.4415941148825,844.3134133759659,1086.4230259388423,835.5413259642708,0.5700746016935583
0.375,3070.465353197941,2220.211740838492,1505.204253693061,1468.791835366212,985.972626123164,1401.641661308901,1332.1270445030973,708.8599359993389,1187.896036844793,1010.089942157833,0.5375525654655853
0.375,3851.697172647978,2744.5978918227524,1727.5275952653833,1572.67774232468,1201.2438758024605,1749.649002828337,1383.8741010315307,1094.7524486970603,1234.6832128162373,781.4515834449438,0.5236081754723285
0.375,4377.749707113658,2764.7515834576066,1868.3396925743232,1849.8681748227864,1383.1907116296084,1460.3364622389568,1608.6518841851034,956.1726836088412,1576.0550881529814,938.7877257250468,0.6013944016440795
0.375,5065.516513216212,3592.1047467963126,2182.395330565905,2028.4479842746368,1829.083221644559,2046.143081549491,1794.282863670674,900.6804512903075,1490.51702711893,1675.7257119291182,0.5569846167761031
0.375,6078.952476322233,3873.854593154869,2881.026090867655,2495.589819872048,1820.290382597524,1880.6523434712235,1935.9841409387864,1330.4782209244752,2014.58044415975,1453.717224374952,0.6178536516632939
0.375,7171.284760968621,4826.23720505624,3027.119443002131,2840.604775274996,2488.677464271594,2650.6865552170666,2677.234263397207,1502.327998809466,2053.703476396995,2012.8608484275503,0.6236118095029126
0.375,8339.678048207263,5920.472350791689,3339.143431108492,2997.0485584336816,2250.3893145956104,2448.2093931423483,2445.9783396249086,1784.099129449727,2483.906249421461,2096.4466218919506,0.6901408819186805
0.375,9776.790655403256,7016.132219362143,4145.047445879385,3348.51629124517,3074.0743643681367,2927.9218589306656,3105.7407405462563,2015.2806583100132,2989.6306945598244,2194.723456652689,0.7005711035186568
0.4,785.1440680353552,752.8173424853203,531.8792901649463,505.8318566282285,411.4099100576258,490.4824761512327,463.9699098727889,314.6622997783876,573.741236920386,489.0870779260527,0.9743644205180163
0.4,914.4167609522184,931.9710094172692,528.7552416442735,657.7523705162415,540.1921004927158,665.4656009023989,578.4922789619187,477.15639009548494,698.1803366781771,456.9424070145189,0.7248558477265435
0.4,1339.3828432152384,971.4040857538248,680.0127769998306,653.9850112281688,619.2813235326216,786.5171978585796,803.2707022633285,432.8985870298069,688.9878686452306,575.0042047486472,0.8291139271257634
0.4,1601.3194027546062,1165.303746899219,682.5721279164692,731.5590059180788,436.34007226599294,876.8975578698729,449.6411451008682,449.9655615114742,697.1708663937707,381.8381152840723,0.8373113939085657
0.4,1726.0533913465358,1413.672750936821,909.9014803327098,1033.0141223061862,761.3172572612723,863.5573536128064,835.2555968372977,645.6338264413668,832.4254211597453,655.1856693531014,0.9038360119441948
0.4,1930.9946027546423,1442.5511797410893,812.5786609155098,800.6289747255778,922.7398304789637,1218.8679913732624,850.668285645924,516.0770723277715,862.2445441424239,586.2814786936352,0.8914680187822625
0.4,2479.960154969248,1586.6108718723708,1129.267570566355,1178.3836645446415,725.4688635153556,1003.6591990808976,1170.734436793927,670.7164964575916,1002.0488353439076,685.2097700905315,0.8359040809206278
0.4,2809.397857207121,2237.2752334349625,1449.3481310708623,1311.0231508780512,994.9768353742282,1222.162483222541,1160.8792641497823,976.1541323733054,993.6636235369544,765.6025011304554,0.8708120897313306
0.4,3161.73927531774,2191.8105962286404,1278.0236712703468,1106.4033496997563,1408.5646605501024,1317.7336924848134,1286.6959747539674,908.7661176783045,1330.5139291975213,821.1302087911967,0.8537678237425901
0.4,3346.8063975447444,2205.271408440667,1786.4313095666466,1486.4909116580316,1224.2265506808394,1528.081342036874,1441.475387012693,875.3562346794665,1341.6583541034645,826.4263165867088,0.8770497712764139
0.4,4324.243854760167,3448.890847723696,1952.5843013207293,1415.3363932520972,1492.476876997183,1954.22558820892,1496.3065464029703,1298.8050241903634,1342.5726745421891,1357.3442565359285,0.8785762174611224
0.4,5100.400129500775,3653.337065236448,2011.4995464854585,2115.0283105819763,1735.4228422280728,1800.3476603902966,1829.5930739768864,1063.363238008301,1931.367113258209,1221.288471375874,0.8372462050235656
0.4,6104.096296823676,4536.691731265867,2818.927517742423,2264.8711678858317,2044.3858017513369,2171.3702103273613,2306.567540851093,1835.27217369828,2132.8326534958337,1438.524867301545,0.8939331446856179
0.4,6836.539014611233,4649.305720624092,2982.7136336959534,2669.3835168666733,2110.251325628218,2649.1251041406385,2129.1591775058496,1661.1898435345329,2184.5321722903336,1852.9694840076315,0.8182358075795448
0.4,7619.401540433034,5219.658246857193,3480.494109003949,2983.79633945516,2065.4830213358846,2362.202183086686,2231.530240807141,1627.262750818271,2298.671073028124,2000.5080224123533,0.8137164261077712
0.4,8757.692789818366,6004.964801946132,3816.89896543231,3359.274419688546,2589.844674980386,3265.4226060699043,2568.1268999281424,2144.63028640933,2544.8578552293025,1855.31849732048,0.7949590313398263
0.4,10097.975179420046,7243.093913270738,4450.746553360105,4076.3769013446154,3202.569784836298,3596.9502868481604,2834.036630736416,2213.700280848833,3105.01689110398,2414.642566229088,0.7857342037393725
0.42500000000000004,658.2454340209814,684.8389132269384,375.2635399062984,562.5543678183463,360.71667948594455,586.4203106954867,501.18480041998055,347.9881766181357,424.131899130923,272.07174879941897,0.8050210241815935
0.42500000000000004,1124.5639364160534,940.4056948905566,532.5878138792127,623.0323940367049,583.5309960763545,726.2808756020343,542.1226340765393,339.167175590598,486.2758300636288,484.64128945837257,0.7768435192056238
0.42500000000000004,1141.955545519107,1038.0618132919658,692.5276027387787,722.003071713333,858.5824725063163,785.3315545596516,824.1457859815898,377.3443701395864,793.2111353746328,659.8419341729369,0.7826324058125824
0.42500000000000004,1318.832160845211,1063.3783677505849,726.0770514616905,890.0918147377141,716.805261724839,526.5737136756501,764.4430779590066,594.3536938209077,917.2677501733124,653.5013180042698,0.8461608306977746
0.42500000000000004,1601.828087989325,1329.8395910678548,932.1272446579488,1087.245684308475,781.2586252718219,912.6489017794576,971.0839304149308,530.8733813610423,903.7951095619636,886.7958285043709,0.7824619773550663
0.42500000000000004,2273.133664155592,1691.9777390258714,1147.9249283344025,1456.86514651411,882.1454759298019,1314.1317368894142,1020.7142502604069,570.9336384987727,819.297343309912,662.9342181772906,0.9110407803032047
0.42500000000000004,2246.9237023617675,1821.580120844724,1026.7745814693087,1177.5343575268605,887.6735614268722,991.3962873544666,1015.5178515236768,705.1537258798602,1191.6052699588995,978.1294270614048,0.7947839548334689
0.42500000000000004,2624.605314759482,2043.1516793745357,1116.6456311662678,1357.2910408474816,794.0874100768099,1221.4770530203405,1018.1804899915908,783.4769422778135,1114.0991188945084,780.9304300060569,0.852644416160131
0.42500000000000004,2961.643774082983,2204.829880428854,1464.4189369081105,1267.5835353075176,1458.040011856237,1374.2027111745035,1194.225897211001,987.8221080326,1381.9485487374927,1011.9708957289712,0.7565355482554537
0.42500000000000004,3227.5262938191104,2556.7583461158097,1692.4065751215214,1506.0821452039406,1283.9447079775211,1618.360762712715,1194.4121897054374,1126.6578515535882,1209.8988955687178,943.2371789853728,0.8616430387169728
0.42500000000000004,3923.999547615917,3093.459766065306,1859.4252324192248,1747.9539195835098,1303.1153472344142,1323.0022481159012,1416.1566785607731,904.8539901077494,1352.3092599412566,1170.7104545234483,0.8594104259235139
0.42500000000000004,4788.008043100001,3025.8977868947422,2141.703168539725,2198.7848094922783,1534.354508804578,1834.033123805472,1943.0590580248477,920.7268685646516,1448.732047375754,1425.3285745852063,0.8319714442634475
0.42500000000000004,5620.693355857425,4211.230346865697,2554.804906298473,2388.120585235104,1858.6527418573423,2098.261453385934,2131.3531935970504,1428.4601191129136,1865.3936519003487,1432.7497891402832,0.8606791711072438
0.42500000000000004,6178.866257399391,4314.777913922354,2916.711656314587,2322.940858794456,2603.205889457085,1862.1330060538,1847.7938649501336,1344.6203680395486,2239.513128736743,1613.1533741628186,0.8722505059127653
0.42500000000000004,7457.247332399692,4945.228746188436,3226.923595620404,3015.1259501163167,2768.84961813482,2624.6020522599365,2668.931792016614,1705.6395106375571,2481.761779710673,1801.3354567789409,0.8111144096326467
0.42500000000000004,8191.214059633395,5341.802011544734,3516.103814549923,3044.083037393583,2596.86589980119,2856.9283025019727,2844.902295440669,1486.715122954196,2271.412083704544,2405.9530377029287,0.8369905623372914
0.42500000000000004,9452.667809364531,6343.811952103033,3674.690256659072,3629.423504707267,2913.238822041202,3383.689708397464,2623.854943492161,2003.862108723676,2387.8211654577467,2125.9206720223,0.9003047343044643
0.42500000000000004,11682.934033864489,7687.688318129293,5084.459233579522,4528.003657178791,3987.346504082816,3442.3009000688508,3566.93290613968,2451.388682787432,2918.319860461233,2719.0841887846327,0.8910419476384728
0.42500000000000004,12789.091437740964,8414.463301969186,5917.46573722701,4337.428916930184,4089.124131162528,3953.3469823906903,4316.96934656731,2392.839751985712,3401.868563064024,2560.236236772898,0.8319100900187415
0.42500000000000004,15655.881016010371,10607.846534464155,6092.101751398735,5739.293165122445,4817.273051568996,4725.994085933555,3905.5090015700966,2858.3649126512205,3954.738106631907,2828.622328343051,0.8515332226171272
0.42500000000000004,18459.86090354169,11976.787990771889,7553.580322748749,6678.721203690139,4843.40683829526,5310.294805264277,5208.024107737738,3303.7881853140984,3686.191663022056,3702.866233270953,0.833292264809196
0.45,215.60880795681624,146.0314815617455,63.10501696297021,100.5230558672959,0.0,296.51267585805766,0.0,182.43822211730424,126.00777425618747,0.0,0.8511489064454287
0.45,484.4284484536895,219.09275518572989,0.0,0.0,64.20136063844096,350.18923984604044,0.0,82.60874375855444,114.26046351386888,136.7084917091253,0.930240492867139
0.45,507.1954305119745,407.3880723361582,0.0,209.40508391110723,109.05381642643448,351.63736817800697,0.0,0.0,466.13027769303983,110.68554435301309,0.7871852803205086
0.45,856.3738479252889,314.9283043989776,163.24265319763316,123.9488464102377,177.3999806430919,376.46934002923257,0.0,263.21072046556566,199.93613453586508,0.0,0.8766407429783756
0.45,1008.7299002510664,699.2522359949357,150.89127197785362,564.4203455136134,95.3525776356734,62.23010329907103,0.0,178.32604870110146,346.2804135190225,144.8690039166511,0.8629169914369046
0.45,1097.3938837345438,404.11741348322334,227.0956494617737,380.49100274729074,121.65838364023462,314.5486324843215,15.515851826578867,180.9007269780914,543.0548139303326,0.0,0.8997764060861648
0.45,1295.9203991783584,623.7319540167451,0.0,553.9546067681322,279.49704092359696,484.1772595195238,0.0,219.7986438331251,353.9262113221174,11.629557874766611,0.9268319237168208
0.45,1444.1413457420174,482.7737349730931,125.81376123541102,532.5140591824393,353.61608639587064,594.7939609235569,23.4072113926324,316.8333256360211,302.6218044333487,120.7979302227034,0.8323165618899174
0.45,1829.5566884964296,1108.041374723192,323.94565108186123,428.8598676254178,398.4899628364946,491.4402774935108,0.0,338.2103033312073,585.7710423681989,156.91117474277587,0.7962666824138577
0.45,2265.680152821647,1193.0975272837447,532.2741493774271,1065.5525896027352,518.7162229310161,776.3168254127381,0.0,65.27890511232926,229.98260416496527,442.8922639159304,0.8382227600851322
0.45,2953.231502111369,1241.478781485433,574.6558760453602,925.0016323590012,304.81746468493003,776.75707303136,205.9877584664964,620.7393907427198,647.9453211062203,737.3362351577151,0.8352138456676882
0.45,3298.1005023861985,2341.39493273807,901.14704582044,1014.0956931624344,1039.7380887752086,1147.1919370573205,322.3615448463348,862.6834524012752,670.3654853054509,691.1236150872174,0.8194193883673982
0.45,3957.221975647886,2183.203851808408,727.2946326157372,1388.5915671719702,793.2923306752416,549.7608248356743,77.87728371021188,373.5469710168003,1074.4425244087297,635.5578323130271,0.8533218692787569
0.45,4887.739809645288,2044.2966670212488,1169.912482519451,1624.7278218998429,868.9616469234818,1169.912482519451,561.2326393546365,892.0074316312908,1049.2610214021513,164.7095789410318,0.8158148264909361
0.45,5251.294702296957,3657.695857042224,1592.85556221123,1357.2348374231035,1703.6047356920865,1128.3036600264409,712.0651556688522,642.1965495802631,791.5964413228933,947.685880456987,0.726130259292322
0.45,5896.858441073982,3307.7615952755614,2067.945918197448,1705.4406306576614,784.5026901025233,1326.2775509114488,629.0299628425661,1499.9945267784428,972.4977735750192,398.99378475386,0.7758196920968995
0.45,6636.807218299818,4015.9822266979663,1625.596132095831,1615.577049617582,1375.9539936794704,1244.8709979223809,636.2117373687839,1095.4196842885094,1038.6448835784386,586.1163249775392,0.8019852126575849
0.45,7696.0744994806755,4829.219353158848,2798.995086113818,1538.471228003439,2113.887354972708,1953.068308178388,1308.862531135249,1249.3687797200216,1623.9934956628515,831.982929947475,0.8691078051561709
0.45,9035.125018388182,5927.889975131943,2482.0585674020926,2447.7082115859284,1483.9353712581933,2383.91469364163,930.4039232491862,1438.789189328388,1695.926138580789,769.4479702820179,0.7500379633126585
0.45,9762.74112622776,5779.979213785741,3436.1083166166527,3010.338979750702,2235.8239046478197,2740.756384549148,1039.8185814917172,657.9099049561869,2099.9628348438628,1707.35643627651,0.7778348447335088
0.45,13092.999683016023,7589.231472638154,4069.8635956196767,3552.659194774054,1713.3138887782468,3251.848359339708,853.6845053037996,1650.298180169473,2811.927374712393,1758.4949628751049,0.7778092804648814
0.45,17033.147960061568,10277.614415354868,6337.567241154704,5221.175160006085,4328.061495087175,3757.612370695385,1641.9132315429745,2507.797821311928,3136.7894572761397,901.2823874638927,0.8031025678448216
0.45,23612.07335270468,13538.910205435175,7650.443914598096,7500.990455439787,5704.402556926319,5090.856777223823,3563.2851051952857,4296.393652224439,3335.1719306905206,2369.2306262357997,0.729228648649962
0.45,35647.91893915686,22473.76752570667,12930.964440793872,8485.945414270971,6822.034548727637,8871.75331825959,5355.598818875169,4410.278030429131,4710.147680922652,3762.998418997976,0.7190216883293316
0.45,52231.91748856978,32136.14523587476,18453.42952969939,13866.124538185004,10508.492397644486,9899.908545976072,7115.429005465746,6681.917220715652,7423.889313845636,5133.363104997697,0.7524188488641564
0.45,63154.44812932022,36930.22411204018,20519.83351495688,16916.940473689578,14972.884190497844,14121.789127551228,7992.991971855214,7609.656930099108,11130.406748132951,7981.583190850578,0.9187355494140683
0.45,57724.28017647954,33196.645917060465,18559.335430793057,15038.269558151913,13005.82184894412,11724.596308899316,5622.644456311774,6933.8267086238375,6740.26026012785,6304.735751011901,0.7704084246972513
0.45,69925.57103683185,39601.71950772978,24933.9673900821,19602.2213271684,12509.376042201882,10937.225567494475,9522.532382241585,8248.339547578913,9331.161215058411,8522.072989245966,0.7883502805622419
0.45,66634.21001594939,39418.65012521466,24821.037015698592,18539.963334372853,15090.103629913514,13054.637883049005,7780.379797609742,9682.412152248397,9427.675676180706,7741.5628107803905,0.7915159891606007
0.47500000000000003,505.95642877393465,302.6488176887014,0.0,43.838832063877135,0.0,104.5696911615451,0.0,11.864638035637382,153.63700778349926,81.0415106501962,0.768295111824054
0.47500000000000003,419.64784105025046,320.1661064741553,0.0,102.522660960517,96.44080819167094,108.82172275681914,88.6212832031567,39.0976249425713,159.21421712724353,34.31902633847638,0.7754786713083507
0.47500000000000003,744.7077028302474,233.2880016308577,0.0,82.63333103123092,246.136476882662,99.26076959239543,0.0,255.9617814869878,37.28577131897082,104.29938733820052,0.7255601761019314
0.47500000000000003,865.4978303532912,483.3654900813978,126.16143294577223,226.48257239662644,300.0514079939227,141.66560904272237,0.0,17.936203720002418,90.28902550577084,166.8978956318782,0.717434999389859
0.47500000000000003,1027.5212417754087,383.25225416204034,81.37779141237914,119.8718504207245,112.4431723664814,260.34139908276114,0.0,0.0,121.8978535264289,110.0795020764974,0.6477553245344658
0.47500000000000003,1301.972606858319,510.5706779164111,320.8010454165056,360.4232763780235,0.0,443.49093602541706,25.372130352551935,305.5082545190794,377.8014478523737,265.88602355755745,0.6307757807813782
0.47500000000000003,1447.8965943297126,820.8883476689901,411.4135743395356,241.9623660583131,89.5726066658156,252.43189151275865,53.12314767626435,174.87985110945328,314.86128403742003,158.59392262475632,0.6686732873388289
0.47500000000000003,1717.158560981831,953.2356654697576,414.0695607224252,448.262616089234,357.3591274311355,461.6062474518924,0.0,108.0000163415005,548.339851309155,434.0850077664104,0.505916240766824
0.47500000000000003,1996.0304284974009,820.5242960817886,610.8246012591034,373.256319542771,291.93486926295145,310.2093524718989,0.0,181.37424584881495,344.9308705689058,205.1310740204472,0.6571459325435947
0.47500000000000003,2318.555161923326,1334.0107090912406,515.78447453546,827.6311338035453,597.4585995818612,408.8656199292622,119.29372203747094,241.06241756119985,429.1604025165541,145.52844099176855,0.6287988106741926
0.47500000000000003,2490.164613550657,1057.681390180928,478.0156898944814,811.6362368219279,460.8133804435328,631.7939107438542,104.2564209148274,344.56747112350524,793.9126452664116,494.1754351362828,0.613993447100558
0.47500000000000003,2693.313102380353,1348.0508942748652,863.3772380378517,1291.7194336535267,626.3389136411549,554.3908104713361,151.146790380007,266.0406605581739,840.5100114489957,207.47825100133915,0.6615174224788783
0.47500000000000003,3407.9350207292878,2056.1378397760936,1407.4030224392118,657.6828837828997,1097.4164348447423,876.9105117105378,201.3314950355808,454.433945937458,741.4112198135741,267.80284577748495,0.6553329998267687
0.47500000000000003,4084.133469957605,2592.271426695683,1200.8166514659424,1689.962869379464,971.50816096001,824.2893963452619,0.0,775.4426173025856,907.057549723142,616.6905854138582,0.5574616460286904
0.47500000000000003,4830.747569921809,2471.9475107909616,1385.155427329512,1433.4412824965625,391.3316321747747,1388.0381649514231,374.75589084876987,424.4831148267843,740.1428844263289,451.14843782948594,0.6074360417691748
0.47500000000000003,4889.7863741244455,3085.3293619820147,1011.2150130312488,1438.1724629777711,546.0561070368717,946.7968714603684,0.0,595.4932854517389,929.5687638309456,626.9533080793748,0.49595810599416723
0.47500000000000003,6074.127009645102,3305.7345149393577,1411.824115755347,909.717637832148,1214.0245941492358,1295.706987686989,789.596470864875,1133.943816171063,594.1993725981158,381.1845031761453,0.6478371301940737
0.47500000000000003,7179.757381792886,3829.4881712151896,2504.388055858159,2073.773153505967,1704.552851093109,1888.7366509110711,758.0527686952331,1285.875787618016,1787.2650204558086,682.1622215480173,0.6524151794198672
0.47500000000000003,7572.517190944773,4663.375155932686,3005.9273106490814,2083.6753091465325,1204.2321795603405,2103.2184898040064,865.483714830847,423.43558091187447,1247.9716791270632,1506.6861659259605,0.6789738412873781
0.47500000000000003,9271.625691878638,5467.570851652872,2283.0392890728003,2602.4020227368096,1944.4743657264555,1655.4308789292786,937.8753697474764,1637.239330809182,1761.5482429632136,1536.1751745863814,0.6639153508761279
0.47500000000000003,10847.298234672924,5779.219112866381,2839.196917549615,3114.8575174023667,1917.825496251872,2073.353850254406,520.2155289050127,1439.4417315268608,1826.6537025262492,1603.5509602329623,0.6366928133571066
0.47500000000000003,12098.632749061111,7086.439834441583,4232.9241323101405,3657.885382260453,2547.74112869232,2426.8004391977506,1372.562730773338,1555.114714916096,1445.5835244304517,1803.8417933105943,0.6403723637548756
0.47500000000000003,14927.839228038578,8671.194885209423,5243.799171493603,4135.353818169749,3833.050539990512,3944.153454193138,1134.2832403477128,2612.210378112853,1333.2349704314909,1981.7659347305096,0.6649098009257333
0.47500000000000003,22161.9406478191,11614.928932293153,7575.680170722721,6586.755408111837,4305.088751519576,4926.394785172214,3010.8277718813683,3378.4465008396505,3700.492660092352,1768.2157045761453,0.7172023645453496
0.47500000000000003,27831.03296488125,15677.966959394458,9838.353528962887,7386.607432216805,5530.875033063544,5235.344695475975,2410.470909932176,2580.524679605468,3898.028642705384,2425.329977185168,0.6435448894915344
0.5,343.58489929201346,131.04168252067575,0.0,76.90708501594513,50.33918291952706,207.94876753661865,13.983106366534033,156.41103264281818,150.4182727714445,0.0,0.5771860131308403
0.5,357.245141233325,0.4490825156945681,1.571788804922054,112.719711438798,195.35089432620285,0.0,2.6944950941546453,0.0,76.11948640986553,118.7823254006453,0.5991418852414753
0.5,1010.6539929111942,240.69972491825345,0.0,326.7249520487998,210.50543989892077,223.0389166993993,0.0,296.5306670294704,299.09433273865653,124.76506451383943,0.5894693601588729
0.5,711.3285501544106,417.08196779069567,8.09596858495891,202.67838595451377,90.73068241765436,310.1593482031203,0.0,176.43628088602463,94.9182523753916,63.93023468813082,0.5698473637502038
0.5,893.4097995783837,708.0905178710626,217.19156951868763,440.2975841982456,62.75883476258481,467.569747995601,179.07625625973228,255.6354630643578,357.16677165932384,32.2008680980813,0.5921104331555114
0.5,1231.4155257810903,475.9344902174738,116.94178191770872,310.3597767720805,94.29591303840571,322.2395768399131,0.0,25.987062648381592,340.8017644458988,0.0,0.6374798519739147
0.5,1383.8267740956146,749.1909853133542,227.58299044177457,531.1542612491708,164.95948300477275,626.6169250250824,0.0,54.98649433492714,262.33140005620515,397.1246813077913,0.6196135578895886
0.5,1661.0684876989594,804.9470777510884,426.5925888863216,424.49528018973393,262.5830488130168,270.13336012074194,0.0,300.33460535163323,35.23478610270651,28.94286001293392,0.6199085319224859
0.5,1462.4631310365853,972.6737789991486,387.1361325784576,394.5013859925529,631.5704802587954,802.3522937981649,0.0,126.12996471640682,359.5164322755992,1.8413133535225068,0.6051567315783566
0.5,2322.911686404955,1356.8003683258153,333.77385527247026,852.2809281307183,400.3356934626451,580.245589440438,15.434629145544775,290.8462929614214,655.0070743641888,445.1925844168966,0.6047136175888149
0.5,2406.7452065771054,1351.57119975266,326.294648910541,981.976787005648,330.418435942582,768.0553347183288,0.0,339.18148338568074,626.3001554917914,57.21754506962126,0.6579043391795402
0.5,2607.5775744999,1210.6021123864214,518.4367810991754,611.8983429092101,239.15164345508347,603.6517345142086,134.69460378504257,260.5928252820901,567.9164314691974,209.463853233069,0.6250883396848459
0.5,3126.651753505051,1757.052138136842,798.9331089647835,1001.3695433415756,638.5457855861409,918.4727245166582,0.0,572.4686111604874,613.3163189872555,496.7802113638171,0.7770423524060598
0.5,3667.993646063888,2273.4402251534425,1208.3036531937962,884.1892887331468,1202.3383581423711,1098.939910584376,0.0,367.1970509431552,892.8058260296464,310.8581532352621,0.7057322453070973
0.5,4462.969941131486,2167.115211799427,1417.5189887464778,1474.9672680755536,1189.8023152613207,1189.1101673176054,224.9480817102563,537.7989522734423,454.0490510828598,167.49980238117263,0.6298986828982335
0.5,4993.844720093108,3434.0507196275094,1213.664075905242,1303.5105669613274,1249.7499616572793,938.2330295529596,600.2040181206119,314.46271869632005,406.5185496964142,628.9254373926401,0.6374671266490877
0.5,5770.742642324745,3565.5059919854543,2308.4570886171523,1533.10356387884,1217.8411399914417,675.333720205507,142.42820165471284,800.1584362624437,900.978399231511,925.7833107556424,0.6325658882583579
0.5,5742.457965894608,3626.465343467624,1732.5521354227226,1834.858382497604,674.5558242092308,1982.0795673126968,731.9471335439199,1232.6655135364756,741.9282308195286,520.6805745437449,0.7328332105264246
0.5,7273.760125917551,4585.375485826781,2088.0481576454404,2517.2479957737764,1976.6735161058075,1410.745459502,1193.4290857661258,1052.173442837818,1327.4408495699115,871.0764647245963,0.706178199770931
0.5,7768.792895071272,4266.024635631261,2040.63776861889,2172.2015205051525,1756.9825872470751,1542.3750487091993,1463.9966433301445,1199.002987048595,729.6656310287982,0.0,0.6932682441140984
0.5,9663.980324427612,4929.877650542476,2832.143703768429,2835.186838120613,1367.3817022492312,1922.2465324646112,967.7167239953708,1247.685084396559,1310.576527675085,1344.051005549131,0.7299921681396336
0.5,11198.94991745274,5754.693708198812,3139.72730249587,3440.221963396252,2913.2515470378685,2988.375212262958,1951.0057762870176,1865.939273017427,1256.1118729548948,1677.0253501719642,0.7315109697435289
0.5,12844.14736705371,6827.355897273551,4208.337405532549,3943.254562238926,2498.847602781214,2515.34164636394,1239.4095606439616,1909.7746176842868,1681.2142994666674,540.7690003189822,0.6806139311435399
0.5,17119.821484935193,9358.65291427174,5501.379559275931,4172.65653012877,2317.3807216291893,3758.544708867225,2432.564142112539,1884.0716636204215,2613.566660014944,1650.9623602612662,0.6914744845987428
0.5,25274.47531638003,13184.690661698532,9960.010776674351,7180.877059007754,5817.379390817721,5235.957441925571,1850.122560197588,2515.281909337825,1913.3205981206631,2482.102939428194,0.7204795820487688
0.5,38539.77416173329,20490.128666901124,13187.775263151814,10942.07243814942,7634.625760509849,7527.687530747818,5073.837079958632,5222.786757127175,5323.9961531519375,3498.4078022146045,0.7154714200900498
0.5,50635.32536709087,28949.386314439864,17320.20029072507,13453.037844216771,12221.511731775014,9990.70232048344,5759.195643477653,8154.066491893818,6255.641290880656,5686.7529309810725,0.676692372336098
0.5,66981.97236964937,38366.93950183904,24290.39538644987,16845.890607747187,14324.926407662651,14329.569067331337,8716.593527916586,9029.973055551436,8168.759687014261,8974.26113952744,0.7676858300884343
0.5,69418.52541376605,37691.36308378892,24703.71952228837,20197.1694327082,14125.613065327798,12138.34137415773,10201.168969319664,9144.312595744228,10038.942708815996,6887.459030501843,0.6923272355593874
0.5,73488.41313801141,44738.3922927872,27566.32460936373,21103.197922763688,16898.53460642502,13870.305585849495,10834.814625176685,8520.67638083601,9963.381813500268,8322.183351509702,0.7323794447582878
0.5,80703.64114480934,47943.676816475614,28419.250225821004,20074.233640076392,18161.20637222516,13697.476080572394,11307.447262994492,12171.071121447018,8806.954928637824,8410.290482022998,0.7448654596270493
0.525,431.7362761239776,160.49455532180775,0.0,36.52090127249054,24.676284643574387,19.54361743771109,0.0,0.0,184.7760194110853,161.87642726184663,0.6844826571291516
0.525,376.2372056522347,172.42253011210724,103.54722596406324,106.592732610065,101.67306802806112,174.53095779010928,0.0,0.0,237.7837881301469,0.0,0.7096115585150706
0.525,575.3676123273187,373.032454539579,137.83316203237547,128.51348203730393,218.27671567404585,216.31467778034832,0.0,160.64185254663133,89.02746942660532,0.0,0.5986832906670423
0.525,590.1187826234093,379.1218959589153,107.31979759960473,189.1406354562204,158.5979254344002,107.31979759960473,144.86771634202248,0.0,350.2604360300378,123.8520901802202,0.6429969620006211
0.525,897.2511211025885,690.638287070242,0.0,442.1582725008584,142.96110427279245,277.41261900554144,134.45151473274512,82.37282674766041,145.34378934400735,174.95716094337217,0.5513533196828614
0.525,1616.6905770634105,708.5953628036945,39.821888157562086,629.3419971567769,342.39015602139705,393.9243642253038,0.0,207.6984754884667,370.8901348008299,279.9244491075722,0.6085901832834727
0.525,1838.354186865669,985.5221663219536,137.61981063687224,408.3405724568635,466.2641345458187,508.16628584420863,0.0,234.98069159489785,534.4578317569237,224.71055647273852,0.6890026203265422
0.525,1935.2469088273265,859.1556220646341,289.24755293075265,580.7548523687799,388.6763992507013,426.64014057286414,0.0,446.5259098368508,550.0222998698896,154.11471179591578,0.6227479308920082
0.525,2232.0788853769445,1013.0597565582964,516.9905687438376,338.4614514797771,372.4005805429975,547.6752607735962,237.5739034425374,251.5214907287952,293.829172163766,195.73114158376936,0.6623467535729134
0.525,2109.667457366557,475.298602097008,136.15584299316146,698.2350922726181,0.0,582.527562696016,269.31924987658016,405.9738322213644,564.0742066859538,388.019215562925,0.5779427154822109
0.525,2698.046003086368,1877.1330321394137,854.4522168416737,753.8344791575145,571.2319181751527,484.98814301730096,215.07706891217077,412.5859614033016,620.2098645610907,0.0,0.7088915425491977
0.525,2680.3958187772164,1550.1740500386024,863.3260257593763,606.7793013854528,460.25898534174513,632.3795053038712,0.0,754.9336729984196,647.630690616969,27.23425948767745,0.6336890117933881
0.525,3237.40062435032,1646.2463559139155,560.3990833733595,1034.9019013247955,491.0896829984262,1028.385632913477,22.510745420916837,458.5083409418384,620.2302751500071,793.2075820686307,0.6247273154023415
0.525,3238.3830852538613,1848.1776168502377,996.7629113249908,637.1514021480286,842.6436931062907,1257.3872803452327,556.3327877162748,835.7521833485503,648.4284181152544,367.7560207088443,0.6721763590688403
0.525,4725.758209361566,2477.111466905322,1374.9422507752824,689.5480774280893,1302.9412467064808,1246.8635416144414,398.7747917656399,1019.0911345121943,885.4738865768277,657.009162127766,0.595333341804923
0.525,4685.981799986586,2935.287357320789,1302.4700965801192,1142.38997297809,1330.1202997477417,1390.5141645612362,826.5955473268264,649.7797744391376,1126.3819606178936,753.1042178549877,0.5994085205632591
0.525,5827.654495590163,3173.808609329072,1480.0143774073345,1722.768058357746,1238.826849237247,1301.472960450261,765.0656331888703,873.1301750313193,712.5995150479785,224.74292397666997,0.676344249786825
0.525,6265.369537844052,3553.554514838604,2198.880020169618,1773.9002181405776,1845.4151944974872,1457.4258974806494,531.0192497306754,727.4799319065859,1090.808892248628,1063.682521906345,0.6736461766935724
0.525,7049.574208416428,4752.948217864738,2067.228081391694,2341.6232727330603,1218.4558174997542,1274.9229951391435,829.3616715784003,713.7804173477979,1216.6912181985251,547.0257833814933,0.6505298998228257
0.525,7815.613624107026,4107.118800578564,2968.456792060479,2650.1112548329857,1886.0819654869783,1119.2844540781364,655.1458882073204,1373.03814317252,714.2012922147394,1608.337018514581,0.7097571973787657
0.525,9032.295380473695,5550.451454754813,2860.966010858166,3466.0755977224144,2683.5723208979675,2943.749732839597,1088.0146317559106,1029.868922268963,928.3603107917382,1874.4599905794807,0.8021413513444323
0.525,10491.608523008908,5289.842594301414,3330.136784836724,2813.210640339089,2406.380327833835,1479.4782756311786,348.1125354426232,1210.0056201831253,1843.3187870727252,1097.8127247241882,0.6226256484737404
0.525,12169.553283897125,7157.291625305928,4145.84669585783,4123.135949783556,3357.7838070806847,3046.6465858632096,1137.8083783208815,2087.117564225333,1838.4348947120927,1308.1389738779,0.7020267755814148
0.525,14600.1147294251,8084.114589756577,4220.986360498477,3755.025252112569,3444.3845131886305,3395.9245579164976,1371.7895030881068,2099.931395125834,2304.95428281563,2819.375346473656,0.6279617634785647
0.525,19165.342245269992,10592.53829738937,6021.851796857238,5537.668904851716,4613.5712709669,3849.945681289623,2164.9892171104,1819.1442942493288,3504.100758428536,1798.3935988776511,0.6148873443602293
0.525,25418.8168893098,14430.197888783552,8609.573342132622,7338.069885518192,4558.765869732664,4894.725695816635,3386.9251366455187,2875.751812747435,3935.070116045686,2967.377219861234,0.7082469390475477
0.525,42638.64990833966,23397.98335269998,14023.67954050298,11028.706675519188,9908.982020952164,7233.653737289429,6067.435325439321,5807.845180608919,5666.426668872941,5133.685700004545,0.7069329543685018
0.525,53341.1320321358,31455.62321306882,17984.99448921769,13325.691579353988,12468.857283944477,12841.857288165036,6458.228644504564,5752.7257793788285,6722.525790352278,6752.365790689921,0.781442815179121
0.525,61868.87877056444,36582.675326860925,23801.22122432136,17600.72869649729,13724.556164227926,12689.219182081024,8633.188554917557,7102.088875306135,6774.654907678369,5591.742052797838,0.7077359158726267
0.525,60673.62670624154,34987.23723865624,22350.494731535226,17850.536028150254,13422.893923938384,11929.90607004187,7868.512548739003,8703.652629512379,8414.386232819927,7499.93117230829,0.7245972553169665
0.525,63927.04816459239,35591.02108250711,20849.937712924064,17742.988866540072,15397.020729338008,12705.576687353998,8100.009389145367,8811.969868594762,8214.389925188083,6293.263779001698,0.7066819105453669
0.55,304.1979595504189,27.9494272260326,57.521724420024775,174.36836211336913,108.91260673885704,253.52835277290492,0.0,100.79825689904273,148.5827615112895,0.0,0.7547186591637212
0.55,456.76824231324,210.1795897600797,0.0,128.14098723280208,247.77076498150888,167.62354233958996,0.0,0.0,186.53734119313916,107.8086534652352,0.7822958096089884
0.55,571.9827237052353,293.8604276989506,30.98444676993085,80.41201661720163,91.72379877130436,180.0048812348389,0.0,149.2663427726057,347.22253046938647,53.85391938583113,0.760521017734464
0.55,630.2822061514443,313.32593500306626,228.9904337812078,170.9050554562177,24.016069884370825,461.3319470811619,39.09592771874195,259.15014944995323,312.4881651233797,105.5590048406042,0.7275260683593776
0.55,930.831885475572,508.7400825135146,235.41573010487537,263.7675568698735,218.53205798639397,425.27740147497934,0.0,342.7703999903195,353.9199947855444,28.35182676499814,0.7550741242322543
0.55,1305.83966969603,678.0179404272494,252.08832515613176,411.5351135418516,346.2062210782578,528.9056661035661,0.0,225.51386042517703,374.2570449609308,416.3332807849403,0.78769981194939
0.55,1581.7099458011037,808.5777972339442,399.076303224794,565.4623481429697,178.0622585966431,330.27004404810583,0.0,336.5251585187178,270.2209451302706,177.22824333389613,0.7463924986063925
0.55,2090.5180542030525,825.9002730752908,406.0041494336443,525.2062507022462,358.05443200605305,419.4479954413839,97.24381945595992,84.69622984874026,606.3174549489215,359.3988166068255,0.715385123775848
0.55,1970.3001385946643,1255.420862533267,478.9549026494847,782.1508845443104,670.3473662205924,433.9492490869693,167.23153376386406,66.79786476120789,348.2016354573411,270.03392137507683,0.8770753355450415
0.55,2552.217170476463,1198.8941508956989,410.1864587786157,462.7994487407205,846.6794125382863,652.7908013816468,0.0,55.04877653442232,525.1555849921006,286.9356582192461,0.7788062869413496
0.55,2001.2918132654472,1141.301026306963,982.2545373935528,938.218864567364,605.1019513057294,554.3314108708355,177.69689152214298,144.02255347859477,135.21541891335346,338.81564739207744,0.798056181217775
0.55,2325.3014225952875,1586.551259235889,715.2622702018666,598.382039965594,1171.5984801195543,746.020225527205,0.0,502.1935251300073,863.4596913148469,422.7820768355034,0.8247665812219611
0.55,3238.1860937696224,2188.5185957167423,427.72923760790735,943.4686064108644,933.494124875422,736.9381652064977,218.8518595716749,956.376758986139,520.4332424666885,430.6629086477394,0.7568465801904205
0.55,3256.139240008803,1585.754018042613,1095.8814289082936,860.5201975587635,603.5378557178129,778.9777237053883,392.8864649299187,675.1963933465452,535.5857941733359,509.6404615836199,0.6882704295974433
0.55,4044.2483516928937,2351.059919206285,1059.2395452840035,1125.0266939559724,919.6910481010402,1221.3816086775444,415.3229082826254,565.5036719176221,994.1169132652944,368.1422259017167,0.7149342895228463
0.55,5342.6273935695735,3032.7202250630826,1629.8292365985246,1597.409486865096,912.9106799934762,1386.681113597844,702.1823067262156,792.8102434810173,778.8108060961339,863.5442428993925,0.723875977737836
0.55,4917.008957547453,2682.431956776689,1571.4071620696968,1318.510045304127,1134.5136910009962,1464.1412023270302,85.34298986826234,253.6800799753786,1099.280346559968,816.6306278219686,0.7589343287949905
0.55,6361.34448589665,4198.880238374916,2255.7726972633977,1886.6313741626025,1640.2643270376816,1446.2809709957994,321.66860305678733,839.7760476749813,1291.5853832661985,1258.8455763393004,0.7950761179034961
0.55,7243.454777769921,3519.492441571095,2618.9548205510487,2211.755200611545,1046.711843562426,1529.6088287470934,985.8059175030952,974.4948169492308,2150.849274552224,799.607800693155,0.6859551590020895
0.55,7091.214239005933,4819.443521958138,2465.4327594897777,2313.3328905399035,1950.769249438464,2114.365038715944,917.02072151754,593.3663492172346,1708.470620995073,723.3586790755475,0.720265329130749
0.55,8470.24989873277,5076.606957245683,2359.5900936444955,2889.040442724719,2006.9417564412524,2481.917972132351,1051.2552057549417,1393.3909909006447,1328.4043054539698,1122.931697056415,0.7386146682006182
0.55,9600.917439107296,6062.537189192604,2579.6764948943783,3151.726201871339,1752.8316844632018,2878.094106332966,967.6265407443938,1692.355025666687,2383.375208964673,899.2185168597948,0.693235862707171
0.55,9677.72703092515,6502.01044606079,3394.2627706518697,2862.0139258392355,1675.1721991941722,2318.262650195679,1409.5706145529025,1907.3121668727683,1692.948683205604,1591.518156787465,0.7362281454001418
0.55,11607.188959190493,7716.886140695027,4188.419033308512,4384.128914788837,2754.730366650337,3348.687099980167,1222.048911103872,2506.679470355529,2127.776037024436,1599.8144962868116,0.6985770905657197
0.55,14303.808788304525,7844.498269465752,4104.123918966386,4316.004980733378,3717.104176085644,3364.377321814585,1741.5888429633585,2355.186599872387,2698.1154859692447,1944.8966825779232,0.6914125404093763
0.55,18177.27407498337,11087.239713035817,5730.018033511655,5151.493321212518,3745.912993955932,3736.247903297005,2682.75302147304,2989.2744680850083,3834.2795371233374,2677.230112525082,0.6851922592522638
0.55,26104.68398308556,15424.4933882209,9156.472909407174,6600.153156119006,6472.651986158213,5576.995619396544,4087.907881335821,3988.7403046996433,4464.115037146085,3845.498249558483,0.7312942415550547
0.55,36765.37263183638,21114.74170826161,12930.450061522371,11425.124990782837,8038.143581618884,7464.512426021539,5349.019183404561,5433.054320848765,6030.434537028165,4452.03543372846,0.7652763977703027
0.55,47959.19164395431,26735.2207488417,15411.549364726578,12994.502787734353,10496.887991509066,9539.66081538278,6641.123213926237,6587.41106777086,6361.052737544593,4657.6103880453165,0.7422715385036568
0.5750000000000001,317.28883112124703,149.3439537690202,0.0,208.54497017326543,105.52447032781,149.3439537690202,0.0,53.656510336174776,125.3773791521949,22.714589375647,0.7545151188916022
0.5750000000000001,582.4339156386305,231.0971365145224,190.852656544579,322.202738409669,256.7745961272462,132.33767646558132,0.0,210.6045485543689,220.9742918595067,82.46414914086375,0.71002523486195
0.5750000000000001,755.6670417713341,266.27519851963314,99.13389021506816,156.41706160583507,306.2949483953698,148.83161881893102,0.0,156.15549461318344,303.15614448354984,5.492906845687823,0.6806241568509906
0.5750000000000001,633.8556664576953,350.5637258886532,38.59417165746471,290.5283477548165,176.3539232681426,361.2843291268377,0.0,70.75598137202115,166.70538035377874,213.87603460179284,0.7390368063800046
0.5750000000000001,977.70599414487,519.367780622354,182.16401088890748,152.5739177495913,307.61367659413025,508.2714956951104,141.47763282235118,153.4986081601975,230.8643725140315,233.33021360897212,0.7804645558329799
0.5750000000000001,991.6546319140648,812.4040201325319,344.71271496449066,514.6467668821185,225.83341110105889,559.7389166234208,74.90514130579709,67.45189341467551,102.1094961084008,59.99864552354968,0.7718783701433269
0.5750000000000001,1670.6337747434786,1282.586217248526,242.6850252849975,484.1276357647781,491.1679863276565,332.96716779716155,104.77698190632006,12.01000978373172,534.2383662417159,164.82703082496454,0.7923070612509037
0.5750000000000001,1495.5081565336327,1074.004934569078,654.8024943838036,443.5907270456676,501.1102715277304,484.5446427168957,82.82814405416832,576.1157575323401,1001.7603866996046,338.67507791038634,0.7432293464348967
0.5750000000000001,1702.4776829146729,1409.741744925023,776.7064083343447,557.0318686034185,482.4994354804213,1055.7126875908073,384.920789483877,397.1794133527903,540.360140141695,441.80080423563294,0.7670041162583706
0.5750000000000001,2641.7473050534204,1146.438059146677,627.247753186619,503.75352778482414,715.2373887854005,852.1101552723952,79.75668723865756,641.140853544326,774.4117051237657,532.5688470452463,0.9276278246134199
0.5750000000000001,2482.870552294897,1524.7392381495208,1026.339092674789,674.0217484598927,558.5518871699517,781.9726420379372,246.5147271259713,512.3639426539802,526.3277398332285,409.2466711764465,0.746177758749922
0.5750000000000001,2989.749786055362,1768.979076693568,920.6864699490916,1074.8153399976388,1150.128310589541,1038.618408395328,119.6834028786048,382.98688921154735,636.3654104277165,160.55090630057097,0.783075519802124
0.5750000000000001,3350.312909196111,1782.2590667442153,602.0419813675658,1162.9135992917566,812.6671740561171,1266.734515801129,0.0,704.0728820750539,900.9746202824804,0.0,0.7042489496318506
0.5750000000000001,3577.1775059036463,2139.585293197065,458.6603726254329,957.7724741798372,942.8364511906776,944.0811197731064,114.5095095835564,666.5200258912347,1283.875642776482,996.3572002351658,0.7680139048691523
0.5750000000000001,4019.111130494412,1555.3409511844816,1057.8678024491146,1430.153373571229,931.3693601488136,1145.6957364814473,260.86207272289334,599.0651619817163,1137.830548359149,1057.2123701055905,0.764951400170067
0.5750000000000001,5004.724679259289,2416.3860567128927,1221.7682309222446,1706.994702120427,1179.9983768736192,1487.0068041310103,808.2466758408726,685.0256063974335,1046.334843918026,551.3620734418321,0.6694551278876831
0.5750000000000001,5251.386978851013,2895.132385288068,972.4225306767715,1337.2718004283367,1170.8761083659017,1093.021243272481,581.621639227394,1005.2436992945952,1433.4454573084563,889.224684645554,0.723508339208052
0.5750000000000001,6050.238518470826,3968.31538324074,1509.7548832846433,1440.838259100736,1333.4565423490658,1962.5210770510012,584.1885933728756,1128.3093819876751,1024.93444571181,844.6293243004277,0.8459337956454407
0.5750000000000001,6760.425758877645,3367.899580418137,2236.7744565863254,1881.811767576038,1019.0316430917188,2454.167873779221,264.94822720384724,721.8140805233008,1461.4612148007095,470.45294189400704,0.7857244649703711
0.5750000000000001,6503.938229876402,3461.3911843084657,2599.994748030784,2436.6718763206427,1869.4322251123028,1817.625507741889,687.5366051023587,1747.3791113074235,834.1759576593191,1071.257545625646,0.7830463034951205
0.5750000000000001,8071.534758316106,5109.995772141362,1969.6539873097292,2916.3677528298463,1433.2455913390966,2351.727336018647,759.4413606110573,990.0028641423016,1366.429808683101,1163.159258631072,0.762213282618409
0.5750000000000001,8398.860573160537,4930.252879062237,2896.024503719356,2969.058073920752,1577.5251163501464,2009.883851942416,928.9870129617532,1432.4317568833833,1832.6557215870343,1558.0494976297807,0.7243288304963786
0.5750000000000001,11787.022776300231,6041.568531767199,4283.716932638529,2515.4019311341044,2923.47462378897,3100.3061239394187,1950.3782028427515,1721.2296908134856,1615.5493268182518,992.9768854601792,0.8275743900595364
0.5750000000000001,11335.593098735637,5926.964556738101,3604.294313470256,3642.568069832946,2258.1516253992904,2775.39410424378,1259.7533522808626,1911.500746342842,1551.727436533467,1768.2475439567302,0.7458130418508381
0.5750000000000001,13364.642420498603,7122.907404794612,3483.840505212502,3057.843257506441,2990.150544172337,2958.638418999563,2345.9026517511334,2743.889121525824,2450.9430689937185,1286.1615533481302,0.8300370812706419
0.5750000000000001,14917.163070362958,8003.164385517602,5071.860626945381,4378.068371372665,3042.1090552879928,3519.327321825316,1288.111574321037,2544.7443711659985,2689.546747555946,1659.561148538727,0.8530364016124176
0.5750000000000001,23990.21052008907,14295.406374276228,7280.595411068964,7894.430921606722,5893.137311219449,5950.091121475532,3066.013452119004,3637.133604964703,3488.4208781849466,3478.9285764755905,0.7673747981534679
0.5750000000000001,35580.530086881256,20573.898188468447,12646.341088324642,9944.500199091945,7641.733612859704,8508.19223468949,4483.2941967706565,5916.006897182158,4458.127348833716,2698.245625241687,0.8293170210376367
0.5750000000000001,54925.82708201376,31981.157554666566,19861.014494532206,14731.073119856326,11124.356658480116,11183.44728011676,8616.288051236726,8874.535953204211,8005.684960991613,6756.027740454097,0.7575764728344356
0.5750000000000001,69505.94031998183,40451.8140187661,26621.993556543865,18400.633641639404,15027.105886722864,14447.244122307837,9453.859616596306,9183.883491463812,8946.774025043098,8390.388445422204,0.777737700512724
0.6000000000000001,76.95992462765993,12.797436213711098,26.1207944636022,0.0,0.0,0.0,0.0,0.0,11.394977450564436,0.0,0.753035799880364
0.6000000000000001,329.982872020158,51.5338490308556,42.88946145148615,0.0,0.0,1.662382226802087,0.0,0.0,42.72322322880629,22.774636507184745,0.8250563095997383
0.6000000000000001,384.68429929956926,212.87032040148105,180.95923032301425,96.51158950560782,0.0,79.1939857435128,29.965291902950984,23.738737741298632,100.40318585664022,0.0,0.7768435192056238
0.6000000000000001,524.1943009960173,220.55020471717276,276.3595348705342,77.71965976912584,3.3072195646442077,120.09341044112234,0.0,0.0,37.41292132503108,30.79848219574353,0.7925087349256313
0.6000000000000001,697.5798410137429,274.5768046477623,336.7141686372209,195.32235548384827,15.006759605002111,97.77841805133846,141.6262937722024,0.0,114.42654198813642,29.77903859117456,0.7809792497746779
0.6000000000000001,858.6764621135244,343.06095981875984,368.9185396259954,217.3572797657669,70.66031709699864,110.59875719530244,103.94235051225182,0.0,194.5718876584013,3.840234624836988,0.678009784312696
0.6000000000000001,1267.8117020248594,614.6965827999318,438.4591696757443,214.6559495491833,184.16504762458345,192.7025001634703,263.13648360929693,34.45471917479789,246.0615785315207,34.759628194043295,0.7459878527544044
0.6000000000000001,1557.2910322896962,646.9395763368552,511.0190464550074,356.1328612408099,194.57357507634052,241.9877134072176,76.2138371688917,56.896965997051815,248.3095985180008,133.81323484491958,0.8093385451053304
0.6000000000000001,1935.4095448935925,939.9136866862916,891.9980215819749,384.8586221178779,367.9923080011601,226.54526461321404,32.199326950102034,0.0,234.59509635073837,0.0,0.7428407695517603
0.6000000000000001,2132.1215934983047,967.7289797261708,781.4581393493038,354.9538760829576,203.05919938079208,227.442292219824,35.17560934155531,164.2860845383962,486.0629654469318,0.0,0.758836332431919
0.6000000000000001,2771.4835867420147,1576.7730752962852,975.7021081400912,791.6651065599028,354.52258499176287,436.7053790465727,449.3825121720481,303.37690996829,108.41134534889903,222.5055434781839,0.838123911579773
0.6000000000000001,2632.836456212988,1477.158905198252,993.1944275588372,834.6318084222498,447.3731039925113,275.742137124886,351.1029423738688,355.45905828421536,568.4731263001224,302.314444177997,0.7430589179773803
0.6000000000000001,2763.2149528983746,1472.7377011138824,1078.9085894976097,895.7322585132955,619.5939395544424,474.88463807683286,727.2100340077269,582.9586733575792,416.72615298931385,253.2412775858138,0.6935750153376271
0.6000000000000001,2932.921483115734,1714.1496820666705,1076.0840094832254,964.683241981658,574.5435328165946,679.3076588499824,612.4671983490435,459.3503987617837,427.115283059201,232.7564972054033,0.8148058900224419
0.6000000000000001,3478.1516560662185,1856.319790361612,1376.5214214480486,888.9926813919421,572.0474645478592,633.8904336881681,508.6584211790413,335.4981075861789,537.0031153683512,317.9759329964238,0.7307335319298279
0.6000000000000001,4001.701568177196,2099.654869876132,1238.453416896087,1045.74462147577,902.0295876029963,618.9545208838888,668.4926575597326,845.9589493874798,236.2588056847908,295.05131954183656,0.8564790564542399
0.6000000000000001,4654.413282740483,2929.684445200378,1757.6929381893362,1209.6647648958756,871.7827332412604,821.1592929585145,491.5182864662084,942.4200917753258,1036.0145918329652,491.5182864662059,0.7700590463593434
0.6000000000000001,5231.00663251347,2830.23424839344,1714.1291725544645,1196.048193430989,909.1205698255252,808.7268872681063,892.3882893992895,691.6009242844467,984.7256887885204,502.5881268769588,0.7756482476235791
0.625,83.51196758063284,0.0,8.661088930817124,7.071898301309452,56.01896969014865,25.029752414747183,56.09842922162393,0.0,0.0,0.0,0.8005819309581614
0.625,282.43667989362746,138.72388493920624,85.77706574547197,120.5385032708412,0.0,48.440706921927365,94.30649254567852,0.0,0.0,17.380718762684612,0.8128980651751632
0.625,417.55657216135353,291.6601182433577,157.17981519458908,61.6129615386554,31.283361276593176,89.65353536584608,193.2319815438331,0.0,0.0,0.0,0.6954838140618056
0.625,542.4424502996255,207.5937429390071,72.65781002865211,67.88315394105494,227.73033600409155,76.60209114449327,109.81709001473467,0.0,0.0,0.0,0.7758876996063889
0.625,745.97070203128,457.8533817574013,278.71432823146665,245.68330490299783,168.0483449630908,138.6338570355482,205.9014154927971,123.20330599159117,0.0,104.3973219067694,0.7731224978831928
0.625,745.8516993803134,413.2053116872659,297.9440819724608,120.21870196060152,183.42647309452704,138.8092228823447,249.85660118822076,0.0,2.478736122898225,96.17496156848148,0.746866289718287
0.625,1212.5765529423566,738.6356812267395,400.6901581684367,185.60738572114064,82.58944993566499,257.9825927319003,302.3415905772033,0.0,0.0,98.05673207909209,0.766066759742033
0.625,1542.6170676416282,970.4415459948608,561.2232059771925,465.6393601336496,320.60414960021774,314.6301592349975,488.87154488728805,0.0,0.0,92.26496230730814,0.7246799131188612
0.625,1820.6083717886984,895.3992659312521,674.5856368483288,283.37749065641793,294.7861948257019,306.5629217101249,76.54872474874723,179.22706227230606,258.7199687421579,77.28477017902223,0.9046080528567414
0.625,2056.8632234104034,1098.6213062726194,651.8486417217536,236.0001324585634,246.5794487411887,249.83462298199527,100.50350468494042,0.0,159.91043457968016,120.44144690988706,0.6583114009953761
0.625,2223.9572923834985,1071.3173792986709,790.1126177328589,487.0791760455007,263.22820146571496,329.9982818375047,268.7923748300309,90.73882717192026,400.6204822307454,253.38389474423212,0.776341465374525
0.625,2503.849017925236,1248.1001214240082,1019.9866529445644,652.8454492380088,314.0497061117371,350.0439417692432,0.0,0.0,447.67830599022585,303.2514354144855,0.7272559392542147
0.625,2591.7075814975983,1318.180058500392,1080.498333061543,712.5800457383924,182.33118663802375,432.1063071089862,390.2445550747471,266.5198212846592,437.2227434687265,135.81812882219975,0.8304329400969626
0.625,3103.340977587235,1637.565237510557,1182.6860048687354,766.0359843319176,384.7116914364354,355.19293272244295,255.99054688034605,0.0,464.0736001101122,128.72114455608943,0.8279309788321849
0.625,3318.9896592138616,1662.3097013302447,1353.6974014835257,687.8522902056189,543.0143451697634,510.7712690663749,570.6512675440966,314.2420432933401,491.83485929136697,154.05025249396584,0.7996387311804235
0.7000000000000001,176.54512748570002,66.58490799568435,37.921690458494496,72.0385290315212,50.73135847290276,19.15108782352103,147.120939571417,0.0,0.0,14.077951976230429,0.7704524520487761
0.7000000000000001,232.05532574656127,73.4720623837075,22.55083102866238,8.123148811399705,55.04342627426311,36.85727221889004,154.82479152474338,30.18901573191946,0.0,15.397610433549188,0.773823689251259
0.7000000000000001,300.81051600654274,122.69902626582616,83.1186952123339,34.830691327073446,0.0,0.0,128.76801036069568,0.0,0.0,14.644722489792237,0.84300839117218
0.7000000000000001,261.11778322198126,245.7759628211599,64.28222747944169,72.72022869989321,32.217822841725244,81.61848453237035,194.6877008864243,0.0,0.0,0.0,0.7942752914371906
0.7000000000000001,537.9711445319836,137.24154380578662,132.1367081277457,104.64913139983469,83.83710902013087,65.97018414698809,277.0355054505942,0.0,0.0,0.0,0.8717930001868117
0.7000000000000001,530.975585449212,298.7673991483675,182.9843311402968,181.48621380932337,130.3362077946677,250.39961103409013,302.61970085658453,0.0,56.07239153071045,45.585570213897874,0.8279783055038491
0.7000000000000001,661.6361155569048,445.6950312171771,250.93366943529043,37.52494322747864,70.675813318013,198.44479179194573,191.30814614745591,87.94189149016657,0.0,101.9849684035166,0.8401205465089783
0.7000000000000001,1031.5911604820117,558.0069397644244,436.5471568776833,276.6886533922185,340.6865210567583,251.634169029931,314.54271128741345,57.18958387043919,0.0,87.41836391624123,0.7201082914806091
0.7000000000000001,1572.3929307281458,806.813505539703,481.4078881009895,519.2057950896473,501.3376936041013,275.58110368093764,483.12597478229327,0.0,52.22983511159806,265.61620092938176,0.855418467053237
0.7000000000000001,1731.3563064697269,918.133106678401,631.5164983202442,363.0705601091958,221.47647009494028,229.3618552531192,494.03652230156,175.8783733106875,18.17067014710655,128.2232195286481,0.7429115474876461
0.7000000000000001,1804.631389934742,1061.7670233926522,781.6095491500998,504.4324735697022,394.5302729027452,316.29480802118087,311.82421002794695,152.37288160266556,0.0,122.941444813886,0.7909549954879447
0.7000000000000001,2255.4634036830957,1201.7496368735558,632.6251390939394,425.0574177977462,438.55130407704206,548.8836683606766,465.9359556438417,165.89542543366775,129.7794356861462,285.7528859144522,0.8064031178156387
0.7000000000000001,2508.1788011034464,1257.7645461834031,894.5736837584951,515.3851285839177,430.2082239437912,426.3168932749514,624.7747573857056,152.62663623332438,207.5376356713757,109.82199887610264,0.7914147153271924
0.7000000000000001,2852.359573446549,1646.5597406991335,991.4768331091552,1089.3199416396646,905.7476332538548,590.3200881340707,699.8111857753537,235.2893800376527,16.307184755084478,310.76834947547314,0.8611658390359279
0.7000000000000001,3538.3147728126314,2048.087954961859,1359.8514496804848,463.3260095931961,476.3116040324714,825.3643825600816,906.9139156387024,145.4386577198378,47.26756375894532,169.3321514880969,0.8573277901726684
0.7000000000000001,4158.160686727847,2105.302004176081,1779.2883656249298,1039.6753348820228,759.6171843521826,794.7596163684757,1146.183936531405,283.30206733134816,372.5097793727046,217.88307850101677,0.7679619241896103
0.7000000000000001,4046.67241503043,2424.8931874859823,1536.8024392518814,893.0893828395449,483.2013451930382,575.9537873163008,824.7747098984605,427.6609606880916,66.64846140593541,273.2586917643377,0.8236562398212448
0.7000000000000001,4216.278163178453,2394.156606575581,1641.8369719732136,1156.5426183789216,1103.250948708522,892.9189333072565,949.612198914066,371.3408897246053,0.0,352.6321120743568,0.7732702025463734
0.7000000000000001,4949.054654223345,2740.499373273234,1886.0379966282155,1339.13484659072,1278.101891116078,808.387478884748,1041.748779228973,305.7631396817943,9.573796937198525,403.2961959795113,0.8459337956454407
0.7250000000000001,200.2551456048022,148.2234955142806,0.0,39.2238592990087,0.0,55.63384125063438,64.97285536944594,39.62410276124312,0.0,0.0,0.8020356857007725
0.7250000000000001,137.08221636002563,71.2691124856848,0.0,21.82403444537702,0.0,0.0,0.0,36.48705758836496,0.0,0.0,0.6749855313340757
0.7250000000000001,372.8889183148895,189.0130526565256,0.0,165.27570583743034,0.0,19.840170475661253,108.0580713406568,3.365743205691944,12.93153968502974,0.0,0.5876111218770907
0.7250000000000001,555.0680692199957,333.8086823266955,155.79085597692628,120.22770338037776,189.93956500429425,87.08931118813899,95.1718458691728,0.0,9.496978250215266,116.79262614093876,0.7126861321557894
0.7250000000000001,686.2530006604293,508.4103112735922,120.43067364531022,286.3872816481592,10.54048726504642,126.71011286704004,58.75760986046772,112.8056403046386,18.389786292208196,0.0,0.6735959713104622
0.7250000000000001,770.587387751299,340.35869731943296,160.61871109456334,166.5941095727837,117.1178101731194,119.50796956440756,249.7716563896118,223.71891902457077,0.0,0.0,0.7093027214920566
0.7250000000000001,857.760611549632,504.4770088869563,153.93784099072772,179.38623609778554,125.9945051869007,124.24804669916078,163.91760377780895,219.55478131578727,116.01474239981944,0.0,0.7076553032122223
0.7250000000000001,1296.400625454832,759.1431216496024,189.56937701398235,304.11890924313263,155.81044686080784,153.79068180890772,266.3204489861578,100.41117686585316,57.70757291141031,115.12660795826385,0.6613017649307141
0.7250000000000001,1560.8762189437605,969.0778944307764,517.5793927258768,497.7225732565195,435.5479418032856,259.11521799358326,307.6179409597192,294.2715541032646,103.19035691453104,108.07318137420764,0.6970407997558266
0.7250000000000001,2056.995611544561,1196.6246681231153,142.9078329982092,542.3918776709542,505.47706658957554,466.7347896130775,197.36631667271905,352.33542457870453,171.05080778302383,22.295083920436447,0.6985305504869367
0.7250000000000001,2302.464460696857,1257.6554558604262,584.7207637446324,569.3440239368143,591.599831553394,432.5719698567561,168.73948683841567,387.6557035760251,2.4279062854463125,263.4278319707648,0.6602958514466247
0.7250000000000001,2777.3594149364294,1747.265279899562,752.0895901181825,776.7115707470516,687.1770957329823,506.3174562045618,341.5740221786733,448.1200474454167,107.8890423919552,185.7840356541939,0.6377398121811124
0.7250000000000001,3451.8773648757588,2214.173693041701,895.866329750426,1019.1996889681004,543.8321351330499,799.2390128830355,257.83469978182944,605.9843791482543,357.37540308743456,197.6247133920985,0.6936772724121366
0.7250000000000001,3746.623662575561,2236.5776236667803,1029.7618540267415,779.4442491941546,614.0921728311671,712.2858674098028,822.1814012387432,531.1617468398796,314.423332899471,32.561639653020016,0.6921076263184149
0.7250000000000001,4047.6908171688046,2320.858468026984,953.9143964028376,1070.7202408603296,700.8350667449445,815.0101489398779,789.7548312193385,603.4968630303666,437.23268803682447,283.0700194510365,0.7118807359594138
0.75,87.43175986971512,50.95042947701811,0.0,42.99585367710684,0.0,0.0,25.989519208331064,34.835556089266696,11.79471584124803,2.4686614551448347,0.7229381342830489
0.75,128.23975031970969,102.81008068184364,0.0,1.4188227694943625,37.98079413724187,48.02169373674234,0.0,51.62332076699772,0.0,36.12541051559471,0.646684923867422
0.75,185.76968702687188,123.25671297973405,0.0,27.95391480975765,0.0,38.33342748173547,30.66674198538838,32.08213007702147,10.73335969488636,0.0,0.7994628714863492
0.75,607.3719889084953,322.35728357822103,63.98701245729217,169.55549042310955,20.99258452857565,44.40739034890965,124.3406929769468,47.23331518929407,0.0,5.449997906456725,0.6721010296906184
0.75,729.0549945281248,360.6706818072767,136.2741461397548,168.29740175064137,71.52639574402343,141.1828203574827,132.0667110959894,107.75708639867436,0.0,0.0,0.7468765154257375
0.75,770.0771396923043,521.6885647978332,143.66388849787265,361.0945884298397,71.83194424893743,156.24052520139085,115.3664559149586,58.52973235098507,22.009114231156587,0.0,0.746614055601163
0.75,870.034582426955,465.7072008959511,261.5949444363234,238.4557268185863,52.61127374138453,115.45251737692544,126.1696286946138,173.1787760653876,0.0,56.99554655316584,0.7845071188452574
0.75,935.0594622166924,608.3296811768212,193.18756035636963,369.2204876209863,209.02260628722084,158.87829417286127,183.95045023004047,215.88445952392107,0.0,49.616477249997175,0.7869996350364286
0.75,1338.925135102998,825.410086653486,329.92365312905935,341.0412989995294,228.96340954858357,341.3417759149472,122.5945814905789,257.2082395978827,40.564383581441824,150.83941153987942,0.8176575841878275
0.75,1637.2331576272472,982.4716373369704,359.32837959592183,476.9087934508654,321.4523359171597,217.7049119275015,64.88330960622915,212.76455840418456,22.72562620725844,193.6618581140264,0.7769358346201123
0.75,1926.518289476526,1261.584664545376,351.6370570064236,670.0456901420448,403.8531516605472,327.9024685272776,184.7646426222747,231.50352455043813,13.145310542297574,56.96301234995007,0.8799640978999367
0.75,2613.311260235444,1356.2271958517592,486.3945082279964,789.7555429764702,248.2815172662093,545.710911670435,387.25137675992175,399.1146574484084,309.2926750927162,93.21149112383227,0.7443127844862479
0.75,3133.334917307343,1791.129506730712,982.3354331916772,713.8030135186376,495.50625058715485,677.2679904338703,372.6572354646249,720.1966425584723,391.3814347955697,295.933686986615,0.8359850344379479
0.75,5346.472790469398,3347.757797235347,1574.7814356517554,1322.69665070522,1072.4081943925094,932.8933371655628,883.7936878410607,873.6144922493936,414.3531382019084,294.5978959470193,0.6980231980787931
0.775,63.71783826546968,34.85693536228957,0.0,1.3591006907313312,0.0,30.29995069336653,13.59100690731477,30.220003593911443,0.0,0.0,0.794170412386412
0.775,47.42796660380981,60.83322658604359,0.0,63.18502658292672,34.88503328709978,15.91384664557564,31.43572662500445,37.15843995075319,0.0,11.131853318580012,0.8575612771594665
0.775,175.09350153176396,91.58172670900248,2.6899839620799537,111.38979042977444,31.668447553580368,47.80835132606121,39.73839943982078,11.738111834531566,0.7336319896586747,0.0,0.6707376020304907
0.775,571.9271766184762,259.73615861223675,96.66076912523778,220.6065255965495,61.12683211639806,118.44645669613428,120.9845950539082,171.32433914976565,0.0,0.0,0.7658008913483078
0.775,696.226494989016,325.3140416468722,107.07686726452091,172.8656204567056,33.801807674605456,83.71051699281456,115.6974625103938,94.59968993496864,0.0,1.5880043873971494,0.8166201009526989
0.775,726.7551229054592,475.3735201885592,53.61879060720551,111.87990074750245,0.0,197.53069613303904,166.89138721463618,91.9179267552096,84.25809952560942,0.0,0.5921036160172103
0.775,734.8162483081139,506.3048224078266,206.4448718970407,167.46062649130468,189.03681262781413,103.22243594852036,52.95972960779181,121.85641488459513,91.94397501352783,2.69702326706326,0.7807649968566576
0.775,918.268880852579,499.8937979669968,214.3153315850093,214.05236798797267,122.01510902508524,244.55614524424365,71.78906199105145,308.9822265182649,0.0,49.17419264588508,0.7010994317369557
0.775,1309.309538624761,770.8855225184323,223.4197163258112,317.6293356120221,287.58725887369576,254.9201463038635,63.00085995610323,90.41790086292632,172.66902358339556,72.9176619862309,0.7785889906580162
0.775,1657.2350937503804,1057.608720797964,452.923632663158,483.95041911514,48.90091342975281,241.46933803933084,200.32512122257396,337.2476788258815,287.335022359652,0.0,0.7848004992614096
0.775,2502.406213815153,1566.1768298174911,807.0942965497111,834.4113342790855,386.99136783281017,610.0805092893717,594.7664123804786,406.030515341162,63.739754701875,113.40709602801108,0.7505763623034478
0.775,2659.1574549272714,1460.370885898258,666.7002881245317,749.5070118087888,541.4285779355273,290.8851575575186,338.0212925777876,354.58263731463944,294.2823564778992,193.21568859659996,0.7800163289897128
0.775,3038.946728668836,1553.515456057321,837.2514450767918,888.7746109276704,506.9511497113334,676.2415517927934,434.2666836002704,609.077424880038,331.220351898511,138.92853649076352,0.7432506499920859
0.8,9.686252221235968,0.055476816845567,0.0,5.691921408355143,0.0,0.0,1.0762502468039796,4.038712266357237,0.0,0.0,0.6996356406518467
0.8,43.33989069735272,31.43084247094957,0.6029897836151364,40.852557839939294,0.0,33.46593299065155,26.230055587267174,57.96239295002448,0.0,0.0,0.6539480749407497
0.8,181.8629860040197,101.9828684841307,0.0,3.877675607761619,6.72130438678716,20.939448281912508,16.544749259782556,48.60020095061218,0.0,0.0,0.716836795503978
0.8,388.1491764728784,219.1818318348896,0.0,86.33367974203844,0.0,104.83375397247524,56.909752156486086,103.4242245072988,0.0,0.0,0.818119397966457
0.8,666.5494785370844,449.2161560672848,179.36819187099505,145.9497834995932,90.25243621392376,160.72663073864862,69.33751396787547,127.08088625587588,48.87726394456796,33.87308059414265,0.5554853576353355
0.8,950.3389082086904,369.1579709882981,97.14683447060474,187.0076563559141,220.28044716209692,211.05149788738905,103.21851162501754,196.4794727167972,11.900487222649303,0.0,0.7661051061449736
0.8,883.8361538926418,413.4233593151671,88.23364319120482,234.4565362984434,220.95903847316077,125.97664636931349,263.70111491989184,129.47599765734904,179.4667303435856,33.99369822663985,0.6122088176811413
0.8,926.0144300219166,496.814929512614,86.36814564094841,176.6981328250608,75.27498932009307,86.89639118003751,101.1590207354226,87.95288225821328,0.0,69.99253392920934,0.6777810314497189
0.8,1186.2667096893117,737.7689305065608,193.791838888819,292.67100814641896,118.14502458572878,237.1400133771082,152.7102356156055,330.06943319513937,0.0,236.85669197522424,0.6758760200245967
0.8,1564.3928496900144,921.6110404129256,319.0449856265831,427.2923914641746,374.00651676393767,229.22980059725165,169.57643143597804,299.6073709560554,56.97231886188996,24.79971526929358,0.6726707476771713
0.8,1835.487265807212,897.3091441315647,496.2144884113283,598.2060960877103,231.108642926268,245.57553763213764,296.57134147032787,382.64936497025127,49.187441999958125,0.0,0.7794283508112826
0.8,2482.376028399303,1482.507249873505,462.87170801605953,623.8884676551,599.5918210599524,291.1479515723792,308.8556770569802,273.8520336571891,38.298103955066296,0.0,0.8117501077791811
0.8250000000000001,3.3154366260656376,2.210291084043772,0.0,1.1238768223951427,0.0,0.0,1.6577183130328188,0.0,0.0,0.0,0.8039508754921074
0.8250000000000001,107.97040133326712,33.360195487403594,5.2312902949398055,0.0,5.48856686682225,0.0,44.76612350751819,36.018720063520504,0.0,0.0,0.8185715067912563
0.8250000000000001,156.29370126411655,110.61529445503704,0.0,76.7435944906774,0.0,0.0,23.903742546276472,22.548874547702,0.0,0.0,0.8427680870470821
0.8250000000000001,221.2423337082376,158.42729926343665,0.0,92.2769532551948,53.92087027562607,35.02077141612785,13.202274938619722,90.05341221290047,0.0,0.0,0.8122422199502585
0.8250000000000001,664.475463748742,438.0697511005777,107.81224411817335,116.3932186500282,170.51936569711094,154.45754157338268,130.25479289379274,94.83076982639312,72.8282710267669,0.0,0.8182860391249174
0.8250000000000001,849.1404515778082,515.3199478998703,104.5970911524202,118.93900908821357,130.06635921081266,163.69568402577403,123.14267469008344,330.6059358647435,42.7784793602104,9.643703439585128,0.7839049382953681
0.8250000000000001,978.3320402915148,470.1009568442354,152.00869263226693,246.69424191499388,0.0,69.60667406730064,223.1508080392884,278.17078937925066,16.63394784696534,142.28423081404176,0.8528387046016991
0.8250000000000001,1133.661143595206,428.1707651772953,249.1857394335953,226.14275707737065,122.71727812966355,225.8748154220647,123.25316144027296,260.1713473010977,81.18632155739768,86.5451546634965,0.7683696742742165
0.8250000000000001,1022.039207969733,665.5670016714371,160.68362861964732,308.8093892832308,233.74758763675297,178.0934001041928,167.5333747775011,254.58223220022344,0.0,54.22715708300735,0.7290972393392984
0.8250000000000001,1070.799825267056,692.6522323888976,158.9646862136856,341.0463196146408,46.23389437453786,221.75145635194585,139.8432607624887,129.85445642231093,73.6317577075966,164.9579688177933,0.7751301451127306
0.8250000000000001,1946.2907928145412,831.5006399792072,349.3433020133529,608.9664839949676,316.4930218442534,165.31108730257714,267.74744481913194,283.2895128561268,39.56162773053248,122.21717138182024,0.8155591838046619
0.8500000000000001,1.9519646043737071,3.348260452757863,0.0,2.0517000221154693,0.6411562569110801,0.0,4.117647961051172,6.226339650447574,0.0712395841012311,0.9831062605970026,0.8307699236379601
0.8500000000000001,203.4015781527204,85.60228491678522,0.0,55.71291200617446,6.373469223586255,57.80077261390102,24.834552491904187,35.8232925325698,0.0,6.81301882521248,0.7391886013261659
0.8500000000000001,58.58998434035561,10.300065740199576,0.0,18.593625167372966,35.18074402172066,39.126873104004645,0.0,17.055303660719975,0.0,9.631230302524282,0.6715215729350646
0.8500000000000001,264.4731264193788,189.96774778220737,0.0,56.193550116590856,10.62365624094808,0.0,9.50537663663692,19.84946297650705,19.569893075429736,0.0,0.7412353334819605
0.8500000000000001,572.6166952491271,434.6080554936625,94.02786444877768,183.7226475865527,0.0,161.62393290043465,211.02105984587627,168.990171129141,0.0,9.53277888420815,0.7179860514024936
0.8500000000000001,884.9905879718611,503.4946452472681,36.499611820308175,292.7468865861719,252.7473119885748,237.74747151447437,84.49910133742561,194.247934139586,143.7484712101187,0.0,0.7669067285683617
0.8500000000000001,860.636253885746,510.4568072473271,120.27132115202406,220.79282535697843,124.06936287261428,221.2992309197245,218.00759476187915,157.7453327951803,0.0,0.0,0.6939292630600354
0.8500000000000001,1019.2149974842964,549.9475680689995,148.13402506909068,231.7239392152202,115.06839447331151,225.1108130960644,167.97340342655818,137.55302327844137,15.34245259644202,0.0,0.7702877045398445
0.8500000000000001,1168.4015571013792,795.4776139900678,280.67433613114474,381.3357613769802,218.70727490738568,159.54415310551622,130.94397100224197,312.358851598496,0.0,78.79069775509639,0.8082784800995814
0.8500000000000001,1199.791819853226,765.0802299520451,306.03209198081777,322.7634687789738,260.70527120035973,285.9544398230307,194.3881777094861,152.71183913953288,72.09702365750964,69.3591619996293,0.8081029387883395
0.8500000000000001,1843.40181606028,913.1277279627424,406.8057992764797,332.8411084989379,386.6336108826047,258.2040114415994,317.71196720353163,150.28280353436833,43.37020504683161,10.422297336835124,0.7629871175147199
0.8500000000000001,1896.6379111122951,1387.032460631437,513.6882326769882,607.592223188028,329.9630338510434,436.4865329683087,227.5223169299084,486.2222433575551,146.60899704292692,102.4407169211334,0.8109797711512089
0.875,5.258640450648649,1.3570685033931995,0.0,0.0,0.0,4.263456881493616,0.0,0.4975917845774654,0.0,1.4701575453426332,0.7591780414892381
0.875,1.979453969414312,0.0,0.0,0.0,0.0,2.1120977921070443,3.8874843419941496,1.9590472274616049,0.0,0.0,0.6442061519066969
0.875,68.07414432430005,54.71899884378346,0.0,40.8073889682453,0.0,42.4149527760852,31.100176743980715,39.01433702873143,0.0,4.699032669070614,0.7660071097819021
0.875,266.04561787089034,142.36650221723747,0.0,41.5116754962085,0.0,30.38483464155438,70.7552956911321,38.94394299128812,0.0,0.0,0.7041330582807395
0.875,316.74445406496875,184.9394258586648,21.72958948768161,15.543793940093192,86.75974780848219,120.22648782235636,68.36097130796263,108.33072715391737,0.0,6.503015832079842,0.8168146734416963
0.875,864.5277392121602,468.6248167215046,180.44890365078416,99.83853275760625,65.32644735991518,162.45331626484594,157.0299885594938,112.41079243819344,0.0,0.0,0.6792198263610595
0.875,881.5818181892053,424.7834447253565,290.9974823547475,378.4528974452631,142.63561746905415,217.0768338853848,132.22425852970596,166.84202700303516,47.371683174029485,165.02003918864992,0.814675796299871
0.875,1020.402702932946,687.8595257469472,216.7566914001152,278.76556767407186,78.47140979801736,154.4734395674231,73.80702529953312,161.88157965325055,0.0,0.0,0.7619973069064581
0.875,1122.5844568059908,611.1193704592754,174.88625071021002,294.7521079385576,130.53307637278976,342.1931615020018,269.76835783709856,277.9091303420685,53.89752830876557,0.0,0.769470459507851
0.875,1402.3830313399164,827.3968761901529,312.55190367094855,419.16581833421816,171.61499083973428,243.29842064181767,217.4802361792028,217.4802361792028,0.0,79.88450016079722,0.7815970529331728
0.875,1786.4831565946863,1151.5573860752238,383.1627001885511,423.5137676251487,273.490568181388,478.00495271046987,379.3690100876748,411.4429354859954,170.71605453945364,376.2650818233208,0.7742302828570464
0.875,2032.547615838733,1251.2007557992938,565.4680430686944,634.5642042098513,159.48140976904534,397.7697925152979,402.625198433324,434.7455760448876,57.517885490475344,116.52974203264996,0.806100404412528
0.9,3.7590633242107576,0.8968323666898931,0.0,1.526523177344484,0.0,0.0,0.0,0.0,0.0,0.0,0.9328934958558044
0.9,8.891211624410042,0.0,0.0,6.133575752026975,2.1145997048319294,4.179735089082873,0.1854912021782354,4.216833329518542,0.0,0.0,0.8541271437405197
0.9,79.26499704472742,16.534312800734686,0.0,21.10409774566134,0.0,48.10737242022792,29.246623647530416,40.46336851235038,0.0,0.0,0.7746506730522527
0.9,239.4565210883445,166.57844945276142,0.0,66.35374903201625,36.36962813051995,71.48991789014343,112.0240072569818,20.961121556139016,0.0,21.51638305431501,0.8533005657215675
0.9,541.9787953218898,198.68593995170107,0.0,125.1939322527169,62.0026911314885,42.391616300762045,162.63325692955817,111.12942404078208,0.0,49.12673290929448,0.8166769104385385
0.9,916.0669529018172,429.0998842554017,94.15677460232725,99.30597321339296,0.0,149.32675972088,154.4759583319446,249.858732603573,62.77118306821965,51.98238597836821,0.8756096508104042
0.9,1089.0170205398,575.4835452852534,299.4253384817511,313.8260126555564,84.23035837508439,192.6429809288223,222.25946177683485,309.75035015353615,13.042120006465176,82.05667170733979,0.7901426198404511
0.9,1017.53192861699,619.9820409531637,237.6597823653784,179.46848553907373,152.27629076042615,224.0636849760559,106.3214815845116,204.7572266832152,0.0,80.2169745970102,0.2
0.9,1243.6091267794818,617.7631224020643,163.38968564465785,300.5100048694151,144.6258524875871,83.4268889599052,195.72121354607376,227.4753927349649,180.1327983078919,49.65198927717473,0.7462075837299877
0.9,1119.6823447208333,903.380073581581,270.529311102733,517.1260179757741,147.2309576662146,385.3452225337928,142.6867923061449,515.9142405464222,4.544165360068318,70.28309090238943,0.9216214609656732
0.9,1580.1489663893692,908.1725554212426,341.4962088526533,493.77630198429387,201.5281232508084,165.8881014540403,151.63209273533337,270.5401654572737,0.0,115.34407054226251,0.8029645207942347
0.9,1866.055066797852,1100.0407508437306,483.54653694603815,475.07618633693113,459.6085895724736,332.9216065492916,280.9946745543233,394.79199360712346,152.09803485050654,267.00018224362407,0.7992385286417918
0.925,3.646777163043809,0.0,0.0,0.0,2.4467195023616823,2.3418600951176,2.901110267086006,0.0,0.0,0.0,0.9222610324862429
0.925,2.774542778298776,5.346651104962092,0.0,0.0,0.0,0.0,0.7859219887026558,0.7382903530236956,0.0,0.0,0.8354936323854438
0.925,125.70422234388566,76.30295208422632,0.0,38.44494893474453,0.1956485950880267,62.11842894036373,37.271057364218144,40.01013769544653,0.0,37.95582744702558,0.8937794547373227
0.925,311.860102555406,120.92229921966458,31.79808609109657,72.55337953179861,15.675112861808373,46.428191428784665,54.34039125426916,95.24497148413046,36.1274029767397,46.12961785046477,0.8558961911295351
0.925,378.7723717694621,267.7815402563238,0.0,6.648369275329251,36.19667716568306,111.17550843745272,79.0417236066937,69.62320046664385,13.666092399288418,0.0,0.8011022025584686
0.925,875.3319377282654,494.513818088564,166.4205168504209,179.66419161479422,123.9408053420563,119.19307287935524,88.70763285570497,78.71240661844244,14.74295869996246,5.497374430493937,0.8768566190245626
0.925,1062.5187104604051,548.2912658236305,82.57070255693773,293.2213727764545,129.17000994055746,143.61307012378356,95.92372046218544,200.0227580092163,24.253440685041586,8.99284879333043,0.786039425613288
0.925,1156.5868345758404,713.447969887301,241.45745977340115,324.6510393008964,134.1741568810436,135.29460913057113,136.41506138009993,237.5358769000509,87.67538852560921,0.0,0.871715360556165
0.925,1253.366447325229,763.9595063276864,167.86421647741736,322.72486688968365,304.4016601615153,145.99458264057168,198.59991808595896,156.9293995589945,71.22407776594785,103.14192174404768,0.7682652868439879
0.925,1339.3158257910345,901.6810971159084,231.86962817524216,331.9881696124988,208.221997222271,296.3631671378923,219.5851445633088,280.70045053267614,0.0,138.2004406342503,0.6706536051478579
0.925,1855.072619356772,1160.1801092300457,449.7555021811465,472.37833900257147,307.2653956342672,470.0147590361531,232.9814538325762,384.5882259642079,290.0450273075118,0.0,0.826121487459213
0.925,2105.580066172362,1076.27577596374,440.4963742861901,456.4001056835932,422.0036633589798,397.22343071651466,409.7984741470175,353.9504871468375,0.0,258.52809876242446,0.8595226246580455
0.9500000000000001,11.176325846796448,1.212182846724129,0.0,0.0,2.0728326678983047,0.0,3.006213459875807,1.2849138175275656,0.0,0.0,0.756999965802185
0.9500000000000001,8.064676738248822,3.237730514032215,0.0,0.652290030299537,1.933150453433195,0.0,0.0,5.1708809674654095,0.0,0.0,0.5996263281319643
0.9500000000000001,106.02263934753672,73.78183673892923,0.0,108.81270880405066,0.0,38.95763648540076,25.007289202830133,3.92676442027886,0.0,0.0,0.6503134556817807
0.9500000000000001,295.895484295512,182.51211924571052,9.61393270274187,95.0711122826733,0.0,79.35309532422205,17.701844341557084,23.65332649087388,0.0,30.97822759772542,0.6926939002122696
0.9500000000000001,315.753111093562,136.8263481405431,7.176207070308227,105.25103703118734,22.804391356757545,33.32949505987613,98.23430122910804,58.3664841718401,0.0,0.0,0.6495813437221375
0.9500000000000001,921.7945169292962,503.06762118746246,99.96856574879008,148.58851335862468,111.13130882247752,128.74363678318235,197.45652192565095,26.294461462460863,0.0,43.4106675087801,0.6749216206625076
0.9500000000000001,940.9297625229896,548.7618249044908,54.93084004273024,268.0952939398933,0.0,227.64870525171315,0.0,270.55488379255314,74.06098334119483,88.81852245715127,0.7543689764892827
0.9500000000000001,1299.552243210928,767.8651212091045,282.89767623493265,329.04410569169454,220.98693857865703,171.6876474819911,162.22906256228157,244.4900889852049,0.0,88.56674970273009,0.728255502157546
0.9500000000000001,1409.2656057497124,765.279991764706,370.4480352292392,312.92699009659754,184.4424816753174,265.09699061130283,372.9489502350054,260.40777497548964,0.0,43.76601260092277,0.7667007536039919
0.9500000000000001,1425.2170794908504,762.5562867628447,209.0980216754089,414.7834643620518,146.1204276099687,256.2536586111105,127.81659485203052,131.84964274784758,96.17268059254766,0.0,0.7121218922267993
0.9500000000000001,1736.2220379892287,1049.3228839983033,222.46759219472852,296.9716058561877,424.0462085965279,500.9872694338284,247.53436314624832,429.616602141308,112.10417008873804,0.0,0.6833471775309519
0.9500000000000001,1842.8185098978363,937.2583586306046,542.4715941958841,544.2726287051667,340.3955222543897,315.1810391244349,333.1913842172597,298.6115216390347,276.9991075276465,132.55613988319155,0.6767435008733523
0.9750000000000001,2.378019968740788,0.0,0.0,0.0,0.0,2.785680534810627,0.8379689413658118,3.9973383284071033,0.0,0.0,0.6639971565357352
0.9750000000000001,0.0684418513499661,5.520976008898121,0.0,0.0,0.0,0.0,0.0,8.213022161997188,0.0,0.0,0.6578361677965343
0.9750000000000001,274.5438636891694,155.61639071438583,0.0,73.23938673301619,0.0,0.0,13.70642587253054,64.79401321559794,1.3844874618717589,0.0,0.7410251383843576
0.9750000000000001,357.00265832800784,247.4154278696252,0.0,163.1529775591881,15.80880215296022,25.017813115848806,0.0,54.486648197094944,0.0,0.0,0.6801452528853709
0.9750000000000001,219.24787612615157,142.33735307431735,0.0,26.89601788453094,79.9325475332422,55.00084556162605,19.49205790508185,96.85588462912682,0.0,0.0,0.7677923478743813
0.9750000000000001,845.9070148181521,482.674689812155,132.1959643337145,110.85821127799468,88.04888904601847,60.08907469714337,14.715691762565722,88.78467363414609,0.0,69.6542743428113,0.7568352182932528
0.9750000000000001,1020.5752838559448,607.5430978703642,220.94928825747175,227.15421332453192,173.46812252692965,124.0985013411935,46.13226897683472,119.24247302784195,0.0,0.0,0.6923734947121396
0.9750000000000001,1187.425037722113,528.4973063756049,132.40664353106678,381.9748159862141,259.4492652559732,256.3437789471412,189.43466483869165,229.8059868534941,138.33529921156338,44.888393009466746,0.7326911868118273
0.9750000000000001,1241.2551507745056,777.5476157550529,248.6036594590984,450.1900783585563,214.81001780685816,100.79320944972832,78.16616243040191,250.9545214870796,24.97790904730897,27.91648658228649,0.7103463929033211
0.9750000000000001,1184.8809000809945,657.8651714953506,427.8234089605412,271.3467710109148,215.268438335326,103.11177298414708,224.01183429012104,186.92777558529684,40.70201565163722,66.63070710379102,0.7206441672448837
0.9750000000000001,1779.263034483618,668.8056016908142,412.4463463119964,281.6706755301432,316.39275189157894,346.89625822779294,264.7963954292596,169.7163171685076,81.12634663886638,95.72908903386234,0.7774581978423989
0.9750000000000001,1821.6504154970803,1017.7295748551765,401.96042032095113,442.58407982147327,328.5527549077296,348.15188887727794,202.0492538315418,347.79554098692284,67.70609916753627,85.52349368530896,0.7092561377136692
1.0,1.7898109187054958,3.0795276101256794,0.0,0.0,0.0,0.0,0.0,1.1142450327235234,0.0,0.0,0.6593657632027403
1.0,4.2489255862547575,2.4071166411400475,0.0,0.0,1.0850260617260108,0.8661972761678172,3.455671238606352,0.30088958014248,0.0,0.0,0.7513962781190606
1.0,0.0,0.0,0.0,2.955781290564625,0.0,0.0,0.0,0.6366298164292764,0.0,0.0,0.6842951858258842
1.0,243.3269140671725,120.46267281493678,0.0,36.8880911969185,15.081849786240342,15.850351686175884,9.606273749197504,40.154224271645305,2.5936939122835883,4.611011399614977,0.7677838264515061
1.0,252.22457656478525,168.24674582163414,0.0,32.45590338946711,14.845301101909303,150.19951703107807,57.63469839564621,42.06168645540803,1.3098795089920945,16.59180711389832,0.7193182338454096
1.0,700.4803544076256,459.0783776173615,73.24983646880075,139.58931100658353,38.00699062060449,11.056579089629768,104.11611976068582,136.8251662341753,0.0,75.32294504810665,0.7245823428269337
1.0,990.6923230469088,571.2886553040275,271.75240805800604,232.85503319478647,214.8616897206446,100.02182107685074,132.03938814113485,148.18047566940956,20.11020741227798,140.50684389367206,0.680413349958925
1.0,1063.3446686489,676.5704644866909,258.5130526348883,346.9592125572772,261.64137340384843,288.6586891357676,225.52348816222943,338.1430358447552,0.0,95.55597985184004,0.7223461794406095
1.0,1318.7962178209425,701.9879596666576,335.65567693861794,294.85281292744656,256.73042903379775,310.3400313842413,188.82493272323376,250.1781443020759,42.29201963201841,145.34158859453987,0.7588320717204813
1.0,1416.460182262544,752.8454669161927,217.1489618622752,283.916027722228,141.95801386111398,285.78800153138525,116.37437180262668,327.5954166025708,0.0,136.96608370336082,0.7386448209277179
1.0,1430.6059242971894,830.4954555967952,360.5884001707107,361.5673732028475,372.6624009004096,224.5111487035728,191.55238995493804,351.1249941933795,124.98222376957725,63.63324708894895,0.6836524270718239
1.0,1879.6843370135243,1020.4487588428818,350.37452374431507,425.3573984755889,102.24937463355526,137.35499325774165,275.3916490130412,225.28945544259972,75.66453722883182,247.44348661320345,0.6528426139913172
1.0,2317.02429004205,1303.3261631486546,591.4189296760878,599.0207154045721,532.8851795667591,335.9989291990118,161.1578574438701,290.7683041145292,78.67848228981481,3.8008928642422113,0.6228825085061392
1.0,2519.5061133943223,1603.9467765038764,648.7738347501823,671.4101803863254,519.0190678001462,529.1245792448531,274.4656908382395,685.1536759511271,119.64925550533104,123.28723962542404,0.6944129552537467
