frequency,772.0375541653684,772.1476737951888,772.2577739620118,772.3678546621301,772.4779158918362,772.5879576474231,772.6979799251832,772.8079827214092,772.9179660323939,773.0279298544299,Max_Oxygen_LifeTime
0.2,188.14729551485755,373.1775052855988,1066.54205820682,4792.955723582928,23325.65135694104,23104.712319398084,3360.21843215733,1168.7824706138335,650.4734530821814,380.9078779310072,0.45973694591830416
0.2,409.3275740839898,800.3768880972477,2047.3408804226697,9278.677520906036,45393.883133162366,42061.08846276533,6170.143041376828,2349.9866865938293,1162.251286997606,712.1491327558296,0.971616363897645
0.2,564.8067272458171,1133.23128205877,3103.0319856711603,13421.714647301882,64865.7329582714,59633.715856033865,8794.726002321266,3274.7723884169686,1679.5232446963032,1065.3438118283952,0.9117780783164717
0.2,729.9617700585322,1581.448807052447,4848.8581507217705,21956.105005289966,103894.92132069488,87191.94852079838,12613.242483297743,4987.396955028106,2549.8701564530747,1496.6511763464243,0.9391676774955388
0.2,882.1312780003489,1767.9435807077036,4926.525709655003,21829.00237321757,103790.96142974775,94424.06820209872,13718.390292002445,5096.11577651349,2638.505923914605,1498.177055751412,0.8415457954533347
0.2,1081.142742312038,2019.88689015928,5770.860308209879,26236.79805966236,124548.44454901449,112204.37361920472,16412.72474635511,6136.86472771779,3336.644977529535,1854.89896042798,0.8653322467273351
0.2,1331.8951240032643,2430.179820947412,7115.331642547896,31745.76289873625,151923.17451186987,135987.47079900882,19539.618084897375,7379.24828717144,4008.312962661637,2407.765847540388,0.7316352996703497
0.2,1307.4830165316423,3012.426960695111,8540.020053989525,37991.07500136477,182938.08583831092,162551.78282576197,23306.92797421099,8960.083746534796,4788.308813202318,2695.640517062045,0.6677301296999959
0.2,1865.883222753612,3635.951860548335,10658.891579763878,47629.85346034632,230174.3384934064,204567.21726746607,29218.4460445715,10931.328230972282,5949.354610640046,3343.5057377822504,0.7000370427067865
0.2,2385.764134481345,4548.800598657701,13313.366873391826,57228.332273867934,277422.31684170733,244898.5827462225,35356.221470027616,13191.648526052477,6642.947859305187,4130.816412829171,0.6751327152436368
0.2,2634.086833240576,5363.867069600792,15199.683748146605,67094.81148205126,322626.41678089235,284214.44376022747,41083.60463407677,15708.82759632382,8391.716231467632,4954.995256271426,0.5234310677705861
0.2,3447.7654758617937,6701.870984749576,19478.27827399781,86041.16612475953,411980.67655099067,358360.04308885394,51875.63354695609,19477.763220894158,10193.93102752564,6137.887836248132,0.6944522570889506
0.2,4338.215591323386,7881.867923141865,22602.635527186423,100216.4396972623,479766.5003808355,415027.6151819418,59526.26188932944,22456.254019503733,12292.16531749082,7123.900040557627,0.6630253734709786
0.2,4546.973505794618,8988.441792348443,27055.75842210887,118707.2380461348,571769.5591708479,494502.35969462816,71178.64399557545,27012.95344744546,14193.76786620561,8251.111031597075,0.79822163316433
0.2,5767.34034041713,10800.738949068873,32299.333943735925,140477.10276501303,673063.8863359203,578468.6266881264,82127.42447942935,30999.8638954406,16602.810460721324,10095.63064247998,0.7036243975064377
0.2,7194.476403614752,13958.708581031093,40598.60875745294,178254.7349860201,849851.2879784589,729126.6670406113,103369.47926740734,39818.14866794968,20794.15865937106,12476.348354589802,0.7339582087744879
0.2,8407.971430161611,17033.36933701602,49087.89518742295,217542.92607919255,1027932.9356132972,881407.0342753119,125903.77363847816,47714.93249190213,25571.633786918635,14800.472711204582,0.7500676178642665
0.2,10718.295640120832,20965.106651130587,60022.63797718308,263894.5979223828,1253556.3377895765,1062429.05423089,150746.49459851385,57009.51377102642,30516.090250125355,18634.13041900697,0.6612667032813783
0.2,13983.087393670065,28181.39755886721,79684.63296900263,354269.4674447479,1682245.1098115295,1419346.232554146,202592.81739993813,75740.3027700262,41282.28468112926,24196.57990782133,0.5525249130712094
0.2,15618.164022444224,31827.787825773245,91089.33851511434,405138.6192589348,1905583.704315918,1605786.1115490492,228417.9149576755,87864.6363381065,46766.11301961427,27792.944378013235,0.5601010204217014
0.225,418.7417338926328,898.9180990089638,2505.6699925518424,11574.161242348328,54374.78530782448,45486.28314482386,6603.7091890624215,2540.8048485359645,1221.2958126878357,778.7199074843364,0.8247662403650454
0.225,670.3566400671322,1272.8573799717403,4196.377884409859,18247.7689026802,86403.17954028049,72279.45860645229,10393.386319765345,3975.162678751815,2045.370704898936,1178.903056669784,0.7810588398643363
0.225,788.916495832456,1645.9740929911152,5053.572116283953,22135.270269853798,104114.71621359437,86837.82502475144,12590.3579928499,4922.176526475657,2510.3616094159397,1603.62344834216,0.8336496532846075
0.225,729.9617700585322,1581.448807052447,4848.8581507217705,21956.105005289966,103894.92132069488,87191.94852079838,12613.242483297743,4987.396955028106,2549.8701564530747,1496.6511763464243,0.8326921862102807
0.225,1009.880392171486,2160.9963419318547,6588.531065562419,28667.125757664995,135043.96305772013,112939.21363273074,16773.79945717374,6269.751027082937,3372.422028701855,1868.986441818893,0.6972630871582721
0.225,1275.2876380062037,2652.9802477190765,7504.539260986158,34015.57298130464,158736.59660911871,132021.74077469594,19168.169189583044,7374.145792189242,4031.331410304661,2222.2866689656257,0.8245197440059927
0.225,1439.304673962681,2865.783174289374,8516.925947637068,38512.14628208863,181092.74556650445,151934.34639846566,21922.703970634368,8399.410464864102,4469.748185470811,2523.982979557389,0.8684417707442
0.225,1721.5487506096126,3455.00875743966,10080.645030056114,45013.75393729104,215467.1804925147,179212.66659832533,25930.43256512809,9945.154490548675,5156.085036420401,3232.4171568202974,0.7852449718092277
0.225,2031.6465468044955,4083.978654377014,11971.666894685864,52847.146170761625,250253.10297308577,209267.706305478,30147.785222086517,10924.00408167009,5866.181674272992,3603.7491651742753,0.7001181046785798
0.225,2609.960584257717,4952.152935135632,14374.832415583987,63802.79882349646,303729.37346136326,253306.96662599035,36641.47634174444,13788.059098843223,7548.747384615655,4655.424743070826,0.8729390368811302
0.225,2917.269103073438,5708.404038694687,16637.334675938804,73724.70690881836,348628.65112397296,293054.41292252927,41128.30619324026,15659.67588368675,8353.889709257937,5165.313151664699,0.9409197834843136
0.225,3260.4866100033382,6887.777963632052,20256.81809240536,88055.0840530421,419183.6249928716,350300.6202177529,50146.7020729552,19358.616733015013,9851.47668990432,6172.45646217459,0.8786739544765398
0.225,4327.696072678982,8131.129093233169,23562.08794330034,102555.17073293887,489453.4448683505,411009.8840573311,59274.84214928317,22584.28683323461,12097.903171783411,7116.842867120211,0.7488796733202973
0.25,214.3740899196038,437.3806935272453,1268.4999280477673,5984.410183549863,28419.0343678432,23576.99349567699,3363.962695136631,1331.0057216037444,640.8842106545052,476.3868664880084,0.8907084191471129
0.25,384.3666482340119,763.6911507293335,2201.28447230286,9831.602404399444,45839.892268574455,38063.5460387381,5464.91026601133,2289.3280940476848,1172.8806702922825,606.9967754654173,0.9102083319707164
0.25,708.2357865220479,1113.4476643822131,3333.262995280708,15173.851426265108,71784.09836268287,58787.81828004953,8533.04942794991,3336.8029942136736,1632.4115079550163,1105.1876668719594,0.9443221441693939
0.25,839.9468703906002,1481.9193924615652,4600.409226668868,20277.141906738005,95264.78379360076,78190.94036100006,11424.222672927484,4476.478334882571,2293.509194392589,1331.7319558052905,0.843301338754155
0.25,998.255808134344,1983.8680228225091,5681.972087301345,26046.684610298853,122144.75765356566,100171.66242939144,14636.28258070788,5702.848718340384,2854.2177112106265,1733.3484503540378,0.8709211639441403
0.25,1136.5469323559223,2295.991897108888,6587.825807203264,29641.50293797193,140450.03263318585,114413.7320662672,16610.356473962955,6397.834024881856,3295.150635082553,1948.1893509700212,0.8162583665516217
0.25,1448.4516912573674,2620.347785049783,7505.613309242723,34319.6255932849,160765.59702228417,131063.9218768836,19216.32378184871,7364.365342995707,3720.959858493237,2364.253341573885,0.8839646218926953
0.25,1600.347893516533,3317.6078657355706,9514.312249051523,41661.12755932537,195727.57350382,159218.9542853181,23193.3896693278,9102.75259505205,4885.5408838486055,2853.96588384059,0.8620823431292292
0.25,1957.3517069091383,3641.1035042383546,10633.318026526931,49441.96254758303,230768.8389987645,187119.7007849692,27259.684001127604,10754.31085387326,5729.5958240131895,3123.566442750515,0.920458161603352
0.25,2066.4460562550407,4217.392053473281,13178.610792620571,57369.544918144944,267980.5777724616,217434.40308709495,31583.96543351984,12043.354085779987,6370.028049510784,3850.662309692995,0.8298172285604452
0.25,2392.549477097873,5069.164193115395,14582.460144415005,65179.41366259573,307789.3541081056,247977.3953668177,36163.86101113192,14090.34712487815,7375.027094956099,4137.394645735769,0.8914172453042928
0.25,2878.035989729743,5708.144652403204,16895.34133388058,75333.61048687597,350292.2065354961,284881.4698423528,40616.01331384631,15634.85263230036,8470.196510656742,5006.967857569795,0.8738477512417712
0.25,3496.0736983048578,6702.4032392838735,20082.891904647488,88742.4265855344,415317.2055097395,335627.21423951385,47841.416977025125,18764.5559888149,10423.02865951626,5836.275168991979,0.9391192474088602
0.25,3983.779602541711,7444.70180529898,22167.84113814122,100689.97476204512,470187.720585654,377099.9611552027,53811.1053424597,20789.050861094587,11394.025323963682,7136.784738271113,0.9311141893419929
0.25,4853.837935785263,9537.00476210775,26785.680718451884,121099.0199809407,567413.6546932972,453522.1603953074,65043.24398962318,25569.800367704684,13347.449106709246,8161.347202501777,0.8825515117549522
0.25,5532.053674479185,10431.525422254716,31089.898595838797,136376.09251983807,636857.1315551085,510075.9444776178,72770.5874266211,28289.65221049137,14890.300559819105,9156.127685301137,0.9153880401320287
0.25,5744.417444707878,11365.270146625686,33376.58305113703,151634.08582886946,704391.5610350304,565030.0060457725,80742.84393815839,30929.463905881545,16716.832294962962,9661.554100656092,0.8366406301068983
0.25,6221.953451485023,13094.162176781952,37883.02409322893,168406.2207283347,788182.8989779411,629672.5739981286,89984.02110819737,34797.8455386757,18815.701787116075,11024.654087954494,0.7023520808996986
0.25,7702.910730771298,14882.579240759953,43446.47022839071,191881.90732842224,904416.25071036,718264.3364750394,102402.20229963317,39914.39647828797,21249.825485868205,12506.470627768653,0.755610973873429
0.275,204.19343092767883,475.2661364958496,1285.6059046715302,6080.426609846438,28023.262647462798,22422.67366883446,3291.1375707895704,1393.9672610510615,663.5439932052848,474.08093416044846,0.7349682530279553
0.275,343.07966393183204,780.3058144309375,2319.950321830232,10907.014360828643,49980.06744640478,39844.93093941917,5695.451317291355,2300.4221204680243,1128.113358692567,769.4111336709691,0.7725901930008846
0.275,562.5533987531311,1154.416302315249,3163.062849627899,15150.650316503445,69340.61557068006,55479.110731823486,7983.294555834876,3084.58901417158,1530.712525346755,976.1956037186686,0.7802447031227839
0.275,857.7315156000233,1327.911252554169,4364.621991283524,20432.827922430763,94108.44676069963,74418.47083764031,10834.657668621923,4332.103891562207,2127.5366555374103,1306.0548248726273,0.7744336608163489
0.275,1038.195248534562,2014.3146979799687,6008.457538890375,26675.500272355537,125990.78115325568,99586.67507498554,14472.057914219937,5718.470593386933,2934.955776258739,1812.4933801683685,0.8173128926325012
0.275,1043.6201794446097,2406.3028090704065,6777.426245389516,31918.45486011965,146343.6317947363,116451.68939513304,16888.139357022377,6514.914642370351,3477.5557888328235,2210.3027137929403,0.7840962965634557
0.275,1409.8192179282808,2953.280434412632,8280.610568563528,37240.06996551665,173028.64984554407,137456.681302419,19884.959961319462,7768.547055961385,4243.306565552311,2561.356231393276,0.80167380927598
0.275,1503.1824696168037,3039.9213409797344,9100.640482159151,41695.45286642078,193769.81818614845,154285.11879820633,21968.257676464105,8662.242330314595,4369.548657479475,2771.109305486571,0.7916037598162216
0.275,1695.6564507504845,3572.198219770022,10593.83739257779,48201.1570513064,222386.07011657025,176079.4286396928,25521.27399577905,9659.58193268076,5180.280171823651,3008.5090884199512,0.766825166377979
0.275,2305.947872036052,4534.876495927809,12272.5752780747,55804.02267731415,261425.2134525793,207288.25767089115,30215.114004236584,11825.190246504282,6345.460132631421,3806.350165120288,0.8298172285604452
0.275,2249.77711731245,4704.875399835942,13923.751939311634,61529.80624324388,287954.3974009761,229284.640565672,33160.02485908377,12979.887478341476,6665.276631850954,3875.272823983228,0.8419934897076728
0.275,2782.552836172274,5400.962412220406,15888.047480660389,71018.85353218699,331710.34463460534,263955.3453623444,37465.46728257286,14596.694431378635,7849.2008683093245,4819.969460425062,0.7573560230931569
0.275,2931.567431519813,6137.707430612612,18502.3460525752,82013.39638208272,382979.4368688777,303452.967961491,43371.12785058142,16555.197682892453,8743.928552261385,5578.703316379641,0.8159663184531726
0.275,3585.559002961801,6765.195834246922,20084.02857886306,92108.8994562626,431671.3939018458,339481.7268761225,49159.311422528604,19010.601526675688,10009.446721100603,5796.506081811812,0.8465959102028908
0.275,3995.64385007054,8056.2713011534015,24244.533925509342,108396.60201208905,505859.4738698839,400656.10950406105,57309.32027016041,21758.20484329885,11793.675971548895,6914.820222502221,0.8661823154686811
0.275,4234.181314594596,8840.348614736911,26954.03274700261,121247.09764947448,568149.9841997273,449286.70670844126,63123.39033533122,25089.31843359781,13241.983427648807,8070.062522477328,0.8753687785904483
0.275,5046.523521366953,10408.49380326,30033.654837336857,135228.5906787584,625199.2385394035,496924.2188273313,70283.41218636533,27393.89640172642,14353.139927462538,8111.041951349162,0.8164756490907241
0.275,5735.390071897122,11585.133056881225,32703.61874157723,147648.66961414262,696589.9708784549,547513.2042520248,77384.71932804104,30149.73701596795,15931.200954836497,9928.330218419824,0.8361569321063043
0.275,6667.126566506972,12920.793417209925,38443.243249722735,172277.245562799,808162.6862159508,636413.0804963047,90711.50142205867,34812.88255469569,18487.961117143943,11335.746307738264,0.7819711433974208
0.275,7440.142253308613,14311.545348963338,41636.8766962434,184748.63707446345,868120.4957537669,685510.9088099082,97710.8645295036,37724.394464954246,19589.7401809045,12162.154506401232,0.8320106428086772
0.275,7821.24147103552,15981.317723457398,46301.18867854728,208804.01303985025,981200.875660752,776699.6748792425,110514.66386918828,42487.544794253896,23336.75873640316,13764.481429605485,0.8289673586522995
0.275,9005.827028645115,17380.693261494944,51247.67659456883,228298.8535074863,1070738.031183177,845756.6004164697,119708.5491259756,45473.08436294752,24487.946246091095,14549.500618506292,0.8365105221819555
0.275,9723.344515268358,19031.96542751982,56768.39290120795,253925.4284748043,1188852.6661097284,949698.2387040248,134199.42733499393,52189.33126377396,28577.44909860773,16441.866884142113,0.773445122916722
0.30000000000000004,96.71779577111204,233.21817221707792,767.9767747667436,3748.931669464759,16859.02167924974,13237.221300202453,1940.553926179555,791.9039790856775,286.8381722570983,214.48000016008157,0.7407217240849905
0.30000000000000004,330.9117720725122,666.982099483337,1809.124462906823,8419.144427336789,38695.4699383153,30123.670484485472,4309.304283542443,1734.038824093603,800.1492502538574,558.0792645633994,0.867026873689901
0.30000000000000004,500.4500598292535,1030.787797232504,2802.2506717875126,12949.229567849528,60288.164773736775,46949.94595866478,6787.648880620836,2717.531465431146,1418.2040087931834,811.6864014832796,0.8479892845776956
0.30000000000000004,625.8714993327626,1281.510057780132,3871.7530393682846,17913.663523585292,83271.18530898937,64986.324014051854,9332.100242083632,3703.836295644861,1851.6637285137588,1167.0213688777976,0.8758760872989872
0.30000000000000004,979.2109140974276,1925.0429946223032,5551.815725629306,25763.437923578746,119027.14819227348,92246.68970240894,13268.824814858655,5354.2012153634905,2683.303753743901,1596.5716412357756,0.797632544766235
0.30000000000000004,1288.6687482418315,2361.3703635372467,7122.699812564628,31683.28637316763,147797.3992793572,114535.21805586509,16798.416498533366,6592.510229430408,3454.177027245091,1935.5973221578995,0.7840962965634557
0.30000000000000004,1211.830438496297,2735.4768962547987,7875.041802492225,36158.50955834063,164795.10364329963,128034.89715601476,18429.20414277952,7291.230424436365,3653.039403152996,2282.2637860068094,0.8105519957228438
0.30000000000000004,1577.4152874745243,3065.8896384232244,9537.629106535736,42737.22257425154,197120.67968105743,152684.0236750067,21962.898453911945,8529.141793201601,4660.9461033904745,2819.648202587267,0.77806321886658
0.30000000000000004,1910.889358015122,3571.7885111057835,10610.004187229437,48091.03949942636,221111.8652022536,172421.70454296932,25000.96442872073,9542.005597917629,5336.105074009674,3000.271246348463,0.6703456165782044
0.30000000000000004,2014.2457502110703,4232.93104242634,12287.435988216028,56496.76418056654,260013.2306769287,201245.7420480004,28934.1838266428,11413.095563119276,6045.215305687808,3544.857755600086,0.7814791732500574
0.30000000000000004,2006.692162011464,4493.688804746536,14048.146772239388,63314.71721639933,291646.3475756436,227200.50679894935,32527.503717586467,12937.849422490775,6478.686997438957,3895.3691309273354,0.804430205528871
0.30000000000000004,2852.835025903676,5465.142375944306,15993.46211439835,71902.8874899607,331543.9066943641,256838.89504246303,37413.91714744744,14469.810009076344,7499.625019172744,4680.752315006016,0.8523502692667881
0.30000000000000004,2896.6137223137985,6182.683901149109,18919.46384538097,83294.56106144784,386026.5330569351,299143.1583163444,43297.83408455319,16856.39721083458,9003.61174838601,5432.34115287021,0.8192687141174579
0.30000000000000004,3068.891274225897,6658.4671450036585,20378.42885811009,89956.13366790961,418683.5677718456,322433.80740468274,46598.94921033677,18307.5593972948,9376.967100043516,5603.16486557,0.7077329333746215
0.30000000000000004,3540.529280910634,8022.282039879031,23096.261344147275,106089.01546294276,488296.103870883,378956.2941941421,54425.31969089397,21312.978015207937,11355.620278533275,6764.178144252674,0.7396000724320938
0.30000000000000004,4414.869053664476,8844.293260479633,25475.011250447424,116774.82931565934,541335.8381862433,417707.8605611175,60525.56665566468,23635.822098327408,12475.51286851146,7409.737365948541,0.8241658209092182
0.30000000000000004,4731.318323405229,9655.19029950718,28824.364886543943,128564.7118576987,596872.9223778094,461205.12022063165,66011.05983305995,25897.54936555374,13799.06716182812,8215.01123362311,0.8088869096929134
0.30000000000000004,5152.644262735709,11064.98566905653,31556.15407805948,142027.86598389284,664195.4026658264,514816.4825032668,73311.09708202239,28334.05710203836,15275.915290763627,9149.283781069607,0.7500953902929088
0.30000000000000004,6176.489226847137,12449.550307873187,35640.49344615707,162629.74206436006,752575.5558283026,580634.5062635007,82514.14278159336,32226.233211533763,17291.15624539619,10246.205237706052,0.8399572348441947
0.30000000000000004,6780.208683062643,13518.112764570642,39957.77170907697,177916.6625144899,830848.7510174165,642691.5068181232,91045.2387627498,35928.79618135606,18822.67958323577,11262.345366419724,0.7962337857581046
0.30000000000000004,7374.536757053626,14712.514195906564,43663.76366818012,194982.03559230457,910171.8326219816,703758.6681694159,100377.71171693744,38405.19071555832,20785.09155989477,12410.023257797751,0.8213576247342389
0.30000000000000004,8327.5116416879,16343.28145199908,47293.67007596216,214184.6987656836,1005432.5814342592,777329.4344037083,109408.03366679631,43052.56773020484,23177.25918114663,13430.811798154626,0.7957711616736298
0.30000000000000004,9006.914047564425,17198.648979592203,51484.26739994808,233941.7329349384,1088061.1396416563,839029.6260990195,118335.47630687752,45808.1752184664,24566.23782581243,14916.962635205122,0.8035843122847343
0.30000000000000004,10141.092644673594,19809.06092622092,57937.01370794024,263251.4031640864,1226384.1076014687,948750.7598370952,134615.10506256274,52231.03028476232,27960.959168261445,16731.162469021754,0.7433503506397324
0.30000000000000004,11178.75683099502,22299.83929622535,65353.29560650827,294073.35183906875,1372232.452647531,1063269.959779939,150007.36348947778,58393.0066714452,31147.819377428103,18172.918012618306,0.7786844305942255
0.30000000000000004,12118.45271945184,24240.71088802268,69723.43875829694,315716.2320709004,1475129.0746922386,1145077.7157900694,161704.94941361816,62925.95526948525,33106.45597301025,19782.627245115524,0.8174794864497246
0.30000000000000004,13726.651547989126,25403.72474455759,75630.23022549818,340059.37252697785,1598137.5135844818,1236924.48037275,173332.3874712522,68452.76070514777,36513.6624492748,21922.005985888216,0.8171196267616777
0.325,118.35278034403844,271.6267415372524,940.5016670329996,4612.598145557846,21428.8058755622,16595.77765179349,2314.436814017532,977.9510781698984,479.5736827024787,281.5816482951622,0.6904838691894314
0.325,295.5518352855634,455.5973040879412,1561.3003850585958,7232.359104854236,33183.54241485512,25397.790465787923,3708.65227256378,1435.8983548244896,796.2577833426077,483.92553250053794,0.7902560967884147
0.325,281.0749673342957,745.433396151285,2022.9735633177827,9758.584124135754,45260.53012374224,34924.47203515497,5040.194374788659,2118.345485519448,864.799522881488,607.3154961340737,0.7698843571903901
0.325,589.2925602499768,1197.5713000512374,3403.573098801048,14949.813911235644,68986.6438966702,53113.47679763666,7877.101531302299,3097.871574886705,1600.1263728158012,1028.1376724100326,0.8540364758011214
0.325,933.8720973007644,1804.3258430792089,5644.528254563306,25353.77203139289,116168.55644227794,89547.89222582288,13047.957114371233,5299.709403727996,2757.3709303750934,1565.695859909178,0.911080856110562
0.325,1326.2268860713607,2392.339243312369,7193.904066390513,32877.372337542314,149651.25997143824,114800.78416676332,16253.42357364292,6562.9396100642025,3385.7104589079354,2085.137814756172,0.8393893428768292
0.325,1502.1967056053052,3167.753712608892,8794.528753298744,39741.43244346349,183386.8382151941,140141.2375483301,20291.14460181391,7959.057497576099,4206.438002598411,2648.5910844288564,0.853862127489083
0.325,1670.9227019967634,3603.282289339959,10055.08994684583,46244.77497145329,211346.33590212945,162435.28359417926,23325.853583452776,9367.01837613696,4762.698041745877,2804.5736599047723,0.7881536447098433
0.325,2103.367631070951,4012.784680270485,12000.539776421429,52467.901748649616,241710.4044010125,185872.1538617293,26870.49099155689,10463.572901213967,5488.760806461776,3471.1868290069024,0.8422857745123126
0.325,2052.390955316579,4532.504243166185,12876.048281243737,58503.28583915174,268939.2922411912,206506.6244597869,29867.022085749864,11556.533338389872,6050.24228281648,3696.501502306177,0.8507270960130764
0.325,2488.0651848962584,4905.897242191184,14890.78240233942,67554.75329648487,309044.7923578609,236807.07535970004,33933.92855525056,13642.89831579702,7131.154594772778,4254.31506483172,0.7855066817485893
0.325,2948.253814315113,5942.156757035038,16835.301429889972,78310.10852040579,358192.6848347245,274663.03554735135,39647.23927763138,15915.034426409962,8000.738196481878,5175.348525639294,0.7770964449164884
0.325,3231.4769431796512,6500.446720130907,19316.915951029696,86514.71392797765,401407.398237284,307504.06275672105,44386.44858642153,17276.089810056408,8993.213506026783,5425.821038650186,0.7981384129485255
0.325,3487.8549402627577,7830.867995420903,22430.819393863603,102621.7288071465,472350.8825931992,361273.9983266005,51822.47156187246,20733.17625469306,10988.671575617722,6894.161297404049,0.786338007417429
0.325,4288.907388044352,9199.679619639795,26466.377677780965,120404.1999570108,554819.260547376,424268.0319492699,61176.176715299865,24065.63489112049,12651.712542962574,7471.287361059397,0.8731201779845464
0.325,5240.178463296624,10786.20391861445,31207.86244836357,139424.17440026597,643960.2045194111,492114.18197445065,69885.40049561167,28032.78836244345,14576.795075977248,8693.063566969338,0.8598952948851466
0.325,5506.437840922016,11962.032638512124,33709.6743764352,153105.6545717985,706890.285320611,540613.2526732029,77042.34005201304,30544.932859376837,15615.955048622502,9774.989161434249,0.7899872613901785
0.325,6376.371500056239,12551.824510832805,37333.86442292228,168498.05860673776,786161.957403761,604132.5966509521,86205.19403927236,33291.07745981222,17819.65615163419,10379.39334549636,0.9136288311130605
0.325,6983.134398164145,14559.218493044078,42292.62009732994,190418.58756636828,881579.4787855569,674796.0740256191,96635.93967001911,37988.16196064502,19721.89329602817,12071.50472787558,0.8563762312848724
0.325,7764.343608779366,16650.72478841456,46708.82116391268,213564.7998888957,986797.2486743904,756644.2766142704,108959.6219765371,42442.732671515885,22865.327306297582,13713.879411317354,1.0
0.325,9273.672280234832,18003.798989709525,54377.10044069991,244982.08379945465,1128778.8324611145,863547.7975371205,123116.82900461936,47715.118706298745,25514.914127279757,15242.654285402636,0.8517081958335102
0.325,10652.513433276174,20394.818709742245,60117.70975800869,271016.0176895087,1249636.650764904,958647.060459481,136449.43670162896,53883.44345498758,28253.38884428826,17274.607559633776,0.8584751997628941
0.35000000000000003,289.7595775681141,782.9807715590559,2218.5505047715164,10342.10724138946,47334.11673212687,36281.258642862,5255.566830818764,2160.388618549511,1033.4758266596068,670.0165304491682,0.8523549816245227
0.35000000000000003,464.93232380262526,994.4647777887797,2882.9576346138447,14151.200780568544,64647.28356322508,49236.380244077714,7266.5715780531,2842.405728075279,1423.3247661239595,802.3147555275526,0.7463067162827757
0.35000000000000003,759.8151057357278,1447.0280036614054,4051.203195800815,18755.658353605828,85154.73352836557,65077.45098458842,9458.087617436571,3807.523785587446,1948.907265650154,1087.7130770087556,0.6192042971891081
0.35000000000000003,870.6982681271136,1691.6503795536144,4955.5041522328165,22796.387096855487,102887.98043657524,78157.39531478401,11430.936075295664,4594.914779086565,2314.461019375978,1417.062836635541,0.5540864987958815
0.35000000000000003,1088.2107289199637,2112.53800785441,6448.157444371502,28079.59465613421,129239.03770820083,98647.32032763616,14154.881484291014,5510.887023750653,3115.5708034603504,1899.906328735948,0.7302500020489329
0.35000000000000003,1377.3884581947425,2530.059029735832,6932.877270745561,31919.523461749515,146952.27917227405,112168.92452561192,16567.656661020927,6400.163692384256,3314.2583606610056,2077.9795165855426,0.6804298684094228
0.35000000000000003,1366.5046772889486,2670.8165406356848,7964.154643482656,36674.99814795634,168385.48024204464,128876.36598611833,18720.03699660597,7378.70832229479,3837.5398323560735,2238.2464101437604,0.8338688810904584
0.35000000000000003,1535.9560045233757,3152.849055483377,9244.562920391654,41719.9060458676,191266.0671474923,146443.2047459995,21296.79132835888,8188.315985615955,4414.210423009431,2554.875808294056,0.7947853517880402
0.35000000000000003,1841.5687928310133,3598.377547466523,10691.929447744858,47773.661343109256,219350.7382906946,166427.90462720845,23981.20469556397,9670.100098387951,4947.082414494052,3000.3483890871357,0.872504444314464
0.35000000000000003,2063.166474822318,3991.61439016173,12194.337895125562,55056.24369397189,252302.6808723265,191200.4696770751,27833.86163073453,10862.260923789918,5911.2489417966535,3568.572932346251,0.8146116015808736
0.35000000000000003,2483.793587246351,4623.979365980361,14278.02005345567,64224.31560612098,295467.9082958549,224339.75320207883,32299.134000160066,12556.85730354385,6966.759878564505,3980.941895764408,0.8459107878036762
0.35000000000000003,2798.789434405778,5599.495847876217,16837.306369688045,74118.07855607192,339946.0446974472,256866.56825884889,37166.86935042316,14534.056023497264,7291.229872439983,4540.844159416908,0.8494062754673287
0.35000000000000003,3415.68948234217,6592.453607428927,19912.54227441813,90915.81406773528,417662.4828471314,316435.1533610046,45135.9341566013,17776.8849143895,9233.207556041372,5702.771027122592,0.794213019500791
0.35000000000000003,3608.149325879365,7441.153535668732,22657.43624340193,100570.7557480406,464448.7850143393,352005.9118418153,50734.53652692876,19894.146076919707,10447.485378141915,5945.427665737985,0.9166130334041646
0.35000000000000003,4656.715951979124,9931.077679489066,28164.89417570413,128549.300989999,586551.8458941326,443902.2039826248,63379.95881216266,24761.363608443386,13224.777129822252,8063.948691720571,0.8443615931248561
0.35000000000000003,5788.291766106549,11340.354117526776,33452.63532349138,151280.7802800856,695254.0383112574,526686.231062692,75422.28059523298,29242.78555551615,15924.01008999144,9229.053723767796,0.5672028010280062
0.35000000000000003,6382.246694298078,13036.766182060695,38333.710446617,176613.08803087825,805599.879225434,609826.4015520947,87227.15121285213,34017.5760320129,18244.43235573998,10867.923006679572,0.5053471891170971
0.35000000000000003,7287.099522419229,15163.086715150312,45181.71278883519,204779.52098790812,941009.352957007,714573.5649729185,101602.39301329498,39597.30026081242,21127.50136550784,12285.707561650104,0.582362436670972
0.35000000000000003,9946.2356562631,20168.486186221595,59042.49154441348,264140.061269892,1216161.2161514796,919476.091211932,130969.49848679312,51452.52343611873,27486.848604106824,16097.04634005024,0.6153543183338227
0.35000000000000003,11368.073322869006,23085.23300945762,68908.50987315172,303800.9454652329,1410089.7818456464,1064400.369942559,152215.8836454881,59216.62025868639,32677.51917775296,18975.87940175831,0.6006659417228113
0.35000000000000003,13109.141418127749,26032.025078729584,75754.83525180386,343810.7912911841,1577471.0233198097,1195057.811088483,170664.17795498253,67600.55073818272,35531.17071255128,20619.53486675338,0.6004280235961192
0.35000000000000003,14476.605038313728,30422.199919200582,88152.5163013056,401339.4006383072,1843250.8273195948,1397078.2504583634,201793.045492886,79399.8307314842,42945.25629121825,25333.785363988227,0.5690224900158267
0.375,428.4926170090055,1036.9381833207622,2876.9222153388137,13791.045340815615,62961.44500766346,48015.585326813256,6784.737682884861,2754.1636142640696,1344.5321780591858,860.240196925296,0.45973694591830416
0.375,666.113431438396,1356.1291981531697,4195.779161591851,18381.946479634567,84236.29478538052,63319.38745132483,9145.401204977155,3845.912012271685,1904.5695943847827,1281.0075729988396,0.5843958185975948
0.375,816.5681286390109,1677.9652233395104,4940.833006295947,22817.943725297613,105683.43630705908,79937.70713373301,11500.048432938289,4726.902370787326,2461.053491249055,1302.59356448287,0.5565096326650063
0.375,1170.051132980593,2154.460046265398,6283.105126132426,28611.63353352219,131531.93270731537,98676.73271982874,14573.545682240732,5559.795049052412,3020.7904048457394,1988.076628272745,0.45284481909635943
0.375,1042.8513379525327,2532.638963599008,7581.475540874349,34886.53130939534,159584.10434028,120151.70754614174,17192.95449056878,6922.814930706775,3588.240736185451,2200.7921253637905,0.5545697635220345
0.375,1507.4326035380668,3144.6272279917525,9031.4366557271,40927.30692360579,188313.934494122,141913.22897561343,20604.746814122413,8195.111292755446,4111.080138698506,2459.264441465595,0.47333689335885143
0.375,1338.3334644935217,3281.4178376313403,9949.213413705094,45675.74485006867,208859.59294896884,156819.18581036743,22463.69227322591,9118.249289233325,4615.583219421174,2707.738090959996,0.6010148331222689
0.375,1988.1488823481795,4188.411870687783,12158.683575579786,55181.23215687587,251770.1848627481,190304.65145455493,27677.103079988003,11253.410873223536,5801.573315658267,3462.00522993144,0.45973694591830416
0.375,2343.7792146168085,4623.393462923087,13709.32848692232,62079.16541936672,283185.48652046284,212286.71463589263,30804.018175831,12446.685006030872,6402.433076793112,3919.3367777897433,0.5700746016935583
0.375,2740.6857544305494,5349.644219834181,16013.394721815428,73048.94167462505,332621.8292546892,249785.7395410317,36017.9367654788,14138.886968612236,7596.589559998371,4832.211847109741,0.5375525654655853
0.375,3286.735607393419,6794.099012773722,19125.027881101512,86628.37081143018,397814.6011327648,298110.4248920464,43329.13448548523,17004.32049577897,8655.001701401427,5455.898630591585,0.5236081754723285
0.375,3376.195496922429,7558.061638063688,21942.00449765436,97710.42923792337,447137.9532164843,336965.7588519004,49024.51432865901,19327.9298803984,10432.890470576967,6169.368520900014,0.6013944016440795
0.375,4280.774438408138,8835.19219657093,26071.17520738089,116292.50067283958,530694.8707933872,400310.0346643273,58047.84512532013,22551.63747705913,12370.096506403745,7158.461962998668,0.5569846167761031
0.375,5134.15036803366,9514.77958743948,29234.85647042556,131633.7183143503,603677.545899784,455729.71669699793,65439.78356565863,25815.029718960755,13773.1821322351,8349.215937806119,0.6178536516632939
0.375,5727.416166780117,11521.67606159935,34102.578719384575,154827.12611002967,711503.0573774973,537146.6494183253,77066.72595595474,30822.46149346513,16052.725912250811,9630.953468492944,0.6236118095029126
0.375,7061.320848478726,14425.184569950525,42314.27216758294,187095.19530508097,861575.7813096511,652588.7029435098,93631.05775543516,36830.49629971096,19420.86787178689,11501.10025067757,0.6901408819186805
0.375,8469.478090773646,16723.35467395315,49327.18416575556,223087.35465592932,1031006.4093151862,777857.6957758759,111587.20442478084,44310.58455886696,24139.23294459693,13883.923498468035,0.7005711035186568
0.4,535.7449017922124,1086.8700399995123,3026.4110654960687,13926.33800609152,63831.01056311886,48078.85206744841,6830.456205494362,2984.464966182194,1459.0251544676128,957.5362337817317,0.9743644205180163
0.4,724.1025948454808,1438.3443888042175,4336.087308846511,19474.54873505477,88980.40259625869,67544.62051727022,9818.959110008114,3901.146037301489,2091.822328650047,1178.2324518998416,0.7248558477265435
0.4,902.0113134527152,1926.0294745542355,5633.598741680584,25720.66224844015,118168.57817142124,88574.87299516152,13087.707522111032,5254.088498134178,2603.8119869226603,1494.6588264789757,0.8291139271257634
0.4,1129.2881963420857,2294.9840720135644,6989.6242941127,31570.33400706592,142500.30703237766,107205.98753961948,15707.313082109837,6333.960997618175,3276.6911396454293,1927.9816616306591,0.8373113939085657
0.4,1271.8854568997326,2717.4676456503207,8346.305206996713,38177.83269456556,176720.11843443892,132792.2149493576,19143.15226559539,7789.766698821523,4035.435908959464,2289.2520291690275,0.9038360119441948
0.4,1626.9275645400662,3333.1809440945053,9507.12409379807,43549.87244289081,199892.8219120205,150001.00023007963,21521.991641493907,8613.586139768242,4670.120269784859,2827.665962564232,0.8914680187822625
0.4,1793.1140607297043,3837.1430698899767,11644.147888180632,51707.03578767426,235243.2525598623,177178.6290113106,25666.74358334942,10348.829721925722,5376.114980280038,3237.2869150406923,0.8359040809206278
0.4,2460.20407708489,4438.806428971133,13410.721992667231,62037.58325170436,281734.81615502795,211040.2445151217,30566.357946851807,12174.260004201851,6236.259862362803,3878.692218516969,0.8708120897313306
0.4,2422.1498207495147,5120.084449261862,14939.48714025357,68776.98074854836,314390.56465846766,235040.4608819572,34002.940468894296,12881.391559933929,6977.401371856985,4291.815316826557,0.8537678237425901
0.4,2755.87956088446,5858.879336874094,17459.460423884808,78528.59442570075,357963.7995648958,267761.0816337298,38709.78737770354,15264.46437441323,7972.488443256039,4631.211231473867,0.8770497712764139
0.4,3401.5525990783854,7696.663737479537,22087.341783959266,97973.48598022386,451277.2131062567,337868.7367989335,48552.572215177184,19130.375672850678,9917.951591059817,6101.415056848095,0.8785762174611224
0.4,4471.235428896891,8957.709043814404,24858.170072254918,113301.18782001812,518717.22948718927,391614.34772103233,55497.473487102434,22377.862255359956,11180.72595059195,7092.789508521455,0.8372462050235656
0.4,4843.97021806532,9802.519449391204,29256.263408011877,132791.37906998984,608046.7681113519,455055.931946714,64937.18099050689,25530.22986076508,13903.941697541388,7954.695473106222,0.8939331446856179
0.4,6068.088686287285,11747.787218032989,33810.24258211452,152661.68969923782,698958.8309400681,523197.3999762048,74749.54207755678,29719.966477229755,15858.36245991471,9605.551626955208,0.8182358075795448
0.4,6423.030544919778,13429.841431066076,37967.42405114479,174875.85009804505,800781.6939399838,600761.3322177845,85919.87914311938,34240.48933243472,18025.574402332582,10926.8922605038,0.8137164261077712
0.4,7719.091159747363,14974.974674387053,45276.215727168994,204425.3471353553,934806.654215732,702630.0396577932,100242.48668789922,39354.77437133782,21104.704031709596,11931.48283169971,0.7949590313398263
0.4,9007.946165603173,17596.490645514197,52456.1227879546,238270.28516465987,1088088.3812982992,815656.0743648104,118057.39721471466,46536.87788132331,24946.045683430268,14872.050611565766,0.7857342037393725
0.42500000000000004,396.2878030463248,878.4379634193532,2811.138133908498,13269.71986016728,60063.565845166064,45384.06351324203,6627.571878533363,2684.052735000538,1358.31060768292,772.0779611074948,0.8050210241815935
0.42500000000000004,655.9494828549066,1476.7734924032643,4288.921462595211,20236.164383055675,91248.49653735136,69490.51843522947,9858.896159912883,4010.217999426314,2087.95571966591,1117.5435633824336,0.7768435192056238
0.42500000000000004,722.577202181305,1722.0789735514795,5398.128349764018,24424.33761027573,112378.15410695084,85045.08503973564,12241.995949865704,4928.204608806772,2537.061839791583,1362.983544867286,0.7826324058125824
0.42500000000000004,1201.3484817852675,2181.6488429220462,6555.838755000992,30098.10432325539,137791.14690522366,104097.00612649103,14992.508693085,6050.952033056038,3133.4372000911217,1811.633510532184,0.8461608306977746
0.42500000000000004,1404.9050659526329,2739.547135426705,8308.776765399078,37550.60352713054,171028.65015566236,129291.36565654162,18942.619959725067,7627.083754109609,3835.0111259788086,2514.5636012478803,0.7824619773550663
0.42500000000000004,1567.153889652055,3337.647039738267,9926.446060671911,44084.02753498356,203068.39432977245,152744.20355806974,22146.528629897763,9213.999920568654,4789.0948203746175,2931.7272474536626,0.9110407803032047
0.42500000000000004,1920.3108142582496,3743.9414113102944,11249.548940418688,51165.58795095392,234091.0042529078,174937.21335529117,25517.53482886277,10267.841901537344,5196.158840595167,3103.4349723191845,0.7947839548334689
0.42500000000000004,2208.8622247961243,4368.392909723871,12707.54950695668,57432.54420417631,262475.26222002675,197179.86594148475,28372.014502748058,11266.728325283735,5792.628487475549,3642.4537842469786,0.852644416160131
0.42500000000000004,2368.142716233365,5086.9184777852615,14997.32409592246,67781.29401969424,309210.4078592804,230919.25354891864,33213.806528486806,13498.002584430198,6648.331257719347,3913.1195721681456,0.7565355482554537
0.42500000000000004,2855.7670983699177,5735.295885960437,17331.000225614276,77102.31712895625,352041.5491140474,264151.4250789378,38045.85896921552,14889.850357522211,7971.804267295478,4780.948857671763,0.8616430387169728
0.42500000000000004,3658.155347140592,6552.272227999096,20128.244673830915,90072.11198417484,412796.29671315214,307504.7692129134,44258.64554166655,17581.799380580524,9088.754082087258,5531.281909638613,0.8594104259235139
0.42500000000000004,3874.483373825869,7988.619616508106,23917.24191908806,107840.35920204084,496531.0021482459,371741.63706835127,53260.70523874979,21140.92920923409,11058.349800642063,6734.874775140184,0.8319714442634475
0.42500000000000004,4746.543879819269,9557.562159041,27910.660480375816,124839.6304163384,571935.8179679563,426423.23893559264,60892.07896328043,24333.25237638784,12832.861648686016,7919.298372319419,0.8606791711072438
0.42500000000000004,5203.163039108557,10784.464825505158,31546.17601080214,142449.89489158292,649978.0557788685,485833.1849871792,69323.4777346876,27500.94043100568,14445.683853651586,8972.141813891472,0.8722505059127653
0.42500000000000004,5750.478832769912,12507.07994292612,36983.983223754985,165951.65569233932,760125.0280347689,566450.3674742943,81084.85381116612,31916.708656428196,16807.24796659749,9638.891138155646,0.8111144096326467
0.42500000000000004,7341.573518350011,14442.143392273269,42048.357724969166,191806.5160989768,878913.9314507648,656877.2738403959,93818.19995700258,36890.87973423662,19838.365618266067,12175.202861884109,0.8369905623372914
0.42500000000000004,8360.405089832924,16774.26752668474,49380.00936899381,222255.39990945783,1016983.099164789,758729.8457567324,108127.20386334296,42121.14961167132,22776.87962906333,13501.219961482757,0.9003047343044643
0.42500000000000004,9773.37843062465,20027.818500910216,58510.990764679984,261737.9868849028,1197578.7669356675,892170.5848423516,126153.35813740242,49963.571978821885,27126.77564047668,16051.80447365798,0.8910419476384728
0.42500000000000004,10713.478932068088,21791.311196521896,64594.9070272269,294965.9210401816,1348546.2311559457,1004081.3723587384,143178.74557817358,56293.98762852615,30361.535232203398,17884.9961853686,0.8319100900187415
0.42500000000000004,13561.10785620356,26664.90342110592,79714.156880115,356760.1089588016,1623228.4364714902,1213641.0503568728,174146.57586363616,68585.53934640567,36377.39435388706,21257.31403497807,0.8515332226171272
0.42500000000000004,16013.0335867534,32350.20412215352,94490.93295755966,422147.7192596868,1916327.714961651,1438070.887405809,206222.38719056232,82299.5965213454,44073.71403454775,26329.72230966033,0.833292264809196
0.45,313.7657647373504,645.1334174604809,2019.6955324601336,9162.670865258497,42183.81272658239,30947.510268430276,4562.926118589074,1816.7086223855845,927.8940217091172,543.3977346068882,0.8511489064454287
0.45,338.73764551515586,911.3655700764908,2327.432309343816,11882.701533150705,54258.06408202682,40189.339764564815,5749.399434116763,2351.2694029171057,1288.278410562402,806.8766561424505,0.930240492867139
0.45,729.3398796943269,1311.031316937882,3647.567918721345,17005.626489330065,77013.86184244741,57519.70770763455,8201.219587953086,3306.0223305227214,1893.37414436872,1001.186717853689,0.7871852803205086
0.45,721.3342263791435,1551.5490907023088,4263.876507960374,20316.388866537876,91933.0898328535,68379.57810134006,9900.06427678724,3701.711010779058,2155.6982237010225,1235.0570668480764,0.8766407429783756
0.45,985.41619181592,2054.708958375727,5607.709979612797,26834.627215354754,120453.70652630871,89693.70903750994,13076.464851711771,5107.65600534351,2707.824325410133,1580.8330233577162,0.8629169914369046
0.45,1110.1283286811536,2318.5155431623893,6413.855809202475,29970.649433537277,136289.0162219089,101545.63145289027,14731.512723792208,5614.270606703242,3122.323906942428,1970.8085977093776,0.8997764060861648
0.45,1318.1749396715447,2651.206042081816,7896.050495632882,37193.95093335256,166857.30130339175,123857.06676632044,18018.668381732325,6880.260368372491,3690.827930402248,2324.9894686106227,0.9268319237168208
0.45,1344.2330635603985,3332.5499932259527,9477.710775847894,43628.50573446911,195973.3622343323,146412.61048748743,20926.718648630063,8155.837100385446,4566.654727348682,2544.9655766414094,0.8323165618899174
0.45,1908.2044368921277,3949.4027140143194,10938.19227947426,51344.806986278985,231518.0283448081,171866.6171386348,24861.03085184641,9724.715333949674,5176.105566302114,3366.360657536112,0.7962666824138577
0.45,2190.602914636272,4303.027284551812,13498.026890551611,60781.21256887748,276848.2680587356,205438.7825639782,29686.59846633822,11558.798065863532,6314.821835365284,3692.0318888882553,0.8382227600851322
0.45,2711.180548638973,5443.63916567799,15882.304888266372,73685.06428316994,333843.14074867783,247397.88482185628,35461.23086794876,13850.249356062146,7693.351605891002,4488.342553134336,0.8352138456676882
0.45,3428.257102459326,6972.040571089966,18930.72555539746,87165.3744557901,400373.9265489676,295903.48236554937,42095.46805832253,16456.90146966149,9224.073531897882,5458.98639136101,0.8194193883673982
0.45,3955.657352642276,7609.911214447814,22628.973625845545,102297.50403418392,462714.42836088606,342674.1649849983,49361.671703852815,19614.4117882984,10784.132593469669,6426.428276651818,0.8533218692787569
0.45,4326.677375343684,8286.980694013486,24363.06300945557,110752.11735069862,502676.0292146635,372842.6964071491,52559.2537049098,20668.475587132703,11474.489104366745,6810.11983631331,0.8158148264909361
0.45,5249.580762986711,10440.410848205427,28358.180685064777,131519.02987495798,600707.8769420624,443660.1939739366,62990.22162632393,24326.341243087416,13050.958641148964,8023.32488306357,0.726130259292322
0.45,6119.115347523944,11667.611472514343,33102.248083666054,150231.18494433837,683710.1259171058,507288.7219620548,72146.28256667693,27968.57503388039,15142.62553915312,9330.669262582309,0.7758196920968995
0.45,6168.118790158317,11870.945576044454,36240.780951664005,164769.36453865474,751984.5391165485,554332.0953819877,77731.76222660554,30815.929474920424,16705.18284679211,10262.421784771132,0.8019852126575849
0.45,8137.366347755802,15323.987867759402,44691.68661040344,201546.7706400513,925284.7570486836,680921.8128190954,96241.94695481012,37748.50326643632,19961.930434990885,12430.190769081924,0.8691078051561709
0.45,8867.842533906422,17220.869079054646,50976.96950479952,230774.69051014527,1049057.8575427332,776077.6589861739,108999.94414036573,42281.515886459005,22947.315419762264,14227.570636046556,0.7500379633126585
0.45,9826.557352426456,20925.74142846137,59080.62800365429,270717.59802784736,1232837.9209780644,907980.7322593648,127425.80773279922,50104.76609868692,26686.726160501043,15983.850003764332,0.7778348447335088
0.45,12437.526266218829,24748.797686352544,73580.94458457897,331393.34029037243,1510507.2828549074,1111433.7507864598,157242.34188026903,61269.67316444526,32872.77492542297,19915.99000650824,0.7778092804648814
0.45,15865.735534151208,31803.21254166868,93076.95274858178,424059.50109989976,1929928.2449460572,1419550.7074822942,200633.72620492103,79073.23454589132,42644.87095614005,25213.866912179463,0.8031025678448216
0.45,20722.26038742423,41807.51830497124,122549.97584435737,549014.2955850387,2488947.2033233726,1833845.9375248395,259258.11141032007,101573.99399989223,55659.20260322038,33716.064709639264,0.729228648649962
0.45,27097.978567625723,53410.550795989366,160041.8701870312,720604.4768206174,3257253.8126268373,2401522.94887604,341352.485646756,133158.4914927726,71812.1249714512,42988.58823838351,0.7190216883293316
0.45,34214.11157381551,68970.69678087182,202043.13987984692,912868.30670531,4107399.0191464256,3021732.8918993264,432195.06691522576,170308.43233526076,91143.89053220162,55348.95088605864,0.7524188488641564
0.45,40372.16637915623,81886.58032474588,237042.7856485119,1074769.3369905243,4839974.382179981,3569315.963728714,516173.8416755106,201110.26411688075,107347.58828084388,65960.69798700916,0.9187355494140683
0.45,42621.16426096005,86927.59945617891,251414.458196871,1141800.495007225,5099729.197100379,3770477.2671500384,543820.0041833557,214250.18650251743,115945.16842466129,69182.57962984033,0.7704084246972513
0.45,47032.78866631919,93624.60867502178,276290.0728735242,1244448.3651091545,5571668.000081791,4121826.878249341,590781.956822677,231856.6783994714,126753.34611499964,76243.09408730031,0.7883502805622419
0.45,47810.49520244916,93951.3130210912,275829.929012647,1233091.613594585,5533043.546596933,4092288.229617242,595675.8079900655,233433.2949328671,128259.11559880784,75939.32927164524,0.7915159891606007
0.47500000000000003,329.78157071531143,738.71714063347,2007.7500203480856,9568.321668344195,42667.37724170036,31795.02153375064,4616.299766897094,1949.7893840149663,933.1501893852918,666.467039941216,0.768295111824054
0.47500000000000003,358.6343357401744,848.2014197800738,2378.640497588119,11418.20275602941,50743.11666920249,37790.31273475684,5479.405450699492,2274.0677198070143,1143.5371421038249,716.7484089043234,0.7754786713083507
0.47500000000000003,667.1912606090586,1199.616725436366,3195.3573608789584,15689.956916656318,70652.47701092399,52908.44799497926,7654.093771467142,3073.4647157390464,1472.567747639107,955.0268632414262,0.7255601761019314
0.47500000000000003,851.212011665303,1793.4432717978111,4610.6710503547465,21865.25066178181,97974.81807607108,72734.33096312937,10598.524009517285,4141.25444625988,2276.6948016596925,1598.7834390759483,0.717434999389859
0.47500000000000003,951.9410063232092,1936.2334487151763,5831.076756093086,27285.47077569121,123498.641644178,91530.30049753404,13559.295642318264,5205.346063463188,2788.4241938263813,1928.41518499856,0.6477553245344658
0.47500000000000003,1139.6781916311295,2110.6385014722114,6371.042513187023,30211.87819757876,136506.91869046996,101427.4741039451,14794.171762948725,5791.907284082039,3052.461677122577,1906.1235691049988,0.6307757807813782
0.47500000000000003,1457.548947998196,2712.9357330731077,7786.493965824686,36560.392505512085,165902.38214855077,121936.60076535885,17542.9080582663,6740.080320065573,3682.880689334438,2292.512735753322,0.6686732873388289
0.47500000000000003,1494.504144354835,3255.3489693699216,9127.828052077635,42230.97832548944,191664.41354258085,141157.23149142493,20737.618322057988,7978.235089177827,4364.990830170693,2591.494822824245,0.505916240766824
0.47500000000000003,1997.0672862249855,3921.5471039643503,10608.713233345656,50398.31832020709,228607.84867536876,168595.15601172452,24734.4534573363,9523.54881754304,5227.027253261012,3252.5751582225016,0.6571459325435947
0.47500000000000003,2294.9637692511087,4568.586391001002,13346.516523399208,59838.99676766814,269489.6873423892,198562.77882853383,28685.663893115638,11041.672593267907,6392.464089484533,3748.5330379450265,0.6287988106741926
0.47500000000000003,2330.688880528596,5050.935759659828,14697.074363947551,68464.40205997044,307218.506203548,226285.75102163543,32801.11643789637,12708.913509968072,6780.639864566408,4150.290985112707,0.613993447100558
0.47500000000000003,2534.2046603110807,5804.045605780112,16896.033636651435,77427.05491411868,348704.5128768968,256226.3039444133,37142.50759384066,14441.09245016488,7873.801933512655,5057.722110668292,0.6615174224788783
0.47500000000000003,3780.804495524918,7332.995087149828,21709.1354904334,99350.60170579593,448721.6355587018,330418.0226815884,47721.62154244888,18563.142817345117,10404.484121913558,6200.641844395098,0.6553329998267687
0.47500000000000003,4372.280838509934,8396.815852153246,24084.91916307535,111564.66052356469,500049.2879354265,368540.1585373852,53375.192495883166,21005.581134466705,11243.781670687464,6861.750949237345,0.5574616460286904
0.47500000000000003,4490.408451312956,9410.639444031702,27833.74269802173,124959.25209785168,566399.0854862148,416230.4824056718,59568.685972658255,23216.746617379093,12386.599529909532,7886.409307239284,0.6074360417691748
0.47500000000000003,5311.82758891859,9955.04188754096,29257.512869294664,135915.68572965107,612671.0502238639,451450.3250019912,65467.28826067653,25053.860975294578,13801.063416964002,8537.677399167052,0.49595810599416723
0.47500000000000003,5960.839510194807,11515.040177905015,33744.63023372965,154235.0439820115,700524.9178746048,515073.3096701593,73097.80752135062,29020.33085146756,15654.95606640779,9481.84596548203,0.6478371301940737
0.47500000000000003,6596.295371392896,13336.920871667542,38186.21192913897,174468.5745207437,786903.5211206898,579072.9011484302,82687.54779934931,32326.54485703879,17333.231515704727,10769.614664058645,0.6524151794198672
0.47500000000000003,7461.388099833377,16176.990809557088,45921.4927426909,209100.16321998695,945003.1553918024,693952.9313543995,98809.5235080902,38832.35672790199,20479.80882251617,12287.290879002643,0.6789738412873781
0.47500000000000003,8742.779621327849,17958.403622729355,53449.16678511829,237832.6541603268,1078430.5404837695,793760.4718426306,112684.62546359534,44186.7424867129,24076.332103477653,14828.432035176917,0.6639153508761279
0.47500000000000003,9995.633262995992,20373.21070310784,60300.079244974026,273535.40271877573,1248057.4068590822,911989.34985107,130052.84868502598,50708.655963141,27031.542490273176,16558.907194421736,0.6366928133571066
0.47500000000000003,11952.45099157556,23088.699247959303,68488.15451189825,306677.2464616896,1392928.3084923483,1020480.2431873736,146542.09576737817,57627.010302420655,30728.7576631978,18345.431790209605,0.6403723637548756
0.47500000000000003,15062.343434812765,28795.14083884599,86395.73707069452,391880.85606987705,1778930.5262721963,1301580.180094883,186834.73962553448,72835.19272107571,38634.19404878087,23604.857187269063,0.6649098009257333
0.47500000000000003,19720.87887164777,39946.30175378788,117211.8804375021,526363.113253777,2385334.901527765,1750636.7290210857,251766.24838949932,99718.99999680246,53913.43835193646,33119.190611813385,0.7172023645453496
0.47500000000000003,22540.762883225645,46493.289336505935,134085.90299675998,610518.5399520685,2748254.173812024,2034907.5735678696,300192.87102038064,118700.18461237344,64569.39936093128,38302.16064899927,0.6435448894915344
0.5,241.30593876984463,701.7489296677569,1809.7147965772813,9069.466962383334,40881.02185136761,30491.94792442268,4469.024263231869,1766.1744652592597,932.5286344925852,675.4333448052162,0.5771860131308403
0.5,453.92417580685714,819.2865258441299,2304.9380443715486,11254.164320873326,51029.71841332655,38179.82775404216,5522.385589081527,2146.817537633141,1207.7753445540268,799.9248311414677,0.5991418852414753
0.5,675.6861204331252,1413.0050037869426,4128.25797983914,18860.3077352402,84176.02623799045,63105.12641570548,9052.283625580503,3458.939820150589,2092.7848132701506,1150.0991959038415,0.5894693601588729
0.5,769.4228233542625,1377.6948062435388,4079.59036380448,18834.14228001501,85115.05946866226,63481.17208895059,9235.971474892982,3701.3428170975903,1901.7136526241504,1282.7428587496468,0.5698473637502038
0.5,1014.2074937141492,1902.4916565998476,5690.947532628308,25806.937292200797,116574.04819498364,86978.13034620928,12618.567110101028,5051.361948128801,2691.61119645814,1656.941161484368,0.5921104331555114
0.5,1201.9142192236889,2423.094634316561,7196.961567686903,32801.735877832,147865.08926585095,111122.37892222406,16267.1901798852,6386.002923100956,3334.8303034490064,2111.871470275902,0.6374798519739147
0.5,1291.131318767446,2613.9692862130064,7822.700946459007,36111.43387139704,162033.77935328448,120756.60072033,17268.233536318043,6983.694242976597,3829.4924427480255,2271.598454813752,0.6196135578895886
0.5,1695.6013040722137,3141.701724965719,8974.329082603814,42416.15484192337,190975.0088957842,142428.1652384656,20627.86227987832,7910.685049079549,4415.328380977298,2376.454049712903,0.6199085319224859
0.5,1660.8618670904696,3929.983612480281,10779.247112170033,50009.25279777232,227944.92998189427,170293.6544351925,24928.731737334005,9782.50947473933,5288.001890616878,3000.871242485878,0.6051567315783566
0.5,2205.063119173761,4383.939669695093,12281.11560139197,57314.69684821328,257306.14280599728,191245.9022210679,27875.602330512025,10857.798575812818,5934.3385725580965,3496.677108295102,0.6047136175888149
0.5,2432.300245565591,4890.940121540015,13727.063010252914,64302.03429228655,292597.899963763,217775.2411067737,31273.372429786486,12522.436475773982,6690.677680568497,4234.91870167004,0.6579043391795402
0.5,3158.629801503416,5607.489676793514,16123.672665178568,74066.70845968384,336895.3461271117,251094.3894067843,35836.138723504984,14374.487039971356,7642.42683073596,4557.539359228734,0.6250883396848459
0.5,3424.847771487195,6622.843141922233,18747.216711897905,87430.73785836334,399255.42981794494,295786.2751655327,42613.2403507084,16495.47881984744,9055.39151007558,5707.759883555398,0.7770423524060598
0.5,3960.998571158868,8010.901318664387,22614.999858179584,103931.62810686546,476879.3559658117,353428.4984271232,50413.4307122845,19689.099911628167,10792.861170178368,6248.693537507535,0.7057322453070973
0.5,4053.4284592655176,8567.737536803352,25207.51726917472,115799.29472149568,532199.9597986818,392297.27187912416,55708.53027267861,21922.2231736964,11727.588106684774,7385.142185361196,0.6298986828982335
0.5,5174.250176057105,9693.487318463343,29278.61221781404,131930.44386401604,602557.3085421628,443968.30459493614,63682.08404182282,24510.07029419777,13414.24358142804,8085.94186603833,0.6374671266490877
0.5,5591.86113837726,11612.391170145484,32717.46652344505,150810.31642077316,688677.3398839089,506815.679851708,72154.36586460426,27842.395993688755,15455.717642038277,9098.513233493535,0.6325658882583579
0.5,6536.540982991332,12231.6924073674,36629.33328658293,165284.90245653372,753847.1919503387,555158.3935286066,78454.4297196582,30143.26239550538,16494.422933611568,10046.204611469351,0.7328332105264246
0.5,6947.492021052275,14945.421701479052,43417.8489394731,196911.15418752265,893206.733549049,660264.0494625412,93053.73938498892,36971.35712347693,19961.20730419088,12094.130491174144,0.706178199770931
0.5,7874.365799996891,15905.920926748686,46114.58064196855,210437.0249498507,958124.8195545884,707775.1151250185,99492.64913161636,39028.39639508393,20916.61008197849,13329.803903438444,0.6932682441140984
0.5,8852.04259392787,18377.909473139174,53346.31231650821,246281.1565011804,1123065.8518677575,826581.5465731276,116607.23629219896,45594.90338087384,23726.38973757647,14956.955409392487,0.7299921681396336
0.5,11286.662755384845,21517.516248641237,63772.81993412624,288320.60499311745,1317517.652211228,965824.676243889,136317.58900097382,53746.60115165832,28301.333320512505,17472.452525900153,0.7315109697435289
0.5,12438.998167677031,25131.96862099175,74348.03502519605,329980.5469004795,1496250.4423296908,1096854.5665739558,155335.0937245803,60454.81036271951,32582.762971125583,20362.933479572926,0.6806139311435399
0.5,16888.359817635504,33495.3564514818,95775.15192314204,435058.6440328484,1981439.4605253804,1454365.2022080363,204998.80715237997,79319.23746580513,42931.423693035045,26201.809640572446,0.6914744845987428
0.5,20291.54564869456,42071.59209718145,121196.76257834613,553458.6562793973,2522851.1754785464,1852141.5451816083,262603.07711726264,101650.72877090349,54780.61375642537,33544.248532269405,0.7204795820487688
0.5,29768.672438191195,60260.026092039385,175844.8059236252,792127.2213362253,3594715.46853231,2639227.225647564,372882.1622641957,145650.7578331802,78223.38069725162,47597.85837889326,0.7154714200900498
0.5,36812.60102371077,72512.65855992124,211236.96485759065,955933.42856109,4306075.75245434,3156377.735427273,450202.4600611372,176729.4042399394,95784.2104085517,58794.691154412736,0.676692372336098
0.5,42707.02646326759,84811.71019335972,249673.84294460923,1129592.7878276145,5074783.861059591,3717323.890590574,530951.2190772425,206234.73839025144,112751.14620142114,68237.09153862718,0.7676858300884343
0.5,44713.77187318946,92589.41217276844,264804.5759701083,1202275.707514417,5407943.567355702,3964108.731025188,563311.6217815035,221433.6458081264,119021.4893733755,72572.49934570357,0.6923272355593874
0.5,44358.35209980181,91472.67361814306,268148.4803258584,1213681.7750847917,5468997.122835886,3987491.553864447,569125.078844782,222182.1572890125,121975.8049875737,72068.79356054415,0.7323794447582878
0.5,49292.80137713636,98796.06730146689,287534.6599524321,1306547.8735874083,5847583.0588798085,4289800.648670316,613620.4116780614,243607.70231661788,132446.34176142808,79535.55459681078,0.7448654596270493
0.525,369.4458791610596,661.5035643510951,1770.471655552979,8761.888169130743,39665.31093917687,29824.243617053045,4244.68727461028,1748.248161968632,862.4606871882756,615.1652160262865,0.6844826571291516
0.525,442.1678202624397,906.4066230929704,2587.5421427709766,12298.774472731156,55442.86933772084,41570.69566699999,6106.180482355162,2429.4914625164247,1382.99021278362,737.1334093292193,0.7096115585150706
0.525,447.0404035988999,979.4551462118692,2746.468988558112,13338.565594723375,60967.656129366034,46299.52227339145,6628.260035840018,2495.045476415761,1371.6679926457705,899.7593756184605,0.5986832906670423
0.525,650.8010626580709,1200.7044700192046,3640.369505524967,18037.18971321564,80783.0029959446,61157.402301335926,8641.626898347646,3418.4394078430123,1973.209134631896,1215.693700406998,0.6429969620006211
0.525,1098.7422030865516,1989.0413515682587,5857.874891795849,26940.78922052414,123096.08666150377,92031.27742321102,13247.140412924547,5430.661747286312,2913.0392468178943,1627.5951160735483,0.5513533196828614
0.525,1294.2032394406058,2714.0239898384766,7687.292941012577,35493.96023003414,159704.11867620223,119621.53467742886,17297.500088217133,6725.679984925326,3739.536672343196,2352.7567560928937,0.6085901832834727
0.525,1507.4385941496296,2956.823091004985,8717.298293148142,39897.596368177416,182330.86416030244,136326.10795246746,19838.101812129284,7785.152843937253,4275.339877010537,2740.350185839895,0.6890026203265422
0.525,1681.869456214643,3626.790367820934,10456.024722748702,47476.63805246282,213872.01923494285,160057.97005622002,23122.54768380912,9211.491842576144,4961.172099012041,3191.979663092626,0.6227479308920082
0.525,2022.637721125902,4099.09861523093,11103.534988445424,50934.91015877687,232509.0545781912,173461.69307142263,25120.945203691783,9744.96386359301,5427.231807777907,3419.441858508316,0.6623467535729134
0.525,2290.0262740198195,4432.719958683469,12951.729192969684,59562.18571863754,269712.2146258415,200432.05095250843,29015.361590854143,11329.876121489468,6048.600087351949,3840.602227946645,0.5779427154822109
0.525,2779.377533575196,4944.138166469899,14888.09556025973,67288.64932906492,305738.754479794,227477.1107468788,33019.29413033422,12790.067191131857,6609.4694367784505,4550.545324125407,0.7088915425491977
0.525,2639.2842459358103,5359.021216455262,15445.183601689936,72890.60335237223,331600.47283782513,246513.67131816503,35236.11896967358,13867.005561073516,7308.586428933468,4705.397189162212,0.6336890117933881
0.525,3047.7916352033826,6428.551195792113,18392.221185312526,83927.30879503491,383617.8332397752,283852.7915619934,40924.312045196006,16013.203195698468,8696.42222167669,5214.920945026769,0.6247273154023415
0.525,3367.857953287796,7391.480317203886,20858.910516865348,94586.63825825969,429074.50704056607,318601.46322810766,45595.88470695813,17465.54227758057,9975.522228192263,5743.315761124383,0.6721763590688403
0.525,4106.931775933463,8617.923730629695,24968.81859790934,115867.98732206576,525735.356561005,389002.71866745054,55606.640196353495,21902.714888474224,11472.324227388832,7318.961459641317,0.595333341804923
0.525,4915.411558374134,9395.692132559376,27832.11640924099,128120.22260224535,580960.8635628533,432988.4433748898,61857.151765683055,23722.48145309649,12801.797553519966,7991.537808414441,0.5994085205632591
0.525,5438.097560560372,11033.748648973264,31258.119756010157,145425.6574823481,666536.4517042044,492476.69095948513,69943.76296792479,27688.15688284395,15016.976926546284,8777.982266068937,0.676344249786825
0.525,6381.187322523685,12379.0965008168,34988.56922126737,160067.84758067614,730244.6220844465,538022.7571745096,76482.36612337963,30013.17262638389,16440.26971399962,9987.545888528792,0.6736461766935724
0.525,7323.98780343256,14083.724935464765,39181.9611044076,184464.8858488276,835336.840719114,617638.224314324,89368.57138311774,33858.5624480125,19197.90705077883,11182.166239462196,0.6505298998228257
0.525,7765.777539319743,15073.314529407262,45288.45865426454,201744.45376575823,924624.8139487146,683105.5225422834,96122.95405229145,37784.95384087192,20048.39238947995,12645.081651160615,0.7097571973787657
0.525,8486.122039138161,17716.599335487695,50067.72660847475,231112.07838068245,1055384.8095975434,778125.0658043978,109658.63680894666,43147.42588207511,23509.351347739448,14139.60250749307,0.8021413513444323
0.525,9654.052885758589,19634.59559335605,57031.91180152528,260160.484495441,1186475.732709905,874508.8478691389,122987.87873331305,47562.0326614194,26315.079640212927,15886.659869323688,0.6226256484737404
0.525,11328.205728197388,22885.786090187,66335.50674035585,304305.79627560824,1391749.1762260387,1027529.4563371512,144212.2746987952,56897.6018479561,30744.360500112176,18712.618345737817,0.7020267755814148
0.525,13464.359972675218,26513.04304964229,79587.74052813857,358932.53513364564,1643338.4283891213,1210429.2947849152,170958.2841358132,65963.65745233922,37393.0633723898,21903.890645203075,0.6279617634785647
0.525,16113.518471078354,32423.63755137268,98664.78888350328,439931.4160461133,2005990.017183561,1481425.3523633815,209156.5402584937,81348.47230323276,43348.22533651463,25108.548591611776,0.6148873443602293
0.525,21176.22130898839,43248.26094971459,126691.55675859327,572959.2446242146,2603083.7958890176,1918000.951359442,270936.2758713098,106385.4856343015,57531.301370789246,35341.188253673536,0.7082469390475477
0.525,29606.98443992122,59710.46046929049,173478.18278035548,781629.3386627869,3548538.299087538,2635278.3678129525,371346.3215545004,144681.67059236811,79916.58546788682,46758.37146605676,0.7069329543685018
0.525,34921.49032651243,71372.84858360984,206995.0450195406,931328.7999806732,4248455.155443111,3134889.9851059457,444779.745732156,177107.31369043686,94186.4297598306,57600.633720178965,0.781442815179121
0.525,42021.31448681511,82845.96503424665,240789.03583987008,1078391.1986792271,4895266.817694148,3620512.271669305,515255.876976884,202821.65057539745,106801.33607926038,65256.84614675349,0.7077359158726267
0.525,43076.24520251168,87158.24846492287,254566.67753519956,1150678.4837564223,5211039.247496217,3864250.979663866,550483.0489367498,213684.4749152093,115978.8044258216,68954.0275807414,0.7245972553169665
0.525,44151.4091698682,88738.92765783472,252302.28652511936,1135442.2928245596,5146130.955290917,3810520.076604333,549175.3181028938,215831.24701287155,116797.15750386112,71039.22597416065,0.7066819105453669
0.55,308.6664707101764,581.1970812765775,1523.896731561202,7388.41570748426,33314.959571436135,24752.34436063462,3646.410620404546,1358.9098960043632,688.0210184346702,429.88716489766176,0.7547186591637212
0.55,511.9197975739788,993.637837178991,2498.817949957349,12502.395233228212,56973.54003759455,42220.35879172912,6094.337236162787,2417.8394864030583,1346.2433614666725,880.0037228207555,0.7822958096089884
0.55,459.03010485955554,1129.5124864230208,2991.549062337488,14009.449586079376,63337.908420830754,47288.54318484088,6727.20595077323,2634.4165727140785,1550.846363680765,966.1621668151722,0.760521017734464
0.55,742.4567878423861,1327.2808582659832,3777.165298149509,17388.42715526722,78668.53623181501,58494.669842158924,8311.94866389314,3251.648586754762,1798.1723705552083,1152.0343011356183,0.7275260683593776
0.55,867.2990688520634,1638.9663342177996,5041.77989497198,24199.67874019568,107844.9512831622,79935.47071942511,11491.076812532616,4401.097679594165,2349.083343084357,1496.027308794087,0.7550741242322543
0.55,1067.9321949388525,2258.1579497285948,6825.454056063384,31985.21754162748,143543.76030382293,106155.2301997234,15252.511721258295,6296.792257575443,3189.946470809348,1899.2337186481525,0.78769981194939
0.55,1571.8151281679477,3279.803183135448,8845.24730142721,40845.55215818088,186303.87444798523,137920.86779147896,20099.323760298837,7945.307396441411,4537.654815039388,2576.2985515279765,0.7463924986063925
0.55,1936.7062887157535,3276.264453310577,10290.697630896457,47160.39028670095,213559.70440887817,158310.08587876792,22631.87812538611,9120.015388761236,4780.047296737941,2818.295850030296,0.715385123775848
0.55,1844.6742451387088,3766.131117253664,11670.581060847826,52437.9953502758,237836.2673764055,176119.67782733988,25257.70187976779,10162.918247412745,5342.255287746384,3425.715529674243,0.8770753355450415
0.55,2148.5544225671406,4395.123999820545,12166.32554994572,56914.13315449032,258854.1340361565,190325.59400037047,27297.220580124376,10418.777573733889,5606.311268443656,3725.353776131077,0.7788062869413496
0.55,2442.8827029558533,4920.5100972507325,14130.748693037727,65171.11389734578,292317.8425444556,216399.4510868487,31609.81020023522,12297.966224904068,6600.250472581535,4106.905241728525,0.798056181217775
0.55,2501.7208953018103,5786.59696646644,15952.879862259217,74241.68188242082,337001.4058013844,247034.55736325515,35080.35111584377,14210.649818806129,7589.997055012578,4716.344425677856,0.8247665812219611
0.55,3139.5636633929826,6050.054418490058,17984.79978588233,82347.2602407041,373544.8349568121,275258.0352934566,39508.284130593456,15821.021128584183,8723.04013369751,5328.638715472272,0.7568465801904205
0.55,3605.377880699947,7034.679167226174,19773.845416282114,92255.25753555748,418584.86516101216,306688.4361694884,44350.09362659644,17423.69143522394,9386.312783529504,5663.550506713746,0.6882704295974433
0.55,4147.338108047901,7930.185838683891,22933.71332461028,105452.31866668706,480155.85439763626,350567.05721624754,50488.018638857146,19572.6557687086,10872.636541924734,6279.102789912616,0.7149342895228463
0.55,4508.5401205663575,9542.409876788475,27762.46528051776,127148.00835579996,582183.4795952365,427655.3847530691,60934.70808566081,23762.19481863738,12975.58317319052,7746.994369485695,0.723875977737836
0.55,5672.357466291015,11007.14902649903,31513.652698993013,144631.36270535822,658308.5276021019,479718.0347447938,68348.96939517971,26682.709509716293,14235.9044059781,8882.359184321029,0.7589343287949905
0.55,5849.397577947309,11414.526588538223,34216.1331453182,156786.8579707602,711383.7235367737,520516.00504929945,73423.63023883902,28760.7906159132,15767.42986936797,9514.174878486749,0.7950761179034961
0.55,7232.316418815272,13920.69817660544,38827.07033718405,176527.2905709735,800832.2921741598,585637.0130506443,83915.98873883845,33676.710724361415,18031.12140685517,10782.827341547463,0.6859551590020895
0.55,6728.476730112005,13860.097239121593,40687.16232978957,186008.8451086169,848506.8076909913,619045.9823223521,87852.16033626096,34415.4877449433,18422.47044268757,10924.419773874402,0.720265329130749
0.55,7813.379020372966,16361.551399790773,46606.34804134777,211596.0705954754,970482.7163539192,708683.3964766625,98979.64126199036,39739.12038672309,20560.47959794628,13160.660287440716,0.7386146682006182
0.55,8570.963834872833,17479.13034740136,50439.50475487316,232243.19912407867,1062578.671517034,780158.764091091,108733.61554349615,42656.138723444965,23232.15631266325,13308.423989260891,0.693235862707171
0.55,9088.4272745803,20178.87995835071,55964.87542937863,260710.7951126987,1189405.1323204043,868247.8636146353,122185.33056121402,47624.49434605536,25287.46773100888,15447.654773246306,0.7362281454001418
0.55,11421.210621815082,22995.95167594696,65820.94918727077,304264.6121444123,1387926.0097129869,1010500.966945284,142073.7915952147,55607.99581386598,29925.715804423373,18132.94336711971,0.6985770905657197
0.55,13005.32290436004,26580.728760091653,76459.5645517083,345527.96131698875,1572616.3575649722,1149070.1486354067,160589.33608550683,62913.49401079855,34356.5428755406,20599.258067913437,0.6914125404093763
0.55,15976.794363884952,31635.00088735296,95698.71631292463,432386.5351098182,1964022.38146586,1443934.8974556604,202793.8377961965,80826.50677982782,42689.66823579968,25927.979261614164,0.6851922592522638
0.55,20291.659230985377,40399.83139101052,119308.06922922922,536977.4266866315,2436023.3677376467,1781717.2700187883,249982.2827719127,100278.19780128542,52888.26306314615,32346.508440920454,0.7312942415550547
0.55,26656.78036017587,52770.973595489326,156085.68815296018,702996.007203791,3165693.9500913983,2316674.9121927805,327967.6627636083,130878.72392749733,70667.59731070918,41437.90381005671,0.7652763977703027
0.55,26686.142324751974,52917.40722351386,159879.46000565507,719542.5723727287,3248674.845042056,2392502.103325388,344726.636504544,136484.6698305755,72803.36176578772,42565.49974113332,0.7422715385036568
0.5750000000000001,248.4699535203149,537.6375718413709,1248.9185134992376,6414.808765539991,28926.47215212824,21763.39754955006,3082.883808362113,1205.507671045114,614.0349426076746,513.2189729609263,0.7545151188916022
0.5750000000000001,636.1230639351099,1034.5131204002037,2915.284782316808,13421.07303531392,60233.97448470408,44496.68019087217,6471.817884119489,2477.0754327265545,1525.5520272060164,802.1024936944414,0.71002523486195
0.5750000000000001,514.7819657349335,1199.765676733141,3188.933313092265,15387.490790783517,69430.61722356954,51252.444319960094,7328.281525194544,2877.9757686787493,1626.0009676317206,1039.5880833381334,0.6806241568509906
0.5750000000000001,644.5218733988363,1344.6797650857525,3373.682555114891,16755.856830883957,75646.58218881681,55839.08975483165,7933.696207880232,3177.244613620824,1796.829406019266,1164.290675020939,0.7390368063800046
0.5750000000000001,714.4068270805373,1605.7542358596295,4809.387744276589,22034.14731983568,99827.21839421045,73261.76797171062,10591.087363784043,4188.496106410866,2159.7086856558026,1409.372338508521,0.7804645558329799
0.5750000000000001,1225.5494047216196,2201.4663863887504,6904.612645294951,32244.832638479256,144341.39448088524,106375.8436087127,15409.372097725824,6186.956620971439,3329.4240929436573,2129.1652197591434,0.7718783701433269
0.5750000000000001,1450.8931936771182,2987.424796005643,8836.296651738221,40507.29794234193,182281.84878985936,134927.77660834874,19254.423986829068,7531.22020792701,4216.121037506138,2361.8345675559835,0.7923070612509037
0.5750000000000001,1765.6826627558644,3439.884887928248,10949.730770032416,49659.18195520639,223567.16771456,164137.5811123853,23619.220288371154,9286.917675643515,4822.745799832757,3172.0566188585376,0.7432293464348967
0.5750000000000001,2057.692756914769,4258.672338226572,12284.30048068334,55881.47002078715,251929.5568144424,185783.50414648093,26651.740831903862,10544.892391076732,5731.472975881321,3557.1149903591318,0.7670041162583706
0.5750000000000001,2347.875719676643,4823.929431398623,13673.140805297988,63021.25691585593,282001.8531721853,207575.6307525773,30058.971615324732,11878.238089765662,6398.218102929839,3889.29823940136,0.9276278246134199
0.5750000000000001,2487.891119210701,5502.776065637871,14821.0045922783,68448.73689563684,308437.6093407399,226454.26450184785,32204.94010829365,12981.028585292235,7018.1513181871005,4589.005645948453,0.746177758749922
0.5750000000000001,3109.0618571314358,6141.212888711643,16903.13495129794,77898.54700179135,353460.2463013145,258170.53020063645,37275.18119806396,14542.205669982988,8071.441546939721,5090.098272844869,0.783075519802124
0.5750000000000001,3090.3165607906303,6385.47913994722,18061.22580071762,84379.88605365198,383493.6601411781,281309.796774989,40339.42126323864,16220.946338048554,8612.584107065488,5494.1607670106905,0.7042489496318506
0.5750000000000001,3587.437887142382,7095.87264075905,20053.87716413664,92446.58497647686,420363.7484890252,307547.7706893624,44504.60167776399,17446.773757788153,8831.457203056605,5749.838120500227,0.7680139048691523
0.5750000000000001,4126.749454607392,7687.287533373394,23069.71211087584,104369.18821008327,471799.0303744986,345281.6626162536,49155.206254075085,19855.59910679283,10767.958854610231,6500.44150711806,0.764951400170067
0.5750000000000001,4666.675451204267,8785.311122169442,25275.416801817868,115304.01250612468,524775.8806428361,382438.38863215904,54389.33535042191,21405.23324217812,11984.06257782458,7062.820981235424,0.6694551278876831
0.5750000000000001,5605.955742161011,10423.945316845751,30542.98248085309,138084.21499609054,623308.6618902292,455081.23688495177,64789.345007919095,25974.241291704155,13699.52006563534,8208.742672780607,0.723508339208052
0.5750000000000001,5647.576628611843,11712.307438922442,33571.3145213427,152146.750862187,691012.7029488542,505016.9613155432,71815.77956895491,28417.66891768705,15254.279141198998,9561.916020686982,0.8459337956454407
0.5750000000000001,6287.096768609812,12924.719691578654,37397.14046834681,170799.1232137506,778533.5048379711,564771.536704939,78671.08664389851,31273.4417716916,16997.467485069337,10606.63667077881,0.7857244649703711
0.5750000000000001,6923.705801067829,13995.336057788283,41104.7710133869,185777.6928967364,842985.0174482176,610732.4050532646,86223.13211497887,34278.51307646937,18623.05800927155,11083.818217383798,0.7830463034951205
0.5750000000000001,7881.695648828555,15452.331049934037,46649.26956614094,211895.89372611823,957136.1390101684,695762.8820646974,97406.9387326436,39174.05602846741,20720.06872333127,12841.378487524198,0.762213282618409
0.5750000000000001,7583.461398049612,17462.019991818153,49404.45504808925,225390.67318201545,1022810.9982384812,743509.642587514,103844.5959148342,41556.65318711808,22102.75005999102,13506.24271139203,0.7243288304963786
0.5750000000000001,9311.40949931345,18803.26619509664,56808.286144160586,258251.68348831544,1174390.4540020514,854207.7889586844,118714.20558859129,46951.35803700112,25585.07332908431,15116.629722777396,0.8275743900595364
0.5750000000000001,10277.083012099967,21360.89652315332,61901.72335042797,280798.9641578927,1281833.6468900482,933127.0079723116,129322.2167050598,52282.07330987768,27208.819555609836,17085.399495691465,0.7458130418508381
0.5750000000000001,12000.126126478026,23692.74785617567,70743.71605809015,319228.7007812622,1464322.8918270993,1060818.4178663995,147923.59232394426,58865.6598588189,31584.42887536672,19550.75681469448,0.8300370812706419
0.5750000000000001,14032.159225180778,28043.206876803102,81177.01627130658,376432.4256164469,1703973.4100577596,1234425.875979218,171639.10365622325,68107.94692560159,36491.85755228807,22166.14692334224,0.8530364016124176
0.5750000000000001,21114.27175536524,41962.02572295936,125401.0400574842,563495.6535142835,2558502.554258976,1856887.530805372,261988.24849648995,102491.87836646604,56047.04871554597,33640.60778060795,0.7673747981534679
0.5750000000000001,25630.499449820887,52512.52737540858,153554.79368556873,692980.7896099992,3137732.5888505685,2276063.8447195822,322005.9337587336,125996.7681543776,68726.42323634634,41151.17483622266,0.8293170210376367
0.5750000000000001,36199.712543121736,74838.71642718077,224809.7029672712,997261.2800953744,4509582.2042267,3271860.266621951,464623.8434306946,186245.83484801176,99455.28978758522,57976.85293144661,0.7575764728344356
0.5750000000000001,41530.00068836696,84390.79076558354,247028.24889301963,1112365.6144118372,5016658.015633811,3653792.853810434,520574.8192979323,205425.1485058285,110316.81728187598,67748.42599995596,0.777737700512724
0.6000000000000001,48.60945830330615,230.916744471361,630.7884463488274,2851.289446473283,13096.976383142492,9496.036583302242,1345.4434805423175,514.5446430095028,260.3267757967006,222.5388126991574,0.753035799880364
0.6000000000000001,354.6896587672278,825.2368822274371,2360.184103602738,11117.029864711692,50103.100383899975,36173.71089166952,5257.450774960798,2132.7722551910856,1156.5895172493642,706.8966554338917,0.8250563095997383
0.6000000000000001,438.40733751796864,1152.102711541918,3252.699600939768,14865.94142809494,66376.18825324526,48218.41409023856,6903.123578337508,2952.8080594117887,1508.7566701678925,1039.5465192759257,0.7768435192056238
0.6000000000000001,505.0252271189174,1290.7572226935006,3609.469216967683,17071.457891277736,75798.64775957027,54946.90934793909,8046.035576474457,3281.4291957665605,1659.3392038548625,1072.4068698111978,0.7925087349256313
0.6000000000000001,773.2016072726009,1562.0446721802452,4938.264975433975,21824.502492717114,98480.71836155832,70587.33030644432,10231.14747545946,4158.993548780611,2058.602588444986,1341.1966285570927,0.7809792497746779
0.6000000000000001,841.1547627100252,1861.5009794155496,5700.990128112858,26147.16835114982,116897.0616414907,83561.07881376184,11876.85035408292,4964.342472284986,2538.2482203231616,1673.643082410311,0.678009784312696
0.6000000000000001,1185.4596537670225,2608.3148131027547,8099.376072344216,36877.05426402121,166431.24959332263,119283.0450282634,17385.426097716674,7021.3819031952535,3712.416416367969,2209.417505791649,0.7459878527544044
0.6000000000000001,1630.2035387308504,3756.2519118504497,10286.85707901848,47649.0101255168,216194.9916946604,155056.76412811372,22218.604215134757,8993.044746692409,4788.154666632676,2960.03280895681,0.8093385451053304
0.6000000000000001,1900.225328265732,4259.954833119522,12605.06972122125,57031.56696713991,259815.2635416989,186101.0997580996,26821.45724439829,10822.391973012927,5981.950551363142,3456.967468052019,0.7428407695517603
0.6000000000000001,2199.9988815272764,4798.369485270327,13695.470606005454,62886.61781155852,284245.98428905045,203043.0226780325,29701.97476936056,12262.367137774678,6137.551148862816,3849.202095175798,0.758836332431919
0.6000000000000001,2832.474872091228,5291.522663627096,16889.088416026443,76574.74822842696,343508.9559114705,246086.2699374932,35334.12300103355,14485.314796087929,7346.242066076801,4563.818609211526,0.838123911579773
0.6000000000000001,2653.41004125811,5498.084193041691,16888.92455322525,76061.09610749282,338540.5115683446,243129.646093292,34546.375192280735,13969.21935581603,7412.026414694526,4307.128983284454,0.7430589179773803
0.6000000000000001,2728.782917699883,5773.5301732387,18534.75073856903,82520.49274142347,373809.9763242169,268443.3926153573,38638.3806784422,15143.491366496894,7904.579689918608,4988.40666709347,0.6935750153376271
0.6000000000000001,2990.883495661314,6542.46915209991,19504.22289067442,90152.69514861204,408344.09181698295,293264.2210610879,41931.83735024993,17162.300229246073,8895.719129907598,5450.7990360411095,0.8148058900224419
0.6000000000000001,3595.825830595697,7374.82943252739,23121.447428410866,104101.9285519505,472056.8132778773,338626.4302951306,47997.19401703957,19298.316968398223,10183.042156678395,6232.149049431411,0.7307335319298279
0.6000000000000001,4221.584114715124,8549.398873477516,25645.486655023185,117930.64870567722,530577.0815903043,381827.6222631184,54422.06734403138,21819.01549699407,11560.712436368418,7053.497967505794,0.8564790564542399
0.6000000000000001,5028.471126703731,9660.173610892494,30342.54494671705,134345.15907289315,614493.2373366972,445142.7691814164,63163.57525413691,24572.696666717256,13599.14266014375,7517.505727532489,0.7700590463593434
0.6000000000000001,5822.034451900806,10461.892344895088,33326.76652023846,148164.48337660573,670763.0307083325,486871.0245532915,69805.18119438845,27359.73650918158,14709.336724598896,8464.03864043824,0.7756482476235791
0.625,84.07608378103959,178.61139329560564,479.83709442116754,2198.36833802213,9645.2566047104,6868.734450371954,996.5228456573744,454.6544970781384,251.1018731872005,116.17786122470925,0.8005819309581614
0.625,377.2290727223889,784.4409313544624,2425.998459909687,10297.94631051266,46057.63290536092,33042.49662178309,4883.283305116437,1951.4882829042456,1173.728298410094,646.5852961392826,0.8128980651751632
0.625,545.6299463963413,1101.1102033293953,3229.742995978626,14513.370287454964,64592.735342790096,46278.11090488332,6699.1768816839285,2789.9556020159825,1525.8324164711846,849.8307129712925,0.6954838140618056
0.625,603.4727104764925,1289.5524481968937,3913.849484177044,17120.884435294764,76896.42236817702,54780.01984260558,8041.258102399407,3165.761927024192,1749.8816839835602,1056.445086330495,0.7758876996063889
0.625,858.3422926802098,1671.5215238854937,5239.647505061246,23040.973341223995,104167.50273096137,74456.5555215324,10834.008136193126,4456.7397312769945,2459.311790802172,1343.6621100431955,0.7731224978831928
0.625,864.8797978599987,1842.951931423671,5449.294884253132,24920.886433172,110390.38617862752,79390.99602393163,11519.51623974992,4754.078099554295,2516.8353490830145,1492.582750398553,0.746866289718287
0.625,1136.7645150087303,2618.370254092114,7559.912490767706,33613.00678743778,151107.53322941504,107622.3752379412,15527.310883848131,6450.924389694724,3638.1192380523767,1898.251948119596,0.766066759742033
0.625,1684.9480923597343,3285.547965496833,9785.401575872178,44503.93512474604,196456.0758839359,141429.44837465452,20204.254917619524,8345.432972808463,4503.388389651535,2633.61352210276,0.7246799131188612
0.625,1948.9472460054465,4074.8716530976817,11503.515470641283,53675.74394949009,241404.5423815578,172740.70159095988,24969.169031592613,9893.499640795835,5357.31484937876,3213.802649880385,0.9046080528567414
0.625,2179.5257143598933,4796.982153110686,14057.940857621312,64005.13506749966,289118.54228918144,206623.89911696324,29808.05251614992,12465.833783748749,6575.442726724056,3955.555590150557,0.6583114009953761
0.625,2722.6113909506803,5330.590998497741,15930.408769433292,72782.65965212419,324313.7699908631,229748.0885088397,33267.50719319874,13335.639516107463,7223.080775804357,4333.422325023865,0.776341465374525
0.625,2683.27546435509,5882.151940308296,17652.727249389158,78645.50477863723,354050.3582360737,252627.9211935636,36594.23304818558,15085.473211623044,7828.08660093576,4998.328486022387,0.7272559392542147
0.625,2971.682447852343,6382.842321762326,18784.997166071757,85501.28258484931,383049.7285995813,273260.9506648701,39162.115924120495,16013.371881609191,8653.398507179194,5093.58504658375,0.8304329400969626
0.625,3151.431514507317,6773.578300329977,20744.234106195847,93608.26004489016,421757.51052239526,300062.4362947015,42654.4159673386,17436.21869897872,9058.257744114366,5526.206921173968,0.8279309788321849
0.625,3706.50579981924,7358.489174483042,22475.46849304744,104089.42428623524,468756.29549619375,332121.5693905393,47372.85368482195,18874.950211287367,10203.336834696243,6251.734899365171,0.7996387311804235
0.7000000000000001,259.276409215927,516.4981267293008,1649.2753459931405,7377.627394479942,33034.30584779844,23727.45136285249,3520.072141167793,1405.0238698521334,808.3927667232592,384.6126030716698,0.7704524520487761
0.7000000000000001,166.95471897027812,397.9905874276777,1234.9738770889692,5346.970396668702,23861.143883067594,17053.687977877278,2405.866604690817,1120.9290727335365,545.5490963999383,300.7640157920452,0.773823689251259
0.7000000000000001,177.80599795671512,455.4024395450352,1490.8451819661464,6566.264626270786,28944.97294911745,20715.13349748605,3049.2860325769934,1222.599919834603,736.2049998042502,362.69217464498985,0.84300839117218
0.7000000000000001,369.2463916391092,711.6187295325027,2137.807674269003,9668.756377114612,42858.98945982898,30696.22769030129,4507.3846444259125,1822.309390121325,973.5242475398812,572.7435616211171,0.7942752914371906
0.7000000000000001,538.7507574072569,1020.6444238113864,3388.563343175901,15223.983118631111,67411.63582287238,48429.12066751005,6912.510179264845,2914.224115436524,1602.1373999797354,901.7614153503016,0.8717930001868117
0.7000000000000001,674.1522419795215,1332.0520191090063,4164.748292704733,18041.319481197384,82187.84794851016,58672.69830582042,8742.092493069063,3590.711234201437,1882.2521291655817,1010.2532150782802,0.8279783055038491
0.7000000000000001,944.5219608007748,1518.8808234397454,4717.481599873169,21016.77912875604,93932.61576156196,67277.84239147119,9695.336109473505,3919.11345679749,2266.4331255838924,1221.2118836710908,0.8401205465089783
0.7000000000000001,1147.0996738200613,2228.2962654182484,6704.742444455477,29877.81032630411,133177.7206402813,94792.89780507752,13683.024041898818,5602.037733973164,2990.1800151213324,1790.4130245465522,0.7201082914806091
0.7000000000000001,1670.734368170052,3492.468052413782,10590.479681950896,46881.46046927151,211592.14070688415,149701.20905001252,21566.1119972971,8701.944456955678,4720.294288413806,2717.987689326207,0.855418467053237
0.7000000000000001,1734.6609758959803,3400.935277336986,10464.549753528983,46819.53074665653,210881.9398879764,150016.06392065165,21568.87941071542,8851.735085925877,4803.0356739037,2597.305067371168,0.7429115474876461
0.7000000000000001,2040.7594760541745,4078.123973312695,12541.428891011668,55652.378517689554,251452.8766987675,179507.24050100255,25470.26258459406,10540.654720772973,5454.222045151073,3128.284350261972,0.7909549954879447
0.7000000000000001,2475.42073709392,4506.7927867708295,14091.011062694528,63308.48349716124,282384.4242920204,201859.7110515836,28878.4351347046,11698.37225284758,6454.579201169244,3625.526930204764,0.8064031178156387
0.7000000000000001,2858.3307397782314,5456.61423504302,16842.655876971683,74876.09482091447,337908.629166575,240851.9053165804,34684.34847444788,14105.15516999768,7553.628210159843,4407.231667536753,0.7914147153271924
0.7000000000000001,3115.9749177179538,6363.570880408401,19766.744746764914,87514.31386619028,394113.50824915577,279857.4777726941,40060.91719345544,16857.872476871064,8765.301131143011,5160.582834960894,0.8611658390359279
0.7000000000000001,4091.247771377636,7883.238571176164,23970.53601697885,107399.06702685967,483586.6436336687,343872.0311556549,49382.65965978957,20019.712870226213,10929.453649183526,6005.650893606019,0.8573277901726684
0.7000000000000001,4169.774759997289,8877.673268068274,26335.76528212545,118405.83719822158,528261.2481293455,377808.85527269647,54075.14123572696,21562.72259702419,12046.198450011863,6828.095126880162,0.7679619241896103
0.7000000000000001,4582.15827412505,9401.07263973349,27118.41388007587,122864.0394275919,553645.4032607011,394066.17394076736,56387.315393958095,22792.13214187705,12429.975985884386,6975.025659545042,0.8236562398212448
0.7000000000000001,4972.32877556989,9564.06946776379,28430.44646359385,128982.04770726735,579334.2803273778,413904.1786745974,59266.691807170784,23917.3491611775,13049.062309657673,7344.259334407894,0.7732702025463734
0.7000000000000001,5317.659330459627,10642.58901661773,31849.004863119702,142932.76958012005,643319.2415684896,460439.5026030984,65581.03185214446,26986.348626789644,14657.037088125704,8448.15332162801,0.8459337956454407
0.7250000000000001,329.28465198462374,638.7197749891669,1775.037331259805,8329.05269799092,37070.35492707987,27268.49436990256,3950.60008974781,1579.5330663738062,828.5139014014438,583.3858140652437,0.8020356857007725
0.7250000000000001,201.6633320661618,427.7671943252933,1224.8064751680615,5688.851940129468,25688.96637505413,18718.08700281192,2698.535696235136,1106.542108689284,520.3168797479602,418.1531469034142,0.6749855313340757
0.7250000000000001,526.9335240135362,964.3298682015452,3154.56092228042,13921.76783331549,62400.37411659167,45586.519271210105,6658.786194000448,2561.7381429517272,1453.8960611185407,898.6211313941018,0.5876111218770907
0.7250000000000001,599.4102273665501,1293.7459493452538,3961.955405276465,17708.85550463004,80377.80221660351,58279.72362487441,8470.81344328586,3436.261722532802,1810.3794981129192,1164.639040187292,0.7126861321557894
0.7250000000000001,728.8056101565603,1596.104854604395,4885.214400347015,21565.241450483954,95975.86002650316,69981.56472690219,10187.966539720695,4037.569368026325,2135.68153869961,1302.2058220984886,0.6735959713104622
0.7250000000000001,997.9003738023408,1775.1276358973544,5327.33145613981,24183.4347849858,107916.21511300624,79099.61925639045,11622.847922253824,4615.380567044315,2426.917091668666,1443.8743997803947,0.7093027214920566
0.7250000000000001,1045.9691423846689,2078.4632326190244,5970.465087656581,26332.79436438136,118571.81454967632,86791.7939150977,12632.480021517902,5022.380758061922,2592.0406919328384,1649.5497802118937,0.7076553032122223
0.7250000000000001,1289.6319930113823,2631.8960258652264,7868.636973319106,35010.303642469735,158242.7853093645,114584.36124317136,16407.376844967657,6617.22936678549,3465.187651080515,2136.7432041070942,0.6613017649307141
0.7250000000000001,1678.1813472475403,3399.486548051551,9728.0779184387,44809.00106467637,200132.49680436897,145976.566342303,20693.478711997643,8580.983413836604,4316.697741002618,2753.955632506242,0.6970407997558266
0.7250000000000001,2069.359148348457,4123.820102684327,12226.202916430248,56344.96975560739,254409.7549656577,184266.4503704417,26504.63205809448,10682.005107025514,5488.494674237378,3479.1007567895863,0.6985305504869367
0.7250000000000001,2521.572667378774,4920.674838893036,15072.118162773764,67679.58769444701,306678.0800433262,221064.1933383089,31773.05268468836,12965.378218760983,6704.950379653126,4438.215309729803,0.6602958514466247
0.7250000000000001,3208.906165292808,6445.640490392676,18212.390095368137,83781.4651922362,376380.879583241,272119.7135703729,38988.6204877146,15694.169732499742,8474.815159602573,5356.236463847436,0.6377398121811124
0.7250000000000001,3581.457323762625,7469.698778601905,22106.270709646175,97763.690751181,445017.596847993,321539.45815521263,46254.14033029603,18555.491798991217,10004.626364901424,6033.751119917304,0.6936772724121366
0.7250000000000001,4294.457519375054,8045.562210028021,23842.71615881934,107733.17842158412,488648.9162113093,350700.5506215326,51224.48423448695,20434.317784755403,10715.145907633012,6422.24378757682,0.6921076263184149
0.7250000000000001,4324.781540217395,8635.622549806763,25733.147190824897,116466.16313183756,528205.0969731148,382477.760053052,54682.267562684254,21932.207897668304,11972.771112454058,6972.410011032358,0.7118807359594138
0.75,64.28967356695027,155.90245839985442,431.7191340180639,2073.901013173859,9241.361054929246,6738.675871095815,1001.3815458852148,381.3355963639648,186.50993342411988,123.19858097666668,0.7229381342830489
0.75,198.85964945330417,376.47646163279336,1179.811611521617,5211.8355889436725,23564.089926913315,17181.006592783542,2439.367277102528,1027.8863983486783,550.7567025127305,345.1126914170038,0.646684923867422
0.75,242.7951564089434,429.9397398390052,1356.6479853404674,5765.904182224468,26102.04185704721,19137.546932392062,2768.826348037832,1059.4042121724888,585.8334615530645,397.3667262811717,0.7994628714863492
0.75,713.5612030005557,1301.441836663164,3864.6260830136753,17526.37137551523,79412.01852845389,57847.00182007243,8407.022175795824,3278.391021453692,1870.6040876584184,1146.5523625036317,0.6721010296906184
0.75,897.532465397541,1821.981376811516,5057.909864716398,23590.478443624277,105903.82874552626,77157.77899588703,11527.384854153026,4508.385608433986,2303.619021459559,1485.1685036501242,0.7468765154257375
0.75,905.512984081983,1913.3090080099169,5605.849979026865,25153.247986791197,114335.67891714754,83508.31010304677,12085.665402135037,4755.791655102325,2610.066004743658,1581.5669076902789,0.746614055601163
0.75,1012.2007261766532,1888.1341157493384,5594.903523479142,25273.991893805225,114574.768025024,83820.54566695826,12045.387209570084,4821.232688880656,2597.766748446506,1569.6805768369677,0.7845071188452574
0.75,1126.3389634260914,2239.230709046236,6397.110454644941,29504.540588027543,134129.54294977098,97223.11579263816,14158.037739168987,5631.963761486576,3103.8868139686056,1721.781767873409,0.7869996350364286
0.75,1356.1606862776594,2711.708972155103,8035.611851430259,37638.4347974568,168997.0958429232,124351.57566619843,17696.534365032974,6929.310528440603,3661.541992889648,2441.334195459873,0.8176575841878275
0.75,1746.284310607874,3291.86171794004,9903.778096755168,44644.53202846964,202792.84542262857,147947.83813603967,21427.307891183525,8506.549270105048,4628.341465170591,2646.780333164269,0.7769358346201123
0.75,2073.3557004470595,4225.969255200512,12242.54772081994,55230.81716828007,251133.162652337,182489.90718136236,26392.121278824223,10683.437816858492,5679.402020086767,3495.903949335988,0.8799640978999367
0.75,2668.268982018877,5405.187602895521,16523.406786709133,73601.04803022557,333904.50350568554,244222.16963334437,35157.68202861086,13828.80052185803,7623.132224356845,4723.872319137304,0.7443127844862479
0.75,3251.189908734268,6500.052885097556,19199.51899296196,85991.32038311848,393351.6287876946,284958.9304691447,41471.05410209267,16494.692804933962,8787.892792245804,5031.758559008718,0.8359850344379479
0.75,5809.536183987826,11112.011705346318,32684.971665948106,148701.79367440575,674645.7370815851,489171.36719375366,69686.36586792498,28194.64745862047,15180.090451134243,9374.825536266038,0.6980231980787931
0.775,95.72710747186582,211.74021473989723,666.423607761585,2968.680909929633,13275.516734077051,9644.322770563407,1446.3347565515182,568.5782834435332,301.76443070280084,182.24811865069265,0.794170412386412
0.775,59.914888025363325,196.68060575792603,609.1346949245273,2786.6014988009647,12594.42900900084,9051.70162331979,1328.8323298851917,529.5677236268447,247.24877125133267,156.25802797014757,0.8575612771594665
0.775,271.00707512184505,512.2345222188069,1443.1282501430846,6686.336397787792,30374.971383472704,21925.78068737509,3065.058869389547,1288.000062314718,613.7842997931992,466.6305730258895,0.6707376020304907
0.775,823.1482565128783,1542.837187776691,4254.118130085017,19501.867269187933,87550.29858941243,63458.28592334095,9169.082700198442,3823.2531484748456,1917.015080760812,1240.4342016841097,0.7658008913483078
0.775,822.7653695977408,1624.7246466796632,4950.0005883188605,22125.892317738177,101139.34043461476,72747.80894514085,10659.885911076544,4183.874026125291,2268.5576206413684,1392.158768113963,0.8166201009526989
0.775,958.9216774190828,1695.7349544690194,5267.682722279964,23923.605667450283,107572.6096147824,77446.0532643923,11191.992621796082,4409.52587825519,2260.822247846964,1370.7328861972333,0.5921036160172103
0.775,934.4540874071442,1874.6548175978085,5789.617677379237,26693.1557294498,120156.80381465104,86917.722246704,12503.94513483704,4954.6054955303935,2584.4901283795457,1644.7891062570136,0.7807649968566576
0.775,1113.157154182103,2233.013617188123,6619.1850903832765,29961.452839381946,135183.47695135704,96835.02540913652,14063.189083167254,5603.033927971496,2928.401873110742,1860.2640742253636,0.7010994317369557
0.775,1424.010708396964,2674.738544116944,8056.613287791297,36312.12445102423,165776.42507928712,118847.08365588804,17054.244714339595,6915.264692457475,3600.003694448764,2155.484378479395,0.7785889906580162
0.775,1702.8915322716075,3562.1535281524148,10452.07672471774,47584.73492599936,214753.352307948,155441.5199539559,22447.92514730916,8941.297476308864,4929.2781528499845,2827.3841848634747,0.7848004992614096
0.775,2708.2371721611853,5347.724514223901,15814.56981314182,70290.16371515431,319757.14690037706,228455.68541721447,33038.72203235165,13432.788889423677,7177.397906660472,4109.384016253922,0.7505763623034478
0.775,2923.1473083579667,5758.881477369034,16651.770307270846,75126.40040889735,337612.04655003484,243158.254840887,35132.72546612262,13865.36830601001,7555.178217116469,4630.732693817706,0.7800163289897128
0.775,3245.437180961992,6601.508938654741,19807.808350019797,89672.13718375468,407985.15968957887,294663.00656730746,42439.14235957073,16876.92964781347,8891.082128286167,5387.810128671988,0.7432506499920859
0.8,0.0,0.0678402028821006,0.0,0.0,3.652064255153087,0.0,1.9560591831005696,1.9108323811791688,0.0,1.6507782701311164,0.6996356406518467
0.8,75.11958494457933,207.7694041667557,578.8355747876788,2680.570956013164,11726.028952944029,8470.309272938011,1240.7789112420598,539.8932132673293,246.71176568710516,173.58922492305655,0.6539480749407497
0.8,278.97837078461623,567.0452720622159,1609.0650507577302,7362.895159815517,33273.76872397784,24267.693594597597,3577.4563505713777,1353.2690186218829,727.3458751051232,536.2232990860117,0.716836795503978
0.8,537.3846372095966,1069.9215012134932,3023.5741031104594,13374.826727369616,61050.52163955665,44180.45043087757,6529.052772298619,2517.0715766927274,1379.4607977552057,878.1651388547065,0.818119397966457
0.8,825.1952131650011,1636.0271182962483,5007.929512349194,22701.90334612328,102756.4956710244,74801.55991094369,10748.156068161208,4213.082579061963,2288.1676362803805,1447.4507837885812,0.5554853576353355
0.8,889.2425541849008,1965.5898595425776,5575.523590503046,25493.51733340497,115685.43219039631,83914.99594264748,12059.594193645327,4871.6533360911735,2510.074585177641,1548.564058317541,0.7661051061449736
0.8,944.7365062105686,2091.716416554648,6041.066518683218,27584.06449273856,123479.78680809944,89177.87906521324,12933.898709183137,5139.1220677553065,2731.304814261506,1696.9087636491795,0.6122088176811413
0.8,1145.7868948332211,2191.9869559600083,6652.938798799051,30129.32365387024,136474.33521850713,98290.58994662322,14151.019916079737,5588.167138954039,3004.561688283591,1793.3704675296578,0.6777810314497189
0.8,1312.8003810939183,2640.902811934478,7522.8341169525265,34501.502691960006,156387.52584651287,112434.2646157643,16198.23016953886,6594.0285691233785,3597.713997979177,2205.8049068743207,0.6758760200245967
0.8,1677.519939044944,3586.928322432624,10408.341853068558,46857.175430928844,213981.46541686368,154088.67596448827,21843.9597600148,8846.936893517766,4712.560594234768,2974.5925629237504,0.6726707476771713
0.8,2083.845379084137,3889.0584435967135,12161.784545280929,54368.31466140724,248343.9500060972,179076.17774036463,25695.722671448,10356.202919505691,5508.88519299091,3218.6455068167265,0.7794283508112826
0.8,2661.42921966576,5215.42767928194,15472.547355578145,70717.13710544874,315114.982144333,228707.07895195545,32836.04394859146,13120.82087386781,7297.737958055434,4384.517894523472,0.8117501077791811
0.8250000000000001,0.0,0.0,0.0,1.5461329701066522,0.7348903623346434,1.5270449087473108,0.0,0.0,0.0,0.3531291351478156,0.8039508754921074
0.8250000000000001,118.24182931123396,235.69712760709385,752.7975740480186,3324.404424981035,14855.560856710072,10754.500750214673,1567.381528970422,625.2921572223792,335.936135899766,199.516700899887,0.8185715067912563
0.8250000000000001,185.30625849421665,324.2612974608751,878.8980179353159,4222.596098960549,18981.021635767105,13768.679070469165,1996.8499850936128,817.7538560053455,437.082138183272,301.7760250092086,0.8427680870470821
0.8250000000000001,343.1412582724924,654.8432431910876,1885.789927840078,8804.979195969436,38982.43306525768,28546.010495248163,4126.47543687325,1648.0127208076742,888.796754815585,547.3549167243843,0.8122422199502585
0.8250000000000001,782.0649818137913,1542.1568076018511,4782.52467376381,21371.13639380204,96485.69762013182,69762.75243879727,10220.880790132362,4055.616797892161,2066.8219616856445,1330.0485871901978,0.8182860391249174
0.8250000000000001,955.776702452058,1893.662514876672,5774.977713365744,25982.86399154734,117588.50466629391,85043.21181580672,12343.454197103629,4846.163338138143,2718.659331071778,1608.164227537315,0.7839049382953681
0.8250000000000001,933.5968191668718,2156.4000272879507,6229.542127446433,28145.336285537145,127168.40426977936,91943.1182514038,13494.124974242955,5481.360765940916,2938.743730500413,1696.6427110334268,0.8528387046016991
0.8250000000000001,1179.8284387088993,2247.708333129289,6817.939392400188,30297.91785338013,137875.5541004981,99269.41598953072,14265.79413034572,5692.719999685683,3126.640928409073,1955.276891829305,0.7683696742742165
0.8250000000000001,1399.242380000499,2527.4197219298144,7497.624051971079,35047.95323258369,158326.99467270664,113689.09777025048,16485.23328638709,6712.058957732595,3641.636632713833,2042.2947396307432,0.7290972393392984
0.8250000000000001,1271.21973460799,2550.2918903631808,7770.116140361855,34686.47085048985,156246.31266535475,112296.8931652963,16467.69046733201,6390.707492170206,3462.6268955027977,2173.3756752975314,0.7751301451127306
0.8250000000000001,1902.3721474313136,3934.3287741578542,11513.22102849396,51372.68694593183,232831.6330874724,167251.8077712536,24015.96353916175,9881.896416921829,5052.354864966116,3237.812197946011,0.8155591838046619
0.8500000000000001,0.0,3.266842876987844,2.540877793212767,2.555397094888269,1.074428323987113,0.522694860318055,7.6081140779628,0.0580772067020061,0.4355790502650458,3.020014748504318,0.8307699236379601
0.8500000000000001,209.73940647916453,398.09054459873465,1229.09755766968,5574.723370396288,25547.44670206597,18428.84869358733,2701.304699677996,1063.7024143863237,566.2851994474827,394.84311118288,0.7391886013261659
0.8500000000000001,68.02118208691542,144.9028387943709,444.1824084773825,1978.9529277490872,9023.234723569696,6450.97078372983,916.51386324925,343.17299780322554,195.81648911393583,133.79316677015527,0.6715215729350646
0.8500000000000001,287.17412254865326,621.4983614483007,1942.841199127521,8693.854686205063,39947.40190032447,28786.784178318296,4235.10607018552,1662.7894506500145,870.4965589756051,561.3855242878187,0.7412353334819605
0.8500000000000001,823.732971817439,1614.5696121417666,4514.52474074591,20909.482326967085,94416.00387720196,68432.09683186124,9958.315650985149,3949.76758665612,2131.8589053522355,1310.9960832623833,0.7179860514024936
0.8500000000000001,997.636731649012,1932.093200415247,6021.741426452426,27373.358412212216,124127.30727994758,89412.5551762314,13042.138621051972,5029.709395543015,2664.780442555839,1562.9472289751504,0.7669067285683617
0.8500000000000001,1003.2036096249892,2171.0275646565483,6249.638536195182,28109.05299098166,126547.8911341942,90977.76932224644,13295.286109348464,5292.105461267626,2830.2830231421053,1757.6705218018071,0.6939292630600354
0.8500000000000001,1165.5927560630846,2285.898837052488,6657.680362915371,30538.853685103342,138008.716215165,99245.7484239727,14234.302840867524,5685.364666541747,3165.215111399801,1962.6921500682977,0.7702877045398445
0.8500000000000001,1239.231392794003,2495.0353981732155,7433.67394856555,33736.12452949098,152531.18315256806,110021.86040210702,15663.690505320375,6269.590781804478,3442.2459278278434,2042.145899077413,0.8082784800995814
0.8500000000000001,1504.745732080194,2970.431315367206,8529.68249241585,39068.51882506605,177937.577823797,127744.35662101569,18458.400314225582,7306.727833772182,3917.794924192314,2525.8896219590897,0.8081029387883395
0.8500000000000001,1758.9438963734672,3519.6008273168345,10892.50161616705,48033.14673308603,217198.05136603705,155832.01396850418,22823.10218169359,9023.238293492012,4866.388606172327,2841.2391376363776,0.7629871175147199
0.8500000000000001,2254.2607257681343,4172.651732663432,12685.511825761316,57318.73950097419,260625.8242853513,187065.8170722154,26942.19798958318,10741.401065619,5773.706372290364,3641.992706110967,0.8109797711512089
0.875,0.0,0.0,0.0,0.0,0.0,0.0,2.178094342406899,0.0115243086899835,0.0,2.108948490266997,0.7591780414892381
0.875,0.0,0.0,0.0,1.289317033118239,0.0,0.0,3.0153382226152363,1.424487367235474,0.0,3.670394457183375,0.6442061519066969
0.875,47.19228953622316,125.510067765229,351.89444200241167,1585.1316690951965,7053.829626767411,5226.246782591592,746.4446650676044,317.1145437060229,154.61933046981525,135.1501482712933,0.7660071097819021
0.875,289.2841959098782,690.5024776743323,2035.019828413259,9168.56458303112,41233.755218915096,29667.620664456022,4395.666088403465,1716.8072129123927,960.743342094666,591.6515966599017,0.7041330582807395
0.875,431.5554184810732,828.5217509865098,2451.9459544411534,11243.069254510656,50494.085168442965,36537.55060851648,5263.198161797449,2043.342172448587,1113.3160009354428,772.9206034368884,0.8168146734416963
0.875,940.029121021522,1926.7833667116715,5812.505024638155,26231.133294480573,119135.75375657236,86637.17349780371,12660.499102416534,5096.555533747899,2636.4525989099075,1668.5391292958177,0.6792198263610595
0.875,1081.3903689642873,2146.600994856016,6362.352411171537,28926.72819683768,132414.22158075066,95548.27912739126,14115.367001513974,5606.413595486421,2928.268254443397,1774.7321458768813,0.814675796299871
0.875,1193.0603776064104,2515.296732352301,6966.275910021963,31537.95133641731,143324.66105980286,103653.93559555858,15161.680814643829,6045.827172482637,3131.259238062852,2102.325047860933,0.7619973069064581
0.875,1265.5435559231453,2338.2805212739127,7403.601440064855,33682.22433286953,153920.87679958026,110668.12235663734,15902.538837550535,6554.565889888569,3544.3229335189358,2076.5327017283253,0.769470459507851
0.875,1304.0450371317131,2882.332633698199,8731.189747783377,39367.73607705532,177841.65686072837,129007.90955045156,18315.750529835,7474.193095565982,4013.041515882426,2539.374669980673,0.7815970529331728
0.875,1847.2210996187755,3767.192345284181,11104.413596566748,49324.24756963414,225895.8810244228,161401.64647915232,23035.086098233143,9265.27584650871,5046.821725746882,3073.430082984435,0.7742302828570464
0.875,2228.0722363333166,4311.133279970529,12824.546293688263,58519.43808557506,264370.6285571969,190542.42356185097,27585.239404292755,11063.098000256325,5793.596785354586,3616.145254083164,0.806100404412528
0.9,0.0,0.0,0.0,0.0,2.557016475642275,0.0,0.0,0.0,0.2138949143122815,2.051446678176882,0.9328934958558044
0.9,1.8524382907508368,5.443900283022868,0.0,1.3357718287046851,0.0,1.991056122031512,1.4239831758832966,5.3934937989208045,2.24308854254183,1.6886172174191303,0.8541271437405197
0.9,132.50790046886738,221.4109646812065,701.2335026729455,3180.528289592674,14762.565486421325,10656.259954830826,1533.1121749455474,615.1245347644227,319.458344069672,166.121725699628,0.7746506730522527
0.9,321.39584220136607,667.264167105565,1780.9743192408444,8449.089288293657,37730.20265307683,27536.77703987778,3968.927440424176,1614.4765611990276,852.8589492218467,507.27354319282506,0.8533005657215675
0.9,652.0232504024901,1237.8348518476994,3757.712943109088,17176.87628482919,77799.49498393848,56518.70765245832,8302.49667671951,3250.023012842133,1729.9811937923655,1029.5103953723528,0.8166769104385385
0.9,928.2683105872632,1818.5563295973357,5833.223071510003,26150.92997293184,118694.15819652584,86618.80247823088,12430.799511010971,4853.98121170072,2561.170978067146,1649.8938505538893,0.8756096508104042
0.9,1155.446116510012,2390.635458889874,6970.886994789375,31842.189993953485,143325.15796341017,104116.96436593022,15039.350890092934,6112.816658085678,3204.6808896445914,2011.57824980715,0.7901426198404511
0.9,1165.2111196492235,2319.061084505197,6994.59193393239,32112.71967512704,146446.9478930169,106189.66573781136,15199.008302677745,6071.290280978476,3187.496672847805,1921.14356540501,0.2
0.9,1423.2081691773903,2664.617527161803,7912.95505223287,35082.75796774006,160583.0664304576,115536.38041430758,16645.769791836014,6729.791915310286,3686.573951246601,2223.35827669341,0.7462075837299877
0.9,1435.2143623935242,2806.216079620808,8911.04809001701,39397.5449558909,178157.67529909464,128977.27210919892,18632.163395977364,7331.972705279889,3912.0319208971264,2335.734967922006,0.9216214609656732
0.9,1681.893818168906,3268.368061651747,9890.618613480125,44613.10848150781,204694.46782239256,147159.10565900514,21147.81722566482,8521.727414004607,4559.338777992623,2849.7105505724044,0.8029645207942347
0.9,2053.5912150102445,4242.662406010748,12364.33044037418,56753.72534377545,257355.6607626599,185559.1545944591,26627.256998573077,10655.256172618943,5624.107812160732,3349.0950297425843,0.7992385286417918
0.925,0.0,0.0,0.0,0.0,0.0,0.0,3.680619652173585,0.8904724964936092,0.0,7.788666102664102,0.9222610324862429
0.925,2.511887631788156,0.0,0.0,1.953690380279677,0.0,0.0,3.094354329014395,0.0,0.0,1.6624570316665577,0.8354936323854438
0.925,134.17949584740822,262.9758618465549,908.6523808685928,4164.050312809873,18946.0251885463,13713.722663625858,1974.811153593727,801.9866598011881,407.3234918517905,256.894918869815,0.8937794547373227
0.925,336.81649472667493,690.0630623668463,2072.1668810623487,9609.767090738304,43152.52159516485,31299.745291124796,4674.507874194464,1829.975435893032,988.238459685854,586.6144551337211,0.8558961911295351
0.925,543.1294069288023,1058.4060237586916,3306.389657079739,15200.660196481736,68767.59778157757,49819.04356604278,7161.366362391446,2860.9332100248275,1534.9145678833372,939.4670822552256,0.8011022025584686
0.925,1107.9395827735966,2039.922775821485,6069.094924345185,27236.062935849488,122999.62778347016,89525.38881940013,12982.067526767063,5254.755511403342,2825.233204061837,1756.2535744402426,0.8768566190245626
0.925,1206.3338816303851,2297.144076622133,7068.050173862009,31542.68737223465,143512.07673854518,104054.07292337524,15139.434674227374,6229.670342222476,3110.2531018094646,1856.4323201425243,0.786039425613288
0.925,1265.6785156526971,2444.0097995079823,7610.341656701976,33605.848364409576,152862.50826945997,110969.23447768352,16075.030583893018,6350.657558917728,3387.7024410839444,2035.247590573688,0.871715360556165
0.925,1501.306318833724,2661.091802049105,8270.887750076341,36865.87919654063,167525.0048135388,121563.64875940591,17514.537668624685,7195.428399112405,3735.6476587389193,2332.5210510265183,0.7682652868439879
0.925,1389.5502028192589,3128.6786886450745,8818.323438026635,40068.18083710516,181468.99725304736,131094.04685976056,18937.002978015887,7717.636937279937,3992.4531390462353,2572.232684002588,0.6706536051478579
0.925,1769.288645587806,3663.136312899219,10812.89297697332,48380.85736876015,220172.8665813758,158172.40921851672,22748.53757793595,9123.776298406508,4847.479276359591,2880.685441629933,0.826121487459213
0.925,2036.3850593723048,4040.7337074829697,12692.072343950098,57764.287797430734,261171.75467462145,188109.5151513231,26951.667445984487,10710.337633200592,6010.030752683839,3354.0238096157964,0.8595226246580455
0.9500000000000001,3.2611172890101487,0.0,0.0,1.9517292866045584,0.7782211712410582,0.4199923781300949,0.9017483412793214,6.238122086932291,0.6052831331874897,4.805206914488438,0.756999965802185
0.9500000000000001,0.0,4.012457938398626,0.0,2.634686236659339,2.3083718862474023,0.0,1.6678289021054529,3.0939434705724342,0.0,5.499001090275225,0.5996263281319643
0.9500000000000001,194.918036233058,335.6044200295817,975.3273104217088,4561.14523036125,20698.0629993456,14933.712214149711,2204.0164766925463,868.022351523013,430.3781815691561,268.10444097750707,0.6503134556817807
0.9500000000000001,353.93796040087886,697.7678507551598,2160.949867192712,9955.826960819271,44248.77641844766,32084.88043314153,4631.051169041377,1901.872256459907,1050.617249766405,610.3719220445736,0.6926939002122696
0.9500000000000001,424.6354186641304,833.3449777687183,2435.518951212906,11223.830778973146,50599.70599608712,36387.98895321856,5296.16084740299,2114.4016196858024,1132.8486427507285,684.6494522893156,0.6495813437221375
0.9500000000000001,1022.7715795599078,2024.8147188024864,6015.039479888285,26896.162455164264,121628.42092150486,86849.63707103248,12501.27179820951,5005.412764919854,2706.0726048415254,1699.226534305907,0.6749216206625076
0.9500000000000001,1286.9169161649268,2356.0521771814065,7095.170368563912,32101.35016067924,146681.51460578197,105720.4613821391,15395.102169573069,6011.553462959556,3343.3104476433555,2082.8503821678178,0.7543689764892827
0.9500000000000001,1201.3382218271988,2503.7372325559804,7637.975808602297,35816.41091984887,160212.60331193524,115556.29419524704,16714.461401425102,6768.15202435688,3686.6742124733537,2162.584049211908,0.728255502157546
0.9500000000000001,1580.7386172859146,2965.2388250095314,9351.588494644906,41827.45243297179,188824.67536208092,136949.24293559542,19657.29068513248,8109.807130239325,4323.934956151092,2523.70240349436,0.7667007536039919
0.9500000000000001,1555.7426227198612,3020.4358905640224,9116.948944116106,40761.97420450829,186523.7716270778,134201.05850210215,19559.171831422955,7611.789296327189,4183.212026789108,2571.5119880518896,0.7121218922267993
0.9500000000000001,1770.7115657393128,3869.5954813702033,11587.499588982508,51787.37071748496,233500.83561393656,167836.20925752286,24038.535934328367,9444.268058501404,5280.204414525785,3183.094403488903,0.6833471775309519
0.9500000000000001,2113.9439419497403,4057.201318001472,11797.561780563405,55471.66564531805,250673.96135665133,180465.98845425493,25918.663264641636,10353.51672627789,5702.766640411732,3517.611529033576,0.6767435008733523
0.9750000000000001,1.4886077325658114,1.2462762412178885,0.0,2.7348839737836994,1.4078305687831705,1.4770681377397197,1.2693554308700716,0.0,0.0,4.673535904567082,0.6639971565357352
0.9750000000000001,2.882813432544264,0.0,1.0345580463566109,0.0,0.0,0.0,1.1972975143228193,2.34809803779815,3.83600174491777,2.34809803779815,0.6578361677965343
0.9750000000000001,277.2336479690233,641.5172505420605,1740.0114912987096,8064.042553163086,36774.86704580852,26250.71094575696,3790.129628010098,1524.8556067425975,861.1878815282028,526.5323024022367,0.7410251383843576
0.9750000000000001,349.56957372297234,735.1127501109486,2219.2584704945207,10158.788985628982,45705.24422072795,32440.99488330048,4670.937695598588,1861.0865135255692,1003.5071073854992,632.9789999359592,0.6801452528853709
0.9750000000000001,363.6991061649909,768.2027267811767,2333.2483301092743,10365.116567102608,47053.30239632101,33857.27640210437,4975.53311494892,1987.564802022736,1067.6924649229663,639.0140942356952,0.7677923478743813
0.9750000000000001,1105.9540032095754,1856.503126743667,5724.217974126307,26335.451597331743,118479.54021502443,84686.58453910123,12271.965539343131,4902.437914792276,2829.4927164600235,1634.312593669472,0.7568352182932528
0.9750000000000001,1186.2708619552911,2447.8692363499217,6962.296542066685,32080.997843371675,144024.00444058815,103042.81357637278,14934.366635920574,5960.495610209193,3165.954865881143,1942.8450014920145,0.6923734947121396
0.9750000000000001,1280.5274301304894,2481.651227208628,7786.159148292871,34511.810945507415,155784.17416225997,111499.0993818923,16038.09540496167,6298.4918058519,3598.4805877493063,2044.9312454206963,0.7326911868118273
0.9750000000000001,1305.6236290361437,2765.4665628781613,8255.97326892809,37507.0332936711,168765.9284360786,120465.0410808002,17624.721172144782,7009.641722127992,3694.675306203655,2335.449239186441,0.7103463929033211
0.9750000000000001,1337.1046311880511,3110.1815674440813,8716.988188434603,39170.22208979684,177529.21302796665,126633.82456867774,18289.022835645937,7498.170616761118,3800.547860247287,2328.258018185444,0.7206441672448837
0.9750000000000001,1782.0687380066463,3324.7205589012474,9944.73059158914,45145.63113405184,203225.6109525237,144894.5230007805,20905.991021855665,8356.113368099823,4611.42114520369,2590.927549133805,0.7774581978423989
0.9750000000000001,2010.6805340717156,3934.208579760333,11976.204445310668,53566.0981724614,242321.3206479425,174480.73428443455,25115.89461053569,10126.39287937942,5383.844969865858,3319.4204012912314,0.7092561377136692
1.0,0.0,0.0,0.0,3.19182858432074,2.73585307227492,0.0,0.8583068462038964,0.8761882388331443,0.0,1.2069940024742292,0.6593657632027403
1.0,0.0,0.0,0.0,0.2601630393903918,0.0,0.0,0.0,0.0,1.9883889439122808,0.9756113977139697,0.7513962781190606
1.0,0.0,0.0,0.0,1.0040270163922669,2.0698403107163657,0.0,0.0,0.8959010300115611,0.0,0.7877750436308554,0.6842951858258842
1.0,74.49617477249247,178.8495549400049,546.827374874038,2688.812657655783,12063.975151692057,8735.826728676026,1241.472389572601,476.2468991697449,238.75975068345485,202.7353192560209,0.7677838264515061
1.0,405.639769670087,738.9021325398076,2131.129012939481,9578.734509825556,43098.8176629617,30782.348415169,4592.257472868338,1832.1272668133768,927.4096818087947,650.9517181287064,0.7193182338454096
1.0,853.2539600095097,1700.874331287182,5131.260403248385,23758.486812204268,106711.90722418796,76770.0873130647,10960.851076380755,4416.968298624193,2243.34197959034,1422.7158876527203,0.7245823428269337
1.0,1192.1141154129425,2187.9244362046184,6869.823867535748,30705.634622125766,139622.96146086304,100413.97496596028,14628.677420327427,5838.420001565491,3064.011014122884,1905.872555471314,0.680413349958925
1.0,1372.249034937442,2727.6891059833592,7829.209647061246,35139.71863467788,158478.38928596643,114181.26304707456,16513.068165089866,6620.123485760504,3585.525883895677,2052.722262821944,0.7223461794406095
1.0,1330.8650995688429,2806.50161361758,8434.680041531974,38509.80325967914,172490.43604058388,123743.74590670691,17575.006914648337,7217.628947057387,3734.009879132376,2260.497893178732,0.7588320717204813
1.0,1635.1567821557965,3144.409989407122,9160.756827582143,41166.33579559602,186098.837118268,133945.5067823341,19356.720826601053,7809.836903922805,4116.66537339165,2639.523936507373,0.7386448209277179
1.0,1750.1577746742753,3346.6820908838886,9961.899383605789,45587.90220978461,206784.3168343205,146573.96779421528,21037.475071103683,8486.087070475553,4579.0751581350505,2703.549821033984,0.6836524270718239
1.0,1807.8171311024548,3701.4230866779753,11088.639717113732,50312.54062963293,228622.0073730797,162708.751646861,23232.099919752567,9301.314653395531,4992.076008710006,3046.7188999098435,0.6528426139913172
1.0,2264.3251859413176,4570.481901147374,13524.365808674818,61383.5085772826,277980.58251753,198373.6330108336,28156.10515594119,11498.63527113238,6184.481738611874,3896.142156240799,0.6228825085061392
1.0,2582.737024113112,5070.7324986973545,15600.637849160432,69966.22240729004,316907.1878158261,227110.73525258247,32294.92271570847,13001.424033824907,6955.677414541311,4152.5633078284345,0.6944129552537467
