frequency,396.4220529720038,396.5512918825411,396.6805160464032,396.8097254596232,396.9389201182341,397.06810001826864,397.19726515575985,397.3264155267406,397.45555112724395,397.5846719533027,Max_Oxygen_LifeTime
0.2,3.055408953538801,0.0,16.38810256898084,9.999520211581531,7.916286834168712,0.0,0.0,12.08275358899435,0.0,0.0,0.45973694591830416
0.2,0.0,0.0,5.873009368954505,38.37032787716943,0.0,17.031727169968065,3.915339579303003,41.30683256164669,32.105784550284625,0.0,0.971616363897645
0.2,1.6593381881305782,0.0,24.890072821958675,65.89943090004296,27.73465257303966,23.70483125900826,0.0,29.868087386350407,24.415976196778505,0.0,0.9117780783164717
0.2,0.0,0.3008098103084968,42.11337344318955,130.55145767388765,11.430772791722877,8.121864878329413,37.3004164782536,69.18625637095427,24.967214255605235,9.926723740180394,0.9391676774955388
0.2,14.057880913177124,0.0,31.337359535624007,94.012078606872,9.957665646833798,12.593518318054508,19.03671373659402,34.85182976391829,53.30279846246326,0.0,0.8415457954533347
0.2,5.733064011884246,15.60667425457378,35.035391183737055,75.80384637935836,23.250759603752773,14.332660029710617,14.969667142142198,60.83417923721616,11.1476244675527,5.733064011884246,0.8653322467273351
0.2,0.0,27.076289857106943,58.723901378400775,103.73383776424087,33.054172033351335,47.823057409955126,0.0,39.3836943376101,74.89934726706207,18.63692678476192,0.7316352996703497
0.2,0.0,0.0,94.896942849415,92.18560162514603,48.41680757623215,5.810016909147859,53.83949002477016,74.3682164370926,63.91018600062645,0.0,0.6677301296999959
0.2,17.573329745553192,26.14568571899377,56.14893162603581,99.86794709058276,3.0003245907042038,68.15022998885263,0.0,41.14730867251479,91.2955911171422,4.71479578539232,0.7000370427067865
0.2,16.947435350169627,27.304201397495508,69.67278977291957,142.17015210420075,0.0,88.50327349533028,7.061431395904012,101.68461210101776,86.14946303002893,21.184294187712037,0.6751327152436368
0.2,31.11024808364467,49.980398560609466,59.67047583256436,139.7411143429285,1.0200081338899891,89.25071171537404,26.01020741419472,88.23070358148406,135.15107774042357,35.700284686149615,0.5234310677705861
0.2,22.94826866618386,63.107738832005616,152.60598663012266,153.75340006343188,17.78490821629249,44.74912389905853,44.17541718240393,75.15557988175213,109.00427616437334,16.637494782983296,0.6944522570889506
0.2,25.32235375773641,4.323328690345241,163.05125346444905,165.5217270017892,70.40849581419391,63.61469358650854,56.20327297448812,144.522701934398,67.93802227685377,71.02611419852894,0.6630253734709786
0.2,33.57714961323221,52.38035339664224,136.9947704219874,214.89375752468607,67.15429922646442,128.93625451481168,20.817832760203967,115.5053946695188,103.4176208087552,65.81121324193514,0.79822163316433
0.2,105.83991629961515,44.52575789156224,75.91276755282743,164.2343528787132,26.27749646059411,79.56241983902106,104.38005538513772,154.74525693460976,125.54803864506076,81.75221121073723,0.7036243975064377
0.2,76.05684557896379,84.23500101756204,216.7211191228538,298.5026735088363,173.37689529828302,226.5349056491717,90.77752536844064,218.35675021057344,319.76587764919185,165.1987398596848,0.7339582087744879
0.2,242.18673603203857,118.82570194830356,233.11607176117573,521.563195574615,157.8295583130139,319.2873823343729,325.6368473239769,423.6000214492959,300.23898736556094,275.7481938342312,0.7500676178642665
0.2,323.0293932139628,307.7921576850023,455.0854344649539,669.4225475723317,298.649816367626,528.2241650039642,456.1012501668846,345.3773386564382,573.9358715908459,376.8676254162899,0.6612667032813783
0.2,441.4867927564626,681.2188683930364,626.6264155253017,716.8226420024286,736.9981137144174,670.5377363102187,582.7150947403848,778.5358495920416,887.7207553275108,690.7132080222076,0.5525249130712094
0.2,684.0564267360543,642.4072347023093,869.5846457954639,1056.374961583169,559.1088506348193,875.8951294369404,795.120938826041,1003.366898994766,1103.072540530095,690.3669103775309,0.5601010204217014
0.225,16.70716852409231,28.1504346364843,44.857603160576616,81.70492004247883,40.28029671561981,3.432979833717598,30.667953181210542,63.62455958489948,43.0266805825939,22.199936258040463,0.8247662403650454
0.225,22.979521826005666,24.363830369740946,34.053990175887904,98.28590660520491,13.289362019858697,11.628191767376356,0.0,27.963032583452677,46.23590536075837,6.090957592435236,0.7810588398643363
0.225,0.0,11.490976845958896,94.34696778787308,66.22431392802628,0.3023941275252342,46.56869563888606,6.955064933080386,64.71234329040011,64.71234329040011,15.119706376261709,0.8336496532846075
0.225,0.0,0.3008098103084968,42.11337344318955,130.55145767388765,11.430772791722877,8.121864878329413,37.3004164782536,69.18625637095427,24.967214255605235,9.926723740180394,0.8326921862102807
0.225,0.0,42.15745650603189,46.27037909198623,107.62147433247168,0.0,30.50417584582796,18.50815163679449,65.8067613752693,83.28668236557522,0.0,0.6972630871582721
0.225,27.874826380656412,74.82190239018301,53.91578260469071,137.17348771533554,32.27611475654954,75.9222244841563,17.605153503572474,75.55545045283188,52.44868647939301,50.248042291446446,0.8245197440059927
0.225,0.0,20.85100903995172,53.67204178802387,123.56153505156573,0.0,11.583893911084289,16.60358127255415,61.00850793171059,59.46398874356601,39.77136909472272,0.8684417707442
0.225,41.46154814530841,14.511541850857943,50.99770421872935,159.6269603594374,56.80232095907253,64.26539962522804,7.048463184702431,114.8484883625043,59.70462932924412,8.292309629061682,0.7852449718092277
0.225,11.294709288115122,15.81259300336117,117.91676496792186,172.13136955087447,42.46810692331286,72.73792781546139,8.132190687442888,60.08785341277245,84.0326371035765,8.132190687442888,0.7001181046785798
0.225,62.53066571529101,93.29972344821198,89.32952245041572,100.74385031907995,87.84069707624212,88.83324732569119,51.61261297135131,106.2028766910498,76.92264433230243,0.0,0.8729390368811302
0.225,30.22036132432416,0.0,42.94472398719749,161.1752603963955,58.31999553816942,88.54035686249357,55.13890487245109,78.99708486533858,75.28581242200053,21.737452882408604,0.9409197834843136
0.225,37.24909547563158,45.39733511092598,137.93805668319817,154.81655307059373,103.01702967479356,64.02188284874177,0.0,113.49333777731496,84.39248193697777,33.75699277479111,0.8786739544765398
0.225,58.1464559873919,107.53968204119792,60.6473788255593,209.4522876965192,17.506459867171756,95.6602985599028,50.01845676334787,166.93659944767353,129.42275687516263,0.0,0.7488796733202973
0.25,6.232316295642625,28.134456420329567,38.106162493357765,47.18753766700845,0.1780661798755035,35.257103615349706,25.46346372219701,21.189875405184925,23.86086810331748,0.0,0.8907084191471129
0.25,0.0,23.113395463066038,38.66633446625065,63.507834263003865,29.809799756103857,25.921565005307706,25.05751283846411,32.40195625663463,29.59378671439296,23.977447629909623,0.9102083319707164
0.25,30.49353596674023,33.38516437737939,41.00854836906445,101.7327449924868,25.498905075636227,3.154503720697265,1.840127170406738,27.86478286615917,49.15768298086572,21.555775424764647,0.9443221441693939
0.25,44.45484394246749,55.86102100665324,53.52129237810232,126.93027809888748,53.81375845667118,18.4253629498385,1.1698643142754606,48.84183512100047,29.539073935455377,32.171268642575164,0.843301338754155
0.25,34.717293281444405,57.64380771258693,71.39971637127246,67.14193511977456,20.306341353297668,27.51181731737104,27.51181731737104,65.17680531139091,41.92276924551778,34.717293281444405,0.8709211639441403
0.25,32.05437550286381,48.59856931079352,91.33773664794526,99.60983355191014,17.922876625257185,33.433058320191286,46.18587438047044,50.32192283245286,95.4737850999277,7.927426199632985,0.8162583665516217
0.25,33.08406532435304,8.822417419827477,13.233626129741216,139.32067508810889,58.08091468053089,54.037306696443295,44.11208709913738,70.57933935861982,58.08091468053089,22.05604354956869,0.8839646218926953
0.25,8.925138344783564,86.00587859518707,156.18992103371235,113.18698173611882,0.0,87.62863102151135,34.077800952809966,77.89211646356564,80.32624510305207,24.746974501445337,0.8620823431292292
0.25,31.73647718845677,65.21193942833584,67.82041700546927,96.07892409108146,60.86447679978011,49.12632770267967,9.99916404567816,85.21026751969217,62.16871558834683,48.69158143982409,0.920458161603352
0.25,0.0,48.47318542870595,67.29772345927138,126.12440480478833,7.529815212226168,53.649933387111446,0.0,126.12440480478833,51.7674795840549,55.53238719016799,0.8298172285604452
0.25,84.1790618632701,54.46880473505713,47.53641140514077,90.12111328891272,65.85773663420544,68.82876234702674,0.0,172.3194913436353,39.11850521881376,0.0,0.8914172453042928
0.25,59.79145986736977,71.53621091274597,146.27553574695818,133.9969323813376,22.42179745026366,60.32531218761414,28.294172972951763,125.45529525742762,22.42179745026366,8.541637123909966,0.8738477512417712
0.25,4.034248313180676,72.61646963725217,63.97165182329357,168.86210796599113,54.75051282173774,134.85915789775402,75.49807557523836,152.1487935256712,96.24563832873898,0.0,0.9391192474088602
0.25,14.620914386979928,25.586600177214876,174.841767877635,164.4852868535242,161.43926302290336,77.3690052977688,130.9790247166952,171.18653928089,107.82924360397698,52.39160988667808,0.9311141893419929
0.25,20.22414097609029,107.86208520581484,147.63622912545907,192.1293392728577,53.25690457037109,50.560352440225714,48.53793834261669,155.7258855158952,166.51209403647667,70.784493416316,0.8825515117549522
0.25,89.76953158732323,103.30620698541163,169.564670776055,239.3854175661953,152.46571237846962,59.84635439154882,70.53320339003969,136.07921058078364,133.94184078108546,70.53320339003969,0.9153880401320287
0.25,27.67683320211711,50.117508771401255,236.37511599645964,242.35929614826875,9.724292746689796,108.46326525154002,67.32202670785243,209.44630531331867,127.16382822594348,136.14009845365712,0.8366406301068983
0.25,45.66274078002918,154.30857229113312,169.26705633976337,264.5289810705139,161.39416999837903,163.75603590079433,99.19836790144272,120.45516102318044,236.1865902415303,39.364431706921714,0.7023520808996986
0.25,92.51244450065896,128.6764000781893,148.01991120105433,285.1065335065762,105.1277778416579,144.6558223101213,148.8609334237876,237.16826681078024,216.983733465182,31.958844463864004,0.755610973873429
0.275,3.96051515226324,52.42967677758004,24.51747475210577,60.162111122474926,28.47798990436901,20.179767680579367,0.0,45.451626271211474,32.62710101626384,40.17093940152715,0.7349682530279553
0.275,11.90638464925299,29.53699268756992,47.396569661449405,97.76973548521204,15.340918682691353,13.509167198190893,40.06956372344756,43.50409775688592,50.14419688820009,10.303602100315087,0.7725901930008846
0.275,13.164207706897107,7.898524624138265,65.82103853448554,92.41273810241768,42.65203297034663,34.49022419207042,33.43708757551865,89.77989656103827,77.93210962483087,0.0,0.7802447031227839
0.275,17.813715177883715,46.315659462497656,64.12937464038137,89.95926164831276,39.4870686443089,32.064687320190686,42.75291642692092,90.25615690127748,50.175297751039125,11.875810118589142,0.7744336608163489
0.275,22.71427147078013,55.44954506102207,32.735273590241945,123.9263928773445,54.113411445093824,54.447444849075886,61.79617973668122,49.10291038536291,65.47054718048389,41.75417549775758,0.8173128926325012
0.275,23.263643287087326,31.85329619308881,48.67469980067503,142.4450773578578,25.05315430917097,18.968816834086592,0.0,110.94968336918572,88.40184449093185,9.305457314834932,0.7840962965634557
0.275,67.48878841433657,55.91928182902172,54.76233117049024,144.61883231643552,29.69506690230809,83.30044741426686,22.753362951119183,81.37219631671438,71.34529060944152,26.22421492671364,0.80167380927598
0.275,73.54979257962925,48.229372183363445,96.86065580158824,127.40592485105176,51.8465750971157,54.65995514114524,44.21025783474982,106.10461880339956,65.10965244754065,70.73641253559971,0.7916037598162216
0.275,22.57646664148053,34.07768549657438,96.6954325965298,192.11295198693813,39.18933832106055,26.83617732855233,52.82041251969029,140.99642374207653,104.36291183325903,46.00487542037542,0.766825166377979
0.275,0.0,92.82208109064553,117.19959733667363,141.57711358270177,46.41104054532276,57.193403500296746,96.1036698160724,148.6090894229022,81.10212135697817,0.0,0.8298172285604452
0.275,83.38634031323258,87.28745564952416,97.04024399025312,239.43095376489583,103.37955641172694,74.12119138954007,0.0,105.8177534969092,138.00195502131473,27.795446771077525,0.8419934897076728
0.275,44.93419558859146,74.89032598098575,93.48378622454084,167.34114219199574,48.03310562918397,120.85749158310804,40.28583052770268,94.00027123130624,139.45095182666313,37.18692048711017,0.7573560230931569
0.275,54.90853740555583,64.24298876450031,159.23475847611186,204.25975914866763,83.46097685644484,105.97347719272274,13.727134351388957,148.80213636905629,80.1664646121115,2.745426870277791,0.8159663184531726
0.275,44.69242980741947,70.2309611259449,138.1402375865693,261.1895248485554,155.552872576473,102.7345464404318,43.53158747475924,76.03517278924612,142.20318575088012,71.39180345860512,0.8465959102028908
0.275,53.50110907072121,154.20907908619645,110.77876701702274,161.13275202476038,37.13606394320649,69.86615419823595,83.08407526276706,76.78982713679987,49.09513538254417,45.94801131956057,0.8661823154686811
0.275,57.95532853546876,108.58297185380928,107.91681865225216,129.23372110207976,143.22293833477912,98.5906738304526,68.61377976038254,147.21985754412177,119.24142307872307,36.63842608564117,0.8753687785904483
0.275,31.310148924945597,188.55667463689457,89.05997916428969,167.68324202026415,6.957810872210131,116.1954415659092,20.17765152940938,179.51152050302142,93.23466568761576,21.569213703851407,0.8164756490907241
0.275,56.36722248057573,124.44711456750488,172.02983484331557,183.74250444966896,122.2509890163136,97.36156610281265,87.11298019725342,209.36396921356703,128.10732381949032,31.477799567074765,0.8361569321063043
0.275,101.90424676350806,107.43393457238058,159.5709910560359,284.38394445630155,71.88594151534288,22.90870663675762,75.8357185216804,233.0368433739137,162.7308126611059,84.52522793562295,0.7819711433974208
0.275,0.0,140.68780100307873,158.78798592745142,251.7571175844567,98.72828140566928,111.06931658137796,99.55101708404986,264.9208884385459,194.98835577619684,102.0192241191916,0.8320106428086772
0.275,98.04266249924356,63.33729524287415,208.2322035382164,186.54134900298556,156.1741526536623,170.92393373761928,80.68997887105886,288.05454822786606,183.93844645875785,37.30826980059711,0.8289673586522995
0.275,138.57025335332915,132.23043784043173,195.62859296940587,345.97278941811595,143.09869300539876,232.76179811637644,176.60914643071365,231.8561101859625,136.75887749250134,181.13758608278323,0.8365105221819555
0.275,155.25390931863316,296.22064906806696,229.5471910784699,312.41277457982625,297.1731270393469,169.54107888783253,54.291244362957606,283.8384354414275,165.7311670027127,72.38832581727681,0.773445122916722
0.30000000000000004,23.119811456250307,39.01468183242239,38.53301909375051,74.97883298658952,24.72535391848991,24.72535391848991,29.2208728127608,38.53301909375051,21.19316050156278,17.179304345963768,0.7407217240849905
0.30000000000000004,15.10986569926359,34.68884660535162,56.183162600078695,76.61340354556187,25.112171162156383,24.260911122761257,35.54010664474675,49.37308228491764,44.265522048546856,3.1922251477317443,0.867026873689901
0.30000000000000004,35.54404079862195,55.0682322232171,63.57877720316884,70.33715115783639,8.760855126420902,49.56140900089539,25.5316349398552,52.314820612056245,63.32846705669967,41.30117416741283,0.8479892845776956
0.30000000000000004,3.400707193787954,43.07562445464742,33.44028740558155,54.69470736675626,37.407779131667496,43.925801253094406,30.606364744091582,55.261491899054256,70.56467427110005,9.918729315214868,0.8758760872989872
0.30000000000000004,30.27042132899292,60.21181633919244,48.03784254383659,146.74573818185698,5.264421100694421,48.36686886262999,45.07660567469598,51.65713205056401,72.71481645334168,29.61236869140612,0.797632544766235
0.30000000000000004,37.203909930625386,23.11699257825267,91.74556429494028,114.86255687319296,22.033383551147075,62.126917554054046,35.3978948854494,10.47488726202074,62.48812056308925,33.95308284930861,0.7840962965634557
0.30000000000000004,51.49735752302265,0.0,74.05094475938293,155.99564505149195,48.49021255817461,98.85989071937924,1.8794656030300236,104.4982875284693,54.50450248787068,30.07144964848037,0.8105519957228438
0.30000000000000004,53.62848812966816,35.615866162451375,73.27862118481374,156.79168666918247,51.17222149777496,81.87555439643994,37.25337725038017,111.76013175114052,86.78808766022634,28.65644403875398,0.77806321886658
0.30000000000000004,0.0,79.68338382607169,103.93484846878916,216.96399617859737,46.33761994233517,23.81840277409752,61.4947853440336,101.33647725706945,82.71481690641137,29.881268934776884,0.6703456165782044
0.30000000000000004,23.922191901735445,50.14459456325315,122.8312545723724,180.7965657188852,56.58518469064346,4.600421519564509,41.86383582803703,115.47058014106918,115.93062229302562,28.982655573256405,0.7814791732500574
0.30000000000000004,0.0,23.197873749507774,140.1538205699428,233.428604604422,83.12571426906953,52.1952159363925,81.19255812327721,144.50342189797553,90.8583388522388,69.59362124852333,0.804430205528871
0.30000000000000004,3.109307597381113,121.2629962978634,166.34795645988953,232.16163393778976,0.0,82.3966513305995,47.15783189361354,129.55448322421304,116.08081696889488,47.15783189361354,0.8523502692667881
0.30000000000000004,61.41415776863632,130.08635236447512,118.36183133591727,226.674073218785,22.332421006776844,127.85311026379745,59.18091566795864,142.9274944433718,122.2700050121032,108.87055240803711,0.8192687141174579
0.30000000000000004,4.023643824762363,76.4492326704849,102.89032066178044,213.2531227124053,0.0,62.079076153476464,23.56705668789384,101.74070814041976,132.78024621715798,54.60659476463207,0.7077329333746215
0.30000000000000004,52.45129612046495,75.9001108566728,90.0928145127986,246.2125547301825,0.0,117.86114775304476,122.79774032908853,156.1197402173839,141.9270365612581,67.26107384859623,0.7396000724320938
0.30000000000000004,116.08276060680018,144.61707047662816,163.42377470901476,313.87740856810774,29.182816912324068,128.4043944142259,0.0,121.919323989265,127.10738032923372,68.74174650458558,0.8241658209092182
0.30000000000000004,41.53449826711103,102.81490554645518,119.1563474876136,247.8452027742363,85.79257019108181,93.2823977474461,104.85758578909996,169.5424601395188,102.13401213224024,21.78858925487792,0.8088869096929134
0.30000000000000004,59.67329909554923,160.32705660611418,165.35974448164245,243.0069288469354,56.07852204160048,92.02629258108796,178.30094187585792,111.4380886724112,174.7061648219092,73.33345190055446,0.7500953902929088
0.30000000000000004,28.99031803590485,86.20805100150653,136.559656011236,408.153161821292,73.23869819597014,0.0,31.27902735452892,160.2096523036847,160.2096523036847,86.97095410771455,0.8399572348441947
0.30000000000000004,87.05626312025034,226.8254929004688,149.35340553657628,245.99384441318443,154.944174727785,195.67692169230577,99.03648281569762,194.0795590662462,217.24131714411092,63.89450504238556,0.7962337857581046
0.30000000000000004,0.0,216.9104329068913,168.7081144831377,258.4641556859893,54.01983961282733,108.87075368123664,63.161658624228885,249.32233667458772,241.0115921187681,0.0,0.8213576247342389
0.30000000000000004,43.73332583494296,192.42663367374905,116.33064672094828,316.6292790449871,46.35732538503954,137.32264312172092,75.22132043610189,171.43463727297643,168.81063772287985,69.97332133590874,0.7957711616736298
0.30000000000000004,124.39746714314738,86.2610173620365,283.29934123110934,314.1717053396277,137.10961707018433,111.6853172161104,171.61402401499893,237.8988057774059,217.01455946870237,82.62897452574022,0.8035843122847343
0.30000000000000004,83.6665636932063,2.8850539204553893,200.99208979172548,536.6200292047024,151.94617314398386,244.26789859855631,229.84262899627936,399.0991256629956,268.3100146023512,11.540215681821556,0.7433503506397324
0.30000000000000004,136.64224921059724,50.98591388455121,277.3633715319586,432.3605497409942,69.34084288298965,210.06196520435097,102.99154604679345,259.0084425335201,309.99435641807133,233.51548559124453,0.7786844305942255
0.30000000000000004,101.7314154505841,188.6269994812913,444.0152403520285,439.7764313749208,215.1195555882143,292.4778194204292,232.07479149664496,365.5972742755366,344.4032293899982,198.1643196797836,0.8174794864497246
0.30000000000000004,162.5992819017399,153.81013152867288,327.39585139674654,602.0568005550911,259.2799360054771,352.6646587193142,188.96673302094095,394.4131229913826,239.50434766607637,238.40570386944296,0.8171196267616777
0.325,25.87330497971056,11.616585909257802,42.59414833394528,79.02798595843566,48.57845016598718,41.89011282429329,12.144612541496794,17.424878863886704,38.54594415344634,17.07286110906071,0.6904838691894314
0.325,31.152247683198187,18.490366366801503,55.47109910040452,85.81941781113308,29.946354224493746,31.755194412550413,21.304117770445213,43.81412899959487,58.88779723340045,4.823573834817784,0.7902560967884147
0.325,28.0741964118904,37.05793926369533,27.62500926930015,67.37807138853697,12.5772399925269,43.79574640254903,29.421757839661137,37.282532834990455,49.85977282751736,33.46444212297336,0.7698843571903901
0.325,19.274402088324045,43.90280475673811,63.444906874066646,72.27900783121517,6.424800696108015,49.25680533682812,15.526601682261036,74.95600812126017,54.87850594592263,35.60410385759858,0.8540364758011214
0.325,49.94108838030986,43.04133274881968,53.55524609204282,119.59576427916308,56.1837244278486,20.699266894470536,24.64198439817921,68.66899652292607,117.62440552730877,31.213180237693667,0.911080856110562
0.325,36.53350954724012,45.21473953866352,66.91781451722201,114.30286155374138,31.107740802600503,61.13032785627308,20.256203313321254,83.19512075114088,34.72491996569358,49.91707245068452,0.8393893428768292
0.325,35.19295444804073,52.78943167206109,98.78022441665976,132.77341905397185,0.0,85.58286649864449,39.991993690955375,77.98438769736298,51.18975192442288,0.0,0.853862127489083
0.325,14.34942877909297,82.72023649124182,134.63140530972518,170.50497725745765,46.0025804976804,63.30630343717486,0.0,64.99447152883285,83.56432053707081,64.15038748300385,0.7881536447098433
0.325,57.519400993104746,78.35319977800883,116.39752799392063,169.84075096389196,17.210529431007718,72.46538707792723,66.57757437784565,97.37536388596472,104.62190259375744,94.2050032013054,0.8422857745123126
0.325,49.43205198981721,32.95470132654481,136.05583833387786,180.78007584847435,96.039415294502,52.25674067494962,67.32174699565581,119.57848767060544,54.61064791255996,23.06829092858137,0.8507270960130764
0.325,8.075477642241212,119.11329522305788,118.6085778704178,214.0001575193921,53.500039379848026,35.83493203744538,95.8962970016144,169.58503048706544,101.95290523329533,34.32077997952516,0.7855066817485893
0.325,76.81232423606296,152.54278475049122,135.77389706515353,130.3645784569801,48.68386747356103,94.66307564303531,75.18952865361092,121.16873682308524,136.85576078678824,40.02895770048352,0.7770964449164884
0.325,0.0,53.049625956586645,169.30731688272334,271.4560647352998,26.524812978293323,93.11902428549784,67.15856903014692,118.51512181790632,111.17847141965498,28.782243870062963,0.7981384129485255
0.325,45.41761765778469,71.8089360264974,192.7179992505999,144.84537523293494,96.35899962529994,45.41761765778469,112.93029255449166,140.54911410314452,157.12040703233623,0.0,0.786338007417429
0.325,24.47873514711993,103.20764007974893,187.22924450364707,236.1867147978869,89.97589135157598,136.9485993365899,80.71366724185492,222.954966069714,159.4425721744839,21.1707979650767,0.8731201779845464
0.325,195.1792280220556,124.9147059341156,87.29834562441033,256.2170956944076,105.04191180823358,168.91875006999723,52.52095590411679,251.95863981029,111.42959563440996,161.111580949115,0.8598952948851466
0.325,9.611325288357127,80.58726587930207,124.20789603415363,318.6523999447632,57.66795173014277,126.42589417762068,0.0,97.5919183125493,178.17918419185136,55.44995358667574,0.7899872613901785
0.325,94.80367500111254,122.0014506161858,268.86943893758144,370.6668276682842,111.1223403701565,152.3075434444103,142.9825918049566,223.0217600436008,110.34526106686867,89.36411987809788,0.9136288311130605
0.325,96.0087631861675,148.97911528888062,69.52358713481095,260.7134517555411,116.7003069762898,114.21732172147512,84.42149866369901,344.3072886676352,213.53673191406224,66.21294012839138,0.8563762312848724
0.325,155.02917160882978,290.89743436713,184.64148528692084,313.5421448268468,168.09342764328173,162.86772522950096,119.32020511466114,240.3823110339158,179.41578287314007,224.7052037925735,1.0
0.325,69.75159802043372,315.2772230523604,154.38353695189332,475.2408878458885,52.08119318859051,126.48289774371982,125.55287643678068,367.3584162409509,186.9342826947624,42.78098011919935,0.8517081958335102
0.325,153.7934897199827,373.2185960720599,273.3018065724533,431.993178130652,167.50755886698752,187.09908621985156,239.01663370494128,207.6701899403588,228.241293660866,100.89636586724978,0.8584751997628941
0.35000000000000003,19.879962690919008,55.89777744858404,53.3250763944651,103.60968790678965,22.920427573059563,29.23523925135148,6.548693592302732,33.21123178953528,75.3099763114814,21.51713608899469,0.8523549816245227
0.35000000000000003,17.59525474486157,30.98865761035321,64.86608838777325,90.0771996639928,34.40266226234127,27.837268700825767,33.3521992924988,69.85578749452503,33.61481503495942,0.0,0.7463067162827757
0.35000000000000003,7.645896374182961,17.644376248114526,57.93236868130936,124.3928525492074,53.52127461928072,42.64057593294344,28.23100199698324,69.4012132425838,55.87385811902933,38.81762774585195,0.6192042971891081
0.35000000000000003,49.4630941481332,20.348741263472515,61.98539646411628,85.46471330658457,39.7583098532463,31.93187090575687,57.28953309562262,67.93349006420824,80.14273482229176,41.636655200643766,0.5540864987958815
0.35000000000000003,22.32420974997876,31.04460418356421,75.34420790617831,134.6428900545594,47.09012994136145,27.20763063278661,54.76407704291665,48.136577273391694,96.6219703241268,68.01907658196653,0.7302500020489329
0.35000000000000003,21.34984117809413,79.5097533529023,58.5280128847753,101.96389666089784,41.227279516319705,65.52192637415096,68.46673205388808,66.25812779408524,54.47890507513676,52.638401525301056,0.6804298684094228
0.35000000000000003,26.703869239901167,0.7740251953594541,77.40251953594542,173.76865635819746,65.40512900787387,50.69865029604424,66.17915420323332,116.10377930391812,104.10638877584658,22.44673066542417,0.8338688810904584
0.35000000000000003,16.05483217291188,80.6858232279674,83.97912213523136,183.60141407996664,60.926029784383545,91.38904467657532,73.27590068662346,67.5126275989115,100.03395430814328,1.2349870902239908,0.7947853517880402
0.35000000000000003,0.0,54.636809570345925,48.08039242190441,128.06868163289084,46.76910899221611,107.96233571100356,72.12058863285662,112.33328047663124,60.756132242224666,32.78208574220756,0.872504444314464
0.35000000000000003,27.11367071410341,123.41394945729829,121.5440411321877,158.94220763439932,81.34101214231025,61.23949764737149,23.37385406388225,94.4303704180843,105.64982036874778,13.089358275774062,0.8146116015808736
0.35000000000000003,90.96227529276322,52.68853104389564,151.60379215460537,203.2981999712577,53.1855926575173,72.57099558876192,19.385402931244624,103.88587724692631,147.13023763201045,94.93876820173648,0.8459107878036762
0.35000000000000003,13.879334814832625,145.1991949859413,110.50085794885972,155.87560638196638,19.751361082646422,127.58311618249988,108.89939623945595,117.44052535627604,91.81713800581582,37.36743988608783,0.8494062754673287
0.35000000000000003,58.36269355937303,100.96745985771534,128.98155276621438,176.83896148490027,149.99212244758868,120.22714873230842,123.14528341027707,114.39087937637112,101.55108679330908,42.02113936274858,0.794213019500791
0.35000000000000003,44.81288951283005,154.0826749002787,165.74630367759065,283.6103418483217,41.74351351880061,101.28940780297204,62.6152702782009,201.96494040713824,139.3496701289373,100.67553260416616,0.9166130334041646
0.35000000000000003,64.60575071854777,128.52420621668543,107.21805438397288,225.43283229450708,50.17255108993602,98.9705117390519,17.182380510252063,180.07134774744162,180.07134774744162,112.71641614725354,0.8443615931248561
0.35000000000000003,85.21853964907243,141.28336836556744,130.07040262226846,307.98279241594594,77.74322915353976,135.3031199691413,144.2734925637805,201.0858523298288,346.85440699271584,31.396304081237208,0.5672028010280062
0.35000000000000003,115.22997168046868,128.83351000385733,97.6253926737304,303.27888379790016,112.8293472704589,160.8418354706542,160.8418354706542,192.85016093745105,159.24141919731434,137.6357995072265,0.5053471891170971
0.35000000000000003,90.15012388143744,208.63314383989808,119.34159256685528,269.5917990359177,201.7645629727409,270.4503716443123,224.94602339939627,200.90599036434628,234.39032209173732,134.79589951795884,0.582362436670972
0.35000000000000003,220.0260449954327,276.0148153737348,311.37614403371504,465.5908273564067,199.3986032771109,237.70670932542285,184.66471633545245,364.4181370236854,372.2762100592366,399.7794656836657,0.6153543183338227
0.35000000000000003,166.94756095837712,333.89512191675425,512.4656143342589,567.4103812319527,343.40479311058584,340.234902712642,426.8785735897744,464.9172583651009,413.142381865351,304.3094782026115,0.6006659417228113
0.35000000000000003,264.3551025821204,467.3619746072085,378.1281847060709,767.410593149784,190.73722591368175,447.2843718794526,433.899303394282,414.93712304029015,484.0933102136719,393.74409793877,0.6004280235961192
0.35000000000000003,366.7306444513913,536.0846629854225,558.0153991984624,620.1524851354092,543.3949083897692,537.3030372194802,526.3376691129603,607.9687427948313,877.2294485216004,537.3030372194802,0.5690224900158267
0.375,16.31535333162381,15.79740560681036,56.1973281422598,104.10749268750432,23.04867375419872,24.34354306623236,73.80755078591724,82.8716359701527,41.694791847483074,20.71790899253817,0.45973694591830416
0.375,23.4059813403858,67.87734588711882,26.916878541443676,129.61062167238637,28.96490190872743,70.80309355466706,52.07830848235841,64.9515982195706,71.38824308817671,26.039154241179205,0.5843958185975948
0.375,32.23589504180295,51.19818624286351,53.4104535496539,156.75494059543394,40.7689260822802,45.193460695861,50.250071682810486,94.17937963193413,49.93403349612614,30.97174229506558,0.5565096326650063
0.375,73.851045357194,78.42277673644887,75.25773193542626,125.89844875178788,15.825224005113,60.1358512194294,19.341940450693667,69.27931397793913,48.88235859357126,33.760477877574395,0.45284481909635943
0.375,29.526121986737632,100.53831410673952,66.15346318547545,153.9843323865304,48.96103772484341,59.79974073263317,77.73966295242313,51.20352800231717,61.294734250949006,12.333696526105593,0.5545697635220345
0.375,48.45115504770843,80.20905499494589,154.71797410192607,182.40434841490236,46.008239667151706,48.85830761113456,37.45803583520316,114.8170228861662,132.73173567691552,51.30122299169128,0.47333689335885143
0.375,13.928216483187072,56.13493309890547,122.39947818558336,246.48722503579543,97.91958254846668,112.69193336396812,23.635761304802305,126.198082680998,108.89332886855348,0.0,0.6010148331222689
0.375,45.47248355674868,131.26077727721267,132.66714274803996,194.07843497416445,102.19589088011558,80.16283183715488,86.25708221073975,129.38562331610962,107.35256427314894,67.03675410943362,0.45973694591830416
0.375,46.01621508031918,96.92777219045954,98.88590900238802,220.7799255449356,79.30454088310326,143.43352147376083,86.64755392783505,87.62662233379929,118.9568113246549,10.769752465606617,0.5700746016935583
0.375,57.53013351755301,93.42049204226498,118.22706337552178,247.01011455242943,72.83631582956252,96.58728838268074,63.86372619838454,152.0062243399566,103.44868045358156,48.557543886375015,0.5375525654655853
0.375,38.47062039734546,112.54091937133896,99.90877536027033,233.69466420477025,80.96055934366731,81.5347477078068,89.57338480575959,154.45666995352136,87.27663134920164,58.567213142227416,0.5236081754723285
0.375,0.0,86.71012009458452,159.4738572368932,279.5340235217025,120.66653076099524,110.35833466583485,33.350046190224816,174.02660466535494,174.63296914154083,32.137317237853004,0.6013944016440795
0.375,67.14937227049462,1.9749815373674893,256.7475998577736,339.03849724808566,127.0571455706418,146.8069609443167,0.0,159.97350452676665,101.38238558486444,81.63257021118955,0.5569846167761031
0.375,55.44077382833355,37.89622514848116,181.05974237607663,291.23950808554963,134.74213386126632,60.35324745869221,13.333856996687812,157.9009381186715,206.32389247506407,0.0,0.6178536516632939
0.375,145.87260626923177,125.35927101262104,239.3222446604584,351.7657119929912,150.43112521514524,126.1190241702733,72.93630313461588,174.74322626001722,177.7822388906262,152.710384688102,0.6236118095029126
0.375,180.1185959239247,68.89328784186982,244.86168570303127,425.8103212395086,149.4071302594767,163.5178036728717,123.6759022703446,255.6522006662157,186.75891282434588,73.04348590463304,0.6901408819186805
0.375,168.56087983501754,196.65435980752048,224.74783978002336,512.0263285311017,183.9669817554224,219.31039204340996,227.46656364833007,387.8712718784275,363.40275706366685,205.71677270187624,0.7005711035186568
0.4,30.11029363551352,41.791010994117904,83.32245049137794,96.3010253342717,31.14857962294503,43.34843997526516,45.16544045327029,65.67158870504242,51.91429937157504,17.910433283193388,0.9743644205180163
0.4,49.27838647830462,64.71498947150847,80.15159246471232,105.38450120360324,65.90242047098569,29.9826327367998,31.763779236015623,62.63698522242333,48.98152872843531,53.73125272634419,0.7248558477265435
0.4,47.41503409886071,73.12600329331335,66.4478294765724,127.55311989975203,50.086303625557086,37.397773373749295,92.15879867102504,74.1277293658245,63.10874256820193,30.051782175334253,0.8291139271257634
0.4,35.48452337880165,66.26191610531326,84.36626476796717,179.95722570677975,51.05426322868399,49.96800230892476,74.22782951688099,106.09148316315184,93.41843909929412,44.17461073687552,0.8373113939085657
0.4,48.17184981448501,69.888667353802,78.18054314154122,153.99197891515698,47.38214735850984,55.674023146249056,52.91006455033599,74.626882089653,115.69140980036153,45.013039990584346,0.9038360119441948
0.4,23.756992658130727,77.93960749246396,78.77318618222294,176.30189288402275,77.10602880270498,70.4373992846332,36.260673004515326,80.0235542168614,112.11633377258184,82.52429028613831,0.8914680187822625
0.4,36.84579479384123,79.08365711848847,93.01316490640409,204.89856617062924,79.08365711848847,84.47572464929452,106.04399477251864,99.7532493199116,114.1320960687277,72.79291166588145,0.8359040809206278
0.4,30.291118450280138,128.98153662699931,106.99604742921532,156.34125651757492,117.74450881479862,111.88171169538955,23.45118847763624,94.7818867637798,127.02727092052962,0.9771328532348432,0.8708120897313306
0.4,42.79275410365392,96.28369673322132,85.07607065845481,170.66157886576266,51.45319243415531,116.66119868734224,35.15119087085858,131.4348876040799,71.83069438827623,46.8682544944781,0.8537678237425901
0.4,95.57022822471676,147.99732485084712,149.6356716204137,221.1768138914874,168.20360167550152,90.65518791601706,64.44163960295188,131.6138571551814,138.7133598233032,68.81056432179608,0.8770497712764139
0.4,8.548725393436458,180.74447974694223,167.9213916567875,246.0811666824923,46.407366421512194,148.38144790036137,102.58470472123749,124.56714144721694,220.43499050218293,67.77917990510333,0.8785762174611224
0.4,82.2561529288628,141.01054787805052,118.81444311946848,263.08912405025166,179.5273179002958,156.02555992062074,144.9275075413297,175.61035823701664,133.17662855149214,102.49377785580523,0.8372462050235656
0.4,177.69081104025497,148.7807981329119,240.4466927171704,295.4462294677255,219.29302473618768,127.62713015192918,92.37101685029128,207.3059462136308,126.92200788589642,116.34517389540504,0.8939331446856179
0.4,66.3249479599692,161.2902143571978,219.32454382217085,287.15687696304843,131.8962033294842,198.2211512894534,33.9161665704388,293.9401102771362,150.73851809083908,118.32973670130868,0.8182358075795448
0.4,95.081464970523,199.0264563366032,223.19971014266835,340.8428786655188,143.42797258265333,146.65107309012868,107.16809187355555,244.955638568127,160.34925024689895,66.87933553011364,0.8137164261077712
0.4,88.30139335152985,213.8278839002733,255.38148077158144,354.9369732757572,234.60468233592735,203.43948468244625,247.5901813582112,236.3360822055652,328.10027529637074,201.7080848128084,0.7949590313398263
0.4,94.92149117517712,0.0,254.0545793217976,329.4334105491441,185.18996807706125,262.430005013725,188.9123794956957,259.6381964497492,375.0329504274155,147.96585389071728,0.7857342037393725
0.42500000000000004,37.29208952678016,57.8407919190876,36.53102647521322,105.026701116238,42.36584320389311,2.029501470845179,17.25076250218402,35.51627573979063,67.22723622174655,10.401195038081545,0.8050210241815935
0.42500000000000004,36.18274491613896,41.95982183552248,62.939732753283735,125.57540882659993,16.41906071824793,42.56793519545759,59.291052593673086,53.209918994322,74.49388659205079,41.95982183552248,0.7768435192056238
0.42500000000000004,60.91034258519304,56.35020998523206,68.40198899941464,122.79785644180627,58.95600004235262,58.63027628521255,48.85856357101046,102.60298349912196,24.755005542645296,24.755005542645296,0.7826324058125824
0.42500000000000004,49.95784517048586,63.16098996554284,90.99464656052784,132.03144795056977,92.7788553166166,73.15255899964001,51.74205392657464,44.60521890221952,94.5630640727054,31.40207410716254,0.8461608306977746
0.42500000000000004,46.24718088981859,123.32581570618292,115.81558974971664,211.8674269824168,44.27080563811694,60.47708270207046,57.71015734968815,69.56840885989804,79.84556016874663,64.42983320547377,0.7824619773550663
0.42500000000000004,40.98888552059292,110.7122474886118,74.37158609922015,190.99975520936084,84.93573185195028,95.92244343478964,19.015462354914245,76.90698107987538,89.58395598315154,98.88040424555406,0.9110407803032047
0.42500000000000004,60.5756482035122,100.51070516730913,59.229522687878585,211.79041445968707,61.92177371914579,34.10184639605131,28.71734433351689,129.22804950082602,58.33210567745618,87.94686702139549,0.7947839548334689
0.42500000000000004,26.52727476089809,120.79384042908951,137.37338715465083,180.4802086411102,44.52792549150751,63.475978892149,49.73864017668392,135.00488047957066,148.74221919503572,55.896757531892405,0.852644416160131
0.42500000000000004,35.59816318047585,90.01249832777465,110.86285104776766,177.99081590237927,80.85868493850944,96.62358577557733,88.99540795118963,164.26009581848143,155.1062824292162,71.70487154924422,0.7565355482554537
0.42500000000000004,37.81091588475668,89.66588624099442,109.1115001245836,246.3111091921293,102.08947288884306,80.48323524041066,170.14912148140507,149.6231957153943,96.14775753552414,92.90682188825927,0.8616430387169728
0.42500000000000004,103.38722165060652,98.71435287543788,118.57404516990468,188.66707679743453,44.39225336410224,62.49961986788079,68.9248144337377,121.49458815438508,142.52249764264403,45.56047055789441,0.8594104259235139
0.42500000000000004,128.0567845195451,200.0489071598864,152.90362330691954,252.9280768868627,153.54072173736503,153.54072173736503,73.26631950123227,93.0163708450427,151.62942644602853,141.43585155890057,0.8319714442634475
0.42500000000000004,116.27459980698852,196.98285143772176,80.02428339657446,283.16284894172503,119.01047274362357,134.0577738951162,169.6241220713715,149.10507504660885,193.563010266928,99.85936218717838,0.8606791711072438
0.42500000000000004,101.11727178432172,172.40858570420323,245.88228678489745,364.4586558557208,72.74623869375664,139.67277829201277,131.67069203569957,125.850992940199,212.4190169857694,164.40649944789,0.8722505059127653
0.42500000000000004,138.222067811064,102.09584554226318,128.0124832568377,435.08537254164463,167.28011615770814,129.58318857287253,176.70434805391707,257.5956718297102,226.96691816703125,97.38372959415872,0.8111144096326467
0.42500000000000004,186.2363845434245,136.74112919179368,230.6982240965844,334.722150598317,175.33065031340416,238.2483477942908,175.33065031340416,234.8927372619769,281.8712847143722,164.4249160833838,0.8369905623372914
0.42500000000000004,195.7767550776176,351.8568409229072,183.14599668551324,448.3919229197048,211.11410455374428,161.49326801333433,235.4734243099456,350.95464389489973,230.0602421419009,222.8426659178412,0.9003047343044643
0.42500000000000004,154.77770889353638,244.9014381226841,315.4330523020172,475.10878995800726,296.8205430046932,207.67641952803612,336.0047731043226,347.76004213421146,266.4527646774804,204.73760227056397,0.8910419476384728
0.42500000000000004,296.8588136700239,359.13688646793105,430.7566701855242,580.2240449005012,313.4662997494658,468.1235138642685,439.0604132252451,428.6807344255939,587.4898200602571,335.26362522873325,0.8319100900187415
0.42500000000000004,275.8721322776695,366.3032461778184,573.493519797147,684.5291912947982,465.8919412324128,532.2844046021423,643.3200760997936,718.8701206239687,770.3815146177243,426.9722213260196,0.8515332226171272
0.42500000000000004,568.2493587948588,735.7464405357016,580.6565500349212,813.9117453480948,430.529536030166,574.4529544148901,522.3427512066279,625.322438499146,893.3177692844944,634.0074723671897,0.833292264809196
0.45,22.68857618367637,0.0,27.226291420411645,12.403088313743082,0.0,0.0,0.0,0.0,0.0,6.504058505987226,0.8511489064454287
0.45,32.567664761380186,0.0,1.3429964850053684,0.0,30.217420912620785,0.0,0.0,7.554355228155196,0.0,0.0,0.930240492867139
0.45,0.0,0.0,63.86057637573086,9.762126324952488,24.8120710759209,0.0,0.0,0.0,0.0,0.0,0.7871852803205086
0.45,17.7176345359774,11.883779261936064,8.642748554135318,42.56553662911644,0.0,11.883779261936064,0.0,11.883779261936064,12.53198540349621,0.0,0.8766407429783756
0.45,7.25591631838956,0.0,51.54202626166377,4.753876208600056,24.019585053979235,0.0,0.0,11.259180494052766,19.515912856358124,38.03100966880045,0.8629169914369046
0.45,52.74236896046296,0.0,31.909133221080086,8.438779033674074,0.0,11.60332117130185,3.9556776720347218,8.702490878476388,5.801660585650925,0.0,0.8997764060861648
0.45,13.915213587694131,68.4164668061628,38.55673764923582,51.312350104622105,30.439529723080916,0.0,32.46883170461964,10.146509907693638,0.0,4.928304812308338,0.9268319237168208
0.45,75.6456059547167,0.0,35.63470693734588,5.626532674317771,10.940480200062334,13.441161388648007,0.0,0.0,0.0,0.0,0.8323165618899174
0.45,77.42633509142115,0.0,43.7028646960466,0.0,51.27343968276335,0.0,17.205852242538032,26.15289540865781,0.0,0.0,0.7962666824138577
0.45,30.417339002625088,55.95288285668072,97.63590297138916,20.653748705486173,89.37440348919472,0.0,0.0,20.653748705486173,60.834678005250176,10.514635704611145,0.8382227600851322
0.45,75.1541153081719,27.81947914722385,56.88460661447265,0.0,34.46293685402358,38.199881814098426,7.058673813474709,61.86719989457245,35.29336906737355,0.0,0.8352138456676882
0.45,26.02500678118105,31.047376510882657,57.52896235840022,0.0,3.196053464355568,14.610530122768312,0.0,14.1539510564318,59.81185769008277,11.414476658412742,0.8194193883673982
0.45,114.50473941409744,31.587514321130328,128.8178318408596,21.716416095777102,38.49728307887759,20.235751361974117,11.351762959156211,54.784595150710416,89.82699385071436,107.59497065635016,0.8533218692787569
0.45,18.755169665737625,149.53446084844862,128.75170527290152,12.672411936309205,113.54481094933048,48.15516535797498,24.33103091771368,6.082757729428419,0.0,0.0,0.8158148264909361
0.45,178.9850621638645,77.26373801483592,87.26911416064202,42.2449215045146,73.372758402578,8.893667685160969,35.018816510321315,53.36200611096582,30.01612843741827,0.0,0.726130259292322
0.45,107.96331806428672,154.82651656471887,121.01382903909062,110.92934328583308,74.74383558296773,0.0,123.97985426063696,3.5592302658556068,86.60793646915309,32.033072392700454,0.7758196920968995
0.45,214.7889021223202,137.98938188672315,119.88217792873688,85.54092904290077,39.33633963286678,69.306884115051,20.60474933150165,72.42881583194519,69.306884115051,0.0,0.8019852126575849
0.45,160.58687624729473,140.4266190560759,89.67838543680095,96.63019826135915,82.72657261224273,94.5446544139917,0.0,84.8121164596102,123.7422682771362,31.97833899296778,0.8691078051561709
0.45,137.2497278787805,165.87400267702884,248.07704825148565,168.80982573325946,2.9358230562306,0.0,35.96383243882484,121.1027010695122,104.22171849618628,37.43174396694014,0.7500379633126585
0.45,340.80628716695486,121.60224330839704,277.60512123693275,130.40240565308366,346.40639047721,88.00162344686629,0.0,324.0059772361895,184.8034092384192,175.2032321351247,0.7778348447335088
0.45,295.20093464472586,120.0365246296325,390.3409949067309,274.7502674856033,174.27525057339238,237.40557093416209,176.94272889849532,320.9865584540543,272.08278916050034,244.51884646776992,0.7778092804648814
0.45,587.4695999271408,317.6612048132893,686.2296539876827,436.7841566182729,470.3829378966016,535.5442106788147,361.4414349638389,455.1107645882704,563.034122633811,519.2538924832614,0.8031025678448216
0.45,824.7210393310678,475.3028529097738,649.4237000153344,608.2464726592896,840.0154380633129,680.0124974798248,907.0754940431572,542.362908889618,895.3105719414302,635.305793493262,0.729228648649962
0.45,790.356799089973,895.6465456815438,1208.780986843488,1031.0190770135634,1242.9659695030891,1258.0073618733134,966.7513096135136,1106.2260388646853,1521.9154280054324,1225.1897785200963,0.7190216883293316
0.45,1229.7625578185384,1212.6175791924245,1476.0267962663577,1524.3444633035876,1184.5621596224198,1617.862528536937,1558.6344205558155,1580.455302443597,2077.659682600902,1516.5512912008087,0.7524188488641564
0.45,1470.9001596807616,1247.3642885459822,1767.8104007300103,1994.75903325616,1476.0193017678175,1975.9888456036217,1523.797961247007,2103.967397780022,2185.8736711729184,2109.086539867078,0.9187355494140683
0.45,1699.1604881166331,1457.9003782420605,2124.8122533953438,2107.579388404303,1637.122174148886,1826.683689050336,1821.513829553024,2164.447842874738,2061.050652928492,1981.779473969704,0.7704084246972513
0.45,1905.7759586791328,1384.042616379142,1916.6454033103828,2188.381519091628,1552.5190081635142,1838.7477167864256,2159.396333408295,2065.1944799374637,2657.579212340578,2300.699113614543,0.7883502805622419
0.45,1903.1981882671728,1086.7642657502731,1707.2540468631166,2042.8991038978425,1467.766762924826,2004.7988541803868,2015.684639813945,2369.472672904602,2570.859707125437,2080.999353615297,0.7915159891606007
0.47500000000000003,23.761084486748555,1.3534794960806138,37.89742589025718,30.07732213512475,10.075902915266791,12.632475296752396,0.0,15.790594120940495,1.6542527174318613,0.0,0.768295111824054
0.47500000000000003,4.873105521525938,24.040653906194628,29.725943681308223,10.883268998074596,10.233521595204468,14.619316564577812,0.0,23.06603280188944,9.421337341616812,0.0,0.7754786713083507
0.47500000000000003,39.75305974266321,0.0,35.2313847008437,21.85476270212764,0.0,4.898481295304471,0.0,2.260837520909756,0.0,0.0,0.7255601761019314
0.47500000000000003,26.82669758427781,32.96500974339222,51.8346360102995,11.139899844318752,57.06356859028585,10.912554949536736,0.0,7.047691738242476,16.14148752952309,0.0,0.717434999389859
0.47500000000000003,9.848274683836827,0.0,31.56498296101548,30.807423369951103,26.767105550941125,0.0,0.0,2.777718500569362,18.181430185544915,0.0,0.6477553245344658
0.47500000000000003,47.82539731916831,49.12500050718919,30.67063523729272,0.0,6.238095302500215,1.5595238256250537,2.599206376041756,29.111111411667665,0.0,0.0,0.6307757807813782
0.47500000000000003,0.0,52.19662562599114,39.43745047297108,51.036700612080224,63.50589451162256,12.1792126460646,0.0,23.77846278517374,53.93651314685751,0.0,0.6686732873388289
0.47500000000000003,22.764263661750316,0.0,53.32450802957951,17.774836009859836,25.570816715938708,0.0,0.0,0.0,32.11944050904496,0.0,0.505916240766824
0.47500000000000003,23.574413315373448,3.758239803900115,62.18178584634735,85.07288283373897,35.87410721904656,0.0,15.37461737959138,37.58239803900115,8.541454099772988,0.0,0.6571459325435947
0.47500000000000003,3.3315761603296328,11.845604125616472,49.97364240494449,76.25607655865605,5.552626933882721,0.0,26.28243415371155,7.77367770743581,18.878931575201253,0.3701751289255148,0.6287988106741926
0.47500000000000003,32.35620648288793,77.96676260936849,74.4582582919469,0.0,55.74623526569847,0.0,0.0,6.23734100874948,27.28836691327897,0.0,0.613993447100558
0.47500000000000003,73.40894727575346,27.528355228407552,42.96091800796936,95.5150507167474,18.769333110277877,0.0,0.0,0.0,49.634458669401496,0.0,0.6615174224788783
0.47500000000000003,80.77827211486405,0.0,78.86636034883176,75.99849269978334,0.0,10.515514713177568,0.0,38.71621326215377,4.301801473572642,0.0,0.6553329998267687
0.47500000000000003,96.9043989695846,0.0,68.49263801515143,42.61764143164978,58.34558053142529,0.0,2.5367643709315346,78.13234262469126,51.242640292817,0.0,0.5574616460286904
0.47500000000000003,84.61580040855046,4.850587284566586,170.84846324528976,54.97332255842132,102.40128711862792,0.0,21.55816570918483,39.34365241926231,36.64888170561421,0.0,0.6074360417691748
0.47500000000000003,122.67626498555234,0.0,87.38583259244822,94.10781971494426,92.9874885278616,33.04977001893875,0.0,19.045630180405382,0.0,40.33192273497611,0.49595810599416723
0.47500000000000003,160.49805268379487,7.186479970916189,146.72396607287217,148.52058606560124,46.11324648004554,0.0,0.0,53.89859978187141,19.76281992001952,47.90986647277459,0.6478371301940737
0.47500000000000003,190.66700972735867,40.81166763394969,70.78273605263149,53.56531376955897,93.73929909672816,31.24643303224273,69.50737143907055,43.36239686107154,75.8841945068752,0.0,0.6524151794198672
0.47500000000000003,163.5499832742707,60.54829168026191,123.8804128630646,232.44976346215492,125.9682849899702,27.14233764977258,0.0,0.0,94.65020308638644,18.09489176651505,0.6789738412873781
0.47500000000000003,183.65811302529468,133.0198678701723,225.98261643853127,364.2930472353582,159.47268250344518,191.21606006337265,81.62582801124208,71.04470215793293,0.0,0.0,0.6639153508761279
0.47500000000000003,206.95120969793408,203.7426638111444,170.85506847155025,113.10124250933606,79.41151069804447,75.40082833955738,0.0,216.5768473583031,154.01020256590442,48.128188301845135,0.6366928133571066
0.47500000000000003,354.9495218160541,113.48145769599807,337.88464095951304,326.79246840276136,199.6591060215304,200.5123500643575,141.63851110929082,108.36199343903574,274.7445817903111,166.38258835127536,0.6403723637548756
0.47500000000000003,488.85966515912446,101.4432111496207,422.1969835465166,499.4870491843228,254.091090784288,318.8215207559507,104.34158861103842,269.5491039118493,563.2513533355129,285.0071170394105,0.6649098009257333
0.47500000000000003,596.4145864562921,612.3189754284599,653.2159756426057,507.80441932564304,722.5136704499082,527.1168916489896,505.53236375819046,587.3263641864819,606.6388365098286,493.0360581372015,0.7172023645453496
0.47500000000000003,712.4125178967388,764.2692349706782,835.8808918823088,745.7489788728427,805.0137983859163,717.3512528561616,643.2702284648196,980.3388894454256,1082.8176398534488,879.0948227772583,0.6435448894915344
0.5,13.74358834346549,0.0,19.420287876636017,0.0,22.557411302861837,0.0,0.0,26.889629367649867,4.03344440514748,0.0,0.5771860131308403
0.5,39.46123774754937,31.568990198039497,8.060167710137744,19.81457895408862,27.70682650359849,12.258171725834483,0.0,0.0,3.190483051929524,0.0,0.5991418852414753
0.5,55.598885000279566,28.54502141776805,44.30868996190862,23.219457720423268,21.515277337272934,7.242766628388909,0.0,13.42042051730886,3.834405862088246,0.0,0.5894693601588729
0.5,23.800295958228727,5.010588622784995,47.600591916457454,0.0,16.075638498101856,37.57941467088746,0.0,34.03024772974809,0.0,0.0,0.5698473637502038
0.5,59.46529258350545,48.40769685516766,72.24295875847355,2.211519145667558,0.9828973980744704,0.0,0.0,0.0,0.0,0.0,0.5921104331555114
0.5,33.87081711615433,0.0,13.881482424653411,38.86815078902956,21.099853285473188,18.601186449035573,3.053926133423751,0.0,5.274963321368297,0.0,0.6374798519739147
0.5,53.685633115755415,0.0,49.687766819901285,34.55298727131066,27.985064070978886,0.5711237565505896,1.9989331479270636,15.420341426865916,32.8396160016589,4.5689900524047165,0.6196135578895886
0.5,71.5210513950157,36.70159216323174,35.446836875599885,48.62176739573435,31.0551933688884,0.0,5.019021150527418,20.389773424017637,0.0,12.547552876318544,0.6199085319224859
0.5,41.65429338437703,52.67030485793128,92.94759680811404,0.0,41.9985437429256,0.0,0.0,4.819505019679986,41.310043025828456,0.0,0.6051567315783566
0.5,55.54866567906727,11.903285502657273,50.49878698097025,14.788930472998429,32.82421153763066,18.03528106463223,0.0,0.0,55.18796005777463,0.0,0.6047136175888149
0.5,59.750924538333415,16.190573100709702,42.40388193043017,10.022735729010767,0.0,0.0,0.0,1.9274491786559167,0.0,0.0,0.6579043391795402
0.5,84.28390785710329,26.31302489197371,113.06377883269954,46.87007558882817,62.08229310450047,23.846178808351173,0.0,31.24671705921878,0.0,0.0,0.6250883396848459
0.5,104.6697987714012,83.55614837545333,123.08808954233446,92.98990706300452,27.402822854315332,3.144586229183727,0.0,75.47006950040945,0.0,0.0,0.7770423524060598
0.5,0.0,76.82946480380375,119.95309988722909,0.0,53.53278837942455,67.90733340723298,87.23861809980296,46.09767888228225,45.10633094932994,0.0,0.7057322453070973
0.5,131.99145104028418,53.83180748309629,100.93463903080554,60.04316988499201,101.45225256429684,5.693748868404415,32.09203907646125,45.032377413744,37.78578794486566,60.04316988499201,0.6298986828982335
0.5,0.0,15.971509992227633,114.55427856494302,91.97386788627637,96.37980167723572,0.0,0.0,40.20414584250404,0.0,0.0,0.6374671266490877
0.5,105.31624014373728,29.3209986763814,159.76952339987417,38.89520232581206,89.15977148532303,0.0,0.0,20.943570483129573,55.65005871231572,0.0,0.6325658882583579
0.5,36.07710875444658,22.39268819241512,136.84420562031465,54.73768224812584,0.0,78.99642778990888,54.11566313166986,0.0,100.76709686586804,93.30286746839631,0.7328332105264246
0.5,135.43094015631476,90.7387299047309,153.0369623766357,92.77019400707562,73.80986238519155,2.0314641023447217,13.543094015631478,31.1491162359524,61.62107777112322,16.251712818757774,0.706178199770931
0.5,170.9581901761718,18.840290345945466,155.6068424868829,22.32923300260203,96.29481732372123,64.19654488248084,0.0,73.96558432111922,0.0,0.0,0.6932682441140984
0.5,58.41135579897932,188.8886700512448,165.372409924383,140.33897172482045,110.75399930715558,84.96197207124264,145.64909497927312,127.44295810686395,81.92761592584111,0.0,0.7299921681396336
0.5,228.0256108743992,38.00426847906653,279.2487553461845,121.44842318310393,323.0362820720655,66.92055971313889,99.96774969493588,26.43775198543759,79.31325595631277,126.40550168037346,0.7315109697435289
0.5,121.58636599295804,140.088639078843,406.1689472663309,223.78939827689385,259.9128838255263,291.6310662584719,0.0,208.8113676835584,227.3136407694433,210.5734889298332,0.6806139311435399
0.5,551.6957655639928,370.1899096070658,597.8413221632115,440.9464297258679,160.9967196906076,364.03716872717,306.6115871814756,462.4810228055033,501.4483817115102,301.4843031148957,0.6914744845987428
0.5,769.1858427890035,281.2077274712486,753.8257568346914,484.433480097529,454.89485326231386,665.209876329046,606.1326226586156,718.3794046324333,588.4094465574865,718.3794046324333,0.7204795820487688
0.5,1033.92781649148,738.3158579089713,1125.3247505459758,1255.2797661547115,1025.3593539238714,1063.9174354781117,959.6678075722028,1089.6228231809384,1316.6870812225757,1329.5397750739892,0.7154714200900498
0.5,1351.1959300854503,850.8710220113567,1483.4474185254178,1333.6686243885872,1252.4056616122216,1513.7218556381813,1429.2721100078406,1582.2376869986465,1457.9531556936167,1832.4001410356927,0.676692372336098
0.5,1650.9125153795565,1612.7210586620483,1701.2557992344537,1972.0679468676933,1439.1235281279205,1675.2161696543344,1454.747305875992,1748.1271324786685,1973.8039221730344,2100.530119462948,0.7676858300884343
0.5,1391.5971708693946,875.9925780729138,1562.870668822551,1491.506711342069,1284.551234648672,1784.0989370120444,1762.6897497679,1803.724025319177,2426.37455433638,2110.589042485248,0.6923272355593874
0.5,1736.0279157221692,1268.9839091983738,1506.1264086348745,1536.9006261190004,1536.9006261190004,1703.4434501507417,1611.1207976983633,1877.2272665316884,2040.1495943888265,1822.9198239126424,0.7323794447582878
0.5,1809.8805496731848,1312.3511454580455,1986.362677960819,1663.4379325834457,1877.469449868449,1873.714510968712,1601.481440737787,2309.287423338192,2288.635259389639,2125.295417251084,0.7448654596270493
0.525,27.16403435612812,0.0,27.16403435612812,11.810449720055702,7.972053561037598,28.64034057113508,0.0,8.26731480403899,0.0,0.0,0.6844826571291516
0.525,12.088487892216802,8.409382881542125,21.373848157252898,6.657428114554182,18.2203295766746,0.0,0.0,14.015638135903542,0.8759773834939714,0.0,0.7096115585150706
0.525,15.956709784791236,29.345673167432164,48.42036072626307,26.22769539339249,27.51156859446765,0.0,11.554858809676414,8.620291492933198,14.672836583716082,0.0,0.5986832906670423
0.525,20.745454568650946,46.52011024485364,36.67125807589815,1.0477502307399469,0.0,0.0,0.0,0.0,0.0,0.0,0.6429969620006211
0.525,43.27371843289694,2.03641027919515,39.20089787450664,26.473333629536956,48.364744130884816,0.0,0.0,30.80070547282665,0.0,13.49121809966787,0.5513533196828614
0.525,34.45167754022086,13.430314973306436,89.3407909093863,60.72838074886389,63.35605106972819,0.0,0.0,0.0,0.0,11.678534759396902,0.6085901832834727
0.525,35.944189935179395,8.909243659147029,15.66798022815512,19.968994408432994,0.0,0.0,0.0,41.1668500112311,26.42051567884981,37.48026642813578,0.6890026203265422
0.525,61.17514172811246,12.167431503933969,24.672847216310547,14.871305171474852,33.798420844261024,27.71470509229404,47.99375759885066,12.843399920819191,12.843399920819191,47.317789181965445,0.6227479308920082
0.525,21.20871509562768,75.09971246976357,34.76838540266832,9.387464058720449,60.1493067466162,0.0,6.605993226506982,0.0,0.0,12.168934890933915,0.6623467535729134
0.525,56.69227878911334,46.24896427532931,85.03841818367002,0.0,39.908380463388994,0.0,0.0,32.4488700964004,17.902824880772634,0.0,0.5779427154822109
0.525,19.90624928014623,65.69062262448256,84.80062193342295,73.65312233654106,93.16124663108435,9.953124640073115,0.0,0.0,41.00687351710124,0.0,0.7088915425491977
0.525,50.50960145859893,84.72578309184335,119.7566357163555,46.02891100662644,42.36289154592168,0.0,0.0,88.39180255254811,19.95943928605925,0.0,0.6336890117933881
0.525,71.76752747462018,68.22345204377473,76.19762176317697,42.97191459900097,34.111726021887364,0.0,11.51824515024768,0.0,35.44075430845441,39.87084859701121,0.6247273154023415
0.525,50.60018860095328,54.34835071954242,83.86512740343183,85.27068819790274,82.92808687378455,0.0,1.4055607944709247,61.37615469189704,49.663148071306,0.0,0.6721763590688403
0.525,39.34825666798403,25.36927074646339,132.5414961447883,0.0,21.22734899193875,28.475712062356862,0.0,42.972438203193086,6.212882631786952,0.0,0.595333341804923
0.525,59.31273055399764,57.68027008003441,118.0813076166742,155.0837450265076,77.26979576759327,4.353227930568635,0.0,1.0883069826421587,0.0,81.6230236981619,0.5994085205632591
0.525,0.0,25.76697858191643,156.35871094026558,0.0,77.30093574574929,52.11957031342187,0.0,8.198584094246137,45.09221251835375,0.0,0.676344249786825
0.525,44.26056291255817,32.58069214396643,180.73063189294584,0.0,0.0,0.0,92.82423610828172,79.91490525878558,108.80721716003885,0.0,0.6736461766935724
0.525,151.09784815772508,36.949692125906566,175.5110375980562,155.71655967346337,136.58189767969034,0.0,67.96104087443528,13.856134547214962,54.10490632722033,34.97024433344728,0.6505298998228257
0.525,106.26911935544264,33.12284239650161,162.16391589953912,25.532191013969992,153.19314608381995,35.19302004628296,0.0,72.45621774234728,0.0,0.0,0.7097571973787657
0.525,156.98275831897547,193.09616281489,265.32297180671907,278.589120397055,122.34337033309824,70.01578422677309,12.529140335317289,70.75279248179176,6.633074295167977,0.0,0.8021413513444323
0.525,117.6195538148168,272.0932344916096,163.09911462321264,114.48303237975502,166.23563605827442,53.32086439605028,119.97194489111314,74.49238408271731,41.558909014568606,54.88912511358118,0.6226256484737404
0.525,254.7588914404737,271.74281753650524,289.5759399373384,139.26819398745891,145.21256812106998,80.67364895614999,167.291672045911,155.40292377868894,37.36463741126947,0.0,0.7020267755814148
0.525,228.59156390929192,231.3792659081857,295.49641188274325,385.6321098469762,229.5207979089232,120.80041995206484,183.9883319269911,120.80041995206484,137.52663194542768,153.3236099391592,0.6279617634785647
0.525,336.2261181890435,347.60607911236497,619.6905993699602,396.22954851201126,314.5007382445207,300.0171516148388,351.74424672084547,379.6768780780891,420.0240122607743,297.9480678105985,0.6148873443602293
0.525,681.6019282673083,632.3150163467444,627.5065371349822,704.4422045231792,603.4641410761706,698.4316055084763,406.31649339391566,480.8479211762315,974.9191601848094,520.5178746732706,0.7082469390475477
0.525,854.7558933731233,957.6163483383637,1112.6314001873875,1174.9271686874629,1177.8246462921172,993.8348183965468,911.2567066638892,1209.6968999433186,1341.5321309551052,1160.4397806641894,0.7069329543685018
0.525,832.0472333877467,962.751971199615,1206.6278844339545,1315.017179204772,1039.2620616260745,1220.9735263889156,1373.9937072418347,1488.7588428815238,1866.5274143621675,1235.3191683438768,0.781442815179121
0.525,1665.78597982407,1098.4530736521042,1543.3524347231291,1357.1154928794442,1320.902754187617,1451.9583799294687,1298.485344521247,1752.0067862331832,1903.7554055132225,1789.9439410531932,0.7077359158726267
0.525,1071.1526376665747,1097.3208617138037,1577.0716359130022,1681.7445321019184,1521.2460912789136,1477.632384533532,1233.3956267593946,1533.4579291676205,2276.6354921089246,1779.4392352115735,0.7245972553169665
0.525,1323.219654212571,1026.4553518166117,1878.3434669297176,1312.7456200103604,1241.1730529619233,1913.256914270419,1328.456671313676,1497.7868909160763,2157.6510456553265,1344.167722616991,0.7066819105453669
0.55,1.4833395932255724,4.31516972574712,0.4045471617887925,14.293999716537336,10.518226206508604,7.281848912198265,0.0,9.574282829001422,7.956094181846252,0.0,0.7547186591637212
0.55,34.83065929013392,12.376376397509514,0.0,14.851651677011416,28.996081845593714,0.0,0.0,0.0,0.0,0.0,0.7822958096089884
0.55,29.791673894402173,27.400984013987188,27.58488323555757,23.53910036100913,15.631433833482625,0.0,0.0,0.0,14.711937725630705,0.0,0.760521017734464
0.55,12.94797543396037,0.0,46.36210558611616,0.0,11.486107239803554,0.0,0.0,10.859592299450632,0.0,21.51034628545029,0.7275260683593776
0.55,34.30522103278136,49.31375523462321,55.50775347665317,66.22813504939735,43.83444909744285,0.0,0.0,37.163989452179806,11.91153508082686,0.0,0.7550741242322543
0.55,64.31238863298228,7.176489718701884,46.09514550089288,24.56567634478722,75.35314204636978,3.86426369468563,12.696866425395642,13.24890409606502,30.91410955748504,4.968339036024381,0.78769981194939
0.55,88.87826182938133,69.23148816183388,82.95304437408925,64.55368490765592,21.51789496921864,43.03578993843728,0.0,0.311853550278531,15.59267751392655,0.0,0.7463924986063925
0.55,17.09145911374907,73.39273619433425,49.93387074409043,19.10221900948426,40.2151979147037,0.0,0.0,5.026899739337963,51.27437734124721,13.4050659715679,0.715385123775848
0.55,60.93665408653104,0.0,69.79372590143382,47.473904927878834,18.77699224759387,0.0,0.0,20.194123737978316,0.0,0.0,0.8770753355450415
0.55,57.92593356604464,55.01142118536314,128.60285879757078,31.69532213991121,35.33846261576308,0.0,0.0,0.0,24.0447271406223,0.0,0.7788062869413496
0.55,44.16693395651728,70.124693387102,117.39106130548014,98.01959904384977,92.98301885582586,41.84235848512164,39.130353768493386,1.1622877356978232,44.55436320174989,37.96806603279556,0.798056181217775
0.55,77.78832255548825,0.0,133.8293721384744,6.691468606923721,7.109685394856452,17.565105093174765,0.0,45.58562988466784,48.9313641881297,1.67286715173093,0.8247665812219611
0.55,67.13353714629535,0.0,88.19503899611351,79.8581945138938,31.153471486189343,0.0,0.0,0.0,27.204439889348443,0.0,0.7568465801904205
0.55,128.89048115737663,73.45371506818239,46.65927812507183,131.20034641109305,105.32985556946907,0.0,78.07344557561524,8.315514913379138,30.49022134905684,17.09300287750156,0.6882704295974433
0.55,140.6368059726973,74.04552681954735,125.72831063990252,104.35946732956336,92.43267106332756,6.460347977544399,42.73768662067833,43.23463646510482,46.21633553166378,27.33224144345707,0.7149342895228463
0.55,185.69216177431412,60.060669535312286,102.4888489318173,0.0,86.50940474352322,19.836551406158183,0.0,60.61168485215002,33.060919010263646,0.0,0.723875977737836
0.55,73.19106364712488,32.20406800473495,177.41513828063069,169.21773915215272,11.12504167436298,0.0,60.309436445230894,20.493497821194968,11.12504167436298,0.5855285091769991,0.7589343287949905
0.55,118.13541777678262,32.44133234284704,74.06417383933004,117.52331716654022,102.8329025207227,0.0,11.017810984363145,25.096125019938277,80.79728055199641,25.096125019938277,0.7950761179034961
0.55,154.21142373856597,149.6566559488193,140.54712036932594,85.88990689236586,226.43702726169172,9.109535579493349,0.0,68.32151684620011,20.82179561027051,102.80761582571064,0.6859551590020895
0.55,140.1983633299385,157.39250222889322,271.79965721039963,146.81149367569031,73.40574683784516,91.92251180595024,13.887573726078813,50.2597906277138,40.34009510908607,4.629191242026271,0.720265329130749
0.55,38.59365621527249,0.0,231.56193729163493,172.2420582940865,124.3573366936558,0.0,105.77520592333944,43.59653757651152,49.3141162750704,0.0,0.7386146682006182
0.55,131.97286547714083,139.3870714028229,121.59297718118592,193.510774660302,117.1444536257767,56.34796503518373,56.34796503518373,117.88587421834492,54.1237032574791,56.34796503518373,0.693235862707171
0.55,204.8825290330307,125.901096085183,310.4517710920351,272.9160405821669,136.84901748389456,72.72547786286968,0.0,27.369803496778918,47.70165752295753,118.08115222896043,0.7362281454001418
0.55,268.89212264080925,131.04236356545766,148.0608523401924,175.29043437976804,326.7549844749075,109.7692525970392,66.37210622146556,68.92487953767578,111.47110147451268,77.43412392504315,0.6985770905657197
0.55,235.3888302047061,211.57517423068916,234.4729203595516,275.688863391504,320.5684458040745,102.5819026573038,242.71610896594208,206.07971515976212,196.92061670821715,25.645475664325957,0.6914125404093763
0.55,557.5814818490126,402.6977368909536,500.790775364391,373.7861044987825,173.46979435302617,241.61864213457213,261.2372498292596,267.432599627582,390.3070372943088,357.2651717032562,0.6851922592522638
0.55,679.2218588744981,628.6039387157401,740.4342274385778,367.2742113844773,421.4236143450093,479.104500107315,429.66374088248153,422.6007752789339,472.04153450376737,605.060720037248,0.7312942415550547
0.55,844.3028358140328,643.4735204990444,983.6537892979022,758.2331292504663,821.0776769000545,900.3164543712744,668.0648652314919,913.9783125559676,1278.7499260872728,840.2042783586248,0.7652763977703027
0.55,1054.407540892735,642.6865011155718,1030.0198834843318,774.6667647375197,814.8346710572429,939.6420942649544,819.1383753057847,1173.4766917690574,1339.8865893793395,1081.664334466833,0.7422715385036568
0.5750000000000001,11.636626947908992,6.55396230399472,22.73823656487964,13.375433273458611,9.496557624155614,8.694031627748098,0.8025259964075168,13.642941938927784,2.6750866546917225,12.43915294431651,0.7545151188916022
0.5750000000000001,23.264619315457274,0.7385593433478501,45.60603945172974,25.480297345500823,32.681250943142366,0.0,17.725424240348403,14.401907195283076,5.354555239271913,0.0,0.71002523486195
0.5750000000000001,16.431186120350205,14.083873817443031,59.6608543655573,29.537013144915253,43.42527760378269,22.10385751904254,0.0,15.257529968896618,8.215593060175102,0.0,0.6806241568509906
0.5750000000000001,40.48715789253358,15.23279207837897,61.1315997882314,1.6034517977241023,9.821142261060126,13.82977175537038,6.413807190896409,37.480685771800886,10.422436685206664,32.46989890391307,0.7390368063800046
0.5750000000000001,7.837195961439489,1.8440461085739976,52.09430256721543,13.369334287161482,31.80979537290145,33.8843472450472,0.0,0.0,32.96232419076021,10.603265124300489,0.7804645558329799
0.5750000000000001,15.606671425237232,54.90204054949527,46.54132371454675,44.86918034755704,39.01667856309309,0.0,3.6229772951443575,15.885361986402184,44.31179922522715,0.0,0.7718783701433269
0.5750000000000001,64.41920903842026,60.08330073775737,33.75814319801831,64.10950130265863,25.705742068215784,0.0,0.0,0.0,41.500836592059215,25.396034332454143,0.7923070612509037
0.5750000000000001,47.83292237846569,25.809130779747672,99.10706219423106,27.52973949839752,44.391704941166,25.120887292287733,18.926695905148293,0.0,12.044261030548917,9.63540882443913,0.7432293464348967
0.5750000000000001,83.24041910477712,10.634238564046417,0.0,60.13845256909008,45.103839426817565,0.0,0.0,0.0,0.0,0.0,0.7670041162583706
0.5750000000000001,57.33612878809135,0.0,101.97365187143764,51.17922905245738,47.71597295116327,0.0,21.164342841241773,0.0,8.080930903019587,41.174266982052174,0.9276278246134199
0.5750000000000001,47.393510792947154,27.713154616214855,79.92634447285155,70.68862626744661,77.11486501903266,4.418039141715413,33.73775344582679,4.8196790636895415,4.0163992197412846,0.0,0.746177758749922
0.5750000000000001,75.96892934082038,60.68782286421859,51.95576202044612,0.0,61.56102894859583,24.01316732037426,4.802633464074852,16.59091560316767,41.477289007919175,10.47847301252695,0.783075519802124
0.5750000000000001,82.10320732835252,38.37432516433868,111.55327082656592,35.25083358119483,30.78870274813219,0.0,0.0,24.09550649853824,3.56970466645011,59.34634007973308,0.7042489496318506
0.5750000000000001,89.82303610238165,18.6161732854677,57.710137184949865,166.1493465727992,119.60891335912996,20.47779061401447,14.89293862837416,0.0,46.07502888153255,0.0,0.7680139048691523
0.5750000000000001,49.01562655392927,93.61984671800492,95.0903155146228,65.68093958226522,35.781407384368364,11.273594107403731,28.91921966681827,22.547188214807463,18.135781824953835,0.0,0.764951400170067
0.5750000000000001,65.59774984741597,83.29872996497267,58.829728037761946,116.09760488868064,83.29872996497267,38.00504554651878,9.891724183340504,11.453575370183742,53.62355741495115,0.0,0.6694551278876831
0.5750000000000001,42.81081916797759,58.79352499068923,127.29083565945338,278.5557300529742,83.90920556923608,33.67784441214237,0.0,58.79352499068923,3.9956764556779087,77.05947450235966,0.723508339208052
0.5750000000000001,99.48104127823596,101.27889142181851,154.01582896690746,74.91042264927405,9.58853409910708,47.9426704955354,0.0,25.169902010156083,107.87100861495465,34.758436109263165,0.8459337956454407
0.5750000000000001,17.146555041906424,88.90806318025554,174.64083838978766,223.54027313892823,88.90806318025554,81.92242964466404,64.14081700861293,36.1982828662469,118.75577010505562,0.0,0.7857244649703711
0.5750000000000001,97.84238298823632,0.0,80.76921548693335,120.16883279763252,60.412746543072096,3.939961731069919,25.60975125195447,27.579732117489435,151.03186635768023,0.0,0.7830463034951205
0.5750000000000001,175.94114328434884,0.0,143.56797292002867,155.53197066336438,55.59740127785424,0.0,9.852704023923534,52.78234298530465,19.001643474709677,0.0,0.762213282618409
0.5750000000000001,204.6323434092072,100.49559925434372,199.5347405484796,64.81237922925068,138.3635062197486,0.0,0.0,128.16830049829346,56.80186044810733,136.90704825954074,0.7243288304963786
0.5750000000000001,204.2302758058918,94.68146886020271,326.2989464025168,124.41614503117547,182.320514416754,89.20402851291827,35.994607996440706,0.0,27.387201736422277,175.27809111310253,0.8275743900595364
0.5750000000000001,130.845778692399,89.13868673419681,206.8998875573559,28.62251408896228,58.06281429475205,0.0,130.845778692399,134.11692315970896,49.88495312647712,133.29913704288143,0.7458130418508381
0.5750000000000001,276.681346664989,160.5973747203722,336.0325503659961,194.637035666538,252.24261572928023,132.66739650813352,20.94748365917898,217.3301429639819,267.080416654532,0.0,0.8300370812706419
0.5750000000000001,242.9429186565212,240.11800099772444,326.748809200825,412.4379781843267,263.6589814876974,17.891145172379467,191.15276157858065,155.3704712338217,215.63538128815253,227.87669114293848,0.8530364016124176
0.5750000000000001,574.9939066304053,447.2174829347596,673.1924544705773,719.3339408051161,584.4588269041568,577.3601366988431,365.5825455736528,564.3458713224348,729.9819761130866,436.5694476267892,0.7673747981534679
0.5750000000000001,755.516223864509,580.7526845364198,869.7846918867214,743.4172096033337,725.9408556705247,682.9221382974565,840.209323692737,740.7285397675168,922.2137536851482,576.7196797826947,0.8293170210376367
0.5750000000000001,1363.3472482015366,983.639491199428,1654.6747514186716,1528.651056206765,1266.783637584621,1533.56107030593,1361.710576835148,1558.1111408017562,1613.7579672589616,1725.0516201733726,0.7575764728344356
0.5750000000000001,1339.5494402237168,1185.053567694638,1523.8911063095493,1250.0120595534552,1495.8009476678988,1300.925472091447,1408.0192019127403,1481.7558683470734,1818.8377720468816,1543.203090375684,0.777737700512724
0.6000000000000001,0.2703092621717388,0.3816130760071606,1.8126621110340129,2.8779986148873364,0.0,4.4998541879177685,0.9858337796851648,0.0,0.0,0.0,0.753035799880364
0.6000000000000001,5.578847672000968,0.0,0.0,2.8648136694059025,5.518535805276633,5.09635273820629,0.6332746006055153,0.0,0.0,0.0,0.8250563095997383
0.6000000000000001,7.377105016375501,0.0,0.0352971531883995,2.894366561448761,4.800412833622336,3.2826352465211563,0.0,0.0,0.0,0.0,0.7768435192056238
0.6000000000000001,5.66189591164133,2.2122639654757514,4.612007928025719,5.811879909300703,6.861767892916314,5.099455920418682,0.0,0.0,0.0,0.0,0.7925087349256313
0.6000000000000001,9.995780293444806,0.0,1.1059161175726169,4.4661997055817215,0.0,2.552114117475269,0.0,0.0,0.0,0.0,0.7809792497746779
0.6000000000000001,5.247915473721247,0.0,7.52356023666232,12.353500141680104,8.313069644213304,4.040430497466801,0.0,0.0,0.0,3.250921089915817,0.678009784312696
0.6000000000000001,0.0,0.0,4.867375268781728,0.0,0.0,6.471396664175708,0.0,1.9911989735925253,0.0,2.9867984603887883,0.7459878527544044
0.6000000000000001,8.85586081227626,12.678534544194068,0.0,0.0,8.091326065892698,16.564919504977176,3.1855614432648416,0.0,5.797721826742012,0.0,0.8093385451053304
0.6000000000000001,8.970137620413729,0.0,0.3476797527292142,18.21841904301083,11.960183493884973,2.1556144669211283,0.0,0.0,4.937052488754842,13.211830603710144,0.7428407695517603
0.6000000000000001,6.235902214953311,3.262972089219756,3.1179511074766557,18.63519615398838,0.0,12.689335902521272,2.102804235274953,3.190461598348205,0.0,0.0,0.758836332431919
0.6000000000000001,2.1410593455367795,0.0,0.0,18.000758201364775,4.678611162469259,13.956534993128631,32.11589018305169,13.242848544616376,8.722834370705398,8.564237382147118,0.838123911579773
0.6000000000000001,5.373413076415769,0.0,9.640535225334173,46.22715661328272,0.0,17.85869640102888,18.88596654799072,39.74745260936959,9.087389761585491,14.223740496394685,0.7430589179773803
0.6000000000000001,0.0,13.706772250826011,9.137848167217342,19.937123273928744,8.390206044445014,3.73821061386164,13.12527282200309,21.84776425434692,3.8212819608363433,5.399637553355702,0.6935750153376271
0.6000000000000001,11.351052694996609,15.90867233768464,11.523038341890494,24.59394750582598,0.0,8.42729669780051,24.765933152719867,36.89092125873897,9.545203402610785,9.631196226057726,0.8148058900224419
0.6000000000000001,2.711121443730119,10.750998828584954,19.35179789145292,43.47143004601743,5.60921678013128,22.717327959531687,30.009309773702352,53.38104635758269,1.589278087703863,11.21843356026256,0.7307335319298279
0.6000000000000001,7.603803546489387,30.908967663002315,18.07137725983841,18.367629346065275,29.13145514564116,11.553831362847513,32.39022809413661,32.48897878954556,33.871488525270905,13.825097357253432,0.8564790564542399
0.6000000000000001,1.601719089095189,27.442787059830906,2.1356254521269187,12.386627622336128,0.0,13.988346711431316,17.405347434834386,1.0678127260634591,28.830943603713404,12.706971440155163,0.7700590463593434
0.6000000000000001,17.761937816641773,47.10286041248673,1.2365906074877184,14.501835305992335,5.283614413811161,18.32402445640892,0.0,18.21160712845549,21.58412696705836,33.05069441830811,0.7756482476235791
0.625,2.1779632700852978,5.6568576209598005,2.251049285859972,0.5262193135776558,0.0,0.0,0.9062665956059628,2.2949008953247767,0.6139225325072651,0.0,0.8005819309581614
0.625,1.0361683062583886,5.713728088796257,0.2960480875023967,0.0,1.7466837162641409,3.4933674325282813,0.0,1.9243125687655789,0.0,0.6217009837550331,0.8128980651751632
0.625,5.22846389732272,9.50948802801649,2.42123495916287,0.0,3.9652108751507873,5.649548238046696,0.0,1.6843373628959095,0.0,1.543975915987917,0.6954838140618056
0.625,4.506242400766946,16.611995290962895,5.308200794123776,0.0,0.0,4.391676916001685,0.0,6.75936360115042,0.0,1.3365973222613825,0.7758876996063889
0.625,0.0,11.797809551398808,0.0,8.95923883226526,0.2661160049187701,8.95923883226526,0.0,4.4352667486461685,0.0,5.27796743088894,0.7731224978831928
0.625,1.504743648123238,12.037949184985903,0.0,0.3647863389389668,2.14311974126643,11.992350892618534,0.0,9.210855058208912,1.823931694694834,0.0,0.746866289718287
0.625,8.804410218504078,19.219383281856462,0.0,0.3757979971312716,7.838072511595093,13.099244471432897,0.0,5.261171959837803,0.0,3.0600694052117827,0.766066759742033
0.625,10.806462783355476,18.804466312279583,1.4652830892685391,0.0,7.5095758325012625,18.74341285022673,0.0,0.0,0.0,7.7537896807126865,0.7246799131188612
0.625,14.019605971803395,0.0,0.0,11.148924749005555,8.545283639956356,12.88468548837169,0.0,4.539681933726814,0.0,0.0,0.9046080528567414
0.625,17.936281639245326,0.0,16.607668184486414,28.12231812573032,3.9120285056790216,0.0,2.7310387681155435,0.0,0.0,0.0,0.6583114009953761
0.625,10.248802397486648,0.0,13.35450009369472,25.000866454475,13.665069863315528,20.8081745645941,0.0,0.0,0.0,6.211395392416149,0.776341465374525
0.625,13.3037005546022,2.775005023659354,5.71324563694573,37.380950024587776,15.50738101456698,5.223538868064667,0.0,8.406632865791574,5.631627842132219,0.0,0.7272559392542147
0.625,12.150083747675833,5.990666292256833,19.23763260048673,36.36587566144641,24.047040750608414,16.36886282672994,16.537613989892105,6.581295363324408,0.0,0.0,0.8304329400969626
0.625,4.652496055985553,0.0,0.0,29.933984058322142,0.0,19.048898946205004,16.41541061262827,0.0,11.938480445547835,7.110418500657167,0.8279309788321849
0.625,25.06695439890367,0.0,13.64756406162533,2.4138548680425758,11.60507148097392,26.08820068922937,0.0,0.0,10.30530347510484,2.878057727281532,0.7996387311804235
0.7000000000000001,3.9896141359555433,5.132836900059763,0.0,2.239783374571533,4.339580288232345,1.3065403018333943,1.0265673800119526,1.8198239918393704,2.5197562963929747,0.0,0.7704524520487761
0.7000000000000001,3.5016081309362157,3.479304894433437,1.761955683719497,0.0,0.0,2.877117508858419,0.0,2.252626886780623,0.0,0.8252197506028024,0.773823689251259
0.7000000000000001,5.994782128457288,3.4949337105176093,0.0,3.32504109958967,0.0,4.3201263921676,0.0,3.082337369692614,0.0,0.0,0.84300839117218
0.7000000000000001,5.729163485423132,3.9511472313262974,3.8100348302075018,0.0,0.0,6.547615411912151,0.0,3.922924751102539,0.0,1.0160092880553335,0.7942752914371906
0.7000000000000001,4.76760902479034,8.740616545448956,0.0,0.0,5.453855778358646,7.729305540190399,0.0,2.1309767610805306,0.4695372524414729,0.0,0.8717930001868117
0.7000000000000001,6.535429877766071,9.84251487615372,0.2755904165323041,0.0,7.519681365381443,6.496059818261456,0.0,4.370076605012252,0.0,0.5905508925692232,0.8279783055038491
0.7000000000000001,0.0,11.730877280164057,0.0,8.34289828228274,0.0,9.909838568802847,2.583333985884503,6.987706683130214,0.0,4.743170597033841,0.8401205465089783
0.7000000000000001,9.26803474361899,22.994745661195225,0.0,18.18538709153348,10.119691990329926,10.37017941583314,0.0,5.360430905768822,2.3044843146295872,1.1522421573147936,0.7201082914806091
0.7000000000000001,18.773696780861425,35.27179395192146,2.907710612523992,1.643488607078778,0.0,2.844499512251731,3.350188314429817,13.463964357991523,3.2237661138852958,6.131476726409288,0.855418467053237
0.7000000000000001,13.307479732550702,30.272939675944723,9.64949952170738,0.0,0.0,12.99213661092628,0.0,10.217117140631345,0.0,6.874480051412448,0.7429115474876461
0.7000000000000001,17.338965281102663,15.831229169702434,0.0,10.55415277980162,6.853345960910144,17.61309911953907,0.0,14.3234930583022,7.058946339737449,6.442145203255536,0.7909549954879447
0.7000000000000001,12.338521335011713,25.55315069381124,2.1902700594695346,7.154882194267148,3.212396087221984,13.214629358799527,0.0,19.639421533243496,5.621693152638472,23.508898638306334,0.8064031178156387
0.7000000000000001,23.94089633058329,23.94089633058329,19.00954891365251,0.0,0.0,25.05442639247088,2.7838251547189867,23.46366916120289,0.0,22.03198765306169,0.7914147153271924
0.7000000000000001,5.313992288186062,35.56946450963252,20.998840493638475,18.341844349545443,0.0,20.3131640693564,0.0,5.828249606397617,0.0,18.856101667756995,0.8611658390359279
0.7000000000000001,18.632654058735103,26.945684331093844,0.0,3.630978739650944,8.217478200262661,22.16808072628997,14.61946703069985,13.568394237643,0.0,22.64584108677036,0.8573277901726684
0.7000000000000001,36.20246341974238,26.05781707684753,10.14464634289484,11.934878050464516,0.0,21.48278049083613,8.05604268406355,10.244103659982043,3.1826341467905386,20.6871219541385,0.7679619241896103
0.7000000000000001,33.30770926323555,35.861981445999014,7.867158322911464,12.975702688438387,33.81856369978824,14.610436885407005,4.495519041663694,10.625772280296005,1.634734196968616,18.492930603207466,0.8236562398212448
0.7000000000000001,41.40380585000021,21.484090692947213,22.31842431209079,1.8772506430730571,12.515004287153715,34.937720301637455,0.0,16.165213870906882,0.0,23.361341336020267,0.7732702025463734
0.7000000000000001,32.36158934132443,40.17680309382115,11.998004211579469,0.0,13.20881197605079,28.94931291417798,0.0,30.60041441118433,13.318885409184546,14.749840039923384,0.8459337956454407
0.7250000000000001,0.3195269532833045,0.745562890994377,0.0,2.023670704127595,5.911248635741132,0.0,0.0,2.4763338879456094,3.2485240250469287,7.322492679409061,0.8020356857007725
0.7250000000000001,0.6578927008101513,2.745000579242355,0.3402893280052506,2.3366533856360547,4.718678681672809,0.0,0.7940084320122515,4.015414070461958,2.3139674304357043,0.4990910144077009,0.6749855313340757
0.7250000000000001,5.232537537558374,0.0,6.6467368720336095,1.3081343843895934,9.475135540984082,4.242598003425709,0.0,5.656797337900945,2.510203818693544,4.242598003425709,0.5876111218770907
0.7250000000000001,5.72663087231432,0.0,2.6616735040334163,4.839406370969848,11.0903062668059,3.589226391802637,0.0,0.0,6.210571509411304,6.8961540786320334,0.7126861321557894
0.7250000000000001,2.417017807753344,2.596056163883221,7.385332190357439,13.204078764578451,11.816531504571904,0.0,0.0,4.296920547117057,2.864613698078037,0.0,0.6735959713104622
0.7250000000000001,0.0,0.0,0.0,5.342790517819869,0.858662761792479,6.583081173742339,0.0,8.300406697327297,9.44529037971727,4.818052163391132,0.7093027214920566
0.7250000000000001,0.8963053581303924,4.630911017007026,4.830089985480448,0.0,0.0,2.738710816509532,0.0,10.556485329091288,8.963053581303923,3.9835793694684094,0.7076553032122223
0.7250000000000001,7.255989052266317,13.878518742826849,24.7049151065258,13.64816988402474,11.344681296003689,9.617064854987898,0.0,2.764186305625264,8.350146131576318,0.0,0.6613017649307141
0.7250000000000001,13.838299196166266,27.15685006571596,24.688045514287232,18.126222890753,8.96565863413589,0.0,7.471382195113242,24.298234269324805,6.366917001053023,1.2344022757143618,0.6970407997558266
0.7250000000000001,5.3250709293051175,10.577195681496466,25.531161989819054,5.470963283532655,22.83215343660961,8.534702722310941,0.0,19.03895222669364,11.963173046658072,10.35835715015516,0.6985305504869367
0.7250000000000001,6.622436181399899,15.425430617650983,0.0,17.20218178827047,8.318425935173044,0.0,0.0,0.0,2.019035421158505,0.0,0.6602958514466247
0.7250000000000001,3.127170787926384,0.0,0.0,18.40563378036672,17.33346093879196,5.896950628661182,5.718255155065388,4.556734576692731,15.457158466036129,9.560207837374946,0.6377398121811124
0.7250000000000001,0.0,0.0,0.0,17.056219329694773,32.4649629286804,16.28093663289047,5.426978877630155,15.50565393608616,28.10399775915616,11.144688766561927,0.6936772724121366
0.7250000000000001,12.38823350915218,30.462869284800444,20.10549372796829,21.222465601744307,37.570872117920544,4.569430392720066,0.0,5.991030959344087,4.975601983184071,15.332977540016222,0.6921076263184149
0.7250000000000001,20.47714807699456,10.921145641063765,20.05710401387672,13.546421035550246,55.865860394672325,1.4701542209124296,10.08105751482809,34.33860215988318,5.565583836311341,4.20044063117837,0.7118807359594138
0.75,0.7664261651760012,1.861320686856003,1.4370490597050023,1.245442518411002,4.475381357367008,1.122266884722002,0.0821170891260001,2.107671954234003,0.0,0.0,0.7229381342830489
0.75,0.5445629198729207,0.0,3.3980726200070257,1.3505160412848436,6.796145240014051,0.0,0.0,0.0,3.2891600360324413,1.4812111420543446,0.646684923867422
0.75,0.0,4.260848833395317,2.3305195276582125,2.0951135147634434,5.6026631068955,1.483057881237044,0.0,3.742955605026825,0.0,0.0,0.7994628714863492
0.75,0.0,6.324926514638584,0.8862954351722856,3.384037116112364,6.727788076080532,0.0,9.628391318462558,5.035769518024351,12.891569966142338,0.0,0.6721010296906184
0.75,0.0,5.27165060873551,5.971427238213675,14.555353893145831,13.24910418478659,0.0,0.0,4.478570428660256,0.0,2.0526781131359506,0.7468765154257375
0.75,0.0,0.9654158578083402,0.8206034791370891,9.6541585780834,12.019427429713836,0.0,0.0,3.9582050170141945,2.220456472959182,3.4754970881100244,0.746614055601163
0.75,0.0,8.70164490251169,3.548715518901416,17.306064722313756,8.06968186489911,0.0,0.0,0.0,1.7500514887733012,0.0,0.7845071188452574
0.75,10.21863924718139,7.742989532658063,7.795662930839411,6.057440790854948,5.636053605404168,8.585763903559622,0.0,13.695083527150317,8.84913089446636,0.1580201945440421,0.7869996350364286
0.75,6.5967049191365685,7.736135768805612,8.635686439596961,3.358322504287707,7.316345455769649,2.818592101812897,0.0,20.74963547292048,0.0,1.739131296863277,0.8176575841878275
0.75,4.141241697404726,17.419508727178613,16.762168775209606,19.983134539857726,11.634917149851374,0.0,0.0,5.850325572524137,3.812571721420224,4.601379663783029,0.7769358346201123
0.75,8.599508244075611,17.5634024306968,0.0,6.1945610232748045,24.268103773535408,0.0,6.1945610232748045,0.0728771885091153,10.712946710839956,21.571647798698145,0.8799640978999367
0.75,15.559221309049184,6.257512917769781,6.088390947019247,43.29522451213686,19.11078269481041,0.0,0.0,20.294636490064157,1.5220977367548116,9.217147405904136,0.7443127844862479
0.75,0.0,37.91717649551977,7.9297941228611055,42.474529439692816,14.492382362470297,15.221558833537983,8.932411770579176,4.830794120823432,19.41432354217719,0.0,0.8359850344379479
0.75,19.12087582080816,3.107142320881325,12.787085705165453,46.965651234860026,11.950547388005097,14.81867876112632,2.509614951481071,35.493125742375135,24.97664404093065,7.170328432803059,0.6980231980787931
0.775,0.239341071650433,2.7763564311450235,1.659431430109669,0.0,4.27622714682107,0.0,0.0,1.5956071443362203,0.0,0.0,0.794170412386412
0.775,0.4067951243983217,1.5176587333322002,2.8945037697572893,4.803311661164798,4.396516536766477,0.0,0.0,0.0,3.316944860478624,0.0,0.8575612771594665
0.775,0.0,0.6588916963815394,0.0,1.854658108333222,8.29715469517494,0.0,1.3665901850876372,3.148038104934022,0.0,0.0,0.6707376020304907
0.775,0.0,7.936246637091215,2.279560204270881,11.186730632070065,13.972859770623362,4.13697962997308,0.0,3.2504839949788487,5.783328666390939,3.081627683551376,0.7658008913483078
0.775,0.679153866310668,0.0,12.903923459902693,2.490230843139116,12.043661895909178,2.444953918718405,0.0,7.334861756155214,4.708800139753965,0.0,0.8166201009526989
0.775,1.3897911738775728,0.7412219594013721,0.0,0.4632637246258576,20.800541235701004,0.0,0.0,1.8993812709660165,5.142227343347019,2.964887837605489,0.5921036160172103
0.775,0.0,2.348856612006455,2.0063150227555138,14.925026388791016,16.344127258544916,3.3764813797592788,0.0,0.8808212295024206,0.0,0.0,0.7807649968566576
0.775,1.4170417837332836,5.143336844661548,5.7206501639602925,0.0,12.595926966518077,0.0,0.0,0.0,0.9446945224888558,0.0,0.7010994317369557
0.775,3.3181104819548404,11.409643060756991,4.249509915486024,7.451195468249466,8.149745043397854,0.0,1.6299490086795705,9.43041926450323,5.471971671995702,0.0,0.7785889906580162
0.775,0.0,6.528959338520822,0.8750151690801102,9.35593142324118,14.13486042360178,0.0,0.0,5.250091014480661,16.42336163504207,0.0,0.7848004992614096
0.775,11.23445051715878,24.36884487177824,9.747537948711294,28.08612629289695,25.194907409804618,0.0,1.9825500912633145,7.517169096040067,7.434562842237428,33.20771402866051,0.7505763623034478
0.775,18.221860214237687,20.764445360410384,0.0,7.119238409283561,14.83174668600742,0.0,3.3053606900245103,19.66265846373555,7.458249762106587,0.0,0.7800163289897128
0.775,18.638193494844565,0.0,14.873829291452312,33.32839526418019,37.36820075074748,5.876080707734247,6.977845840434418,11.843975176526842,14.873829291452312,5.417011902442509,0.7432506499920859
0.8,0.0,0.0,0.0,0.2369455560514594,0.3853133341397564,0.0,0.0,0.0243588889398696,0.0,0.0,0.6996356406518467
0.8,0.2106062537858897,0.0,0.8574683189854082,0.0,4.10682194882485,0.0752165192092463,0.0,0.0,0.0,0.0,0.6539480749407497
0.8,4.256546916581722,4.333938678701391,3.276251263065932,3.611615565584492,8.822660881642117,1.6768215125928,1.2898627019944613,0.0,1.496240734313575,0.0,0.716836795503978
0.8,0.0,2.180213988496098,3.903286334243014,2.180213988496098,12.20216538722816,0.0,3.1999914992442733,3.903286334243014,0.0,0.0,0.818119397966457
0.8,2.087130088934678,0.3629791459016831,0.7713306850410767,4.446494537295618,8.484637535451844,0.0,1.6334061565575742,0.0,3.0399503469265965,0.0,0.5554853576353355
0.8,6.204430046890065,0.0,0.920970085085244,9.258172960593768,7.755537558612579,7.173872241716637,5.574292620252793,4.60485042542622,0.0,0.0,0.7661051061449736
0.8,0.0,1.646253482220148,9.478429140055397,2.693869334542061,11.723320252173782,0.0,0.0,0.0,2.145118173802011,0.0,0.6122088176811413
0.8,1.634145780041873,3.215577180082396,12.91502310033093,9.699445920248538,17.6593173004525,6.852869400175597,4.691579820120216,0.0,0.0,1.0015732200256642,0.6777810314497189
0.8,0.0,16.794191140593703,0.0,4.749872241784078,21.826793872960163,6.163524694696005,1.7529290416107908,0.0,1.357106354795451,0.0,0.6758760200245967
0.8,0.5350917095421792,18.795096297669044,12.173336392084575,13.176633347476162,12.507768710548438,0.0,0.0,0.0,3.678755503102482,0.0,0.6726707476771713
0.8,2.09332464994822,10.105705206646578,10.105705206646578,16.457862765110143,13.714885637591784,0.0,8.228931382555071,0.0,9.383869120457536,5.558137863655618,0.7794283508112826
0.8,3.123209968122194,11.67094251245662,8.794301752344072,0.0,26.71166420104508,1.89036392807396,0.0,15.04072168858846,5.753281520225094,0.1643794720064312,0.8117501077791811
0.8250000000000001,0.0654227467067731,0.0,0.0074768853379169,0.1271070507445878,0.2504756588202171,0.2878600855098017,0.0,0.0074768853379169,0.0747688533791692,0.0,0.8039508754921074
0.8250000000000001,2.0881518468153533,0.0,0.2225079836770458,4.039375703675602,4.689783655962351,0.0,0.0,0.4450159673540917,2.3620078267255638,0.6332919535423612,0.8185715067912563
0.8250000000000001,0.0,0.0,0.6953359929291107,0.3090382190796047,7.165823704908337,0.0,0.0,0.0,0.0,0.0,0.8427680870470821
0.8250000000000001,3.4947730094534264,0.0,1.6641776235492507,0.0,2.163430910614026,0.0,0.0,3.383827834550144,0.0,0.0,0.8122422199502585
0.8250000000000001,0.614785055671729,0.0,0.9221775835075936,7.7726396324211455,9.090036180289136,0.0,3.2056649331454445,0.0878264365245327,1.8004419487529209,3.7326235522926408,0.8182860391249174
0.8250000000000001,0.0,0.0,6.613133627796621,6.909244088742739,7.600168497617012,0.0,8.636555110928423,1.0363866133114108,6.613133627796621,5.971560962413367,0.7839049382953681
0.8250000000000001,0.6639702054016886,0.0,0.0,0.2553731559237264,8.32516488311348,1.072567254879651,0.0,1.991910616205066,0.0,2.7069554527915,0.8528387046016991
0.8250000000000001,0.0,4.117695441570388,5.561562674328836,13.583047300764656,11.337031605362627,0.0,0.0,0.0,0.0,0.0,0.7683696742742165
0.8250000000000001,0.0,12.47471438309482,2.4493731437126813,18.512703993177244,24.77854226779108,0.0,10.253189903913553,2.335448811446976,15.208898357471767,0.0,0.7290972393392984
0.8250000000000001,0.0,9.11357359468605,12.929882537460834,28.53687731836069,0.0,3.987188447675147,1.9366343888707855,10.195810459055018,6.664300691114175,0.0,0.7751301451127306
0.8250000000000001,17.76560208281564,6.2743594657563175,6.203861044792763,12.055229984767756,16.849122610289438,0.0,0.0,7.331835780209629,7.0498420963554125,2.8904352595057192,0.8155591838046619
0.8500000000000001,0.1336510851788906,0.0,0.0739346428649182,0.1251201648483231,0.9895867583458284,0.0,0.0,0.0,0.0284364011018916,0.0,0.8307699236379601
0.8500000000000001,2.127369331550622,0.0,1.5790782667179877,0.0,4.517918374220908,0.1535214981531376,0.0,3.070429963062753,0.2631797111196646,0.0,0.7391886013261659
0.8500000000000001,0.0,3.630876190941808,0.0,1.2547880953990074,0.1468369047807348,0.0,0.0,1.401625000179742,0.0,0.0667440476276067,0.6715215729350646
0.8500000000000001,0.0,4.798573202866033,0.8648591237723665,8.871780689019758,1.1717446193044965,0.0,1.3949340706005908,0.4184802211801773,0.0,1.869211654604792,0.7412353334819605
0.8500000000000001,4.669967508199358,2.8538690327884964,0.0,0.3891639590166131,7.913000500004466,0.6053661584702871,4.886169707653032,3.2862734316958444,0.0,0.0,0.7179860514024936
0.8500000000000001,3.1932919359721037,5.488470514952053,0.0,4.74004271745859,14.220128152375771,0.0,0.0,9.280504688918924,0.0,1.1974844759895389,0.7669067285683617
0.8500000000000001,0.0,0.3537445620610111,5.205098556040593,5.4072383057897415,12.835874109070977,0.2526746871864365,0.0,7.832915302779533,0.0,0.0,0.6939292630600354
0.8500000000000001,2.270170691497297,1.742224019056065,2.4813493604737897,2.903706698426775,13.93779215244852,0.0,0.0,0.6863306741736014,6.546538738271275,0.0,0.7702877045398445
0.8500000000000001,0.0,3.4696332933971634,1.6228929920728663,8.786006888118623,22.66454006170728,0.0,1.8467403013242965,4.9246408035314575,4.309060703090025,0.0,0.8082784800995814
0.8500000000000001,5.160730454697927,0.0,0.7892881871890947,13.478613658152232,11.110749096584948,0.546430283438604,0.0,9.835745101894872,0.0,5.646446262198908,0.8081029387883395
0.8500000000000001,2.482714322123839,11.4741661914372,2.2143127737861263,5.099629418416534,15.097587093996315,0.0,0.0,5.368030966754246,0.0,0.0,0.7629871175147199
0.8500000000000001,1.5556291847099224,16.66745555046345,12.370955897455095,9.333775108259532,19.55648117921045,7.037370121306791,0.0,11.630180095212276,9.55600784893238,0.0,0.8109797711512089
0.875,0.0,0.5191246141208499,0.0473983343327732,0.7245173962295339,0.1647656383948784,0.0,0.0,0.4514127079311738,0.1105961134431375,0.3205030226311334,0.7591780414892381
0.875,0.0,0.0,0.287134944850856,0.0,0.3726645028915366,0.0,0.0,0.2158603131502889,0.0,0.0305462707288144,0.6442061519066969
0.875,0.2468016893727071,0.0,0.0,0.0,3.233102130782463,0.8391257438672042,0.0,0.0740405068118121,0.7527451525867567,0.9501865040849224,0.7660071097819021
0.875,0.3131794227605891,1.708251396875941,0.0,1.708251396875941,2.2776685291679213,0.0,0.0,0.0,0.7971839852087723,1.765193110105139,0.7041330582807395
0.875,1.456169890020795,1.2029229526258742,1.0446436167540487,9.401792550786435,7.18588184858088,1.1079553511027789,5.223218083770243,1.139611218277144,0.0949676015230953,0.0,0.8168146734416963
0.875,0.0,5.854817853522122,4.329613202604595,0.0,12.300037507399418,0.0,0.9840030005919534,8.65922640520919,7.281622204380455,0.0,0.6792198263610595
0.875,0.727275109004123,12.46757329721354,4.831184652670245,10.181851526057722,2.6493593256578767,0.0,0.0,3.844168433307508,0.0,0.0,0.814675796299871
0.875,6.078433379747157,2.9023150371765705,6.406997346219977,3.3951609868858,1.971383798836916,4.052288919831439,0.0,2.6285117317825546,0.0,0.0,0.7619973069064581
0.875,0.0,10.252787841308855,0.0,0.8403924460089226,14.23064541908442,0.0,0.0,7.731610503282087,0.0,7.675584340214826,0.769470459507851
0.875,5.152867316422582,0.0,6.729038495563606,10.002624790702658,16.610419349409263,0.0,0.0,3.334208263567553,0.0,0.0,0.7815970529331728
0.875,8.122214112004178,6.057244422511589,6.745567652342452,12.596315105904782,8.672872695868866,4.611765639866778,7.020896944274797,11.082004000276886,0.0,0.0,0.7742302828570464
0.875,0.0,0.0,10.95778528138883,26.686307011817693,35.18418131167026,0.0,0.0,18.11388995494888,0.0,0.0,0.806100404412528
0.9,0.0,0.1580464599898254,0.1847048990242538,0.4170141534671297,0.3332304879303548,0.0,0.0,0.2094591638419373,0.0533168780688567,0.0,0.9328934958558044
0.9,0.0049361154967974,0.4615267989505611,0.0,0.0,0.4837393186861495,0.0,0.0,0.0,0.0839139634455565,0.1382112339103284,0.8541271437405197
0.9,0.1492446744122656,1.8738498009540017,0.0,2.6366559146166924,5.920038751686537,0.7130578888586023,0.0,2.7859005890289583,1.1276264288926736,0.0,0.7746506730522527
0.9,0.6095137543806499,2.687401553405593,0.4432827304586544,7.286459881914133,1.9116567751029476,0.0,0.0,3.3800308197472404,1.2744378500686315,0.0,0.8533005657215675
0.9,3.202391921348171,9.369961547648352,4.625677219725136,0.0395357027326934,13.165389009986926,1.0674639737827238,0.0,0.0,3.6768203541404927,3.795427462338573,0.8166769104385385
0.9,0.0,4.502268968007201,2.7405115457435136,17.56863651646288,21.92409236594811,0.2936262370439479,0.0,9.29816417305835,4.306518143311236,1.663882009915705,0.8756096508104042
0.9,4.121390895030559,7.97163765223016,2.711441378309578,17.082080683350345,5.260196273920582,0.0,0.0,4.067162067464368,6.073628687413455,1.73532248211813,0.7901426198404511
0.9,3.907509290457631,0.0,14.653159839216116,9.388876489571809,13.676282516601708,2.9306319678432238,0.0,18.723482016776146,0.0,0.0,0.2
0.9,5.185301049599904,0.0,0.0,13.712240553386412,2.2469637881599582,0.0,0.0,2.4198071564799557,0.7489879293866528,1.5555903148799712,0.7462075837299877
0.9,4.837000308465355,1.4511000925396067,0.8464750539814371,17.231813598907827,23.51991399991279,0.4837000308465355,0.0,1.7534126118186912,1.9952626272419591,0.0,0.9216214609656732
0.9,9.570403566941437,0.0646648889658205,6.725148452445332,14.09694579454887,16.295552019386765,0.0,0.0,4.655872005539076,0.0,5.949169784855486,0.8029645207942347
0.9,7.791169933640621,0.0,3.6750801573776513,11.098742075280509,12.715777344526671,9.334703599739235,12.127764519346249,14.626819026363052,16.75836551764209,0.0,0.7992385286417918
0.925,0.0,0.0,0.0,0.0,0.3395009587814377,0.0,0.0,0.7603891337091107,0.0093013961309982,0.1092914045392299,0.9222610324862429
0.925,0.1259605749087426,0.0879347409740278,0.304206671477718,0.449180163353818,0.2590509936802442,0.0308959900719557,0.0,0.0,0.0,0.0,0.8354936323854438
0.925,2.1866940390454537,0.0,0.0,1.0738229656026783,6.26722130833563,0.0,1.5619243136038956,1.0542989116826296,1.4447799900836034,1.991453499844967,0.8937794547373227
0.925,0.0,0.8342623973817762,0.0,0.7150820548986655,4.97577929866988,0.0,0.5959017124155546,1.281188681693442,2.443197020903773,0.0,0.8558961911295351
0.925,0.0,3.5384016301594845,8.403703871628775,7.150519960947291,6.192202852779098,0.0,0.0,3.759551732044452,3.13295977670371,3.9069851333010974,0.8011022025584686
0.925,4.588214626302709,1.0473098603517057,6.982065735678035,19.2006807731146,12.168743139324576,3.9897518489588775,2.942441988607172,11.3707927695328,0.0,0.0,0.8768566190245626
0.925,0.0,0.0,10.279415382363936,12.019845500012856,12.563729911778143,0.0,0.0,4.7861828235345305,0.8158266176479314,3.426471794121312,0.786039425613288
0.925,3.0189114998255464,17.16307093419338,9.112640267991926,6.876409527380411,13.081949832577369,5.534671083013501,0.0,0.0,6.037822999651093,1.7330788239739248,0.871715360556165
0.925,9.024527718118298,1.7695152388467252,0.0,11.383881369913931,9.555382289772314,4.305820414527031,0.0,6.547206383732883,4.659723462296376,14.215105752068691,0.7682652868439879
0.925,0.0,0.0,0.6742374315106472,5.516488075996205,5.761665323818258,0.0,0.0,13.546042942168455,0.6742374315106472,2.390478166265022,0.6706536051478579
0.925,8.49114125643138,0.0,9.569381415978222,21.02568311116342,20.68873306130503,0.0,0.0,13.814952044193914,6.199880917394341,4.919470727932467,0.826121487459213
0.925,4.502810519367603,4.650443651150147,4.281360821693786,36.02248415494083,15.796745100732243,0.0,7.676922852692306,0.0,0.0,0.0,0.8595226246580455
0.9500000000000001,0.3435419202953483,0.0,0.0,0.3919281062524396,0.2516081669768748,0.0,0.0,0.1330620113820011,0.2491888576790202,0.0,0.756999965802185
0.9500000000000001,0.20593044797965,0.196462381405873,0.2958770804305317,0.0,0.4165949292461885,0.0,0.0,0.0,0.0,0.0,0.5996263281319643
0.9500000000000001,0.0,0.0,1.2993168198544869,3.8773263830578335,1.1755723608207262,0.0,0.0,0.3093611475844016,0.0,0.0,0.6503134556817807
0.9500000000000001,0.0,0.0,0.0,0.3654811937316477,5.999982930427883,3.746182235749389,0.0,0.0,2.436541291544318,0.0,0.6926939002122696
0.9500000000000001,0.0,0.0,4.583193576235126,0.1273109326731979,12.126366337122104,3.0872901173250504,0.0,0.0,4.32857171088873,0.0,0.6495813437221375
0.9500000000000001,0.39606973934247,2.425927153472629,15.991315725952228,1.6337876747876887,7.475816330089121,1.8813312618767324,0.0,0.0,8.862060417787765,6.386624546897329,0.6749216206625076
0.9500000000000001,5.890703979712998,0.0,4.690745761623313,0.1090871107354258,9.872383521556044,6.217965311919275,0.0,9.763296410820615,5.945247535080711,0.0,0.7543689764892827
0.9500000000000001,6.921828873398086,3.3751066407478274,0.91528315681297,13.271605773788066,8.809600384324836,0.0,0.0,6.750213281495655,0.0,6.693008084194844,0.728255502157546
0.9500000000000001,0.0,11.916962507996816,8.048629128437641,4.617043065925468,27.515080973961236,0.0,0.0,2.1213441113711613,0.0,0.0,0.7667007536039919
0.9500000000000001,0.0,0.0,13.188423701121836,4.643811162366843,27.11985718822236,0.6810923038138036,0.0,0.0,10.897476861020856,0.0,0.7121218922267993
0.9500000000000001,0.0,1.9455714648193976,6.184137870318801,22.02664836956247,16.815296231653367,0.0,0.0,0.0,0.0,0.0,0.6833471775309519
0.9500000000000001,0.0,18.619801828946724,4.888596619182923,0.3594556337634502,21.135991265290876,8.339370703312046,0.0,0.0,5.248052252946374,0.0,0.6767435008733523
0.9750000000000001,0.0610215488855554,0.0,0.0,0.0474612046887653,0.6215157756862124,0.0,0.0384209752242385,0.0,0.1469037287985593,0.0,0.6639971565357352
0.9750000000000001,0.0,0.0,0.0273196420458937,0.0,0.3574319834337763,0.0341495525573671,0.0,0.0,0.0,0.0,0.6578361677965343
0.9750000000000001,0.0,0.0,0.0,6.161935534937243,3.8408477101178327,1.243439906153255,0.0,5.111919614185605,0.497375962461302,0.0,0.7410251383843576
0.9750000000000001,0.0,0.0,3.2776968040542087,1.0415111339985337,2.818206597878385,0.0,1.715430103056408,0.0,0.5207555669992668,0.0,0.6801452528853709
0.9750000000000001,1.9300618076813127,0.0,1.5983324344860872,0.0,7.569461152000149,3.3776081634422974,0.0,0.3015721574502051,0.0,0.0,0.7677923478743813
0.9750000000000001,1.223749989593478,6.70614994297226,0.0,11.503249902178691,0.0,0.2447499979186956,0.0,3.181749972943043,0.0,0.0,0.7568352182932528
0.9750000000000001,0.0,18.360577815749444,2.42295015163849,3.5536602224031184,14.376170899721703,0.0,0.0,1.7229867744984817,0.0,0.0,0.6923734947121396
0.9750000000000001,0.0,0.0,3.775156819170266,7.212239893340208,20.67884406918638,0.0,0.0,9.409719235842305,11.043742336677193,0.0,0.7326911868118273
0.9750000000000001,2.8737996963945323,3.1083955899777598,0.0,0.0,13.723859774618788,0.0,0.0,5.688950419393258,0.0,0.0,0.7103463929033211
0.9750000000000001,0.0,0.0,0.7822557446406958,0.0,9.928630605054984,0.0,0.0,1.9255526021924816,0.0,0.0,0.7206441672448837
0.9750000000000001,0.0,2.331565772992918,5.958445864315235,24.93480062784093,8.484308785057562,0.0,3.108754363990557,17.745806161112764,7.059463034895224,0.0,0.7774581978423989
0.9750000000000001,3.769409510874938,0.0,1.0668140125117749,7.823302758419683,3.982772313377292,0.0,0.0,3.2004420375353244,0.4978465391721615,11.379349466792265,0.7092561377136692
1.0,0.0,0.0,0.105063410988353,0.0542827623439824,0.2871733233681651,0.0,0.0017510568498058,0.1681014575813649,0.1856120260794238,0.2346416178739885,0.6593657632027403
1.0,0.0,0.0,0.0855291836320438,0.0,0.5131751017922633,0.0,0.0,0.1073664220061827,0.0200174685096272,0.0,0.7513962781190606
1.0,0.0968079276058893,0.0,0.0,0.0,0.1754643687856743,0.0,0.0,0.1104215424254675,0.0,0.0,0.6842951858258842
1.0,0.0,0.2108972438289648,1.2270385095503409,1.5913155670730983,3.2401485642813688,0.0,0.6135192547751704,2.875871506758612,0.0,0.6135192547751704,0.7677838264515061
1.0,0.0,0.0,1.220004379491243,2.294770142376385,4.27001532821935,0.0,0.0,2.991915502085668,0.0,0.0,0.7193182338454096
1.0,0.0,0.0,0.3677839618873774,1.287243866605821,16.41235929922422,0.0,0.0,0.0,6.160381361613572,0.0,0.7245823428269337
1.0,0.3168673328653673,1.9540152193364315,9.136341430951422,2.006826441480659,18.272682861902844,0.0,0.0,2.429316218634482,2.059637663624887,0.0,0.680413349958925
1.0,4.938113932846347,0.6243592328886185,5.335433444684559,0.0,23.78241078003011,1.362238326302441,0.0,4.256994769695127,7.265271073613015,0.3973195118382118,0.7223461794406095
1.0,0.8916298516846481,7.905784684937213,1.4860497528077468,15.692685389649808,2.7343315451662544,0.0,0.0,5.944199011230987,0.0,0.0,0.7588320717204813
1.0,0.0,0.0,0.4358828865150079,6.53824329772512,13.387831514389532,0.0,0.0,6.289167362573688,13.138755579238095,1.556724594696457,0.7386448209277179
1.0,11.46265976595934,0.0,0.0,2.279506203457823,0.130257497340447,0.0,0.0,0.0,0.0,0.0,0.6836524270718239
1.0,17.074043661053725,0.0,1.3604815666178267,0.0,14.080984214494505,0.0,0.0,1.7686260366031747,1.700601958272283,0.204072234992674,0.6528426139913172
1.0,0.0,0.0,0.0,0.0,9.4824137623511,0.0,0.0,0.6827337908892792,0.0,0.1517186201976176,0.6228825085061392
1.0,6.6153892371392935,0.0,0.0,5.647283495118908,19.03941292640089,3.630396532576441,6.050660887627402,0.0,0.0,0.0,0.6944129552537467
