frequency,756.4304381940102,756.5432460521732,756.6560349663642,756.768804932876,756.8815559480013,756.9942880080325,757.1070011092626,757.219695247984,757.3323704204896,757.445026623072,Max_Oxygen_LifeTime
0.2,0.0,0.0,0.0,3.9898697524688114,0.0,17.829730456345015,3.2417691738809067,82.16638021490465,0.0,50.49678905468345,0.45973694591830416
0.2,5.272575020403461,21.090300081613925,0.0,63.09514774416161,0.0,44.11387767070907,71.0040102747668,151.14715058489963,0.0,85.76722033189655,0.971616363897645
0.2,0.0,49.58551900839316,50.86239932620584,49.37270562209103,28.729807150785746,101.08635849350534,12.768803178126984,243.032887157017,0.0,101.5119852661096,0.9117780783164717
0.2,0.0,4.590954528670017,15.93331277597239,1.6203368924717731,37.8078608243413,38.34797312183187,57.5219596827478,172.56587904824346,9.181909057340034,28.625951767001272,0.9391676774955388
0.2,0.0,22.08614824203557,0.0,32.60336169062394,29.448197656047427,85.71528960599515,13.935307819379563,141.19359054729873,3.943955043220624,183.2624443416522,0.8415457954533347
0.2,0.0,46.89431624945104,101.79497917563752,10.007933345919437,61.76324579195987,65.76641913032762,30.881622895979916,248.19674697880168,54.90066292618653,114.09044014348144,0.8653322467273351
0.2,2.2098283640726946,0.0,134.16815067584434,95.96968895401574,115.85814423067032,0.0,84.28916760105984,249.39491537392243,10.102072521475332,100.07365591586512,0.7316352996703497
0.2,0.0,112.31835487758528,202.3816796865468,237.5028990135936,4.5205529826892095,200.9907403072578,66.7650902058711,374.5104278735582,0.0,234.7210202550156,0.6677301296999959
0.2,0.0,187.01159955831207,96.19938248884364,0.0,0.0,116.97844910643389,0.0,294.75490794581697,104.28013061790656,207.0210711159916,0.7000370427067865
0.2,76.49660023757723,0.0,0.8452663009676622,106.08092077144693,0.0,95.93772515983446,128.48047774709102,370.6492729743383,184.2680536109595,243.85932782918275,0.6751327152436368
0.2,106.224256094527,0.0,299.90037819791024,184.5188586469585,142.853309920226,417.57121361296817,222.9793651639424,577.3654609275798,42.12341189955379,446.8744566735274,0.5234310677705861
0.2,34.508557944837214,299.7609063267948,186.4492235228517,398.6511022284178,0.0,293.5802690829433,195.7201793886289,375.4737125639749,280.70394149158614,341.9952608264463,0.6944522570889506
0.2,0.0,0.0,150.26283553791382,34.93195069700584,99.25109801212764,532.2963915734218,438.5900476401839,787.909554610242,396.4499166406214,271.6929498656008,0.6630253734709786
0.2,0.0,286.3713093678658,338.822475504717,422.6237639302609,174.83722045617074,522.7030004672413,110.9312019446048,502.204843586173,297.8261617425804,461.2085298240366,0.79822163316433
0.2,166.4474998825078,604.1913184711503,231.9780116472746,164.48158452956483,305.3721848238136,466.57724376514,255.56899588259068,696.5893400594716,401.7020371180208,576.6685035299482,0.7036243975064377
0.2,336.26596518579,174.00662390618393,59.47061829705017,872.969940187564,202.64062530846735,453.73879145156826,537.438180165935,629.2138256860743,314.9740154251177,698.2291111172191,0.7339582087744879
0.2,56.18886476330756,164.4949374230166,744.2988752704807,539.0873691784006,241.8564178942372,1157.979212948166,594.461902568327,1205.2104326042795,360.74879840790254,868.0772440244338,0.7500676178642665
0.2,858.1567427340851,775.1681523102789,768.7844145853707,869.1002931196421,802.527028274171,817.1184287882468,853.5969300734365,1428.133325315173,201.5437196006725,1116.2421393268016,0.6612667032813783
0.2,907.7712937676696,744.756026224884,1132.583198679616,1313.7112737271557,770.3270485845367,1325.4313256419966,1213.558102818516,2214.0243526399267,948.2587458371196,818.2727155088853,0.5525249130712094
0.2,670.7743108884926,1195.3832736272968,1058.2824431923175,859.9961181830506,337.6532848729237,1374.407498492807,661.7097931737832,2227.605228389825,985.7663014746428,1002.7622721897231,0.5601010204217014
0.225,0.0,0.0,30.40911512076037,83.41959958803183,0.0,48.49021059796924,7.602278780190083,94.72028426128736,0.0,121.6364604830415,0.8247662403650454
0.225,0.0,54.43385397653022,13.670602596845482,72.08135914700345,0.0,46.97716165097813,70.09290786018954,274.1577211694648,0.0,64.12755399974793,0.7810588398643363
0.225,0.0,0.0,7.872876248844204,14.659838532330555,43.97951559699171,188.6775514809212,0.0,226.41306177710536,0.0,214.46800815816945,0.8336496532846075
0.225,0.0,4.590954528670017,15.93331277597239,1.6203368924717731,37.8078608243413,38.34797312183187,57.5219596827478,172.56587904824346,9.181909057340034,28.625951767001272,0.8326921862102807
0.225,0.0,80.61811783940568,168.31339869524768,112.92690552313692,0.0,177.2367781507544,7.384865756281403,249.54692201434344,0.0,156.62069458113544,0.6972630871582721
0.225,0.0,0.0,13.829610326945645,0.0,9.21974021796378,220.28593592206303,0.0,364.509015045925,0.0,68.16022232566081,0.8245197440059927
0.225,0.0,0.0,34.66533415131698,138.31468326375474,0.0,198.97901802855947,0.0,323.77422097330054,16.986013734145313,35.35864083434335,0.8684417707442
0.225,0.0,58.43960083150472,0.0,195.7912741233852,0.0,129.90713815410916,59.18405434528181,360.6877274250194,0.0,150.7518365398688,0.7852449718092277
0.225,0.0,34.47593461337238,39.34312538231902,239.3035461398787,0.0,236.86995075540537,3.244793845964422,580.8180984276378,0.0,146.8269215298917,0.7001181046785798
0.225,68.6128251921626,163.066844287867,149.25517168424983,281.1343681574975,216.0858455727199,409.0037241974368,246.3824177354929,476.27993591183,0.0,381.8259168161257,0.8729390368811302
0.225,0.0,130.4179693656587,30.462591384679367,112.33080573100526,209.43031576967084,566.8897865492681,0.0,405.0572698181588,52.83355693280333,355.07958082766925,0.9409197834843136
0.225,0.0,30.828318908685475,144.73634470687895,272.75224525989466,0.0,332.8413414378408,70.0168598943024,558.567337514995,12.017819235589243,261.2569399041138,0.8786739544765398
0.225,0.0,305.91366531907204,189.16129396793997,400.2136575642172,359.7993751734407,213.8589109845256,122.36546612762878,670.7648257913597,197.58093613268505,289.6356904672316,0.7488796733202973
0.25,0.0,46.35979573205452,0.0,16.7854432822956,0.0,34.84977748133752,0.0,172.6502737607547,0.0,4.795840937798753,0.8907084191471129
0.25,0.0,0.0,39.56145118049364,140.79222331881567,0.0,97.93398453994752,0.0,108.98791942861487,0.0,56.23931785462335,0.9102083319707164
0.25,0.0,18.407994451422777,56.40398299859028,0.0,41.06398762240466,142.0719571763655,50.267984848116015,149.8599548288905,25.959992175083396,59.23598214496304,0.9443221441693939
0.25,0.0,0.0,0.0,0.0,0.0,0.0,0.0,149.92487120757508,0.0,27.831937562176822,0.843301338754155
0.25,0.0,42.34133619185437,0.0,74.09733833574512,0.0,125.84786034801157,0.5880741137757257,264.63335119908976,0.0,259.63472123199585,0.8709211639441403
0.25,0.0,0.0,21.350868045891254,0.0,0.0,166.16545131367556,94.99589116070466,285.91597209280496,0.0,211.96151610776124,0.8162583665516217
0.25,0.0,158.07891549607635,68.31385283442127,175.89992058331669,0.0,139.26785457065597,15.510874798153605,516.4791289172432,33.0018612726673,74.25418786350146,0.8839646218926953
0.25,38.60648081764959,0.0,227.99676407404408,55.7244487273622,189.39028325639447,91.78144496271422,162.8028011838621,341.6309340278807,30.593814987571424,89.59617246360203,0.8620823431292292
0.25,0.0,81.96288304106062,108.50324516864217,48.00683149547839,213.4937953498103,199.83331484296684,71.81509752169117,197.49151818465083,0.0,111.62564071306358,0.920458161603352
0.25,0.0,0.0,177.8723757275347,69.28995158982347,186.3223698238546,85.34494037283135,211.2498524079984,472.3546699842845,246.73982761254211,464.7496752975966,0.8298172285604452
0.25,41.78737473935343,69.34926020573549,20.89368736967668,107.13571608706567,274.2852150444794,188.93227940665116,272.0624823455776,265.3942842488723,0.0,101.3566110699211,0.8914172453042928
0.25,0.0,45.53096070346805,0.0,352.7451271342365,57.9920657381014,265.0381186212402,172.05910413205285,531.9933303247318,139.46852173378102,211.3595123182044,0.8738477512417712
0.25,183.6770997333468,0.0,179.02049720489578,307.3357668777691,70.8838384886437,105.03225703061806,0.0,274.22214889767275,28.9744157325843,311.4749691252811,0.9391192474088602
0.25,0.0,272.9140611845572,32.815317978103046,336.3570092755564,205.0957373631441,419.4891481534173,88.60135854087821,444.1006366369947,22.970722584672107,579.7372842798206,0.9311141893419929
0.25,124.0694235456332,403.679539048475,482.3577100774132,652.4236028399641,232.4032128854789,532.5906961958891,328.02745152064983,968.346720356162,128.30594044719143,620.952334428389,0.8825515117549522
0.25,289.7468279036965,157.98557724550346,363.9424836141353,370.3386608305525,451.57011147905024,699.7417874760353,92.10495191640676,676.0759317752919,256.48670637832737,741.9565571043885,0.9153880401320287
0.25,231.0123452162157,261.9035309137331,584.2463381921737,304.2110243690284,330.4013774604017,628.5684741929592,581.5601481315199,1024.1099606242124,440.5351699472021,443.89290752301946,0.8366406301068983
0.25,321.59364085262814,254.4477158394421,330.78203059127463,517.3770222068655,407.11634534310735,969.7285170325404,347.0384124365723,747.7935648836936,348.45201085790256,438.2155106123725,0.7023520808996986
0.25,358.64365782359994,280.874612021851,885.6610750043847,384.31499333097344,807.1369899230071,585.9104809918181,212.921076855274,961.1650029672478,432.6375072272057,831.2982468711233,0.755610973873429
0.275,0.0,23.196102849993395,0.0,0.0,0.0,80.08581494924718,0.0,91.26057982588632,0.0,0.0,0.7349682530279553
0.275,0.0,0.0,0.0,11.716920817324414,0.0,35.15076245197321,0.0,142.86420996562208,0.0,122.92488857473674,0.7725901930008846
0.275,0.0,0.0,0.0,0.0,0.0,135.20190928016427,0.0,104.4742026255815,0.0,100.21959708879314,0.7802447031227839
0.275,0.0,0.0,43.71285536308385,72.23282806948613,0.0,6.930086825854787,0.0,270.00684440734113,0.0,115.41259983058116,0.7744336608163489
0.275,0.0,221.0138354043825,54.278838817087134,29.088659476560547,0.0,191.3254097530475,23.69076390359049,317.57618954306787,52.17965720537658,194.32424062691976,0.8173128926325012
0.275,0.0,0.0,66.5115077416977,93.50168479629968,0.0,141.05580627345554,0.0,301.0689988114529,0.0,54.30166574080639,0.7840962965634557
0.275,84.1321389873704,5.885787501174065,0.0,246.1644066667504,77.90012869200962,237.16261401789592,29.775160300056992,288.7498103517156,59.20409780592731,230.5843809283485,0.80167380927598
0.275,0.0,0.0,143.60696661245507,173.9159746412145,39.69036765670869,180.4107620759486,46.90679813974662,376.3368496904288,199.17348133184723,295.5128282804039,0.7916037598162216
0.275,0.0,0.0,87.57449869685631,0.0,0.0,256.6047538235397,0.0,236.33642006400524,54.3038376198847,88.7217628719244,0.766825166377979
0.275,127.52367315694906,353.95184529701044,19.78089979662243,279.8786886117859,158.2471983729797,449.06851240417376,206.64727234343883,497.4685863746329,56.3966079307959,380.04579822021446,0.8298172285604452
0.275,0.0,0.0,247.348525254239,342.34787035188486,89.30814009179605,228.5237702348899,378.6840253892332,217.1413602231904,0.0,94.99934509764584,0.8419934897076728
0.275,0.0,117.77510754670185,17.619897979427826,381.1462141865704,47.29551562899054,332.9233355060311,90.88157905178564,559.6636016097209,82.99899311362054,350.5432334854591,0.7573560230931569
0.275,0.0,59.64682347635739,191.26419428782373,138.51865617236717,0.0,156.26481852896933,55.2102828872068,310.06489228618835,39.43591634800485,414.5700706084015,0.8159663184531726
0.275,0.0,0.0,154.24000361527297,281.38379037921425,0.0,22.40648701167816,103.6951375656733,574.7524459042097,92.75243460648169,528.8973096942638,0.8465959102028908
0.275,0.0,308.53083611066546,342.435323595354,255.4138057179868,252.58843176092944,373.5144371229851,0.0,677.5246749023588,287.05799403702935,448.1043095892998,0.8661823154686811
0.275,78.34431528416555,231.44465660284027,147.71790744419002,322.94603246907946,0.0,603.4306421505576,368.39769629806096,692.5398251836924,272.1119347656132,426.4083725008401,0.8753687785904483
0.275,256.729937774702,236.7412321572071,254.23134957251517,475.98105251660087,271.72146698782336,488.4739935275353,275.4693492911036,885.7495176752493,0.0,462.238817404573,0.8164756490907241
0.275,0.0,135.3833338845889,124.21092283586056,228.70582617396565,60.46245979311743,588.8517823329689,283.2534801177562,765.6387571628446,0.0,473.1844679461359,0.8361569321063043
0.275,0.0,529.767423165696,510.6192030512732,223.3959013349321,387.9287556514535,677.9888307180794,669.4785106672248,978.6868058482736,152.47656757781078,627.6361037505235,0.7819711433974208
0.275,576.8640027632312,392.20843209638383,578.3412473285659,491.183817973814,615.2723614619354,514.8197310191704,545.1032446085334,1138.955559873115,370.78838589902944,610.1020054832636,0.8320106428086772
0.275,0.0,33.494012872674865,513.3152205370387,733.7525610711542,719.7318114965461,458.790083302452,542.1356502181775,857.6025156468586,443.9904031959212,606.7868843677592,0.8289673586522995
0.275,444.7623135309569,312.22802266158595,853.7484994652738,678.1202367181317,143.10451038656018,672.4285800550299,970.8340079633684,966.7685389182956,491.9217544538007,687.0642686172918,0.8365105221819555
0.275,259.0953643590109,482.2765197969708,624.2231550563628,539.5682340281712,792.6778969003402,573.7722425244101,359.14208921051,933.7694319473262,271.06676733269444,786.6921954134986,0.773445122916722
0.30000000000000004,0.0,0.0,0.0,6.19801075731418,0.0,8.50424731817527,0.0,82.59209683583785,0.0,86.33973124723714,0.7407217240849905
0.30000000000000004,0.0,0.0,0.0,0.0,0.0,48.14651649091977,0.0,146.73224073423168,0.0,4.203267312699376,0.867026873689901
0.30000000000000004,0.0,0.0,0.0,0.0,0.0,72.13492106205227,0.0,95.0562978481249,0.0,160.89907626302002,0.8479892845776956
0.30000000000000004,0.0,60.55179546390144,68.43879403272892,51.392700351714645,0.0,48.08524933898056,34.855445288044095,176.31258090959534,0.0,51.13828104304282,0.8758760872989872
0.30000000000000004,0.0,0.0,98.95494908676868,189.04826094188647,36.03732474204711,137.35537709058934,0.0,346.19462784982954,0.0,249.01200620939116,0.797632544766235
0.30000000000000004,0.0,0.0,49.28979610789088,97.93104226699374,0.0,0.0,71.01621939229017,207.21170863777817,78.15026882895857,31.130397541825847,0.7840962965634557
0.30000000000000004,0.0,0.0,31.721543085116096,148.48381869628807,46.23246173043515,117.77466528410125,53.99411588955931,349.61190038489644,0.0,263.55877818591136,0.8105519957228438
0.30000000000000004,0.0,0.0,19.846324679316,278.583594572621,52.556007947077575,152.52268040585452,62.11164575563711,287.40418331898366,12.128309526248673,135.98407650642451,0.77806321886658
0.30000000000000004,0.0,13.60755392279336,72.31442941827318,145.40643334642027,92.53136667499471,174.5654774666917,0.0,423.7781078812784,0.0,463.8231951397845,0.6703456165782044
0.30000000000000004,0.0,121.8377068509875,61.53836718914282,184.2020923916624,0.0,190.39723002815327,0.0,249.45754216269967,0.0,277.5421661147918,0.7814791732500574
0.30000000000000004,0.0,69.42070182093713,0.0,170.08071946129598,0.0,169.21296068853422,90.68079175359912,150.55614707415734,0.0,344.5002327864005,0.804430205528871
0.30000000000000004,0.0,7.443796545084675,127.47501583457392,175.39445609355613,184.69920177491187,279.14237044067283,0.0,402.8954880027044,0.0,271.6985738955883,0.8523502692667881
0.30000000000000004,87.71541813547579,49.12063415586652,133.32743556592322,134.3298974874715,231.56870387765616,448.60170989286206,235.07732060307512,429.5549333834444,0.0,472.6607960100212,0.8192687141174579
0.30000000000000004,124.88173673493648,109.40052970167991,310.6562211340155,365.8725262192974,6.708523047744551,70.69751211853841,0.0,679.6249887599643,131.0742195482391,203.31985237010323,0.7077329333746215
0.30000000000000004,63.70847556011936,182.2616387763416,40.4410323120758,219.9327373684121,98.6096404321848,190.57143993635705,0.0,680.8497083772756,42.10299254407887,337.93191384063323,0.7396000724320938
0.30000000000000004,32.603543057524824,80.92665151778482,371.44750840537193,310.31586517251293,382.50942479988936,631.111440613516,590.9392179176372,634.6046773696794,10.479710268490145,347.57705723825563,0.8241658209092182
0.30000000000000004,80.68914970148454,239.0110419187913,370.4365509022699,205.39056287650607,293.41508982358016,118.58859880369698,438.9000718611052,619.8393772523129,314.8099401232161,418.7277844357341,0.8088869096929134
0.30000000000000004,170.39935930880964,24.52718050657117,420.18932920467824,590.5886885134879,243.33544870992895,588.006880039112,41.95438770860842,740.9790321458843,240.10818811695896,464.0800732690688,0.7500953902929088
0.30000000000000004,7.533974439489744,280.1268677955732,140.40588728139974,632.1689461499121,165.062530901548,528.7480242987348,334.9194091736804,736.2747747683158,161.6379970654163,474.64038968785394,0.8399572348441947
0.30000000000000004,0.0,256.6957179078285,257.4127450528224,644.607403349547,483.2762957259118,815.9768910030972,318.36005237730683,1027.499898776308,0.0,623.8136161447229,0.7962337857581046
0.30000000000000004,0.0,45.5126206171865,238.75473110655207,549.8819900797778,580.4724400028049,544.6592303368219,411.85191115880224,631.207820362947,135.7917533168515,931.8895598502612,0.8213576247342389
0.30000000000000004,313.312319192218,458.5824421259532,489.2069545282,625.8393944766862,383.1990269819609,378.4875635354613,361.997441472713,1046.730129030643,283.473050697721,640.7590287239345,0.7957711616736298
0.30000000000000004,385.57972164883455,0.0,432.04493123442353,463.8369167403528,516.823559250235,466.28245408696273,372.5368558002482,695.3477855527609,313.84395948160955,577.1468137999469,0.8035843122847343
0.30000000000000004,429.0927161929827,517.1560100595507,1141.3693577608112,858.1854323859656,442.0432005851251,909.9873699545348,414.4155005485546,1072.3001076693854,606.9460351784041,757.1716541272555,0.7433503506397324
0.30000000000000004,463.22585836405534,744.2739582015356,631.6716250418937,682.0222618205954,200.4870809915576,809.2720529522235,1000.6044727112896,1540.7294854282711,508.0836984032624,1137.9243911986582,0.7786844305942255
0.30000000000000004,547.9846731358344,950.410917469963,679.2726677412948,1279.5822662633634,1028.4226244094395,1139.7320111401557,715.424434371784,1512.6660248020428,881.9128333279835,1193.00829880614,0.8174794864497246
0.30000000000000004,789.0580756191205,721.9881391914955,782.1538174574533,1003.090078630807,608.5610408212468,1313.7816959058357,602.6431052541034,1350.27563190322,724.9471069750671,800.8939467534075,0.8171196267616777
0.325,0.0,0.0,0.0,61.46759887026828,0.0,0.0,0.0,79.1652108843301,0.0,54.198936793064334,0.6904838691894314
0.325,0.0,0.0,24.539102319192075,47.63472803137287,0.0,102.12596994604938,0.0,119.08682007843214,0.0,41.49995245157486,0.7902560967884147
0.325,16.937085549555817,0.0,0.0,54.84389606522844,0.0,45.77045737796639,0.0,121.3824464384835,0.0,36.4953867198763,0.7698843571903901
0.325,0.0,0.0,57.67953281402707,43.25964961052031,84.11598535378953,88.44195031484152,0.0,86.99996199449085,0.0,0.0,0.8540364758011214
0.325,9.144041382287948,91.14544474603169,29.496907684799893,288.1847880804949,0.0,181.1110131846713,0.0,363.4019026767346,0.0,266.65204547059096,0.911080856110562
0.325,0.0,18.18528541136049,121.12699032924036,169.1881017735502,0.0,42.54057837300397,0.0,307.2014285561968,0.0,235.109761389732,0.8393893428768292
0.325,0.0,0.0,121.35336675300982,41.288867386379074,39.49369923914521,283.9956008923987,56.00924619369681,430.122288077236,0.0,245.21996891214712,0.853862127489083
0.325,6.820092661211237,0.0,12.88239724895465,162.92443579560282,0.0,157.9988133180613,261.43688534643235,447.4738573828068,0.0,65.5486683549751,0.7881536447098433
0.325,0.0,69.9360588718739,116.28902812416236,153.69668752074605,101.65124836028184,348.460479379046,72.37568883252061,354.96615927410403,0.0,353.7463442937807,0.8422857745123126
0.325,0.0,120.0327494460273,0.0,73.96384208822101,0.0,348.2640336039664,0.0,411.2389620105089,0.0,176.66791995929373,0.8507270960130764
0.325,4.531169522666639,0.0,98.32637864186636,250.5736746034659,0.0,388.7743450447988,179.43431309759944,525.6156646293316,269.6045865986658,328.5097903933324,0.7855066817485893
0.325,0.0,50.99104768622745,321.48641493602446,117.03659516553157,0.0,544.875766704259,186.96717484950065,364.707398212922,0.0,487.5715416854511,0.7770964449164884
0.325,0.0,0.0,182.39756969969807,141.8647764330985,8.10655865331991,233.57022119878008,99.30534350316896,264.9831359803947,37.999493687437074,222.9303629662978,0.7981384129485255
0.325,0.0,163.64817018294457,347.132482206246,597.2882709707471,0.0,464.4963214283577,587.9212039905786,772.5075238938999,71.63051220128884,367.5196279866129,0.786338007417429
0.325,0.0,46.32803992071176,201.34878888617024,275.59244260525963,184.1242612233416,237.57969190108585,397.9459839343188,769.7582017595181,112.256404423263,415.17051159714765,0.8731201779845464
0.325,0.0,321.139341622264,270.8020241854408,512.2937116355163,361.2817593250469,633.9953272106202,200.7120885139149,919.4525197637436,191.7915512466298,533.9578735703515,0.8598952948851466
0.325,0.0,134.74046307945636,336.5192846368686,362.40538345508935,270.14467228245667,605.3364646722371,96.24318791389727,608.6551952899576,288.0658176181479,690.2959684858844,0.7899872613901785
0.325,157.6652033930755,230.21910229962347,294.40139748618515,266.4960517528976,264.4031508229009,750.653800225439,496.0175204091887,500.20332226918185,192.54688555968517,533.6897371491273,0.9136288311130605
0.325,18.57611831816377,307.620519348793,748.9890905883653,679.1428857120694,565.4570416049069,954.8124815536204,315.0509666760585,1145.774977864345,65.38793647993667,669.4833041866244,0.8563762312848724
0.325,44.56873974828027,179.05686670800358,463.67127492509206,810.0563926178673,671.6587270837338,641.9462339182134,216.5884370223448,1069.6497539587283,26.58486230599181,971.1293818835824,1.0
0.325,222.09388912779912,263.840860768363,389.0817756900541,844.1237665721991,832.4346145128412,909.2490423314786,583.6226635350812,1161.4007510404836,490.9443864930297,782.3382485441648,0.8517081958335102
0.325,408.9340994364254,550.5220349402201,233.04846527022093,922.5201512017428,414.2106684614117,722.8899564231004,448.5083671238214,1291.000554779941,194.353625753656,719.3722437397765,0.8584751997628941
0.35000000000000003,0.0,0.0,23.096777922096045,127.66219069667636,0.0,140.6803746164032,0.0,209.1308255491606,0.0,93.22699452191496,0.8523549816245227
0.35000000000000003,0.0,0.0,8.016074548321132,0.0,6.60147315744093,38.90153824920546,0.0,189.32081947946656,2.593435883280364,15.79638219816226,0.7463067162827757
0.35000000000000003,0.0,0.0,0.0,46.72942102683247,23.76072255601652,97.15495445126749,8.712264937206054,231.2710328785607,0.0,200.9101096125396,0.6192042971891081
0.35000000000000003,0.0,52.55667402833126,0.0,88.53129582312486,0.0,108.76702058269626,0.0,251.8223525635551,0.0,125.9111762817776,0.5540864987958815
0.35000000000000003,0.0,0.0,0.0,134.6562916361394,0.0,97.07779164465865,71.39914998381342,232.3603916139893,0.0,124.00904997188655,0.7302500020489329
0.35000000000000003,0.0,152.67597593233472,0.0,15.201504097158889,66.75443103534984,217.77806956581935,54.19666678117508,243.8850005152879,144.41428892300922,238.9279883096927,0.6804298684094228
0.35000000000000003,0.0,108.75056292688564,66.7096104855017,0.0,27.10077925973508,224.10259772473228,168.51125565348082,235.2208661389826,0.0,197.00181846499729,0.8338688810904584
0.35000000000000003,0.0,0.0,174.07008617192247,158.1783373282013,33.63137545996807,87.2198308632138,57.65378650280232,321.1611568649695,10.348115526144015,220.2670304850654,0.7947853517880402
0.35000000000000003,0.0,124.00079661934802,126.35524212477868,242.90029464359623,51.40539353523603,117.3298676872945,133.41857864107064,379.065726374336,0.0,67.10169690477383,0.872504444314464
0.35000000000000003,80.9990092841146,94.00921284788434,207.7435730343872,287.4835303607176,180.8837979349917,224.1112484855813,142.69255521553865,350.43612824992584,0.0,133.03982353919343,0.8146116015808736
0.35000000000000003,48.6405858803184,23.204683172262023,269.9775638311252,37.93073210850521,10.263609864654358,394.47961392845394,162.8790261129928,281.1336615100972,0.0,176.26634332775944,0.8459107878036762
0.35000000000000003,0.0,0.0,299.52797885335804,115.01874387968957,23.962238308268653,384.354302464629,225.7242848638906,406.39956170823626,0.0,501.7692701751455,0.8494062754673287
0.35000000000000003,0.0,123.13039244522324,305.4681650875111,377.77452320428046,118.41476039412952,354.72032206560044,141.99292064959775,622.9873898611504,5.763550284670021,550.1570726275929,0.794213019500791
0.35000000000000003,0.0,103.05848845875076,32.51577978110316,146.5965664707364,63.37821482757399,516.9457870283862,0.5511149115440512,677.8713411992698,0.0,283.27306453367856,0.9166130334041646
0.35000000000000003,90.08619703046928,242.49229748612635,410.32411661138417,348.62124193298064,0.0,528.7936359939192,285.0672810142248,827.4355494373929,22.83006363100932,547.3044983974404,0.8443615931248561
0.35000000000000003,0.0,353.00190944603423,555.6760095462287,484.5387426236439,234.216095811152,328.1709766523017,369.1084604473741,942.9043398701102,297.3000872330668,703.9905000169009,0.5672028010280062
0.35000000000000003,150.14515523506284,0.0,217.67455519724416,568.2527167030369,443.2514869858076,910.9285016175104,515.8096720515555,883.6293824838626,0.0,936.790825007282,0.5053471891170971
0.35000000000000003,294.44383515592824,285.1942905960562,265.92440609632257,289.81906287599224,0.0,565.7638089121763,254.3624753964825,1109.1745518046614,69.3715841990406,812.4183305087653,0.582362436670972
0.35000000000000003,589.0668869920871,618.1674966788222,367.7258860414676,803.3531946853166,417.1087388431995,806.8805413140117,797.1803380851001,1661.3802621154075,245.1505906943117,891.536860402695,0.6153543183338227
0.35000000000000003,399.36238892922654,341.49752972570457,1215.1620432739649,873.6645135482606,730.4252719133124,867.9728880528321,729.4766676640742,1288.2045704652962,544.498839062651,1199.984375286156,0.6006659417228113
0.35000000000000003,858.1876247296219,982.3594630802324,1093.5132861198915,1039.4384532897873,917.269386525477,1310.81400323346,582.8065316133487,1529.1161061401783,742.0268727242122,1381.912394547116,0.6004280235961192
0.35000000000000003,636.5987255231271,1146.3152308388958,1136.470920650394,1551.0257608106433,934.11565566452,2084.8061354760835,1199.912030754073,2393.261188049145,1051.1535656833769,1661.500797370499,0.5690224900158267
0.375,0.0,0.0,0.0,65.56425284673878,0.0,24.87721650567749,0.0,149.26329903406486,0.0,54.171882671241626,0.45973694591830416
0.375,0.0,0.0,11.29451007565103,80.11222262961782,0.0,83.52684195481461,0.0,258.4604166148981,0.0,134.22080578273676,0.5843958185975948
0.375,0.0,3.688459232907293,0.0,42.559144995083976,0.0,157.46883648181063,17.30738563133415,73.20172939154436,0.0,0.0,0.5565096326650063
0.375,0.0,8.524387639092328,61.88073989859582,123.13004367577744,0.0,151.5446691394184,109.23844900466408,211.84681873447855,0.0,29.361779645762358,0.45284481909635943
0.375,0.0,0.0,112.0696096770096,5.033066302859699,30.86947332420628,2.348764274667828,0.0,252.65992840355764,0.0,138.24155445188018,0.5545697635220345
0.375,0.0,70.18114934027862,159.73522011302987,237.59243266240145,0.0,20.835028710395225,211.27450165979693,459.4672120871364,0.0,244.5374422325332,0.47333689335885143
0.375,0.0,7.578332188525074,90.9399862623004,122.39006484467932,0.0,279.2615411471476,83.3616540737754,217.8770504200948,0.0,272.8199587869014,0.6010148331222689
0.375,80.38451238960673,204.9594635274267,182.23295217120275,299.6532608450262,158.66471817215577,355.6278165927628,14.730146249404338,372.88313077063657,16.834452856462164,367.832794913698,0.45973694591830416
0.375,39.11426028518583,160.41241577632388,139.75657045718077,0.0,0.0,231.6091592167745,11.426637836121682,482.11621947021166,0.0,200.84513427336995,0.5700746016935583
0.375,9.476783383231473,0.0,48.80543442364221,238.81494125743384,103.2969388772234,287.1465365119145,279.0912706361677,340.2165234580108,25.113475965563445,385.705083697522,0.5375525654655853
0.375,0.0,73.71442783206695,425.2755451850017,242.2781893781222,0.0,504.66031361953526,0.0,642.8104301159964,72.68345681343662,266.5060083159345,0.5236081754723285
0.375,0.0,221.55942716017876,153.51292004710172,54.43720569046162,320.09076945991427,22.863626389993843,332.61132676872046,663.589537366727,283.0734695904004,346.76500024824054,0.6013944016440795
0.375,234.6358486881168,201.538600510448,273.0522974657683,348.70315044329715,273.6433197546552,287.23683239905495,272.4612751768813,560.289129864823,0.0,419.03480282084354,0.5569846167761031
0.375,0.0,0.0,429.05342994611885,165.69904856949964,131.6771906883096,398.81177849617217,0.0,253.27383089330357,124.1167778258229,568.9210679021223,0.6178536516632939
0.375,0.0,113.90716920951292,244.86630985757552,507.46667001124297,218.94731327097983,592.7265272039921,480.8655945671052,875.1071742263772,179.3867395335442,545.6630860335947,0.6236118095029126
0.375,0.0,195.9822059043801,274.2260523681058,368.8638476147076,86.4408208551638,535.7840534039893,231.75082143065455,751.1409260517682,336.07595004895575,228.7701034701319,0.6901408819186805
0.375,504.4261687108223,244.8907690031574,526.3931147675838,910.4078754635648,506.8669404949071,746.0625753352002,499.54462514265305,933.1884121150212,437.7117399458426,809.5226417214005,0.7005711035186568
0.4,0.0,0.0,0.0,6.058881012004132,0.0,54.52992910803727,0.0,179.66912539443055,0.0,34.72204887648532,0.9743644205180163
0.4,0.0,0.0,0.0,0.0,61.56337850912995,31.44795958475038,25.05176441497063,211.6074568668795,0.0,28.782878264008836,0.7248558477265435
0.4,0.0,0.0,0.0,226.3271989554005,0.0,23.082376582206404,17.986267466654336,295.87409982646386,0.0,160.97709382655637,0.8291139271257634
0.4,0.0,44.53439346541908,27.30575949704526,195.0411392646089,0.0,59.1624789102647,0.0,393.98310131451,0.0,310.7655485616102,0.8373113939085657
0.4,0.0,120.87874604314628,73.73249025505694,62.38903021581743,45.37384015695815,136.47600359710063,0.0,153.49119365595996,0.0,79.40422027467676,0.9038360119441948
0.4,0.0,0.0,81.9450636233382,99.90562551338496,25.818307716942204,71.46806918747758,112.25351181279204,155.2840246743623,0.0,214.40420756243293,0.8914680187822625
0.4,0.0,0.0,0.0,193.22871430585568,0.0,279.5563653736075,11.698606920396225,324.7371921006551,13.312207874933687,344.50380379373854,0.8359040809206278
0.4,113.16324690460004,0.0,160.9725256356132,112.72462966853568,147.37539131761864,180.71030125850857,16.66745497044496,266.6792795271194,0.0,351.3324060875373,0.8708120897313306
0.4,0.0,92.84297840108609,0.0,213.1272312064339,198.9492394308986,164.6476464255713,172.8800287468498,172.4226741734455,0.0,309.17169162135053,0.8537678237425901
0.4,0.0,130.9055048489861,360.3578504269841,304.95589519127094,297.6016533458223,245.1413948482885,0.0,521.6608882371579,0.0,355.4550225300184,0.8770497712764139
0.4,0.0,0.0,37.82548417992077,481.8637767268172,365.0981516496704,630.9729317549109,152.398327565478,455.5503964277419,114.57284338555723,365.0981516496705,0.8785762174611224
0.4,2.344336310864776,378.02423012694913,104.9090499111998,423.15270411109657,0.0,62.710996315633466,131.2828334084288,630.6264676226314,0.0,438.97697420943393,0.8372462050235656
0.4,14.55976411598308,188.6439002853457,38.615026568476814,629.8680563218759,393.7466643539767,493.7659134985559,322.2139102189294,721.0248403523784,0.0,641.2626543256887,0.8939331446856179
0.4,19.622499097048458,102.17232288463208,334.2591225497234,373.5041207438205,124.50137358127353,774.0737574835698,370.12093124432926,998.0409023498823,0.0,912.784526962706,0.8182358075795448
0.4,107.06256567723022,91.87125568248813,154.8066828035626,601.141838363367,434.0374284212037,869.521648270478,460.8030698405112,764.6292697353538,276.33716276149954,974.4140268056022,0.8137164261077712
0.4,244.03892712048656,592.2218549866584,233.9354046600842,187.30376253515047,176.42304603933266,750.769438211433,518.3884216221799,890.6643645862341,424.34794333689695,639.6306911470077,0.7949590313398263
0.4,161.24407437965246,852.1707557888368,502.1123766951871,756.9281419065551,554.746452788027,779.4856030892006,258.1576113125004,876.3991400220488,0.0,733.5352191986262,0.7857342037393725
0.42500000000000004,0.0,0.0,0.0,27.1024417025935,0.0,41.90629641409413,10.248822492577336,116.60882480443576,0.0,0.0,0.8050210241815935
0.42500000000000004,0.0,0.0,158.59619206770734,0.0,0.0,120.38024217187426,0.0,272.15215747246856,0.0,158.32322099702284,0.7768435192056238
0.42500000000000004,0.0,0.0,0.0,0.0,0.0,110.24346629799754,0.0,185.68859708018155,0.0,166.97352587839956,0.7826324058125824
0.42500000000000004,0.0,0.0,0.0,5.125753522283805,0.0,127.18275927166704,0.0,194.77863384678477,0.0,84.89529271282565,0.8461608306977746
0.42500000000000004,0.0,0.0,94.3937225419046,85.87699569601848,56.06845173541706,163.94699178330802,56.77817897257421,366.9289816102609,54.64899726110267,156.4948557931577,0.7824619773550663
0.42500000000000004,0.0,0.0,46.66180789813668,198.02816034819,99.77280875780453,169.19647416722745,0.0,209.78845339568775,0.0,271.6248329680154,0.9110407803032047
0.42500000000000004,0.0,0.0,262.64792341019063,165.16203772726715,0.0,65.2591466141885,0.0,554.2999119822429,0.0,317.0305455886811,0.7947839548334689
0.42500000000000004,0.0,0.0,0.0,171.38457385306856,0.0,164.15495163097884,100.36416731842226,199.0272470551763,0.0,200.7283346368446,0.852644416160131
0.42500000000000004,0.0,0.0,21.914565332408213,324.60949898629696,39.26359622056479,409.07188620495367,13.696603332755108,395.3752828721985,0.0,124.63909032807187,0.7565355482554537
0.42500000000000004,0.0,39.764459512028125,238.58675707216835,308.4170274347542,49.46310817349836,142.57013532361282,54.31243250423339,375.3377031988989,0.0,482.0228384750718,0.8616430387169728
0.42500000000000004,0.0,0.0,224.96396845230987,122.70761915580542,191.40291022166227,375.9887304902242,283.6958203559432,653.3918524279211,0.0,246.9884129161724,0.8594104259235139
0.42500000000000004,0.0,0.0,150.99846629613663,212.7705661445562,164.15363570830004,297.42122149239026,138.98722465894386,503.9001848746074,0.0,530.2105236989343,0.8319714442634475
0.42500000000000004,0.0,376.4076841305578,475.2684298809979,353.07409196585763,334.652834993726,560.0062119528038,367.197055644492,736.8502788852683,202.0197847943777,480.1807650735665,0.8606791711072438
0.42500000000000004,84.24852918852812,373.5671216731637,582.5557212105979,634.8028710949566,230.54054886473216,491.1232089129704,106.45356788938052,467.6119914650091,279.52225188131825,453.2440252468106,0.8722505059127653
0.42500000000000004,49.35428130136017,561.9337456740584,397.6544950566735,311.6370333600173,0.0,537.2566050233783,128.32113138353654,1033.6196626827723,145.24259925828852,738.904097197507,0.8111144096326467
0.42500000000000004,0.0,246.27559914858992,335.89882941978914,985.8555329831928,25.60663722034269,951.2112590968468,206.35937054040855,926.357758265338,194.3091883190709,774.2242077209492,0.8369905623372914
0.42500000000000004,242.98794099495024,450.33765064397465,500.5551584495977,851.2677532856427,656.8774004896825,909.5848591244307,662.5471191128979,1341.2934342921258,73.70634210180155,886.0960248282524,0.9003047343044643
0.42500000000000004,685.0950956048414,415.10254829972433,773.9200053045706,935.7396427773446,782.7145508193952,1053.586552675995,577.8016403239805,1049.1892799185828,510.9630944113131,714.9965503552455,0.8910419476384728
0.42500000000000004,760.3895632397633,614.089120312505,688.6371167085603,1001.7387015719924,202.21144022429988,1028.7623502655624,587.0654716189349,1436.9126305339648,349.4437331065089,1611.1685721097438,0.8319100900187415
0.42500000000000004,627.9051909775973,995.8103601592336,713.201640815798,1170.513932116994,696.7589516903616,1393.5179033807233,338.1027951417832,1395.573239521403,728.6166618708944,1528.1424205952328,0.8515332226171272
0.42500000000000004,330.82018470129105,1117.2142937892083,761.8889102211551,1599.5211623941211,614.8577170205814,1606.2043984486925,971.2969732643965,1874.647713307316,817.5825440092511,1494.8171308725005,0.833292264809196
0.45,108.51806171049893,0.0,94.30736315317166,28.09842669289703,123.2132159004623,0.0,144.5292637364532,0.0,32.62001259750113,23.415355577414218,0.8511489064454287
0.45,0.0,45.16501940202073,46.95728207670414,0.0,6.9898244312651325,94.63146922328164,88.00009732695318,96.6029581654333,0.0,32.61918067923721,0.930240492867139
0.45,31.266728989575217,149.1683528877649,133.5349883929774,28.44403817801632,179.1323015027745,0.0,110.084941650796,16.7190148069256,0.0,59.05937698030869,0.7871852803205086
0.45,65.74360553823337,75.20145756303185,51.44148784219666,109.5726758970557,58.36186737253698,0.0,0.0,123.1827556400584,0.0,45.67450490024636,0.8766407429783756
0.45,84.41082044289253,24.308179304756955,59.30127258962706,0.0,170.69150083230485,0.2671228495028151,0.0,73.72590646277955,88.1505403359321,86.54780323891522,0.8629169914369046
0.45,76.57999122527865,62.784331041313,0.0,44.48396549115449,137.11196958349524,0.0,0.0,169.20799531761938,0.0,46.736318174250925,0.8997764060861648
0.45,164.6558036875468,0.0,71.49528318011897,95.63654763054872,28.47431191589144,124.42036293683046,67.4717391050474,0.0,0.0,0.0,0.9268319237168208
0.45,34.70710988338658,0.0,0.0,0.0,173.53554941693318,4.338388735423372,184.8821045711174,0.0,83.76427481471195,216.9194367711665,0.8323165618899174
0.45,0.0,326.60641979150967,114.62452528115976,0.0,61.35351192933868,252.7617736969164,110.21588969342288,418.82038083500674,0.0,107.27679930159827,0.7962666824138577
0.45,361.2249681711714,77.37671349282579,405.7266013198951,349.1974997525974,241.75211521333668,126.28841839502672,211.28252855294943,187.62850732975383,30.46958666038735,103.03531278578372,0.8382227600851322
0.45,15.515258208365443,332.4698187506916,72.25677394181699,265.0892688172181,219.4300803754564,189.7294432337281,157.36904754199412,123.67877257525728,79.79275650016585,132.98792750027667,0.8352138456676882
0.45,265.661896891843,450.4065921615833,0.0,329.03078972842945,425.5464880487687,89.69135601486086,179.87016505154145,250.55085321542617,163.29676230966487,304.65813863743466,0.8194193883673982
0.45,484.2479162219596,89.05103138358116,140.69009100246276,153.33639131729075,319.3190829494096,0.0,466.3323241092865,316.15750787070266,128.57071986741897,413.1124769510516,0.8533218692787569
0.45,275.4570086366397,106.61106228176412,65.48192150301263,0.0,415.6207910273856,511.94956811446207,582.8432186673106,312.2567661755228,0.0,261.92768601205034,0.8158148264909361
0.45,288.412418133794,486.0283342625046,126.99641456920146,421.3432445987525,588.6936600591021,36.79335375369397,137.67835598156435,684.8311327703668,223.72732847004187,343.0090075747592,0.726130259292322
0.45,711.8490634047724,666.8835086879229,417.98966356508,202.02833738978848,148.82965293605108,278.65977571005334,305.8924356089903,488.2879251646616,65.86503789510337,431.92265235058255,0.7758196920968995
0.45,378.63303499512847,189.98312495354148,19.33161622334292,377.2998200831738,711.936762983798,131.98827628351307,752.5998177984158,979.2463528307107,268.6428047588676,101.99094076453294,0.8019852126575849
0.45,1202.347088960635,762.9708687972424,704.3378934713843,351.05566239406176,1260.980064286493,673.1659319057383,999.7293387839354,750.3536462587665,778.5568495800653,857.9711326163543,0.8691078051561709
0.45,778.8844639659789,877.616297426455,859.593819890019,547.7265999116894,1191.0506893644747,515.5995747380425,933.2509019954535,1142.4683586140816,349.47934701089184,673.1003566868973,0.7500379633126585
0.45,869.485909149946,871.1941329400245,386.9126884527756,1170.9874080987977,567.1302983060549,636.3133618042336,1321.311101625704,875.4646924152208,584.2125362068399,562.8597388308592,0.7778348447335088
0.45,1224.5770785698585,256.30683039834224,959.726687158238,201.24832609055017,625.5785230833617,452.8087337037386,356.9309934436177,655.0063443513196,343.6410096451851,1095.4743788136566,0.7778092804648814
0.45,686.9789570830065,1210.909111060869,1198.9521988331587,1517.4408608985398,1722.8823528110213,1350.0440897105923,1557.6595656644754,1478.3091481533052,895.6814250575907,692.4139171865114,0.8031025678448216
0.45,1132.95422896452,1876.5339446485511,1315.0810174344265,1045.0309517721514,1011.117687712238,2072.47724810583,1714.5039052511866,2100.110278080574,1860.2053360271116,1218.365412522821,0.729228648649962
0.45,1937.2383126408429,2167.896679933423,1312.4169126330958,1753.2955640404314,2762.060955174435,1817.529539742163,2042.3484546982213,1871.544473854982,2131.400102830167,1991.2532467536623,0.7190216883293316
0.45,1906.9778640918523,1848.7368298482093,1800.479972903477,2565.9335658199275,2100.005291870784,2228.135567206798,2091.685144121692,2196.5190057602485,2296.3607787493515,3541.054882013493,0.7524188488641564
0.45,3016.845247230844,4321.230028038382,2798.233272793826,3024.1323130454107,3703.651200253807,3191.7348267804578,4714.731582025014,3239.1007545751445,3122.5077015420684,4222.854639541724,0.9187355494140683
0.45,3755.063293474034,3458.8530091774537,2189.380362192112,3804.7383100952,3261.992758123205,4202.138443064525,3876.491111881328,4875.51089059588,3688.8299379791465,4099.108778961366,0.7704084246972513
0.45,3349.8145394384755,3690.211397949544,2978.4725119718546,3928.102384295348,3131.2642836898917,4038.344548699502,2684.493406894114,3289.858274587094,3113.857626152393,3137.0665028690573,0.7883502805622419
0.45,4795.964271817207,3387.7792857060963,3407.1490929428387,3325.795902548524,5127.187975565488,3934.0078497822087,3757.7426039278607,4112.21007636023,3945.629734124253,3215.3880012990967,0.7915159891606007
0.47500000000000003,2.087225131109538,109.33848571427797,0.0,0.0,56.6761900985905,0.0,37.5700523599722,84.61289569959544,0.0,4.335006041535237,0.768295111824054
0.47500000000000003,62.77835084039802,52.37309931989003,0.0,13.873668694010576,108.9082992479833,14.567352128711182,24.972603649219124,34.33733001767626,0.0,56.53519992809326,0.7754786713083507
0.47500000000000003,29.76916085925254,60.94632256995616,0.0,0.0,24.539443411005426,0.0,76.83661789347619,64.76803916675213,0.0,90.71548342920876,0.7255601761019314
0.47500000000000003,31.31062147271853,189.07731881587415,8.252411861026594,148.3006955025663,165.04823722053203,74.75714274106457,35.4368274032319,0.0,0.0,184.22295889762333,0.717434999389859
0.47500000000000003,167.41868165582343,5.661501312032557,73.06032645527885,0.0,173.6193735690021,122.12667115956214,15.906122733806082,105.68135782461002,64.43327683694334,143.69429520540083,0.6477553245344658
0.47500000000000003,0.0,0.0,0.0,0.0,28.58214115851144,7.769902450857517,0.0,0.0,0.0,0.0,0.6307757807813782
0.47500000000000003,23.83841737380223,0.0,10.835644260819183,0.0,47.36724491158106,113.61946982059004,148.29353145521154,50.153553435791714,0.0,101.85505605170056,0.6686732873388289
0.47500000000000003,215.7359513348035,36.2889177399592,88.5582763195335,306.9576344609395,80.23513004890066,3.329258508253216,119.52038044628776,274.3309010800588,91.55460897696132,43.94621230894145,0.505916240766824
0.47500000000000003,324.63742187036286,37.57039826140149,42.31229318759785,175.81487341743244,217.03288316052345,0.0,313.6945874252945,180.9215294917977,0.0,203.5367206782725,0.6571459325435947
0.47500000000000003,77.46046130070904,220.9203972811038,81.80773208799368,409.03866043996857,343.82959863069823,143.06472954518708,301.14730362826674,0.0,0.0,0.0,0.6287988106741926
0.47500000000000003,304.6543322405236,238.47941581122944,293.4170822808322,67.00730531519704,163.5644160799531,0.0,243.88994356959952,183.5417493416268,0.0,317.14016552906963,0.613993447100558
0.47500000000000003,107.76270036817448,73.91986884759078,72.58396760335727,255.1571376486116,125.12941654321094,166.09705469970714,200.83048704977983,394.53616746364736,0.0,66.79506221167841,0.6615174224788783
0.47500000000000003,240.3507784305893,157.6823578238897,512.8503870971174,14.798667886384402,557.2463907562708,309.75142782880624,195.444475878802,420.4862875303728,388.847756187068,333.2251768899679,0.6553329998267687
0.47500000000000003,328.2460589862512,593.1178788612955,355.3290671534337,501.0356510928752,311.9962540859417,296.28810934897604,216.6640653374596,179.28951406674773,0.0,285.9965662454468,0.5574616460286904
0.47500000000000003,740.5376315786486,0.0,494.84255101603566,567.918137038171,459.1678554776702,59.84142477403227,745.140818099728,306.6873019669151,245.695080562613,326.2508446815025,0.6074360417691748
0.47500000000000003,479.0333144251056,418.03281745711473,633.3286891088477,474.2489617217338,675.1917752633512,56.814188352540704,525.6807532829814,447.9350218531887,326.53207200512816,223.07044479471224,0.49595810599416723
0.47500000000000003,413.67190422568274,652.1566341734101,318.4058860964297,598.4496172414821,381.0640725170121,130.43132683468204,801.1296692345911,297.30670087317213,0.0,434.1317201997505,0.6478371301940737
0.47500000000000003,283.21383780570164,558.2580456747004,718.9274344298584,487.4545862232751,1061.3710892766562,455.4568689711887,899.340095532048,1168.937883443245,180.41266110218976,665.1440373465639,0.6524151794198672
0.47500000000000003,500.7942221955483,855.9568901621241,614.4759966702054,301.66536233144296,179.0673702509304,214.73224067435248,159.74889877157716,630.0793774804524,383.39735705178464,621.163159874597,0.6789738412873781
0.47500000000000003,1048.9721742248455,680.2181099011882,907.7643815407316,1175.6557368043077,1201.4765903236885,1254.7321007074115,1276.5184458643894,453.4787399341255,656.8179613992495,1032.0272391027522,0.6639153508761279
0.47500000000000003,754.4682063656159,1238.3212558509426,946.2966720022766,375.9495375647052,968.5624760493888,431.6140476824864,1401.0329008106105,622.5861362404116,558.3578553352799,293.7373380061365,0.6366928133571066
0.47500000000000003,1125.0115825467428,1074.9098521499243,1181.4898968122477,1281.6933576058843,964.6860452769238,622.1723974732192,819.8464974024849,265.9946413794727,740.5946693202446,887.2560983000225,0.6403723637548756
0.47500000000000003,1318.200021207335,1193.3939159130568,1024.2352277456057,479.626768279664,1376.992979899681,1281.0676262437485,1030.4239602395369,1293.4450912316104,1361.521148664853,713.7671476333929,0.6649098009257333
0.47500000000000003,1404.4758753608928,1973.300733343845,1215.2718714262646,1171.609408979812,1300.1711039610336,1244.3801797239,2391.7326651223498,452.3916247924118,739.8361692315583,1779.2453446929446,0.7172023645453496
0.47500000000000003,2798.481848016844,2997.5260114886028,2181.5767585811955,1481.6267532599777,1297.0824957364923,1427.581649270957,2023.395966418208,2617.892110297434,1335.3095205092147,2923.7083084792093,0.6435448894915344
0.5,139.71183236112614,17.06525806237495,112.91778231926634,0.0,28.22944557981656,17.86270002790656,0.0,48.80344829053036,0.0,16.267816096843486,0.5771860131308403
0.5,115.45306841217057,28.14616729924034,0.0,51.98973577566686,45.535837541446114,0.0,29.04254205399324,105.59294610988896,30.297466710647218,117.0665429707258,0.5991418852414753
0.5,78.689800629371,110.30217718278884,0.0,171.4800857645831,86.42232439063866,0.0,135.77402016108238,0.0,21.15072675876155,89.60630476292538,0.5894693601588729
0.5,0.0,0.0,0.0,0.0,77.12059585184669,164.49421889786956,0.0,3.78916222393466,0.0,0.0,0.5698473637502038
0.5,0.0,112.80631720048731,5.509145723744766,0.0,0.0,0.0,58.76422105327719,184.68755188172813,161.8639481690714,89.19569267015284,0.5921104331555114
0.5,399.551262025532,180.50943514358235,37.05037667150703,97.8129944127786,293.73538625170784,97.22018838603452,157.09359708718992,0.0,32.30792845755412,175.17418090288533,0.6374798519739147
0.5,0.0,86.58354062100457,0.0,0.0,281.396507018265,0.0,185.3619461182072,0.0,85.66892575528978,66.76688519718319,0.6196135578895886
0.5,172.13886436759182,260.88750066605843,64.63579926643047,5.358408229341387,115.54067744517354,0.0,125.25279236085484,97.79095018548016,0.0,103.14935841482163,0.6199085319224859
0.5,266.8257834714938,89.67698507857362,0.0,0.0,430.0084940243083,75.71089723846795,160.2424815338449,116.5065748766715,0.0,203.9783881910181,0.6051567315783566
0.5,233.7536348827232,211.0329356107616,137.86458202308884,70.85777400069364,219.50506076301843,293.443607546351,196.78436149105696,30.037534630728786,31.192824424218315,43.901012152603705,0.6047136175888149
0.5,289.3243777720152,0.0,151.86443157592268,146.51419414912863,301.25952280101734,0.0,439.954139172524,270.80432514080525,139.5177298217826,0.0,0.6579043391795402
0.5,260.2928671889279,8.33990636861641,274.33902528344004,250.6361334989508,249.7582486180438,283.1178740925102,361.68857093368746,230.00583879763616,18.43558249904716,150.11831463509844,0.6250883396848459
0.5,416.7753414679138,351.0696777382196,106.951554830086,50.83795879815749,348.1920574288899,0.0,542.4314283086426,101.675917596315,154.91189331891383,626.3620206640913,0.7770423524060598
0.5,532.3666750281657,357.2042799642265,239.1945696945635,85.72902719141426,605.3951055986298,305.8727019545525,511.7282055191216,275.17959345392256,154.52392555489493,174.10401201219335,0.7057322453070973
0.5,433.8025004121923,64.65591407417385,259.7288855971088,313.3325066671504,407.8296118524814,88.4183440330584,179.59976131714978,358.6469079840928,0.0,198.38865942417465,0.6298986828982335
0.5,109.3648332666614,205.79404109318017,0.0,114.65668003762887,440.3992479394057,0.0,412.7640481354645,129.94423737597955,0.0,115.24466301218096,0.6374671266490877
0.5,470.19419602943685,461.8891355017431,734.6784312959953,692.5142778477034,567.9383699322955,0.0,610.1025233805875,592.2147007055545,264.48423526655824,371.8111713167559,0.6325658882583579
0.5,425.0113003265723,511.3417207054072,181.29388279555343,439.6210637752981,535.9126865055372,231.76397470933404,381.1820099803946,113.55770680600608,73.71289740038979,379.8538496668741,0.7328332105264246
0.5,818.3726293268653,684.6279858414675,0.0,535.7015179604304,445.333515605432,459.7923959822318,510.3984773010308,600.0435356371892,222.6667578027159,368.7014496083933,0.706178199770931
0.5,490.1923080792766,586.2938396024173,468.58808781438455,262.975508741618,928.236498277779,542.3404259600509,397.0706690064657,1101.8152335094987,267.4453474171128,458.9034373508121,0.6932682441140984
0.5,928.1281621812748,1183.2419240373845,84.22803566042992,401.7029393035885,945.945631263289,519.9461432114998,1037.4626315481796,1202.6791630359455,0.0,911.9304630158078,0.7299921681396336
0.5,1207.5212028854212,778.8467656302605,79.38415504725194,903.2152752042888,874.1077516869628,712.6933030908842,1069.0399546363262,977.3071532483906,972.0148762452404,904.0973213714803,0.7315109697435289
0.5,703.5972950258938,1576.50944714358,237.9814380234641,482.5473427116089,1002.7202092213938,506.0632950854693,1167.331875838415,832.464714034647,710.1817616905746,976.3823425626708,0.6806139311435399
0.5,698.4813667607576,1456.0818460686644,1318.1372501253177,1460.4610395906757,924.0098331443252,1234.9325732071084,1890.7168031282583,1341.1280161158752,611.9922947010401,1327.9904355498422,0.6914744845987428
0.5,1613.3834940122056,2173.463455967966,1514.9910682632203,1808.9069041544192,1723.1288919629965,1689.0699753575784,1561.6643984262005,1373.7096364185238,1844.2272621155932,2196.1694003715797,0.7204795820487688
0.5,2797.721583819761,2270.19478926846,355.2420321689396,1780.784092589363,2102.4839586307635,1838.7205613551132,2351.0009167575327,2293.064447991783,1980.5124454397112,2335.754477608651,0.7154714200900498
0.5,4870.354747268204,4067.418163017211,2968.4837701652173,2832.392823681998,4205.21024633147,2543.199562405158,3878.591974771745,3934.729490196073,2386.6949739494557,3955.143132168556,0.676692372336098
0.5,4624.138828531555,3443.547071507667,2144.3401301046133,3397.213015109556,2320.4095444174377,2870.858134427006,2672.5483730430874,3541.7752710716645,3063.6078090431506,3995.84902377316,0.7676858300884343
0.5,3643.7676504115625,3430.436768631063,3721.861991063352,4019.001433543333,3868.526972287445,3887.5743724464182,3876.1459323510353,5005.656761778142,3089.488305785444,4813.278020172514,0.6923272355593874
0.5,4014.129370481368,2964.696415174972,3299.0461412670657,4008.331398352603,4333.017837563421,2622.6160595778606,3778.345170578274,3221.7398462168703,3523.23439691263,4002.533426223839,0.7323794447582878
0.5,5949.131200688871,3477.6760893514797,3499.7247562003936,3984.795426876508,3904.618456516819,4147.153791854877,5065.180102473308,3363.4239065889237,3918.649426329765,4389.6891271929335,0.7448654596270493
0.525,21.593039865642147,121.83518113971802,14.342822100536011,77.07296711167153,64.93673302660261,34.517341099092185,108.43803961723934,55.63754067570564,0.0,4.413176030934186,0.6844826571291516
0.525,71.63717223372008,40.401120633116285,0.0,0.0,35.91210722943669,0.0,160.48222918154534,0.0,79.67998791531267,41.33633175888289,0.7096115585150706
0.525,136.87308020833598,60.11450017733781,0.0,107.3053618800688,119.6415622421935,37.59603919885627,0.0,0.0,63.24750344390917,82.63296115581946,0.5986832906670423
0.525,23.04314522302557,88.14562347448599,0.0,0.0,70.24803495174774,0.0,0.0,2.908358134944933,0.0,135.79795291627673,0.6429969620006211
0.525,200.2901319997004,167.67844157912495,46.74342293615803,75.82218022783772,87.23627187503908,46.4716588493199,179.90782548684078,160.61257532133365,84.79039509349595,25.27406007594596,0.5513533196828614
0.525,302.66650903102794,168.63293654560871,90.70644091455118,124.6823930096922,175.80217414366604,167.69781859803615,218.19418776696156,14.338475196114556,0.0,207.9078903436619,0.6085901832834727
0.525,29.51903252251224,274.5270024593646,0.0,0.0,33.126914275263715,35.42283902701488,63.3019252982764,101.02068907704216,0.0,169.2424531290707,0.6890026203265422
0.525,347.84856378264647,301.3003638573753,31.032133283514167,197.73963999262477,315.3730754626899,99.5914975145337,53.76497510748384,92.01388357321044,27.423745692407792,12.990195327982716,0.6227479308920082
0.525,354.1193587730061,77.20841365281473,120.6381463325231,115.44142618281438,272.45661356329816,123.97889500019298,246.47301281475484,107.27515166184357,0.0,196.36178279970684,0.6623467535729134
0.525,447.9707108802463,242.10328196905755,234.53755440752457,176.00271485250556,210.645783160578,211.4421755354763,199.49628991200305,57.34025099267146,0.0,121.05164098452876,0.5779427154822109
0.525,198.4966062363689,201.04688383255345,60.78161604239985,190.42072718178423,192.54595851193807,5.950647724430795,106.68661277372296,242.276371637538,106.26156650769208,472.2264015601838,0.7088915425491977
0.525,105.67574093959487,183.5191879691731,20.004461247824608,1.3046387770319905,0.0,0.0,128.28947974148358,0.0,0.0,282.2368554312639,0.6336890117933881
0.525,275.26609740663696,157.97057823679845,3.783726424833501,0.0,245.46925181107312,0.0,62.4314860097527,68.58004145010705,0.0,229.3884145055308,0.6247273154023415
0.525,92.5373119498354,461.6861563767467,0.0,280.11294428058306,134.55425359192284,0.0,492.19845923588167,442.6784923005643,0.5002016862153091,240.5970110695723,0.6721763590688403
0.525,310.0926953295656,191.25146628169287,165.82497076447365,56.93323996246918,269.74195244354365,92.30923372555708,86.22898479752644,704.7561257490127,0.0,442.7526719411445,0.595333341804923
0.525,404.3406742262614,54.609228990328326,148.72300661195817,535.0542542563028,0.0,224.82735765167132,304.4174041588519,126.64693531799556,131.29452927461926,288.1508253106691,0.5994085205632591
0.525,499.5447172784245,427.02007747329657,121.91642036206862,110.66259694403136,338.239914953226,0.0,530.1801254719701,682.1067416154708,481.4135573271424,849.038455649688,0.676344249786825
0.525,577.5424091145575,418.718246608054,0.0,245.4555238736868,899.7848214727935,399.0293008427851,828.2483185256494,45.28457526011864,55.78534633492878,212.6406142649053,0.6736461766935724
0.525,417.024216565555,495.2162571715964,150.0441860278095,614.2654000762903,516.3492411191753,381.8025766529236,1015.7920950802876,395.8912326179761,247.9603449849244,1029.88075104534,0.6505298998228257
0.525,506.8641444883772,860.4902918058494,5.157047981713171,334.47139767110923,524.5454518542506,379.4113872260382,761.0329378728104,473.711693177364,284.3743601344674,393.40908889068805,0.7097571973787657
0.525,607.4442479568529,996.1456190587768,225.82448078188705,749.8631713767886,839.563487784925,479.9753772716068,867.8899034927576,605.8705581953068,349.3591270632677,806.5160027924538,0.8021413513444323
0.525,746.7408232827488,899.9398935302187,743.3922097254273,780.2269588559662,1352.0027237686545,184.173745652696,1015.4670612578192,709.9060741522097,514.0121810488877,1064.8591112283148,0.6226256484737404
0.525,1058.9311156890392,267.452636239954,999.0942546997614,835.9028156380944,485.04122165551024,804.1711469316595,1088.8495461836785,1268.3601291515122,894.8330575214742,822.3035290496224,0.7020267755814148
0.525,1765.8827550369792,971.2355152703386,1140.8793080295093,284.72379252562536,1205.3637906572642,1548.6196520296212,1555.5641347741484,1159.728618336084,1093.259997781321,964.2910325258116,0.6279617634785647
0.525,1832.361857805126,390.9922228227936,524.6364571774774,878.0757546444094,831.6868468518742,884.7027414719145,1639.0747420028977,1000.6750109532512,1106.7068001933308,268.39296651395165,0.6148873443602293
0.525,1538.805415119823,2140.7234632359173,1382.2297181685149,1881.4751781198167,1987.9979883407889,1418.1651240261922,617.3189363408133,2088.103761801461,967.689143453166,1143.5159506853731,0.7082469390475477
0.525,3305.303821341117,1381.2055743835358,2207.1448540260985,2504.1117860324134,2332.4277784662627,1345.6314106536129,1481.741254489841,2709.8232545576207,1105.892481169349,1746.2274283079648,0.7069329543685018
0.525,3655.346290207529,1683.0248980517902,2390.9504365649805,2593.457982437744,3944.642784311476,3367.7515401865458,2751.7201821534327,3299.681776867969,2215.6707960196472,3110.7881836589213,0.781442815179121
0.525,4639.374041917812,3393.0025235137014,3304.6334941438386,3103.962156616441,3972.924278753429,2695.2553957808245,3678.360847520552,3208.900378993154,3967.401214417812,4873.183765458909,0.7077359158726267
0.525,4416.022888929228,3227.738366307192,3546.228418608709,3583.478717123506,2668.983888585231,2648.496224402093,3495.9405156137327,3359.9769260347225,4112.432956033629,2156.792284006768,0.7245972553169665
0.525,2625.97448376295,3213.0447196645327,4672.333591762751,3466.509964371247,4709.607892454916,4003.2598943384087,3350.95963222554,2748.9796760470917,2612.928478520693,4083.3996408265607,0.7066819105453669
0.55,29.22541676966685,0.0,0.0,19.14768684909209,12.81311375615938,4.750929819699542,124.96385101512736,70.54410944402348,0.0,67.23285532726322,0.7547186591637212
0.55,59.6484719887084,0.0,11.325659238362343,12.080703187586474,6.606634555711307,0.0,76.44819985894597,63.2349307475232,0.0,80.78970256698483,0.7822958096089884
0.55,38.6779001956084,94.24056900452804,94.63323804204695,15.706761500754636,29.84284685143386,8.63871882541511,0.0,46.72761546474517,1.767010668834896,24.14914580741032,0.760521017734464
0.55,13.600559777292933,146.93063759403373,0.0,59.97623901789841,119.72951803944784,0.0,109.47335820739087,66.21911891567225,37.68023938299193,165.65927728735525,0.7275260683593776
0.55,20.09285232824424,111.65521736834478,47.56156184027446,52.13968009227947,55.44609882983861,83.16914824475799,48.07024164605278,31.28380805536768,39.16834504493184,65.87403484829458,0.7550741242322543
0.55,58.34728879632802,59.5260219033245,82.5113174897568,152.64593735605007,71.90271952678802,0.0,71.31335297328985,39.487559084383584,51.56957343109799,10.313914686219578,0.78769981194939
0.55,85.89881446035379,74.57881565550096,131.17880967976515,53.60352375239128,419.8387792035122,0.0,94.88822527597227,0.0,0.0,100.2152835370795,0.7463924986063925
0.55,264.76309877141284,68.69529049204222,0.0,0.0,411.4561670096281,38.28331293046104,252.5983077467804,230.41545352539163,0.0,201.79241582037417,0.715385123775848
0.55,155.45645166126903,74.51318972571764,186.85033362692675,0.0,204.6275920894076,0.0,231.8608390957614,183.44617775113252,32.52860059092242,259.85056518562493,0.8770753355450415
0.55,155.9685596396494,213.53301556650243,58.34235397991869,148.96747716205908,40.45069875941024,91.01407220867328,131.07582194155074,143.52219079060006,11.279521769450897,60.67604813911548,0.7788062869413496
0.55,241.14470298395904,466.57156940978695,210.94991170123348,278.7847852679046,459.9535329642581,0.0,476.0849968002349,136.49700168903345,250.65813037440677,282.0938034906691,0.798056181217775
0.55,241.10820693610168,353.1788734934377,64.74201852913845,102.69423628759886,384.88013773874,0.0,171.454724932339,552.3163925554773,29.915277527257032,354.5183635319717,0.8247665812219611
0.55,404.7423164982896,22.485684249904995,62.772535197651344,106.3385484318422,118.04984231200103,286.6924741862885,282.9448601446377,322.2948075819714,255.77465834266903,30.917815843619337,0.7568465801904205
0.55,98.14913792876732,66.58358603207829,0.0,168.6784179479317,225.3977690122948,134.15359556092835,450.3023262762041,507.021677340567,87.79169121266618,515.4062770631252,0.6882704295974433
0.55,725.7974327503554,448.3178586798612,90.1941254148834,139.53561755361366,374.5708973112214,0.0,34.48598912922027,303.4767043371368,245.64635333582928,351.22653543913407,0.7149342895228463
0.55,394.7325705767256,215.8969499279557,322.37473722212474,41.76752982257444,610.0412454367579,391.791195237108,321.7864621542012,420.0283984974399,123.5377642639528,651.220500191409,0.723875977737836
0.55,890.7989188301405,667.630347586379,460.71494959846575,0.0,526.977886718462,298.1832170399841,393.2017683818656,450.0878747773342,521.3517882837452,233.7956460648931,0.7589343287949905
0.55,584.220917739347,813.5962445027817,207.81012510191545,220.22645333127508,460.71112640518953,0.0,808.368316827262,152.26339354951654,206.5031431830353,141.80753819847695,0.7950761179034961
0.55,728.7196161115379,828.7535767598328,819.0280528079152,464.04642856292384,747.475983733093,412.6400876742169,773.1791541774468,901.0003261169348,564.0803892112189,409.8613665450975,0.6859551590020895
0.55,575.4153761848146,472.33483026704414,0.0,357.9577861665041,443.3875536736976,383.3749070777356,377.7266579863509,245.6988354752337,0.0,828.8805541607024,0.720265329130749
0.55,1104.8606270996147,212.88405729336475,648.5715007145528,801.9395850011706,681.3815883977595,125.1361483731608,608.8941853767216,443.3176963707709,195.3344755093241,471.549632284228,0.7386146682006182
0.55,739.3129129821967,524.8013504359703,713.191578797601,801.8458039089562,376.7804567232608,455.1444592770482,303.1657876575818,538.2577953189441,441.68801439407474,315.03912137785267,0.693235862707171
0.55,406.5831418997432,594.4295626953125,363.169746871434,166.97459626272817,394.89492016135216,649.5311794620129,156.12124750565098,637.0080847423083,0.0,478.38221829271646,0.7362281454001418
0.55,935.718019445556,811.2584382183317,578.6916295017664,420.6188767022257,1034.7406059694065,336.131715723161,1790.5827342982443,849.4139302733935,726.771277239267,1258.2227737204812,0.6985770905657197
0.55,1752.2961386927211,1363.1142953893157,676.6679285576803,1370.9370460084797,1066.8276156884815,795.9648754999306,1309.3328848825638,741.2056211657828,404.8273445417335,1364.0921392167115,0.6914125404093763
0.55,1230.2561588418966,1218.129978064781,1242.382339619012,1285.3751623742396,1784.7533343772675,1085.844369587158,1936.8817841265345,1509.1583167155525,694.499444507522,894.0302372946041,0.6851922592522638
0.55,1330.9096448416644,1090.868339681364,1589.8023614019885,1663.9512462420807,1466.6398069218342,932.5164839211664,750.2861737209385,1670.235050042089,1255.50399924157,1716.735198162147,0.7312942415550547
0.55,2415.387846161701,2857.3338107673744,1247.0752466595738,1821.7508574009448,2529.1561142780124,1970.524746476122,1801.3309118416068,2607.91876143546,1449.8161347130017,2078.458744432623,0.7652763977703027
0.55,2066.093089766438,2378.53415004246,1433.553100089982,2122.7613212870883,2594.486059350886,1355.4428350209766,2527.0968110560584,1844.014885158481,1669.4154691218805,1592.836777877758,0.7422715385036568
0.5750000000000001,38.1272859712207,83.82290960714067,0.0,104.8143367148914,0.0,28.988161244036743,22.56221417023552,100.2447743512994,0.0,83.2517143116917,0.7545151188916022
0.5750000000000001,70.17657600275768,105.26486400413648,20.8952726300346,0.0,77.47020890192067,64.45994481152182,22.866524764943517,96.59135461053724,45.73304952988703,62.685817890103806,0.71002523486195
0.5750000000000001,157.04504593617438,52.62679730839883,0.0,0.0,50.120759341332246,0.0,102.32988365522006,0.0,35.91987752795479,7.100440906688728,0.6806241568509906
0.5750000000000001,0.0,0.0,0.0,0.0,0.0,0.0,0.0,0.0,0.0,75.3226093746316,0.7390368063800046
0.5750000000000001,132.39782051992037,0.0,58.07785435446325,6.890592889512558,27.316278954853438,41.34355733707556,39.1287239083036,0.0,0.0,130.18298709114856,0.7804645558329799
0.5750000000000001,60.69727568905327,267.78209862817613,55.34163371648977,131.80829965809116,68.73073864789853,132.10583532323355,0.0,208.2749655996925,0.0,113.06355275411887,0.7718783701433269
0.5750000000000001,304.1982083370439,0.0,0.0,199.71273677779837,389.5059667619975,0.0,137.5504942045764,65.4687448377551,9.2582063406926,115.72757925865804,0.7923070612509037
0.5750000000000001,187.73696226971424,79.72391548439916,127.85217782751572,344.9804453449348,16.165217886237482,0.0,251.29565986787588,36.37174024403465,27.92173998531951,170.46957043668775,0.7432293464348967
0.5750000000000001,62.6390489167358,60.29008458235807,79.86478736883808,62.24755486100611,135.45694328244102,221.1941414872231,182.8277240257225,386.7961270608432,140.15487195119616,223.93459987733036,0.7670041162583706
0.5750000000000001,177.0663928575035,83.8086871065677,51.35336219765181,191.0345073752648,17.665556595992204,115.03153132274012,359.8843622811441,298.67115454154305,65.3214767154131,195.55360324865825,0.9276278246134199
0.5750000000000001,0.0,248.2745532614608,43.308687183778105,0.0,169.37555878804324,243.5577655483762,183.95472081030528,398.7829611971651,130.35486043434213,566.8721233361854,0.746177758749922
0.5750000000000001,154.28777731791675,225.60508828360025,92.29299066147288,255.4371660731673,444.218283335271,260.5645544432494,404.13142880554045,483.83901164953966,309.97393328221955,372.4348461541255,0.783075519802124
0.5750000000000001,248.19715248526563,206.7515627228508,300.12323621059005,0.0,151.9671624621875,364.9117443449397,0.0,204.36963227673505,0.0,0.0,0.7042489496318506
0.5750000000000001,421.3500454704625,482.4656770658244,0.0,193.2843958585022,660.8438213157018,0.0,612.6469411144816,377.6250407518295,0.0,386.5687917170045,0.7680139048691523
0.5750000000000001,360.5541940431768,231.29891693335856,0.0,371.54350910109656,361.6007954772644,214.02999327091345,369.4503062329214,334.38915819098696,217.1697975731761,468.877442471243,0.764951400170067
0.5750000000000001,375.17936273974266,285.6921369603373,579.1657718145361,165.63474088361968,899.8746492972496,367.9536861240144,780.373074498665,493.5692949820615,140.62278336763677,5.002391503196554,0.6694551278876831
0.5750000000000001,773.9497545977262,236.4507911684391,524.701369061923,0.0,1081.0920194144614,155.39936017513395,417.4453400783012,630.1291702787786,444.2593473242064,904.3633352937208,0.723508339208052
0.5750000000000001,538.7175168563691,271.2781795096205,444.6658838660056,398.5997779115417,362.1307773642576,522.0825341505907,665.399308231145,554.0728855078571,145.87600218913548,575.8263244307985,0.8459337956454407
0.5750000000000001,696.3063066280897,29.154012838371774,201.3660886743356,126.78605583198892,683.4243009553206,374.2561648088664,880.0443875396891,570.8762513932342,0.0,527.48423228496,0.7857244649703711
0.5750000000000001,445.17549449960217,585.3882486727051,968.870131336142,267.10529669976125,282.5286996588026,253.08402128245103,708.7754723450362,473.9191091050882,417.834007435847,638.6690952584844,0.7830463034951205
0.5750000000000001,583.8014794222864,797.937157202662,399.7199318567008,565.017648038043,740.8343097945618,563.5149415273038,451.5633064772129,604.0880173172695,506.4120941192035,827.2399341620818,0.762213282618409
0.5750000000000001,749.4829595775911,753.3703193264378,526.3485099938065,663.9610451029699,539.5655331398841,334.3129384007929,1156.8782612566972,304.76900430956,38.87359748846426,932.9663397231428,0.7243288304963786
0.5750000000000001,550.5310299701742,512.1024603516187,522.1273045999377,502.0776161033,691.7142531339972,682.5248125730387,1045.0900128872354,512.9378640389788,510.431652976899,722.6241895663139,0.8275743900595364
0.5750000000000001,584.9669202367662,1260.7346758535682,642.5905273048659,753.4723166631782,811.9690086868547,959.5203661794123,390.2689751430368,1036.3518422702114,697.5948795062333,690.6101998616153,0.7458130418508381
0.5750000000000001,1318.5415801340582,1155.4710666899168,564.6898922694272,801.3750946397809,1321.3370746502435,748.2606988322608,940.2179889436502,1220.6992720675737,546.9850936669202,855.4213219526966,0.8300370812706419
0.5750000000000001,1731.1490317926132,1183.2534322995966,544.8796604132383,1412.4648023627303,836.4204381251184,982.1908269810588,1072.6689993744012,839.4363772048968,447.3642968337472,1073.6743124009936,0.8530364016124176
0.5750000000000001,1614.2641363577875,975.1266926981314,1986.8837922463224,1730.4709442959063,1520.7934430162563,1198.6984862312522,1642.0527208647293,1543.529557612845,558.2979250940075,2499.709488147153,0.7673747981534679
0.5750000000000001,2900.6181760604773,1529.9648568433786,1407.9695352376689,1406.5342961599542,2154.2938556490726,1898.821299815938,2681.026597170199,2900.6181760604773,797.9929272091166,2072.485228219361,0.8293170210376367
0.5750000000000001,2629.7517679875564,4205.855485412658,2668.193322071096,2766.044550647377,2297.756528175174,1743.8486806987255,3789.987763963463,2474.2382082859667,2355.4188593004824,2715.3715929918035,0.7575764728344356
0.5750000000000001,3495.665084795071,3160.1562107048203,3407.570575955732,3544.398217344493,2792.783365332255,4011.1116790678025,3186.3971282314324,3030.8259743236617,1604.444671627121,3576.262188626807,0.777737700512724
0.6000000000000001,0.0,0.0,1.6581323299152868,0.0,0.0,44.158682049323005,0.0,24.34836421296664,0.0,37.70069297491608,0.753035799880364
0.6000000000000001,0.0,29.295412786653905,71.00413607612725,39.06055038220521,53.29447975877152,46.0120042637841,0.0,51.639371691728925,0.0,94.3411598214278,0.8250563095997383
0.6000000000000001,27.31570242599804,64.5115525379954,0.0,29.640443057997896,151.88305462398915,151.3018694659892,0.0,85.62794661199389,0.0,138.12833921799012,0.7768435192056238
0.6000000000000001,23.0492361195268,11.113024557628991,6.997089536284914,65.64916359043792,0.0,55.15352928601057,0.0,0.0,0.0,87.46361920356149,0.7925087349256313
0.6000000000000001,0.0,28.24800557970554,86.8451080632269,75.63928766797183,0.0,56.26255656784323,0.0,88.94619938733722,12.13963876152633,86.37819888009126,0.7809792497746779
0.6000000000000001,0.0,109.09522376966392,0.0,155.486183410035,23.9601659681038,130.25154052873424,0.0,217.1708660087702,0.0,271.46358251096274,0.678009784312696
0.6000000000000001,0.0,78.32230234875591,20.64308744075735,73.76868011917708,23.982410409115232,142.3765883781648,0.0,122.0370757527127,0.0,186.39493659742683,0.7459878527544044
0.6000000000000001,0.0,47.20666617946479,81.47520903566884,265.7560466399499,23.778172594100795,369.2610332260356,0.0,290.5832562602609,71.68419679103911,292.33165130394485,0.8093385451053304
0.6000000000000001,38.54644670713777,238.9116399868143,59.537086003103866,102.28166056943486,231.27868024282665,162.58204254693752,0.0,251.12437557719457,163.72698650853562,358.74910796742074,0.7428407695517603
0.6000000000000001,209.33419169380372,0.0,262.66267398842297,168.34289560167107,87.95219841127499,298.0823376020133,0.0,132.9232319880807,114.21846581011724,388.42237850409214,0.758836332431919
0.6000000000000001,182.36124330150955,246.34000885120383,29.595619437953815,183.6669323943605,59.19123887590759,0.0,245.46954945596997,41.78205097122888,180.6203245110417,101.40851954475352,0.838123911579773
0.6000000000000001,279.7400255984768,172.18107001952757,116.66677036587636,42.06943020628256,215.9853220899867,248.94693750934212,270.1985053455055,7.806698388794671,212.9493838276777,274.9692654719912,0.7430589179773803
0.6000000000000001,282.68093717191766,331.01025868840685,51.064943489120594,320.52370779331955,215.65819884244684,269.9147012996376,174.1679322575364,172.80012127122063,351.0714864877042,278.5775042129705,0.6935750153376271
0.6000000000000001,137.34371109948592,333.68386167469606,101.9458474140514,133.5679389730396,0.0,246.8411027664301,168.02185962686252,64.18812614958792,36.34180671704611,146.7831414156018,0.8148058900224419
0.6000000000000001,428.4410057858742,361.7376156635226,74.91303813741034,117.5005872155272,262.1956334809362,220.6342904047017,310.42731556940595,0.0,327.8728176014056,366.86864567293424,0.7307335319298279
0.6000000000000001,278.0424510012657,526.8172755813456,231.4310459601179,458.5261472652453,99.72672706478146,462.320098838362,336.5777038436375,255.82073464443943,404.326839077864,338.20368308925896,0.8564790564542399
0.6000000000000001,253.76783191873145,204.53804466428937,491.711803648535,375.6701622630644,598.3763426998263,77.9471631528667,448.342705352955,291.27624125544924,470.61332339663136,375.084093367178,0.7700590463593434
0.6000000000000001,275.1830612068418,610.2153532142747,530.6220462732823,568.8761937953096,610.8323555936622,165.9736400552476,555.3021414487838,497.9209201657428,404.1365584988372,469.53881071391606,0.7756482476235791
0.625,3.379134467754699,8.126013839124395,0.0,68.06542285048754,28.078998315390248,0.0,0.0,56.23845221334609,27.19398690716877,13.436082288453212,0.8005819309581614
0.625,0.0,0.0,0.0,65.17996936887927,111.13184777393916,0.0,66.80946860310125,107.22104961180644,63.0616203643907,0.0,0.8128980651751632
0.625,0.0,53.11441956070577,0.0,185.22446675897035,51.76241615370599,78.02991091827323,98.11681867941284,149.29980480154754,11.009170599855356,65.47559356756094,0.6954838140618056
0.625,35.10273167870926,50.65723553634088,53.81017550748244,182.87051832620983,72.3074233381795,69.15448336703798,107.83054701304096,87.02114320350678,110.3528989899542,0.0,0.7758876996063889
0.625,0.0,149.40428985218665,14.159230084030773,95.69686539551826,52.73092583018352,46.38368475803183,75.434518895957,113.27384067224612,110.83259410603388,68.84315316718404,0.7731224978831928
0.625,0.0,35.38829120669175,0.0,139.04335693976762,143.0590495589667,141.804145615467,12.800020223697022,118.46293226637243,116.7060667454728,0.0,0.746866289718287
0.625,46.98350867855168,136.22262579127232,70.3275161351905,203.004216743176,175.81879033797622,0.0,183.20613446982395,192.0709474280413,236.69050598440165,0.0,0.766066759742033
0.625,0.0,202.3013066614599,3.360486821618924,331.6800492937889,264.4703128614102,198.94081983984103,161.30336743770886,186.84306728201284,161.30336743770886,76.28305085074983,0.7246799131188612
0.625,88.67178671429176,104.79392975325392,63.755747472259365,49.09925380047563,19.786266456908088,261.9848243831348,0.0,216.1832816588105,0.0,385.465783567913,0.9046080528567414
0.625,141.385590020744,214.7116410057144,107.35582050285716,98.44326181960112,239.0186192327764,476.8218895541996,6.481860860549862,187.97396495594617,19.850698885433943,368.2507201399893,0.6583114009953761
0.625,162.78565524231644,255.25813479096223,202.41671790602172,244.60462332222423,181.96197588604488,530.9710116019014,11.079651927487475,139.77407046984243,138.49564909359387,545.459787199385,0.776341465374525
0.625,165.29693595108984,289.82958688443136,217.26020036931865,565.3244801362476,408.0908093535037,569.8040718964398,63.16224381870912,499.02652208540405,138.86734456595624,236.07448576212565,0.7272559392542147
0.625,206.0774021028974,142.17025268671804,304.7166979409135,555.7143427493863,240.3464532391096,425.1214722032805,0.0,396.8726597801867,362.1405133583501,426.0476627745295,0.8304329400969626
0.625,63.11535367687793,148.87514722255938,171.5195870913629,322.8037172786887,205.72714519104488,420.6084256482018,0.0,185.49168828700763,196.0912133319795,444.69825529586507,0.8279309788321849
0.625,9.681552130404947,235.92413875671,39.235763896904224,214.01325761947768,255.79679839280436,345.4785444428712,0.0,213.5037022441932,126.87928844583318,403.5678572253007,0.7996387311804235
0.7000000000000001,0.0,0.0,0.0,79.36246701111583,0.0,0.0,57.0176947458502,4.237801636515886,0.0,0.0,0.7704524520487761
0.7000000000000001,0.0,27.498424300986976,21.237622339601558,132.45892777127213,49.47261157722211,16.32718942871102,18.29136259306721,0.0,31.91781392078844,5.033193733662786,0.773823689251259
0.7000000000000001,33.53065776644289,46.22154417206867,0.0,102.06144435682218,29.389421149870252,0.0,91.24079384255177,10.82065051427042,71.2025521494584,0.0,0.84300839117218
0.7000000000000001,8.699115663353021,2.640802969232165,0.0,61.35983369686499,85.28240177108577,3.417509724888691,62.60256450591541,46.91308804165376,51.26264587333025,0.0,0.7942752914371906
0.7000000000000001,22.862117011747067,0.0,2.5844132274148883,176.1377014991991,134.7870898605609,64.0139276328918,64.01392763289176,159.836018064736,86.87604464463881,0.0,0.8717930001868117
0.7000000000000001,45.94030064277037,61.759366430139366,19.502957820044013,129.15292067495815,99.8984839448921,0.0,172.4928269417226,88.8468078468672,83.64601909485542,0.0,0.8279783055038491
0.7000000000000001,62.70395050725777,58.74124731534924,85.08156853215272,169.46383650102746,119.58039632053244,56.8764458132747,130.76920533297994,165.73423349687835,122.14449838588496,15.151512204355951,0.8401205465089783
0.7000000000000001,0.0,76.93288677783582,6.342137619678217,314.34942984492056,115.2614576098042,97.88951543416388,95.40780940907236,154.96875401126792,65.62733710797465,28.126001617703423,0.7201082914806091
0.7000000000000001,95.3313654474374,70.28078766562896,0.0,245.98275682970143,39.66341482119656,34.096619758572494,150.99931607367813,305.1299543700824,224.0635012706192,98.4626876701634,0.855418467053237
0.7000000000000001,162.46174439049807,58.666741029902056,0.0,275.9766811761665,45.475402810160766,68.38667445497461,112.47351534726782,159.33748007529618,117.33348205980413,77.0651864416465,0.7429115474876461
0.7000000000000001,0.0,60.35517858940253,0.0,198.0404297464771,89.40110828555251,0.0,132.02695316431806,146.36130807930124,79.5933917647746,38.09920648456034,0.7909549954879447
0.7000000000000001,139.04148945365202,153.10638000532194,260.401402213776,229.05678898433996,120.15435071283795,195.301051660332,209.7677962277639,249.551343788202,309.0257381209779,0.0,0.8064031178156387
0.7000000000000001,217.14382706846425,0.0,78.80219530710393,309.9553015412755,161.9822903534914,69.17081588068015,278.87221339236226,171.61366977991528,181.68283918026745,82.30451509853076,0.7914147153271924
0.7000000000000001,233.99296883998568,254.75040962417788,270.3184902123221,373.1621740976384,196.723927432004,173.13592654087648,129.26224488337908,276.9231304618379,247.20224933901704,117.46824443781536,0.8611658390359279
0.7000000000000001,347.642984558506,281.3751841736771,198.80340115448595,526.9867935364945,226.67795211000904,105.18698473782328,276.6417698604751,434.9481818908992,363.4210322691793,303.4644509686201,0.8573277901726684
0.7000000000000001,87.04137939340546,304.9185429064579,260.5767081211382,675.5286929022784,394.14964253617535,415.4994148402183,215.6874432767404,616.9536765809302,362.3986991096502,0.0,0.7679619241896103
0.7000000000000001,365.5379084660386,181.6442222069699,261.5001960564738,611.2918561578215,302.552915007275,267.6862221997452,549.4315947251073,439.77022218529567,674.8392156296097,0.0,0.8236562398212448
0.7000000000000001,460.379551836418,234.78209064974428,375.4217293030141,485.0632435184204,485.6372828598623,368.5332572057111,789.8781338240786,633.1653936104352,504.5805811274455,159.5829369208531,0.7732702025463734
0.7000000000000001,680.3841207822903,494.38418749630347,339.8891289037087,920.3058588319668,379.2702222704485,488.3255577475744,613.133330571396,622.8271381693628,831.8498645005203,403.5047412653653,0.8459337956454407
0.7250000000000001,42.96199423085925,3.398891948643928,0.0,0.0,0.0,91.22625990160302,5.710138473721798,0.0,0.0,1.4955124574033285,0.8020356857007725
0.7250000000000001,0.0,1.9691422430354688,0.0,6.023258625755551,14.594818977792295,37.99286210091963,10.772366388370504,36.37121554783159,0.0,0.0,0.6749855313340757
0.7250000000000001,87.73199474839964,0.0,0.0,0.0,31.95177586515789,71.12429203882604,81.23332847074042,15.163554647871544,67.69444039228367,14.802517632446031,0.5876111218770907
0.7250000000000001,51.066209682894,48.1834397814403,52.30168249780272,0.0,6.38327621036175,34.59323881744432,0.0,18.532092223630887,37.68192085471613,0.0,0.7126861321557894
0.7250000000000001,108.55524139992666,109.4693908011892,12.11247956672866,0.0,0.0,0.0,238.59299372952304,121.12479566728658,42.27940980839249,16.911763923356997,0.6735959713104622
0.7250000000000001,170.01085206591017,112.52867285737896,26.06183548861373,0.0,12.66556491035434,133.7191372266256,20.459758701341624,111.55439863350551,0.0,64.78923588758181,0.7093027214920566
0.7250000000000001,98.13905905699616,98.90179785795723,50.34076086343325,0.0,59.239380207979536,142.12366324575345,34.83173857722402,154.8359765951053,27.712843101586994,64.83279808169434,0.7076553032122223
0.7250000000000001,155.24981584815546,0.0,78.21297540835104,0.0,21.758496918112694,153.19157965319883,139.07796003063925,110.26265330124676,143.78249990482578,43.81102757836205,0.6613017649307141
0.7250000000000001,58.3830632764513,60.70511692949198,84.9208193112019,2.322053653040677,0.0,86.24770711293942,146.62110209199702,0.0,0.0,0.0,0.6970407997558266
0.7250000000000001,163.13522443783734,92.7412577283596,0.0,0.0,26.4442943723435,181.3855121032575,47.30176598996654,96.83826108182126,0.0,0.0,0.6985305504869367
0.7250000000000001,217.31296740942176,278.7543946276453,0.0,2.061792859671933,0.0,344.7317661371472,120.82106157677528,77.93577009559908,279.9914703434485,138.1401215980195,0.6602958514466247
0.7250000000000001,505.925069279176,212.13269361119643,21.897568372768664,0.0,179.28634105204344,347.1676985766032,258.6650264033299,252.73443496903832,237.2236573716605,196.62191601381863,0.6377398121811124
0.7250000000000001,532.4189113523881,267.6938950201133,137.5580458698549,245.42730486132388,181.5964130727941,368.6357704066256,331.5247868086431,224.64515404645368,198.4200589705461,91.04561309371692,0.6936772724121366
0.7250000000000001,291.378139066616,326.6338569607973,139.46747225786424,34.73725145456098,0.0,365.5188399323208,140.50440513710487,297.08126990243943,302.7844007382629,88.13929473545323,0.6921076263184149
0.7250000000000001,604.8045595543294,172.11193583062033,207.4994366556077,0.0,0.0,477.7312611373293,427.3308811744685,155.49053392797475,467.5439502937724,221.97614153855707,0.7118807359594138
0.75,0.0,9.154290475294006,0.0,0.0,0.0,25.715869426780117,3.633764158131972,0.0,17.819420390839475,0.0,0.7229381342830489
0.75,56.72171209238541,1.3346285198208332,0.0,0.0,0.0,29.584265522695137,0.0,0.0,6.895580685740972,18.12870406089965,0.646684923867422
0.75,35.69809972943376,0.0,0.0,0.0,0.0,0.0,64.90563587169774,12.380149064416422,11.89936657647792,16.34660458990906,0.7994628714863492
0.75,77.13619231052418,70.75960041285417,0.0,0.0,0.0,163.52872769831126,54.71527241226515,51.42412820701612,64.38300851518419,52.04121774550031,0.6721010296906184
0.75,90.51548217915752,144.3483742120249,25.24905555523868,0.0,0.0,96.47044811199684,111.71516090006548,65.26642662391886,0.0,53.59469339555381,0.7468765154257375
0.75,111.89518093990752,109.4305293773545,0.0,0.0,0.0,77.63652422042043,34.258656719487114,4.18990765634015,4.682837968850756,119.28913562756662,0.746614055601163
0.75,79.1790170795371,50.13843714754388,0.0,0.0,0.0,103.0071852288649,35.24583205421402,0.0,0.0,0.0,0.7845071188452574
0.75,144.96100794810488,30.39071224143943,49.48576152588368,0.0,0.0,106.50196502309748,0.0,13.178273449827715,0.0,0.0,0.7869996350364286
0.75,209.44093687376807,109.00727123839394,0.0,0.0,0.0,260.27017009167093,86.04225623030533,141.158292249718,0.0,101.65846643580558,0.8176575841878275
0.75,171.17143924851348,198.02186109141755,119.48437720092312,0.0,0.0,126.86824320772178,217.8240472005593,49.33765013633624,88.60639208158346,70.4823573376232,0.7769358346201123
0.75,302.147313130476,123.53806398930791,103.07242085854908,0.0,80.37416211352563,149.21314355335082,204.28432870521092,77.39734129450616,25.67507956404291,59.53641638038936,0.8799640978999367
0.75,260.35051717757005,228.8321295258908,251.71534247847984,0.0,76.42129608694842,195.58670693439345,354.47392139765344,92.82812801521985,240.48961536966257,166.2271129574867,0.7443127844862479
0.75,214.07777813022665,147.0621258459818,0.0,0.0,0.0,180.56995198810424,168.46990365900444,245.2586719013684,176.3814737203389,203.3738892237153,0.8359850344379479
0.75,422.8556428425128,82.37447587841156,132.40934270826156,308.1415579155396,189.15620386894508,682.7928778366114,446.0425323490286,97.01882714568474,156.20641351758044,404.5502037584213,0.6980231980787931
0.775,18.08631307128018,0.0,0.0,0.0,0.0,35.92821650646198,17.271614284285576,0.0,0.0,0.0,0.794170412386412
0.775,17.17560123393749,0.0,0.0,0.0,0.0,28.9189192869087,0.0,0.0,0.0,0.0,0.8575612771594665
0.775,0.0,0.0,0.0,0.0,0.0,4.485634346844331,0.0,0.0,7.351456290661543,0.0,0.6707376020304907
0.775,85.5694835914147,55.60938732137277,1.2932415656133205,0.0,0.0,103.67486551000118,0.0,33.40874044501077,0.0,34.05536122781744,0.7658008913483078
0.775,121.60005181467032,101.94985332750876,0.0,0.0,0.0,75.36429066840783,109.34757511091075,54.78937695832103,0.0,24.2737746017878,0.8166201009526989
0.775,211.70076499508608,16.557601731459247,0.0,0.0,0.0,81.13224848415032,70.25153877490567,0.0,21.524882250897026,0.0,0.5921036160172103
0.775,41.72562368903559,43.47460192749816,0.0,0.0,0.0,88.69818209345888,0.0,0.0,0.0,0.0,0.7807649968566576
0.775,131.30645294877962,65.65322647438981,0.0,0.0,0.0,145.77696000844105,58.68594529751579,98.34585353510636,0.0,14.470507059661427,0.7010994317369557
0.775,121.5655144509201,133.15733612227925,0.0,0.0,0.0,83.22333507642452,45.77283429203349,114.72931192678524,20.50860757240461,8.025107310940937,0.7785889906580162
0.775,154.9957782148325,141.5925956197583,0.0,0.0,101.38304783453567,200.36039622892983,0.0,79.04441017607867,23.369651704231952,238.5079159226026,0.7848004992614096
0.775,284.27843856667795,234.0868448138075,216.3721646657356,0.0,84.77739785148704,169.1330176042105,254.3321935544611,238.7264039002073,149.73122506108407,107.97519328348596,0.7505763623034478
0.775,72.70003668455047,173.96080206660292,15.57857928954653,0.0,6.058336390379206,511.0639483598458,381.2424542802914,223.2929698168336,250.55548357354,236.7078575383876,0.7800163289897128
0.775,150.01298539763647,412.53570984350034,25.31469128585116,0.0,72.66253980198017,380.6579504465026,95.63327819099324,182.35953537400184,7.031858690514211,96.5708593497285,0.7432506499920859
0.8,3.482463747947835,0.0,0.0,0.0,0.0,4.194785878209892,0.0,0.0,0.0,0.0,0.6996356406518467
0.8,15.899544052687036,3.9940883610614777,0.0,0.0,0.0,23.65729260013337,0.0,4.454944710414725,3.610041403267105,18.51106336568877,0.6539480749407497
0.8,61.51222811917649,8.693376993288327,23.709209981695437,0.0,0.0,61.90738161887141,0.0,0.0,0.0,0.0,0.716836795503978
0.8,74.3325224873949,105.0350861234928,0.0,0.0,3.950037426866396,84.2076160545609,12.568300903665804,0.0,0.0,19.03199851126536,0.818119397966457
0.8,145.2547441477978,77.14486411677298,0.0,0.0,0.0,160.08138469876917,48.64991430787485,18.533300688714228,43.089924101260586,98.68982616740328,0.5554853576353355
0.8,53.21100727797207,49.99359753558306,0.0,0.0,0.0,135.62619529455208,83.4051602450074,69.7930421041308,9.157243112953331,29.204180738607928,0.7661051061449736
0.8,145.69675965285663,37.18833375754732,7.896153058109363,0.0,0.0,167.60221652374065,0.0,97.55569745986728,0.0,0.0,0.6122088176811413
0.8,121.11912207539336,24.492978019690657,22.608902787406763,0.0,0.0,300.1062691423636,135.38426311982855,1.3457680230599265,104.1624449848383,103.62413777561432,0.6777810314497189
0.8,139.1620373185108,58.0323018693375,0.0,5.485640475211008,0.0,44.46255964118396,112.59998870169962,77.95383833194589,94.12204183783096,61.785634826060814,0.6758760200245967
0.8,184.7594232539321,64.54626801292639,106.21105477259316,7.171807556991821,0.0,214.8127120641836,93.57501288646472,163.2440005829567,76.49928060791275,244.866000874435,0.6726707476771713
0.8,88.8232643012517,179.85789617846817,114.99111395016818,77.76642642142784,0.0,283.4236109861517,117.57104278879372,107.98844995961306,72.6065687441767,141.52752486174543,0.7794283508112826
0.8,191.78069274475757,306.76517811032335,161.9854428872569,1.258954219331012,79.73376722429744,441.47327957874165,270.67515715616764,172.89637945479237,15.107450631972148,157.36927741637652,0.8117501077791811
0.8250000000000001,1.3266202644742264,0.0,0.0,0.0,0.0,2.271479301761625,0.0,0.0,0.0,2.0424225654495283,0.8039508754921074
0.8250000000000001,0.0,25.780738837260916,0.0,0.0,0.0,2.272200711080623,0.0,14.507127616899362,0.0,0.0,0.8185715067912563
0.8250000000000001,0.0,42.40643488691493,0.0,0.0,0.0,24.359045155972066,16.765334722733808,0.0,0.0,2.859968864466356,0.8427680870470821
0.8250000000000001,38.80342747282828,0.8497100906458748,0.0,0.0,0.0,5.523115589198186,32.43060179298422,0.0,0.0,5.806352286080145,0.8122422199502585
0.8250000000000001,35.42610869454674,18.834133736341304,47.08533434085327,13.228736791001632,0.0,104.48459906113152,0.0,70.4037856334663,0.0,35.87454045017391,0.8182860391249174
0.8250000000000001,84.66674717213063,99.0298560674028,0.0,0.0,0.0,160.7660258804147,0.0,121.20448032677037,2.0158749326697767,0.0,0.7839049382953681
0.8250000000000001,25.81734220601126,84.75390118135009,0.0,0.0,0.0,220.0993618371061,0.0,80.84218266528778,0.0,0.0,0.8528387046016991
0.8250000000000001,176.93330902183905,72.63003117254505,0.0,0.0,14.74444241848659,197.6847464997091,47.23682478515149,59.25081490391833,129.15039377674364,137.06870544593087,0.7683696742742165
0.8250000000000001,180.61307794228017,10.179481043445742,0.0,0.0,0.0,138.73178450638912,0.0,95.10543717733594,49.152351324066586,0.0,0.7290972393392984
0.8250000000000001,177.11572143131224,0.0,3.780795367170869,0.0,0.0,151.23181468683475,87.5399542706486,184.3864817527947,0.0,0.0,0.7751301451127306
0.8250000000000001,245.8505537739995,287.60555265801696,46.79439530105408,0.0,7.199137738623704,179.97844346559262,115.18620381797926,131.74422061681378,172.0593919531065,141.82301345088698,0.8155591838046619
0.8500000000000001,0.8711581005300916,6.94022620088973,1.2631792457686328,0.0,0.0,6.911187597538727,0.9001967038810947,0.8711581005300916,0.0,0.4210597485895442,0.8307699236379601
0.8500000000000001,6.494866831709313,13.661616439112692,0.0,0.0,0.0,29.562842130538947,0.0,27.547193803456743,0.7838632383097447,0.0,0.7391886013261659
0.8500000000000001,7.088379696432067,2.317354900756637,0.0,0.0,0.0,7.83811216432392,0.0,0.0,12.33650697167504,0.0,0.6715215729350646
0.8500000000000001,52.84801560791188,0.0,0.0,0.0,0.0,57.26388753202312,0.0,0.0,44.3011667225353,10.11377118102896,0.7412353334819605
0.8500000000000001,62.92251325863578,0.0,110.61115488623344,0.0,0.0,124.07878053106424,63.364074755187616,4.8571764620701305,0.0,0.0,0.7179860514024936
0.8500000000000001,51.97086140357468,43.81856941870022,0.0,0.0,0.0,45.85664241491884,0.0,0.0,66.74689062615964,0.0,0.7669067285683617
0.8500000000000001,156.3635255742653,105.7905041014006,0.0,0.0,0.0,145.52644954436573,0.0,0.0,39.21989420344608,71.21507105362578,0.6939292630600354
0.8500000000000001,136.9382793894651,62.53874176841712,45.82580215789185,0.0,65.23437718946958,108.36454392630898,135.05133459472836,65.23437718946958,38.81715006315545,30.46068025789282,0.7702877045398445
0.8500000000000001,103.72169600742984,99.14994081151006,0.0,0.0,48.860633656392565,89.14922632043556,22.001571880363905,38.57418446557308,19.144224882914045,13.143796188269343,0.8082784800995814
0.8500000000000001,331.701263561147,0.0,59.21022555156924,0.0,117.49044756044366,201.50076758387436,22.010083843777046,46.8101783156385,67.89025861672074,83.39031766163416,0.8081029387883395
0.8500000000000001,198.02679628045655,41.79804350556349,210.3606451837376,0.0,0.0,336.7825964423682,56.53014080670472,24.667697806562064,0.0,53.789285494864494,0.7629871175147199
0.8500000000000001,218.239670934264,137.676326204631,29.50206990099236,0.0,46.522494843872565,133.13754621986297,259.0886907971765,139.5674845316177,61.27352979436874,77.15925974105694,0.8109797711512089
0.875,1.3713927341080476,0.0,0.0,0.0,0.0,2.1435214163369483,0.0,0.0,0.0,0.0,0.7591780414892381
0.875,4.803745720166343,0.0,0.0,0.0,0.0,3.296076608858724,0.0,0.0,0.0,0.551079054477957,0.6442061519066969
0.875,25.706881349504734,0.0,0.0,0.0,0.0,2.3312612988521453,2.079233050327589,2.457275423114424,0.0,16.822885589014128,0.7660071097819021
0.875,35.0339151830556,84.1686178049344,0.0,0.0,0.0,59.601266493995006,101.4675219824598,0.0,34.88854624038732,6.977709248077463,0.7041330582807395
0.875,23.436530217136934,0.0,0.0,0.0,17.617805473571902,13.57702440165174,0.0,41.21596693358564,54.79299133523738,0.0,0.8168146734416963
0.875,131.383011837054,99.98171837695504,0.0,0.0,0.0,102.24261150608216,0.0,117.31523236692966,0.0,45.21786258254248,0.6792198263610595
0.875,57.55744666795445,88.06024098507318,0.0,83.02064888050575,0.0,161.26694734615813,79.04202353479461,87.7949992953591,36.60335318054246,19.62788503884161,0.814675796299871
0.875,196.2803808483009,0.0,15.937295880844948,0.0,56.47953978825753,138.68243433156306,23.486541298087293,5.31243196028165,13.98008410600434,13.98008410600434,0.7619973069064581
0.875,140.74308985402067,16.877728254852073,0.0,0.0,54.638069435199085,162.48389235179624,154.47412301051048,155.90443896431154,58.64295410584195,108.13188610735736,0.769470459507851
0.875,236.17051111594995,237.7181553565525,140.83562589483253,0.0,12.690682772940956,132.47834699557873,0.0,4.333403873687155,37.76251947070235,30.333827115810088,0.7815970529331728
0.875,163.77569110014258,184.5112399733366,0.0,0.0,0.0,251.28673634463937,213.68158838816888,119.49299350654178,6.326099656228683,289.9462342438147,0.7742302828570464
0.875,420.189912694223,200.57978622269525,56.71041394152104,0.0,40.72492813250168,239.7822871352903,99.71898290388263,152.62332879563718,58.23284116142764,75.7407541903536,0.806100404412528
0.9,1.9639442132309488,0.0,0.0,0.0,0.0,0.0,0.0,0.1458374415765556,0.0,0.0,0.9328934958558044
0.9,2.52032420510318,0.0,0.0,0.0,0.0,0.1386178312806749,0.0,0.0,0.0,3.137803635353458,0.8541271437405197
0.9,21.082726656069,0.0,0.0,0.0,0.0,10.583698120516564,0.0,0.0,22.860787940315777,1.1007046045337228,0.7746506730522527
0.9,35.36485939715735,15.277619259571978,0.0,0.0,0.0,47.81328990495675,0.0,58.84712603686984,0.0,38.05258871134132,0.8533005657215675
0.9,84.78320903066435,56.3202745703699,51.07179020180496,0.0,0.0,43.80465799917658,112.84241392414611,93.66525950054348,157.45453105694807,27.2517457598564,0.8166769104385385
0.9,37.730421237867226,47.22549413216494,6.996369501061472,0.0,0.0,10.74442459091583,128.68322475166636,0.0,0.0,64.46654754549499,0.8756096508104042
0.9,169.17746877249397,108.81627696823264,0.0,0.0,0.0,119.89172500571176,94.9719669213837,4.983951616865617,70.88286743986654,0.0,0.7901426198404511
0.9,89.50373166389994,49.32403788289222,0.0,0.0,0.0,0.0,0.0,0.0,0.0,0.0,0.2
0.9,139.7320959816578,38.2424683739274,8.82518500936786,0.0,42.06671521132014,190.32982336870023,125.31762713302363,51.1860730543336,130.90691097228995,24.122172358938823,0.7462075837299877
0.9,132.12986601514916,0.0,0.0,0.0,0.0,69.46079405002,0.0,0.0,30.5627493820088,63.9039305260184,0.9216214609656732
0.9,49.52573080591596,61.7420777380419,0.0,0.0,19.810292322366383,170.3685139723509,24.102522325545767,2.971543848354958,75.27911082499226,19.810292322366383,0.8029645207942347
0.9,255.1977387074134,13.885759312021024,48.41251219596519,0.0,6.004652675468551,222.5474397845532,200.0299922515461,66.05117943015406,117.46601796385352,188.39597769282577,0.7992385286417918
0.925,0.0,0.6055212976156542,0.0,0.0,0.0,1.6147234603084113,3.953697884431625,0.0,0.0,1.0448210625525014,0.9222610324862429
0.925,4.878158589269753,0.0,0.0,0.0,0.0,0.2669639028953596,1.1163945030169584,0.0,0.0,0.0,0.8354936323854438
0.925,26.81596165152512,50.34223284022374,17.345640622176102,0.0,0.0,0.0,0.0,12.261573543262417,0.0,0.0,0.8937794547373227
0.925,25.25363058926289,24.9493699797537,0.0,0.0,0.0,55.983952149691234,28.752627598618595,57.50525519723719,0.0,3.3468667046011062,0.8558961911295351
0.925,40.83821250989261,78.2889235212688,0.0,0.0,10.727088078635388,26.535428405045437,0.0,70.94933694114985,3.0111124431257226,71.70211505193127,0.8011022025584686
0.925,120.4448224895222,115.60665837260694,0.0,0.0,0.0,31.830027084968872,54.74764658614646,0.0,7.129926067033027,0.0,0.8768566190245626
0.925,93.8629953938928,190.2253013160253,69.98069479071296,65.5374760738423,54.70713045147005,26.659312301223984,88.03127082800003,107.19265154450476,171.8970241089338,186.33748493876348,0.786039425613288
0.925,19.410495954980476,111.32490327121153,0.0,0.0,0.0,180.11798452342174,0.0,5.423520928597485,0.0,67.0803904326531,0.871715360556165
0.925,258.7005271571051,99.38437015348624,0.0,61.43761064033695,123.77871555479652,125.58570410304172,67.15974104311344,56.61897451168308,0.0,145.76374289177983,0.7682652868439879
0.925,268.8341495994917,0.0,57.27200160268567,0.0,80.43117164967332,184.334475103726,86.37744504011609,136.7642879801838,0.0,137.39021149496728,0.6706536051478579
0.925,109.07516543199816,74.32251019972115,53.333282782207306,17.548370463823048,0.0,260.4728713943931,101.8493658292475,86.709595233008,0.0,0.0,0.826121487459213
0.925,151.51338031976064,123.99975653035136,0.0,0.0,0.0,126.6380492224865,53.89655071076063,147.3674918035483,146.61369389150968,0.0,0.8595226246580455
0.9500000000000001,5.361079179660623,0.0,0.0,0.0,0.0,0.0,0.0,0.0,0.0,0.0,0.756999965802185
0.9500000000000001,1.8853718023800772,2.70720053675088,0.0,0.0,0.0,4.604658055812881,0.0,0.0,0.0,0.0,0.5996263281319643
0.9500000000000001,32.9602081798742,16.743364538658142,0.0,0.0,4.317471359025055,18.74414394893804,22.4297902310326,0.0,0.0,0.0,0.6503134556817807
0.9500000000000001,79.15396390336001,18.661052393719448,0.0,0.0,0.0,6.842385877697131,38.25515740712487,39.03270125686318,0.0,0.0,0.6926939002122696
0.9500000000000001,3.5751929623462955,7.800421008755554,0.0,0.0,0.0,64.6784908642648,0.0,34.614368226352774,8.775473634849998,41.602245380029615,0.6495813437221375
0.9500000000000001,88.98062184999691,0.0,75.5829714009917,0.0,14.91436559417562,20.475654459800424,64.46039366974207,0.0,30.08151704587964,0.0,0.6749216206625076
0.9500000000000001,145.09493904391405,4.734383807574931,15.874110413633591,0.0,0.0,116.410143033313,35.36863197423625,33.97616614847891,0.0,0.0,0.7543689764892827
0.9500000000000001,186.64116794251885,143.12077040975623,0.0,17.232909090154322,0.0,73.89705084422108,104.85787056551528,29.20832049178699,63.0899722622599,0.0,0.728255502157546
0.9500000000000001,144.31168755149525,16.88414887467825,31.21974697582016,0.0,49.37817123726658,53.83813509095518,119.78188635620796,68.49230203878913,120.73759289628408,0.0,0.7667007536039919
0.9500000000000001,177.98884303826088,0.0,2.845292339865627,0.0,0.0,185.57628927790256,173.87897632512164,23.71076949888022,177.98884303826088,58.48656476390455,0.7121218922267993
0.9500000000000001,237.7032155971428,0.0,0.0,0.0,81.59961132439228,106.07949472171,178.1000212384562,130.91415903782936,0.0,93.30738164484858,0.6833471775309519
0.9500000000000001,357.5241186766881,225.0126126784495,0.0,19.087529949884782,57.99672561695762,299.8944609433821,0.0,53.22484312948642,21.6570051354462,0.0,0.6767435008733523
0.9750000000000001,4.142714542566869,2.1925230169573964,0.0,0.0,0.0,0.0,0.0,0.0,0.2654106810001059,0.0,0.6639971565357352
0.9750000000000001,1.918000872458885,0.034872743135616,0.0,0.0,0.0,0.0,1.836631138475781,0.0,2.987431661951112,0.0,0.6578361677965343
0.9750000000000001,110.61128753573246,0.0,0.0,0.0,0.0,0.0,0.9876007815690396,2.6806306928302512,0.0,0.0,0.7410251383843576
0.9750000000000001,94.62621570577105,21.89697553521974,0.0,0.0,0.0,32.6890563347209,50.83226463533154,0.0,0.0,0.0,0.6801452528853709
0.9750000000000001,63.74743012375368,36.18513545672009,0.0,0.0,0.0,0.0,47.42562434327569,1.693772297974132,1.847751597789962,43.42216254806411,0.7677923478743813
0.9750000000000001,147.71046686934667,76.22959796133796,0.0,0.0,66.73213985467947,125.4664202511202,111.22023309113244,85.47712295992652,88.22638714869608,114.21943038797198,0.7568352182932528
0.9750000000000001,98.14570051402988,128.11175473259922,24.467695646354787,0.0,0.0,18.144583288308045,0.0,36.83900243383755,38.21359207689119,0.0,0.6923734947121396
0.9750000000000001,144.13485564937662,87.74676840930113,24.454017425542936,0.0,123.133170095675,108.46075964034928,61.85427937049096,76.23899550316327,0.0,44.01723136597728,0.7326911868118273
0.9750000000000001,134.45527739385972,58.992627275256936,0.0,0.0,0.0,175.48060702183028,81.4517493343649,115.88906982499714,14.673293078617208,136.55146211937648,0.7103463929033211
0.9750000000000001,105.99749488967775,183.1145129108636,0.0,0.0,0.0,156.3847098517275,104.76853842718876,14.440238434245956,63.59849693380666,3.072391156222544,0.7206441672448837
0.9750000000000001,310.8451686261361,83.33296009977266,144.5099347761931,0.0,69.11344706687494,29.43108511460225,165.34317480113623,71.09756516448859,183.53092402926123,107.47306362073854,0.7774581978423989
0.9750000000000001,213.88673190685213,255.64729925708644,131.4550033111723,100.95163237708812,114.38764100281566,76.98469807173626,193.55115128412936,256.0104346253494,70.08512607474103,189.91979760150028,0.7092561377136692
1.0,3.308057636410851,0.8493661498892725,0.0,0.0,0.0,0.0447034815731196,0.0,0.0,0.0,1.850724137127152,0.6593657632027403
1.0,3.735197922676341,0.0464576856054271,0.0,0.0,0.0,1.52381208785801,0.0,1.9976804810333664,0.0,0.0,0.7513962781190606
1.0,3.0198043339182794,0.0,0.0,0.0,0.0,0.0,0.0,0.0,0.0,0.0,0.6842951858258842
1.0,0.0,11.64920472789304,0.0,0.0,0.0,15.27122636597743,13.802839215402678,0.0,13.509161785287729,0.0,0.7677838264515061
1.0,54.57968381666985,10.826948148415486,0.0,0.0,65.25831760688786,15.869636327129546,23.285354237003165,0.0,0.0,4.301116387726699,0.7193182338454096
1.0,39.435121122860416,45.77290844617727,40.37405257816662,0.0,0.0,34.97519671015597,51.171764314187925,8.450383097755804,0.0,93.1889469391404,0.7245823428269337
1.0,18.33606872836012,86.55703032064116,0.0,0.0,0.0,15.100291893943629,19.68430907603366,104.89309904900128,86.28738225110645,2.9661287648817845,0.680413349958925
1.0,137.36980835487805,91.57987223658536,0.0,0.0,13.33124722431306,64.3377583434239,65.78680695476227,4.926765278550478,0.0,62.30909028755017,0.7223461794406095
1.0,216.7018656994649,114.11750910784146,63.128834825614426,0.0,0.0,125.04365359689012,138.70133420820093,97.1212843470991,10.015632448294596,0.0,0.7588320717204813
1.0,137.34935444124133,108.4169672788502,143.3901825300922,49.91631631313631,103.32995415139682,34.65527693077617,61.68003417037226,70.90024546388152,136.3955394798438,25.753003957732744,0.7386448209277179
1.0,172.25569585431782,118.71676335905688,66.17545072395606,0.0,33.5865352920581,49.54845305462037,106.74532503713516,0.0,124.70248252001772,87.79054769409248,0.6836524270718239
1.0,140.66588628174722,51.05650687263418,0.0,0.0,2.778585408034513,0.0,0.0,87.87276352909147,63.212818032785165,82.66291588902676,0.6528426139913172
1.0,145.24836550256484,178.17132834981288,111.1634157312963,61.5853069730875,56.93735927700542,261.0597289299432,307.15187691609043,173.1360516790573,16.26781693628726,226.20012120932765,0.6228825085061392
1.0,132.2262495598579,123.1640143875312,51.90189235059843,0.0,0.0,256.2141035085097,29.65822420034196,46.54693520331447,89.7985121621465,147.4672814405892,0.6944129552537467
