frequency,642.3718383393771,642.4839026873065,642.5959479711534,642.7079741868665,642.8199813303943,642.9319693976855,643.0439383846889,643.1558882873528,643.267819101626,643.3797308234571,Max_Oxygen_LifeTime
0.2,151.93304586164447,20.531492684005677,0.0,0.0,44.42268417084932,50.02218217557844,32.7259550054162,0.0,0.0,121.07359019113746,0.45973694591830416
0.2,204.34088907037528,1.052399428688824,0.0,143.65252201599742,32.975182098911,0.0,114.88693763184172,20.34638895464746,3.507998095628629,149.61611877856583,0.971616363897645
0.2,336.8448916115923,155.89164592869403,0.0,223.64291984048435,122.5469750692866,129.34334110432536,179.89131348992424,105.76844642028564,0.0,59.25581636799113,0.9117780783164717
0.2,467.8769293192013,193.78082498876967,295.65725314698386,303.74268395319103,191.0856813867024,331.7721774147104,370.0432165640915,118.31680413083484,56.05898692303884,346.0564385056747,0.9391676774955388
0.2,384.4201657734559,209.13506629450092,151.93124640466337,136.7118814798434,185.5188103766785,130.93901892215456,270.53733168084244,155.60488621410207,41.19724643442514,169.77463976479515,0.8415457954533347
0.2,378.9677690841008,195.19123046199056,230.29140786963032,248.55491481344333,288.7917035490293,206.32055500587816,239.13779404554035,170.3642757102489,24.54158745574897,281.08678655710713,0.8653322467273351
0.2,374.6020920292086,264.6473989104576,102.39333886416505,333.0146436289943,187.4585742282422,44.73801267295983,519.8431050026869,355.698706392748,94.20187175503378,369.8762456200924,0.7316352996703497
0.2,711.7733315324265,239.45567955015667,142.97933329661672,372.71797077807264,235.63827016602457,518.1265645918645,343.2198073552269,239.80271676689767,167.27193846837105,338.36128632087417,0.6677301296999959
0.2,731.1846404480536,410.139283612669,125.19232814394071,318.74120355666395,193.5488754127206,256.91309057759827,485.4082907176162,192.01277322690592,55.29967868934875,260.3693204956807,0.7000370427067865
0.2,679.0742700412724,375.81066745762416,355.1431896737592,413.77134093819376,407.8663472856589,705.6467414776722,733.0627834358606,152.26447918316984,83.93526691814573,318.8696572367698,0.6751327152436368
0.2,736.5947024779421,543.3071347681598,317.11955553330813,348.6487332448327,493.95711748055567,256.3459231328315,396.6279167188921,415.8195901085165,145.30838423572288,556.5585282990879,0.5234310677705861
0.2,1025.983521813632,486.7767510809168,452.3374244468901,710.8893841023313,432.80467202759456,667.7117208596756,509.9076421037701,186.07516778383692,208.17801920567328,765.8895027566671,0.6944522570889506
0.2,1097.8722226319055,588.778248427591,256.2070761484724,593.2051525511088,285.53531596676726,286.0886789822056,830.5978861746407,386.24738477674833,0.0,1017.63458539318,0.6630253734709786
0.2,1187.109610884861,487.9604127864261,517.4426078869626,589.6439020107266,858.5937226217442,456.6731853327992,907.329596155281,421.7758931729794,539.1029961240954,430.1993774874173,0.79822163316433
0.2,1153.6391360325356,833.1838204679399,319.80132512466486,695.8458280831189,869.8072851038976,1331.5245356928815,1079.7382163207028,260.94218553117014,280.5618987290017,999.9513826495148,0.7036243975064377
0.2,1003.1103771657685,463.0867482606032,378.0898134532745,893.9332798701538,1067.5908104678783,740.7922507776434,987.7230010368578,370.7624914871308,333.39314945977,710.0174985198128,0.7339582087744879
0.2,1503.4906637341417,512.8122209817493,684.2914264130518,1074.3863013278583,1290.5638778431444,953.2943505730518,1283.2495989384906,567.2629639386104,633.9041717365559,1121.52276538006,0.7500676178642665
0.2,2036.8775342804715,792.725796406744,670.7679815749368,1002.9665070496376,749.0394149744529,1123.1040559884304,1155.8688420626474,506.0339182573487,237.5446990380732,1054.8440850004722,0.6612667032813783
0.2,2246.798822125929,1560.9563042502898,882.5570385066331,1634.3255038369855,1133.5009675277968,1177.0971585865616,1664.0985123649236,1634.3255038369855,857.0373169112629,1586.4760258456602,0.5525249130712094
0.2,3416.121278493339,1586.5005474101786,1473.421392213441,1536.745719123619,1448.5439780701647,1388.612025815897,2181.296903745004,962.3036107242098,555.2186520159657,2699.1994345460407,0.5601010204217014
0.225,400.6770493734272,202.79918210354165,153.3809789822534,178.19260793526513,157.68712946170248,170.40052611531186,201.5688533951276,103.34761150675948,115.85595337563365,230.4815780428505,0.8247662403650454
0.225,601.5400564526433,329.1726412010961,219.77917114104764,295.18872873346186,327.1881791591912,334.13379630586,370.5982863258761,121.30024231148278,0.0,343.0638754944353,0.7810588398643363
0.225,427.5336141755048,273.6431877802651,275.8106585745635,246.5498028515269,280.68746786173745,253.8650167822861,358.71641645650647,251.42661213870088,0.0,343.81505474569946,0.8336496532846075
0.225,467.8769293192013,193.78082498876967,295.65725314698386,303.74268395319103,191.0856813867024,331.7721774147104,370.0432165640915,118.31680413083484,56.05898692303884,346.0564385056747,0.8326921862102807
0.225,546.3049700996742,332.57351468125074,197.14884249802756,363.5891425508806,256.4163294172167,268.3926609708354,644.879391348688,66.9446225304838,152.92854137697458,314.4554746385972,0.6972630871582721
0.225,779.14815583718,206.6993631470206,145.24820113033897,271.43668356031606,257.6348182945369,409.78395205776656,408.1408728594585,356.21957019295786,31.218504767833,511.6548623527992,0.8245197440059927
0.225,693.2995978322054,375.3643032175355,200.65557222688548,306.1727265875751,235.94327630816505,325.2004101608147,553.1866551565344,210.34239295508104,306.1727265875751,364.6396088398904,0.8684417707442
0.225,744.4459058919066,292.72623445250457,260.7789550579424,394.8832325165162,504.8413104326851,388.5680726361936,412.71427217859616,417.5435120870767,138.19055738113332,403.7987523475537,0.7852449718092277
0.225,709.1842218000792,431.90614421271727,16.596206103767564,435.5492138452553,646.442467017536,386.9749520781256,694.6119432699405,219.79853449625796,31.9780556633594,580.0576426024604,0.7001181046785798
0.225,763.0090779409655,451.7582885711071,417.52070174042126,374.3902352134571,172.96651009267873,645.1784219652335,685.6410245833156,245.44347961737483,57.80371802583163,429.0814453455876,0.8729390368811302
0.225,1093.0281070921255,644.6063195671511,447.9467644449704,654.5818042472637,499.2492570855396,259.3626016828787,743.4111202082489,274.56334024304806,264.11283248293114,643.181250327135,0.9409197834843136
0.225,989.7417255030854,951.67473606066,563.7043231131912,690.4204660516785,758.2109951957267,551.7106141107829,933.944905361449,636.1880427364434,251.34642344177396,892.227656657418,0.8786739544765398
0.225,1259.292226194109,841.9556120861835,618.4424456042248,732.159670656451,821.7890105990928,880.0480815618106,948.950636642714,489.0400860620383,427.9800982261112,897.973949550336,0.7488796733202973
0.25,338.0666365091986,181.2381779492438,175.33517391392544,196.3945396615497,176.45195846114882,149.9682106270159,212.0295233226642,111.83799537184905,82.96113779366861,234.20567361750864,0.8907084191471129
0.25,385.7244650033096,73.93213528914345,48.38490529394216,289.5352732789528,222.76410397331108,194.5073192816494,295.53500153540097,37.93376575045119,28.643863934015062,312.3729485776923,0.9102083319707164
0.25,402.0436743092236,247.30278736068163,152.15009584285764,362.47522833151487,361.5331224749031,287.8133391950037,288.04886565915626,138.96061385028807,97.27242969520164,312.0725650027652,0.9443221441693939
0.25,447.8241178882712,196.26697735419123,238.4552061312621,365.5439698385828,260.204417239937,383.1005619383562,406.9460825514828,304.226916833402,0.0,264.65907493689434,0.843301338754155
0.25,539.6493229799607,320.7377433480672,177.2420832408349,382.3616464616045,360.9400039507074,310.76053998682886,481.5467857586281,463.6465091399336,303.42436104474245,446.9200211519728,0.8709211639441403
0.25,542.5828313021351,328.8848692867241,349.2664668199856,291.20979505857406,383.8534202097628,319.00288260393,569.7582946798177,249.2113516567023,160.89109567923313,435.4250382105919,0.8162583665516217
0.25,636.6461668316969,349.77663175129925,311.5712746108547,611.9444273012376,399.5094673392898,254.59259542726437,555.6244611717915,189.38000306685356,59.61353140017608,467.0275553892099,0.8839646218926953
0.25,553.2186882908295,516.8705484556884,266.4318649915757,372.56843331018376,438.3585664117863,427.090643062894,491.0633691727408,309.3226699970407,86.87205420598434,505.2391437084431,0.8620823431292292
0.25,805.9094762376129,550.3867036847498,71.67102156970525,639.975480646884,431.5841951045314,306.15990735754724,601.023838489434,542.9858916748367,209.17031838549997,673.4738929022866,0.920458161603352
0.25,1028.8310823906313,524.5351911860408,350.3928809289384,637.1162973328859,546.8827515822331,456.6492058315804,591.1562202916658,554.4724890752802,56.07972703194946,667.4752473050685,0.8298172285604452
0.25,913.0413466620196,366.9024264769136,532.8292795632083,329.1917780482129,646.4048795367178,371.3389733508815,754.656623261465,439.2181405225456,257.3197186899764,836.7327404298181,0.8914172453042928
0.25,1092.464035100371,552.928382038539,328.60017167861207,798.3023093618756,500.7924013791996,753.8193166892229,859.0479015062458,434.78537999397616,199.45599940317868,969.0596038149516,0.8738477512417712
0.25,1237.720358479069,792.616082713961,711.0308442326549,887.1103779169943,780.2233882611055,538.5658464304017,853.54683044051,1096.2370968089533,1.5490868066073855,894.8558119500277,0.9391192474088602
0.25,1234.1097091480449,803.9998237837531,736.317557558915,966.1097678867926,873.3195641914505,716.1220426369924,903.3399242105324,679.5517858864735,157.19752155446167,719.3969910027074,0.9311141893419929
0.25,1430.8819467509147,921.1038281110768,877.615647374029,953.1159611536292,797.2833135125408,687.3548566494502,975.4640540323884,743.5270901014685,326.7653580380936,934.3918833362868,0.8825515117549522
0.25,1629.6680195665483,794.0881380104896,515.7742889971662,1156.0238086310317,541.3076696405938,1052.6136170251611,870.0499454246794,810.0465009126356,338.9556280414559,1149.0021289540873,0.9153880401320287
0.25,1623.8952101883424,861.877523855636,1337.7197026561842,1163.4676371799292,812.2827052200886,794.1872984206324,1194.9670490160202,755.985884066224,396.75854908440095,1549.502982235017,0.8366406301068983
0.25,1467.8983295056585,928.2816922774824,919.111736350729,1003.0521021417812,1211.139563556567,993.882146215028,1336.697421630572,780.8570162242988,413.35339792903295,1173.0489773992815,0.7023520808996986
0.25,2178.439371517568,1612.5424611025933,1204.885698739742,1348.0553565011871,1096.3781686468567,917.7928587023188,1636.65524556768,889.1589271500278,788.940166717019,1589.183201152039,0.755610973873429
0.275,342.68117663067466,191.78655595454376,49.50965717593032,213.07739828958628,232.00259147629,254.47625838550135,243.9998121571473,137.03867566443697,138.72842505610691,216.9638218904261,0.7349682530279553
0.275,405.9871368087098,300.74640857077685,152.62982808776144,288.02725623013134,238.17638495953065,214.99470408061052,406.80772728229965,208.84027552868488,18.052990418982745,324.54353230488965,0.7725901930008846
0.275,514.9539238641654,253.82062394770557,94.12121650105496,499.62089360710274,326.9473836352423,308.31185455358,246.74384075213771,303.59399908986813,95.53657314016884,363.98254902538014,0.7802447031227839
0.275,505.1474125707655,318.1444473062847,421.6211947997154,335.43490639901785,336.76494171384246,220.78586226105165,497.9652218707059,102.94473336750164,0.0,397.94656619582,0.7744336608163489
0.275,593.7744163136041,305.8656519518663,346.8672119493262,456.4042262491165,393.8544011434996,411.8112887336281,499.8000379252613,369.6126028968247,216.08121400122175,413.0084145729696,0.8173128926325012
0.275,657.6880456218594,456.3091608580714,425.52512751838486,459.8364980115786,311.3676705503773,509.2192181606602,482.6038560023897,228.6355809499695,0.0,549.9439289329531,0.7840962965634557
0.275,664.7962560119412,490.650043418376,289.552631256761,660.6499176168578,432.2557776875987,376.2802093539539,678.2718557959672,160.6706128095391,175.8738535915183,588.0889957028704,0.80167380927598
0.275,667.9811249476596,458.7643952470701,252.0683490368513,479.289960811501,450.1220518515241,484.3313277922399,642.0540947610118,294.55987073163743,132.8760297065705,706.8716702276289,0.7916037598162216
0.275,1006.0404058614862,496.5320819521224,560.649983387907,612.9366053920895,594.998859157079,516.7597532384113,665.223227396272,483.93749417009343,198.46017111076455,703.3886449175714,0.766825166377979
0.275,840.0517113536217,691.3625584440306,131.88811868251926,752.6863333728463,502.7709492451424,656.9204382785322,691.3625584440334,319.6396761700556,152.04935975500717,718.244213207345,0.8298172285604452
0.275,1010.56522743206,717.8377296458588,528.6571228676137,799.1023782850134,541.7643242610282,714.7793826540632,677.6423120393987,233.7450915158482,366.56473230242017,687.6911664410115,0.8419934897076728
0.275,962.9854233515672,673.3031191621961,503.9361489811892,733.9235374510263,715.8762373497713,712.6369783572387,896.3492383623187,655.2558190609411,273.0232579420588,757.5238529680499,0.7573560230931569
0.275,1169.3889121627064,652.8309156247008,496.879596669892,772.8691548202014,806.3224345959936,620.3615558423122,723.1811951532114,580.0208361126774,164.31463889875684,661.6861955653507,0.8159663184531726
0.275,1124.31717638068,465.9519842909737,531.476482081894,763.4124028338746,902.261933867013,468.55216277474193,1041.6315005969002,385.86648699096577,76.96528311949436,822.6964722637504,0.8465959102028908
0.275,1123.9346808680682,1197.8109694750513,420.7000862657173,940.6538121866226,1051.7502156642988,835.1968200529907,1363.6096629899605,765.2681193868383,488.93696352865976,1141.9807971690077,0.8661823154686811
0.275,941.8267748355312,965.7007108262876,820.6665496824139,914.9685968459236,983.009314419594,661.3080269440848,885.1261768574733,633.8530005547095,445.8457546274656,1115.5096591683157,0.8753687785904483
0.275,1634.538751408938,870.8812493204742,849.0624635465169,1129.5897092116693,1046.0549293913798,934.4674250045786,1149.5383133478588,843.451918633217,423.90783789400587,1110.2644989547346,0.8164756490907241
0.275,1601.6642576140462,622.4321787369878,832.3144729370282,976.6085501995587,742.4586157326402,922.8262123107988,1231.746714086478,793.6174249439006,572.5851338644839,1072.3673469283196,0.8361569321063043
0.275,1705.7270229135477,1181.2690461588013,1001.4953267314004,709.1860900246388,1202.5021626266089,1109.7842207172,1498.350252078002,684.4141208121998,345.3920278762711,1659.7219372333057,0.7819711433974208
0.275,1847.2739763884213,1340.8584848565586,640.5750540628632,1361.498417553638,1158.7847928501997,824.123026976158,1542.0978286530658,805.6945156394848,402.47868759300974,1180.1618660007398,0.8320106428086772
0.275,1778.6176088370012,1146.6175581444832,963.9361166773944,1415.58682941092,813.9041243235785,1238.3469627960417,1861.0185994562012,694.9668454109626,559.7048419417156,1400.816840526341,0.8289673586522995
0.275,2608.852177069231,1695.9567807386254,875.5681179028602,1334.855935078969,1270.7503916921987,1324.30692161026,1530.4184155373496,501.4838710509462,826.0689008573821,1286.9796431825143,0.8365105221819555
0.275,1941.4502024340643,1319.3327529507935,1391.017068117592,1261.3025930538677,816.6891620788573,1619.724168887848,1501.10369498089,995.8999499958476,686.121302310768,1325.3064458813592,0.773445122916722
0.30000000000000004,316.759044996566,132.05486072063908,101.7023818404054,245.2652914255888,266.41133121418704,160.53728166038536,225.70160835586395,194.19832458917531,35.96265270169982,185.27958671915388,0.7407217240849905
0.30000000000000004,473.4442968722649,231.85995368371863,240.82164597248035,186.0981207198271,316.32867036290213,234.72006824396243,335.58677506854025,134.42538433143216,125.46369204267044,356.1795999022904,0.867026873689901
0.30000000000000004,503.0343501582301,291.5491106579116,287.28800827137405,331.0203748700617,347.61624732289584,233.0150199796701,371.8372503621687,259.9272455788626,119.08659827642428,438.4450087201677,0.8479892845776956
0.30000000000000004,662.9561140658094,334.1441003870556,238.6743574193264,288.1865911392938,427.0747544460703,377.5625207261046,586.7834468043217,195.50984597115016,112.2277297652578,427.83648111868536,0.8758760872989872
0.30000000000000004,658.5726966946578,240.8477588180544,423.0312532483589,490.2445812906076,339.8989790908417,332.52909663006824,476.0944069659231,227.58197038866484,270.3272886611465,646.1912941605572,0.797632544766235
0.30000000000000004,811.9736488740386,325.88978254928435,374.7570687110936,550.8087486582765,250.80891904240016,495.4689742631131,541.4236407199154,454.368673981328,35.92230969510518,565.6954715949844,0.7840962965634557
0.30000000000000004,841.628721856586,546.2672216292042,338.47013424004166,536.50042173571,477.2260499683011,359.01409263670416,616.9923243062279,284.5843417242158,384.9466302849452,762.8207503021865,0.8105519957228438
0.30000000000000004,768.4191856932819,364.21969040259165,331.5756295306578,525.9728459590307,572.188033260869,568.1533740519791,554.9490348228821,590.1606061004733,303.6998022692313,489.2941258782045,0.77806321886658
0.30000000000000004,1003.3867930339362,315.06190098358775,257.6368254348529,443.8803137010141,600.2472423911444,486.5611130953436,600.2472423911444,467.93676426872673,239.78849114268195,736.4377931857734,0.6703456165782044
0.30000000000000004,922.87234965912,556.85598230883,540.368758554313,657.8402278052507,697.4095648160921,393.6324671391084,776.9604194316396,487.60964253985696,269.56610838636334,483.48783660122496,0.7814791732500574
0.30000000000000004,945.258504046084,788.076260817165,392.306094670522,697.1443845690336,681.9890718610103,540.3951502746287,675.0609289087712,457.25743484776456,571.5717935597036,872.5130030475742,0.804430205528871
0.30000000000000004,1195.118294630156,523.2705198322396,707.5991767740306,601.7378826109884,678.8123336244307,653.2756179272076,1025.1830592631634,454.0892354888483,300.40463738372745,806.0316081887887,0.8523502692667881
0.30000000000000004,1264.0695547371438,1019.4593401481206,448.2019473860221,1108.9996845477851,695.3132889135849,848.8824829398241,1092.492246753434,661.7981879371763,376.1694915561286,1094.4931483042606,0.8192687141174579
0.30000000000000004,1257.1270851633203,683.9265748041323,481.5296290977885,584.5306192791372,734.3970599929919,1054.215134506071,1101.080585038584,494.919757821367,405.8239013145026,790.0175946909185,0.7077329333746215
0.30000000000000004,1480.0472635296064,730.348313456335,595.9996078016122,949.2869448936624,954.2628228808752,817.7026158985035,1166.0140750033408,605.951363776038,166.96835023755676,1191.9992156032206,0.7396000724320938
0.30000000000000004,1795.4077290513792,802.4136161229609,700.1509105200372,1090.027475631195,815.1964543233277,706.5423296202187,1063.2997230304304,610.6710431174765,259.14299260741547,913.3918932261356,0.8241658209092182
0.30000000000000004,1492.194725750773,740.606867155125,683.8717447124357,1182.2867450960782,954.7362002452847,1013.9115430080892,1260.9838504198094,919.9630606836332,421.5480602999946,1307.3480365020034,0.8088869096929134
0.30000000000000004,1882.8715190711307,1147.8881447091155,675.0767540152403,1014.5476026469504,1030.0073756396644,1003.5969301104444,1086.0490527382597,924.365593522776,462.5048753654022,1321.1664336691338,0.7500953902929088
0.30000000000000004,1756.6790453467606,1050.5897636957093,710.1904778658696,871.504195648685,1187.9798368920888,882.4407188881985,1168.8409212229435,620.6476938423576,521.5354519842729,1195.4986966192523,0.8399572348441947
0.30000000000000004,1949.9790443001568,955.3108345470464,586.0670962502121,1304.5180909208043,1277.3257225966163,727.7536469920242,1274.463368036177,1002.5396847943204,397.1516952611355,1539.9467535170363,0.7962337857581046
0.30000000000000004,2040.2360211095151,1114.6836947448664,1111.705247998722,1254.6706918136977,1288.922829394368,1370.8301149133654,1221.9077776061015,793.7560578477202,970.2290275568264,1641.8687688125804,0.8213576247342389
0.30000000000000004,2379.2177054087924,1632.3815811483892,1246.8166565564509,1133.184717398264,1107.323655382946,1416.0890624748688,1206.8495607146062,956.8592945665824,998.393727500266,1374.55462954118,0.7957711616736298
0.30000000000000004,1969.5892916030327,1474.954723534198,1066.5557873984196,1463.5651117694565,1160.1133126088066,1195.9092352980017,1945.9965243760648,966.4899126081816,826.5603966413381,1338.2793823572797,0.8035843122847343
0.30000000000000004,2231.63085816877,1136.494633947723,1124.4317644441096,1519.921557455492,1155.4505717391196,1025.343907807273,2093.7694924131747,972.784262112954,1020.1741065914424,1530.2611598871522,0.7433503506397324
0.30000000000000004,2192.710820871217,1142.036885870424,1044.2785284399197,1567.7882369229235,1489.21609917504,1163.0503645704457,1939.6354469623332,1600.678899235992,1115.541630118235,1645.446745162107,0.7786844305942255
0.30000000000000004,2449.590417196522,1395.696865611969,1252.329364450468,1983.408675009127,1851.434617648535,1456.461899216847,2054.6176987648405,1096.6189658379822,506.05879549060194,1583.6886883270486,0.8174794864497246
0.30000000000000004,2780.7713119016703,1362.331856875011,1359.378825393345,1740.3198865281993,1639.9168161515734,1828.910830978161,2289.5837421179785,1327.8798229222514,1311.1459778594815,2049.4038482758488,0.8171196267616777
0.325,409.69780207320514,233.7075221988025,190.813833914002,321.07187260240454,249.4772605388032,370.5888509900043,334.94924234160385,147.92014562920258,141.13915814300157,307.9829897802026,0.6904838691894314
0.325,370.04916580343007,269.74873497495776,176.8312802038768,160.2646022214374,196.63926474809983,178.45193348476923,237.15559677037365,140.09647250368377,102.1011566961289,230.49291106004335,0.7902560967884147
0.325,437.4684879417098,315.7258774519509,239.05821696170676,320.95779129118165,305.664504684204,320.7565638358271,298.8227712021341,348.32472521945726,186.3366236587052,417.949424772277,0.7698843571903901
0.325,558.6088618232172,320.1987250038612,208.4289827927757,342.025005135211,242.00787530254445,265.5131000593824,454.5142950429346,170.2929548709683,141.75089623766576,527.6683108677869,0.8540364758011214
0.325,785.6930345679693,426.55271902922,428.3189828761321,415.9551359477486,332.057603219434,391.8161967066195,493.6707452118724,361.4953340012997,220.78298086398596,501.3245552151554,0.911080856110562
0.325,813.4552309003774,513.3518269905162,413.85750193616656,377.5598980075467,435.5712471434687,400.8940719616612,630.3467825104527,350.6607808104411,309.82597639074186,472.1929368214527,0.8393893428768292
0.325,790.0809007268801,368.3461070055459,479.0649271074097,652.846893933957,534.9618071588361,505.2218004648092,735.9755873437698,365.8379136699078,402.0275603698696,480.4981804420611,0.853862127489083
0.325,930.9656540739288,520.6903759787976,401.5781984673082,637.911884005979,470.3985676961701,398.5531272924143,790.6779783381747,453.3825423373852,21.175498224264626,485.90205746750553,0.7881536447098433
0.325,718.6527788463023,670.3638569475371,213.8509398373808,600.9738935467938,581.9017983430815,633.8428235787259,668.3349106492711,435.0060863485228,189.50358425817325,702.0154192005059,0.8422857745123126
0.325,1323.6165643556233,668.557123806136,553.4050135228084,674.4623602309242,694.2870825141335,801.0031407620556,674.0405576291546,464.4046645492479,111.7776894691654,1007.6864156295642,0.8507270960130764
0.325,1235.8842067187206,574.756248349614,455.37336120225,894.0150298876387,932.0004939799796,367.1928195593132,973.1514134133514,397.0385413461535,257.75850634089693,612.2895045360945,0.7855066817485893
0.325,1175.7724313318977,886.4335436545924,480.2928604492614,616.9655008596501,736.190570153816,688.2097495842132,874.801829577114,617.4501556128773,532.1509190446925,1057.032016790959,0.7770964449164884
0.325,1002.1853201957002,788.8037838069077,785.7699230999575,798.4110093789157,883.3591091735047,760.993393993202,732.1717172771816,324.1174521924551,217.42668399806055,641.6615395198492,0.7981384129485255
0.325,1240.0211446582966,864.9903594445683,654.3792293318726,894.6848790949241,878.1879237336132,1042.0576803226031,926.0290942814072,836.9455353303472,365.1326119969457,932.627876425928,0.786338007417429
0.325,1546.5046948791023,662.110289068593,737.3905099385196,1307.0306064424774,981.0139018876638,953.7470502339888,1333.7047004515084,655.5899549774982,366.32422439068216,1308.808879376409,0.8731201779845464
0.325,1719.4814846510076,1047.9680054381888,552.5996339355488,1296.6060455633888,796.7863536493049,550.691925187789,1350.0218905007737,983.1059080142238,400.6188370303786,1155.4355982288744,0.8598952948851466
0.325,1839.525098210568,1294.3579553127297,1016.8062750281669,890.2851033471386,1167.836783631701,745.8787398577985,1175.123343257313,789.598097611452,286.1630689330098,1453.9998525647068,0.7899872613901785
0.325,1482.978517612289,1094.4799200406153,1040.1736644660846,1748.9399231183445,1290.121686918111,1127.2029201945047,1485.7634537955971,1055.4908134742882,276.40491619346346,1214.2321759229246,0.9136288311130605
0.325,2054.846220388438,1305.8766489007685,805.3276778570319,1131.611451574434,1227.2719215961242,1311.0675271190044,1590.6333968723206,1136.802329792665,790.4965972335193,1784.920553040403,0.8563762312848724
0.325,1813.5079432393084,1184.5546720470174,721.8136176834586,1260.2475595230148,1362.4719745679158,1115.1044969401771,1817.4096384700324,1468.5980848435406,524.3878390089566,1836.918114623636,1.0
0.325,2474.795183263661,1156.5709475993112,1338.2225805796097,1762.35414565746,1806.5171573453288,1834.0148816038136,1814.0165366885535,1480.710788100855,1059.0790161374132,2071.495227472544,0.8517081958335102
0.325,2129.212514342962,1918.573188933932,1761.4713587330266,2068.653708287866,2130.9678420547066,1155.0056343261942,2051.100431170448,1307.7191452477416,989.1271655665796,1763.226686444765,0.8584751997628941
0.35000000000000003,538.9612205743933,242.0296305456541,228.82801433407323,254.81214782988403,395.0007390290552,127.40607391494272,329.2022074348265,115.25220502174058,43.37673898091072,334.0218450993705,0.8523549816245227
0.35000000000000003,638.3523541614076,353.4114397163408,207.76451482658345,453.6466416598586,310.11736188158284,358.8231994456871,436.4701868667197,312.4703008943429,39.76466931562097,523.7642242400632,0.7463067162827757
0.35000000000000003,681.6185526150297,349.372323450919,282.9757732928272,452.9193242927094,441.0627974787637,238.18444977347824,562.2628493546479,243.71749561998703,236.867057905263,437.3741002477572,0.6192042971891081
0.35000000000000003,718.3294730130165,472.6220859144593,319.1952129202696,486.0855043856137,392.12206297235366,359.58546833373094,529.2806386472321,200.82932552804436,267.30495422936536,462.52452206109393,0.5540864987958815
0.35000000000000003,748.4995652557953,504.1043001075559,221.58087338887557,611.3006887851088,549.7330836262818,348.1538687661612,546.9203503956749,360.3423794321221,251.2708352675,601.9249113497526,0.7302500020489329
0.35000000000000003,830.7775208840434,475.24827613890494,516.1440334194218,480.8549525402678,431.05447391641314,431.3842784106102,767.7848624922806,210.08546280394543,258.23691895681054,371.0300559724281,0.6804298684094228
0.35000000000000003,998.9834068004412,548.2099153597692,484.061380039367,533.6464640978417,621.0271716694182,576.2965713649194,586.3522877124424,508.6805476488198,301.6714904256812,638.0178648083337,0.8338688810904584
0.35000000000000003,1036.0550134096966,449.6087794042082,490.5493655517615,568.7421967524941,489.4428632234491,461.411470906206,713.6940017613981,434.11774680783634,443.3385995437727,524.8509377294401,0.7947853517880402
0.35000000000000003,1196.400118514509,539.6528194150541,341.4929307183802,587.430500088958,694.7344714385391,455.06282740224657,697.8674341056817,498.9243047422215,256.5113183721783,441.3561157335008,0.872504444314464
0.35000000000000003,1189.9301588591495,544.4946168662051,523.1336742045324,815.9042412733642,743.8634150418337,555.8033512165055,588.0541862155052,396.22454427341006,310.3619316137377,616.9542851107086,0.8146116015808736
0.35000000000000003,799.8461745104565,652.8811201739018,496.5637441977494,1022.0751506133084,714.3392338055542,668.0229742570638,884.4624179163512,553.1230226848481,392.3521602136488,901.3856665975284,0.8459107878036762
0.35000000000000003,1301.4088646238038,884.345825317682,455.803986764604,858.0402437100737,731.2951686915843,600.2455439554852,1076.1374294022653,643.769324433533,374.01754213003255,1068.0066132690013,0.8494062754673287
0.35000000000000003,1150.9203898850074,967.3797007211527,735.731480494412,870.1188227027043,624.3520879248989,1010.7810602670232,1165.5618123824067,494.1480092872948,449.7008338487549,779.132840040279,0.794213019500791
0.35000000000000003,1753.9795331565654,1024.117243881318,796.9634191106497,1184.7199480775323,1140.719207201856,1007.0669567919958,1384.92331906185,939.9658269565936,480.70809406674255,1181.9699017727974,0.9166130334041646
0.35000000000000003,1503.1454877651518,839.32294134531,941.5442240036502,1234.0448822127685,1267.9133794790837,925.5336616595764,1136.7499264295272,940.3126422848776,572.06970837109,1107.8077560383028,0.8443615931248561
0.35000000000000003,1366.9799836094246,1347.5569461157086,840.5486915383769,1072.9553815493866,1036.118586302684,902.166603587405,1088.3598595616438,826.4837333532744,412.57210676306,1452.0394926336237,0.5672028010280062
0.35000000000000003,1971.6306970038556,1434.6301908017122,303.9896056471381,1494.854546637468,1108.4149300247143,879.7057691722688,1812.4663280093664,1127.772758686206,833.8205456783586,1600.9641259671291,0.5053471891170971
0.35000000000000003,2163.128201766586,1365.4169836897872,1042.3324016336123,1594.6531871486984,1290.7998302149117,940.791532987387,1471.5733463653924,941.560781992286,816.1731941942929,1607.7304202319183,0.582362436670972
0.35000000000000003,2679.805568837756,1689.7296197597682,1372.0252485445212,1403.707678915017,1746.9340079287197,1960.7904129295644,2216.890058424405,1478.5134172897986,735.7364386037315,1916.7870374149825,0.6153543183338227
0.35000000000000003,2576.920537770995,1786.4250752291875,1443.7192579356197,1873.521581281703,1920.856638918935,1636.8462930955372,2420.71484756812,2030.6739726373205,1359.4628553413452,2132.917697133739,0.6006659417228113
0.35000000000000003,2670.334825507361,2130.6713502925486,1807.8726419696188,1831.857685312504,2781.2656509681847,2082.701263606792,2274.5816103498387,1255.2172682774185,1337.1661663655937,2224.6127700521656,0.6004280235961192
0.35000000000000003,3614.346633071661,1655.9842471669335,1752.0466161522277,2634.073822289925,1690.9160177070416,2255.2824354956424,3136.2180238039555,2091.5397610888904,1592.6704130629876,2379.7268680447664,0.5690224900158267
0.375,511.6281625171915,290.7347336208796,238.0637164365705,322.75499957433783,457.3329289439392,276.34881703309605,411.62283914081615,372.8736767188792,254.30588032600613,480.53602021455777,0.45973694591830416
0.375,702.5246638839195,418.8934376442164,266.59238177983,350.4759237361194,473.15560384719225,421.77693439896495,489.1459040326105,352.31087621641296,117.17482267019206,440.9128674077429,0.5843958185975948
0.375,631.1601113459799,319.1195358846658,337.5248329853789,403.783902547944,450.5050413420622,346.86906074420216,636.5401212677272,378.29964502388106,34.54532686595463,416.8091897269099,0.5565096326650063
0.375,900.8270570089284,570.6183281717969,429.1453136223008,587.632900077528,490.5868232818825,552.9735869362272,716.8176126951076,549.1925709571753,186.21503696826903,568.4127355173506,0.45284481909635943
0.375,872.657135432962,603.09113619139,338.88297047511867,601.7516778100681,539.8017276738052,374.7134821755519,520.7144457399309,385.4291492261491,66.63805447089838,616.820584599968,0.5545697635220345
0.375,781.022877105842,524.9378422023855,303.1433960181935,430.4563264758964,498.3079169204027,621.6081189109557,526.3970161904413,373.1837474447811,326.85497332407203,750.7450168537222,0.47333689335885143
0.375,1090.981284015114,532.822401794557,594.4618989503484,692.0262564116687,397.8205583306415,487.0654744580477,760.4725692042975,436.3925136060455,325.970837719594,881.4826249702705,0.6010148331222689
0.375,928.65755710464,645.1460912314433,581.7235262731438,777.4514419722694,539.7218276252647,558.6225920168118,953.0185423204114,445.21800566753535,6.300254797183274,817.3530556877531,0.45973694591830416
0.375,1340.374956507511,554.3959244193342,623.6954149717536,876.7701367992511,757.0311436295693,658.3451602479618,777.6455490470595,480.7103901610717,135.52875051074173,970.6314721044226,0.5700746016935583
0.375,1093.7912154546195,826.6091848744795,586.3818016272048,709.8057130987388,727.3025894376142,672.9204062221881,728.2483665370141,800.6003146410171,570.7764794871293,706.0226047011422,0.5375525654655853
0.375,1339.1168345669405,796.3706722664704,736.1798656416779,632.7751465683227,780.9371321062679,829.2955579415716,1307.7353029078631,921.382347564117,176.97126050366046,993.9199863170674,0.5236081754723285
0.375,1313.65088009442,1037.1213937552698,718.2160725743669,944.2205250637332,829.0451790835762,986.0530799716182,1302.2420014831798,735.0577505242973,280.875725810098,1107.2045052243254,0.6013944016440795
0.375,1533.5750971544182,1006.85103493946,763.2485291222387,1039.8818831858623,1075.86191431141,793.9200310653275,1468.693073813272,748.5026147265256,612.2503657101116,1160.798381230728,0.5569846167761031
0.375,1809.6012853594736,1125.4990621242034,1110.4085719057796,1388.9538705208752,1165.1115989475725,919.891132898165,1331.7357617760165,1012.9491559117856,773.3876236942883,1211.6406104543764,0.6178536516632939
0.375,1773.931474806285,1124.5336900920888,751.5043546378132,1344.4031706609435,1289.2656229021898,1159.2499238661203,1283.8199391729322,1321.2590148115924,722.9145150592,1125.8951110244009,0.6236118095029126
0.375,2391.689370700424,1965.558148868538,1274.6752429665826,1352.018431571324,1332.6826344201386,1329.7078963968804,1476.2137440423974,1116.2704432280282,930.3493167743276,1475.4700595365791,0.6901408819186805
0.375,2059.9383683047977,1934.8967803194057,1482.6359718267872,1777.3768577923547,1549.2165576371906,1470.456596373668,1473.7044298278329,1319.4323407549466,927.2564511644016,1640.1558943538382,0.7005711035186568
0.4,671.419112683078,328.61628203020035,380.01344999104487,328.38371565933727,350.47752089137487,324.8952200963849,550.2520334631668,290.7079635794423,219.54265409519408,432.3408834353449,0.9743644205180163
0.4,612.8028555072457,454.28267239860025,289.9110731349372,344.7016062228267,504.01970971624553,315.9764723709245,489.6571427902953,111.17690694532575,61.705843089271646,323.95567621867303,0.7248558477265435
0.4,785.0213492510138,473.2864994341079,362.89287219568536,548.9764389769854,707.536391379058,549.5747784200129,598.3394430266884,400.88742682788046,318.9149231332256,610.9045713302472,0.8291139271257634
0.4,691.0069545922432,462.2933851145292,441.2063184250942,583.949539092038,371.7812065552639,495.0594425858049,515.8220928646317,205.68000432464063,222.22524126558048,606.6586878345032,0.8373113939085657
0.4,1037.259385822514,552.945573001565,321.5787113617536,426.6489833908427,400.1160864138,511.9080256770735,672.8742673377981,536.6720628556457,407.8990695270664,669.69031970055,0.9038360119441948
0.4,998.919079939792,704.284629819232,340.56605641311734,485.0825737726336,569.4772324890398,573.5849371168312,625.8648141977931,444.7523828816063,182.6061420899304,610.5542787669364,0.8914680187822625
0.4,859.934235554273,379.2406600618549,425.1360265661565,598.6527192271557,542.6925793666467,681.1838607480491,691.6512250385011,393.3313427605446,330.5271570178185,659.0413593643917,0.8359040809206278
0.4,920.5614979287292,922.312447045093,563.8056154694254,850.9612705532319,734.5231543149814,900.8633203696256,1093.029985890649,815.9422882259395,335.74449306292644,639.0964274731051,0.8708120897313306
0.4,1089.9716167834235,679.1782938750973,461.0013957082309,531.7491346535558,656.3564426024135,760.8805214313098,1011.4644484053864,481.0846248281952,204.94022442870883,921.546354391009,0.8537678237425901
0.4,1363.1875180642774,1099.4552595443022,438.4120661111232,872.4204395939005,1149.8530751798462,965.3872839701436,849.9126772712312,405.6290209889758,500.55306208892847,674.74357049915,0.8770497712764139
0.4,1336.0075269894144,645.5728426893976,497.3099271225941,1084.34353746643,926.232900570468,1037.8404089676171,1172.973029428871,761.5571161217313,567.8852633149119,1330.5365706954365,0.8785762174611224
0.4,1575.1579757735783,932.3437851403928,777.9280014032156,1083.8350275189175,1161.6278276592368,924.1550693361496,1446.4781559925962,765.6449276968507,713.0031832409918,1108.4011749316471,0.8372462050235656
0.4,1803.052249134216,1298.9051941905896,1130.2244126493035,1213.6171585798268,979.8647646836596,940.0636813986376,1562.35045974384,907.2119936078244,764.433504363143,1245.2053199171455,0.8939331446856179
0.4,1801.6481717683491,1128.3935888399228,1412.011367004355,1096.655408902476,1272.9035996189418,962.9498849106692,1648.3595154747168,866.3847842499246,965.6510066074768,1459.2809966984255,0.8182358075795448
0.4,2254.632462646616,1324.768033607602,1383.2455326387787,1267.7344234413897,1311.7730338228978,1209.256924410208,1798.3635813169128,1173.159702786024,576.8336015544826,1524.024696973104,0.8137164261077712
0.4,2247.7897179075026,1354.258401472219,1741.3001782961855,1552.0452814123264,1738.1976390030088,1461.296007086867,1839.8058008545904,1388.3863336971806,808.9871206961828,2029.0606977384496,0.7949590313398263
0.4,2554.7185162037017,1784.3007913433162,1420.7703497425289,2090.30003920453,1545.0043768033513,1891.0253246573088,2223.705705847022,1778.464293427708,1041.3979852279442,2452.9966953887983,0.7857342037393725
0.42500000000000004,533.9152363657753,376.6273080707053,247.29662714600383,233.20435611378664,390.71957910292406,280.4816524799352,485.0468771411507,184.10870219509604,179.7901030078034,448.6797260902675,0.8050210241815935
0.42500000000000004,616.2218081814713,369.678600222041,510.5215157082576,433.4256838270219,489.54491127413934,283.3203715776893,581.8964554710983,351.1538066958089,257.9849921962218,638.2881063524245,0.7768435192056238
0.42500000000000004,614.607303568424,376.7606974866261,418.4932921733697,478.0279027754406,499.0401182820534,428.1238909472356,624.8215749952502,332.4015758615555,175.1017958884395,435.1279627827707,0.7826324058125824
0.42500000000000004,629.2028345559705,526.8934305631292,493.9625911529325,617.693026606776,451.12052823093234,410.8362004087502,665.9702766158974,347.532256688181,118.9346821416782,644.2295282674162,0.8461608306977746
0.42500000000000004,785.1542938475214,655.1806240946819,405.8578352500045,620.4737586021008,465.35531895157504,379.65061028621614,682.8044558132714,466.0636223289756,213.9076199746982,648.0975903206855,0.7824619773550663
0.42500000000000004,962.0307529346028,721.6177155030896,612.9585946482184,640.2180256640751,497.1060128308291,684.1359978562899,541.7811914401495,358.53723850022425,91.24337326140986,650.8189155035734,0.9110407803032047
0.42500000000000004,1020.3421643575196,638.4173983450492,565.2486536984516,735.7077071608599,711.1841169221634,544.3432980851372,997.4266783967698,419.7152165442285,531.4784638615615,815.3088689192439,0.7947839548334689
0.42500000000000004,977.0118749314904,461.7675586122762,472.3780264112698,648.9362105865548,547.9245571401184,512.697804047455,880.668827316611,486.3838439059463,220.27331150714463,829.3141631694733,0.852644416160131
0.42500000000000004,1326.360773285471,794.6318064616495,631.0579426315262,831.9940817654655,574.1032546683955,696.214105661356,1115.8562465737295,337.1717527417557,339.9055777639867,832.4497192691696,0.7565355482554537
0.42500000000000004,1106.3315501080367,688.1904917994867,724.0034991083189,804.8247453323125,745.2977196703301,982.9218627600268,993.5689730410325,618.5003154147283,681.4150579843027,908.8760503512204,0.8616430387169728
0.42500000000000004,1416.6800180576536,907.9940270890376,629.5774147481923,545.3197557503049,1016.3253029434678,721.1618267024202,1011.6152474715352,581.9535205319975,479.9023186401441,1287.4151623279724,0.8594104259235139
0.42500000000000004,1298.036515261017,748.3403128879474,806.5635866595492,857.3662471073231,1099.9632211556636,1248.9463040418236,1259.7918158228092,1017.194841774465,426.3998579155584,1359.1138710802445,0.8319714442634475
0.42500000000000004,1603.7237802310176,739.661674718698,751.3050647929783,724.3414246209645,1074.2559368532563,657.5451341948361,1076.7071768688932,534.3703234090351,770.3021749141733,1229.296867842345,0.8606791711072438
0.42500000000000004,1300.9511655874662,1178.416687065197,937.910184008198,1007.6505521033192,1260.5408588407608,922.9192637634528,1325.066993807277,1077.3909201984404,754.7602453658775,1290.5226993302515,0.8722505059127653
0.42500000000000004,2018.058628922657,1137.7966537545092,994.9563812052412,1384.7766323988135,1399.5532123177015,1327.0776060488631,1571.9466447047496,1194.088386778854,971.0323946698978,1148.3513536965704,0.8111144096326467
0.42500000000000004,2127.0999989688507,1378.481059402424,800.4810950183125,1028.223603741835,1380.7359357264245,1262.7307414373397,1484.4602466302051,1251.456359817361,827.5396109062555,1700.9283737337446,0.8369905623372914
0.42500000000000004,2648.104989180628,1757.319977557593,1251.302357524909,1622.3280565584637,1850.2784860300555,1790.4617066651672,1972.3370493286736,1723.3699135937427,1341.8358614285246,1912.52026996378,0.9003047343044643
0.42500000000000004,2483.863219580538,1670.2444193857766,1929.1630235469984,2020.442802641132,2221.4338546849226,1917.7530511602383,2538.280010963575,1500.850213951491,1216.4785944659448,2423.302596912315,0.8910419476384728
0.42500000000000004,3105.204792802292,2104.5458059633347,1597.7064492465802,2096.17598172398,1846.94121548528,1890.65029762416,2299.841704881723,1428.4500035173182,1124.346389487263,2086.8761770135748,0.8319100900187415
0.42500000000000004,3322.9645916720383,2315.819150615882,2017.3677011786697,2659.3972796930816,2700.42153391126,2290.178991729528,2976.309643528475,2390.688414564053,1571.2289365560405,2298.3838425731524,0.8515332226171272
0.42500000000000004,3578.362775412542,2259.9600877333623,2203.2665488871285,2856.9097026437503,2307.7605224468634,2262.183363766551,2585.6700265950863,2545.6510579977416,1653.0057306736437,3063.6743737300244,0.833292264809196
0.45,17.192071929014755,0.0,0.0,0.0,172.5274982994017,191.94442659570092,120.74902284260683,0.0,32.96832616975673,16.787552589506603,0.8511489064454287
0.45,0.0,0.0,0.0,0.0,11.672974661534258,200.4608917836615,32.32516060117159,0.0,0.0,0.0,0.930240492867139
0.45,0.0,140.05664703145544,113.13313624288404,0.0,215.93199561742776,62.00566121004195,68.2606182619327,0.0,209.94899321996985,48.95183779740088,0.7871852803205086
0.45,0.0,95.34526646941312,0.0,0.0,38.13810658776722,247.8976928204754,81.4768640738614,0.0,67.60846167831298,4.044950698702037,0.8766407429783756
0.45,7.360549852579153,173.30749198343142,0.0,0.0,99.36742300980715,127.80591107658368,301.78254395570724,0.0,68.5869418081177,0.0,0.8629169914369046
0.45,113.19519173483052,0.0,0.0,64.8844712747942,22.215878751695296,201.353440749491,188.65865289138284,0.0,165.73750814757088,0.0,0.8997764060861648
0.45,0.0,0.0,0.0,0.0,239.181240291068,162.8138102467546,148.47068886787346,0.0,0.0,0.0,0.9268319237168208
0.45,196.8713672487682,338.5685933577478,0.0,175.554085444762,0.0,554.2493269041707,217.7706631350444,0.0,204.81309968555723,286.7383395597754,0.8323165618899174
0.45,0.0,0.0,69.94281102903774,0.0,501.5635790898151,354.3155558707844,199.70513149080892,0.0,462.9109729948238,0.0,0.7962666824138577
0.45,0.0,0.0,0.0,127.5449376810097,391.1712852500121,248.05983942683517,640.235415524734,0.0,378.1155042275531,570.4372015969402,0.8382227600851322
0.45,294.82344944936136,0.0,0.0,0.0,314.81147992049875,1124.8819370704316,457.50380856171626,0.0,343.6830794899327,571.8797607021421,0.8352138456676882
0.45,54.947990598805966,410.278329804423,49.45319153892329,169.11770439855738,496.3635150758929,822.9987925243602,489.0371163293849,0.0,424.93112729744576,128.8225112927603,0.8194193883673982
0.45,0.0,0.0,0.0,0.0,782.7326989857231,153.77463647864042,606.5188451668415,0.0,393.3462804346486,219.77233453814483,0.8533218692787569
0.45,0.0,299.5952012013863,0.0,95.57222481764325,301.62865279325683,1032.3155914699462,1106.8754831716433,0.0,515.8188871363292,529.3752310820888,0.8158148264909361
0.45,170.9551000040021,635.5070021887997,173.18494913448708,209.60581826578436,872.6142930639244,1103.7753195910807,663.0084747981399,0.0,405.0892587051468,353.8027287039411,0.726130259292322
0.45,280.00955470797663,118.1910018455782,49.97337661927065,345.05426713306355,76.14990722936822,636.1690166453216,238.7616882920719,36.48849721407378,470.3843227813972,189.5815398731064,0.7758196920968995
0.45,0.0,340.648804260445,359.0171221372363,116.05437203972085,856.631551890251,1319.17919296939,529.3415242674682,233.7785911591293,184.5181023077473,495.9445826732987,0.8019852126575849
0.45,197.07305156297923,436.90723695565424,0.0,579.1344864327177,578.2048965668555,885.899142167539,529.866223541965,0.0,1091.3385025232892,711.1362473852753,0.8691078051561709
0.45,0.0,401.40844368028354,166.84458539277952,0.0,747.8563180547246,749.819195529932,498.5708787031423,0.0,1321.0165408158286,238.4896132379189,0.7500379633126585
0.45,522.0488351522182,634.3749164861948,0.0,324.1409775637844,829.0734574651013,1018.4231374280968,404.3738928023304,488.88589685362,1221.679856032454,851.5386737318894,0.7778348447335088
0.45,271.0864445811495,1183.0307559572154,1247.2354402001292,1430.3376878558292,1190.1646097619898,1913.0617953117217,1223.4559275175666,915.5112382784598,428.03122828603335,303.18878670259966,0.7778092804648814
0.45,705.2330463841419,236.8929538047101,0.0,1085.07864472617,1159.9586013885717,1131.368072481102,1859.7458327427096,1115.030627391137,515.9909740918763,191.9649798072597,0.8031025678448216
0.45,298.90691831659905,1264.848222771302,0.0,733.1085470291539,2082.909262374643,3612.054128710091,1895.6991398500247,766.1456274746611,833.7929826726391,1791.868315592684,0.729228648649962
0.45,74.96741262337493,2717.1115892279,117.02230263161624,1612.713608142005,2543.4066087590822,2029.6055612671412,2907.272831004273,299.8696504935205,2179.540386513912,925.2075801812256,0.7190216883293316
0.45,145.89338909860422,675.2779723992118,1127.547478604847,0.0,1436.0077869847366,3493.1045732749235,4426.822263505934,81.28345964064279,2480.187614676129,1531.880585535249,0.7524188488641564
0.45,1211.612542693454,1807.1509111359692,2633.146655872365,2503.0865524194114,2612.6108500640203,5448.833807819086,4285.138145345156,2603.483825260286,3128.2877514740326,3192.176925100045,0.9187355494140683
0.45,1034.6587544606534,1716.7500491607532,1062.3111042457942,1781.272198659433,3564.8487598009583,3486.5004354097214,2394.2326188966936,0.0,3608.631646960776,1880.3597853895055,0.7704084246972513
0.45,998.0369731578588,3636.052176480445,985.9248739690332,3226.6632238987168,4975.650346762709,5128.2627965417005,4447.562822130651,2100.2379993394625,2778.51555391278,3931.58739668739,0.7883502805622419
0.45,2120.3779055537684,3124.767439763444,2350.8537648530746,1271.256318661528,2641.9811660732817,4820.584551871092,3486.2506296118568,1353.7424156739246,2804.527298421243,2394.522875036119,0.7915159891606007
0.47500000000000003,0.0,0.0,0.0,79.03055505093756,138.15264966919403,21.31612935215983,87.67766412775654,0.0,0.0,0.0,0.768295111824054
0.47500000000000003,0.0,91.66220958757847,0.0,185.27930042229107,0.0,204.17648581119747,178.76302959852794,0.0,0.0,0.0,0.7754786713083507
0.47500000000000003,0.0,59.70762028781076,1.511585323740667,45.59949059955308,78.09857506000607,286.94928062369723,0.0,0.0,65.25009980819894,60.46341294968109,0.7255601761019314
0.47500000000000003,0.0,31.61635909966247,44.68850757356031,0.0,43.776497214917,130.41748128611113,96.3690945633964,0.0,0.0,0.0,0.717434999389859
0.47500000000000003,13.844354555632073,47.94874016828903,0.0,34.77971998122765,91.50780694089347,339.01785302086904,0.0,0.0,143.17088613630406,158.0282422447864,0.6477553245344658
0.47500000000000003,0.0,0.0,0.0,0.0,112.95811458327636,158.14136041658531,183.861054198624,0.0,36.49416009613781,0.0,0.6307757807813782
0.47500000000000003,0.0,81.42964242346712,0.0,0.0,151.61423898846076,209.39050908892364,415.2911763596973,0.0,453.6794363593382,0.0,0.6686732873388289
0.47500000000000003,100.49422370000369,102.57916610041684,17.513516163484645,106.33206242116998,247.6911571693045,152.61778371037974,223.9228138045757,0.0,143.02704866847452,87.98456929751535,0.505916240766824
0.47500000000000003,0.0,0.0,0.0,0.0,261.32510988796463,408.8915618002193,110.56062341413649,0.0,66.24500163244035,417.57194132447233,0.6571459325435947
0.47500000000000003,88.109056110663,0.0,0.0,0.0,0.0,572.2138700220646,659.3329367382267,0.0,26.729713651553684,86.1290773216611,0.6287988106741926
0.47500000000000003,131.8843724572552,0.0,0.0,284.098746992907,295.04567118895983,383.6636289665655,194.43822500615408,0.0,286.70515751577534,0.0,0.613993447100558
0.47500000000000003,0.0,0.0,0.0,100.95043933130238,244.28890843706603,535.9854817534726,243.731171203192,0.0,0.5577372338740733,0.0,0.6615174224788783
0.47500000000000003,0.0,0.0,0.0,279.3075026366652,515.7921158530663,338.1090821391184,595.0464186607173,0.0,58.80157950246041,179.6004765238016,0.6553329998267687
0.47500000000000003,220.4889331787742,0.0,0.0,140.43448974771496,429.4445990835845,982.3630007472784,510.8558974880504,0.0,269.3357122214583,362.280277899888,0.5574616460286904
0.47500000000000003,0.0,252.96022632292232,72.0684405478413,124.67840214776676,309.1736099502366,435.29338090895885,447.545015802089,0.0,70.6270717368858,23.061900975304628,0.6074360417691748
0.47500000000000003,0.0,159.5472576115967,136.32676471976362,0.0,174.52822076761862,863.6525259444646,225.4634954980778,0.0,218.7220620778756,483.1360617815916,0.49595810599416723
0.47500000000000003,0.0,1108.3179672180315,0.0,664.6704572189155,251.4536428514902,1211.6221708098924,292.29483962036227,222.6245627793436,0.0,614.2195670926523,0.6478371301940737
0.47500000000000003,0.0,381.1581412899473,0.0,908.9811602127402,25.58108330804677,1274.7906515178515,477.5135550836141,0.0,476.6608523066798,0.0,0.6524151794198672
0.47500000000000003,0.0,246.61632734427272,0.0,449.493155121833,477.4119846325014,1077.6668191119566,1273.098625686667,0.0,474.6201016814367,806.8541728584352,0.6789738412873781
0.47500000000000003,311.2776011661934,50.53207811139436,419.41624832457086,298.1392608572313,597.2891632766781,1452.2919249214742,1398.7279221233991,309.2563180417279,522.5016876718249,1192.5570434289025,0.6639153508761279
0.47500000000000003,134.07616724355933,759.4074112675122,0.0,504.126388835788,758.3348019295769,1194.886802474599,1860.977201340606,0.0,333.5815041019771,516.9977008911579,0.6366928133571066
0.47500000000000003,0.0,174.56533483650662,100.40359127851488,295.5060243310887,641.2138443014285,1876.8625869676948,1063.3653076315422,502.0179563925744,136.91398810707165,0.0,0.6403723637548756
0.47500000000000003,131.77322382171414,1180.7914369906734,418.57376978663,644.6552812454573,682.1202174300582,1379.7431670744363,1247.9699432527225,200.24362443495545,1298.3538229492742,1065.8128397344717,0.6649098009257333
0.47500000000000003,88.10696809744312,1200.077668913361,0.0,0.0,1377.8106907650986,704.8557447794931,919.0468223956713,1532.7574277640365,858.2833961215973,1146.9096709235253,0.7172023645453496
0.47500000000000003,198.1208967067613,1433.0744861788444,387.9867560507112,1839.2223244277145,1961.396877396862,3183.142407088507,2243.719155203992,97.40944088082588,2672.9810980686293,1365.383179804042,0.6435448894915344
0.5,0.0,28.965006044964817,0.0,27.76645407069371,44.54618171053456,134.83709710587704,165.59993111225418,0.0,50.53894158190823,0.0,0.5771860131308403
0.5,0.0,0.0,0.0,79.03852276186875,254.18070388191305,325.3602826191613,210.6196998597467,0.0,116.53691282218522,16.840594338465895,0.5991418852414753
0.5,0.0,273.172823901304,0.0,189.14155898901996,0.0,373.1557865596578,53.55212814749266,89.15859633066606,110.23762549510496,327.86435903066035,0.5894693601588729
0.5,0.0,0.0,0.0,141.2606932410266,0.0,316.85946013550125,0.5583426610312113,0.0,182.2988788268587,0.0,0.5698473637502038
0.5,0.0,97.5883451543846,38.443893545666434,93.64538171380688,215.22008779839504,331.86608958226105,233.29200356772827,0.0,178.09051539959157,142.27526414763992,0.5921104331555114
0.5,0.0,85.75730673965165,160.00605716359425,110.25939437955576,444.007527535178,224.60247003242463,120.65421943890672,0.0,18.19094385386627,5.5686562817948495,0.6374798519739147
0.5,37.42136420015803,0.0,0.0,0.0,95.84451443101489,427.6727337160812,249.7303284377833,0.0,110.35483932495326,0.0,0.6196135578895886
0.5,8.389234786360282,0.0,0.0,225.25095401372252,66.27495481223288,421.9785097538239,122.063366141513,0.0,238.6737296718981,125.41906005605809,0.6199085319224859
0.5,0.0,0.0,0.0,0.0,335.1190303413997,530.758574153344,388.0567892552189,0.0,116.00274127202782,166.17853015555798,0.6051567315783566
0.5,0.0,0.0,0.0,16.399293467146123,204.99116833930736,369.4664351715501,409.5000045178168,0.0,205.9558326609087,0.0,0.6047136175888149
0.5,0.0,0.0,0.0,0.0,256.19026936577995,168.5597949348272,70.61985292376615,0.0,229.3856536574902,0.0,0.6579043391795402
0.5,0.0,0.0,0.0,294.12903275510234,356.8032565571231,514.5883638481776,0.0,0.0,522.2851983501795,0.0,0.6250883396848459
0.5,0.0,0.0,52.26103795483968,0.0,392.2581354541378,0.0,375.4384910548808,0.0,279.926938930524,0.0,0.7770423524060598
0.5,0.0,86.82818352626472,0.0,0.0,588.5757784070705,580.6220516718396,389.0697994650348,0.0,314.8350166028813,277.7176251718009,0.7057322453070973
0.5,179.9584653682066,592.4786398276251,0.0,756.5177024901894,211.79727077949903,527.4167331175859,514.9580701305518,171.6526900435199,435.3610566023168,173.03698593096635,0.6298986828982335
0.5,0.0,209.15084803220773,0.0,0.0,394.7354033284045,497.8379340485082,714.3532485607252,0.0,0.0,298.9973390883016,0.6374671266490877
0.5,253.65022429519144,248.84927367762117,0.0,0.0,357.6708210093146,999.3978868917932,999.3978868917932,0.0,455.2901502333349,270.45355145670567,0.6325658882583579
0.5,0.0,184.65029959857355,0.0,254.51798052777835,540.6427690949437,913.2704007173064,380.11345457905503,5.822306744103553,849.2250265322144,0.0,0.7328332105264246
0.5,0.0,156.64888606793835,0.0,0.0,596.7145428830681,976.1127120302622,900.9574661132716,648.3271816453305,744.3085800453433,650.1381514264611,0.706178199770931
0.5,0.0,57.850727779776896,621.4287855053378,578.507277797769,1075.8369214529373,910.6824244042224,633.5587768140002,0.0,278.05672384473377,305.11593522559355,0.6932682441140984
0.5,0.0,356.0467192058444,0.0,216.0625390052561,91.29403056559906,784.114284746778,494.0021431716434,0.0,152.15671760933563,179.54492677901416,0.7299921681396336
0.5,198.85676088995183,347.999331557422,722.5128979001727,48.60943043977326,907.0077816147516,1474.8543099338492,1614.054042556818,0.0,1205.292922949692,739.0842946409998,0.7315109697435289
0.5,0.0,570.2226495738292,96.60796955589082,1478.5731925933296,1045.0154755619735,1736.5871600657829,902.4598131685098,366.4033967302989,907.1723970492944,326.3464337437032,0.6806139311435399
0.5,0.0,1169.660210384435,113.81218928710422,1508.3543158533207,0.0,2113.067273390875,1242.3354637846369,0.0,38.39447349446001,86.38756536250776,0.6914744845987428
0.5,0.0,364.9686690056666,0.0,200.6537704057326,1483.5739402438464,2831.2720989531103,1317.6790906958192,496.1045976960239,1633.6692803111223,260.6919064326215,0.7204795820487688
0.5,297.89935433706376,206.2380145410225,1577.3388889897765,1415.021933101015,2345.002609781408,2990.451210845021,3053.46838195479,916.6133979601528,2763.207472600742,1798.8537934968092,0.7154714200900498
0.5,3449.5515156457127,317.4695341761659,2409.785524518388,2047.57196203553,2203.110727101709,2682.5110303878378,3532.647568215286,954.5392705431008,2740.0390667821966,1167.6060720036137,0.676692372336098
0.5,3602.703902883233,3895.191462009061,3006.1221354599024,2154.1940862601004,3725.7343841028223,4682.122275847601,3305.573684088746,738.1828873175591,5503.87303720114,3440.210814479984,0.7676858300884343
0.5,648.905042014728,3960.229300531,2235.3824425286552,2068.384821421942,5181.69761491168,4878.716216618018,4153.469404954515,1238.1680764913383,3189.65456313854,1495.8215490559896,0.6923272355593874
0.5,3640.6526354481,2669.9733091085463,2856.3631049393293,4023.114813906089,3759.264323704057,3422.794432529003,3931.130239340247,1253.8949901343765,3030.6496672746453,2089.018101324279,0.7323794447582878
0.5,2934.814798055203,2600.9137132465185,1350.6675460681697,2565.7662306350826,3949.0707248424446,4290.503413067831,5824.439975609939,2246.928352659887,3035.236176945024,2093.785749852869,0.7448654596270493
0.525,0.0,0.0,96.53362552566274,0.0,93.76988164558269,220.30986929783157,127.3296287608425,5.330077483011709,63.76351951899658,0.0,0.6844826571291516
0.525,0.0,0.0,0.0,89.25677170205672,32.56349413801987,140.0933057160873,112.44947616006866,0.0,22.255625490014864,45.91686943202666,0.7096115585150706
0.525,0.0,0.0,0.0,40.46703155755016,280.08090932557315,352.6763113924479,56.89909891727795,0.0,324.2267619338089,21.827671567404305,0.5986832906670423
0.525,0.0,72.57396234542153,0.0,0.0,115.44583971550058,262.27501449929264,365.1114785177106,0.0,182.1354267356197,17.092709278266227,0.6429969620006211
0.525,0.0,0.0,62.29019543314381,88.49973121649275,131.72844607993247,275.0299339343265,227.03584892846075,0.0,224.65316385724967,109.9438968574118,0.5513533196828614
0.525,108.92457643097916,0.0,9.760266705284998,0.0,181.93137138651116,302.958678532046,121.41771781374592,105.8012910852908,0.0,0.0,0.6085901832834727
0.525,292.4934482789625,0.0,0.0,186.9164592232161,457.6372210432073,476.9450750728591,411.6270156959546,0.0,428.8808427011773,37.79409724952716,0.6890026203265422
0.525,0.0,123.83410859847932,15.818225550896482,0.0,0.0,564.0327282149706,64.17680080650912,0.0,187.5589601035397,72.31188823268945,0.6227479308920082
0.525,0.0,246.87229496670392,0.0,0.0,24.17581796284047,221.7666378514473,414.7082619779683,0.0,90.19439778444897,0.0,0.6623467535729134
0.525,0.0,0.0,0.0,398.492741947016,295.7524355126136,305.7272225450819,365.07720538825146,0.0,67.32981246914646,0.0,0.5779427154822109
0.525,138.41593543852818,0.0,1.5971069473661663,100.6177376841653,520.6568648418423,440.8015174734613,81.9848232982025,181.537823017451,0.0,77.19350245609795,0.7088915425491977
0.525,0.0,66.45159314992827,0.0,0.0,356.22411409881903,259.27015032268883,442.8290592696351,0.0,0.0,0.0,0.6336890117933881
0.525,267.7593929014339,122.03193570286317,0.0,339.43834542593527,799.7238504799495,790.8380299190626,739.30027066591,60.42357981403956,224.51506617178305,0.0,0.6247273154023415
0.525,0.0,137.2036942678614,0.0,0.0,223.6608166832353,924.7153093121864,407.8520774811876,0.0,251.85335660129263,0.0,0.6721763590688403
0.525,103.1552846754875,180.6948275188068,198.0027611891905,852.9349712765124,795.4726314908357,904.1664549408408,213.9260601659448,236.77253261084624,575.3157152035585,0.0,0.595333341804923
0.525,215.380529937274,0.0,580.6542665200693,0.0,0.0,872.4366736310426,1009.232415618228,0.0,201.55542835346705,651.2350482900555,0.5994085205632591
0.525,569.2965356482174,125.29222242601077,0.0,0.0,749.4041053856233,1155.8207518800143,621.7626537891091,350.8182227928515,32.88920838683539,677.3610774906574,0.676344249786825
0.525,240.84928819054664,464.4363407087213,0.0,0.0,881.1960305128363,769.4025042537442,946.9569283122976,147.96202004879302,495.6727671634762,738.1660777989986,0.6736461766935724
0.525,0.0,826.7147726265566,0.0,236.4563063649118,810.8333789154754,1325.2140752242117,361.74285675228384,277.0420902932098,877.0058527116344,699.6636229379457,0.6505298998228257
0.525,83.96940257304772,511.1983409392281,0.0,377.4009412349229,955.0366116825012,782.4841030983198,904.285873863618,0.0,656.9913695825505,315.57731516464816,0.7097571973787657
0.525,0.0,0.0,246.38012494472693,211.88690745247413,483.8905653914406,1057.46349626277,965.810089783325,53.21810698805743,705.632677841706,0.0,0.8021413513444323
0.525,600.8086831585167,0.0,392.15086823959007,917.4652666033168,765.4281652804767,1424.9546255016,854.5533626076584,0.0,619.6822543572202,673.157372753515,0.6226256484737404
0.525,374.7273102254356,439.4529365371083,99.92728272678367,539.380219263892,975.426543889863,2571.9919929109774,1043.55878211266,211.20993849070453,729.0149489840476,466.7058318262322,0.7020267755814148
0.525,134.1967992151464,935.6499056388986,0.0,0.0,1683.6728049677397,1240.0778297843638,1276.112155499536,292.0022945885048,577.7917743985364,520.6338784365131,0.6279617634785647
0.525,171.53908173910028,569.9524328750716,116.2038940813138,648.8050752874062,1581.2029873208817,1507.883863674335,1965.7825415424063,628.0543799157284,367.9789979242076,1567.3691904064349,0.6148873443602293
0.525,315.06280340889225,1631.5752319388723,749.0778897374493,985.3749922941184,1512.6229490191893,2272.9530817355358,1660.5095710274356,1443.502027863166,1403.315445795706,2811.453281439504,0.7082469390475477
0.525,1032.5488596612995,1925.616447473392,2148.3990344547165,1664.0890627561964,3597.45446977678,4068.2037622677526,3682.693024795712,2196.8300316245923,2541.658731473949,1759.0138172090903,0.7069329543685018
0.525,2990.394319551122,2001.4114512177516,967.6685823779052,2210.2914535812693,1971.5714508801093,3018.10289129322,2178.3200246480837,351.6857182650957,2233.737168132279,3698.028613272426,0.781442815179121
0.525,3350.4334856557707,4680.922213269932,1812.4161870099413,2946.905708649767,3956.8780876705455,3449.5860251486693,3221.3045970138537,2538.766185620789,4293.535547344155,3454.197771171617,0.7077359158726267
0.525,1602.629149417046,3814.117408001243,2491.4234811898045,2267.475303105345,3219.2550599643587,4824.217002903116,3767.461537566992,998.4356272932908,3111.946557965565,2629.0582989708973,0.7245972553169665
0.525,868.3583552628544,3459.427641127783,3370.7243682783533,4166.719527269316,4526.201211974895,3669.514339981719,5165.798495152372,2451.0114866290064,4449.169422395144,3664.845746673832,0.7066819105453669
0.55,7.212755413168975,19.83507738621417,0.0,0.0,0.7212755413162826,101.15889466970086,174.007724342711,18.572845188910676,20.37603404220343,111.79770890412424,0.7547186591637212
0.55,27.42500833764713,47.28449713387566,9.22047694110543,123.17611503374695,105.68085109421274,94.80541675342047,86.29420726932254,0.0,80.62006761325993,59.5784663886829,0.7822958096089884
0.55,70.8215926169852,16.96767323115128,0.0,0.0,57.788452308999,392.71556739349217,0.0,0.0,78.4447501556205,40.32896246244964,0.760521017734464
0.55,0.0,0.0,111.981907251541,0.0,336.2249783811852,241.2777253499538,380.06826875149073,0.0,58.643891578114506,56.96835181873817,0.7275260683593776
0.55,0.0,0.0,0.0,194.0029494369014,359.0169524062173,269.50163419313003,209.29382229892,0.0,79.00284312044604,145.90041189178808,0.7550741242322543
0.55,0.0,206.32119145281808,71.23432907047128,74.55613716184585,211.48844848384053,508.6057277674184,366.1370696264717,0.0,334.76443765243255,390.1279058419152,0.78769981194939
0.55,0.0,79.64845759240845,0.0,77.56341943554098,427.43282215822,256.45969329493107,420.7607000562394,0.0,322.76390668337825,29.19053419616828,0.7463924986063925
0.55,0.0,364.77635500992034,0.0,205.69084391837208,140.71225488097627,484.87471267903214,554.3345837190079,0.0,424.8255338444788,34.505871419856575,0.715385123775848
0.55,0.0,115.59346809739988,101.38115644608204,0.0,44.53190984079988,336.83178613628473,496.0096766310695,0.0,0.0,43.11067867566917,0.8770753355450415
0.55,48.22857413192816,0.0,27.28080960997666,327.36971531975314,446.7232573634093,476.9270108601724,413.10940266540194,0.0,373.162502879364,403.3662563761214,0.7788062869413496
0.55,0.0,171.99815739169446,0.0,0.0,673.4867608711057,347.62278195731284,608.7284184796532,0.0,179.7691584786735,467.81426543585127,0.798056181217775
0.55,0.0,120.235643544488,223.694220547887,0.0,454.6585032635801,620.1922264690122,148.7566566643431,0.0,701.2813814176301,299.75025553416936,0.8247665812219611
0.55,556.8107633606398,306.86199076671807,299.2344460631412,14.66835519917385,122.62744946509524,863.0860199193849,491.0965320683408,86.83666277911026,288.67323031974564,191.27535179722648,0.7568465801904205
0.55,0.0,53.74390322154565,0.0,492.3435731904805,447.24811416550455,902.5269265135386,123.54920280815028,0.0,531.2615720750475,303.31329289400696,0.6882704295974433
0.55,177.42594641833483,324.9486434403252,480.4455403013347,55.154882219935374,528.9552559887541,888.4587653981924,829.9812999119993,79.74199839026709,227.26469541225745,242.5485784370517,0.7149342895228463
0.55,180.5190610156627,137.0471238731138,171.67731108835636,0.0,853.9656804781621,733.8652439656951,772.9163061445992,0.0,699.9718692443932,888.5958676934048,0.723875977737836
0.55,82.99410023886281,207.4852505971437,77.51335777025506,292.0452772556062,323.36380564762635,888.663243123625,658.4720594422591,0.0,197.30672886974585,630.2853838894384,0.7589343287949905
0.55,720.2757523917938,424.7989948765213,288.92879612988924,257.825979549344,794.7588131504978,604.0494378013026,1327.5991708857928,0.0,665.4365757892399,701.4503634088248,0.7950761179034961
0.55,0.0,647.3429855448383,0.0,452.444022155002,791.7770387712486,1160.6929337591612,780.4659382173741,504.649101634417,819.6197478269452,40.0238942675508,0.6859551590020895
0.55,174.20740804142503,423.5804489941158,0.0,0.0,277.67069098988054,925.8637371541624,1067.3519873400812,0.0,1007.2194810110668,592.4820476535633,0.720265329130749
0.55,418.59070920060367,553.3425128473704,0.0,980.5344010041538,1132.4885625632803,2133.0923811318394,1270.1074258621034,548.5640800939433,1352.2964692211383,1172.6273976921016,0.7386146682006182
0.55,0.0,299.4090320745957,748.5225801864893,485.7961116442235,871.4587390515567,319.2374447947722,1198.6275489344018,524.4615164485464,1498.0365810089977,1010.2576280927584,0.693235862707171
0.55,107.70457959862382,223.774563437922,370.1691376496452,830.2663708865066,1142.923354381538,1114.6901150692786,1033.1274237227483,0.0,588.7153234371531,791.5763762733952,0.7362281454001418
0.55,703.1901555513966,324.2867222202906,782.8395259212874,460.8284999972775,1170.8457444375035,1236.8409370297095,649.7112925887345,0.0,1067.3015629566391,1359.7285370289733,0.6985770905657197
0.55,0.0,252.2976804855426,1004.2917378550908,896.5140879389483,1248.0161961882195,2788.7466915805594,898.963579982495,449.4817899912405,1054.5063247478556,830.3778027631151,0.6914125404093763
0.55,633.7538017787632,737.3083445530546,889.1883406220413,2417.65339197082,1561.6025050365422,2176.0261254974366,2084.898127856051,0.0,1978.5821306077648,601.9970753279733,0.6851922592522638
0.55,1175.8441229718392,901.95272083382,1317.5120895949483,1729.92328132001,2417.7999637011244,2040.0187193728095,2356.410511497778,1336.401151811364,2027.426011228545,2140.760384527039,0.7312942415550547
0.55,1286.1029730590149,1563.7842967876638,579.1117080393531,3158.625057413434,3845.520963479026,3253.6212997416337,2636.145724608184,427.4830904770101,1728.2008700480667,1972.998879124627,0.7652763977703027
0.55,1319.784162675115,2451.575813806387,1642.057039607401,1436.799909656487,2718.218253649177,4155.018163305664,4383.29478446605,1768.66424125939,2674.097562164417,3571.857719332945,0.7422715385036568
0.5750000000000001,45.25032371684024,56.33933585298311,0.0,104.27248508663372,123.7676838421091,172.23739817912096,147.3765483900269,88.17553198577966,15.20267792858326,133.9624208059832,0.7545151188916022
0.5750000000000001,188.38367004335493,43.94795972177809,0.0,3.4565811017154067,124.19002101154268,341.21393446908974,185.91468354213083,0.0,22.467777161136105,47.65143947361282,0.71002523486195
0.5750000000000001,0.0,39.2350488977846,46.29735769938535,1.5694019559129304,211.08456307008248,201.66815133461083,58.59100635402525,0.0,154.58609265727347,151.7088557380993,0.6806241568509906
0.5750000000000001,71.82804169584175,0.0,0.0,62.98354402433796,132.6674650725416,176.88995343005445,146.87226436313608,0.0,77.45635839588684,140.17188733927043,0.7390368063800046
0.5750000000000001,0.0,0.0,0.0,0.0,224.3915396398052,316.8605807001648,216.9940163549761,62.87894792104343,105.4147068088122,209.90472320701468,0.7804645558329799
0.5750000000000001,44.71948734674642,140.49372274768902,87.94832511526513,0.0,403.2207109098168,453.15747178034536,178.8779493869772,0.0,109.56274399952665,239.99458209419453,0.7718783701433269
0.5750000000000001,0.0,167.72599870379292,178.90773195071182,223.63466493839687,612.0963607017488,583.5208201818408,314.745083987369,0.0,515.6021441635193,207.06913420221585,0.7923070612509037
0.5750000000000001,101.2343982884326,147.25003387407762,41.874228382940245,65.80235888748277,413.2204075591399,493.7477698340279,353.8602376536476,129.76409235153596,126.54299786053814,163.35550632905623,0.7432293464348967
0.5750000000000001,64.72553402786438,0.0,0.0,180.93728830516216,638.4291310930009,610.9698136266323,649.2167200976459,0.0,406.986312447923,134.8448625580457,0.7670041162583706
0.5750000000000001,91.5915505063306,267.57082170388776,0.0,0.0,593.8014004736337,807.858057836745,599.4615524712167,0.0,708.5481182428092,47.85401234319337,0.9276278246134199
0.5750000000000001,102.04313323297094,105.80261708891912,0.0,404.95011819822,337.81647791336377,747.0631490898103,309.8888835548671,0.0,39.20604592635344,394.2087357526354,0.746177758749922
0.5750000000000001,0.0,0.0,0.0,95.16290082542908,373.0619240947805,775.8987435398482,540.0348666473752,0.0,159.3832633456588,260.96820042310486,0.783075519802124
0.5750000000000001,282.2258247639829,511.3478474053502,0.0,605.0253410373792,108.59429198107,968.3985488201756,936.178264386228,191.5316908017742,126.49444999992448,474.9508594336731,0.7042489496318506
0.5750000000000001,280.67276533795075,0.0,0.0,189.1896245293556,194.7906331502852,357.8422174486075,897.4060479319836,232.7530249143992,696.3920718695545,301.8321312392617,0.7680139048691523
0.5750000000000001,163.85808588121367,0.0,0.0,205.80575586681096,551.874033247925,863.204396422231,425.3755909476313,0.0,370.3192740915488,564.3272477749008,0.764951400170067
0.5750000000000001,273.5925440184907,950.2641796061912,309.7930841939555,121.82874097515293,214.418584116272,743.5034020655012,772.742299899543,88.41285773625256,373.8401937351839,696.1642341437309,0.6694551278876831
0.5750000000000001,0.0,453.39009672056216,20.608640760024368,351.87345890266306,957.9201538456384,843.4277051788284,962.4998517923152,0.0,453.39009672057085,306.83976242704875,0.723508339208052
0.5750000000000001,138.63460446297535,1061.796826089251,0.0,429.5268670066717,153.86037027104288,657.9133541277486,939.9906996246744,210.75665302752645,969.6408751456572,225.982418835594,0.8459337956454407
0.5750000000000001,145.21200914057303,0.0,0.0,202.9571355824425,649.6326724709688,1317.9475917319546,619.9109162141251,159.64829075103555,277.6861227425015,481.4924513608337,0.7857244649703711
0.5750000000000001,319.6211037768327,965.8879509739484,30.73279844007219,0.0,595.3382097821221,1238.0927371575178,1188.9202596533844,493.480934952145,663.8284463057371,259.0335868520984,0.7830463034951205
0.5750000000000001,0.0,798.025122426497,0.0,448.8891313649126,1324.0817774222676,766.9698995018772,290.7898146577707,187.27240490904867,900.6014648138678,142.101171564151,0.762213282618409
0.5750000000000001,124.6439598103798,1082.844400852698,0.0,545.3173241704254,749.8113207343364,926.0656701537,1103.2938005090814,65.24332271324309,482.9953442652356,656.328350876546,0.7243288304963786
0.5750000000000001,622.5724413580724,1316.2960188713353,857.9989948127919,257.39969844384353,1194.920551312455,1430.3471047671862,866.3697167134088,328.550834599046,1059.9426606650793,1072.4987435159987,0.8275743900595364
0.5750000000000001,248.23264840950867,253.70032788988945,789.5329169676853,130.13077163318556,1327.552577837646,1334.1137932141028,1540.7920775726932,208.86535615073015,494.2782250268775,1196.3282703083842,0.7458130418508381
0.5750000000000001,1320.0079100151954,484.3530350630418,411.9918587403695,1329.344835992319,808.8112127679212,1255.8165439224947,788.9702450665484,0.0,1233.6413447268442,710.7734900081689,0.8300370812706419
0.5750000000000001,0.0,342.4890989396973,893.9972803205504,273.2357884923499,1211.3033572794095,1283.0749699248552,1568.902269407624,795.7834945952108,1040.058807809554,473.4408132401838,0.8530364016124176
0.5750000000000001,909.6789138123982,1482.3811169429869,637.56626481112,1464.9785638091826,2006.0397612419413,1881.057788735548,1390.622200419295,1003.0198806209796,3333.379950265613,1521.932374065265,0.7673747981534679
0.5750000000000001,1484.844028280901,188.7513595272252,1157.6750051003542,1842.5727953848973,2151.7654986104653,4123.767797671165,1062.4005093389935,837.696509901811,1646.630907875689,2513.089529705453,0.8293170210376367
0.5750000000000001,3825.570615585932,3685.5039568916886,2354.8706992965986,4429.60808120476,3884.6612372225527,5952.832994504404,3199.647734546126,2492.748816448722,2157.9019605078547,3039.884201973025,0.7575764728344356
0.5750000000000001,0.0,3483.865823448932,1910.961442242211,2432.132744671912,4321.965620599398,5000.427361149764,5319.70347434994,3427.522979943043,4617.765549005466,5045.032112258624,0.777737700512724
0.6000000000000001,42.68733860326903,0.0,0.0,0.0,0.0,0.0,0.0,21.82576450146646,0.0,42.86264594866274,0.753035799880364
0.6000000000000001,60.51071305558548,17.95372804945974,0.0,0.0,41.8920321154056,0.0,0.0,0.0,0.0,29.257927191711836,0.8250563095997383
0.6000000000000001,22.57125883598866,0.0,0.0,24.51705701150528,96.31700968805576,27.24117445722772,0.0,5.642814708997779,5.448234891445708,58.17936544793743,0.7768435192056238
0.6000000000000001,0.0,39.89333599851423,7.854646466028253,0.0,65.11088517892196,0.0,0.0,16.949500268798957,0.0,0.0,0.7925087349256313
0.6000000000000001,56.74430975641184,0.0,0.0,42.44099200789479,77.84756545094488,0.0,0.0,31.654883541801052,26.261829308753203,90.7439994864938,0.7809792497746779
0.6000000000000001,173.32258940097077,30.46586135703953,28.673751865448143,19.20117312418494,75.0125830051473,0.0,0.0,0.0,6.656406683050635,131.5920398110766,0.678009784312696
0.6000000000000001,95.13161400475094,23.173085462695955,0.0,0.0,94.21688694701344,21.34363134721965,0.0,141.47778493014414,100.31506733193316,144.52687512260334,0.7459878527544044
0.6000000000000001,186.4956107681164,152.4276743377834,106.06718352536976,0.0,120.4670329443771,63.2188511078365,0.0,73.40411045298886,13.346201900543967,154.53496937471013,0.8093385451053304
0.6000000000000001,261.8111941299913,119.2141747795422,200.8624681172995,113.4642949670239,177.09629822555715,0.0,0.0,44.4657372168078,14.5663621917134,153.71345365465024,0.7428407695517603
0.6000000000000001,58.35953368030595,101.92932252382369,71.55038718338857,113.921007526625,95.13403435556688,76.7467840179364,0.0,241.83231422318627,0.0,57.16036518002633,0.758836332431919
0.6000000000000001,52.01996006660935,261.4112278977487,181.8512889723463,49.8342474587692,192.34270948998167,283.70549649772306,109.28563039203546,0.0,0.0,261.8483704193159,0.838123911579773
0.6000000000000001,0.0,240.45759825108743,265.72307053109176,0.0,232.18097802143,226.953638929016,67.95540820139469,111.5165673048507,0.0,142.00937867727262,0.7430589179773803
0.6000000000000001,38.9249703341666,419.4737979540791,246.83010600136168,88.8405205273939,247.28804682882355,369.1003069333938,98.45727790406912,18.77557392589056,0.0,127.76549086155858,0.6935750153376271
0.6000000000000001,0.0,198.62519822619785,399.6206255481751,75.84733106489792,76.32137688405261,337.5206232387912,0.0,255.03665070571563,0.0,234.65268048202407,0.8148058900224419
0.6000000000000001,0.0,414.86325131624056,151.51527439375712,0.0,316.4298587679147,378.27282790822574,0.0,75.75763719687748,0.0,125.2320125091267,0.7307335319298279
0.6000000000000001,11.976252822731126,332.0688282666421,137.72690746141026,0.0,481.2276134224785,403.9263452030311,126.29502976698406,0.0,0.0,211.7619249110236,0.8564790564542399
0.6000000000000001,531.546122968845,394.3919184818676,327.28642787450354,256.06042468598866,175.4161070262635,138.33149379587883,363.1937517959893,154.2248994660426,300.79741842422806,111.25383969115148,0.7700590463593434
0.6000000000000001,589.3480994574469,175.3790874305545,426.9830079139636,182.8156565088832,226.8153568889854,60.7319808063404,366.8707411974853,191.49165376693077,453.0109996881088,229.2942132484283,0.7756482476235791
0.625,32.89624603081068,0.0,29.876783834745897,0.0,0.0,0.0,30.353541023597987,13.349201287865275,3.972976573769388,0.0,0.8005819309581614
0.625,2.574921298175373,64.85583019779664,27.841336536522697,0.0,75.96017829617772,7.563831313391211,81.91468379820891,0.0,0.0,0.0,0.8128980651751632
0.625,90.98880078618762,34.335396523089884,62.94822695899795,0.0,24.6070341748814,0.0,37.95968837830496,3.624291855215082,4.768805072651843,85.45698690191261,0.6954838140618056
0.625,97.7766529242724,0.622781228817257,89.88809069259005,0.0,56.880685565287386,0.0,25.326436638559034,0.0,138.88021402619617,61.86293539582436,0.7758876996063889
0.625,131.15968387363182,97.40535346497724,42.916220091003936,0.0,43.39842481112819,23.6280312860592,0.0,0.0,71.36629857829932,45.32724369162266,0.7731224978831928
0.625,27.51397096417912,70.3961058903332,7.188334756406409,0.0,0.2478736122895633,77.33656703445004,109.06438940755692,0.0,60.97690862331553,0.0,0.746866289718287
0.625,113.815849734662,91.05267978773024,87.25881812990724,0.0,126.948447780968,39.39779413892252,121.40357305030494,100.68325168835452,129.28313187809067,148.252440167201,0.766066759742033
0.625,207.09833266101057,60.07179200583926,0.0,0.0,143.3757687653153,172.5819438841758,158.31074467836763,0.0,140.05688522908048,206.10266760014,0.7246799131188612
0.625,0.0,202.41249332601305,50.41911197393412,54.0993391253168,163.77010823650036,33.85808979271441,0.0,0.0,0.0,231.85431053706972,0.9046080528567414
0.625,0.0,255.53117790340983,78.53107855948772,0.0,0.0,115.5586855486746,0.0,0.0,243.3242745003804,306.8001721961322,0.6583114009953761
0.625,285.0568815872612,0.0,92.87889385050455,170.3493076152104,124.123867357816,90.31081383620447,0.0,34.66908019304669,0.0,240.9715080084511,0.776341465374525
0.625,202.91750351918756,230.36310820803743,114.28169821258092,31.94488414603696,221.81447723937745,0.0,195.26872844196728,85.03638174085734,0.0,120.58068945264358,0.7272559392542147
0.625,360.01106749446063,35.34992394002484,113.9569916487646,211.63441306198973,145.1207403853638,157.2141354174776,84.18863464663741,139.0740428693088,220.00676346883915,220.47189404699645,0.8304329400969626
0.625,180.49995082489212,5.323054850063756,0.0,11.613937854684744,64.36057227804471,159.69164550191675,0.0,5.80696892734339,0.0,198.88868576147752,0.8279309788321849
0.625,245.6615322162909,90.07589514597404,2.558974293919069,138.18461187166417,74.72204938245532,188.3405080324904,0.0,307.5887101291509,199.59999492573905,213.9302509716876,0.7996387311804235
0.7000000000000001,44.51676705997142,39.69728800504631,15.092579145688417,0.0,8.497502544210823,12.42918282586136,0.0,47.43382017216397,0.0,0.0,0.7704524520487761
0.7000000000000001,15.6400924876205,0.0,72.25965211334903,0.0,7.5169436762207935,1.8186154055373709,0.0,8.850594973614909,0.0,0.0,0.773823689251259
0.7000000000000001,23.352395321560422,17.81114897407214,28.365903921669524,0.0,18.998558905676678,76.91777668062095,0.0,0.0,34.03908470600398,0.0,0.84300839117218
0.7000000000000001,44.64469736639053,55.99764446299897,0.0,0.0,0.0,14.574729380780564,0.0,32.217822841725244,0.0,0.0,0.7942752914371906
0.7000000000000001,41.23136509186755,46.92522027122111,66.75554348207123,0.0,30.82535390201515,42.0167244269507,0.0,105.23815090114728,46.728880437449554,0.0,0.8717930001868117
0.7000000000000001,85.39268786547174,0.0,90.1010566199592,0.0,109.36256516104255,0.0,68.48536370163102,32.102514235139644,39.80711765157388,50.29393896838533,0.8279783055038491
0.7000000000000001,38.44580072999342,17.266078172153563,146.6465572754863,0.0,98.76196714471548,0.0,0.0,9.669003776405754,86.10017648513701,0.0,0.8401205465089783
0.7000000000000001,162.30948565134017,0.0,56.91725251867415,0.0,35.40307572931943,1.6339881105845877,0.0,0.0,0.0,0.0,0.7201082914806091
0.7000000000000001,132.2926744602999,236.7523446834996,215.44806983534585,0.0,58.41494716428799,86.93518607391188,58.75856450054804,0.0,0.0,0.0,0.855418467053237
0.7000000000000001,64.79729543025262,129.9374336934709,0.0,0.0,13.370870485607483,197.13462895447392,97.71020739482556,82.28227991143329,176.22121614365133,0.0,0.7429115474876461
0.7000000000000001,310.33401069686965,71.52956789171736,160.94152775636067,0.0,78.6080147143332,128.90224213819724,49.54912775832246,107.66690167034392,52.15697658771021,51.03932708940173,0.7909549954879447
0.7000000000000001,99.21975205362864,281.3872168240922,146.84523303937,0.0,144.06707998187008,128.98567766971829,143.67020097365403,29.76592561608963,110.72924329185052,0.0,0.8064031178156387
0.7000000000000001,262.8810051837418,0.0,231.31798975872013,0.0,206.6728955227462,106.79540835589695,210.99659626589843,172.94802972614832,99.01274701821966,0.0,0.7914147153271924
0.7000000000000001,18.170863012808347,205.004608349638,72.68345205123583,0.0,145.83282366690204,203.1409300919141,412.80473408586056,44.26235862094498,172.39023883946902,87.12695854859643,0.8611658390359279
0.7000000000000001,264.90612656113325,312.6931140976514,147.5163528301211,0.0,474.7533326997555,217.63856280218795,43.631597315951616,186.99255992550616,444.6267536006493,1.0388475551429983,0.8573277901726684
0.7000000000000001,93.5329344433643,171.38693767946094,97.31750404511942,0.0,276.2735809280878,148.679520068933,52.98397442456336,133.5412416619153,195.71631369074152,211.3952448980092,0.7679619241896103
0.7000000000000001,237.1574418361222,22.216153801980408,68.87007678613315,114.4131920801914,208.83184573860007,308.8045378475076,223.27234570988696,172.7305958103845,320.4680185935451,2.22161538019775,0.8236562398212448
0.7000000000000001,372.47475503674,89.00842700269169,110.5518679332797,0.0,501.1684679642008,65.1972554478314,13.606383745633606,205.22962149665355,178.01685400538338,133.22917417600237,0.7732702025463734
0.7000000000000001,619.9033516836389,390.1322251908649,86.7625347433671,0.0,357.22229821924105,250.7138072929028,536.7309907917228,0.0,390.730587499439,188.4841272011061,0.8459337956454407
0.7250000000000001,0.0,22.01339042291298,38.556786861950734,0.0,5.469993983875225,45.360925719941896,0.0,5.736822958698777,0.0,0.0,0.8020356857007725
0.7250000000000001,45.01207104359095,38.4193939715497,77.17978848130812,50.69541334707409,35.577722819807875,0.0,0.0,6.138009687762449,0.0,0.0,0.6749855313340757
0.7250000000000001,0.0,46.58897174195563,55.26904632505692,35.428875849395666,0.0,63.59483214966539,0.0,0.0,111.24667016710193,7.617208307620392,0.5876111218770907
0.7250000000000001,104.87088748641372,59.20456653857294,84.86661415085489,46.27251104891868,17.579512931248143,7.880471314008137,0.0,54.15298236292682,116.79262614093784,18.58982976637737,0.7126861321557894
0.7250000000000001,1.5698598054329664,111.0115148127165,95.53718244488309,6.727970594710091,46.871528476480506,0.0,0.0,72.88634810935932,0.0,2.018391178413231,0.6735959713104622
0.7250000000000001,82.6995149385709,0.0,0.0,0.0,0.0,27.48683299981374,0.0,87.9578655994044,83.89459463421389,9.082605686895407,0.7093027214920566
0.7250000000000001,19.46053743480888,205.33361934419705,109.77739065789366,0.0,75.84619718181767,25.697889176734652,0.0,52.39375463217653,66.61491660376684,111.02486100627884,0.7076553032122223
0.7250000000000001,27.699634997478004,236.60104893678232,119.16613806206284,6.059295155697821,0.0,25.10279421646427,73.86569332660494,152.92506821523733,122.62859243674691,0.0,0.6613017649307141
0.7250000000000001,92.44814310323866,146.81025542098735,217.1229276403515,92.12262147259376,78.77623461613913,39.38811730807105,0.0,304.36272465326715,127.60447921291995,93.75022962581976,0.6970407997558266
0.7250000000000001,155.70009426403522,323.09597025682183,108.91696734901969,42.762701945755126,0.0,22.29508392043811,181.6501099747056,41.66622240868546,130.1155717323848,0.0,0.6985305504869367
0.7250000000000001,40.869755804989616,103.18601713140572,127.06042893828035,0.0,0.0,0.0,0.0,171.9766952190095,44.5116152331554,113.706944368333,0.6602958514466247
0.7250000000000001,183.54567377884217,326.3531614262832,257.4116156654494,11.191809376758668,15.220860752392197,43.42422038182485,49.691633632808085,239.5047206626355,137.43541914659565,103.85999101631964,0.6377398121811124
0.7250000000000001,148.5827083488529,351.06306580463934,265.11816587736143,147.611579536114,0.0,0.0,0.0,218.5039828659576,0.0,0.0,0.6936772724121366
0.7250000000000001,0.0,256.93168788710744,474.6876530666767,275.75638581150844,88.52695780664737,117.01839250303902,40.70204956627444,564.2321621124798,223.86127261450943,294.0723081163338,0.6921076263184149
0.7250000000000001,0.0,375.6728510930105,176.78722404376893,92.07667918946323,153.63651613327485,191.519492714084,0.0,277.2823424734136,199.4117795017499,0.0,0.7118807359594138
0.75,0.0,0.0,0.0,0.0,0.0,0.0,0.0,7.200262577505951,23.795153470424303,15.77200374120351,0.7229381342830489
0.75,53.80612502775924,89.05841383904935,15.716190677479412,0.0,0.0,0.0,2.9467857520271727,0.0,57.29861184497667,0.0,0.646684923867422
0.75,31.138538015932923,62.277076031865846,42.697540764271295,13.210288855244013,7.312838473438552,10.49746167961382,0.0,10.73335969488636,33.14367114574656,0.0,0.7994628714863492
0.75,0.0,81.74996859685639,25.231471789153208,0.0,0.0,0.0,0.0,48.44442583517415,5.449997906456725,0.0,0.6721010296906184
0.75,9.817348435454717,96.53725961529888,108.45832557263576,0.0,49.78798135123183,94.19979570209551,0.0,122.9506018344972,0.0,97.47224518057938,0.7468765154257375
0.75,11.12548631465102,57.56229875840768,9.43247752763838,24.66955661074552,25.87884860146836,0.0,0.0,113.43158872980273,116.81760630382578,16.930087870119774,0.746614055601163
0.75,16.07566697653478,132.01532577699,154.66740197119728,0.0,0.0,0.0,0.0,134.45103289464777,11.447823452985814,0.0,0.7845071188452574
0.75,25.072156057179185,29.03091753989168,36.15668820877371,25.336073489359773,22.69689916755144,0.0,0.0,103.19171598270684,49.35255981781538,50.93606441090134,0.7869996350364286
0.75,0.0,262.316347159991,243.38630148865093,0.0,104.86644348091284,121.09219691348984,0.0,69.71064437699714,79.32590567037401,42.66772198936789,0.8176575841878275
0.75,150.51610401039173,76.41080116063544,124.16755188603295,0.0,134.7069727357768,35.57054536788289,37.217329875653725,257.2277401140389,150.51610401039025,0.0,0.7769358346201123
0.75,4.746917695829865,119.03808991079347,154.45739887198155,9.493835391658068,146.78930105564078,0.0,0.0,240.9973599420979,70.47347040730945,284.0847667196251,0.8799640978999367
0.75,0.0,209.3021664326056,259.7211093586789,179.2202761153692,167.35699542688067,135.58035072557422,0.0,197.0151971481,83.46665341543086,61.85853501854285,0.7443127844862479
0.75,0.0,174.91142301832372,359.41328959639634,0.0,0.0,26.48789173645704,0.0,184.95855436663385,193.1789345607052,9.133755771191796,0.8359850344379479
0.75,0.0,329.32691620093743,508.9597795832669,24.54982466225116,277.2333858200629,257.47377084800564,177.8365347485051,269.4492950734943,410.16170472298575,135.323423748021,0.6980231980787931
0.775,0.0,30.060109395002,12.072012017673632,0.0,0.0,0.0,0.0,34.457199865015966,0.0,0.0,0.794170412386412
0.775,17.403319976935386,17.560106643394118,32.14126662406946,0.0,15.208306646510987,4.154846661160341,0.0,27.672846629991653,23.988359968207867,51.81799326465825,0.8575612771594665
0.775,8.314495882793494,69.45049502097932,54.04422323815604,0.0,18.70761573628508,0.0,0.0,67.00505505545189,45.607455357086295,0.0,0.6707376020304907
0.775,0.0,0.0,43.14835208216339,0.0,0.0,0.0,0.0,7.19139201369406,20.51661839200859,0.0,0.7658008913483078
0.775,14.518897256206488,114.7900314318807,0.0,0.0,87.3402413068659,0.0,0.0,0.0,3.176008774794299,0.0,0.8166201009526989
0.775,0.0,7.891943206255599,88.90041905870082,0.0,0.0,0.0,0.0,79.38366401586364,122.55723567361244,0.0,0.5921036160172103
0.775,0.0,11.76882880173201,25.744313003787795,0.0,0.0,0.0,0.0,115.23644868362156,175.0613284257561,50.50789027409773,0.7807649968566576
0.775,0.0,72.31498918512582,108.8669291732442,0.0,92.300222559924,14.20003423998858,46.54455667551687,186.9671174931808,34.448231211823334,0.0,0.7010994317369557
0.775,12.833508509576903,151.08539563547097,102.66806807661256,73.20933263417555,64.75088384377251,105.58477455606314,5.833412958898472,24.500334427373847,53.08405792597557,7.875107494512406,0.7785889906580162
0.775,112.9779724066703,182.4509942448016,130.85209938444265,0.0,147.71448332573672,90.04513024651128,111.2917340125409,51.93614253918607,46.54017967797073,0.0,0.7848004992614096
0.775,55.87575899190308,206.53336101451615,205.29167748136203,26.075354196222182,136.99908315792493,57.11744252505724,0.0,244.61165603122168,96.0235265638623,39.31997854985772,0.7505763623034478
0.775,127.81960937929075,175.38039426460688,271.7759136303823,132.06610802976354,0.0,14.438095411614448,0.0,332.0761944671246,195.3389379218373,23.355742577610982,0.7800163289897128
0.775,55.20339198308517,281.99732738026097,307.29888203917494,0.0,163.31003461662698,57.96356158224111,0.0,181.25113701113008,203.33249380436288,138.4685082242382,0.7432506499920859
0.8,0.5103867149792567,2.6517918452181126,0.6768171655159073,0.0,0.0,0.0,0.0,0.0,2.7516501155400928,0.0,0.6996356406518467
0.8,0.0,30.074115457815257,5.879150390249722,0.0,0.0,2.0350905197019853,0.0,34.29504394312258,0.0,0.0,0.6539480749407497
0.8,0.0,23.912332914529987,13.18409706638927,33.4772660803421,0.0,0.0,0.0,11.116003408917113,1.680326096696349,11.116003408916525,0.716836795503978
0.8,0.0,58.67166398795706,84.57176791056827,0.0,10.571470988821034,66.42407604642598,0.0,69.94789970936633,56.73356097333923,0.0,0.818119397966457
0.8,0.0,190.2803252167595,0.0,77.29427786582839,0.0,30.690375034961274,0.0,0.0,122.98883625121498,38.87447504428408,0.5554853576353355
0.8,18.70076563559208,59.502436113245416,147.17745422296596,0.0,0.0,0.0,42.016005908535895,34.24425915088906,54.645094389715176,0.0,0.7661051061449736
0.8,1.4997219805879718,26.994995650567574,27.24494931399853,38.24291050497055,59.23901823318851,0.0,0.0,119.22789745667214,85.23419923003115,5.748934258917527,0.6122088176811413
0.8,0.0,155.30418849198196,219.22189872167456,0.0,0.0,39.88253820117309,3.961841543162793,143.4186638624936,16.375611711739065,0.0,0.6777810314497189
0.8,0.0,231.47358533942335,121.26156000645516,0.0,0.0,0.0,75.08017149932354,92.36277701426322,35.131853833644705,58.36420878815314,0.6758760200245967
0.8,12.399857634647551,214.8191552380671,231.24058832178864,3.686444161651398,0.0,11.05933248495572,0.0,208.7867920644561,0.0,118.97160703512314,0.6726707476771713
0.8,20.253652588218824,206.15324955864253,98.37488399991295,0.0,0.0,132.73375892635502,0.0,127.30867341165391,62.56931960288525,70.88778405876096,0.7794283508112826
0.8,0.0,207.9628225517,149.07434012616838,0.0,175.8418321377733,81.12609117363459,10.295189235232671,118.18877242047223,27.179299581013883,84.00874415949899,0.8117501077791811
0.8250000000000001,0.0,2.903348457854119,4.195806803608551,0.0,0.0,0.0,1.170705023328274,1.3111896261276663,4.664088812939817,0.0,0.8039508754921074
0.8250000000000001,45.36643550857711,49.74013723057593,8.318609157527199,0.0,13.292622880584949,27.185557762228804,0.0,23.412168041288485,22.04002632458263,0.0,0.8185715067912563
0.8250000000000001,0.0,34.64591024925945,16.93584998217981,0.0,0.0,0.0,0.0,4.451709138173331,0.0,11.322825416657183,0.8427680870470821
0.8250000000000001,0.0,31.546488537543716,0.0,0.0,9.450049429749106,0.0,0.0,21.81849647750876,0.0,5.141938660304271,0.8122422199502585
0.8250000000000001,0.0,0.0,159.7381412852934,0.0,0.0,85.58972033055008,0.0,113.53289380607724,16.281849111723343,54.34617203507883,0.8182860391249174
0.8250000000000001,0.0,64.29135626389935,206.72143783315303,0.0,0.0,0.0,0.0,185.7031098238025,26.2110913998972,0.0,0.7839049382953681
0.8250000000000001,31.47654746425796,25.59068899533129,38.8978472729031,57.06723645958925,11.515810047899082,0.0,0.0,22.519806315892005,0.0,24.82296832547089,0.8528387046016991
0.8250000000000001,0.0,148.97556034954707,0.0,0.0,0.0,0.0,0.0,75.29160514068946,13.39708276524706,27.865932151714127,0.7683696742742165
0.8250000000000001,0.0,129.85977090930706,102.17538018798278,0.0,0.0,35.67576123882062,0.2854060899103054,186.9409888914201,148.6965728434041,78.77208081531568,0.7290972393392984
0.8250000000000001,24.258524826146,163.81639117891558,131.85221729034595,0.0,0.0,61.930586909102914,0.0,113.30158065858856,29.11022979137468,0.0,0.7751301451127306
0.8250000000000001,75.23773845181503,37.442254816395575,157.18682446505824,52.63109403436813,0.0,0.0,0.0,107.73478980189384,120.80425610572952,0.0,0.8155591838046619
0.8500000000000001,0.9403625101363028,0.0,4.901283386164715,0.0,0.0,0.0,0.0,8.050073003439117,0.0,0.0,0.8307699236379601
0.8500000000000001,0.0,78.78926609157224,83.84408651027883,0.0,0.0,0.0,0.0,6.703131424806424,0.0,0.0,0.7391886013261659
0.8500000000000001,0.0,28.09108838236231,24.011192212543087,0.0,0.0,0.0,0.0,30.833313676831256,0.0,0.0,0.6715215729350646
0.8500000000000001,0.0,70.73118497262449,0.0,38.3010764476269,0.0,0.0,0.0,51.58064674881137,81.77419606518855,10.763441191486102,0.7412353334819605
0.8500000000000001,9.749432949758134,66.29614405835513,157.29085158943104,0.0,0.0,32.06480170142715,4.766389442103583,0.0,0.0,0.0,0.7179860514024936
0.8500000000000001,0.0,35.49962245536799,101.49892054140533,11.249880355574506,0.0,72.24923161691206,0.0,217.4976868744405,75.24919971173146,17.999808568918755,0.7669067285683617
0.8500000000000001,0.0,28.865117076486,65.57952037552492,0.0,0.0,0.0,0.0,35.44838939217551,45.32329786570919,68.11154818925175,0.6939292630600354
0.8500000000000001,44.96925761025968,0.0,46.29188283409084,0.0,0.0,32.0075304167152,0.0,124.59129608489688,104.75191772742818,46.02735778932485,0.7702877045398445
0.8500000000000001,10.93536374536954,52.15327324714556,63.92981881908248,0.0,18.225606242282144,0.0,35.890424600185604,189.2659109775453,0.0,21.590333548549104,0.8082784800995814
0.8500000000000001,26.465996026174956,49.28150984184092,221.15838058653492,0.0,0.0,71.79281680663436,0.0,168.2263885341878,0.0,93.99991692054974,0.8081029387883395
0.8500000000000001,43.37020504683161,223.2388848922172,143.55874073641,144.56735015610434,106.91259848753823,23.534219792854195,0.0,118.34350524406771,0.0,0.0,0.7629871175147199
0.8500000000000001,0.0,0.0,147.35132107858664,21.527397034151967,131.76251632971912,0.0,0.0,138.07227063283344,0.0,0.0,0.8109797711512089
0.875,0.0,0.192251371314016,4.738430857681267,0.0,0.0,0.0,0.0,4.252147977298734,0.0,0.0,0.7591780414892381
0.875,1.877420259650732,1.47948879157258,0.0,0.0,0.0,0.1734573065981924,0.0,0.0306101129291064,3.5405697287978115,0.0,0.6442061519066969
0.875,0.7419525266955377,6.863060871932107,31.223835498430116,0.0,1.174758167267724,5.564643950215267,0.0,24.360774626498003,0.0,0.0,0.7660071097819021
0.875,0.0,19.115341981072145,54.350338020809104,0.0,0.0,0.0,0.0,7.560545708931729,51.49730190423119,0.0,0.7041330582807395
0.875,47.26582238926457,67.09209016999624,0.0,0.0,0.0,0.0,0.0,49.32775423846096,51.07246580316448,44.41083982883893,0.8168146734416963
0.875,58.91706007177279,5.916357496747261,0.0,0.0,0.0,31.307391753620408,0.0,37.7167790417628,0.0,0.0,0.6792198263610595
0.875,83.03058754129243,43.46742357177318,169.4448667378719,0.0,73.13979654891232,13.27448264766835,0.0,188.44559680218063,118.68949190855535,36.43975628771444,0.814675796299871
0.875,60.63699848028637,165.1740863580619,71.61202082965804,12.89565126051268,14.267529054184296,0.0,0.0,79.84328759168898,48.838849454708736,0.0,0.7619973069064581
0.875,0.0,126.88376456021663,106.39147515115576,0.0,22.457303461985333,46.31818839034476,0.0,196.5014052923717,0.0,5.333609572221773,0.769470459507851
0.875,34.32299816794741,183.76472470449423,170.70376079987673,0.0,30.07059131528115,11.23850382490378,40.397865100326,117.54867514155332,157.0353102020218,0.0,0.7815970529331728
0.875,0.0,165.5428407655308,192.0986714716674,165.887721683792,43.799876619212725,0.0,0.0,9.656665711323257,160.71450790986916,0.0,0.7742302828570464
0.875,172.1801637085012,51.54200128367309,341.3723853135987,118.77069861020232,113.91529269217452,0.0,0.0,152.3850472734669,163.9633229241449,46.686595365645296,0.806100404412528
0.9,0.5152015723537721,4.9802818660863615,0.5629054216457872,0.0,2.118050908565454,0.0,0.0,0.0,0.0,0.0,0.9328934958558044
0.9,0.0,5.589468225637473,3.1657165171752077,0.0,0.0,0.0,3.264645158336956,0.0,0.0,0.7419648087129419,0.8541271437405197
0.9,0.0,7.644003907877157,0.0,0.0,1.911000976969478,9.638091883845602,0.0,39.96484651835883,2.9080449649533238,0.0,0.7746506730522527
0.9,11.799306836237266,41.783427737734186,40.95053549047051,0.0,7.63484559991823,0.0,0.0,63.8550722902252,0.0,88.8418397081394,0.8533005657215675
0.9,0.0,94.29163251945144,4.754199958964128,0.0,0.0,0.0,0.0,6.537024943575788,142.42790710396088,0.0,0.8166769104385385
0.9,0.0,78.95437870299347,61.54518339891739,0.0,0.0,0.0,0.0,82.63237771089803,0.0,5.394398544924603,0.8756096508104042
0.9,0.0,114.66197172350148,117.10736922471386,0.0,19.563180009696524,0.0,20.65002334356883,130.4212000646468,119.55276672592623,81.24153920693648,0.7901426198404511
0.9,0.0,155.81127608165085,84.29580381380734,0.0,39.15676048125269,18.49069244948081,0.0,48.4021067059931,108.76877911459012,8.157658433594259,0.2
0.9,0.0,27.135389488689064,44.74452522071026,0.0,19.62985622586051,60.910289171419535,0.0,83.4268889599052,79.67412232849026,0.0,0.7462075837299877
0.9,64.83009247030827,140.26323744744263,281.7382523242357,0.0,0.0,53.01526253413037,0.0,121.17774293515514,49.68287460341251,115.11885578839738,0.9216214609656732
0.9,0.0,251.42415376628043,30.13201842817599,0.0,9.07200554826845,49.5720303173214,0.0,61.884037847114094,79.70404874549592,0.0,0.8029645207942347
0.9,0.0,201.07875793795657,18.045529558534927,0.0,107.16834901088878,138.84009476668552,124.47732634254372,83.5986777507633,85.44005831795903,67.76280487286492,0.7992385286417918
0.925,1.5728911086610815,0.0,2.644787271600464,0.0,1.4330785656690066,0.0,1.8059120136479083,3.635126117794532,0.0,0.0,0.9222610324862429
0.925,0.0,4.1201364862291205,4.882242657092324,0.6668428995052822,0.0,0.0,0.0,0.0,4.727439841135716,2.4173055107067087,0.8354936323854438
0.925,0.0,41.28185356351713,5.771633555089003,0.0,13.304104465967574,0.0,0.0,20.640926781759013,17.314900665266563,13.499753061055603,0.8937794547373227
0.925,21.94515800653213,17.765127910049625,8.957207349604783,21.198724060731053,2.83644899404165,0.0,0.0,0.0,49.26464042282632,0.0,0.8558961911295351
0.925,0.0,85.13606210907935,33.05716945233256,0.0,0.0,0.0,0.0,8.125784669847235,56.69581576461444,0.0,0.8011022025584686
0.925,0.0,13.243674764373308,144.18113847251155,0.0,0.0,17.99140722707324,46.22792134733921,75.21407743540146,106.1992787709144,0.0,0.8768566190245626
0.925,114.4544391878355,101.9189529910728,0.0,0.0,81.20814970946472,0.0,0.0,78.48304401451627,0.0,21.52833499009312,0.786039425613288
0.925,0.0,79.83222277890889,116.24692088858662,0.0,0.0,0.0,0.0,59.94419534977746,28.57153236297741,33.61356748585637,0.871715360556165
0.925,0.0,4.43303388584731,221.94722988475505,0.0,0.0,0.0,0.0,131.21780302108064,57.33390492362413,0.0,0.7682652868439879
0.925,0.0,115.78125804247134,223.27048964688825,0.0,69.71444449772125,0.0,0.0,194.401953158846,0.0,39.31034755818731,0.6706536051478579
0.925,12.493208393921671,168.4894861774721,174.22960895305667,6.415431337419072,130.33455243387564,6.077777056502602,0.0,318.07033262360494,116.4907269162881,0.0,0.826121487459213
0.925,43.272943569677146,2.2191253112651066,205.63894551059735,52.51929903328149,0.0,141.28431148390086,0.0,228.56990706034128,51.40973637764808,0.0,0.8595226246580455
0.9500000000000001,0.0,5.660893894201661,4.242639963534452,0.0,0.0,0.0,1.3940102737327484,3.054700773744838,0.0,0.0,0.756999965802185
0.9500000000000001,0.0,0.0,4.293254381244204,0.2846356495852633,0.0,0.0,0.0,2.478702115138252,5.645273716774164,0.0,0.5996263281319643
0.9500000000000001,23.147242898487665,0.0,0.0,7.130177499980641,0.0,0.0,0.0,10.023582862291772,0.0,0.0,0.6503134556817807
0.9500000000000001,0.0,69.58656051508689,0.0,0.0,21.36429489498285,0.0,0.0,92.93468279317558,19.07526329909184,0.0,0.6926939002122696
0.9500000000000001,59.00436924475653,80.53299045568122,33.648437596333984,0.0,0.0,0.0,4.465195510413572,44.01407003122437,41.62200100778757,0.0,0.6495813437221375
0.9500000000000001,0.0,87.3174569319458,74.91440907229435,66.97645844211787,0.0,0.0,0.0,104.92978489265178,120.30956423861912,0.0,0.6749216206625076
0.9500000000000001,0.0,153.3144341491132,79.80002633073235,42.90617854083874,0.0,21.043157628310432,53.83768899710351,102.20962276607588,22.13630867393592,0.0,0.7543689764892827
0.9500000000000001,0.0,125.5412180252292,145.8915067918756,37.26109210794459,32.38848775536774,28.66237854457276,0.0,62.19736144172367,25.22289311922325,0.0,0.728255502157546
0.9500000000000001,0.0,57.83365950836224,177.87757978517928,0.0,0.0,60.02196013840923,0.0,75.02745017301046,51.268757618222686,0.0,0.7667007536039919
0.9500000000000001,0.0,59.87524953019959,167.83683935667162,169.38801162429334,0.0,0.0,0.0,170.00848053134288,0.0,84.07353690509784,0.7121218922267993
0.9500000000000001,0.0,133.34129547821897,61.62247858914988,0.0,0.0,0.0,0.0,113.1486188783837,90.51889510270696,61.97062818570002,0.6833471775309519
0.9500000000000001,0.0,342.19655676367216,164.9747610502763,0.0,0.0,7.20413803712994,0.0,228.0109688751633,45.02586273206212,47.90751794691475,0.6767435008733523
0.9750000000000001,0.0,0.0,2.9668630086194385,1.3362207443400824,0.0,3.374523574689329,0.0,4.597505272898898,0.0,0.0,0.6639971565357352
0.9750000000000001,0.0,5.806150389523022,0.0,0.0,0.0,0.0,0.0,3.832743675598729,2.589383376074093,0.0,0.6578361677965343
0.9750000000000001,0.0,20.351965689514603,42.22686758708865,25.33612055225344,32.397006607799284,0.0,0.0,79.88492655000087,0.0,0.0,0.7410251383843576
0.9750000000000001,0.0,56.174966873624506,53.56574710080615,0.0,0.0,0.0,0.0,0.0,33.15243946640129,0.0,0.6801452528853709
0.9750000000000001,11.634794253421278,30.824649710361918,41.401735395289975,1.3599110166337451,0.0,0.0,0.0,16.470033423673833,0.0,0.0,0.7677923478743813
0.9750000000000001,0.0,75.05002798908497,33.355567995148746,0.0,0.0,0.0,0.0,125.08337998180863,0.0,0.0,0.7568352182932528
0.9750000000000001,62.04925067059675,82.01292262548465,131.92210251270376,0.0,89.83652379699491,0.0,9.442277275960372,85.78983353586904,44.24381352164192,16.72631974598646,0.6923734947121396
0.9750000000000001,0.0,201.00965926251607,101.06946350559171,0.0,0.0,0.0,0.0,137.20603146289858,41.5005897634685,0.0,0.7326911868118273
0.9750000000000001,99.91163618923586,173.376074563674,84.04331750035698,163.67876869824764,0.0,42.60937425717412,0.5877155069949705,106.08264901268971,0.0,61.12241272753306,0.7103463929033211
0.9750000000000001,0.0,97.98633397616366,7.83890671809282,15.376317023951565,0.0,0.0,21.70774168087263,116.37761512246009,44.01847618621479,0.0,0.7206441672448837
0.9750000000000001,102.5437021515283,87.29194898342053,159.33214479873328,179.12697337861638,0.0,0.0,0.0,226.50475981571552,87.6164543699757,6.490107731109311,0.7774581978423989
0.9750000000000001,0.0,33.14035380305788,79.46557954926689,0.0,0.0,0.0,72.69496963251294,160.3565506599543,0.0,0.0,0.7092561377136692
1.0,0.0,3.184810605343676,0.0,0.0,0.0,2.50047113642684,0.0,1.517829847725782,0.0,0.1930188245662664,0.6593657632027403
1.0,0.0,2.5074131678542075,4.449518639683119,0.0,2.6077096945683675,0.0,0.0,3.43743550647652,1.4497407043229449,0.0455893303246219,0.7513962781190606
1.0,0.0,2.546519265717209,1.4703117188962564,0.5835773317268481,0.0,0.0833681902467221,0.0,1.023155062118524,0.0,0.0,0.6842951858258842
1.0,0.0,20.269237610806645,2.0173174873313884,0.0,0.0,0.0,0.0,9.606273749197504,0.0,0.0,0.7677838264515061
1.0,6.986024047957397,41.62505995241112,0.0,0.0,3.784096359309981,0.0,32.746987724799055,51.95855385668156,2.9108433533154714,6.40385537729417,0.7193182338454096
1.0,51.136678289541216,82.23330697912566,0.0,12.899342271235254,0.0,0.0,6.910361931018997,60.81118499296739,19.11866800915193,0.0,0.7245823428269337
1.0,0.0,34.66364698695093,0.0,0.5292159845331244,0.0,0.0,0.0,85.99759748671092,57.68454231416229,0.0,0.680413349958925
1.0,53.750238666660415,12.797675873014324,114.04151166841628,0.0,79.91437600704475,54.88780985537306,0.0,29.576850906522253,64.27277216224945,50.33752510052249,0.7223461794406095
1.0,0.0,0.0,37.22889052114225,82.7970525190209,0.0,0.0,0.0,109.0061914459056,135.81099262112664,0.0,0.7588320717204813
1.0,128.85419719701173,173.7815686167917,141.95801386111398,42.74340197576343,0.0,0.0,0.0,157.24579996923424,95.1586686321753,0.0,0.7386448209277179
1.0,78.97049125910677,50.58027332711327,127.2664941778979,0.0,8.158108601147301,36.2220021890952,0.0,59.39103061635324,58.738381928260566,81.9074103555186,0.6836524270718239
1.0,62.71294977524753,100.54521838966268,153.7148931991111,0.0,37.832268614415135,23.17652491693981,0.0,0.0,25.90317490716702,0.0,0.6528426139913172
1.0,14.443392884121096,144.8140181276279,61.57446440072313,107.56526805805528,0.0,87.42053587757086,39.14919650169374,209.42919681974723,79.81875014908644,0.0,0.6228825085061392
1.0,175.83589913789987,250.61668382873088,124.09568054099988,11.72239327586036,0.0,0.0,0.0,0.0,53.35710042805164,0.0,0.6944129552537467
