frequency,405.43294633192045,405.5611433947292,405.689325433168,405.8174924432697,405.9456444210674,406.0737813625939,406.2019032638821,406.330010120965,406.4581019298756,406.5861786866467,Max_Oxygen_LifeTime
0.2,6.94411125804273,0.0,12.08275358899435,0.0,6.527464582560167,7.082993483203584,0.0,0.0,0.0,19.16574707219793,0.45973694591830416
0.2,11.354484779978709,5.873009368954505,41.11106558268153,0.0,0.0,23.10050351788772,20.947066749271062,0.0,0.0,18.206329043758963,0.971616363897645
0.2,12.089463942094213,0.0,25.60121775972892,0.0,6.874401065112394,20.860251507927263,23.941879571598346,0.4740966251801652,7.34849769029256,15.882236943535537,0.9117780783164717
0.2,25.26802406591373,25.86964368653073,26.772073117456216,0.0,11.129962981414382,68.28382694002877,61.06439149262485,49.031999080284976,28.2761221689987,14.13806108449935,0.9391676774955388
0.2,23.7226740409864,4.393087785367851,42.759387777580415,0.0,26.65139923123163,90.49760837857774,32.5088496117221,4.393087785367851,1.4643625951226171,4.685960304392375,0.8415457954533347
0.2,62.42669701829512,21.65824182267382,27.709809390773856,0.0,0.0,69.75227881125832,66.24873969288461,14.014156473494822,12.421638692415865,17.83619914808432,0.8653322467273351
0.2,111.46992058055716,16.17544588866129,39.03205420959573,39.73533446562448,0.0,44.65829625782574,86.15183136352209,0.0,3.516401280143759,3.516401280143759,0.7316352996703497
0.2,45.318131891353296,38.73344606098573,57.32550017025887,25.95140886086044,11.62003381829572,83.27690903111932,70.88220629160388,0.0,0.0,43.76879404891388,0.6677301296999959
0.2,98.58209369456668,50.1482824446274,35.57527728977841,22.71674332961754,8.14373817476855,129.01395740028076,74.57949696893306,24.002596725633627,25.288450121649717,0.0,0.7000370427067865
0.2,63.08212047007584,106.8629951246807,119.57357163730792,16.005911164049092,47.546971399087006,108.2752814038615,78.61726954106464,28.71648767667632,20.2427700015915,45.663923026845936,0.6751327152436368
0.2,70.89056530535423,119.85095573207371,217.26173251856767,136.6810899412585,48.45038635977448,48.96039042671947,117.81093946429374,11.730093539734874,60.18047989950935,26.520211481139714,0.5234310677705861
0.2,176.12796201296112,256.44690234460467,283.41111802737066,90.07195451477166,74.58187316509753,90.64566123142626,144.00038588030372,0.5737067166545965,63.107738832005616,52.78101793222288,0.6944522570889506
0.2,235.93022281598311,450.86142056457504,573.7674790472469,56.82089135882316,64.84993035517861,263.72305011105965,98.20132310927046,0.0,66.70278550818371,66.08516712384868,0.6630253734709786
0.2,376.7356186604654,778.3183280347225,576.8554303553293,135.65168443745813,4.029257953587865,113.49076569272486,195.41901074901145,0.0,112.14767970819555,100.73144883969664,0.79822163316433
0.2,660.5870638010464,1417.5249479576044,1430.6636961879017,267.15454734937344,113.86915132924116,205.1104584840818,134.30720413192546,0.0,97.08075081275048,78.1025589245436,0.7036243975064377
0.2,1662.6190006670256,3212.379456281395,3193.5696987726187,553.661123193102,250.25155642110664,275.60383828076124,291.96014915795774,79.32810775440309,152.11369115792758,139.02864245617036,0.7339582087744879
0.2,2635.027970685663,5411.558303996787,5528.569873090918,1024.0779961804178,224.95247391739912,296.6107216572158,303.86725307390606,161.45782402135904,212.25354393819111,87.07837700028354,0.7500676178642665
0.2,4843.409266805581,10399.921156366514,10511.660883578888,1754.31371723432,399.2155708587653,437.816567532132,466.2594071861916,44.69589088495083,274.2702395212892,179.79937924173402,0.6612667032813783
0.2,8479.632081303564,17339.037747773975,17445.84906860215,3048.869813417614,601.7037739987272,504.386792799722,272.9622643386731,345.3566040111038,417.7509436835345,280.0830190605515,0.5525249130712094
0.2,9962.991573163124,21465.74115484652,20962.16456025669,3796.386958712272,787.5483584562692,779.9757780864973,465.7136927409669,172.90725177645655,242.3225718326982,357.1733741075708,0.5601010204217014
0.225,0.0,0.0,38.90710478213278,0.0,46.23079509406365,28.608165280979986,53.325620083746685,27.0061080252451,5.0350370894524765,35.702990270663015,0.8247662403650454
0.225,29.347341127187956,14.673670563593976,71.4303208567405,23.53324524349977,26.85558574846445,88.59574679905796,58.69468225437591,6.644681009929347,40.4218094770702,28.516756000946785,0.7810588398643363
0.225,27.820259732321546,0.9071823825757024,71.36501409595526,0.0,13.00294748358507,68.03867869317769,61.38600788762254,7.25745906060562,54.43094295454216,55.64051946464309,0.8336496532846075
0.225,25.26802406591373,25.86964368653073,26.772073117456216,0.0,11.129962981414382,68.28382694002877,61.06439149262485,49.031999080284976,28.2761221689987,14.13806108449935,0.8326921862102807
0.225,34.95984198061181,26.733996808703157,66.14950492409884,8.568588720738191,35.9880726271004,62.37932588697402,93.56898883046104,20.907356478601187,46.27037909198623,34.61709843178229,0.6972630871582721
0.225,34.10998491317167,52.81546051071743,126.17026677560274,19.072249628870185,10.269672877083943,105.99769505275928,93.16060395640434,0.0,37.41095119509151,42.179013602309055,0.8245197440059927
0.225,37.84072010954201,47.88009483248173,82.63177656573458,45.94944584730101,22.00939843106015,86.10694473905987,72.59240184279487,12.742283302192716,33.59329234214444,28.95973477771072,0.8684417707442
0.225,72.9723247357428,68.82616992121197,126.45772184319064,65.09463058813421,50.58308873727627,64.68001510668113,128.116183769003,0.0,36.90077784932449,38.97385525658992,0.7852449718092277
0.225,24.84836043385327,133.27756959975844,134.18114634280766,63.70216038496929,41.56453018026365,124.69359054079094,32.98055112129615,0.4517883715246049,41.56453018026365,59.18427666972324,0.7001181046785798
0.225,44.16848610048333,148.38626229263502,188.5845473953221,50.12378759717772,83.37422095372133,129.5278075531028,121.58740555751028,50.62006272190224,94.78854882238558,52.60516322080037,0.8729390368811302
0.225,108.15708263442328,195.1068941640577,250.2457990365088,52.48799598435248,0.0,26.509088880986106,116.63999107633884,0.0,61.50108620388775,66.80290398008498,0.9409197834843136
0.225,247.93929175967264,211.8542305176545,359.6865781865674,40.159181059665286,145.50427920168582,160.0547071218544,115.23938912773518,111.74728642689472,80.90037923613731,57.61969456386759,0.8786739544765398
0.225,246.9661302690301,503.9359518907298,580.8393291643772,56.27076385876636,63.77353237326854,100.03691352669574,136.30029468012296,30.636304767550573,53.14461031105712,63.14830166372669,0.7488796733202973
0.25,22.258272484437946,16.204022368670824,57.51537609978765,4.273588317012086,6.232316295642625,29.38091967945809,31.51771383796413,0.0,25.28539754232151,21.01180922530942,0.8907084191471129
0.25,40.826464883359634,9.288560793568594,38.66633446625065,11.448691210677568,3.888234750796156,9.288560793568594,19.657186795691672,6.4803912513269255,22.897382421355136,8.856534710146798,0.9102083319707164
0.25,24.97315445552001,27.07615693598486,12.61801488278906,27.86478286615917,10.252137092266112,81.49134611801269,67.5589546849331,2.89162841063916,23.921653215287595,27.86478286615917,0.9443221441693939
0.25,6.434253728515032,27.491811385473323,68.7295284636833,10.528778828479146,64.05007120658146,94.7590094563123,34.51099727112609,5.849321571377302,57.90828355663529,54.983622770946646,0.843301338754155
0.25,39.30259616767291,20.96138462275889,67.46945675450516,51.4208966527054,35.69985818563623,58.62637261677876,112.3399207125984,21.94394952695071,23.909079335334354,28.494382221562866,0.8709211639441403
0.25,92.37174876094087,60.66204396240893,42.39449663281988,0.0,20.680242259912134,67.21078734471445,65.4874338230551,0.0,47.56455719779791,57.21533691909025,0.8162583665516217
0.25,42.6416841958328,63.962526293749214,113.2210235544526,46.31769145409425,76.46095097183813,77.56375314931657,105.86900903792971,5.1464101615660285,63.59492556792306,59.18371685800932,0.8839646218926953
0.25,58.01339924109317,78.29780457014672,82.76037374253849,0.0,92.90257640706528,94.93101693997065,69.77835433194423,12.982019410594276,100.20496232552456,53.14514196212031,0.8620823431292292
0.25,7.390686468544728,46.51785012554623,138.68405785092753,53.039044068379816,104.33910308533734,144.77050553090555,99.55689419392604,29.562745874178912,49.995820228390805,55.64752164551325,0.920458161603352
0.25,48.47318542870595,38.59030296265911,135.53667382007103,0.0,2.8236807045848127,144.94894283535373,122.3594971986752,13.177176621395796,58.82668134551693,27.295580144319857,0.8298172285604452
0.25,44.070214740182585,96.5583356666922,176.77602991286724,0.0,34.661966649581814,88.63560043250206,84.674232815407,8.417906186327011,65.85773663420544,19.31166713333844,0.8914172453042928
0.25,76.34088179494533,101.43194084643083,123.31988597645014,26.158763691974272,36.30195777661736,182.57749352357555,159.08799143282312,60.85916450785851,132.39537542060447,93.42415604276523,0.8738477512417712
0.25,79.53232388841903,171.74371390397735,221.30733603733992,107.77206208068375,87.02449932718315,116.41687989464236,115.84055870704512,57.63211875972394,71.46382726205768,0.0,0.9391192474088602
0.25,198.60075375647736,180.32461077275244,311.91284025557184,24.368190644966543,66.40331950753385,96.86355781374203,81.63343866063794,0.0,57.26524801567139,55.437633717298894,0.9311141893419929
0.25,206.96037598865723,403.134543456733,455.04317196203135,113.2551894661056,88.98622029479725,114.60346553117829,128.08622618190512,57.97587079812549,114.60346553117829,129.4345022469778,0.8825515117549522
0.25,230.1234817675032,490.1701407307809,498.7196199295735,71.24565998993907,61.27126759134761,192.36328197283552,241.52278736589344,75.52039958933541,135.36675398088423,44.172309193762224,0.9153880401320287
0.25,379.99543963987816,639.5592537245981,617.8666006742901,167.55704425065494,31.4169457969978,157.83275150396514,231.13895836362667,87.51863472020815,175.0372694404163,156.33670646601286,0.8366406301068983
0.25,474.7350463854759,653.4495663349004,754.2225115046201,225.95183799773065,122.81702692559575,214.14250848565413,288.93492872880535,11.809329512076514,115.73142921834985,151.9467063887178,0.7023520808996986
0.25,678.7049337457435,1078.1904895440434,1239.66675630883,274.17324461104386,153.90706676018718,257.3528001563786,299.40391129304174,0.0,163.99933343298636,45.41520002759622,0.755610973873429
0.275,14.710484851263464,6.2236666678422345,44.50864647305355,11.315757577894972,26.214838388790017,59.59632324358019,50.16652526200104,12.447333335684467,46.01741415010622,23.00870707505311,0.7349682530279553
0.275,16.714732296066696,20.60720420063017,87.2371644493344,34.34534033438363,16.943701231629255,65.25614663532889,71.89624576664306,0.2289689355625575,27.24730333194434,47.396569661449405,0.7725901930008846
0.275,39.49262312069133,50.55055759448489,78.19539377896882,11.321218627931511,55.02638821482992,45.811442820001936,34.49022419207042,24.48542633482862,15.533765094138587,27.64483618448393,0.7802447031227839
0.275,43.34670693285037,27.90815377868449,57.30078382219261,26.720572766825573,8.906857588941858,94.11579518981895,90.84994740720693,12.766495877483328,22.26714397235464,63.53558413445191,0.7744336608163489
0.275,0.0,52.777277829165584,99.87598779063612,27.39073912652897,33.737373802188124,81.17011716764074,33.069306994224,0.0,16.367636795120973,40.41804188182934,0.8173128926325012
0.275,32.56910060192226,7.51594629275129,73.36995190542926,31.13749178425535,37.57973146375646,112.38129218685263,98.78100841901696,60.485472546427054,70.50673427009544,40.442949099090285,0.7840962965634557
0.275,49.74887831685382,63.63228621923162,103.73990904832309,33.93721931692353,56.69058226804272,97.56950553615516,69.41703951188904,15.040358560909292,55.53363160951124,70.95964038993102,0.80167380927598
0.275,79.57846410254967,37.77967487696803,189.7021972545629,18.88983743848401,73.14788114476788,93.243452887836,92.0377185832519,0.401911434861362,48.631283618224806,87.61669279977693,0.7916037598162216
0.275,31.94783015303849,93.71363511557956,157.18332435294937,31.521859084331307,101.3811143523088,145.6821054978555,140.99642374207653,5.537623893193338,66.02551564961287,45.57890435166824,0.766825166377979
0.275,26.721508192761597,76.88293585285791,179.54978311978402,25.31511302472151,88.60289558652529,76.41413746351122,123.76277478752738,43.12945181989591,122.35637961948729,102.66684726692613,0.8298172285604452
0.275,104.35483524579983,13.166264259984093,163.84684412424647,42.91226869920741,22.4314131836766,160.9210076220278,183.84006022274085,0.0,107.28067174801852,64.85604246584757,0.8419934897076728
0.275,114.1431864951576,106.39591139367631,143.58283188078647,10.32970013530838,142.03337686049022,142.03337686049022,130.15422170488557,12.912125169135477,84.70354110952871,41.31880054123352,0.7573560230931569
0.275,142.76219725444514,133.42774589550066,161.98018534638967,41.18140305416687,30.74878094711126,169.11829520911192,170.7655513312786,42.828659176333545,135.07500201766732,161.98018534638967,0.8159663184531726
0.275,138.1402375865693,150.3290820795019,138.72065875289942,104.47580993942216,68.48969762695452,182.8326673939888,150.3290820795019,0.0,130.01434125794756,118.98633909767524,0.8465959102028908
0.275,105.11394370365228,154.20907908619645,232.88718066078647,101.33739482807196,100.07854520287852,171.2035490263079,177.4977971522751,75.53097751160642,146.6559813350358,96.93142113989492,0.8661823154686811
0.275,129.23372110207976,223.82747572318965,232.4874673434321,78.60607778373922,164.53984078460667,143.22293833477912,177.1967516141918,36.63842608564117,104.5860526444666,105.25220584602371,0.8753687785904483
0.275,162.81277440971706,288.74915119672045,397.2910008031985,80.01482503041652,66.79498437321726,237.9571318295865,231.6951020445974,73.7527952454274,186.46933137523152,145.41824722919176,0.8164756490907241
0.275,177.88616964649228,254.75056393818647,387.9821807104564,139.8199934258437,106.14606830757768,311.8498282691593,165.44145818974178,16.836962559133013,63.68764098454662,87.11298019725342,0.8361569321063043
0.275,267.00492562841646,391.02792362741457,545.8591822758455,134.29241821547572,126.39286420280068,197.48885031687607,135.08237361674324,44.23750247098024,95.58460355336804,181.689742291526,0.7819711433974208
0.275,316.75323617652225,620.3427014989553,625.2791155692388,176.06543517344355,179.35637788696587,134.1059155760341,175.24269949506296,85.56451055158004,143.97874371660103,111.89205225975851,0.8320106428086772
0.275,530.1244848410425,805.16452034777,1060.248969682085,215.17327698949023,163.9828602863454,296.7308900419584,124.93932212292984,76.35180796401268,232.525960617675,143.1596399325238,0.8289673586522995
0.275,494.5056100059982,977.2372769166154,1126.6757854349116,177.51483436112755,161.21245161367708,271.7063791241748,165.74089126574663,43.47302065986797,248.15849293341304,144.00438093581266,0.8365105221819555
0.275,765.7922889090863,1328.7067699355414,1519.2023641915332,381.9436664832632,337.1772018331052,386.706056339663,170.4935568591125,91.43788524287598,183.82824845703192,202.87780788263103,0.773445122916722
0.30000000000000004,11.559905728125154,31.78974075234417,24.08313693359407,25.20701665716179,6.743278341406338,33.39528321458377,58.923408364193484,18.46373831575545,42.70742949557348,14.12877366770852,0.7407217240849905
0.30000000000000004,20.85587096518073,26.60187623109787,91.72326924482545,8.938230413648883,28.091581300039348,58.94975772811287,74.9108834667716,31.49662145761988,47.4577471962786,46.60648715688346,0.867026873689901
0.30000000000000004,34.79311035921444,37.79683211684447,93.3656846329999,26.532875525731875,0.0,100.6246788806058,46.3073770967962,15.769539227557624,60.32474529906965,26.28256537926271,0.8479892845776956
0.30000000000000004,54.41131510060726,60.07916042358718,58.66219909284221,0.0,0.0,83.31732624780487,113.64029872574748,10.202121581363864,43.07562445464742,39.674917260859466,0.8758760872989872
0.30000000000000004,37.17997402365435,51.65713205056401,69.09552694661427,58.23765842643203,35.20581611089394,58.89571106401883,101.9981588259544,15.464236983289862,61.19889529557265,65.14721112109346,0.797632544766235
0.30000000000000004,47.67879719264613,59.95969949984286,35.3978948854494,18.421353460795093,6.140451153598366,106.5548876653834,100.05323350274982,14.448120361407916,61.76571454501885,48.04000020168132,0.7840962965634557
0.30000000000000004,41.34824326666052,28.943770286662364,125.92419540301157,15.035724824240187,93.97328015150116,143.21527895088778,82.69648653332104,32.3268083721164,78.18576908604898,82.32059341271503,0.8105519957228438
0.30000000000000004,68.77546569300955,27.018932950825175,166.2073754247731,51.58159926975716,49.53471040984617,77.37239890463574,124.4508426825887,27.42831072280738,93.74750978392372,68.36608792102734,0.77806321886658
0.30000000000000004,25.550650248577337,53.6996717088744,87.47849746123089,48.069867416814986,116.06058079014792,140.31204543286538,138.1467360897656,45.904558073715215,103.5017866001692,72.75439392815241,0.6703456165782044
0.30000000000000004,85.10779811194341,97.06889406281114,189.99740875801425,50.14459456325315,47.38434165151444,127.4316760919369,132.95218191541431,48.30442595542735,75.9069550728144,78.20716583259666,0.7814791732500574
0.30000000000000004,88.4418936699984,126.6217275493966,145.4699999708717,75.87637872234835,106.80687705502538,101.49069765409652,90.37504981579072,0.0,67.17717606628294,57.51139533732136,0.804430205528871
0.30000000000000004,92.76100998853651,105.198240378061,198.9956862323912,55.449318819963175,97.94318931750506,105.71645831095783,144.58280327822175,25.910896644842605,71.51407473976559,70.99585680686874,0.8523502692667881
0.30000000000000004,165.8182259753181,163.5849838746404,224.99914164327672,121.1533839617644,98.26265242981812,178.1010575290453,115.01196818490077,49.13132621490906,63.64739986931401,76.4885419482107,0.8192687141174579
0.30000000000000004,95.41783927293604,102.89032066178044,232.2217293148564,13.795350256328105,71.8507825850422,210.3790914090036,199.4577724560772,30.46473181605789,110.36280205062482,100.59109561905908,0.7077329333746215
0.30000000000000004,159.20511057741126,124.03188847309949,207.95396226584336,38.87566653634461,130.20262919315417,178.95148088158626,164.141703153455,0.0,95.02940708884238,46.89762947241572,0.7396000724320938
0.30000000000000004,164.72078879400695,148.50811273160468,214.65583106620596,81.06338031201129,106.35515496935882,212.71030993871764,195.8491268338193,33.7223662097967,68.09323946208949,70.68726763207385,0.8241658209092182
0.30000000000000004,145.03029722778115,249.88788301688112,226.73750693357331,121.87992114447336,98.04865164695065,120.51813431604349,237.63180156101228,59.23772703669934,162.73352599736944,90.55882409058634,0.8088869096929134
0.30000000000000004,141.6342159255807,228.6278206311404,323.5299348553874,120.0655536018882,79.80405059766223,197.7127379671812,139.4773496932115,39.54254759343623,50.32687875528248,115.03286572635996,0.7500953902929088
0.30000000000000004,119.01288456845148,292.1918896776726,422.6483208392444,102.229016231875,137.32255911744403,163.26126472851678,153.3435243478125,119.77578767465953,202.16932314512596,78.5790199394263,0.8399572348441947
0.30000000000000004,210.8518666398724,249.1885696653037,555.0835125557246,72.67999948571358,53.51164797299791,240.4030752219757,162.9309878580832,83.06285655510123,124.59428483265184,150.1520868496061,0.7962337857581046
0.30000000000000004,425.5101212579631,472.88136522613473,558.4820341510765,144.6069552712609,148.7623275491707,201.1200182508341,191.1471247838506,87.26281783610571,130.4786895263676,99.7289346698351,0.8213576247342389
0.30000000000000004,351.61593971294144,593.0238983218266,788.9491980623711,232.66129344189656,105.83464852056196,272.89595321004407,173.18397030637414,106.70931503726084,146.0693082887095,161.81330558928897,0.7957711616736298
0.30000000000000004,508.4859970814783,705.5243209505512,1124.1172578336966,235.1747736501837,148.91375628814723,284.2073519401834,332.331919521109,19.068224890555435,150.72977770629535,162.53391692425825,0.8035843122847343
0.30000000000000004,629.9034392994267,1366.553873655703,1364.6305043753994,360.6317400569237,263.50159140159224,269.271699242503,203.87714371218084,100.01520257578684,202.91545907202908,206.76219763263623,0.7433503506397324
0.30000000000000004,989.1267293602934,1693.752059244791,2142.4281014288417,536.3718140654787,195.78590931667665,316.1126660842175,240.6535135350817,37.72957627456789,292.65914569732394,250.85069631199192,0.7786844305942255
0.30000000000000004,1327.8069120789778,2473.345038142326,2885.5692111660464,563.7615939553202,306.2539485960292,297.77633064181384,405.8659595580594,245.85092067224488,241.61211169513723,164.25384786292224,0.8174794864497246
0.30000000000000004,1605.1185868813648,3271.7612263741985,3678.259431128549,686.652372895861,382.3280412284155,449.3453128230515,384.5253288216822,191.16402061420771,78.00370956096982,212.0382527502419,0.8171196267616777
0.325,32.03361568916546,25.345278347471574,39.07397078568534,0.0,12.320621418909791,61.25108933972297,39.60199741792433,19.712994270255667,17.7768966187127,41.01006843722831,0.6904838691894314
0.325,21.505100013562625,19.294295339271137,58.88779723340045,16.48054393562743,31.755194412550413,47.0298448894734,66.12315798562713,32.76010562813745,33.9659990868419,7.235360752226676,0.7902560967884147
0.325,24.70529284246355,16.84451784713424,60.86485782097839,4.716464997197587,25.379073556348924,81.97665352271997,93.20633208747611,0.0,52.3303021117637,12.801833563822022,0.7698843571903901
0.325,58.35860632298114,26.234602842441063,67.46040730913415,12.58190136321153,73.34980794723317,81.1131087883637,74.15290803424666,14.991201624252035,51.66610559786862,41.2258044666931,0.8540364758011214
0.325,24.97054419015493,10.185353551247406,107.76761176803709,28.58470190188789,79.51146965812492,94.62522008900818,110.7246498958186,0.0,64.72627901921739,48.29828942043125,0.911080856110562
0.325,68.36468618245924,27.852279555816725,75.23732659233609,0.0,79.9396595043571,81.38653116959433,133.1121932018254,15.915588317609558,24.596818309032955,63.30063535412892,0.8393893428768292
0.325,0.0,96.78062473211202,170.76581306037943,31.19375507894519,120.37590100977567,99.58006429047887,107.57846302866996,63.9871899055286,53.98919148278976,22.79543640384456,0.853862127489083
0.325,37.13969801647592,15.193512824921967,116.48359832440173,98.33579133907828,22.790269237382947,101.29008549947976,86.5186146974723,8.018798435375482,42.2042022914499,32.91927778733093,0.7881536447098433
0.325,116.85043666315768,60.23685300852701,134.0609660941654,88.31719050122382,128.62606206332083,131.79642274798016,185.6925543871885,39.85596289285998,89.67591650893495,59.33103567005292,0.8422857745123126
0.325,137.93896412396612,82.85753476388408,177.95538716334195,55.081429360082026,121.9323949082158,95.56863384697994,140.29287136157646,56.49377370264824,85.68222344901649,86.62378634406063,0.8507270960130764
0.325,122.64631669153842,156.46237931842347,200.8775063507501,87.82081935937319,105.48592670177584,170.5944651923456,153.43407520258302,39.36795350592591,92.36327553313386,118.6085778704178,0.7855066817485893
0.325,40.56988956130086,113.5956907716424,263.9747480788643,65.45275515889873,80.05791540096703,126.57805543125868,121.16873682308524,47.061071891109,106.02264472019958,100.61332611202612,0.7770964449164884
0.325,79.01008121193755,147.8617234109117,208.8123574886921,101.584390129634,130.93099172263936,129.80227627675455,258.4758371076243,51.92091051070182,112.87154458848222,54.17834140247147,0.7981384129485255
0.325,144.23162364296488,146.07287841287507,212.35805012964192,84.69771941586873,85.92522259580886,229.5430946488037,235.68061054850432,46.03136924775475,64.44391694685666,123.36406958398274,0.786338007417429
0.325,126.36320035405154,158.78098473807526,268.6044991819106,82.69842955108085,107.83875213460944,251.40322583528575,150.18034806476282,64.17398133163874,80.71366724185492,166.720033974979,0.8731201779845464
0.325,222.14944862146692,172.46746330676189,308.73805159852435,19.872794125882027,117.10753681323338,263.31452216793684,270.4119486414661,112.13933828176287,49.68198531470507,151.17518388617398,0.8598952948851466
0.325,215.14581991630183,365.9696936720598,311.25907279987314,113.8572380313075,100.54924917050532,242.5011303523952,150.084541041269,61.364615302587815,176.70051876287334,82.8052640227691,0.7899872613901785
0.325,256.43617008497654,470.91005779241146,676.0589938603927,108.01402315700524,114.23065758330772,205.1489360679812,292.1818180362157,0.0,175.61992254304454,175.61992254304454,0.9136288311130605
0.325,326.09873013232755,614.1250196908301,816.0744870824237,261.54111350714595,206.08777614961812,323.6157448775129,195.32817337875457,14.89791152888806,183.74090885628607,164.70468856937356,0.8563762312848724
0.325,586.1496207457441,1053.8499867791238,1330.812214709505,276.9622279303813,72.28888339063411,293.51028557402043,288.28458316023966,92.32074264346042,220.35045178108956,111.48165149398996,1.0
0.325,733.7868111749627,1321.5602771604842,1789.3609945508597,357.1281818646206,234.3653693486573,307.8370525968475,310.62711651766483,23.250532673477903,81.84187501064223,79.05181108982488,0.8517081958335102
0.325,1026.5960332900754,2112.9462250063866,2397.023371622915,574.0317514389162,295.832063028247,363.4228323956279,387.9122415867079,27.428138294009653,143.99772604355067,144.97730241119388,0.8584751997628941
0.35000000000000003,33.67899561755691,36.01781475766502,60.10765190077865,13.565151012627087,43.73591792002182,67.35799123511381,60.80929764281108,35.78393284365421,28.299711595308235,37.88887006975152,0.8523549816245227
0.35000000000000003,45.95775493060857,39.39236136909307,62.50254670562767,7.090625046436752,80.62303293541048,77.20902828342241,78.2594912532649,0.0,49.10914384013603,58.82592631117898,0.7463067162827757
0.35000000000000003,17.938449185583103,53.8153475567493,104.39589280134427,14.409573935960196,72.63601555473812,111.45364330059007,115.57066442515011,21.173251497737432,86.1633706782926,8.822188124057263,0.6192042971891081
0.35000000000000003,55.724245306124736,36.31467671635095,108.63097259115328,0.9391726736987316,30.679640674158566,108.00485747535411,95.48255515937105,42.5758278743425,73.88158366430021,60.73316623251797,0.5540864987958815
0.35000000000000003,80.57644456632958,58.25223481635082,64.87973458587577,24.41710441403927,14.65026264842356,74.64657635149148,100.110128097561,46.04368260933119,52.67118237885614,69.76315546868362,0.7302500020489329
0.35000000000000003,58.5280128847753,40.49107809638542,142.08687404731614,51.16599868543249,70.67533631369092,100.85959453099645,98.28288956122644,21.717941888061272,82.08645832267227,74.72444412332948,0.6804298684094228
0.35000000000000003,35.60515898653489,78.95056992666431,138.93752256702203,1.9350629883986352,100.23626279904931,113.39469112016003,135.8414217855842,49.53761250300506,72.75836836378869,74.3064187545076,0.8338688810904584
0.35000000000000003,69.98260177935948,77.80418668411143,73.27590068662346,20.17145580699185,80.6858232279674,102.09226612518324,137.49522937827098,0.0,50.634470699183616,3.704961270671973,0.7947853517880402
0.35000000000000003,66.00126596097788,79.55119473442366,173.96360167198142,0.0,38.9014084140863,73.43187206254493,89.60436769536732,52.01424271096932,120.6380755313238,78.23991130473537,0.872504444314464
0.35000000000000003,74.7963330044232,198.21028246172148,173.4339971540063,62.64192889120444,34.12582693326809,179.5111992106157,174.83642839783926,32.72339568943515,92.09298501169609,79.9385808984773,0.8146116015808736
0.35000000000000003,57.16208556649055,171.98331831309332,187.39222833536468,41.25611393059753,0.0,66.60625622530203,178.94218090379653,20.379526158487938,75.55336527049185,131.22426599611742,0.8459107878036762
0.35000000000000003,105.69647282064842,112.63614022806476,272.24849059863993,69.93049464396437,126.51547504289736,108.89939623945595,116.90670478647478,6.405846837615057,113.169960797866,104.09501111124467,0.8494062754673287
0.35000000000000003,214.191085362899,301.73512570195857,374.104865715581,123.14528341027707,109.13823695602755,158.74652648149464,82.8750248543097,22.76145048815548,103.30196760009024,70.03523227124764,0.794213019500791
0.35000000000000003,200.12331481072053,379.3748728620408,386.1275000489056,154.0826749002787,154.6965500990846,176.1821820572908,140.57742052654908,0.0,55.862643091336096,91.4674046220778,0.9166130334041646
0.35000000000000003,324.40334403355894,491.416082593209,762.8976946551916,49.48525586952595,195.19184259646343,165.6381481188299,215.12340398835585,0.0,129.21150143709554,123.02584445340476,0.8443615931248561
0.35000000000000003,444.03344343464056,838.7298375987655,896.289728414367,251.9179636994509,163.70929985216543,313.21550976281884,314.71057186192536,74.75310495532669,122.59509212673578,192.86301078474287,0.5672028010280062
0.35000000000000003,644.9677581559566,1054.6743241309564,1337.9480045121084,270.47035019443337,191.2497446641112,254.466187461035,198.45161789414047,29.60770105678709,172.04474938403308,164.8428761540038,0.5053471891170971
0.35000000000000003,819.9368410168832,1453.5634260121294,1850.223971090454,272.1675168611016,186.31025602163737,362.3176407425391,321.1061555395962,128.78589125919635,130.50303647598562,148.53306125227311,0.582362436670972
0.35000000000000003,1852.540718131188,3742.407283181244,4553.753324101902,929.2171364539256,134.56950073381375,376.2052465770121,460.6795317091872,41.25488343664363,331.02132662259294,6.875813906107272,0.6153543183338227
0.35000000000000003,2735.6154134255594,5650.857949401271,5984.753071318025,1233.0873648001652,516.6921348648508,436.388244783606,342.3481629779379,140.53180764217822,268.3840536925809,218.722437458127,0.6006659417228113
0.35000000000000003,3548.1585709439864,7033.8534889571765,8072.311718931666,1680.941517262681,490.7858444562572,511.9788695577774,465.1311298596801,126.04272823535696,458.4385956170948,293.3560842999901,0.6004280235961192
0.35000000000000003,5171.9986235752685,10878.863535901904,12368.935224154566,2494.012057116272,612.8422397310625,615.278988199178,472.729202814418,238.80134987532452,421.5574849839913,428.8677303883379,0.5690224900158267
0.375,15.279457881996905,79.76394962127196,80.0229234836787,22.78969989179199,66.55628263852888,76.65626327239124,67.59217808815579,3.884607936100908,22.271752166978537,35.997366874535075,0.45973694591830416
0.375,85.13925712565334,62.903574852286845,113.51900950087116,24.57628040740509,74.31399075572493,72.55854215519598,88.65015432671123,5.266345801586806,63.19614961904167,4.973771034831984,0.5843958185975948
0.375,73.63689749745183,92.28315051182804,145.06152768811327,31.28778048174992,39.82081152222717,85.64634859145686,93.86334144524976,30.97174229506558,30.97174229506558,60.0472554700251,0.5565096326650063
0.375,67.87262739970686,71.38934384528753,84.40119469393599,46.42065708166479,38.68388090138733,122.03006066164912,100.226418699049,42.90394063608414,109.01820981300064,40.79391076873573,0.45284481909635943
0.375,44.47605716989592,72.13343725873877,101.6595592454764,55.68850855726465,22.7986511543164,115.86199766947678,103.90204952295014,0.7474967591579147,46.34479906779071,31.768612264211374,0.5545697635220345
0.375,82.2448178120765,51.7083755551174,140.0604818185857,36.64373070835092,54.151290935674126,98.12376778569524,127.43875235237596,56.18705375280473,100.56668316625196,63.10864733104879,0.47333689335885143
0.375,91.58857505610892,107.20506020392472,130.41875434256983,21.947492640173568,85.67963472990836,165.02826196745897,216.94252340479255,3.798604495414656,77.66035857292185,62.46594059126323,0.6010148331222689
0.375,85.788293720464,102.19589088011558,122.35379596197323,122.35379596197323,67.97433108998513,87.19465919129128,163.13839461596433,0.0,186.10903063947652,59.53613826502146,0.45973694591830416
0.375,64.61851479363969,74.40919885328206,239.38222525825617,46.50574928330129,52.38015971908672,103.7812510322092,133.15330321113635,0.0,121.40448233956548,40.14180464453375,0.5700746016935583
0.375,111.36567130462096,119.28266215566038,308.2348438004675,70.72511826928536,83.3923036309484,123.50505727621471,146.20043104919435,0.0,137.75564080808564,77.05871095011688,0.5375525654655853
0.375,155.6050466818003,161.34693032319515,346.80977194024865,29.283606571113708,202.11430417709852,192.9272903508668,199.81755072054065,29.283606571113708,134.36007720863938,114.83767282789692,0.5236081754723285
0.375,126.1238110466684,205.55755742702203,344.41502247359443,98.83740961830264,74.58283057086639,183.72843628432943,177.66479152247035,66.09372790426373,149.7720256179187,76.40192399942411,0.6013944016440795
0.375,242.9227290962012,407.50452387682526,527.9783976562421,219.2229506477913,136.93205325747925,162.6068132432566,83.60755174855704,5.266617432979972,123.10718249590684,109.9406389134569,0.5569846167761031
0.375,335.4517707587776,499.668746402196,762.8369765999818,162.11162980183605,155.79559227708918,188.0775618480176,343.1713721779127,68.77463082502136,134.74213386126632,112.28511155105528,0.6178536516632939
0.375,442.936090911261,868.3978591965204,995.2766365244458,330.4926235787282,192.9773020436712,259.8355799170691,275.79039622776634,0.0,174.74322626001722,227.1661941380224,0.6236118095029126
0.375,837.509969065622,1438.4586485537395,1663.3993835555073,411.6996478261136,171.8181997983982,372.68778603613913,305.4545774193746,97.9446742812125,245.6917253155839,242.3715668653733,0.6901408819186805
0.375,1455.4235108335386,2616.318602600514,3168.219547866782,679.6809670766837,117.81136762662516,408.7148215354458,227.46656364833007,78.84299218089531,174.9045688610666,179.43577530824447,0.7005711035186568
0.4,39.19529602553916,23.36143471720877,98.89674030285045,45.16544045327029,52.17387086843292,61.25887325845855,100.7137407808556,23.101863220350893,64.63330271761093,30.3698651323714,0.9743644205180163
0.4,54.9186837258214,49.27838647830462,127.94569019367042,40.669511732094776,57.59040347464515,75.69872621667275,118.74309994772196,16.030318492942463,77.47987271588858,36.2166454840552,0.7248558477265435
0.4,86.1484422359582,99.83869856027714,120.207128701337,11.352895488459607,41.404677663793855,77.46681627419495,110.52377666706263,73.79382067498744,19.032795377711693,12.354621560970749,0.8291139271257634
0.4,70.9690467576033,70.24487281109712,101.38435251086185,15.207652876629274,19.552696555666213,87.62504752724487,101.38435251086185,18.828522609160053,67.71026399832559,63.003133346035575,0.8373113939085657
0.4,135.8288224277282,60.80708911008762,155.1765325991197,56.46372560222422,76.20628700160331,96.34369962897,89.6312287531811,48.56670104247258,79.36509682550398,41.45937893869611,0.9038360119441948
0.4,40.42856645331018,55.01619352409221,180.05299698793814,63.76876976656142,90.44328783884856,148.79379612197667,165.4653699171561,37.09425169427429,65.01913780119989,60.43445500752553,0.8914680187822625
0.4,101.55060516351362,104.24663892891662,187.82368565641016,75.03960647038396,61.55943764336888,97.0572155545086,153.67392462797193,66.5021662132744,86.27308049289653,60.66075972156787,0.8359040809206278
0.4,74.26209684584808,192.0066056606467,233.04618549651013,90.384788924223,105.53034814936308,173.9296478758021,157.31838937080977,87.45339036451847,152.43272510463555,60.58223690056028,0.8708120897313306
0.4,156.90676504673104,138.0575757391692,227.2091467884482,120.73669907816642,104.43469751486968,146.7180140696706,167.60495357264452,21.39637705182696,129.39713740866782,72.84956948598227,0.8537678237425901
0.4,171.48029521463468,170.38806403492362,235.92193481758653,161.1040990073797,73.7256046304958,114.68427386966012,175.84921993347885,58.98048370439663,87.37849437688389,72.08725786092921,0.8770497712764139
0.4,150.82394086991462,212.4968883511348,374.92267082642746,110.52280687228564,79.9916447528697,136.77960629498332,250.3555293792105,39.07988751285238,132.50524359826508,144.10708520364312,0.8785762174611224
0.4,312.703946451788,384.5148736119063,504.6349699524679,99.88247141361911,107.06356412963096,228.4893136912856,240.24019268112312,9.792399158197954,120.77292295110809,40.47524985388487,0.8372462050235656
0.4,299.6769630639221,487.94460809466847,625.4434499710562,212.94692434189287,208.7161907456963,175.5754442421567,223.52375833238423,19.74342344891722,131.8578637481257,163.5883657195998,0.8939331446856179
0.4,428.8510839684372,465.7820209006928,782.3329088914547,244.1963993071593,116.06865892994608,145.46266995765973,232.8910104503464,121.34450706312543,238.16685858352577,76.12295163587373,0.8182358075795448
0.4,461.7091476958447,927.4471710260336,1196.5760634002256,335.202452777437,180.49362841861992,160.34925024689895,344.0659791729942,41.09453147031078,182.1051786723576,197.4149060828655,0.8137164261077712
0.4,999.017724781034,1618.8588781113808,1815.3727633152755,488.254763237871,214.69358383509217,277.88967907687334,335.0258747749221,37.225097197213564,273.5611794027788,185.2597860512489,0.7949590313398263
0.4,1156.739348340639,2174.8188713371464,2712.7073213298168,491.3583072597404,333.15582196777854,349.90667335163334,275.4584449789453,178.67574809445105,288.4868849441657,273.5972392696282,0.7857342037393725
0.42500000000000004,24.1003299662865,8.879068934947657,63.929296331623135,14.713885663627543,61.64610717692232,85.74643714320881,91.0738785041774,0.0,39.32159099762534,41.09740478461488,0.8050210241815935
0.42500000000000004,29.18944127688521,33.75029147639852,84.83181371094764,16.723117398215486,30.70972467672298,92.73728739010404,92.73728739010404,0.0,60.20322263357574,36.79085827607407,0.7768435192056238
0.42500000000000004,43.972707213909416,28.012243114046,132.89529291314844,17.914806642703834,24.42928178550523,87.29396691353868,93.48271829920002,0.0,85.01390061355819,52.11580114241115,0.7826324058125824
0.42500000000000004,87.42622904835025,33.54312461446908,127.74934693595672,59.94941420458304,74.9367677557288,33.18628286325132,90.28096305809233,7.850518526790635,74.22308425329328,67.08624922893816,0.8461608306977746
0.42500000000000004,64.42983320547377,51.7810315945832,129.6502165116282,56.9196072490075,36.365304631310345,58.500707450368814,109.49118894427136,82.2172104707886,57.71015734968815,64.03455815513344,0.7824619773550663
0.42500000000000004,99.30297007566328,100.9932333961001,191.84488686957928,95.49987760468042,57.891518724961145,89.58395598315154,146.63034304789429,0.0,98.45783841544484,95.0773117745712,0.9110407803032047
0.42500000000000004,116.66421135491235,127.4332154799812,153.0096002770197,43.97343351069775,101.40812217773151,156.59926831870928,90.1904095474515,84.80590748491707,128.77934099561483,100.51070516730913,0.7947839548334689
0.42500000000000004,130.26786712941026,54.47565352684429,171.00618194078947,33.159093451122615,95.21396833822352,154.42663521522817,130.26786712941026,46.896432166587694,56.37045886690844,97.10877367828763,0.852644416160131
0.42500000000000004,64.58523891314906,112.3884866126452,200.36680418724976,91.02958870435968,56.95706108876136,151.54646611116863,84.41850125655702,83.90995606826452,141.37556234531837,76.79032343216934,0.7565355482554537
0.42500000000000004,76.16198771072418,139.36023283238893,286.2826488417292,74.00136394588095,79.40292335798904,144.2216363032862,108.57134418337276,57.79668570955665,85.34463871130795,105.87056447731872,0.8616430387169728
0.42500000000000004,120.910479557489,137.26552027057932,252.3349138591075,135.51319447989104,81.19109496855542,188.0829682005385,201.5174659291484,62.49961986788079,108.64419902267127,33.87829861997276,0.8594104259235139
0.42500000000000004,165.64559191582947,316.6379199314125,414.1139797895737,99.3873551494977,143.34714685023707,252.9280768868627,206.41989146434136,43.95979170073936,163.0971981940475,82.18569752746924,0.8319714442634475
0.42500000000000004,283.16284894172503,403.5412581536661,547.1745873270048,183.30348675454664,119.6944409777823,210.6622161208969,134.74174212927494,108.06698099708346,123.1142821485761,98.49142571886088,0.8606791711072438
0.42500000000000004,311.3539016092784,474.3054762832933,724.5525373898162,91.66026075413338,177.50082241276624,201.5070811817059,273.525857488525,63.28922766356828,120.03129384469848,191.32260776458,0.8722505059127653
0.42500000000000004,475.13835810053257,808.127885099914,1064.1528516135895,247.3860872754839,220.684096902892,206.5477490585786,267.0199037259191,0.0,145.29024173322068,182.98716931805632,0.8111144096326467
0.42500000000000004,666.9275932973986,1327.9828681632478,1483.179855282768,275.99896628282283,93.11819227171226,266.77103731895943,250.83188729046816,40.26732638776746,228.18151619734897,174.49174768032566,0.8369905623372914
0.42500000000000004,912.1211953155362,1826.0467846870877,2193.2409750861216,540.4160197764652,277.8766846262959,364.4875993150116,313.06236871858664,106.4592493048796,176.83061748946105,155.17788881728214,0.9003047343044643
0.42500000000000004,1650.6356929468911,3398.252355390365,3850.830213041085,911.0333498163848,360.494916916591,359.5153111641003,307.59620628209126,158.69613190349932,175.34942969584185,192.0027274881844,0.8910419476384728
0.42500000000000004,2591.8057962729013,5143.130845227162,5882.163975762327,1472.8764216705033,400.6556016665357,345.6433040283845,374.7064046674078,178.5304753540004,201.365768713233,201.365768713233,0.8319100900187415
0.42500000000000004,4393.34955884521,8898.879486832377,10321.73865870434,2125.7035254756524,616.992030280763,631.8730996567367,469.3260341653298,179.71753015599216,212.91376184085692,366.3032461778184,0.8515332226171272
0.42500000000000004,5823.9355680853,12536.22602895907,14455.618513796728,2773.0072421539508,537.2313806947028,727.0614066676578,531.0277850746716,243.18094830522347,325.0684104896354,351.1235120937665,0.833292264809196
0.45,3.176400665714692,0.0,0.0,4.537715236735274,0.0,12.100573964627396,0.0,4.235200887619589,3.176400665714692,0.0,0.8511489064454287
0.45,0.0,0.0,0.0,9.233100834411909,0.0,0.0,10.408222758791604,4.86836225814446,10.408222758791604,0.0,0.930240492867139
0.45,0.0,0.0,14.236434223889043,0.0,19.524252649904977,24.20193818061137,26.43909213007965,0.0,39.45526056334963,0.0,0.7871852803205086
0.45,0.0,0.0,7.99454241257517,0.0,0.0,0.0,9.50702340954885,0.0,43.861948912236734,36.51561264122172,0.8766407429783756
0.45,0.0,0.0,12.009792526989616,12.259996537968568,0.0,0.0,37.53060164684256,0.0,45.03672197621106,22.76856499908448,0.8629169914369046
0.45,0.0,0.0,25.0526252562199,0.0,0.0,0.0,16.877558067348147,0.0,59.33516508052082,1.3185592240115738,0.8997764060861648
0.45,0.0,39.4264384984667,35.36783453538925,0.0,0.8697008492308832,31.309230572311797,24.931424344618648,0.0,41.45574048000543,37.39713651692798,0.9268319237168208
0.45,4.376192080024933,3.125851485732095,47.20035743455463,0.0,0.0,45.012261394542165,52.5143049602992,0.0,54.70240100031167,6.876873268610609,0.8323165618899174
0.45,0.0,0.0,25.46466131895629,0.0,29.249948812314656,0.0,14.797032928582707,17.894086332239553,82.93220780903332,0.0,0.7962666824138577
0.45,9.012544889666694,0.0,68.34513207997242,9.012544889666694,0.0,57.83049637536128,0.0,0.0,80.73738130326413,0.0,0.8382227600851322
0.45,0.0,38.199881814098426,60.621551574547496,73.49325088147197,0.0,0.0,0.0,0.0,120.82788704242002,24.497750293823987,0.8352138456676882
0.45,0.0,77.16186221087014,116.42766191580998,2.2828953316825484,0.0,43.83159036830494,0.0,13.697371990095291,95.88160393066704,0.0,0.8194193883673982
0.45,23.197080829580084,0.0,209.76083728875608,29.11973976479202,0.0,0.0,67.12346793240194,0.0,144.1180340901571,27.63907503098904,0.8533218692787569
0.45,29.906892169689723,227.59651837611327,204.2792804133044,53.73102660995103,59.813784339379445,139.39653129940126,51.70344070014156,0.0,180.96204245049543,0.0,0.8158148264909361
0.45,121.73207644064075,249.5785494148297,452.46534348256426,133.9608695077371,0.0,13.896355758064011,76.15202955419079,19.454898061289622,34.46296227999876,0.0,0.726130259292322
0.45,99.658447443957,454.3950639408991,501.2582624413313,108.556523108596,0.0,90.16716673500868,107.37011301997744,0.0,205.84215037531592,0.0,0.7758196920968995
0.45,191.68660741730324,625.6351160655955,757.3806345185303,117.38463255522151,73.67758851870286,0.0,93.03356516344684,46.82897575341284,152.35026778443645,0.0,0.8019852126575849
0.45,500.5305233681913,1052.5044616381133,1063.6273621574069,343.41955353317576,25.72170745086539,62.56631542102392,150.1591570104574,0.0,169.6242329192204,0.0,0.8691078051561709
0.45,995.9779718262308,1856.908083065854,2088.104148744014,408.81336058011095,46.97316889968959,50.64294771997783,103.48776273212864,0.0,151.19488739587587,24.954495977960093,0.7500379633126585
0.45,1722.431775282755,3292.8607464300144,3916.072243385549,982.4181235704708,200.8037044105767,80.00147586078752,82.40152013661115,0.8000147586078753,155.2028631699278,23.20042799962838,0.7778348447335088
0.45,2710.157978304592,6036.503449707963,6769.170829669572,1331.0716842263694,129.81727848834328,152.04626453086783,202.7283527078238,48.014609851853,283.6418619026131,32.89889934293632,0.7778092804648814
0.45,5607.942038819223,11332.970739668986,12865.278794938218,2716.4105591085126,635.3224096265786,326.82450879828804,434.7478668438287,0.0,250.463642256632,68.21570744387944,0.8031025678448216
0.45,9453.114908737703,20041.544800292068,23142.778266307323,4795.382248663955,535.3039556285818,405.889812509584,410.5957813502748,220.00404330229625,560.0102920422087,258.8282862379956,0.729228648649962
0.45,13617.929692278618,29743.669712465555,33093.79801310645,6760.422170762676,1178.6982021030394,797.1937956218932,393.8110002386025,326.80843422578465,670.0256601281777,333.64543075770484,0.7190216883293316
0.45,18133.15284874636,39871.42711223832,46105.96479446158,9460.9109327738,1924.9135093864325,1243.790267603541,737.2340809229008,600.074251913989,950.7669965390476,508.11482110119584,0.7524188488641564
0.45,22268.268078693665,47618.25969379505,52739.10816154676,11250.167926653434,1708.0870763810235,1402.6449318533482,1030.6539401939444,921.4455756700828,1090.3772645429312,627.9480960122045,0.9187355494140683
0.45,21968.456290578943,47743.65245767883,54221.48640781111,11209.978676672108,1988.67261996612,1099.4567864284095,851.3035305574208,554.8982527115171,985.7198774875396,360.1668783127549,0.7704084246972513
0.45,24119.29763674333,52048.33561673971,57877.98108730002,12581.382160671654,2163.019481618712,1467.375025218724,1092.379185440606,353.2569505156188,1224.6240951208115,693.8328822947794,0.7883502805622419
0.45,23692.912431440425,50201.61474676136,55989.224108603375,11627.833354246242,1937.6698427734416,1213.7650981417908,1170.221955607556,890.8201243462171,948.8776477251968,529.7749008331881,0.7915159891606007
0.47500000000000003,0.0,0.0,5.564304594998079,1.3534794960806138,0.0,0.0,0.0,25.71611042553166,13.534794960806137,0.0,0.768295111824054
0.47500000000000003,0.0,0.0,0.0,0.0,0.0,14.619316564577812,16.243685071753124,0.0,43.69551284301591,0.0,0.7754786713083507
0.47500000000000003,3.5796594081071134,0.0,0.0,0.0,0.0,7.3477219429567056,7.3477219429567056,0.0,18.840312674247965,0.0,0.7255601761019314
0.47500000000000003,0.0,0.0,5.456277474768369,27.28138737384184,0.0,0.0,33.41969953295625,0.0,65.47532969722042,0.0,0.717434999389859
0.47500000000000003,0.0,0.0,0.0,0.0,0.5050397273762477,0.0,10.100794547524952,0.0,48.48381382811978,0.0,0.6477553245344658
0.47500000000000003,0.0,0.0,0.0,0.0,36.12896862698041,16.894841444271414,0.0,18.71428590750064,26.251984398021737,0.0,0.6307757807813782
0.47500000000000003,0.0,0.0,4.929681309121385,28.128181587339668,0.0,0.0,46.397000556436566,0.0,75.10514465073169,10.1493438717205,0.6686732873388289
0.47500000000000003,0.0,0.0,43.34565272579855,0.0,0.0,2.1828745977020847,43.6574919540417,0.0,64.55072024633309,0.0,0.505916240766824
0.47500000000000003,0.0,0.0,11.274719411700346,0.0,0.0,12.983010231654944,0.0,0.0,76.53142873396598,0.0,0.6571459325435947
0.47500000000000003,0.0,12.956129512393018,48.12276676031692,0.0,0.0,72.92450039832642,32.94558647437081,18.878931575201253,43.31049008428523,0.0,0.6287988106741926
0.47500000000000003,0.0,0.779667626093685,97.06861944866378,49.11906044390215,12.864515830545802,0.0,0.0,0.0,104.86529570960062,0.0,0.613993447100558
0.47500000000000003,0.0,41.29253284261132,91.76118409469184,25.85997006304952,2.919674039376558,38.37285880323477,0.0,0.0,70.0721769450374,0.0,0.6615174224788783
0.47500000000000003,18.16316177730671,87.94794123748513,204.0965810239464,39.67216914516992,0.0,0.0,0.0,46.36386032628292,49.23172797533134,0.0,0.6553329998267687
0.47500000000000003,0.0,130.38968866588087,139.01468752704807,92.84557597609415,39.573524186531934,28.91911382861949,136.98527603030286,0.0,63.41910927328836,0.0,0.5574616460286904
0.47500000000000003,46.35005627474738,201.56884938087816,210.1921156645521,91.08325012130592,27.486661279210654,0.0,74.91462583941728,21.019211566455205,126.11526939873124,0.0,0.6074360417691748
0.47500000000000003,43.13275070268278,390.9955842918517,392.6760810724757,123.796596172635,0.0,0.0,66.65970563141884,0.0,117.63477464368032,0.0,0.49595810599416723
0.47500000000000003,86.83663298190395,369.5048451712741,483.8896513750234,172.47551930198853,0.0,46.71211981095522,16.768453265471106,0.0,185.65073258200152,8.384226632735553,0.6478371301940737
0.47500000000000003,311.1889657088664,507.5951161972493,657.4504582906583,174.08726975106666,0.0,106.49294523233748,29.971068418681803,0.0,44.63776147463248,0.0,0.6524151794198672
0.47500000000000003,491.34590719844726,886.6496965592377,931.8869259755252,295.78188464495764,19.486806517785443,149.6308357615668,89.77850145694008,0.0,155.89445214228354,0.0,0.6789738412873781
0.47500000000000003,609.9263259728922,1727.7466929046243,1791.2334480244792,396.7922194990935,120.92715260924754,169.29801365294654,0.0,33.25496696754308,303.82947093073443,0.0,0.6639153508761279
0.47500000000000003,1040.3710037915523,2586.0879847524784,3061.754912469048,640.1049044145402,52.94100713202965,120.32047075461284,129.94610841498186,77.80723775464963,263.9028991884508,24.064094150922568,0.6366928133571066
0.47500000000000003,1837.8876682494724,4017.0729536297663,4537.551819754269,870.3089236835942,0.0,100.68279705359228,43.51544618417971,115.18794578165218,257.67970093377005,226.96291539199612,0.6403723637548756
0.47500000000000003,3525.393118904437,8000.487919333419,9317.317412637542,1882.013098280582,327.5166531402039,137.18986650710607,50.238542664574055,0.0,325.5844014992588,119.79960173859968,0.6649098009257333
0.47500000000000003,7373.956344167223,15364.775774897813,17624.335036729364,3750.02771408042,505.53236375819046,291.9591404176516,536.2051139187997,191.98869544973977,366.9369741435855,136.32333404715249,0.7172023645453496
0.47500000000000003,9614.482282256336,20324.129041764674,23144.146703595092,5090.60105942505,846.9930455410101,328.42587480161615,442.0167788683405,308.67093496392494,555.6076829350649,322.25245610233765,0.6435448894915344
0.5,0.0,0.0,0.0,0.0,0.0,0.5975473192811082,0.0,0.0,9.859530768138285,0.0,0.5771860131308403
0.5,0.0,0.0,17.463696705298446,0.0,0.0,2.8546427306737843,18.303297508437797,0.0,9.403528995160702,9.067688673904962,0.5991418852414753
0.5,0.0,0.0,36.21383314194455,14.272510708884028,0.0,7.029744080495118,0.2130225478937914,0.0,60.07235850604919,10.864149942583364,0.5894693601588729
0.5,17.745834705696858,0.0,28.602110055064344,11.482598927215614,0.0,0.0,39.24961087848246,0.0,34.65657130759622,0.0,0.5698473637502038
0.5,0.0,0.0,0.0,0.0,0.0,38.824447223941576,0.0,0.0,35.630030680199546,7.371730485558527,0.5921104331555114
0.5,0.0,0.0,0.0,6.107852266847502,0.0,0.0,41.92207692245331,0.0,45.25363270437012,0.0,0.6374798519739147
0.5,0.0,0.0,9.994665739635318,63.68029885539073,0.0,0.0,4.5689900524047165,0.0,48.831081185075405,21.7027027489224,0.6196135578895886
0.5,0.0,19.762395780201707,0.0,0.0,0.0,7.214842903883163,43.602746245206944,47.36701210810251,36.07421451941581,0.6273776438159272,0.6199085319224859
0.5,0.0,0.0,46.81804876260558,0.0,11.016011473554256,0.0,11.016011473554256,0.0,11.016011473554256,0.0,0.6051567315783566
0.5,0.0,0.0,47.61314201062909,27.052921596948348,0.0,0.0,0.0,0.0,71.05900739465099,11.903285502657273,0.6047136175888149
0.5,0.0,0.0,22.35841047240864,0.0,0.0,0.0,34.30859538007532,0.0,86.73521303951625,20.43096129375272,0.6579043391795402
0.5,21.790473738665728,0.0,97.85156131702723,41.9363834215831,0.0,67.42712628568263,0.0,0.0,104.01867652608357,23.023896780477,0.6250883396848459
0.5,0.0,47.16879343775591,150.4909123966498,0.0,0.0,34.590448521021,82.65769516711512,0.0,159.92467108420098,0.0,0.7770423524060598
0.5,0.0,105.08288089294447,188.35610726093824,16.35724089371306,0.0,106.56990279237294,58.48952804418607,0.0,139.28438457979905,0.0,0.7057322453070973
0.5,90.58236836097932,191.5170073917849,336.9664103028431,148.5550841120061,0.0,36.75056087788304,0.0,12.422724803791452,115.42781796856222,9.317043602843588,0.6298986828982335
0.5,98.03202684884546,343.1120939709591,458.2171142597721,129.97504683330072,0.0,0.0,23.681894126406487,13.21780137287804,107.39463615463409,59.48010617795118,0.6374671266490877
0.5,164.55662522458948,336.29390318625195,437.4214292333633,122.07109653024092,0.0,29.3209986763814,4.7871018247153305,0.0,50.26456915951097,0.0,0.6325658882583579
0.5,217.08467164313544,329.670131721667,487.0409681850288,166.70112321020142,0.0,0.0,49.76152931647804,0.0,208.99842312920777,0.0,0.7328332105264246
0.5,327.74287517828174,731.3270768440998,908.7416084488722,161.83997348679617,0.0,106.3132880227071,28.440497432826103,56.20384016487064,178.76884100633552,0.0,0.706178199770931
0.5,395.6460972648548,988.7663488964712,1178.5648294185885,293.76897169048294,30.00490684724648,0.0,0.0,0.0,34.19163803523436,6.280096781981821,0.6932682441140984
0.5,829.1378167309662,1627.932072007917,1991.2962204197493,406.60372348380406,0.0,154.75216341547767,0.0,42.48098603562132,171.44112221518603,39.4466298902198,0.7299921681396336
0.5,1328.497037268239,2765.223621726863,3070.910129058485,663.4223388845744,22.306853237712964,185.89044364760804,133.84111942627777,14.871235491808642,198.2831398907819,68.57291921222875,0.7315109697435289
0.5,1727.759881972397,3960.367501002511,4391.206145716688,925.1136542942462,125.99166910864496,153.30454842590365,44.05303115686886,0.0,150.66136655649152,41.40984928745673,0.6806139311435399
0.5,4724.279538946682,9938.727434658398,11061.602645239387,2528.7765016371864,353.78260059401026,308.6625008081075,123.05481759791662,10.25456813315972,329.17163707442694,242.00780794256931,0.6914744845987428
0.5,7734.394050532744,16900.82073003672,19170.568816054656,4075.148958186287,524.6060125934217,458.4394884825397,352.100431875765,238.6721048285387,350.9188868023564,192.591846965603,0.7204795820487688
0.5,13780.9439629044,29632.59971298096,34071.0633230024,7238.922792534962,1046.7805103428936,814.0039439228505,959.6678075722028,349.8788881773655,525.5323708133491,189.9342535819985,0.7154714200900498
0.5,17591.041353942655,37784.090908156,41523.78058729579,8875.190248320705,1293.833838713898,1045.2647761038388,439.7760338485663,165.71270840670616,811.0362363366677,261.3161940259597,0.676692372336098
0.5,20253.623887416707,43803.864879676505,48860.76094413565,10676.248127848869,1907.8368605700664,1182.1991829374113,1078.0406646169345,418.37004858724833,925.274837746902,401.0102955338355,0.7676858300884343
0.5,19753.543430597358,44163.58508679614,49769.22394688799,10324.5805484887,1689.541693350406,1111.4936377585036,920.595051498215,695.7985854346973,1009.799998348817,494.1954055523363,0.6923272355593874
0.5,21907.62235252314,45314.130121331946,51114.164993046055,11080.528542372676,1830.1608162618488,1305.1888709444045,973.913470968224,711.4274983095021,1049.9438906348885,237.14249943650063,0.7323794447582878
0.5,22017.0842386073,48401.16241760861,53539.79630189856,11302.366088208062,1776.086099575553,1274.8017564606769,1040.1180752271207,510.6716903642181,1025.0983196281732,664.6241852534309,0.7448654596270493
0.525,0.0,0.0,10.038882262047348,6.348116724529939,0.0,0.0,21.996962603603745,0.0,47.97995198772629,0.0,0.6844826571291516
0.525,0.0,0.0,14.71642004269872,25.05295316792758,0.0,31.71038128248176,0.0,0.0,31.359990329084173,0.0,0.7096115585150706
0.525,0.0,0.0,0.0,13.205552925344474,5.31890326159708,0.0,7.703239206450943,0.0,32.09683002687893,0.0,0.5986832906670423
0.525,0.0,0.0,0.0,0.0,0.0,0.0,39.60495872196999,0.0,13.41120295347132,10.05840221510349,0.6429969620006211
0.525,0.0,0.0,0.0,33.60076960671998,0.0,10.182051395975751,22.145961786247256,6.872884692283631,46.32833385168966,0.0,0.5513533196828614
0.525,0.0,0.0,45.25432219266299,0.0,27.1525933155978,0.0,77.37029278100448,37.07934786108516,73.57476898420047,8.17497433157783,0.6085901832834727
0.525,0.0,0.0,30.414314560536408,0.0,0.0,47.61837128164791,35.636974636588114,0.0,59.90698322529899,0.0,0.6890026203265422
0.525,0.0,0.0,33.46043663581842,22.644941965654887,0.0,30.75656296827753,17.913163047458344,19.603084089671395,67.25885748007944,0.0,0.6227479308920082
0.525,0.0,20.51334738757431,27.46702446810798,36.50680467280174,0.0,0.0,60.1493067466162,0.0,82.74875725835062,0.0,0.6623467535729134
0.525,0.0,0.0,19.021751435820924,24.24340869271294,0.0,95.85470821580348,0.0,0.0,27.600188357857814,0.0,0.5779427154822109
0.525,0.0,0.0,34.636873747454445,34.636873747454445,18.31374933773453,36.62749867546907,15.924999424116988,23.48937415057255,72.45874737973229,61.3112477828504,0.7088915425491977
0.525,0.0,91.65048651761902,22.81078775549629,101.01920291719786,45.62157551099258,85.54045408311109,56.61963389310687,20.366774781693117,111.60992580367828,0.0,0.6336890117933881
0.525,0.0,99.67712149252802,100.1201309213837,0.0,42.97191459900097,0.0,50.06006546069185,0.0,123.59963065073474,6.202132003979521,0.6247273154023415
0.525,0.0,114.78746488179216,120.40970805967586,36.07606039142039,0.0,0.0,64.65579654566253,0.0,63.2502357511916,0.0,0.6721763590688403
0.525,76.10781223939016,78.69651333596806,138.7543787765753,3.624181535209056,0.0,55.91594368608256,102.51256342448472,68.34170894965648,90.0867981609108,0.0,0.595333341804923
0.525,88.15286559401484,226.9120058808901,327.5804017752897,63.1218049932452,0.0,46.25304676229174,122.97868903856391,0.0,127.33191696913256,0.0,0.5994085205632591
0.525,32.20872322739554,349.6110503046388,499.52801659942526,132.3485718071162,0.0,20.49646023561534,18.739620786848317,9.955423543013165,53.8764097621889,28.10943118027247,0.676344249786825
0.525,205.31983351103372,317.2007008733336,499.1607928471838,160.44454055802336,32.58069214396643,6.762030444974165,129.09330849496135,0.0,116.7987076859174,37.498532467584006,0.6736461766935724
0.525,226.3168642711777,605.05120856172,727.7769716941954,120.74631534001612,0.0,45.52729922656344,80.49754356001073,15.835582339674245,9.23742303147664,0.6598159308197601,0.6505298998228257
0.525,356.0705557623923,581.7199195885595,794.9482175160385,220.1288900934169,28.292427880345123,126.2808366366624,0.0,0.0,114.54982995456808,0.0,0.7097571973787657
0.525,582.9735297197633,1002.3312268253832,1331.773916818726,307.33244234278294,70.01578422677309,113.49927127287428,226.9985425457485,2.9480330200746567,199.729237110058,0.0,0.8021413513444323
0.525,742.5714497508767,1431.8220351057032,1749.3948304057087,405.3953954817353,93.311512693088,16.466737534074355,105.07346807456967,112.13064130345867,261.8995398276588,0.0,0.6226256484737404
0.525,1407.118277056216,2826.974498684456,3397.634415511117,748.1419445301909,192.7675611899584,75.57847112734052,135.87140876825262,95.9591824425784,236.92576903964047,46.705796764086834,0.7020267755814148
0.525,1995.994631207964,4525.369578204275,5225.08277992662,1294.4229614863564,89.20646396460174,72.4802519712389,244.38854190302345,118.01271795317102,354.0381538595131,154.2528439387905,0.6279617634785647
0.525,3820.5632445296537,8488.416306895697,10234.723037674485,2000.8040387003389,331.0534086784428,128.2831958628966,72.41793314840938,28.967173259363744,327.9497829720824,126.21411205865633,0.6148873443602293
0.525,7104.528035378821,15723.72702246277,18111.13695110276,4138.898481524413,671.9849698437835,389.4868161527475,390.6889359556881,168.29677241168105,276.4875546763332,54.09539113232604,0.7082469390475477
0.525,12799.60731856194,27870.83707917313,31821.54779311975,6840.9446245896415,1086.5541017454957,792.4601248730481,669.3173266752253,134.73270861644147,653.3811998496247,428.826685488889,0.7069329543685018
0.525,16003.360580867771,33878.030456749366,39193.887781171084,9047.318192928831,1284.731935077632,934.0606872896929,629.6142858010727,541.9464738540879,671.0572514487383,211.99670888998145,0.781442815179121
0.525,19465.20925492143,39149.41935812201,45591.83801301096,9980.92054991896,2103.787676382366,1145.0123091130254,1043.2717575502716,520.7736707110447,1089.8309930111927,377.6471320719165,0.7077359158726267
0.525,19092.33626485829,41145.17094359309,46794.01824125493,10231.775602466549,1632.8971805470908,1393.8940675823992,903.6760037643088,533.831770563472,973.4579345569196,518.1308361351346,0.7245972553169665
0.525,18050.25227514245,39300.321999060165,42938.303211961225,8773.74931671818,1586.816181634864,1125.9586767376095,724.4540323195474,644.1531034359349,1007.252955779226,384.0479207477119,0.7066819105453669
0.55,0.0,0.0,2.15758486287356,18.87886755014365,0.0,6.47275458862068,0.0,8.360641343635045,26.565263624130708,0.0,0.7547186591637212
0.55,0.0,0.0,0.0,19.979007613122494,9.90110111800761,0.0,16.796510825191483,7.425825838505708,9.193879609578495,2.298469902394624,0.7822958096089884
0.55,0.0,0.0,11.21785251579341,0.0,0.0,26.481487906135264,6.804271198104201,24.642495690431428,38.43493730821021,0.0,0.760521017734464
0.55,0.0,0.0,64.94871548325283,0.0,19.630801464391528,15.662873508823028,0.0,0.0,25.269435927567816,8.98004747839187,0.7275260683593776
0.55,0.0,0.0,35.73460524248058,2.382307016165372,0.0,0.0,21.202532443871814,12.387996484059936,59.31944470251777,0.0,0.7550741242322543
0.55,0.0,0.0,74.52508554036572,2.4841695180121905,0.0,57.96395542028446,8.004546224705948,0.0,57.68793658494976,18.2172431320894,0.78769981194939
0.55,0.0,5.925217455292089,66.4248062093271,0.0,0.0,38.66984023453784,60.81144230431355,24.948284022282483,45.53061834066553,4.054096153620903,0.7463924986063925
0.55,0.0,0.0,20.10759895735185,0.0,0.0,35.85855147394413,55.96615043129598,0.0,85.79242221803456,0.0,0.715385123775848
0.55,0.0,18.42270937499776,53.496713762012725,43.22251045672551,0.0,20.194123737978316,0.0,13.462749158652208,76.87938335335602,0.0,0.8770753355450415
0.55,13.479619760651897,17.487074284088948,24.409041188207485,14.93687595099264,0.0,15.301189998577827,0.0,0.0,114.75892498933368,6.193338808948168,0.7788062869413496
0.55,0.0,13.560023583141271,0.0,0.0,0.0,41.84235848512164,3.099433961860862,0.0,97.24474055338456,0.0,0.798056181217775
0.55,0.0,0.0,47.67671382433151,19.656189032838427,0.0,0.0,65.660035705439,0.0,76.95188897962278,5.855035031058255,0.8247665812219611
0.55,40.80665983402267,1.3163438656136344,64.06206812653019,17.551251541515125,0.0,101.79725894078771,22.377845715431786,0.0,10.530750924909077,60.99059910676506,0.7568465801904205
0.55,46.65927812507183,5.543676608919426,0.0,52.66492778473454,81.76922998156152,56.82268524142411,66.06214625628981,0.0,52.20295473399125,7.391568811892567,0.6882704295974433
0.55,0.0,147.0971539502417,98.39606919644544,0.0,0.0,0.0,122.24966172891708,17.39324455492723,107.34116639612232,0.0,0.7149342895228463
0.55,0.0,70.52996055522911,230.8754177550078,114.6111859022473,0.0,96.42768044660232,46.83630193120683,33.61193432710137,86.50940474352322,0.0,0.723875977737836
0.55,41.57252415156693,195.56652206511768,519.9493161491752,88.41480488572685,78.46082022971787,24.59219738543396,121.20440139963878,0.0,156.92164045943574,0.0,0.7589343287949905
0.55,129.76532937138816,359.303058212287,580.2713785097924,0.0,29.992929901877453,57.53745736278531,74.67627444957243,19.587219527756705,136.49843608405453,0.0,0.7950761179034961
0.55,66.36947350773725,465.8876767798026,740.475106390245,266.1285751437699,0.0,95.65012358468014,0.0,0.0,109.96510806674112,0.0,0.6859551590020895
0.55,177.89320630072385,556.1642620777277,866.981388328063,240.0566315507909,15.87151282980436,0.0,80.68019021817214,0.0,160.03775436719394,0.0,0.720265329130749
0.55,211.55041184667888,803.3198071475236,830.4783059656785,185.82130770316385,0.0,17.152736095676662,6.432276035878748,0.0,151.51583551181054,0.0,0.7386146682006182
0.55,399.6256993942636,918.6201141920084,1109.1652064820375,279.515563398214,0.0,12.604150073659516,51.15802088720627,0.0,169.7853156981194,0.0,0.693235862707171
0.55,691.2830368900732,1391.950006407613,1837.6868062122985,303.4138216214348,0.0,231.4703381441874,164.21882098067348,0.0,342.5135409025476,39.88171366673499,0.7362281454001418
0.55,1095.1397526541818,2654.884248858623,2842.938549819442,696.9071153253885,0.0,216.98573187786823,137.84975907535156,7.658319948630642,103.81278152588204,0.0,0.6985770905657197
0.55,1522.2421626467765,3250.564040453314,4234.251214149246,843.552967387293,90.67507467029534,32.05684458040744,75.10460730266887,0.0,297.670699675212,68.69323838658738,0.6914125404093763
0.55,3538.5772931417896,7672.940725222245,8885.164169093987,1942.2421617740604,352.1023802046543,195.1535186471544,49.562798386578905,59.88838138378284,326.28842271164444,311.8326065155589,0.6851922592522638
0.55,6008.229406751193,13437.292060749389,14906.3889062873,3559.7346641880117,610.9465247068711,553.2656389445652,303.7075209525486,45.90927642305967,506.17920158758096,191.87723222971093,0.7312942415550547
0.55,9967.691731552077,21349.38578521989,24191.05228763605,5584.967625902534,969.9919311132091,602.4879459449651,558.7699997539472,389.36295826375294,592.9246452156799,293.72995097090137,0.7652763977703027
0.55,11584.137268991612,25258.440234691683,29451.682740854216,6432.603283487108,886.5630751996058,774.6667647375197,649.8593415298081,294.08645698368804,671.377862772517,555.1778480618891,0.7422715385036568
0.5750000000000001,0.0,0.0,13.509187606193198,3.745121316568411,0.0,0.0,16.585537259088678,15.649256929946574,21.40069323753378,0.0,0.7545151188916022
0.5750000000000001,1.4771186866957002,0.0,10.15519097103294,0.5539195075108876,0.0,22.1567803004355,10.893750314380789,0.0,36.74332733155554,0.0,0.71002523486195
0.5750000000000001,0.0,0.0,1.3692655100291835,17.018014196076997,0.0,9.780467928779885,45.38137118953866,8.998030494477494,45.968199265265454,0.0,0.6806241568509906
0.5750000000000001,0.0,0.0,24.653071390008076,29.06256383374935,0.0,20.444010420982305,46.90096508342999,0.0,36.27809692350781,10.422436685206664,0.7390368063800046
0.5750000000000001,0.0,19.36248414002697,0.0,0.0,9.911747833585236,0.0,24.43361093860547,0.0,23.972599411461967,0.0,0.7804645558329799
0.5750000000000001,21.459173209701195,0.0,17.000124231061985,17.000124231061985,29.26250892231981,0.0,18.67226759805169,0.0,71.0660930970624,0.0,0.7718783701433269
0.5750000000000001,0.0,0.0,30.041650368878685,0.0,0.0,37.16492829139631,0.0,0.0,53.88914602252464,0.0,0.7923070612509037
0.5750000000000001,0.0,0.0,7.226556618329348,0.0,4.4735826684895965,0.0,71.23320095210357,0.0,76.05090536432314,31.659200423157145,0.7432293464348967
0.5750000000000001,0.0,0.0,92.77456402426702,20.53508136505515,0.0,44.73714154529872,76.63985723743797,0.0,60.50515045060892,10.634238564046417,0.7670041162583706
0.5750000000000001,0.0,60.02977242243121,16.161861806039173,12.31379947126794,0.0,34.63256101294108,0.0,35.0173672464182,62.33860982329395,6.156899735633971,0.9276278246134199
0.5750000000000001,0.0,0.0,87.15586306838587,47.393510792947154,0.0,53.41810962255908,59.84434837414514,0.0,104.02473979129928,1.6065596878965138,0.746177758749922
0.5750000000000001,0.0,43.66030421886229,86.88400539553595,14.407900392224557,0.0,19.64713689848803,41.04068596573055,16.154312560979047,103.91152404089225,1.7464121687544916,0.783075519802124
0.5750000000000001,11.155327082656592,0.0,75.85622416206483,38.82053824764494,0.0,29.450063498213407,87.01155124472143,0.0,129.84800724212275,0.0,0.7042489496318506
0.5750000000000001,43.2826028887124,28.85506859247493,177.7844548762165,80.5149494596478,0.0,0.0,77.72252346682764,0.0,117.7472960305832,0.0,0.7680139048691523
0.5750000000000001,3.431093858775049,0.0,94.11000298354422,65.68093958226522,0.0,36.76171991544696,114.2064098706552,8.822812779707268,96.07062804570138,0.0,0.764951400170067
0.5750000000000001,48.93800385442144,24.46900192721072,134.31920206851842,39.566896733362015,33.31949198598907,23.42776780264856,205.1231225387452,50.49985504126468,155.1438845597616,19.26283130439993,0.6694551278876831
0.5750000000000001,0.0,153.54813808247962,324.79141475439,74.20541989116116,0.0,75.34704173564057,51.37298300157311,0.0,208.34598661749092,0.0,0.723508339208052
0.5750000000000001,147.42371177377134,259.48970405708536,341.59152728068966,68.91758883733213,0.0,98.88175789704177,72.51328912449729,62.92475502539021,106.07315847137208,0.0,0.8459337956454407
0.5750000000000001,142.88795868255357,365.793174227337,401.3563994994393,127.64657642308116,0.6350575941446824,88.90806318025554,22.227015795063885,0.0,122.56611566992372,0.0,0.7857244649703711
0.5750000000000001,304.0337135808954,550.937982061277,539.774757156579,263.9774359816846,0.0,0.0,153.00184722321518,41.36959817623415,154.3151678002385,0.0,0.7830463034951205
0.5750000000000001,335.6957013865376,751.6205641107382,764.9920910003488,223.7971342576917,2.815058292549581,0.0,128.08515231100594,15.4828206090227,155.53197066336438,8.445174877648745,0.762213282618409
0.5750000000000001,385.9613594550883,728.957209084044,1197.9366722709815,298.5738818426155,0.0,76.46404291091372,98.31091231403192,130.35298743860528,143.4611090804762,18.93395348270244,0.7243288304963786
0.5750000000000001,465.5824295191786,1025.84632789856,1463.2590642031328,338.0363185752692,52.42692903829406,61.03433529831248,161.97573598398316,0.0,109.5488069456891,39.907065387358166,0.8275743900595364
0.5750000000000001,644.415460060065,1538.2556857525155,1813.0318210065536,421.1598501661592,18.80908068703236,55.60945594426957,181.5485179357036,15.53793621972238,197.90424027225347,67.87624769668199,0.7458130418508381
0.5750000000000001,942.636764663054,1927.168496644466,2348.736605285443,498.3755487246332,130.92177286986862,103.86460647676245,179.79923474128623,14.837800925251775,187.6545411134784,86.40837009411328,0.8300370812706419
0.5750000000000001,1591.3702811221738,3721.35819585493,4112.138471988481,946.347415696914,152.54555357502494,87.5724474226995,96.04720039908976,0.0,321.0989738832315,0.0,0.8530364016124176
0.5750000000000001,5707.346925072171,12427.440319435756,14728.599060991595,3272.4961846495903,535.9511105011802,295.77875855473525,349.0189350945876,72.17001708735539,322.9904043417709,250.8203872544155,0.7673747981534679
0.5750000000000001,8317.400137099143,17878.310073263532,21134.289244437627,4772.3889585747465,742.0728746854252,649.3137653497472,391.2014611113384,139.8108314624714,501.43692437982537,229.8812709623328,0.8293170210376367
0.5750000000000001,16536.927485988388,35880.746365332874,42429.068502252856,9047.51931339507,1509.010999810104,1150.5799705710444,384.6177711012738,599.0217200981541,854.3424532547443,366.61438607100143,0.7575764728344356
0.5750000000000001,18592.173750942544,38395.73559330627,45314.69279372786,10472.362268590396,1520.379836479343,1453.6657097054226,898.8850765328218,719.8103151922987,1121.850710750924,442.4199986059982,0.777737700512724
0.6000000000000001,0.0,0.9540326900179016,0.0,0.0,0.9063310555170064,3.816130760071606,1.653656662697696,0.0,0.0,0.3021103518390021,0.753035799880364
0.6000000000000001,2.352162802249057,3.2568408031140788,7.629451140628351,2.382318735611224,5.367756138465796,0.1507796668108369,0.0,2.291850935524722,0.2110915335351717,0.0,0.8250563095997383
0.6000000000000001,0.0,9.424339901302671,0.0,3.4238238592747545,3.247338093332757,0.1764857659419976,8.436019612027488,2.859069408260362,0.7059430637679905,5.859327429274322,0.7768435192056238
0.6000000000000001,0.0,6.899263892331158,0.0,0.0,6.786775894086627,0.0,0.0,3.037175952602303,2.2497599648905946,1.987287968986692,0.7925087349256313
0.6000000000000001,0.0,9.145075587619717,5.529580587863085,14.97240282252158,16.673812234171763,1.4036627646113984,2.6797198233490334,0.0,0.0,1.361127529320144,0.7809792497746779
0.6000000000000001,3.901105307898981,16.626139288426607,17.18344004669789,3.668896658619279,16.99767312727413,0.1857669194237609,12.492825331247923,0.0,6.641167369399454,0.6966259478391036,0.678009784312696
0.6000000000000001,6.250152333776538,21.40538896611965,26.438697482700757,15.37648096274228,8.960395381166364,0.0,1.2721548997952248,2.7102430473898265,9.458195124564496,0.0,0.7459878527544044
0.6000000000000001,8.155037294757994,35.487154477970336,36.31540045321919,17.26574302249544,5.288031995819638,0.0,4.077518647378997,8.473593439084478,0.0,6.62596780199087,0.8093385451053304
0.6000000000000001,9.665497125872156,43.599040992243474,50.27449224464439,0.0,21.486608718665444,8.691993818230356,3.2681896756546145,0.0695359505458428,3.129117774562929,12.864150850980929,0.7428407695517603
0.6000000000000001,24.79858787807014,51.55495900967214,23.13084658802449,16.387370936970328,10.441510685503218,17.47502830004358,3.1179511074766557,0.0,10.223979212888567,2.320335707889604,0.758836332431919
0.6000000000000001,15.463206384432294,62.328616503404014,59.791064686471536,28.94395041188609,4.202820196794419,0.0,12.608460590383254,7.533356956518298,7.929849427913997,8.960729853542817,0.838123911579773
0.6000000000000001,10.11465990854733,77.36134414427997,59.50264774325108,28.763564114931476,1.18531170803289,18.332821084242035,18.01673796209993,9.324452103192067,8.376202736765757,16.27828079031836,0.7430589179773803
0.6000000000000001,32.231682626184806,64.62950794631901,71.52442974521936,45.10774140726379,31.98246858526069,10.300847024863184,9.553204902090856,16.28198400704181,0.0,2.242926368316984,0.6935750153376271
0.6000000000000001,13.758851751511038,85.04690238902761,92.098313911677,24.93791879961376,18.31647139419907,13.58686610461715,23.6480264479096,8.685275168141343,23.13206950722793,24.335969035485142,0.8148058900224419
0.6000000000000001,35.43155266116259,91.33674656980436,135.93001997184805,56.466115586654894,56.09216780131281,24.9610146715842,0.0,33.74878762712321,27.111214437301197,5.796190672802323,0.7307335319298279
0.6000000000000001,45.22781849730051,130.15341654900016,107.342005909532,50.36285465856607,13.627595966435525,27.156441237462097,0.0,28.143948191551623,24.58892315682932,16.68886752411307,0.8564790564542399
0.6000000000000001,84.03686154119424,137.8546229347926,181.84850724860712,67.80610810502967,1.3881565438824972,0.0,27.656349605043594,0.0,0.0,0.0,0.7700590463593434
0.6000000000000001,106.90887888371093,218.42686821351245,258.8971062767469,94.54297280883377,30.01542656356553,0.0,28.89125328403124,1.911094575208292,7.644378300833169,6.070535709485164,0.7756482476235791
0.625,0.3069612662536325,0.0,0.0,0.0,0.0,2.4849245363389305,0.0,0.4677505009579163,0.0,3.420425538254763,0.8005819309581614
0.625,0.088814426250719,0.0,0.0,0.0592096175004793,0.0,5.713728088796257,6.927525247556083,0.0,0.0,2.013126995016298,0.8128980651751632
0.625,2.42123495916287,2.3510542357088737,0.0,8.912951878657523,0.0,8.070783197209566,0.0,3.789759066515797,0.0,5.78990968495469,0.6954838140618056
0.625,5.575520258576052,5.155446814436761,0.0,1.3365973222613825,0.0,14.167931615970652,0.0,3.589718522644856,0.0,10.081762659343,0.7758876996063889
0.625,2.9272760541064717,9.181002169697567,2.8829233866200097,2.838570719133548,0.0,5.455378100834786,0.0,11.842162218885267,0.0,9.136649502211108,0.7731224978831928
0.625,14.45465868045656,19.28807767139787,7.797307994820416,9.986026028454216,0.0,0.0,0.0,3.2830770504507014,0.0,3.4198719275528138,0.746866289718287
0.625,15.354032454220526,21.957340118098585,21.849969261775364,0.0,0.0,8.750724790342467,2.147417126464409,5.690655385130684,0.0,18.46778728759392,0.766066759742033
0.625,22.71188788366236,22.89504826982093,12.454906258782582,12.149638948518303,0.4884276964228464,30.282517178216477,1.037908854898549,11.111730093619755,0.0,12.577013182888294,0.7246799131188612
0.625,6.676002843715903,26.436971261114973,51.271701839738135,1.0681604549945445,9.947244237136694,0.0,0.0,6.2754426730929485,6.008402559344312,9.146123895890788,0.9046080528567414
0.625,20.07682553857913,43.54899657265326,45.24666932040076,5.978760546415109,12.843263396002826,0.0,13.507570123382282,2.657226909517826,2.657226909517826,11.29321436545076,0.6583114009953761
0.625,15.295561153824767,62.4245236937823,58.69768645833261,27.640709496251866,0.0,0.621139539241615,10.559372167107457,11.491081475969876,9.317093088624224,16.149628020281988,0.776341465374525
0.625,29.627259517304285,65.21261805599482,49.950090425868375,30.280201875812367,17.79267926934527,0.0,25.709605366255783,0.0,16.241941167888573,0.0,0.7272559392542147
0.625,24.97517214800032,63.95669083846028,52.81911406975743,22.10640237424353,41.51278613789242,0.0,11.390703513446091,9.534440718662283,18.140750039932666,25.31267447432465,0.8304329400969626
0.625,31.689642947373294,81.98927011868881,87.6073785636525,26.07153450240961,22.296867890949635,0.0,1.84344183350371,3.072403055839517,0.0,6.934852611752051,0.8279309788321849
0.625,46.79164821128685,88.1985432554018,54.12605338726236,34.53669272737839,0.0,7.241564604127726,5.291912595324107,11.60507148097392,7.798608035214475,4.642028592389568,0.7996387311804235
0.7000000000000001,1.8898172222947311,4.316249211413892,0.0,4.666215363690694,0.0,3.7796344445894623,0.0,1.703168607747103,0.0,6.719350123714599,0.7704524520487761
0.7000000000000001,0.0,3.4570016579306584,0.0,0.3345485475416766,0.0,3.122453110388982,0.0,0.0,0.0,4.705982902086251,0.773823689251259
0.7000000000000001,1.8202779742279211,0.0,0.0,0.0,0.0,5.703537652580821,0.0,0.0,0.0,3.858989305363193,0.84300839117218
0.7000000000000001,4.938934039157873,4.5438193160252425,3.0198053839422423,0.0,0.0,7.9869619033238735,0.0,2.540023220138335,0.0,4.487374355577724,0.7942752914371906
0.7000000000000001,1.2280205063853906,0.0,0.0,0.0,0.0,14.48341832531005,0.0361182501878056,0.0,0.0,6.212339032302564,0.8717930001868117
0.7000000000000001,0.0,3.070864641359961,4.291336486003022,8.464562793492199,0.0,8.661413091015275,2.716534105818427,3.976376009966103,0.0,10.708656185255249,0.8279783055038491
0.7000000000000001,0.7199455370497796,11.561478330269988,0.0,0.0,0.0,0.0,3.896175847563513,5.505465871557138,0.0,0.6775957995762631,0.8401205465089783
0.7000000000000001,7.564720250197122,10.420276900933784,7.915402645901624,12.37407881985887,0.0,18.98694685314377,0.0,0.0,0.0,12.223786364556938,0.7201082914806091
0.7000000000000001,7.522120932399022,7.3956987318545,6.573954428315112,0.0,11.314786948734664,10.05056494328945,6.953221029948676,6.194687826681548,0.0,5.688999024503462,0.855418467053237
0.7000000000000001,0.3784117459493091,22.64163613263366,0.0,0.3153431216244242,0.0,24.912106608329516,7.631303543311065,15.325675710947015,0.0,19.488204916389417,0.7429115474876461
0.7000000000000001,4.797342172637101,6.442145203255536,1.7818699498366375,14.871760735175014,0.0,25.83711427263124,0.0,7.470147097392057,0.0,11.239487375892637,0.7909549954879447
0.7000000000000001,12.630557342940984,17.887205485667867,33.87617691979547,0.0,0.0,9.491170257701318,0.0,17.668178479720915,12.995602352852572,18.033223489632505,0.8064031178156387
0.7000000000000001,45.01842964488418,54.960662340309135,51.06330712370256,0.0,0.0,15.191731558609328,22.82736626869569,4.37458238598698,0.0,9.305929802917754,0.7914147153271924
0.7000000000000001,33.59814478982156,77.4814359438742,55.2826617077421,0.0,0.0,23.655836637731504,0.0,0.0,0.0,7.8852788792438355,0.8611658390359279
0.7000000000000001,49.97373370624851,84.46803173293247,89.4367394819285,0.0,0.0,27.232340547382076,1.5288331535372397,23.888018024019363,0.0,25.799059465940918,0.8573277901726684
0.7000000000000001,40.08129878614334,106.0215000149598,92.99259147653603,0.0,16.1120853681271,35.90409146848076,11.437591465028497,24.46650000345226,0.0,31.32905488246936,0.7679619241896103
0.7000000000000001,45.77255751512124,88.68433018554742,100.53615311356988,0.0,0.0,26.973114249982164,0.0,15.529974871201851,2.452101295452924,17.675563504723158,0.8236562398212448
0.7000000000000001,29.30596837241828,92.50674002254456,82.80761170000042,0.0,0.0,35.2505954088163,0.0,1.5643755358942144,0.0,8.239044489042863,0.7732702025463734
0.7000000000000001,79.25287185630475,124.82327317367996,127.68518243515764,0.0,24.876595888228987,17.171455568866026,21.46431946108253,2.8619092614776718,0.0,29.169459780445493,0.8459337956454407
0.7250000000000001,3.568050978330233,6.65681152673551,15.337293757598614,0.0,0.0,8.334328031472857,0.0,0.0,1.357989551454044,1.384616797560986,0.8020356857007725
0.7250000000000001,1.4745870880227527,4.627934860871409,7.259505664112014,1.0889258496168022,0.0,6.102521948894161,0.0,0.0,0.0,2.949174176045505,0.6749855313340757
0.7250000000000001,6.788156805481133,6.469961955224204,15.061222912161265,1.5556192679227596,0.0,9.121585707365274,0.0,0.0,0.0,0.0,0.5876111218770907
0.7250000000000001,1.774449002688944,9.598155969090197,22.866195102832528,0.0,5.887944418013315,1.935762548387939,0.0,0.0,0.0,3.2665993004046467,0.7126861321557894
0.7250000000000001,9.668071231013377,17.90383561298773,28.19854109045568,0.0,0.1790383561298773,5.013073971636565,0.0,0.0,0.0,8.504321916169173,0.6735959713104622
0.7250000000000001,5.056569597222377,13.547790241614669,29.19453390094429,0.0,0.0,6.439970713443593,0.0,0.0,6.058342819313602,0.7632557882599813,0.7093027214920566
0.7250000000000001,15.038012119743248,34.65714051437517,46.95644181760888,17.87631242048949,15.486164798808444,4.630911017007026,0.0,0.0,11.701764397813454,1.94199494261585,0.7076553032122223
0.7250000000000001,13.532995454623688,30.981921508883165,57.41445305642476,4.8949132495447385,9.041192707982631,0.0,0.0,6.219419187656844,7.486337911068423,0.0,0.6613017649307141
0.7250000000000001,24.16829718767066,52.23470682496562,67.24243975601918,9.095595715790031,12.928739624587264,0.0,0.0,0.0,9.485406960752464,0.0,0.6970407997558266
0.7250000000000001,28.66784760571111,71.41430739437958,83.66926514949273,16.63172838193927,5.835694169101498,19.914306352058865,0.0,0.0,6.856940648694261,10.650141858610237,0.6985305504869367
0.7250000000000001,27.7011659782947,78.33857434095002,105.31288756762766,14.214009364955878,11.710405442719331,10.337461356331549,6.864720431938919,0.0,9.691370021560829,4.8456850107804135,0.6602958514466247
0.7250000000000001,46.72886634529997,86.75665243075768,121.5129220451395,10.453685205353914,33.594749036009155,32.87996714162598,0.0,0.0,4.467386839894834,11.972596730918156,0.6377398121811124
0.7250000000000001,46.22623079695686,119.58735598206452,153.69979464145408,25.390508320341084,35.37227304169655,6.880633934138233,0.0,0.0,0.0,14.536550565080775,0.6936772724121366
0.7250000000000001,58.38716612920084,125.30393565814582,129.9749089484819,21.42555139697631,13.302119587696192,34.72767098467251,0.0,0.8123431809280117,0.0,22.84715196360033,0.6921076263184149
0.7250000000000001,44.41965967471127,113.411897041816,187.7596962136732,32.86844793897075,15.121586272242132,25.41266581862914,0.0,0.0,24.57257769239347,0.0,0.7118807359594138
0.75,0.8211708912600013,3.6131519215440058,8.280139820205013,0.0,0.2874098119410005,3.175194112872005,0.0,1.5054799673100026,0.0,0.0,0.7229381342830489
0.75,0.5663454366678375,8.625876650787065,12.285339472333092,0.5663454366678375,1.7643838603882631,6.992187891168302,0.0,0.0,0.0217825167949168,1.2198209405153424,0.646684923867422
0.75,0.0,8.615860071948541,7.9096420332642365,1.2476518683422753,3.4604683895531028,4.4020924411321785,0.0,0.0,0.8945428490001218,1.2005706657633215,0.7994628714863492
0.75,9.507532850029971,18.37048720175283,29.408893985262203,0.6445784983071169,2.01430780720974,14.341871587333353,0.0,0.0,4.6731941127265975,4.149474082852065,0.6721010296906184
0.75,2.9857136191068374,20.01361160307552,32.32968028189122,10.54330121747102,11.476336723441907,15.115175196728364,9.703569262097222,0.0,5.738168361720954,5.738168361720954,0.7468765154257375
0.75,14.481237867125104,20.563357771317644,26.162769746606017,18.101547333906375,11.391907122138411,8.302576377151723,0.0,0.0,0.0,0.0,0.746614055601163
0.75,2.625077233159952,25.327134045858053,37.28581921914228,10.354471308575366,2.8195273985792078,0.0,0.0,0.8264132030318366,1.9445016541925568,7.146043579157646,0.7845071188452574
0.75,10.113292450818696,26.494719285217727,52.19933759771525,0.0,9.270518079917135,5.899420596310906,0.0,0.0,0.0,4.740605836321263,0.7869996350364286
0.75,29.265381823078595,39.40031938066114,51.33435827982638,13.373319972431409,0.0,0.4797603577553867,0.0,0.0,0.0,2.938532191251744,0.8176575841878275
0.75,27.805479968288875,46.9340725705869,82.49616397211003,16.236296813634404,20.114602530251528,13.278267029773884,0.0,2.037753851103913,4.404177678192328,0.0,0.7769358346201123
0.75,30.60841917382844,54.94940013587297,101.29929202767032,16.6159989800783,28.13059476451852,16.178735849023607,4.591262876074267,0.0,0.0,3.2794734829101904,0.8799640978999367
0.75,28.074247144588742,93.86269376654673,114.3264522273614,23.761636890450117,3.382439415010692,38.89805327262297,3.974366312637564,0.0,0.0,10.99292809878475,0.7443127844862479
0.75,50.86005885697123,89.59755888244214,126.51211773024384,19.59661765994411,24.24511766300062,5.195382356357276,0.0,0.0,0.0,3.9193235319888218,0.8359850344379479
0.75,77.79806349591318,169.57826743579233,207.70051360352855,26.888731623011463,0.0,11.950547388005097,0.0,0.0,16.491755395447033,0.8365383171603568,0.6980231980787931
0.775,3.047609645682181,2.521059288051228,3.685852503416669,1.5636950014494957,1.579651072892858,2.4891471451645035,0.0,0.0,0.0,0.0,0.794170412386412
0.775,0.0,3.4108206584166973,4.787665694841786,0.5789007539514578,0.0,0.0,0.0,0.0,1.2203853731949652,2.50335461168198,0.8575612771594665
0.775,0.7565052810306565,0.0488067923245584,4.880679232455847,0.0,0.0,5.027099609429524,0.0,0.0,0.0,3.001617727960346,0.6707376020304907
0.775,0.0,10.258020919218964,28.79000109838409,0.0,1.4774927249903858,5.023475264967312,0.0,0.0,0.0,4.939047109253576,0.7658008913483078
0.775,4.029646273443297,11.047569558653532,30.83358553050433,0.0,0.0,2.309123145456271,0.0,0.0,1.7658000524077366,0.8602615639935127,0.8166201009526989
0.775,0.0,17.83565339809552,22.60726976174185,6.902629496925278,0.0,3.5208043071565176,0.0,0.0,0.0,0.0,0.5921036160172103
0.775,4.550909685762506,15.316502490792091,29.996856315832435,0.0,7.1444388615196335,12.674038802284828,0.0,2.7403327140075304,0.0,3.865826507260624,0.7807649968566576
0.775,12.07109667624649,30.912504096996447,34.42886704181608,0.0,0.0,9.499428253915717,0.0,0.0,0.1049660580543173,3.0964987126023606,0.7010994317369557
0.775,13.621716715393555,31.14366855869894,41.97118697349895,1.338886685701076,7.21834560986667,5.297334278208605,0.0,0.0,0.0,3.958447592507529,0.7785889906580162
0.775,26.78892594568337,61.722223849727776,62.93378331460793,0.0,0.1346177183200169,0.0,0.0,0.0,3.500060676320441,0.7403974507600932,0.7848004992614096
0.775,38.57712052583199,78.80636612771673,109.70110504990338,4.1303126901319045,14.786519430672216,5.121587735763562,0.0,0.0,3.0564313906976093,23.542782333751852,0.7505763623034478
0.775,40.51185666235169,92.04158229145176,92.1263351296575,17.37433183218012,5.085170292345401,7.543002600312344,0.0,2.966349337201484,12.204408701628962,4.407147586699347,0.7800163289897128
0.775,37.27638698968913,102.3723435800576,126.42754897734466,31.675747565129925,12.027602698643536,31.492120043013237,0.0,11.20127884911841,0.0,3.9479917255089463,0.7432506499920859
0.8,0.0,0.0110722222453953,0.6355455568856903,0.0,0.0,0.4539611120612073,0.0,0.0,0.0177155555926324,0.1151511113521111,0.6996356406518467
0.8,1.4291138649756805,2.151192449384445,6.619053690413677,0.0,0.1504330384184926,1.805196461021912,0.0,0.0,1.9405861955985555,0.0,0.6539480749407497
0.8,4.3081414246615015,5.6495986347357405,9.67397026495846,0.0,0.0,0.3095670484786707,0.0,0.0,1.7542132747124677,0.5159450807977846,0.716836795503978
0.8,0.4571416427491818,17.61753561671847,16.879076039969792,0.0,0.0,4.747240136241504,0.0,0.0,0.0,0.0,0.818119397966457
0.8,2.2686196618855194,13.157994038936014,30.626365435454517,4.718728896721881,2.041757695696968,0.0,0.0,0.0,0.0,1.5426613700821534,0.5554853576353355
0.8,4.410961986460905,9.742894058007057,22.63647524920047,4.362489876719576,6.495262705338036,0.0,0.0,0.0,0.0,0.0,0.7661051061449736
0.8,7.682516250360691,16.811740106308783,18.258447711896185,4.439895755078582,0.5986376298982357,0.0,0.0,0.0,0.0,0.0,0.6122088176811413
0.8,7.696299480197209,19.926035640510584,23.24704158059568,0.0,9.594017160245835,12.282450540314723,0.0,0.0,4.849722960124269,1.7395745400445746,0.6777810314497189
0.8,21.4875172842613,41.95720480242602,32.23127592639196,0.0,3.223127592639196,8.142638128772704,0.0,0.0,8.877737404286906,4.297503456852261,0.6758760200245967
0.8,2.474799156632579,57.85679109424813,67.55532832970012,0.0,0.0,6.086668196042289,0.0,0.0,1.2039563464699032,0.0,0.6726707476771713
0.8,32.84354192160138,58.25217215545564,77.16427761360852,4.836301777466577,12.126846247975894,15.88039389615891,0.0,0.0,14.50890533239973,0.0,0.7794283508112826
0.8,39.862021961559584,67.64215273064647,125.5859166129135,6.903937824270114,7.314886504286192,11.588752776453404,0.0,0.0,0.0,2.6300715521029003,0.8117501077791811
0.8250000000000001,0.1401916000859424,0.3289829548683448,0.2598217654926132,0.0,0.0,0.3065522988545941,0.0373844266895846,0.0,0.0616843040378146,0.0093461066723961,0.8039508754921074
0.8250000000000001,0.2225079836770458,4.860943643406232,4.552855666007246,0.0,1.1467719158740055,0.0,0.0,0.0,0.0,0.599059956053585,0.8185715067912563
0.8250000000000001,1.100948655471092,2.0473782014023816,5.987615494667343,0.0,5.137760392198429,2.800658860408918,0.0,0.0,0.0,5.582002832125362,0.8427680870470821
0.8250000000000001,2.329848672968952,7.128227487535957,13.868146862910423,0.0,1.96927685453328,0.0,0.0,0.0,0.0,0.0,0.8122422199502585
0.8250000000000001,0.5708718374094627,11.856568930811918,28.4557654339486,0.0,0.614785055671729,5.576978719307828,0.0,0.0,4.303495389702103,0.5708718374094627,0.8182860391249174
0.8250000000000001,5.5767470144852105,14.509412586359751,35.48390357004306,0.0,0.0,4.293601683718702,0.0,0.0,0.0,4.046842966263604,0.7839049382953681
0.8250000000000001,12.360060746708358,12.257911484338868,21.298121204038782,0.0,0.0,15.37346398660833,0.0,0.0,0.0,4.1881197571491136,0.8528387046016991
0.8250000000000001,16.042969252871643,16.57773489463403,25.882657061299582,4.2246485699228655,0.0,16.57773489463403,0.0,0.0,1.871679746168358,0.0,0.7683696742742165
0.8250000000000001,9.056984415123637,30.019061552013564,31.78488870213201,0.0,11.107622395906349,28.367158734160824,0.0,0.0,0.0,2.4493731437126813,0.7290972393392984
0.8250000000000001,14.86651692633162,37.13781239834565,47.78930153713498,10.081890789121443,0.0,14.86651692633162,0.0,0.0,0.0,2.3923130686050884,0.7751301451127306
0.8250000000000001,29.397841541802077,74.16433885365895,74.37583411654961,7.754826305990955,8.953299462371374,3.877413152995477,0.0,0.0,0.0,6.979343675391859,0.8155591838046619
0.8500000000000001,0.0,0.0,1.032241359998666,0.0,0.0,0.2616148901374029,0.0,0.0,0.2417094093660788,0.0170618406611349,0.8307699236379601
0.8500000000000001,0.0,1.5790782667179877,6.2505181390920335,0.0,0.0,0.2412480685263591,0.0,0.0,0.0,0.0,0.7391886013261659
0.8500000000000001,0.9611142858375374,3.6575738099928503,1.7486940478432973,0.0,0.0,4.805571429187687,1.8821821430985108,0.0,0.0,1.3749273811286995,0.6715215729350646
0.8500000000000001,0.6695683538882837,4.826471884278045,13.78194861753384,1.4507314334246146,0.0,1.6181235218966856,0.0,0.0,0.0,0.0,0.7412353334819605
0.8500000000000001,0.0,15.60979880055526,19.11227443170478,0.0,0.9080492377054308,0.0,0.0,0.1297213196722043,4.626727068308623,0.0,0.7179860514024936
0.8500000000000001,7.384487601935489,25.646125860775957,31.833128986721903,0.0,2.4947593249782054,1.0976941029904104,0.0,0.0,0.5488470514952052,0.0498951864995641,0.7669067285683617
0.8500000000000001,10.561801924393048,14.604596919376032,30.472567274684245,3.9922600575456975,0.0,9.551103175647302,0.0,0.0,5.508308180664316,0.0,0.6939292630600354
0.8500000000000001,1.7950186863001882,30.88488033781206,31.360032343009166,0.0,10.928496119533497,16.630320181898803,0.0,0.0,6.863306741736014,1.742224019056065,0.7702877045398445
0.8500000000000001,7.5548466872357585,35.2559512071002,39.28520277362594,1.790778474011439,5.036564458157172,4.253098875777168,0.0,0.0,5.596182731285746,1.8467403013242965,0.8082784800995814
0.8500000000000001,12.99289785065125,44.92871219384078,41.40727258945866,10.382175385333476,1.7000053262534347,2.9750093209435104,0.0,0.0,2.73215141719302,0.0,0.8081029387883395
0.8500000000000001,16.171193287347165,60.99425185974511,80.65466527548254,7.045540643864947,3.891822450896828,1.5433089029418456,0.0,0.0,0.0,0.0,0.7629871175147199
0.8500000000000001,26.3716185598444,81.9298037280559,101.2640521665935,0.0,15.185903945977811,14.667360884407838,0.0,0.0,0.0,0.0,0.8109797711512089
0.875,0.0180565083172469,0.0,0.7651445399433395,0.0,0.0,0.0,0.0,0.0,0.1128531769827934,0.0,0.7591780414892381
0.875,0.0,0.0,0.5701970536045368,0.0,0.0,0.1079301565751444,0.0,0.0,0.2545522560734539,0.1282943370610207,0.6442061519066969
0.875,0.8884860817417456,4.084567959118303,4.393070070834187,0.0,0.6416843923690385,0.0,0.0,0.0,0.0,0.1234008446863535,0.7660071097819021
0.875,0.0,7.82948556901473,16.854747115842617,0.0,0.0,6.292059311826382,0.0,0.0,0.0,0.0,0.7041330582807395
0.875,6.869323176837229,12.440755799525489,10.921274175155965,0.0,8.452116535555485,2.1209431006824624,0.0,0.0,0.0,1.8676961632875413,0.8168146734416963
0.875,6.592820103966088,15.547247409352863,22.77966946370372,0.0,4.2312129025454,9.790829855889935,0.0,0.0,0.0,5.362816353226146,0.6792198263610595
0.875,1.7142913283668617,16.675379285023105,26.28580036829188,0.0,0.0,0.1558446662151692,0.0,0.0,6.961061757610892,3.0129968801599385,0.814675796299871
0.875,8.049817178584073,28.749347066371687,36.47060027848294,0.0,3.723724953358619,0.0,0.0,0.0,8.706945111529711,2.1904264431521288,0.7619973069064581
0.875,6.443008752735073,27.845003044428964,39.10626182094853,0.0,0.0,8.740081438492794,0.0,0.1680784892017845,0.0,10.308814004376115,0.769470459507851
0.875,11.760661875129186,42.253511994665175,54.499149617222365,0.0,0.0,2.364256768711537,0.0,2.849232516139545,0.0,0.0,0.7815970529331728
0.875,13.697632273634165,37.72011299473126,71.37911893346043,0.0,20.236702957027354,18.17173326753477,0.0,0.0,6.057244422511589,9.292363602716645,0.7742302828570464
0.875,12.29955490768134,70.96470467947051,86.91685468094813,20.4992581794689,18.859317525111383,0.0,0.0,0.819970327178756,2.608996495568769,9.243301870015069,0.806100404412528
0.9,0.1923215958912333,0.16375898264006,0.7521488156142293,0.0,0.2837219582949877,0.3065720488959264,0.0171375679507039,0.0,0.0933045366204993,0.0,0.9328934958558044
0.9,0.0,0.0,0.0,0.0271486352323859,0.0,0.1159987141747399,0.0,0.0,0.0913181366907527,0.1357431761619297,0.8541271437405197
0.9,1.0115472376831336,3.233634612265755,5.472304728449739,0.215575640817717,4.178850883543437,0.9452162712776822,0.0,0.0,0.8954680464735937,0.0,0.7746506730522527
0.9,4.626763499162206,3.241504966478911,12.190275087613,4.820699693737867,1.5514895566052906,3.490851502361904,0.0,0.0,4.349711792625547,6.427599591650489,0.8533005657215675
0.9,1.93724943390198,9.56764006131182,20.123672690940975,0.4348927300596281,9.962997088638756,9.44903295311374,0.0,0.0,0.2767499191288542,2.925642002219317,0.8166769104385385
0.9,3.5724525507013665,15.95369221272117,21.9730300721221,4.306518143311236,6.606590333488828,11.891862600279891,0.0,0.0,3.9150164939193055,2.495823014873557,0.8756096508104042
0.9,5.314425101486774,13.069147443452168,41.70196839840132,0.0,13.123376271018358,13.719893374246467,0.0,0.0,3.579102619368644,3.958704412331985,0.7901426198404511
0.9,8.140644355120065,25.290268463239663,43.633853743443545,2.98490293021069,0.0,8.194915317487531,0.0,6.403973559361117,8.520541091692333,9.985857075613945,0.2
0.9,3.3416384541866044,17.860481393066337,25.523204055252855,0.0,16.938650095359684,22.181565601066257,0.0,0.0,0.0,2.36219270037329,0.7462075837299877
0.9,16.264413537214757,31.74281452430389,55.3231910280725,12.515738298154108,7.013650447274765,5.623012858590975,0.0,0.0,0.0,2.660350169655945,0.9216214609656732
0.9,10.4110471234971,45.13609249814271,54.900490731981606,0.0,6.40182400761623,15.325578684899458,0.0,4.7852017834707175,0.0,0.0,0.8029645207942347
0.9,27.8571075929226,59.53629854951796,80.04324582768525,5.439118632918924,2.499054507016803,12.495272535084014,0.0,0.0,1.6905368723937195,0.0,0.7992385286417918
0.925,0.0,0.0953393103427325,1.2952194112415123,0.0,0.016277443229247,0.3767065433054309,0.0,0.0,0.0,0.555758418827148,0.9222610324862429
0.925,0.0,0.4087777147981835,0.6606988646156688,0.4515567779747376,0.1307138041505819,0.8674643366356802,0.0190129169673573,0.0,0.0,0.1687396380852967,0.8354936323854438
0.925,0.0,4.412436185931005,10.484416955066148,0.0,1.015250803842532,2.791939710566963,0.0,0.0,2.53812700960633,1.7571648528043824,0.8937794547373227
0.925,5.452500668602323,3.3966397607686605,18.115412057432856,0.0,9.29606671368265,7.389181233952876,0.0,0.0,2.0856559934544405,0.0,0.8558961911295351
0.925,0.0,12.273830654615711,11.757813750217451,0.0,7.371670062832258,5.934194400579968,1.400617311938129,0.0,5.713044298695001,0.0,0.8011022025584686
0.925,8.1789912903657,22.0433789654978,29.42441988607172,0.4488470830078737,0.0,1.695644535807523,0.0,0.0,0.0,0.0,0.8768566190245626
0.925,1.9579838823550355,16.588474558841273,22.299260882376792,14.52171379413318,10.442580705893524,8.158266176479314,0.0,0.0,0.0,1.849207000001978,0.786039425613288
0.925,0.0,25.82846505406301,44.61280327519974,0.0,10.11894410126711,8.385865277293185,0.0,0.0,0.0,4.248838407161879,0.871715360556165
0.925,4.895658827475939,24.714229502559263,47.36402455979734,9.201479242002971,0.0,7.196028637976682,0.0,0.0,0.0,5.780416446899301,0.7682652868439879
0.925,19.062531018164663,30.647155977756693,47.93215194921147,12.87180551065781,10.420033032437276,5.026133580352098,0.0,0.0,0.5516488075996204,0.0,0.6706536051478579
0.925,25.945153839095887,56.405438346294176,70.1530003805164,2.628210388895428,0.7412901096884539,24.59735363966233,0.0,0.0,5.728150847592598,18.12791268238128,0.826121487459213
0.925,30.929141108443044,75.66198003855398,79.3528083331176,5.75769213951923,13.286981860428993,11.072484883690828,0.0,0.0,2.4359466744119818,2.36213010852071,0.8595226246580455
0.9500000000000001,0.2516081669768748,0.4137018899331307,0.2032219810197835,0.1814481973390924,0.0,0.2854784971468387,0.0,0.0,0.0,0.0,0.756999965802185
0.9500000000000001,0.0,0.5089085783405145,0.3621535464469708,0.0,0.0,0.3810896795945248,0.0,0.0,0.0,0.0,0.5996263281319643
0.9500000000000001,0.0,0.9693315957644586,6.84719339986809,0.0,1.0518279017869656,9.631443728127705,0.0,0.0,0.0,0.0,0.6503134556817807
0.9500000000000001,6.243637059582316,12.365447054587412,10.41621402135196,5.847699099706364,2.162430396245582,0.6395920890303836,0.0,0.0,0.0,0.8832462181848153,0.6926939002122696
0.9500000000000001,5.697164237125608,7.861450092569973,6.620168499006294,0.0,3.405567449008045,12.667437800983198,0.0,0.0,0.0,0.0,0.6495813437221375
0.9500000000000001,6.188589677226093,17.080507509144017,33.913471431199,0.0,5.396450198541154,0.0,0.0,0.0,0.0,3.7626625237534648,0.6749216206625076
0.9500000000000001,0.0,16.47215372104931,36.10783365342596,1.1999582180896846,7.527010640744385,12.76319195604483,0.0,0.0,0.0,2.4544599915470826,0.7543689764892827
0.9500000000000001,12.756758998080771,15.731429257722924,38.27027699424232,1.8877715109267508,0.0,4.118774205658365,0.0,0.0,0.0,8.580779595121594,0.728255502157546
0.9500000000000001,7.736666759118353,19.404059371659734,42.98841449219794,0.0,0.0,8.85973128866779,0.0,0.0,8.547768919348503,0.0,0.7667007536039919
0.9500000000000001,10.46405448586662,27.11985718822236,42.90881514026963,0.0,0.0,4.51997619803706,0.0,0.0,2.848204179584997,7.244345413292275,0.7121218922267993
0.9500000000000001,20.08107690474307,41.27390893224008,70.87438907556377,0.7643316468933349,7.782285859277591,9.936311409613356,0.0,0.0,0.0,4.308051100671524,0.6833471775309519
0.9500000000000001,20.776535631527427,44.21304295290438,70.52519534438893,19.266821969720933,15.528483378581052,4.672923238924853,0.0,0.0,4.744814365677543,11.502580280430408,0.6767435008733523
0.9750000000000001,0.0,0.4813922189860482,0.0836221225468722,0.0,0.0,0.0678017209839504,0.0,0.0,0.0,0.1604640729953494,0.6639971565357352
0.9750000000000001,0.0,0.4393909095714575,0.7376303352391308,0.0,0.9106547348631244,0.0,0.0,0.0,0.0,0.132044936555153,0.6578361677965343
0.9750000000000001,0.497375962461302,5.554031580817873,1.7131838707000406,0.0,2.293455826904893,2.40398381856296,0.0,0.0,0.0,0.0,0.7410251383843576
0.9750000000000001,0.0,10.139417216279842,12.865725772923062,0.0,3.675921649406589,1.1334091752336983,0.0,0.0,1.1027764948219767,0.796449690704761,0.6801452528853709
0.9750000000000001,1.0856597668207384,8.80590699754599,11.339113120127712,0.0,0.0,5.187041108143528,0.0,0.0,2.0205334549163743,0.0,0.7677923478743813
0.9750000000000001,0.0,13.754949883030694,29.66369974774591,1.0768999908422607,6.11874994796739,5.188699955876347,0.0,0.0,1.615349986263391,0.0,0.7568352182932528
0.9750000000000001,0.0,11.684004064567828,36.12887892776504,0.2153733468123101,8.184187178867788,2.8536968452631104,0.0,0.0,3.769033569215429,0.0,0.6923734947121396
0.9750000000000001,6.705129275839725,15.10062727668106,30.764710795029327,0.0,9.522410484175744,7.888387383340853,0.0,0.0,0.0,5.85994491333892,0.7326911868118273
0.9750000000000001,11.612496732369744,18.357128672887523,41.23022829725217,0.0,1.055681521124522,16.01116973705525,0.0,0.0,0.0,8.03490935522553,0.7103463929033211
0.9750000000000001,7.521689852314382,31.65127089853892,26.235654204872564,12.27539783897707,9.86845708623647,3.3095435350183284,0.0,0.0,14.441644516443615,0.0,0.7206441672448837
0.9750000000000001,1.8134400456611584,43.3282639481184,64.636184484637,0.0,0.0,10.362514546635191,0.0,0.0,0.0,0.0,0.7774581978423989
0.9750000000000001,13.797461228485622,40.7522952779498,66.42695251239985,4.338376984214551,4.053893247544744,4.338376984214551,0.0,0.0,6.685367811740456,0.0,0.7092561377136692
1.0,0.2031225945774826,0.0,0.3414560857121475,0.0,0.0787975582412648,0.196118367178259,0.0,0.0,0.0,0.2066247082770944,0.6593657632027403
1.0,0.1601397480770183,0.0,0.4440238469408236,0.038215167154743,0.0582326356643703,0.3348376550701292,0.0,0.0,0.0,0.0,0.7513962781190606
1.0,0.0408408444587345,0.2783227918669317,0.4371482980953439,0.0,0.0,0.0242019819014723,0.0,0.0272272296391563,0.0,0.0,0.6842951858258842
1.0,0.0,5.751743013517223,7.592300777842734,0.0,0.0,0.4026220109462056,0.0,0.0,0.0,0.5176568712165501,0.7677838264515061
1.0,3.195249565334208,0.0,5.896687834207674,0.0,0.0,2.8176291621583465,0.0,0.0,0.0,2.6142950989098064,0.7193182338454096
1.0,5.011056480715517,21.745226746591197,28.22741907485622,0.0,8.596950109117447,5.838570394962117,0.0,0.0,0.7815409190106771,1.4251628523135875,0.7245823428269337
1.0,7.974494543778409,24.02910607562368,31.845166952969407,0.0,0.0,0.0,0.0,0.0,0.8977907764518739,8.819474098086054,0.680413349958925
1.0,0.0567599302626016,24.63380973396913,25.93928813000897,0.0,0.0,2.894756443392686,0.0,0.0,0.0,12.600704518297574,0.7223461794406095
1.0,17.89203902380527,34.654680235476654,48.80187388220641,0.0,4.042055327637072,3.625961396850903,0.0,0.0,5.587547070557128,3.923171347412452,0.7588320717204813
1.0,9.09127163302731,26.526587093627636,25.03213148271903,5.10605667060438,7.783622973482286,12.516065741359515,0.0,0.0,0.0,0.0,0.7386448209277179
1.0,21.883259553195103,26.89817320080231,64.93336242421285,0.0,0.0,5.601072385639222,0.0,0.0,0.0,9.769312300533528,0.6836524270718239
1.0,12.788526726207571,58.908851834551896,54.48728674304395,5.237854031478633,0.0,17.006019582722832,0.0,0.0,6.394263363103786,6.12216704978022,0.6528426139913172
1.0,18.661390284306965,63.34252393250536,46.95691295116265,12.289208236007026,7.8893682502761155,0.0,0.0,0.0,1.4413268918773672,0.0,0.6228825085061392
1.0,40.41841472935105,74.62481761407129,86.16141103981421,0.0,4.517826796095127,0.0,0.0,0.0,2.823641747559454,2.097562441044166,0.6944129552537467
