frequency,691.8435471778602,691.9464143446527,692.0492605837322,692.1520858910475,692.2548902625471,692.3576736941795,692.4604361818936,692.5631777216378,692.6658983093608,692.7685979410114,Max_Oxygen_LifeTime
0.2,0.0,0.0,38.8231861661202,60.10127858408987,0.0,6.470531027686839,0.0,41.43628523499418,42.43175154694562,13.56322850034312,0.45973694591830416
0.2,89.45395143853239,128.0419304904485,102.43354439235928,38.41257914713384,0.0,107.34474172624004,0.0,81.03475600902415,11.576393715575886,142.24932277774644,0.971616363897645
0.2,0.0,224.067692717672,228.9525808053573,300.1020377346655,0.0,74.54763994682764,45.02592498213004,0.0,200.28041159503917,214.5103029809002,0.9117780783164717
0.2,342.5527518229865,291.6145377438794,349.0210964679519,291.8840521040858,268.9753314864999,355.2199267527109,167.36841768849203,378.1286473703004,362.49681447829886,408.04474135326615,0.9391676774955388
0.2,0.0,126.21576773858726,98.13866348073188,277.09740276912555,215.17033169572417,143.0095497245957,165.83859711182566,365.52716103919727,99.45067769838955,378.9097060592979,0.8415457954533347
0.2,175.7862543341916,272.5257676771955,191.19608831803217,242.84756889350032,83.61261772714094,198.61563801395596,122.42256998274073,456.8730408913007,284.796561405071,210.31569714983647,0.8653322467273351
0.2,281.66044598327386,420.91538683853696,361.68477851095895,266.5377374741041,230.93636119210296,171.39069643724915,0.0,294.26270307424767,165.4046243190381,326.3984586562316,0.7316352996703497
0.2,237.37345624972247,314.4157183658585,415.7505856537512,381.04686397981646,227.3093769642807,322.7446115676047,203.01677179252405,358.83648210849867,378.9646406793823,336.9731374539172,0.6677301296999959
0.2,349.079221726512,310.6766670811298,328.3418422180075,461.21468129102414,262.67347377440655,305.3003094307772,187.02044112300376,408.2191558804013,120.58402158649672,390.9380062899792,0.7000370427067865
0.2,402.3831388940212,299.8893204964878,293.9843268439558,493.4887552473848,212.57977149118176,408.2881325465533,415.4584819817711,802.6573514835678,422.62883141699183,800.1266399181961,0.6751327152436368
0.2,329.91400445972226,168.61255906597864,661.6557873375065,815.1891744544952,534.6251872823769,488.9307268308903,623.2724405582577,405.30986420467497,446.8918232155272,415.8195901085165,0.5234310677705861
0.2,580.3283547733404,726.8239979180725,780.7960769713947,946.3104527349155,357.75778115345304,861.4971856511246,370.0942563656399,570.0479587631875,759.7212651505753,606.0293447987344,0.6944522570889506
0.2,680.6365089905438,551.7029263931483,659.0553513884042,991.6265236675227,625.3002074465991,671.7827007435119,457.63121376843833,616.9997622150091,703.3243926235638,846.6454136223857,0.6630253734709786
0.2,662.4468735855207,953.057082433663,994.5728265548264,770.7488147711607,882.0591432119674,993.9711491037962,903.117853998062,1471.10136777166,536.6962863199709,1055.943926560028,0.79822163316433
0.2,792.6364131924239,931.2823864571022,1005.1833061689392,1154.9471169123883,1086.9321111599063,805.7162219909784,274.67598476965094,848.8795910262087,669.68621048601,1222.3081322249484,0.7036243975064377
0.2,746.6541083505603,1019.9632176879054,1135.73490475306,1228.7918937231457,719.5430170758112,1390.7257091750362,1198.0171414653248,1042.6779157829742,1205.3444634314733,1313.7888285304743,0.7339582087744879
0.2,828.9516091939564,1519.744616855586,1370.2082481382454,1850.5125628770952,771.2500756128121,2115.451998756736,1112.5830911632645,2208.9122292050797,1737.5475886830243,1298.6908544038693,0.7500676178642665
0.2,1362.469020919512,1740.174193719506,1910.3690547161316,1984.9999563296249,1642.789968443366,1829.3672224770964,1514.4612229860174,1965.8871644530009,1951.3250373089095,1988.6404881156536,0.6612667032813783
0.2,2130.896753213606,2927.3247313358625,2280.8251175864207,3049.6067306470222,2424.373551560397,2906.058296673053,2220.215778797414,2655.114367651889,2393.5372212993207,3120.8492867674413,0.5525249130712094
0.2,2073.871706308099,2718.422890929484,3222.755923106917,2815.6709643986733,2155.288698049755,2872.210541997046,2104.4030782112227,3292.8649993289005,3223.88671465889,3174.1318863723222,0.5601010204217014
0.225,104.57794021517212,196.44248377673628,177.98755315052992,252.21738522482852,201.1587438256572,271.49253498997854,249.1415634537948,101.91222801361025,227.40575627181815,293.8435065261622,0.8247662403650454
0.225,248.30581299344087,265.1737403496392,269.39072218868824,322.2270240544256,123.78081986386472,313.0488871106126,205.39182133723295,324.45954385157154,278.3208013772653,266.1659713705916,0.7810588398643363
0.225,82.6348240326543,351.67213637503414,409.38104627324856,421.5730694911799,76.67427934833297,417.50906175187,218.64361637492453,228.6681687985593,264.16050305520764,239.50552277005465,0.8336496532846075
0.225,342.5527518229865,291.6145377438794,349.0210964679519,291.8840521040858,268.9753314864999,355.2199267527109,167.36841768849203,378.1286473703004,362.49681447829886,408.04474135326615,0.8326921862102807
0.225,175.34577736195217,575.7851708470422,291.42406780471526,394.91185584495736,313.53421836524376,365.12456967313824,239.8337164968208,425.31331286568286,354.3765798173282,292.03823865361954,0.6972630871582721
0.225,352.2761801170203,520.5274900236564,429.1722865977869,554.3749215087797,444.2886152222134,456.1187854500216,161.67899311340838,409.4553362181058,446.9175419395037,598.0808281837467,0.8245197440059927
0.225,390.5864500761259,260.1603281286504,533.4670558169943,681.1910719219592,183.70363595254503,510.6338355291076,22.83322028788664,609.5777901099528,355.9906617611468,707.8298289244952,0.8684417707442
0.225,356.6207932416315,465.8359111718793,377.79515284035233,728.472266194623,264.49375498754506,507.81315037636426,229.20315565633945,290.1258745017872,508.55611036228527,400.4554324109153,0.7852449718092277
0.225,367.1404618565479,681.2540212839776,352.5681833264093,815.6428121730327,449.7167068606659,316.9470580305146,367.5452473712732,483.3139045829317,277.6828631020872,593.4155645884206,0.7001181046785798
0.225,245.888123602188,743.4447426091442,613.6086990434327,686.9749565377551,412.1849739226543,847.9360790404543,377.9473870919685,774.5698215461318,715.8768155506739,751.4483343357992,0.8729390368811302
0.225,637.0059502870663,817.5147206890691,477.3981954052974,504.9495340456008,654.5818042472637,605.654427006719,543.4264035260285,584.7534114864884,669.782542807433,884.9679980498164,0.9409197834843136
0.225,583.5200162476028,749.867545454917,1062.225445126334,892.7491222662173,785.8486724621453,754.560735934121,656.5252014796545,678.948222658073,1130.015974270386,1036.152164686317,0.8786739544765398
0.225,379.2441446322984,806.1038761091289,840.2750619622624,845.8768957086734,661.0163820769786,1081.1539130581098,573.0675922582616,1099.6399644212793,705.8310520483014,816.7473602273183,0.7488796733202973
0.25,152.999482969476,202.45708434647096,173.1016048194808,162.73146259527212,155.7116740127314,175.01609261471967,54.24382086509105,160.9765154496372,196.07545836234289,187.46026328377013,0.8907084191471129
0.25,183.47556087462968,208.24863238512825,185.79803632873936,281.7936884319209,115.34961422075916,263.0203451778707,197.60395322046057,212.89358329334755,219.8610096556753,249.85965093791927,0.9102083319707164
0.25,148.85272534471565,364.3594400447385,341.98442595020055,300.29624179511404,134.01455810307507,275.0949101307392,227.28303790767396,332.5633673840796,306.6554563272471,281.4541246628723,0.9443221441693939
0.25,317.85292861232966,280.6434349083294,248.67471496545744,308.41953584230174,297.9379883200489,294.5314853753165,254.96364347881055,343.79475872990787,461.7121683552565,219.32638190314864,0.843301338754155
0.25,257.9400516037982,346.5610932242157,403.4898418148148,179.58966050230205,193.67512407111283,357.4186380585047,244.4414823503572,361.8203454237601,238.57253919668736,443.1052081020892,0.8709211639441403
0.25,255.38759333344603,460.7476290852504,279.47493587275585,459.20356866606295,268.3577008546151,384.7798564612749,184.36081405086756,385.706292712789,332.59061429277244,350.8105272391731,0.8162583665516217
0.25,203.21297720390876,218.03402092218477,421.9057111802399,564.187730875682,296.7502308925809,565.1758004569004,175.54702892979606,349.77663175129925,492.38800797381776,376.7838669712677,0.8839646218926953
0.25,494.3347017579016,573.5736465985051,573.2101652001544,725.5088711093907,393.2868730162149,516.1435856589848,317.31926076076974,626.2784493594597,405.6452405601616,408.5530917469717,0.8620823431292292
0.25,620.1101431465839,608.4246504993472,671.1367943728418,903.6780980528076,235.6574350525657,436.25839216342615,303.8228088280999,643.8706448626286,262.92358456277884,471.7043865267051,0.920458161603352
0.25,402.25608713141816,554.8941411582235,558.2673578218009,645.5493389918252,421.23043086403305,490.8030245502836,398.0395663019485,560.3756182365372,670.4268118856999,776.26148470539,0.8298172285604452
0.25,518.1886748791236,568.7653092423265,771.9591560699292,727.1500326428811,546.1389201851061,766.6352998211701,452.0841264570449,690.3266935889717,851.8169998013014,600.2647920474798,0.8914172453042928
0.25,597.8896864603591,595.9764394636867,672.9846310797807,978.625838798317,495.05266038917904,899.7044001855506,534.2742238209786,895.3995944430384,612.7173506845777,744.2530817058574,0.8738477512417712
0.25,617.0529112984897,851.4813813650312,856.1286417848534,1149.9387727713297,663.5255154967043,880.9140306905647,300.5228404817739,953.2047483322334,900.5357969075927,1012.0700469833002,0.9391192474088602
0.25,535.9998825225009,796.3582775970789,957.3765722448776,986.305282808719,633.7025087664244,1002.680024637308,790.9000303208826,1152.7818247327175,1215.551668408978,782.1668346789676,0.9311141893419929
0.25,1000.8321594623296,1107.7406037742385,1264.1772539255664,1176.5968899412312,1048.5483577710384,1255.7212187822486,806.3433511660899,1169.9528623286285,1157.8728121238933,1150.6247820010506,0.8825515117549522
0.25,764.0864157544677,1138.788776696717,972.8218025144612,1784.7833069753497,825.3665292986886,1417.1026257100405,1094.105360570726,1547.3228669915068,630.6745018925795,1445.1893444178097,0.9153880401320287
0.25,1219.0942580819635,1159.4464356689334,1395.3569243137142,1465.057750504218,1005.9705779994651,1423.5053348906486,978.492367674361,1765.9776635766762,845.1225175598449,1325.6560981232146,0.8366406301068983
0.25,1290.142260771671,1665.405072543419,1323.2951783530086,1734.5324326066363,858.4489509891362,1693.6203215488129,782.2677786745656,1610.3853369829033,1038.321163398528,1462.960660929715,0.7023520808996986
0.25,1280.238150193131,1658.5074564891595,1629.8735249368735,1770.7826091547165,1360.1117487337306,1580.8944314921675,1118.2303795683413,1956.9031642445989,1418.1331363528452,1959.1637377881957,0.755610973873429
0.275,69.95562481513731,227.60924305794796,299.08564232558854,188.4070571712039,174.3821372203433,196.1799043728858,41.39886009591508,179.95831021285423,255.4901080205036,224.3987192137747,0.7349682530279553
0.275,362.29069409003614,112.42089488184553,335.62150369835695,321.4663180289276,183.8122660841867,199.4034850823972,74.87888071509752,284.7448943357707,241.6638944722897,263.8198372592216,0.7725901930008846
0.275,129.03334693252356,431.21198938327626,278.11757958582325,326.71149086205554,283.7790061422772,410.4534253429448,172.67350997185892,354.3109453247729,308.31185455358,311.1425678318062,0.7802447031227839
0.275,397.68055913285536,410.44889815518,512.3296032708233,500.093278374426,267.869112405878,444.7638092776817,251.37667450203855,308.8342001025066,380.6561071030886,322.9325744396559,0.7744336608163489
0.275,308.85846655022107,503.9899783629556,574.0218399644604,620.1111847791251,409.7163185147799,383.67883150909176,277.43391326749514,392.0587123844864,297.4857710764738,441.1408717975058,0.8173128926325012
0.275,425.20446050442825,564.6946115748865,424.242459462565,482.60385600238754,500.2405417699171,486.7725271838036,240.17959345235008,362.3537257692353,450.2164875929267,476.5111827372407,0.7840962965634557
0.275,242.90632431205432,340.3452765965488,339.3086919977796,671.361291804157,537.9874067622621,621.9507592627305,121.97145445541402,557.6825141389166,603.9832928840314,545.243498953662,0.80167380927598
0.275,391.42613629008497,703.2706938128168,492.97367118778834,929.0519150215424,365.4991061034372,628.0102867432441,326.968658464946,368.0197895938053,585.1586674069799,693.548057492827,0.7916037598162216
0.275,638.8890893065746,666.7498440971234,479.7392982427487,624.0045764732645,428.9792929394202,683.1609736312824,453.4051601530513,711.7850367722583,372.8761291831103,636.9808184305084,0.766825166377979
0.275,557.3743104831287,636.7591972060442,588.0361979475351,706.0634633927199,472.94911349209065,784.1882725486047,656.0803865671775,621.2182405460057,640.539429907139,792.5887896621434,0.8298172285604452
0.275,662.3505770804143,681.5744724574201,758.0331472523219,657.1076965230515,506.811787211928,776.8201359162119,619.0968124821555,751.9164532687333,553.9977122282111,904.396896145424,0.8419934897076728
0.275,539.5679978990527,829.7130533730702,706.1584603721737,733.4607861663766,739.476552866798,484.03784374134455,408.1466330591453,674.2286217314926,606.6669341729478,654.3303164916448,0.7573560230931569
0.275,731.0525551004545,652.8309156246975,900.7787539629448,756.6344749290038,526.889156468768,721.7053151630993,583.9565160862988,1068.0451528419194,826.4927944608127,647.4193556609705,0.8159663184531726
0.275,600.1211940533312,866.3794707910306,813.3358297221923,1236.644886879394,637.5637642195704,1242.3652795436826,515.8754111792949,1078.0339993696348,684.8870126241235,1059.3127142865153,0.8465959102028908
0.275,804.7439987951484,817.7146448864506,1198.374910609455,982.3854561325496,940.6538121866226,1055.1338624707262,502.47155075436535,1116.603446120814,1006.6349249119444,1002.6873369711136,0.8661823154686811
0.275,1085.6672391798652,1385.2851358639175,1260.5438203121894,1169.2260151475266,1398.4158006588375,981.8156176200544,786.049342495813,1297.5484210978736,1229.5077035242034,1098.797903974785,0.8753687785904483
0.275,1236.1900625644255,1327.2055689357826,1024.2361436174224,1140.1874051590185,1066.6269274068238,1451.88434478696,925.739910694993,1382.0642303103057,1216.8648523074949,1678.799716836107,0.8164756490907241
0.275,1009.4026586683094,1287.4966984833636,1223.8761280539752,1364.890794469628,876.9144604545376,1068.432053912073,519.4586781450978,1055.9702926939487,930.6967983432976,1393.7496099221314,0.8361569321063043
0.275,1494.8113993333657,1318.5765326505964,1220.9041968987008,1666.7996427225737,1327.7775497866494,1824.632475133246,1106.953138521489,1117.569696755393,1683.0783653478943,1404.9245396196677,0.7819711433974208
0.275,1068.853657527216,1128.5620342580482,1402.0411424943218,1866.43962817856,1575.2691490590794,1337.172782589221,1298.8414790089337,1779.4570546694538,1559.0520590828078,1279.6758272187951,0.8320106428086772
0.275,1515.089912422775,1494.8783486859904,1799.6065404098142,1731.1981708391595,1714.873446282529,1586.6077533375542,1377.495805445442,1978.401142696755,1165.2743862092104,1765.4023556244897,0.8289673586522995
0.275,1204.2104605818793,1273.1847794157418,1374.6176012302578,1833.9054184063607,1339.7247105260665,2109.802693741833,1428.1741311483192,1790.8979019570147,1919.9204513050704,1710.5631070799177,0.8365105221819555
0.275,1455.0209209450893,1420.8855327704257,2057.510522227928,2270.003313615211,1392.7238375263275,2171.86407261305,1567.667701921482,1990.9465152873304,1685.434791124081,2055.8037528191926,0.773445122916722
0.30000000000000004,128.4585954504688,138.9596900393647,185.4234373299604,210.59729422114935,110.76497032123336,243.39523348509945,127.30779056401488,126.15698567756093,180.3886659517232,234.18879439346492,0.7407217240849905
0.30000000000000004,239.67760014838288,231.0972564676528,176.56440551901537,303.3628176897992,298.0239371773458,252.6434528214859,204.97487681743223,303.17214338578464,245.9698521809192,232.0506279877345,0.867026873689901
0.30000000000000004,279.21434059161646,281.6812946048752,327.8806152168215,338.64550545649735,326.7592724835227,272.71055273847816,261.94566249880086,248.4895496992069,254.9933375523437,378.116769668646,0.8479892845776956
0.30000000000000004,307.48366684553514,235.3735418379935,337.1910070775156,383.40242521615016,309.0071201907669,427.3286633369414,270.9207865600213,376.8007940534896,372.9921606904162,406.2542253945972,0.8758760872989872
0.30000000000000004,444.5513100338149,485.82265181414107,403.8695588503492,560.7006576155936,402.10078705976537,566.5965635842117,293.9109125356187,500.5624167356901,310.7142445461819,508.81668509175455,0.797632544766235
0.30000000000000004,386.7311719427946,539.8055186615763,505.17770661314114,533.3330304282222,588.3491804117186,515.2100633748382,349.8379890126886,639.4818374552008,376.69881518110174,436.56933133960894,0.7840962965634557
0.30000000000000004,430.7495539233976,433.1070573459648,536.50042173571,661.111316928562,448.9360088974908,588.3654970321943,408.1848783073957,680.9817029187734,480.9306982037635,482.9514154231074,0.8105519957228438
0.30000000000000004,455.5497034038458,548.7136524091399,635.6422190006966,699.8299791421393,427.67387614241926,336.7106503419726,373.0225832219888,569.2537356544041,498.8305930992192,653.614791840301,0.77806321886658
0.30000000000000004,427.5840084777247,785.3267088556393,476.4729241475931,823.3514210433137,457.8485753209762,678.236703102598,551.358326721276,850.1239224815768,445.8203500371213,688.3248920503484,0.6703456165782044
0.30000000000000004,520.9962706427558,562.6265106229105,481.8391142257765,799.218171500237,533.7738690525057,808.2861445652225,468.237154628297,647.1235323648142,567.5726777492694,892.3709857132641,0.7814791732500574
0.30000000000000004,712.2996972770541,816.2218415606357,509.21850698955393,727.8880189195914,561.1795791313461,553.8184272445901,558.5815255242533,993.3224957772412,819.6859130367567,692.8142952238816,0.804430205528871
0.30000000000000004,844.5688336955129,565.5221767131012,855.7121278179376,867.3197258621321,604.0594022198255,583.6300296620434,524.6634315975431,876.6058042974865,909.5713827429968,888.6777062634479,0.8523502692667881
0.30000000000000004,940.4237288903148,955.9307159092526,785.353858700956,820.3696358404878,837.8775244102555,713.8216282587658,765.8450685803587,995.948746925864,843.8802290627481,867.8910476727114,0.8192687141174579
0.30000000000000004,696.2866936258927,1173.6962831164287,738.5170996002443,997.0495849554204,559.2953766847074,893.5335898231695,708.6468124476564,1034.644946371614,873.4483967378103,974.3893671155258,0.7077329333746215
0.30000000000000004,848.1107591536849,941.5466902468854,756.3334540562183,947.0754435660097,851.9808864770752,967.5318308467728,1022.2664887061036,1102.9862871653218,942.0995655788004,975.8249608254608,0.7396000724320938
0.30000000000000004,1008.682141628866,960.4559793274834,1192.2901812341188,1405.531163940221,857.6122356245443,1185.8987621339372,610.0900050174572,1172.5348858335549,1188.222914534003,1498.4972599428822,0.8241658209092182
0.30000000000000004,1027.9428098487545,1374.454095305188,1171.3057536555557,1193.267736536593,993.7797253671346,1229.2609862583042,852.8570018804485,1169.475588415468,1109.0801354926043,1304.2977611018612,0.8088869096929134
0.30000000000000004,771.0561780116799,1650.974924180399,1316.65733321293,1182.6726339427275,686.0274265517463,1241.9350970814696,1089.9139959864349,1377.2081107677334,1371.4106958954642,1374.6314819356107,0.7500953902929088
0.30000000000000004,826.3910372856949,1251.5483782217557,1322.635779278591,1774.4508956109696,1427.8998154589074,1365.014806831704,1179.0939117599844,1631.5925607948357,1383.4701897983853,1657.566803488676,0.8399572348441947
0.30000000000000004,1462.66318038514,1578.588540082987,1559.9832354401228,1957.1349307012536,1288.7751408383797,1364.6275366900536,1122.758576332824,1826.897798201209,1707.394495302814,1824.0354436407688,0.7962337857581046
0.30000000000000004,1517.5186171610198,1843.6585358639245,1455.715847178502,2315.7423451279487,1670.1640129009672,1433.3774965824132,1209.24937893498,1464.6511874169444,1773.6650373295138,1985.1347563058248,0.8213576247342389
0.30000000000000004,1549.3127152810218,1596.3328280361347,2046.9422419393184,1864.3474707402856,1725.638138112703,1597.900165127974,1449.0031414034445,2116.688742526076,1671.5650084443216,1666.8629971688092,0.7957711616736298
0.30000000000000004,1357.8044310968426,2081.858321855492,1596.986278156444,2379.6153151337708,1416.3795773155257,2059.892642023489,1448.1077815173044,1487.9714226939043,1492.0391411813152,1905.3193395019848,0.8035843122847343
0.30000000000000004,1926.6125864345051,1746.5311774162517,1581.0975385095353,2071.367020477884,2032.5935113591252,1920.5811516826984,1460.468843473384,1868.8831395243503,2020.530641855512,2342.7815843092258,0.7433503506397324
0.30000000000000004,1825.4317583752857,2073.025355231996,2260.319404514749,2538.976404667126,1931.4127813840648,2322.4462111060952,1534.8975746098492,2351.6823553843856,2053.839135549375,1984.4032928884544,0.7786844305942255
0.30000000000000004,2554.0303187049035,2094.4947520680344,2373.6341251904305,2826.5235162767613,2189.4401170756546,2255.901872580984,1765.034335491602,2310.970184285404,1832.4455446470124,2425.8540759446214,0.8174794864497246
0.30000000000000004,2010.0300951869767,2383.096405704046,2739.428871158352,3054.418895869334,1878.1280223392573,2719.741994613916,1903.7209618470188,2856.5657865977546,2067.122037165845,2734.507152022247,0.8171196267616777
0.325,89.88750853800114,161.79751536840183,185.13672811160197,253.5773925072023,197.59482140020305,175.20179295740206,149.65481684660116,266.6662753294032,144.6085005778019,128.99645962120195,0.6904838691894314
0.325,250.30089560426643,269.5686623881912,195.73890181427225,292.257808320665,224.73058828354323,287.75599365152306,198.6200632025217,321.7897125502343,216.8073944658547,235.5349434894824,0.7902560967884147
0.325,238.6557620509976,270.65092745243754,273.4681118274081,370.4597453085034,207.4655064709773,248.1134524526809,277.693888389862,211.69128303343112,231.00911874750943,192.17221986399824,0.7698843571903901
0.325,288.0589278873685,340.8257589741471,256.638678467514,352.5783713525661,327.6340512024537,255.1995830742379,193.3184811633804,383.0392238435722,317.0806849850986,375.1241991805539,0.8540364758011214
0.325,331.1744712959779,431.2627559543185,516.0434206060893,441.56596172796986,365.3222390029422,342.9495636087234,339.71141322271893,496.6145182900588,325.8756797552432,602.0015944891342,0.911080856110562
0.325,367.51323977730186,555.1588886583037,309.82597639074186,676.0428731705912,214.86885182747164,643.9583839836844,261.8612854850605,538.3064296914451,520.8057992258604,654.9772994620175,0.8393893428768292
0.325,385.1868336877078,612.7158005637008,698.7110006428187,630.6314672468518,496.9805937905607,483.36468711136393,451.47480041535874,614.1490538983545,331.08152030459735,619.1654405696357,0.853862127489083
0.325,372.8400223058064,494.9772709921897,523.3373132568304,668.9188635486499,567.200845292809,754.7552581362969,279.4409497809223,664.3812567863117,546.4034809654056,546.4034809654056,0.7881536447098433
0.325,431.7597722712935,553.0907609076812,943.4600286943236,750.304341099271,747.4638162816971,767.75327926437,465.4402808225335,567.2933849955564,862.7079660232843,760.0432833309562,0.8422857745123126
0.325,558.8884473458243,581.6657878414263,719.1734360185892,741.1071713106522,706.0975553637071,696.3960955229871,515.0209767616983,903.5011729922708,582.0875904431987,868.4915570453228,0.8507270960130764
0.325,765.1357767171872,842.4633286194558,640.3263946994905,1045.5046783511443,628.5689891470985,737.5510944596514,478.4359644011737,925.6695832979232,877.7355452766346,624.0469100884865,0.7855066817485893
0.325,568.0153707835861,821.005151968767,1109.3747301396172,802.1036165928655,842.3299611108181,896.6112934723858,921.3286858870314,973.1867444824626,753.6381412700355,1093.3811232830833,0.7770964449164884
0.325,922.7992983638508,1000.1627463910644,841.3907027273691,1223.657151803022,859.0882235179098,1147.8106341292803,910.1582120848929,831.7834771553612,881.3365353688724,878.3026746619222,0.7981384129485255
0.325,703.3201969037515,1005.764378527727,686.2733430304019,1125.642254153228,862.2408668843523,1002.4649874554648,954.6238169076744,1260.9172881159548,910.0820374321426,1397.8420176148086,0.786338007417429
0.325,590.386614066534,1404.8356178089196,1212.1893832992582,1179.5877128437762,1127.425040115009,1285.0985735906052,893.2857704801876,693.5264442347834,1243.6055384654528,1361.5643097498275,0.8731201779845464
0.325,1181.507617781647,1229.8362393916598,1139.5380253308465,1801.5129608048449,1078.4913454024097,1451.7663570481668,1098.8402387118856,1472.1152503576518,1550.3313090159606,1240.0106860463998,0.8598952948851466
0.325,1215.5306284538694,1654.7114495246667,965.8003576489058,1895.1679171697651,1364.5738935231466,1218.8427010109622,1087.6846277500017,1320.8545357694932,1727.577045780759,1516.266816638094,0.7899872613901785
0.325,790.2256420140584,1594.375964944663,1588.1098585322209,1489.9408580705622,1233.726729206093,1503.1693049412831,1168.2807288983192,1851.286327854968,1371.5810702799097,1476.7124111998412,0.9136288311130605
0.325,1294.753338433133,1422.3006317953864,1122.7128032003218,1868.7161585632784,1489.0404946012206,1497.9391429753282,1675.9121104575445,2084.5083816354727,1765.6401482298345,2060.7786526378427,0.8563762312848724
0.325,1417.0957077980138,1772.1499737936572,1624.6658940723917,2429.195450647142,1638.7119969029914,1834.5770974852023,1091.6943255558497,2049.1703351748856,1570.0421608422937,1920.414392561076,1.0
0.325,1603.20065070683,1680.6942372534677,1654.029777366456,2226.482400565825,1399.0508796968686,1716.5246052266448,1306.558534463776,2083.1609286731173,2031.4985376420236,2116.491503531886,0.8517081958335102
0.325,2136.2338251899278,1981.7649865566416,2222.2448830652825,2691.7950459562485,1789.556602120899,2591.741366386963,1933.4934744837367,2417.963922924514,2312.644260219996,2611.049971216126,0.8584751997628941
0.35000000000000003,316.83878907794747,294.2074470009511,231.13305843450755,411.55514665945054,247.2683671375519,442.3589178198068,190.8995614087372,299.8652825202013,249.3638617743108,344.70886774684163,0.8523549816245227
0.35000000000000003,305.4114838560658,335.0585154168234,335.7643971206511,473.4113293670282,253.8821194766538,424.4701979016502,316.47029721603064,350.1173250984792,319.2938240313415,411.7643272327545,0.7463067162827757
0.35000000000000003,363.8636340012969,490.8602100973326,426.5714869283858,343.3123208571248,266.37663575330424,344.36623435169906,280.340989556395,396.2714739594148,403.3853900477832,486.9080344926852,0.6192042971891081
0.35000000000000003,253.84153575821097,357.62205314002125,474.585501108169,417.3659726057661,383.4269385430658,475.42696476261625,193.8171284076511,381.183035464541,567.9879667517988,345.5610740929463,0.5540864987958815
0.35000000000000003,558.7963351471225,493.7909449286661,357.5296462015152,872.8848792314964,348.7789205951856,580.0480973339264,312.2133885973027,550.3581354553062,358.77974985956416,486.2903229803833,0.7302500020489329
0.35000000000000003,411.596008758748,658.6195749128349,609.1489007831772,650.3744625578912,468.322381760756,483.8231929880456,317.9315324065964,721.942037798797,465.0243368187789,486.7914334358256,0.6804298684094228
0.35000000000000003,315.1946951688993,587.739283070721,429.6218122269165,572.829082969222,453.89423099680033,486.4886219163549,467.0706869004493,621.7206693485563,541.9684362475149,255.20714592333485,0.8338688810904584
0.35000000000000003,508.9910710236316,729.1850343577676,624.436147277541,650.2545349381617,344.8598923239841,541.8173067635611,305.0258085047408,475.7960011742654,594.9294185225514,558.4148416882454,0.7947853517880402
0.35000000000000003,822.011079791146,661.4467431001648,619.5433674271541,878.7960281330779,633.2500790958974,834.1513101263193,501.6656470759697,781.6741854517055,720.9730337758473,892.1111194684293,0.872504444314464
0.35000000000000003,841.4536040647768,957.891683671548,698.2096356276679,1055.900714707467,644.1790159540222,962.4989458142638,760.1982535478203,668.4718527065125,760.6170955607935,765.2243577035065,0.8146116015808736
0.35000000000000003,924.5437963717736,833.247323223307,766.8903744471069,1188.635545528066,742.8415473738539,859.9682421935917,379.88239802751553,667.57762560756,804.7450096550102,815.878725892626,0.8459107878036762
0.35000000000000003,792.9937146439796,773.3840992637591,741.3391180326709,953.6969041013828,693.0325045350576,721.2512193504947,645.6824576413586,1096.7036113863974,616.0288929200515,854.2139772944194,0.8494062754673287
0.35000000000000003,761.8768778111992,1017.05595562305,1083.988172754027,999.2770854476356,606.0503098031461,1208.440263981939,658.8640123830551,1113.7939256951674,977.3149517015364,1008.1665205353428,0.794213019500791
0.35000000000000003,947.6659566098356,957.016114045912,753.5126874959217,1013.1170586623998,837.1140951597051,1038.967493926857,540.6591035098478,969.1163177867272,816.2137432437584,1244.1209482596892,0.9166130334041646
0.35000000000000003,832.5492418920437,1150.913116195438,1338.729328308658,1331.3398379960054,1047.4602518183208,1205.1027118215482,784.5175548598135,1483.4401802647471,1213.1079929935872,1239.5869999472538,0.8443615931248561
0.35000000000000003,1517.0062042505358,1466.7742107323054,1400.4679792882432,1444.0023736707053,1221.6420823633478,1608.0935524969234,1202.2190448696315,1358.9428646465065,1286.60879398026,1677.0788235952948,0.5672028010280062
0.35000000000000003,1005.8901337805122,1305.5779997250957,1253.2401666773585,1824.654590499929,1399.4993165641936,1706.3567486797,1609.5676053722386,1950.121998491087,1676.9615273789177,2008.9124410926563,0.5053471891170971
0.35000000000000003,1954.6617214398616,1863.890338862174,1812.3506555341671,2273.9000584715554,1504.6510535759048,2360.055947019873,1445.418880198937,1849.2746077691609,1845.42836274468,2192.359663952623,0.582362436670972
0.35000000000000003,1832.300556426996,1827.0201513652455,2318.9778896182224,2605.8798979732637,1591.162058607116,2169.3664128686587,2290.815729288892,2565.3967924998583,2345.379914926968,2107.7616871482523,0.6153543183338227
0.35000000000000003,2086.5293406492497,2598.694664284116,2165.1055363270616,2965.0680103963023,2450.062583303208,2868.5044928163466,2212.440593964294,2515.38496284259,2696.20488301682,2689.5779749476087,0.6006659417228113
0.35000000000000003,2363.526146079679,2267.58597270816,3085.076199978006,3006.125432307685,2573.39527532989,2779.2668973562754,2258.5915814545774,2802.252563893209,2483.4513627940914,2928.174041443329,0.6004280235961192
0.35000000000000003,2791.266789720398,3271.578634646863,3139.492877292084,2899.3369548288515,2538.0114533046303,3747.5240082558166,2040.233723108104,2956.1010819565336,2881.8710695588047,3330.525997433297,0.5690224900158267
0.375,285.63005354134253,286.558177192167,388.4197478701945,511.86019342989727,283.54177532698776,294.6792591368848,182.14426647437332,477.0555565239671,424.8486011650695,412.3189318789333,0.45973694591830416
0.375,288.3496754747418,416.79634909531,469.4856988866033,495.1750336107169,289.3982197491968,502.2527074632784,213.11662378269625,452.18471835812073,407.62158669384206,501.7284353260527,0.5843958185975948
0.375,326.7648131418845,474.85666519838753,466.3619126903665,660.3254282901855,439.4618630816344,425.0207838179974,235.87096130605687,507.1367247288706,430.1176353228112,467.2113879411688,0.5565096326650063
0.375,281.05552110946616,640.5671237842431,671.7605056114144,582.9066301037132,467.2705580777352,492.16224660648606,309.72822561727094,490.27173861696224,611.5793346115202,731.6265919463905,0.45284481909635943
0.375,674.7521595922564,627.8711162458956,699.1972750514294,571.6138642302617,589.6965523781469,698.5275458607662,258.1806030003118,729.6699532265641,482.2050172768494,349.5986375257158,0.5545697635220345
0.375,616.1362164557527,763.5127892491945,785.7651925670172,712.8064931643229,558.1340504306119,688.0005353674062,469.1244371593235,694.9316118106651,733.5997224940924,600.0853025871609,0.47333689335885143
0.375,488.5781001551218,475.3426253057176,623.2017871947694,680.3034072593385,478.3678766998683,650.4290497421138,549.0831280381096,596.3526810716955,473.829999608646,839.5072618764477,0.6010148331222689
0.375,459.9186001942916,747.6302359322733,743.8500830539633,1080.7037062099662,603.564409570045,869.0151450246476,507.800536652876,798.452291296209,587.6037640838491,840.453989944091,0.45973694591830416
0.375,618.8707668953176,646.5028422421668,900.0161684402512,960.9821759515536,762.2943960765894,819.3129642526268,631.5902936422807,985.1054163337276,758.3469567413243,755.7153305178143,0.5700746016935583
0.375,802.491868839814,810.5309741847024,892.8135818323906,1245.1155513584126,775.06433295725,878.1540367917088,517.3400733711,1030.8970383446065,849.7807238097514,648.330201637821,0.5375525654655853
0.375,611.6826416827104,957.3939412712526,1011.9257831706384,1066.457625070021,919.8389935480964,1102.9836701158358,653.3532001152558,827.7522039255509,938.35924174034,1365.3538528392871,0.5236081754723285
0.375,817.0930205384647,1135.9983417193675,1070.804749655127,1085.47330786958,601.9541667264747,1006.1544375247576,867.6180543882485,1313.1076001605527,1088.1897075389286,982.250120434538,0.6013944016440795
0.375,1274.6368403656527,854.6731983756741,1157.849198351587,1184.9816808397036,1135.4354084701015,981.4880621788296,765.6078754255523,1079.9907703422098,1249.2738676050262,1229.2194240268504,0.5569846167761031
0.375,1049.41784060631,1549.919099517409,1679.4458072255582,1480.7543526829588,1327.9631392214098,1729.7474412869733,904.8006426797368,1629.7729435899096,1403.4155903135324,1710.8843285139426,0.6178536516632939
0.375,1227.3209704818617,1907.3507261731395,1340.3189078639982,2102.0339194941703,1375.7158521041856,1511.8579453356683,1072.7996946641244,1643.2350653040594,1839.9603900235584,1609.8802524623447,0.6236118095029126
0.375,1192.8699473269514,1509.67954680406,1341.606848489913,1725.3480534903524,1398.1268709318426,1770.7128083450575,1468.7768989842446,2061.4934501186517,1338.63211046666,1887.4712757579828,0.6901408819186805
0.375,1718.103897253821,2006.3491163110532,1915.4097795944117,2119.211328843326,2012.8447832193945,1982.8023237683549,1718.9158556173663,2110.2797868443718,1805.7954005163092,1943.8283223183605,0.7005711035186568
0.4,259.7766362545891,435.13167988570655,369.0828305604584,410.7122109450335,355.36141467951035,336.98867138128827,114.88778720659566,432.3408834353464,425.36389230943854,458.8534497137903,0.9743644205180163
0.4,350.81899583943374,351.0849693010248,471.83692086365136,404.545635080955,183.78766195985568,408.003290081647,142.02982848996072,375.0225808442793,397.0983781563888,349.75510199306734,0.7248558477265435
0.4,495.4250588260962,520.8544851547305,502.30596242090303,474.7823480416756,473.2864994341099,591.1593697103668,519.3586365471648,542.9930445467188,472.089820548057,527.4362190280247,0.8291139271257634
0.4,246.88088847168825,546.9660682828732,579.7321257541488,546.9660682828732,432.12265892810814,639.4247453057789,418.17275327201867,553.4543964950088,381.1892824628581,603.4145237284386,0.8373113939085657
0.4,598.2283838423839,614.1481220286076,535.6107469765637,652.3554936755488,554.36066084034,568.1577672684023,569.2190831474842,641.7423348847346,457.0733719245198,960.1370986092426,0.9038360119441948
0.4,399.941059669353,661.3404450741571,819.3003593973466,504.5008138312741,419.7327274214307,662.8341558478983,450.3537982831365,640.80192193521,529.147041598015,781.2107346669322,0.8914680187822625
0.4,665.0802233781167,576.1076269092509,811.2207325102338,915.4917844805292,376.8251144563676,603.8864013723804,657.4309956273994,619.5874478080652,653.0024953506695,812.8310962472262,0.8359040809206278
0.4,675.8663589167644,676.3040961958546,828.1989320404906,991.9126744205876,729.2703069658893,786.1761532477393,380.8314328093156,647.4134357758409,596.1981741221732,1068.5166982615438,0.8708120897313306
0.4,582.4136444789132,858.5580448783965,709.3031375550408,1150.2213041433074,723.9091223695597,921.546354391009,663.6594350096698,863.5788521583922,782.3330616276324,925.1978505946372,0.8537678237425901
0.4,659.0859967094694,825.4477182248492,1055.4183332608204,998.1703290922908,799.0255624547639,1004.0419192634232,590.0948121986788,994.2559356448716,1047.1002471850518,800.9827591784735,0.8770497712764139
0.4,538.3420993274291,830.4911654258517,1168.04916876429,1236.4361224390138,416.8868696011214,909.8200316885312,616.0296787019148,1318.5004668486877,860.0343294133346,861.1285206721278,0.8785762174611224
0.4,899.5889219234158,1115.4200741924258,1286.798197809828,1397.3458611671283,818.87158042444,942.2872257598318,831.7395624025354,1192.627966061022,999.6082363895468,1309.0247121356356,0.8372462050235656
0.4,917.9519684625124,1257.208821225328,1408.831995644462,1506.755295790152,1180.1337075622685,1082.210407416574,703.1524713687365,1376.6120710803982,1253.418241864853,1657.7467069825454,0.8939331446856179
0.4,1218.2058852586572,1290.4608906481692,1595.687642387035,1812.4526585555664,1436.9967426997964,1763.832468013092,1217.5306048344576,1320.1732293130171,1428.8933776093825,1827.98410831219,0.8182358075795448
0.4,1692.959694174289,1848.8996915907703,1760.100526395277,1911.7088572168552,1374.5821994489777,1663.35997244246,1776.7052483424025,1965.132745220652,1588.277751464158,1997.620244682415,0.8137164261077712
0.4,1322.4573737171463,2361.032402108499,1626.5062244485982,2122.1368765337884,1471.3792597896954,2030.6119673850403,940.0694058329528,2333.8851832931946,1980.9713386941944,1692.4351844286325,0.7949590313398263
0.4,1605.036926792467,1632.5518455374802,2046.94319754572,2103.6406058687744,1670.0721892806826,2475.508901634723,1857.6739079966871,2217.0354225149,2134.4906662798544,2588.069932864323,0.7857342037393725
0.42500000000000004,377.3091921529095,333.66861089184937,431.4053293410984,332.7594321155776,155.69686543659247,329.5773063986257,342.5331039605037,253.4335838858415,275.48116921043834,389.3558109385157,0.8050210241815935
0.42500000000000004,211.12816151221864,263.97830774882544,357.41954568262133,524.4151108529317,558.1956166948888,390.3827812219486,253.8986406830813,453.5850179585102,323.6390398406677,532.0429670107933,0.7768435192056238
0.42500000000000004,442.42387094478966,395.7300587078721,498.7482819555713,494.9544097113217,326.2730130054589,468.6891403280567,277.5363464831765,447.96876114792593,391.64435013714433,617.5256668332312,0.7826324058125824
0.42500000000000004,606.5029355450583,656.6984868790438,594.0339769334307,742.3826127230483,546.7158775867423,606.1832186575792,407.31931464649705,558.5454024234139,605.8635017701044,612.8972732946106,0.8461608306977746
0.42500000000000004,448.0018862052833,576.5589492033192,572.663280627622,529.4567746062435,282.9671992711636,479.52138649956765,301.0289353948535,542.9145387768378,575.8506458259235,580.1004660903199,0.7824619773550663
0.42500000000000004,327.8703786073849,893.8821753949611,656.8765668404308,645.897073792377,356.6442224574578,636.0533903699843,542.1597946487024,522.0938245953639,626.966913364702,784.4658481229818,0.9110407803032047
0.42500000000000004,475.194814133405,711.5861429916495,787.1670440551683,845.4608241307546,648.0660240127344,675.0017706683493,392.3774438191249,684.6503963360345,499.3163783026153,863.1499711881759,0.7947839548334689
0.42500000000000004,427.8140616554895,609.0408516623288,918.4420926810336,975.738618795608,574.238517281627,824.6455573379164,757.5874008482638,845.8664929359092,664.6397029290672,942.6339592627448,0.852644416160131
0.42500000000000004,768.6604687504614,911.7306449138524,899.428432313816,897.1502447952892,748.1567810837322,869.3563570692816,723.0967183799524,873.0014570989238,958.2056702917724,820.6031441728405,0.7565355482554537
0.42500000000000004,699.3215616387189,973.242671595474,970.8228738043384,1372.0253475749253,529.4517567008712,1032.7696972574563,689.6423704741694,943.7211385435992,605.9173669008135,910.327929025903,0.8616430387169728
0.42500000000000004,778.7291713593602,1064.9958761534228,851.4733614258581,1447.0337088767658,962.4213347646928,1174.8971704984972,822.6896890973863,1238.7445891180173,959.804637280288,968.7014087272696,0.8594104259235139
0.42500000000000004,873.9199229835597,1169.6028231177752,1333.427132651599,1699.891267566975,1208.418338965511,1360.2555038992969,844.2374696882325,1207.2767061464624,1133.6413893176689,1180.4483348987608,0.8319714442634475
0.42500000000000004,1199.2691776507818,1064.4509767907048,1142.8906572911133,1516.7047596758737,1318.1543184092172,1591.4675801528251,998.8803063723929,1347.569198596868,1217.6534777680686,1426.0088790972766,0.8606791711072438
0.42500000000000004,1136.7028220363427,1527.7703066818733,1500.3955827566851,1903.8468710826585,1295.0851533177863,1625.5371778432568,1106.0692024057776,1678.9830674114794,1351.1381594503114,1720.0451532992593,0.8722505059127653
0.42500000000000004,1190.5701534648304,1201.8285000696992,1535.357018238927,1857.6271898032808,1500.878331761517,1673.9754108113684,1452.3267120280225,1669.7535308345418,1505.8038584011465,1517.0622050060156,0.8111144096326467
0.42500000000000004,1633.2820840138895,1668.6084797564802,1659.5889744605022,2172.1975254487493,1316.8477732132258,1795.6331793415477,1175.5421902428538,1739.2612712416658,1531.8126494341043,1933.9322605465889,0.8369905623372914
0.42500000000000004,1772.6783398269563,2180.079107393202,2032.1538286935563,2438.7462614035217,1376.5942602486605,2141.2790342916583,1203.6106010042568,2235.8542124766823,1662.744799372574,2198.670809087699,0.9003047343044643
0.42500000000000004,1871.2354714295736,2496.1508821508937,2101.190299532083,2871.8022807305674,1887.033894734329,2054.672719801424,2126.643314856407,2375.90732699806,1998.5005480511957,2589.186041612218,0.8910419476384728
0.42500000000000004,2220.793364843324,2440.2687560087447,2212.423540603969,2736.932526270483,2079.4363332452644,2443.0586974218645,2313.7914119473185,3075.445417729013,2642.074518224412,2682.063678479128,0.8319100900187415
0.42500000000000004,2193.771994316812,2904.517198646667,2619.398631830362,2829.647934698496,2644.0131843612708,3311.682921762036,2227.617004046811,3432.704471705654,2850.160061807589,2546.580580593109,0.8515332226171272
0.42500000000000004,2493.4040712178708,3009.204110916972,3341.583877878254,3354.923534077364,2358.8958712101366,3458.3058696205085,2757.9739191669837,3819.588225013207,3414.951986973392,3101.4700662941877,0.833292264809196
0.45,0.0,0.0,0.0,181.2246640987844,0.0,147.85181858952413,0.0,0.0,51.373956117291335,97.69142049075263,0.8511489064454287
0.45,0.0,0.0,10.775053533724714,145.68770298723092,0.0,87.54730996151203,0.0,76.77225642778477,0.0,99.89372546890344,0.930240492867139
0.45,0.0,22.844190972118763,32.3626038771698,259.9886496350898,0.0,206.6855373668096,0.0,263.25210548825004,40.79319816450177,237.4164133174008,0.7871852803205086
0.45,0.0,0.0,0.0,49.11725848424183,56.62930978183508,63.27458592970388,56.051459682017686,207.73711088335884,0.0,156.88630209967468,0.8766407429783756
0.45,0.0,0.0,96.02171853136174,307.1356711212176,0.0,248.58584274844,0.0,0.0,107.73168420591878,111.0773886843642,0.8629169914369046
0.45,0.0,0.0,0.0,142.1110974116382,0.0,0.0,102.26356885701004,0.0,0.0,181.25335997414973,0.8997764060861648
0.45,0.0,0.0,143.8188657179659,44.96762378243649,0.0,333.3806590766943,0.0,62.79961252374941,0.0,164.36441796339338,0.9268319237168208
0.45,0.0,25.079155063533356,34.692831171223354,427.59959383330926,217.3526772173239,246.19370554039392,85.68711313375003,228.63829699591489,248.28363512902013,511.6147632961584,0.8323165618899174
0.45,0.0,0.0,0.0,280.2313941887152,195.56378083777236,426.5591172626278,0.0,361.67795703173954,274.2494432454424,282.0719944789514,0.7962666824138577
0.45,33.64374340404279,233.49762213254888,0.0,360.5404143896124,100.93123021213408,230.9868950128464,207.88820551156,496.119678853676,319.3644896264562,246.0512577310788,0.8382227600851322
0.45,62.18498368800045,0.0,193.77285095635827,727.3422199221463,1.6656692059270617,565.7723069470762,0.0,469.7187160718606,496.9246464353613,569.1036453589303,0.8352138456676882
0.45,40.9057263346652,299.16128214906087,0.0,313.20354641320165,0.0,559.8589708789639,0.0,552.5325721324489,431.03645958620353,423.0995276108205,0.8194193883673982
0.45,0.0,0.0,215.1524956739837,1076.422455350513,0.0,626.9781315652917,0.0,420.4053366390432,324.70867445276645,554.3806636998429,0.8533218692787569
0.45,0.0,0.0,389.0670712434336,1203.125525186574,0.0,789.6570348407715,6.778171972875942,551.065381395315,209.44551396205924,397.87869480818,0.8158148264909361
0.45,0.0,156.83272217758022,784.9068939314297,805.7188191493151,213.32223348325937,629.5607378408396,877.0739913248943,467.5250343587775,465.2951852282925,696.4562117554486,0.726130259292322
0.45,0.0,271.28404450461085,855.0999999297462,468.7978663807779,337.1219851300029,469.5910945810921,0.0,833.6828385214886,830.509925720268,0.0,0.7758196920968995
0.45,0.0,34.231865134013255,220.41981452146717,800.6916747200333,612.8338782528729,1208.9692857086611,476.74134125665415,647.9006669267394,609.4941840934597,347.32819257929026,0.8019852126575849
0.45,0.0,0.0,317.91973412517905,1538.471228003439,551.2467904568288,1592.3874402235028,75.29677913490666,1056.943677486354,785.5034366543302,605.1630026768822,0.8691078051561709
0.45,552.5500092714034,687.0071163232374,275.7842852668942,817.5384684246453,608.4920173148719,867.5918440424915,455.3875742485446,1252.3158291835005,805.7612035734005,801.8354486229856,0.7500379633126585
0.45,0.0,646.1424107211848,978.8415659104076,987.399743535858,472.8393138059108,1514.7974397039875,448.2345531327388,630.0958276734755,1121.1212689334552,1698.7982586510716,0.7778348447335088
0.45,0.0,1073.644997617457,1251.9913427366364,1713.3138887782468,456.5666435051031,1929.707454189524,560.0075236742143,1917.8176978482425,1092.6686077635125,737.1648931592804,0.7778092804648814
0.45,205.57951738224608,908.0896562513784,815.5108007414988,1899.2279917101564,398.9059509470184,2416.5804195595297,1275.6821707759173,2009.505746067529,2017.6744686125269,1873.3603703176964,0.8031025678448216
0.45,645.0096658410935,1211.359616335695,2196.1792524735524,2185.166892325056,983.2464418309296,4054.121728957304,1941.3217747509743,2030.9938502459631,3031.54542945312,3457.8810866310164,0.729228648649962
0.45,2464.7822491784727,2380.67246916199,2912.7582514401256,3958.645081210223,1925.382572985847,4320.682829976797,2364.216207854413,3722.7720024683736,3216.2848488909017,4371.880087378146,0.7190216883293316
0.45,3553.546120187191,2976.2251376113268,4118.361955126044,5348.034806099909,3605.6509020081417,4380.970055503536,4649.830729699487,5260.498772640761,3382.6424358145646,5106.268618450816,0.7524188488641564
0.45,3456.8606444078328,4497.341472031567,4631.9650878864,6740.307817545044,4257.75707093403,7757.971083159506,3758.0524629304814,5327.900729169842,5875.5222173928605,5501.314200440464,0.9187355494140683
0.45,3279.1078120211773,5168.685047339055,5187.119947195824,6260.952863852083,2173.013820615592,5359.947133352975,3638.588359227984,4952.074974022139,6731.042810199479,4449.723952925442,0.7704084246972513
0.45,2754.291355535157,2487.8251733813545,5636.970962471682,5598.212245067501,5225.159590052194,6521.154203254758,5026.521163355715,7255.147414096574,6339.472715422624,6722.215049788968,0.7883502805622419
0.45,4907.922772237154,3454.711827812976,5092.30345967661,6380.542210075967,4381.467388363975,6991.909752638403,4092.766048820573,6346.577346600281,6324.7427915087865,5713.375248946378,0.7915159891606007
0.47500000000000003,0.0,0.0,0.0,158.66439678165042,0.0,238.29823851236557,0.0,0.0,0.0,92.70505312590772,0.768295111824054
0.47500000000000003,0.0,0.0,0.0,0.0,0.0,253.0485169894122,0.0,0.0,173.11559488460142,221.9876260628137,0.7754786713083507
0.47500000000000003,0.0,0.0,0.0,246.38840776995207,0.0,66.50975424465236,0.0,140.32550422071796,145.616052853816,114.37662282981644,0.7255601761019314
0.47500000000000003,0.0,81.77692882508957,61.10469402915721,203.37830997764175,0.0,0.0,0.0,0.0,25.53629004203693,17.32819681424021,0.717434999389859
0.47500000000000003,0.0,0.0,127.3005284749676,84.07912888665041,0.0,136.7552096349151,0.0,353.8752091293552,0.0,49.29940890542658,0.6477553245344658
0.47500000000000003,0.0,0.0,0.0,197.41602794861663,0.0,202.2819159614382,1.7378171474334403,0.0,0.0,216.8795799998909,0.6307757807813782
0.47500000000000003,0.0,20.551290706874862,0.0,34.898418181486534,0.0,400.1685284810577,313.69800343136706,0.0,188.8392183820488,183.0228153518017,0.6686732873388289
0.47500000000000003,0.0,0.0,0.0,134.6872790668125,0.0,153.0347721904671,0.0,260.61780005188024,0.0,211.41315940208733,0.505916240766824
0.47500000000000003,0.0,0.0,0.0,107.3625888525734,0.0,71.7273465951251,0.0,0.0,0.9137241604465934,605.3422562964186,0.6571459325435947
0.47500000000000003,0.0,0.0,0.0,494.99469725092325,0.0,269.277115304505,78.70415686289276,297.98680774505493,164.83323418455947,217.30267209315463,0.6287988106741926
0.47500000000000003,0.0,0.0,0.0,265.3325912282374,0.0,557.7718518943288,0.0,282.0136185746064,0.0,442.047224678869,0.613993447100558
0.47500000000000003,0.0,79.75642444406222,34.57970850022424,196.88124355772536,0.0,438.9392030592952,0.0,197.43898079159948,385.3964286073334,407.7059179623217,0.6615174224788783
0.47500000000000003,0.0,238.4020560262548,513.235525439911,129.1078158640865,28.122494544656245,171.93070528435786,0.0,180.2396241270886,0.0,135.49929189696357,0.6553329998267687
0.47500000000000003,0.0,0.0,787.6543120632527,314.11192634391494,226.59478055911163,659.4315170762127,0.0,299.8649491231301,122.79537509341364,688.6038990044856,0.5574616460286904
0.47500000000000003,0.0,0.0,0.0,474.93102321027646,276.02212729823515,389.1695789583496,0.0,0.0,255.1222795393638,529.7030380266352,0.6074360417691748
0.47500000000000003,0.0,141.57010182437384,0.0,896.6106448877094,0.0,853.1658517352612,0.0,466.6570023099777,205.9882433952544,1044.1731319744938,0.49595810599416723
0.47500000000000003,0.0,0.0,430.83458552261845,483.687898988216,223.4253705591338,403.6071210100432,785.5924319659604,112.913896949234,123.3243980864064,978.5871068933856,0.6478371301940737
0.47500000000000003,0.0,709.4487104099326,431.4676051291163,723.9446576178342,0.0,543.1716689076092,0.0,1037.739279529918,730.7662798333179,1140.0636127621242,0.6524151794198672
0.47500000000000003,0.0,0.0,762.1840456413571,433.67248506577846,0.0,1296.364316945571,27.91882951066839,976.2284052231868,115.39782864411436,1148.3945205390037,0.6789738412873781
0.47500000000000003,95.00030684941542,181.91548120101507,1577.6114786377332,1281.493500904956,0.0,1218.833724046838,1285.5360671538635,815.5877407178984,1222.8762902957455,907.5561228806444,0.6639153508761279
0.47500000000000003,305.6936613153177,440.8424378968124,863.4505170485173,883.8300944695442,767.9882859711166,1578.8809454601578,520.2155289050005,1705.4488473380725,1065.101072582842,1959.6572604318733,0.6366928133571066
0.47500000000000003,124.36353919725566,609.2672470764363,917.3237203173412,1787.8684946981048,754.1678844897593,2156.395312686307,1723.9753002481336,755.3088343906504,1236.7896925671705,1631.558358275883,0.6403723637548756
0.47500000000000003,0.0,977.964023853319,1160.1211273715846,1888.7495414446037,82.68123847636937,1476.6352434139487,1365.5323292113085,1927.5063719803968,1499.8893417354218,2737.5241301786077,0.6649098009257333
0.47500000000000003,1083.108073335732,756.5046571124609,1259.3220095306012,2620.422758070322,1245.6502386189425,2336.3537402389293,533.1990655551771,2641.6899572662523,1550.9864556462655,2940.949831666172,0.7172023645453496
0.47500000000000003,2045.5982584972307,1748.4169134370889,2251.9741925667663,3356.498191706909,790.8325793544717,3602.498305117815,1312.5509406822327,2468.2561714716485,4348.753682713252,3273.9478180791134,0.6435448894915344
0.5,0.0,0.0,38.753180501539774,130.042889208779,0.0,161.8045165270529,0.0,199.958421041456,1.398310636654539,45.5449750224313,0.5771860131308403
0.5,0.0,0.0,58.38072704001561,0.0,0.0,122.82406804187856,0.0,3.592660125538676,0.0,52.318113078168295,0.5991418852414753
0.5,0.0,11.963773309545097,0.0,271.17886168304807,0.0,66.37045669343637,0.0,190.56581771634237,219.9055474992797,239.2754661909278,0.5894693601588729
0.5,0.0,0.0,137.35229461380175,161.64020036868166,75.09708790876775,160.24434371610363,45.50492687408498,0.0,148.79831916495428,238.6914875910618,0.5698473637502038
0.5,0.0,0.0,0.0,367.6813408342052,0.0,268.4500942462466,0.0,243.14941216918007,0.0,172.83323081214715,0.5921104331555114
0.5,0.0,0.0,2.227462512716252,125.10914446434342,0.0,0.0,0.0,154.06615712968002,245.39212015113077,242.7934138862951,0.6374798519739147
0.5,0.0,0.0,74.84272840031173,436.4552987834658,0.0,208.49045768659224,120.2829563576477,296.6979590155325,0.0,0.0,0.6196135578895886
0.5,0.0,0.0,130.4526009278733,83.89234786358375,0.0,98.15404700039431,73.40580438063577,467.6998393394784,202.60002009055648,509.6460132712751,0.6199085319224859
0.5,0.0,0.0,58.001370636011295,332.357060311116,0.0,96.20862272163993,0.0,203.46512556442013,113.70109958011945,0.0,0.6051567315783566
0.5,0.0,49.19788040143289,155.79328793787445,309.6572472325517,0.0,527.1890517526217,0.0,421.0759763769781,248.88339497195756,238.7544195951955,0.6047136175888149
0.5,0.0,2.577366895025609,0.0,408.7703895514308,0.0,372.687253021043,0.0,391.244294665245,0.0,313.9232878144064,0.6579043391795402
0.5,0.0,333.7127530511112,59.9253543370161,0.0,0.0,328.21501412111434,330.41410969311306,162.73307232805794,340.31003976712,371.64715166812726,0.6250883396848459
0.5,0.0,291.340269058582,237.27712634668052,175.40486302083784,13.816136470820704,636.1429792433919,0.0,239.07923110374915,392.2581354541378,200.0336280340429,0.7770423524060598
0.5,142.50427067288166,112.01498485449493,444.7458866116441,624.3675487156062,0.0,393.7094733939226,0.0,776.8139778075322,431.48967538626414,346.64992354380536,0.7057322453070973
0.5,0.0,251.2497035717629,83.74990119058238,493.50148387511575,0.0,652.6955109316095,0.0,613.9352260830691,394.52432792260646,37.37598896109409,0.6298986828982335
0.5,0.0,136.24262988013254,190.00323518418884,120.77725027212244,118.56791032812218,798.3081664328182,124.45948351212286,151.70800948815105,215.04242121622516,746.7569010727623,0.6374671266490877
0.5,406.4804856213156,339.26717697526783,390.4773168960722,628.924530902282,0.0,861.7706358546596,227.2449958985275,977.7936091127084,580.1148662902717,677.7341955142921,0.6325658882583579
0.5,0.0,644.6125323824327,117.27789298828512,940.7184182251972,60.718341759895175,931.5690790559064,340.1890654766577,795.1607496227125,454.13992603975566,834.2533806188202,0.7328332105264246
0.5,277.07837651322416,190.15182701887449,1078.4325046642318,724.3879124528866,0.0,1089.2983233510358,63.383942339621385,927.2165279396957,324.1635908226704,833.9515842113889,0.706178199770931
0.5,0.0,264.9936562815491,202.47754722921383,600.9011079060598,264.9936562815597,1183.140690721886,125.9652943591822,329.37591784291834,0.0,966.6669996749758,0.6932682441140984
0.5,49.70452775238389,197.80373289212935,1425.2012549407723,720.2084633508575,553.8504520979853,1189.8655317050063,19.273184230509848,1034.6656797434866,1196.9661785267806,1188.8511535876116,0.7299921681396336
0.5,359.0469293846444,328.1136554684193,1203.0834033842375,311.54225872759207,858.3983511749785,1620.6826012531567,540.227533751048,1461.597192541185,1556.6065338552771,1906.815384978141,0.7315109697435289
0.5,1062.687665114879,0.0,1175.7896782534965,1459.722857070218,475.9709719583374,1575.1811621492204,382.89744031301166,1823.7699618601316,1496.2453821462354,1264.1506260180374,0.6806139311435399
0.5,1744.2060816049348,0.0,246.82161532144625,1086.0151074143853,917.3536702780724,2763.0308604040497,1032.5370907614058,1833.3361093599003,2193.9699139684667,1963.6030730017844,0.6914744845987428
0.5,0.0,1219.7221319150565,1320.8389925919696,2602.1792114820264,1862.7621677822244,2927.6491067857974,1764.805209001462,2952.928321955,2200.871670670597,1771.12501279378,0.7204795820487688
0.5,3019.095379531272,1798.8537934968092,2984.722377107775,4170.590960718741,3152.7681667338043,5070.017857467156,2136.8549839946154,3576.701863290384,3095.4798293613026,2877.784147345767,0.7154714200900498
0.5,4892.013761533381,2599.414977818241,4387.04544207194,5710.190279141732,3413.33015939741,6153.369226179607,3732.930361588179,5414.027425111622,4740.736332496408,4301.818721487764,0.676692372336098
0.5,3786.088959795452,4707.656904025256,6439.368960436923,6200.271987500709,5239.241436087297,7781.09760468083,4723.906212865564,6249.019914021689,6216.521296341045,5429.590482502505,0.7676858300884343
0.5,2328.4239742881164,3650.090861332797,5479.907652602269,7538.749752818093,5577.720544964774,5906.94442657521,4687.861792496053,6842.13110477286,6553.463788288389,6632.191238238714,0.6923272355593874
0.5,5436.77248618116,4417.6802258595735,6148.442615716879,5976.57670008069,3197.674289512609,6896.422445739138,5884.592125514848,7625.037102168578,6424.396339414433,8087.380621696914,0.7323794447582878
0.5,5023.579478963585,6529.900162310988,5349.948960355511,7132.428435649943,4684.657325210443,9615.347028700937,4523.983118986695,7396.034555235756,6750.8271958686055,7501.477003070064,0.7448654596270493
0.525,19.34620716056268,0.0,0.0,342.1120102985139,0.0,181.8148652538568,0.0,33.16492656096299,80.14857252233078,5.3300774830139535,0.6844826571291516
0.525,0.0,0.0,0.0,248.56019626215445,0.0,21.552816264015068,0.0,0.0,158.366345592098,12.884835810009587,0.7096115585150706
0.525,0.0,0.0,50.76773049946765,305.58740194366305,14.470029466033068,114.04345257127366,0.0,116.25074520168334,0.0,152.54844623512074,0.5986832906670423
0.525,0.0,0.0,86.58437978662305,204.27188629271703,14.851042487672837,261.43438945282134,56.32187811362982,87.14479648427378,107.60000594842847,63.88750353188132,0.6429969620006211
0.525,0.0,0.0,240.6511921925357,152.8322281392499,0.0,363.1892815692215,0.0,162.0225848425004,1.3615343264102004,272.3068652815138,0.5513533196828614
0.525,0.0,2.732874677477314,15.61642672845511,538.3763114635191,0.0,482.5475859092908,0.0,379.0887588332708,155.77385661634892,69.10268827342152,0.6085901832834727
0.525,0.0,0.0,156.5168592616335,216.4944483750177,0.0,191.02451327207885,0.0,452.7075561845729,8.216108097725527,18.89704862476591,0.6890026203265422
0.525,0.0,240.88897767514004,4.0675437130850245,345.74121561254054,0.0,372.4062243983458,0.0,422.572596859774,30.73255249889546,484.0377018575597,0.6227479308920082
0.525,0.0,34.40404863942316,0.0,0.0,0.0,250.591651576379,271.51303250575245,151.09886226775822,92.05407608928122,233.85454683287287,0.6623467535729134
0.525,52.36763192044409,0.0,13.465962493828156,494.2506974586874,0.0,460.8351608999284,0.0,423.429709528181,23.93948887791924,134.65962493829292,0.5779427154822109
0.525,0.0,0.0,311.96822371914226,247.01920785952436,0.0,512.13896112255,168.76096743850954,510.0094851927285,0.0,484.98814301730096,0.7088915425491977
0.525,0.0,258.18077994317656,63.72816720116301,526.7105784916796,0.0,513.0934487478471,26.14488910816515,187.91639046497687,0.0,217.3293907116665,0.6336890117933881
0.525,385.05222430516096,305.67222729455665,295.0092426214936,415.2640142121807,312.18849570587554,717.3819132823853,0.0,369.650135332955,42.05955065487358,430.6661031843933,0.6247273154023415
0.525,388.4305499820797,0.0,369.6355233700462,1340.711898325256,134.07118983252488,882.1132489915738,0.0,484.9116865905376,439.8036227216487,394.0690579656997,0.6721763590688403
0.525,230.5416764895059,0.0,47.76989693025493,466.6218917535453,0.0,695.0866162026149,298.3887764774113,154.3867683398239,513.6994713369934,636.9319590701235,0.595333341804923
0.525,376.91592739022127,119.3324557760548,219.01871456458952,293.2376809618912,0.0,847.6970181652808,153.53139127284496,153.53139127285323,181.1815944404756,649.0521375136744,0.5994085205632591
0.525,743.1394942643193,471.4119868778909,534.0580980908962,1391.5267453189597,0.0,776.8117790413166,167.57834749479787,489.4227438516324,772.1133207003363,776.8117790413166,0.676344249786825
0.525,463.6143294862288,72.33698757941137,71.51497635691881,711.8617186792084,0.0,1123.689341148368,142.2079414913357,196.46068217590124,637.0586974323194,322.2283992173856,0.6736461766935724
0.525,538.2027868753481,618.4920550813397,0.0,1040.231288075461,118.2281531824559,1231.6903122589922,0.0,605.2575603221118,48.526480783848704,1067.582577244541,0.6505298998228257
0.525,411.5423466767131,427.2289383661804,865.5307649837525,1563.122724821399,0.0,1669.2379038972406,573.9447076971074,153.1749541442433,248.2172449686932,1027.0103853165422,0.7097571973787657
0.525,69.97195548430604,36.46425849182003,888.939490800573,1094.9132752543678,0.0,1434.9178476780955,378.4398719150925,886.9684498010171,1334.3947567006487,1079.1449472579084,0.8021413513444323
0.525,15.727975998911615,436.189201036545,1510.9342276290015,1063.2111775265853,506.4408271650352,1198.4717711172536,254.7932111824016,567.2556676941616,1388.2560148374769,1642.0006942866305,0.6226256484737404
0.525,398.5735936034223,662.0182480649371,0.0,1640.8514038659375,1182.094333165718,1512.53568854633,564.3620399455782,1899.7539091126157,1453.4877487532324,1218.4315268845412,0.7020267755814148
0.525,851.1556246515936,0.0,1645.153353341178,1081.029771455297,132.9542362594518,2938.661390220467,423.7139678922478,2132.2380319739086,2057.6842546321745,2296.2563421257537,0.6279617634785647
0.525,991.883238765591,1055.518704572036,2144.2385217387377,2736.3250296769147,0.0,3717.141230910961,0.0,1987.916616605527,2328.2280207008416,1958.8656430852063,0.6148873443602293
0.525,1141.2989307158675,2010.9365666556969,1863.0499446474323,3332.271385033786,903.3943648765016,4489.644948576642,2362.971025566637,2989.8817058190275,3568.568487590456,1808.3961930357,0.7082469390475477
0.525,2022.4784418131,1714.4572998128208,2469.9808556625644,4012.023805550707,3518.027634418225,4043.0196437394297,3562.584151814472,3765.9943399278513,4364.601464947255,5420.397203250085,0.7069329543685018
0.525,2451.1428848779738,2668.548601623668,5013.120056724339,5002.462913746618,2638.7086012860264,5228.394344874513,3293.0571801186543,6270.662928096512,4546.337194299763,5253.971488021068,0.781442815179121
0.525,2951.5174546726626,3304.3160254264994,5026.8031649893865,5049.861895104022,3046.058248142666,7060.583161099786,6188.963162766742,7417.9934778765455,6470.279670165264,6742.37268551789,0.7077359158726267
0.525,2764.360323230279,3270.5765174420585,4777.561132468865,6919.065585401674,3699.810525437315,7798.528743087613,5591.706071546787,6856.080160315419,6576.144937709837,8253.423479821693,0.7245972553169665
0.525,4792.311030523185,3916.949785298539,6316.606745541027,6697.097100132005,4367.469039507505,6265.252219154535,6146.203089803958,6428.652984929786,6244.243549269136,6307.269558925333,0.7066819105453669
0.55,31.9164427032742,0.0,19.113801844897885,111.97802778945332,0.0,109.63388228017538,0.0,48.86641792422324,50.84992566284507,31.73612381794513,0.7547186591637212
0.55,0.0,156.7481079987977,45.1566947628505,124.59464994776192,19.386643824890204,180.62677905140737,0.0,305.93069645617413,174.2433719383319,84.16640489830007,0.7822958096089884
0.55,0.0,66.88705969381735,0.0,177.5457981578597,0.0,128.11822831058893,0.0,22.13174769280735,70.57568430928757,0.0,0.760521017734464
0.55,0.0,5.585132531247035,3.909592771873877,158.8970205140307,0.0,163.9236397921565,0.0,227.03563739526928,137.67351689528817,132.36764099060014,0.7275260683593776
0.55,128.379620070723,13.060953902975855,0.0,208.01958289375276,0.0,247.83956430527115,88.87819851049998,323.01968921020807,231.5930118893698,284.792507055156,0.7550741242322543
0.55,0.0,0.0,67.54343119117131,376.47158368850825,0.0,418.5478195125219,170.51948202361555,30.63445239818425,0.0,510.8202664950001,0.78769981194939
0.55,63.80216760020146,0.0,0.0,54.21099207860161,4.587083945113174,506.24726448788624,0.0,296.0754182754509,149.7057396632218,536.688821578175,0.7463924986063925
0.55,0.0,201.2095619157871,0.0,268.8769201547329,0.0,367.4651242114704,211.96463872197685,344.6105859983133,188.21384410831507,518.4843276983788,0.715385123775848
0.55,0.0,0.0,113.69849321055894,330.6731177540463,0.0,330.19937403233604,109.90854343687168,258.6640720540258,117.48844298424622,314.0920874941719,0.8770753355450415
0.55,192.42713921324363,173.4280039491516,157.83896988630934,874.4473794627266,269.88515221301344,517.3610679606794,0.0,176.35094783593794,543.1804056272656,457.9278755960858,0.7788062869413496
0.55,138.32381934814035,0.0,336.74338043555287,139.87801956553383,0.0,293.7438410876322,0.0,303.0690423919988,122.26375043506296,692.6552302189758,0.798056181217775
0.55,0.5592355513692089,6.1515910650612975,185.66620305474265,713.0253279963898,0.0,541.8992492772593,0.0,441.2368500307063,19.014008746572173,550.847018099173,0.8247665812219611
0.55,0.0,0.0,261.68345675325696,482.88225315680415,0.0,507.5250898914206,562.0913712323377,0.0,234.6936831867816,427.1425033999476,0.7568465801904205
0.55,0.0,0.0,0.0,457.1320503901546,111.81202854137965,824.0731827303644,0.0,387.32675080354994,277.98570631833815,509.6404615836199,0.6882704295974433
0.55,59.80649879269654,954.2459140701534,599.3940212334837,505.6971731249256,0.0,676.4779530107444,0.0,578.1294883294175,33.89034931586163,310.9937937220341,0.7149342895228463
0.55,327.8815598039476,551.13574546821,590.186807647114,678.604306920085,103.15374915180368,798.704743432552,0.0,660.9208070654976,204.8338733157257,482.61218353166566,0.723875977737836
0.55,0.0,130.75485603668847,621.6727885816313,1121.2033164343811,640.463905616854,935.6410357116596,242.71859503816307,849.5150826335974,129.1889296170888,678.0461396872818,0.7589343287949905
0.55,0.0,504.1930266742557,962.550323650856,1175.359068675707,520.5629301377094,1343.1505791760746,0.0,1696.7404939865885,677.7140033868254,1095.146541704801,0.7950761179034961
0.55,471.58588463078297,827.4505097488516,507.2593556083858,826.5804250908618,0.0,1360.8124050969643,275.8168365829472,710.8591655781378,1476.533664609679,1126.7596320975474,0.6859551590020895
0.55,0.0,137.951043931274,850.6981042428865,560.6471913617386,183.93472524170875,1215.030348471649,623.4326023817368,1182.311190616153,1273.3942516733412,878.9957542800763,0.720265329130749
0.55,111.81532643029443,734.9229574777672,1266.2846796593617,1806.247580797125,0.0,1614.1545841091884,656.5566603214851,586.7915421213935,1170.7160245907307,972.8889085986704,0.7386146682006182
0.55,170.52434939348208,717.7885404702167,1356.2634300597613,1159.9621441300565,224.06106373794293,1094.5283821535031,1436.5685015764525,1176.81629494221,538.3414053526767,1648.7325176823028,0.693235862707171
0.55,289.65212183319795,321.0223877357059,1333.2363008567866,1589.426805727299,822.946642175915,1748.36948630004,670.2780147836831,1613.4773429192276,1434.6668272749137,784.2566475628156,0.7362281454001418
0.55,301.52975925747023,1215.2218222150168,1780.732351841299,948.9653555499368,694.0873703662608,1772.7674148043166,394.8333074050584,2190.357685172208,943.276114809235,1732.9427296193646,0.6985770905657197
0.55,1491.7406545213485,545.011979689649,1615.440002720573,1615.440002720573,791.1859300663386,2405.401186765152,731.1733749993725,1998.7855075359944,1598.293558415745,1715.869176506089,0.6914125404093763
0.55,1455.286507788256,1644.4461392559908,1579.5519591174211,2645.473386074292,1579.5519591174373,2733.8399292417143,2554.3453884329065,2557.106842906885,2086.2788550930404,2149.7923079946204,0.6851922592522638
0.55,1567.7921639624524,2573.6347269865323,2406.7813440748746,3185.955160502001,1386.7719843884784,2633.450090671864,1191.5850081521708,3371.697605630074,2624.0055595636645,3425.216615243255,0.7312942415550547
0.55,1719.0666159780328,3878.404278131094,3187.8546704374767,3682.931241032647,2767.6789832164977,5301.521062240472,1793.967499352203,3858.3089191770655,4157.912452673766,5000.090677929748,0.7652763977703027
0.55,4346.847256717745,4131.998672096212,4272.033910287036,5879.561713080272,2887.027855851829,4933.844282558723,3537.328482518759,5724.180147416497,5714.588692745901,4479.209331172091,0.7422715385036568
0.5750000000000001,0.0,0.0,0.0,0.0,41.4943679933094,74.94025943619175,1.9674053789912855,0.0,1.609695310085813,0.0,0.7545151188916022
0.5750000000000001,40.98517592030974,0.0,0.0,125.67141291227826,0.0,51.35491922545036,46.91074352324644,194.06233899616947,64.19364903181223,98.26566274869678,0.71002523486195
0.5750000000000001,0.0,280.13824913018004,136.53797016429112,20.40222542684728,0.0,220.50097480555115,46.29735769938535,64.08391319971604,79.25479877352419,273.3375073212339,0.6806241568509906
0.5750000000000001,73.16811710061367,54.40706143378855,243.8937236687112,291.6004080786341,0.0,276.5915635451764,54.40706143378855,49.582789976606605,80.13650920543371,237.46136172579983,0.7390368063800046
0.5750000000000001,0.0,69.35178079526972,0.0,122.05913419967231,0.0,256.4474738740656,61.95425751044067,65.03655887912002,147.02577528597124,234.563134156446,0.7804645558329799
0.5750000000000001,76.0231284894647,106.95410723763132,0.0,234.7773085704081,58.88065833988208,407.6926596444914,251.17445393087905,185.21321009443545,53.66338481609571,359.2465483521822,0.7718783701433269
0.5750000000000001,0.0,56.32280450299856,0.0,305.2199038140663,208.72568727583675,437.3300114350823,78.68627099684107,463.8348606129653,137.90804337867743,281.6140225150164,0.7923070612509037
0.5750000000000001,0.0,0.0,55.21876270277714,236.5203669102416,166.11644446419797,307.3844457121465,3.221094490992587,215.81333089669687,312.90632198242474,345.11726689237673,0.7432293464348967
0.5750000000000001,124.5476185081568,192.70556721931376,0.0,462.8856372901613,0.0,524.1787566347331,433.9552849595244,294.2069728539179,184.86004794321084,58.35104961602973,0.7670041162583706
0.5750000000000001,275.2892107915047,65.86358688095645,19.55325235528413,430.6861110887637,91.5915505063306,302.0462929618929,116.80495485919776,84.38772069122655,33.44635271298524,483.6857161570389,0.9276278246134199
0.5750000000000001,0.0,75.72674624130921,0.0,751.3597020680429,0.0,497.3260072301752,301.8328467206802,530.0872236891767,320.09319687816725,0.0,0.746177758749922
0.5750000000000001,0.0,101.58493707744609,180.40083653409133,46.70571819652709,2.3352859098310006,578.567084159517,263.3034863329359,232.36094802773653,495.6644343606725,332.19442067282097,0.783075519802124
0.5750000000000001,319.2194846696214,248.8121964621126,284.6125124998284,382.46670966958027,0.0,610.3953884430316,327.5728917450805,634.8589377354677,833.5506917447852,875.3177271221214,0.7042489496318506
0.5750000000000001,0.0,175.49827012261747,60.98876053906815,986.3998515757282,0.0,422.5649837349692,307.4331398601913,911.7197366299292,547.6541762691775,573.1698822089893,0.7680139048691523
0.5750000000000001,0.0,468.6341256202696,180.24389446933503,431.92991438288135,100.9365809028327,603.6531883863936,214.3263763326263,514.5143896670124,498.7840134224153,1083.4296638465903,0.764951400170067
0.5750000000000001,189.35667168709676,0.0,311.1854126622497,554.1467303784045,128.09421908244872,1089.4970264349454,390.5481353546261,694.0757414413017,946.0871942013326,603.5743910026198,0.6694551278876831
0.5750000000000001,109.91275072013286,566.3559794051492,480.8682844005975,767.8626890587333,172.501955991326,967.079549738992,499.1870761872878,486.2112653383858,694.587521911981,613.6795248541063,0.723508339208052
0.5750000000000001,44.87594132905077,1280.567040068387,830.2049145875211,432.7322913873156,104.97764846618728,899.1215387714283,101.77222408553428,964.0313824795217,599.4143591809521,768.5004952600718,0.8459337956454407
0.5750000000000001,647.0850933632419,292.97159738886336,534.1424195872395,984.2147286194212,473.0005210017437,791.4479094679059,943.4534628957412,1140.466247226811,1308.606468336946,1057.2453297076622,0.7857244649703711
0.5750000000000001,107.1257545625676,196.689910016504,43.02591781611305,635.7298877319452,0.0,1786.0146293463763,517.1890937487766,1195.0668193414049,768.3199610020046,473.2850959772336,0.7830463034951205
0.5750000000000001,154.33504726172657,465.8283438692332,1517.9416538607743,953.3012370495746,345.37172161619054,1551.8200788694476,0.0,1042.702636378019,1162.218191269721,600.400976542575,0.762213282618409
0.5750000000000001,733.257044822013,762.4704729025669,444.04410682448224,864.717471184528,452.8081352486528,1338.9487870255928,334.9806419903971,1321.4207301772517,1407.1134525469,1317.5256064331918,0.7243288304963786
0.5750000000000001,8.370721900605062,607.9236780319898,1295.3692141198107,2379.3777002491533,670.704092286599,1315.2496786337715,964.7256990456016,1689.8394836861812,1130.047456582718,1588.3444806412615,0.8275743900595364
0.5750000000000001,392.5793866916966,787.345845175533,766.5686631500738,1201.7959497887773,1124.1549011672964,1121.9678293751565,1241.1632420475437,1934.4650001604532,1326.4590419415697,1735.4414670744209,0.7458130418508381
0.5750000000000001,194.9083297723529,853.1616111592357,567.2182531099764,1295.498479325254,620.9055774784146,2446.274606005164,791.304476560826,1866.218079676647,1280.3259746124363,1992.2665803677571,0.8300370812706419
0.5750000000000001,818.4482143779793,1794.290316136339,1426.6181952157606,1855.9887199894492,722.752730850709,2878.4194124124024,888.9606759243828,1512.2404699506958,1488.3165990688854,2097.745731005723,0.8530364016124176
0.5750000000000001,721.4149299103454,1186.5377136683455,3556.4490404352573,2447.431790726578,779.9507904513358,4265.207568066485,1328.922239308543,3471.018325051124,2524.952254686245,3021.716044142057,0.7673747981534679
0.5750000000000001,2227.266042421352,3239.3328558864214,4123.767797671165,4111.184373702694,3737.276918639235,4965.059571563987,3800.19403848163,4348.471797108347,3762.4437665761975,4627.104756410466,0.8293170210376367
0.5750000000000001,2621.872767432465,4392.402874989092,4453.6820381678335,6375.22151212918,3950.317483485484,7305.351667520495,4552.166407562193,5893.742372867782,6112.59652707753,5920.004871372975,0.7575764728344356
0.5750000000000001,3624.722932213719,5369.003462417622,4441.694163049461,6606.19840106829,5197.627313420467,9188.57872842266,5822.093828944328,8690.883610787068,6261.098484594593,6624.979348903604,0.777737700512724
0.6000000000000001,0.0,0.0,0.0,0.0,63.28595168698253,0.0,0.0,3.0678785443827747,58.81561437945309,0.2629610180898152,0.753035799880364
0.6000000000000001,33.081406313355586,52.53127836693686,28.925450746351416,110.88089452768068,48.37532279993269,22.27592183914377,72.31362686587855,0.0,73.80977087000007,9.641816915450706,0.8250563095997383
0.6000000000000001,0.0,0.0,98.26280786357236,70.63247377124131,45.3370974895294,44.36419840177068,124.72566305059424,0.0,40.27802223318701,51.174492016078425,0.7768435192056238
0.6000000000000001,0.0,33.48559809201651,52.08870814313757,132.49548380853636,145.51766084432077,0.0,59.32325094079547,116.16608720810778,74.41244020448163,109.96505052440078,0.7925087349256313
0.6000000000000001,0.0,139.98492944040456,174.6880610269706,91.44744134297788,128.96434035548216,42.44099200789479,48.06852685977033,30.95144168531599,127.79193726134072,10.786108466094714,0.7809792497746779
0.6000000000000001,106.24649128715272,0.0,178.18688659243108,187.65946533369532,93.95774048767588,0.0,111.87883540358108,9.216563099608988,146.6969626687682,0.0,0.678009784312696
0.6000000000000001,166.4803245083151,52.13944229106494,42.687262694439305,181.72577547061505,291.49302239917506,135.98942258371522,96.96106812022724,52.74926032955704,255.51375812814635,158.2477809886724,0.7459878527544044
0.6000000000000001,176.66156726245285,70.94559957657187,53.73602344166021,305.90899619402865,363.508393870058,182.983452373236,146.8082209059748,260.9533687395672,237.4219074938723,13.697417740031268,0.8093385451053304
0.6000000000000001,101.58121002115357,74.36511224190059,251.07808514662392,341.92618618441014,521.3224363349749,215.4288303090113,227.69524057571704,228.07856589655083,340.7762102219055,125.73070523372968,0.7428407695517603
0.6000000000000001,94.33458868871324,58.759256513731934,330.17106041049965,221.04672688499485,256.6220590599761,56.360919513171005,177.87666087490646,149.0966168681786,350.1572020818357,222.24589538527448,0.758836332431919
0.6000000000000001,280.6454988467464,460.3110752112526,72.56565858031088,201.9598449644824,329.1683187408101,133.76561159985184,438.4539491328456,0.0,365.4511480309656,370.259715768215,0.838123911579773
0.6000000000000001,133.29714685658143,407.29683761733065,201.688166649008,11.325901366899112,276.61336030695713,316.68962668213777,463.4907328607906,10.45467818482981,349.36049600973024,454.7785010400995,0.7430589179773803
0.6000000000000001,370.9320702432353,433.6699636053629,43.5043786087733,297.66153784951075,253.6992184132737,384.67029506705927,551.8186970902462,0.0,591.2016082518727,469.3893481473044,0.6935750153376271
0.6000000000000001,297.70077442972143,508.1771181348104,321.4030653874998,374.9702429520854,276.3687125677185,442.284749272181,424.7450539634235,247.45191759922665,271.154208557005,337.5206232387912,0.8148058900224419
0.6000000000000001,498.3512596556569,475.67550430421073,326.2216622151288,359.2045790899616,365.3888760039935,75.24227912070924,522.5730892356122,213.358243534066,334.9827495100063,572.0474645478592,0.7307335319298279
0.6000000000000001,661.9601560200621,647.8064026841067,260.7556864585602,148.61441002753153,620.587646268808,632.019523963232,692.9895383335021,118.12940284239424,737.6282988545902,520.9669977888154,0.8564790564542399
0.6000000000000001,428.53330844000016,256.06042468598866,598.6516135762065,650.4523431678563,333.17287441901,647.5091198956042,286.6699467174175,724.6215696286255,475.6248807960421,425.00144051329625,0.7700590463593434
0.6000000000000001,524.2781200220828,526.756976381523,577.5735317500945,319.1527562782188,228.6744991585689,493.2924155290519,436.2787192618732,495.1515577986327,554.0243963353922,501.9684127870994,0.7756482476235791
0.625,69.52709004096491,0.0,0.0,0.0,32.02219118458136,0.0,0.0,0.0,0.0,22.08974975015809,0.8005819309581614
0.625,99.29540256089352,15.127662626781582,58.25759437122161,67.10888633369967,17.05885360041227,15.44952778905308,0.0,0.0,0.0,0.0,0.8128980651751632
0.625,122.4629142656876,0.0,0.0,69.05229745199135,58.75167849506449,0.0,0.0,0.0,90.03503977165767,102.81543736636384,0.6954838140618056
0.625,104.8348401841988,46.50099841833817,85.11343460499289,118.74362096111172,62.69331036757926,128.9157143651233,67.67556019811622,0.0,26.987186582071,50.65287327711807,0.7758876996063889
0.625,214.82220281508495,86.07354254207063,136.70503815505373,122.4799989114054,177.6924393655632,78.35826702009147,89.20787322287511,0.0,87.76125906250361,97.40535346497724,0.7731224978831928
0.625,221.10326216259247,96.17496156848148,119.7229547360224,94.1919726701624,111.79099914274472,171.032792480032,142.52732706669337,3.470230572059071,74.60995729926096,109.06438940755692,0.746866289718287
0.625,224.12967332364232,113.815849734662,189.4012473789636,0.0,130.15863841450994,38.52228760250019,65.66299023153601,0.0,4.085697169962743,0.0,0.766066759742033
0.625,216.05931820884268,264.8469061914839,198.46923546680148,210.7491045508684,66.0457823710595,206.43455595376287,135.41044827835208,53.43402493336962,160.6339631537336,209.75343948999776,0.7246799131188612
0.625,200.20435703518345,24.657521914260048,57.41154356156044,169.65847167871263,336.7407843514582,38.64238508951112,137.6404954616888,0.0,287.7937632380756,330.8524209092459,0.9046080528567414
0.625,199.379422249475,126.951795391502,135.08973099352278,258.37945536411627,254.3104875631076,0.0,247.80013908149095,94.40005298342572,406.08298654076697,131.42765997261256,0.6583114009953761
0.625,161.78904090087676,309.02562838739175,276.9246282086452,352.2549752947685,268.36436149431336,223.4229612440681,331.7103351803714,91.16684050763784,369.8035220591497,124.123867357816,0.776341465374525
0.625,302.3515795230477,384.2384656438719,244.3108745253204,420.2327013013779,477.37355040766926,378.839330295245,462.5259281989466,247.01044219963188,614.1516459061894,152.52557359868055,0.7272559392542147
0.625,0.0,94.8866379442773,226.51859156305332,326.98679644522826,595.3671400425227,69.76958672373308,0.0,66.51367267662596,453.502313704264,271.1711270662421,0.8304329400969626
0.625,213.40610807983197,206.63131099793333,322.77068954478284,330.02940070395897,468.9127408829004,147.10987949267275,133.56028532887558,401.6486841411819,322.77068954478074,606.8282529072804,0.8279309788321849
0.625,0.0,77.2810236763744,514.3538330778621,417.1128099089138,479.03998782176944,73.18666480610217,401.24716928661,215.9774304068237,817.3363894779557,179.63999543316302,0.7996387311804235
0.7000000000000001,49.08258932253304,55.9313227163748,31.19978546083548,52.760612811818085,0.0,21.433998954801176,0.0,0.0,58.7215474323846,19.15108782352103,0.7704524520487761
0.7000000000000001,15.88257454169308,1.2124102703584585,26.79426697491667,101.35749860194632,40.252020975892194,36.008585029638546,46.67779540879082,0.0,0.0,5.819569297719712,0.773823689251259
0.7000000000000001,43.27449528515204,20.05403440043641,17.81114897407214,39.97613436402735,0.0,19.92209996359093,0.0,0.0,35.754232384988384,27.178493990064997,0.84300839117218
0.7000000000000001,90.36332216083868,5.523055344296214,35.74644153391418,41.88316969424242,0.0,47.40622503853783,0.0,0.0,0.0,17.489675256936675,0.7942752914371906
0.7000000000000001,115.05514258968708,202.23002878392103,65.18482481190495,41.820384593180165,50.85201694663579,51.833716115489466,26.898557226599436,23.56078005249633,0.0,15.118167200351268,0.8717930001868117
0.7000000000000001,172.92554334661992,33.172598042978414,125.84185580174866,37.45293327433015,184.0544149481344,78.33013473374055,0.0,0.0,26.53807843438296,53.2901736303321,0.8279783055038491
0.7000000000000001,145.0350566460863,76.66138708435965,17.726506923411552,98.76196714471548,138.58905412848168,62.15788141975041,0.0,0.0,0.0,130.99197973273508,0.8401205465089783
0.7000000000000001,150.05457482196144,118.19180666557338,156.04586456076967,25.59914706581476,185.18531919951585,105.11990178090096,24.782153010523885,0.0,96.40529852445503,175.1090591842489,0.7201082914806091
0.7000000000000001,395.1599366995995,0.0,152.56609729967175,195.51826433223584,90.02774210025595,172.1522854665199,66.66176323454182,12.71384144163991,102.05434886937574,174.9012241566057,0.855418467053237
0.7000000000000001,226.9619554223688,109.70970654857771,269.4744667099417,230.04754091904687,169.7072023173295,261.2462387187971,25.027526806394004,0.0,160.10760299432957,224.904898424584,0.7429115474876461
0.7000000000000001,429.5499571830633,144.92188494727895,236.1965939757704,330.45170166641446,284.6280722357843,201.5494595282192,27.941237457702247,0.0,213.09850434407085,454.8833458113797,0.7909549954879447
0.7000000000000001,161.52975634330988,167.48294146652574,246.0649850930007,140.89204791615413,304.40619930053384,277.0215477337323,202.0114151811893,106.7604532097066,114.30115436578043,292.8967080623141,0.8064031178156387
0.7000000000000001,407.2926100050764,265.0428555553202,365.78508287080126,440.58510572735946,205.80815537411436,323.8451856622091,155.65322675353235,0.0,0.0,233.47984013029853,0.7914147153271924
0.7000000000000001,581.4676164098818,418.39576885903216,319.15490163523174,475.7038752840442,319.6208211996621,323.8140972795402,363.8831798206071,202.6750105274837,232.0279430866353,364.3490993850375,0.8611658390359279
0.7000000000000001,540.2007286736856,311.65426654251115,659.6681975149811,448.262720043643,568.7690364400787,495.0108600250182,439.95193960250987,264.3867027835631,609.2840910906068,225.94934324332107,0.8573277901726684
0.7000000000000001,377.9163073752151,598.5026498774844,495.23796502960727,594.7180802757291,292.4931649356081,703.929945926361,136.78515846341767,32.43916801504075,370.88782097195474,569.8480514641986,0.7679619241896103
0.7000000000000001,654.8211333133253,411.5542491816586,426.5501529979941,235.49123030097604,542.07415276828,433.2149991385845,224.3831533999844,470.9824606019521,567.0673257955099,715.3601524237162,0.8236562398212448
0.7000000000000001,646.3032279176348,675.2167933771069,766.4929510040708,488.1290168746344,534.0505620161472,519.8772456144462,519.8772456144462,310.6790955253184,563.5310601316926,574.8697132530539,0.7732702025463734
0.7000000000000001,792.830058861799,651.0181917295373,694.6986402555078,537.3293531002969,669.5674232953601,621.6984386093643,454.1569922083808,274.049937327325,491.8538176486039,506.81287536297583,0.8459337956454407
0.7250000000000001,0.0,6.804138857991164,76.04625782460847,0.0,0.0,0.0,0.0,0.0,84.05112706930412,13.20803425374791,0.8020356857007725
0.7250000000000001,0.0,0.0,28.644045209557923,0.0,63.312433260807694,21.255700215028657,0.0,0.0,104.34616469196008,0.0,0.6749855313340757
0.7250000000000001,0.0,15.588705373733614,105.57805003119894,21.434469888885022,38.6174746758408,47.12040487969608,0.0,0.0,104.1608949972236,0.0,0.5876111218770907
0.7250000000000001,0.0,0.0,138.81753314675603,2.0206336702584493,51.728221958616125,0.0,3.435077239439916,71.5304319271493,131.5432519338249,66.68091111852884,0.7126861321557894
0.7250000000000001,0.0,66.15837751464923,116.61815697497492,28.033210811292047,118.86081383987826,87.01508635824989,69.073831439024,0.0,38.34943238984732,28.25747649778218,0.6735959713104622
0.7250000000000001,0.0,0.0,201.0124048073333,17.20914761727534,141.01940408600092,38.242550260610415,0.0,112.0984754514145,166.1160776945265,0.0,0.7093027214920566
0.7250000000000001,45.90690882057394,0.0,169.1569792410275,0.0,111.27435507595564,76.34518532117127,44.65943847218879,156.93176982685276,130.7348925107645,136.22376204365875,0.7076553032122223
0.7250000000000001,141.0950157683985,210.63264112664768,175.7195595152447,17.312271873423093,0.0,240.6405790405813,61.4585651506525,83.96451858610305,131.86180410257205,79.92498848230407,0.6613017649307141
0.7250000000000001,164.3884234758288,139.64877954679346,273.7636913726176,97.98201082420805,0.0,318.6856764016565,76.17206157097839,93.09918636452996,209.96145176615755,164.0629018451839,0.6970407997558266
0.7250000000000001,42.03171558770868,127.19162630019572,348.3149996094474,148.02473750453927,238.3015527233564,250.36282763113437,189.3254667342015,130.48106491140967,329.3093543002216,257.30719803258216,0.6985305504869367
0.7250000000000001,131.9162415091693,143.65112188881974,501.76729899193367,0.4046510475756122,149.72088760243184,114.51624646348051,0.0,70.81393332547451,321.2929317738676,367.01850014974616,0.6602958514466247
0.7250000000000001,142.3598152723711,240.84773778784532,423.9457391916196,195.18515553067283,323.21945480078955,411.4109126896491,37.1568071308396,228.7605836609488,327.24850617642306,297.70212942178057,0.6377398121811124
0.7250000000000001,281.1417912875325,151.98165919343137,485.56440636879455,139.8425490342137,204.9081794876304,378.74023696765977,26.7060423502837,169.46197782270974,507.9003690617587,86.43046433364633,0.6936772724121366
0.7250000000000001,465.020916294686,0.0,566.7760402103721,224.3700482340897,378.0202853467725,365.809670476892,268.1247515178343,280.84414200729503,471.6349993492042,344.44109445459884,0.6921076263184149
0.7250000000000001,445.1249748244903,276.7561900209004,847.1054485430617,123.1196738876256,344.10370394233496,312.0084043391511,330.9498926295569,411.977370316285,247.29165268027268,357.2575152551178,0.7118807359594138
0.75,0.0,0.0,57.19065704419018,0.0,1.1657567982627437,8.914610810245463,0.0,0.0,0.3428696465479024,0.0,0.7229381342830489
0.75,0.0,0.0,76.5072893396735,17.680714512164528,36.34369094167061,28.922156455083456,0.0,11.35058215595738,17.898994938240428,0.0,0.646684923867422
0.75,0.0,0.0,89.28739878053494,0.0,69.70786351294039,18.046198168324377,0.0,26.892373741033097,40.57445862682165,15.923116030874734,0.7994628714863492
0.75,61.76664293984687,0.0,98.90736941348057,0.0,75.89626714177267,77.91478488490492,0.0,1.009258871566128,110.00921700070798,121.1110645879354,0.6721010296906184
0.75,0.0,0.0,188.8670841868313,57.26786587348214,22.907146349392217,72.92887409194417,0.0,0.0,51.65795248179388,32.490748393526815,0.7468765154257375
0.75,0.0,46.67867084190101,78.84583779512903,0.0,117.05946470197014,150.19406524777665,76.91097060997313,0.0,207.03078881175017,94.8084920726714,0.746614055601163
0.75,55.53412228257207,65.5205214649641,122.51606801812996,0.0,31.420621817769906,51.63699089432054,0.0,100.10756253568924,180.729468130123,207.76581713611276,0.7845071188452574
0.75,0.0,0.0,120.87418393882224,125.09686285371532,55.15874332579324,0.0,0.0,0.0,29.29483497207228,49.616477249997175,0.7869996350364286
0.75,21.63433791010176,35.1557991039157,190.20188745965,0.0,209.4324100464065,246.9920244736674,66.10492139197926,52.88393711358451,64.90301373030664,110.8759817892746,0.8176575841878275
0.75,0.0,0.0,255.9103125078208,39.19347128498172,181.4756527565103,198.27285473578772,0.6587138031098301,173.24173021765017,188.3921476891538,43.47511100519037,0.7769358346201123
0.75,154.82254638704504,234.42470467094907,357.4794172474455,0.0,189.14641280303945,228.9474919449923,136.5651706338558,143.8681209351315,370.98987530480485,234.0595571558856,0.8799640978999367
0.75,247.4341400741733,236.4182365777189,310.98742947678625,52.113697310143365,219.4706927370221,396.9962144683212,63.55328940261292,169.89912700298672,238.5366795578079,132.19084195743602,0.7443127844862479
0.75,259.85535169040696,329.72858334002296,568.5762967566892,226.51714312555816,308.26425727772306,328.8152077629046,273.5559853471947,256.6585371704907,552.5922241571036,272.1859219815151,0.8359850344379479
0.75,141.90996207203924,320.9440492430948,753.85924999451,311.9624060739811,484.409954921013,480.817297653367,640.6905460636419,559.8557575415936,465.8478923715089,550.2753381612033,0.6980231980787931
0.775,0.0,0.0,0.0,0.0,26.142701521717083,0.0,0.0,2.2385187847343424,23.58439433916386,0.0,0.794170412386412
0.775,0.0,18.030466642770676,24.77229330050224,0.0,26.41855329832036,23.282819969142853,0.0,0.0,18.030466642770676,0.0,0.8575612771594665
0.775,0.0,0.0,78.49862289343093,17.11807975869203,4.6463359345017885,23.47622366906313,0.9781759862111956,0.0,23.10940767423435,37.90431946567521,0.6707376020304907
0.775,66.83764342138986,0.0,161.59480877829768,0.0,104.2751841985605,0.0,0.0,0.0,56.89660152010755,21.362664511266885,0.7658008913483078
0.775,38.33896306716992,0.0,140.87867493912637,0.0,95.50712101348174,117.28546689779095,0.0,0.0,131.80436415399743,25.181212428732564,0.8166201009526989
0.775,90.75734687193676,0.0,153.19654459201635,0.0,43.637803611058565,0.0,0.0,64.52824150997095,77.75885217928102,109.094509027648,0.5921036160172103
0.775,0.0,0.0,19.85989860292179,0.0,126.76009355198327,87.28548027950886,0.0,0.0,231.69881703409013,33.83538280497869,0.7807649968566576
0.775,20.77412416590911,55.7482825718056,203.7967877035364,66.00386285624306,136.47810686210923,149.10035951987712,51.27790142218012,34.44823121182453,143.8410875791407,103.87062082954436,0.7010994317369557
0.775,0.0,100.9180441889433,151.37706628341562,0.0,37.04217228900477,145.8353239724618,34.708807105446176,30.042076738327665,258.1285234312574,120.45997760125398,0.7785889906580162
0.775,145.01650189512904,0.0,280.2528211043072,130.51485170561705,70.484764874608,242.81832875463468,82.62568131234097,0.0,277.217591994874,213.4777806967836,0.7848004992614096
0.775,40.56166208301188,94.78184303071004,388.6469458770151,189.56368606142007,276.4815333821564,405.2027263190605,200.3249433487492,209.01672808082265,338.97960455087906,314.5598283988618,0.7505763623034478
0.775,141.83305492585615,177.07899372479525,568.6061692985659,164.33949777337298,273.8991629556197,439.0879604590869,160.94229885299242,197.8868371121237,472.6352997978376,65.39607921731114,0.7800163289897128
0.775,184.4713348768092,286.13758177899064,231.39421806243288,125.12768849499432,273.7168185827973,265.43630978533366,161.4699215505258,287.5176665785686,235.07444419463727,148.5891300878051,0.7432506499920859
0.8,0.0,0.0,0.0,0.0,0.0,0.0,0.0,0.0,0.887629069529072,2.1968819470844734,0.6996356406518467
0.8,0.0,0.0,51.25413160730408,0.0,14.773249698575812,0.0,1.0552321213269171,0.0,13.039654070681909,0.3014948918077396,0.6539480749407497
0.8,0.0,0.0,46.79061900032389,0.0,45.23954875721889,0.0,12.667073652021523,0.0,72.77104557232661,0.0,0.716836795503978
0.8,39.64301620807888,0.0,108.88615118485696,0.0,45.28113406878311,47.04304590025328,3.87620602923486,0.0,29.77630995184607,0.0,0.818119397966457
0.8,31.37238336907194,0.0,157.77126129083814,0.0,0.0,86.16038620926186,0.0,72.52021952705685,95.70850288680496,83.20501676145037,0.5554853576353355
0.8,45.65901220118467,0.0,102.00417619413498,40.07306921912446,41.04453756382963,142.07724541325945,0.0,8.257480930001625,116.33333427854942,100.06123950472356,0.7661051061449736
0.8,22.245876045374988,72.7365160584723,105.98035329481932,0.0,0.0,110.97942656344284,19.24643208420132,41.24235446614422,183.4659889584842,99.98146537247082,0.6122088176811413
0.8,135.23085800662287,0.0,24.827540337153746,0.0,16.375611711739065,92.70709211000911,134.96673523708012,95.34831980545218,145.26752324930243,35.392451118921194,0.6777810314497189
0.8,0.0,57.51424458249991,223.82390748854945,119.56163159514996,209.94115879622143,134.57766589501392,75.93013570497679,0.0,224.6738716942027,0.0,0.6758760200245967
0.8,121.31752604708272,228.55953802240492,202.75442889084368,52.95074341281598,225.54335643559875,103.22043652624676,75.06940838272588,88.80979116706375,225.87848772302283,91.15571017902484,0.6726707476771713
0.8,121.52191552930474,119.713553691071,381.92602023495846,228.57693635274143,74.86618010287478,80.65293798522231,13.381877602930413,232.91700476450168,356.60895449968655,202.89819824982152,0.7794283508112826
0.8,210.02186039874653,54.358599162027765,351.2718567061396,84.42055172890792,170.48833373545156,360.3316232331436,126.8367313780673,284.9708380312416,402.3359953128921,343.44751288736234,0.8117501077791811
0.8250000000000001,0.0,0.0,4.326925766221326,0.0,1.788837275645594,1.7139121541525673,0.0,0.0,0.0,1.526599350420086,0.8039508754921074
0.8250000000000001,0.0,0.0,38.076932638578896,0.0,0.0,7.375261727292216,0.0,0.0,0.0,11.06289259093852,0.8185715067912563
0.8250000000000001,0.0,0.0,83.22760562671222,0.0,0.0,9.48407599002043,0.0,0.0,0.0,46.83972223642882,0.8427680870470821
0.8250000000000001,0.0,0.0,61.42532129336792,0.0,38.63402560985523,27.09940645295627,0.0,0.0,100.89317479408322,34.742828785841375,0.8122422199502585
0.8250000000000001,45.1051225392358,0.0,25.082848631575228,0.0,112.65279385409096,0.0,0.0,0.0,40.70462277931036,102.9716943822558,0.8182860391249174
0.8250000000000001,0.0,0.0,57.86222063750964,0.0,53.164006141301385,44.509400490391855,164.437507367281,4.450940049039635,71.46231523179604,131.7972803409941,0.7839049382953681
0.8250000000000001,123.09121406754328,68.83895339744141,134.3511172254893,0.0,84.70518057454635,71.39802229697455,22.263899425938924,0.0,171.45761626871968,26.10250277523862,0.8528387046016991
0.8250000000000001,8.306191314452933,77.97102169373764,100.21017908404826,4.0191248295741175,87.88486294001999,153.7985101450365,0.0,0.0,124.05698640618826,92.43987108020472,0.7683696742742165
0.8250000000000001,2.854060899105649,55.083375352738265,116.44568468351102,0.0,143.2738571351031,101.88997409807118,25.401142002040544,37.95900995810566,69.3536798482678,84.76560870343857,0.7290972393392984
0.8250000000000001,11.986565208212795,0.0,204.34239735906485,43.094555867625104,189.50188805365715,141.5556272208046,89.32845024216167,88.75766142272346,112.73079183914903,61.074403679944304,0.7751301451127306
0.8250000000000001,8.477491656542789,185.79835880588877,308.3687590067329,17.66144095113014,37.442254816395575,155.7739091889675,42.38745828271233,187.91773172002567,370.89025997373295,234.89716465003085,0.8155591838046619
0.8500000000000001,0.0,0.0,3.9609208760284766,0.0,0.0,3.0775500331731718,0.0,0.0,0.0,0.0,0.8307699236379601
0.8500000000000001,0.0,0.0,43.845072762255896,0.0,0.0,17.801758865878092,0.0,0.0,47.14169477445558,41.42754995330967,0.7391886013261659
0.8500000000000001,0.0,0.0,9.296812583686636,0.0,16.45335176681215,4.280546801121937,17.6572555546278,0.0,27.622903575989728,6.554587289217994,0.6715215729350646
0.8500000000000001,40.81720555732463,0.0,24.32258139374852,0.0,30.892474069071103,0.0,0.0,0.0,0.0,0.0,0.7412353334819605
0.8500000000000001,0.0,0.0,99.44421608753318,0.0,0.0,34.01468829137799,0.0,14.732476457412687,9.316124818658167,8.666162622007231,0.7179860514024936
0.8500000000000001,2.2499760711151287,64.74931137986239,114.99877696809496,0.0,82.49912260754638,36.749609161542935,44.99952142229802,0.0,39.99957459759824,107.99885141351596,0.7669067285683617
0.8500000000000001,20.003019728442126,0.0,80.77168725788586,0.0,42.03166170786502,155.4665077628271,0.0,0.0,179.7739747746044,145.33839650791984,0.6939292630600354
0.8500000000000001,23.542728984195016,0.0,131.73347229358473,0.0,81.47371378799916,113.74576924948036,46.02735778932485,52.1114338189487,50.78880859511633,51.58238372941551,0.7702877045398445
0.8500000000000001,39.81593979083125,9.53339403442476,184.7796079025223,0.0,94.77315245986637,155.6186379148706,0.0,102.90457678334764,116.36348600841674,193.75221405256835,0.8082784800995814
0.8500000000000001,0.0,0.0,292.3427836914173,77.2685401223937,106.16819095557096,251.88327252496669,0.0,8.213584973641076,239.10658478819357,132.02577327999532,0.8081029387883395
0.8500000000000001,0.0,190.963383462016,354.02190631250727,23.534219792854195,56.482127502849146,150.61900667426593,142.55013131671714,119.01591152386295,287.4536846127191,108.25741104713022,0.7629871175147199
0.8500000000000001,127.30857211575746,84.99610208311493,248.67855194623044,0.0,202.654461735286,68.29381128075616,173.33266232670195,87.96539822575716,290.2486979432116,106.15233709943536,0.8109797711512089
0.875,0.0,0.5880630181370327,0.0,0.0,2.3183253599633837,0.0,0.0,1.1421993236893175,3.3700534500931334,1.4588486411477002,0.7591780414892381
0.875,0.0,0.0,0.0,0.0,0.0,0.0,0.0,0.0,0.0,1.805996662816212,0.6442061519066969
0.875,0.0,0.0,33.82066934186407,0.0,0.0,0.0,0.0,0.0,16.38478496452273,0.0,0.7660071097819021
0.875,4.992813204011347,0.0,117.83039161466766,0.0,0.0,30.38483464155438,0.0,1.569169864118371,72.46711736107925,0.0,0.7041330582807395
0.875,13.164641806406111,0.0,70.42290315715901,0.0,0.0,16.17823450907675,0.0,0.0,60.43046419566996,0.0,0.8168146734416963
0.875,54.72630684490964,0.0,109.20609879412282,0.0,62.61478350723856,5.916357496747261,88.2523326598104,72.4753793351514,4.190753226862035,14.79089374186759,0.6792198263610595
0.875,0.0,0.0,223.58393322247667,0.0,18.21987814385722,125.7171591926141,0.0,52.83764661718641,106.45614515482312,61.68730171563158,0.814675796299871
0.875,30.4556870195096,127.03588369399078,307.84937689991114,106.73209234765189,0.0,32.10194037191528,0.0,64.20388074383182,75.45327865193882,0.0,0.7619973069064581
0.875,0.0,40.98457881812298,130.53307637278976,1.6842977596499211,203.2385963309663,150.74464948857607,140.63886293068418,9.825070264618583,260.78543645230496,151.8675146616756,0.769470459507851
0.875,54.97754573803849,165.23638056073557,212.01285594006163,35.53797155442368,77.75829673446339,94.1604374518896,0.0,90.51551729246216,212.6203426332991,183.76472470449423,0.7815970529331728
0.875,130.02010618459337,0.0,115.1902266993488,200.030932591683,168.64676902988325,94.1524906853947,151.05784219854746,166.23260260205478,272.11104450834154,197.2718852455918,0.7742302828570464
0.875,40.33721839591821,140.4332788598607,239.0353682721039,99.34907493809452,196.45719329863505,264.80636891394045,3.361434866326801,89.26477033911414,339.5049214989729,223.34867222924777,0.806100404412528
0.9,0.0,0.0,1.0017808351323176,0.0,0.0,3.119831743697772,0.0,0.0,0.601068501079408,0.1621930875928774,0.9328934958558044
0.9,0.0,0.173125122033031,1.1871436939406956,0.0,0.0,0.0,0.0,1.6694208196041194,1.6199564990232451,0.0,0.8541271437405197
0.9,4.486697945928061,0.0,28.581927655541318,0.0,0.0,0.0,0.0,0.0,9.139569889853302,22.599663727637484,0.7746506730522527
0.9,0.0,0.0,90.5076242026674,6.524322603566867,27.207813410617568,0.0,0.0,13.048645207133102,75.37674837737478,24.84795204337037,0.8533005657215675
0.9,0.0,0.0,120.43973229375368,0.0,50.31528289903439,73.29391603402753,0.0,0.0,21.19580815038057,56.059941182783575,0.8166769104385385
0.9,28.93359219550753,12.01479675915147,98.81557334567296,0.0,136.82156309400742,41.68398875623903,0.0,67.18478187770312,79.44477857071459,88.02677625582263,0.8756096508104042
0.9,53.255323359730525,54.88558836053837,204.8699684348829,0.0,0.0,96.45734588114505,0.0,0.0,54.88558836053837,115.7488150573738,0.7901426198404511
0.9,20.39414608398565,127.53139351185716,88.91847692617817,14.95570712825614,106.04955963672536,0.0,0.0,160.16202724623415,28.27988256979368,25.83258503971516,0.2
0.9,145.49187555637428,57.44619689626698,152.1313857504157,115.75841686132244,87.17965559131882,56.8688481837409,114.3150450800092,84.29291202869366,163.96703435718393,280.8801486435559,0.7462075837299877
0.9,0.0,118.14829936177628,241.44665279829744,131.47785108464362,0.0,90.27741848668975,64.52714811297066,88.45975234266407,157.5310658157017,295.97663711911724,0.9216214609656732
0.9,123.76807569422525,0.0,236.52014465126925,0.0,83.26805092517229,215.13613157320955,0.0,127.98007827020734,151.30809253718124,72.25204418799106,0.8029645207942347
0.9,46.77106640681348,64.08004373847011,227.22636199216112,0.0,187.45254174069476,167.93390772840323,0.0,123.00422188878714,220.2291158368106,110.48283403184443,0.7992385286417918
0.925,0.0,0.0,6.489632203883161,4.345839878004343,0.0,6.279913389394995,0.0,0.0,0.0,0.0,0.9222610324862429
0.925,0.0,0.0714474535184134,5.775335826072627,0.0,0.0,0.0,0.0,0.0,0.4882242657092215,1.0598038938566372,0.8354936323854438
0.925,0.0,0.0,0.0,0.0,15.260590416845172,26.90168182456697,4.695566282106413,23.86912860070678,21.61916975719737,4.793390579650204,0.8937794547373227
0.925,20.45229011493065,0.0,91.3635149659692,9.703641295405182,86.43705092368562,49.26464042282632,0.0,9.25578092792535,6.8671923013635325,5.075750831442846,0.8558961911295351
0.925,29.732984814667518,33.05716945233256,64.45224658583258,25.67009247974432,103.23440069192004,14.404800096546571,38.04344640883013,15.882215491065397,61.68209272111199,29.732984814667518,0.8011022025584686
0.925,74.96419677946899,37.73197904566583,117.1940276319034,33.733888550761044,20.2403331304564,200.15440540118195,33.23412723889837,54.97374430494392,95.95417187772053,106.6990400827782,0.8768566190245626
0.925,73.57785376360853,8.99284879332919,114.72694975733008,0.0,156.42106689004086,139.79792215085547,96.19623103168128,0.0,131.62260506601132,66.22006838724818,0.786039425613288
0.925,32.21300217394569,0.0,180.11269911171422,0.0,73.10950928173735,224.37056296809104,77.59131827985256,160.78489780734657,167.22749824213497,81.23278809081957,0.871715360556165
0.925,38.41962701067669,31.03123720093117,240.86150779770384,65.90443710293054,186.48295879797652,126.78476913523332,56.44729814645682,0.0,154.8606504122663,204.8061655261463,0.7682652868439879
0.925,85.07004901263795,180.27479700512148,226.64872264017103,0.0,27.332976036550605,204.22954004839207,86.29849737383296,59.88685760817513,121.61638775813996,37.77478710669564,0.6706536051478579
0.925,130.33455243387564,0.0,224.87775109057324,69.89443614977378,135.39936664762732,309.96662988160045,0.0,116.15307263537164,154.64566065988453,139.78887229954603,0.826121487459213
0.925,158.6674597554795,130.18868492757198,430.1404561669524,14.054460304681813,151.27037538459302,257.41853610679107,236.33684564977,150.9005211660508,297.7326459281136,245.2133468948321,0.8595226246580455
0.9500000000000001,0.0,0.0,4.921462357699953,0.0,0.0,0.0,0.0,0.0,0.0,0.0,0.756999965802185
0.9500000000000001,2.6447395773963263,0.0,2.2533655592165824,0.0,2.170346828087518,0.0,0.0,0.0,0.0,4.305114199976966,0.5996263281319643
0.9500000000000001,0.0,0.0,43.71108815205484,0.0,0.0,15.500385869522928,0.0,0.0,39.99099554336896,51.66795289840976,0.6503134556817807
0.9500000000000001,19.38046751187703,45.47542770503452,178.391862373107,0.0,0.0,61.803853089057554,0.0,0.0,0.0,29.452206533798076,0.6926939002122696
0.9500000000000001,0.0,0.0,55.17705880725866,0.0,0.0,0.0,0.0,0.0,83.72241582026265,56.61230022132046,0.6495813437221375
0.9500000000000001,0.0,0.0,115.10028413756577,22.07742519017982,0.0,150.57300101616823,84.58878640282384,4.961219143860583,131.47230731230545,76.89889672983904,0.6749216206625076
0.9500000000000001,0.0,99.47674515200968,93.46441440106454,0.0,56.29727884976333,195.6740371671392,0.0,1.63972656844071,51.37809914444493,1.3664388070330966,0.7543689764892827
0.9500000000000001,39.26745860606417,20.063664981200933,25.79614069011548,44.99993431498002,74.80880800133464,131.27369373414246,20.63691255209317,30.668745042693637,32.96173532625868,132.42018887592695,0.728255502157546
0.9500000000000001,63.77333264705919,30.63620882064509,290.1061406689744,0.0,106.60150212081876,57.521045132641646,203.8245729700126,146.61614221309156,155.0567303575547,77.21575080305746,0.7667007536039919
0.9500000000000001,148.91253769168668,118.5095612463001,210.02872503598397,79.10978564870855,0.0,158.5298057509412,97.10338395312124,0.0,94.0010394178778,139.91573853948034,0.7121218922267993
0.9500000000000001,96.78558784058733,0.0,303.9345977871667,0.0,39.68905400657025,70.67436809942025,55.70393544781967,273.6455828874154,219.6823954223385,290.35676352176034,0.6833471775309519
0.9500000000000001,76.3638631935767,174.70034740040103,264.03165906081296,172.89931289111854,129.3142777664811,251.42441749583392,161.73289893356747,86.08944954370311,257.9081417292515,305.4554527743101,0.6767435008733523
0.9750000000000001,0.0,0.0,1.041799224400757,0.0,2.1515418764797607,1.4834315043097193,1.2456295074356507,0.0,0.0,0.0,0.6639971565357352
0.9750000000000001,0.0,0.0,7.494382722822466,0.0798488265750037,4.414499412073468,0.0,0.0,0.0,0.0,0.0,0.6578361677965343
0.9750000000000001,26.9975055064993,43.47290630277336,50.25689486594511,7.337783547920575,0.0,43.196008810398624,28.10509547599696,0.0,22.982491867071072,5.1226036089258855,0.7410251383843576
0.9750000000000001,2.91618680491508,0.0,49.57517568355427,0.0,0.0,40.36616472066429,0.0,0.0,41.900999881146525,73.05815363892152,0.6801452528853709
0.9750000000000001,0.0,0.0,73.73739734635589,0.0,18.132146888448105,0.0,0.0,0.0,0.0,0.0,0.7677923478743813
0.9750000000000001,46.354429052082246,0.0,125.5739030405615,0.0,93.19938116291624,83.38891998787243,41.44919846456034,47.09021364021098,89.27519669289893,45.863905993330505,0.7568352182932528
0.9750000000000001,15.64720234302054,21.85212741007948,248.7365613838712,87.13873028957767,154.3137886242662,0.0,32.643301439749706,123.01938393822758,171.8494464224783,152.9648918705588,0.6923734947121396
0.9750000000000001,0.0,37.83046958030535,247.0273200206489,0.0,0.0,98.52861107109337,95.1408078250964,0.0,98.24629413392717,56.46338743329117,0.7326911868118273
0.9750000000000001,0.0,4.114008548968803,210.98986701138688,42.60937425717412,36.14450368022276,76.99073141641064,39.37693896869912,19.68846948435022,147.22273450237375,103.43792923120972,0.7103463929033211
0.9750000000000001,81.10253489104035,0.0,199.89212131137444,0.0,62.108260920275775,25.325698627685654,82.00702412774396,71.75614611177579,95.57436267828832,115.4731258857565,0.7206441672448837
0.9750000000000001,105.46425063052632,68.14613117664777,261.5513415637049,3.569559252111301,150.24599397517966,118.11996070618974,0.0,0.0,357.2804305975673,39.58965715976768,0.7774581978423989
0.9750000000000001,47.75061730763117,0.0,284.365616503653,34.56574536448001,264.0537867533911,109.39880233912376,0.0,91.58140782135266,232.3388245117554,0.0,0.7092561377136692
1.0,0.0,0.0,2.1758485678381083,0.0,0.0,0.0,0.0,0.0,1.7108486722920484,0.0,0.6593657632027403
1.0,0.0,0.0,2.452705971464669,0.0,0.0,0.6747220888044132,0.0,0.0,2.954188605035511,0.1550037231037395,0.7513962781190606
1.0,0.0,0.0,0.0,0.0,0.0,0.0,0.5381037734105106,0.0,0.0,0.5835773317268825,0.6842951858258842
1.0,0.0,35.73533834701454,23.1511197355659,0.0,18.82829654842702,0.0,0.0,0.0,0.0,0.0,0.7677838264515061
1.0,0.0,0.0,79.61156571317855,0.0,57.48915622798057,5.821686706630943,0.0,0.0,64.76626461126925,8.732530059946415,0.7193182338454096
1.0,0.0,53.67047766424693,169.99490350306775,0.0,0.0,0.0,68.18223771938828,0.0,86.37952413773746,17.966941020649813,0.7245823428269337
1.0,0.0,3.175295907201152,250.31916068439523,0.0,93.935837254715,37.30972690961896,10.05510370613899,45.5125746698908,128.0702682571328,0.0,0.680413349958925
1.0,0.0,37.25545643033033,182.86456858551628,0.0,0.0,102.66579978129244,0.0,129.68311551321284,60.00688020457802,89.58373111110028,0.7223461794406095
1.0,0.0,70.58597642808516,201.92950218667607,0.0,20.848178691839657,138.49147273864915,73.26645654560903,79.81874127732952,153.97869119544382,0.0,0.7588320717204813
1.0,0.0,56.15921427472641,153.18985671605898,3.743947618315945,47.423336498657285,164.10970393614463,59.59116625818305,3.743947618315945,215.9009793228365,105.14252894768308,0.7386448209277179
1.0,24.14800145939631,82.5600590436098,280.6389358794672,18.92681195466233,32.9587587486348,74.07562609841689,102.1395196863648,97.570978869722,193.51033601921452,100.83422231018092,0.6836524270718239
1.0,0.0,70.2112372483743,391.9559360952952,110.7701558530182,103.61269962866808,188.47968057451925,191.88799306230595,235.85522415473503,121.67675581393011,56.91881854601336,0.6528426139913172
1.0,81.33910729478367,29.266875054664336,267.9629469290759,9.502232160605528,153.93616100180955,405.1751793282194,81.33910729478367,251.9991968992593,310.53294700858794,291.148393400953,0.6228825085061392
1.0,198.87646523183085,0.0,360.1604278893532,128.94632603446027,194.02581973837223,308.0159888346652,0.0,289.4218477764068,299.12313876332394,0.0,0.6944129552537467
