frequency,705.2515797121177,705.4930601758815,706.2170856756339,706.8199632745833,706.9404867152477,708.9867248224516,709.3473032424217,709.1069350654349,714.9758063218665,715.6915456226992,Max_Oxygen_LifeTime
0.2,46.13286901292067,21.57023334928453,34.038576325749574,2883.8030470266003,858.3207304998539,0.0,10.847458389524586,0.0,62.09234802279593,67.07968521338196,0.45973694591830416
0.2,20.73879508025367,2.109030008161388,0.0,5621.443734253507,1523.5984283959244,0.0,83.65819032373516,0.0,126.89330549104363,136.3839405277699,0.971616363897645
0.2,62.14150880021801,0.0,0.0,7979.225106011556,2136.2207717006454,0.0,0.0,4.681894498646563,265.5911061050414,139.6055814141884,0.9117780783164717
0.2,25.385277982057723,0.0,0.0,12448.77828871186,2998.703475667755,0.0,0.0,0.5401122974905894,183.63818114680052,71.56487941750315,0.9391676774955388
0.2,154.86596803046362,136.7237748316487,134.88326247814575,12797.871184914748,3408.1030180150588,44.43522682028583,212.9735723339143,34.18094370791218,308.6802147160684,97.54715473565707,0.8415457954533347
0.2,79.2056439091337,98.07774679001032,58.046013406332655,15558.333179566336,4056.0724146247703,0.0,0.0,0.0,267.35479081241886,74.05870675980373,0.8653322467273351
0.2,0.0,149.32125945805737,73.55571554699233,18924.338730386276,5225.29701173312,0.0,0.0,72.29295648180789,486.4779298622969,260.12836742799004,0.7316352996703497
0.2,0.0,87.28144605038358,7.3024317412671556,22724.12437428891,6159.079571491609,175.60609663523388,0.0,73.37205225749375,553.5938729570145,471.1807147341424,0.6677301296999959
0.2,0.0,210.8690464155453,153.9190119821498,28686.271060643223,7481.233577392393,80.4226837606733,106.58891579763876,115.054461456657,620.2936182880637,400.574228683545,0.7000370427067865
0.2,0.0,42.68594819886906,65.50813832499708,34192.28977359509,9111.970724431852,0.0,115.37885008209162,207.09024373708755,762.4302034728692,275.5568141154716,0.6751327152436368
0.2,283.87516714916694,122.70733031609151,394.6780549719063,40386.27902187003,10632.040736081944,159.3363841417905,329.6614844312906,313.1784102097261,911.6055770870828,342.4816532702852,0.5234310677705861
0.2,262.6770828636861,236.9244276809718,556.2573519466295,51628.92311030568,13871.9252407209,0.0,136.4890724683859,77.77301865179727,964.1794100408245,421.3134387892065,0.6944522570889506
0.2,356.52768727261474,476.29437537663466,724.6993581108981,60705.631081909305,15836.926600125073,77.62655710445733,304.4069989310505,313.2786054572742,1257.5502250922088,365.9537692067274,0.6630253734709786
0.2,497.9846348165413,180.26320315998288,520.2914525988804,72914.35557382826,18940.89984507419,203.17290790941215,232.71436929683404,542.5982703812193,1569.3147753359044,474.4720431000218,0.79822163316433
0.2,593.7064365887876,269.9857084708394,712.3166628830155,86242.74061825669,22594.26515137396,369.59208635328497,292.9213875885078,549.1456885887461,1555.694349295565,707.0742219418343,0.7036243975064377
0.2,500.7279219578795,213.653702770884,832.5886561587029,109894.36056130716,28750.74002338505,473.5623308839183,331.1265290366622,259.17442294887314,2298.796368988447,776.0548585182971,0.7339582087744879
0.2,1109.1193305452896,455.2112377201299,1078.1747383568013,134373.6342530167,34829.7671708903,191.36787274459843,508.9571083632936,727.197916429474,3061.885963913575,992.669944151768,0.7500676178642665
0.2,921.9941199831668,854.5088926055663,1564.9277051346337,166284.51222094038,42305.0299029665,868.1883305875123,406.735289329864,486.9879921572811,3435.3628585327297,1004.9827104069732,0.6612667032813783
0.2,1480.9883783298835,1162.4160580992109,2227.8753230847383,228351.36059022832,58524.611966390046,971.6988496668012,584.9371364770547,496.5040174832559,4368.382986440664,1476.7265412699414,0.5525249130712094
0.2,1519.4397819281564,1017.4921134761256,2932.371480708478,262037.07809681815,66921.06815827053,927.9800010433706,1152.3268144824274,1653.1414182201197,5508.960641114613,1794.7745075124533,0.5601010204217014
0.225,0.0,0.0,0.0,6175.515973443065,1525.7978978835577,0.0,0.0,0.0,111.5685777741411,61.84556521181671,0.8247662403650454
0.225,24.8556410851736,123.5325361933128,0.0,10269.108114339477,2481.8357623545844,0.0,88.2375258523663,42.7517026664986,231.40601850296628,162.30733628618364,0.7810588398643363
0.225,59.18231111200116,95.56042895148812,0.0,12356.615011806629,3122.0026504037314,105.60513313104798,0.0,0.0,306.2277382309051,202.25147604789396,0.8336496532846075
0.225,25.385277982057723,0.0,0.0,12448.77828871186,2998.703475667755,0.0,0.0,0.5401122974905894,183.63818114680052,71.56487941750315,0.8326921862102807
0.225,19.0775698703937,0.0,111.08068908406656,16176.548439134478,4173.372260518545,52.30946577366015,0.0,0.0,283.08652065745497,173.5443452726137,0.6972630871582721
0.225,88.90463781607926,0.0,206.12704915876157,18967.639839842333,4586.491482000622,66.18456370752568,0.0,106.68556537929511,262.4333197756118,184.06552792291967,0.8245197440059927
0.225,82.85014862164756,200.7122847361253,169.16683065842682,21811.42824800864,5268.784137658668,0.0,76.95704181592369,0.0,428.1168767687646,247.1638324988901,0.8684417707442
0.225,18.239111087539676,80.40097948793002,227.05832170202456,26077.834360855966,6535.185170692535,0.0,120.22924247500646,0.0,634.2743937381146,308.5759814606203,0.7852449718092277
0.225,201.9884169112874,0.0,90.8542276870048,30643.02188282684,7460.592250333778,91.6654261484959,26.363949998461205,361.3889145942914,763.3377522631386,228.7579661404942,0.7001181046785798
0.225,113.166607784476,0.0,270.4414603353422,36819.69147211371,9237.335744864333,48.11808519969845,245.49134208364669,28.959958685003706,891.5211896721908,332.816755964581,0.8729390368811302
0.225,106.61906984637788,188.0113062023181,243.22475308704952,42533.86919884899,10833.25906117661,215.61802964468387,102.81124592329294,23.322921528895165,1160.4343405601307,487.40146215487033,0.9409197834843136
0.225,226.2485099569624,273.2747591397029,212.1406352021403,52375.746284217086,13036.198787335465,77.33205421161765,156.23165006265998,141.07874754822137,1207.5295762368137,457.1996448321989,0.8786739544765398
0.225,229.0142668810668,135.27558411357128,444.5571062985414,61135.58306769184,15423.10051738008,80.2672553039033,113.94582396288372,278.9708103918877,1176.5046651537157,475.4291275692734,0.7488796733202973
0.25,0.0,0.0,18.543918292821804,3095.2357412553083,775.16775691287,0.0,0.0,0.0,34.530054752150946,37.727282044016775,0.8907084191471129
0.25,67.87503879006265,0.0,9.890362795123416,5054.557174354836,1317.745395938502,8.726790701579484,0.0,29.477159703112925,99.67934268026345,203.8190450524453,0.9102083319707164
0.25,114.45996549923132,106.67196784670632,2.5959992175083397,7948.241604223943,2062.639378274808,0.0,109.03196713535026,13.68799587413488,248.27192516534305,146.555955824789,0.9443221441693939
0.25,37.809424612768495,0.0,82.18298544303154,10954.230519754876,2752.9987296172067,0.0,0.0,44.8986917276626,192.46047389693965,183.79581408984689,0.843301338754155
0.25,0.0,11.7614822755151,96.15011760233595,13987.636833213222,3533.1492755647364,29.991779802563507,73.21522716508149,104.38315519519652,404.0069161639437,138.19741673730243,0.8709211639441403
0.25,107.6826388401473,0.0,0.0,16382.613881473446,4173.321120796169,0.0,120.05995364935966,34.03761572533392,306.029108657775,195.56157398555493,0.8162583665516217
0.25,28.0515820817672,54.78308971262771,0.0,18991.58110658185,4586.928698288027,0.0,214.8421168850641,19.4710981508737,659.7072068406192,262.364797117705,0.8839646218926953
0.25,218.163037828039,164.9880736829744,182.8344657590577,22814.60910281501,5465.730732362907,10.92636249556122,67.0150233061088,59.730781642401325,410.4670177499164,174.4575878457941,0.8620823431292292
0.25,1.9514972152633423,233.7893663885491,201.78481205823024,27312.374425939717,6438.76991203989,88.597973572956,160.02277165159452,214.2743942359156,718.9315741030174,142.06899727117175,0.920458161603352
0.25,192.2373656912785,81.96494273430339,332.9297673950055,31499.88799226146,7738.927093114613,75.62744716206343,208.2923544742864,63.374955722399534,601.2170799531635,369.2647420091812,0.8298172285604452
0.25,343.6344752502149,245.83423649853663,292.511623175474,36184.31015196182,8549.5190530558,178.70770899170296,115.1375538031121,140.032160030812,571.2423036177569,374.3081864950594,0.8914172453042928
0.25,276.0614038441851,217.59006483552093,363.7684123571815,41604.274797746846,10416.045989141798,0.0,87.70700851299631,11.981831764070538,909.1813942576724,310.5690793247083,0.8738477512417712
0.25,155.22008428170156,161.94628793390862,458.9340491928976,49308.764173768126,11969.020698962006,0.0,0.0,81.74924438836281,1016.6915520451452,352.86699160040155,0.9391192474088602
0.25,252.67794843139356,6.563063595620605,303.54169129745327,56465.86456688822,13146.91022596069,135.63664764282595,253.77179236399692,158.06044826119637,1156.193036761831,445.1944805695981,0.9311141893419929
0.25,303.21356681152326,71.41557062626694,640.9244855357347,68063.88054043417,16142.945045037444,275.3735986012836,127.70072374696883,297.76661650951985,1375.0523429057498,711.734839461779,0.8825515117549522
0.25,386.32910387159535,337.07853930518337,823.188007752886,76912.1121742512,19000.48403908876,424.7061671700982,88.26724558655653,30.062032917160565,1543.3975623214562,923.6079900506352,0.9153880401320287
0.25,544.625034797532,348.5331603698139,778.3235700744013,86199.16749886116,20858.26582097576,180.64628157895945,328.38673491491136,339.8030426726895,1634.5466519077595,570.1438403737419,0.8366406301068983
0.25,760.5159506756657,603.6065259080099,843.2114583234845,96724.76518031055,23446.65021539392,197.9037789862327,479.2098648309493,569.6801637960841,1896.3422822145085,417.7183335030841,0.7023520808996986
0.25,596.4810309066188,464.3491569716084,994.3867312709076,110358.80622835964,26303.303384422637,206.1257233386164,216.6962732534172,500.5910423937826,1944.981184323355,435.6576643457204,0.755610973873429
0.275,16.592832695615694,0.0,25.90513675948165,3022.096640653516,657.2793522895931,20.148439701819058,0.0,15.069001121528542,65.18612844706166,104.46712013464168,0.7349682530279553
0.275,0.0,0.0,0.0,5377.449975108884,1252.477167367677,0.0,0.0,0.0,84.89628592201716,139.57524973619772,0.7725901930008846
0.275,9.45467897064086,0.0,0.0,7421.9229919530735,1771.0977381752991,0.0,0.0,0.9454678970640862,234.7124054461593,53.18256920985483,0.7802447031227839
0.275,86.62608532318447,0.0,103.15167698483812,10215.481064911904,2530.014775038976,0.0,0.0,14.126715452703928,186.5792606960896,93.55617214903924,0.7744336608163489
0.275,85.76656299274543,35.08632122430495,9.89614188377832,14002.440999371547,3262.128224598199,35.68608739907939,72.87159023509489,93.8634063522004,247.7034301818452,318.1759557178423,0.8173128926325012
0.275,26.02624215979475,16.708204843325028,0.0,16198.283283972016,3658.775549056579,0.0,0.0,0.0,494.81991266770285,120.49186185090169,0.7840962965634557
0.275,78.24635148619632,37.73828456635132,87.24814413505078,19565.742545079323,4609.264059007663,72.01434119083555,49.85608236288615,33.92983383029752,444.5500677357349,438.3180574403741,0.80167380927598
0.275,5.77314438643035,0.0,15.876147062683478,21961.40206750522,5138.820146971319,0.0,16.958611635139157,0.0,618.4480923963517,151.18421861964492,0.7916037598162216
0.275,72.6600644209725,59.65773710353532,0.0,25561.42824190644,5984.129937154619,0.0,0.0,85.66239173840968,462.729883944088,301.7304780428806,0.766825166377979
0.275,339.642258210092,78.28185876961227,272.30302485988784,30257.201025080467,7263.378057236391,66.91836314176533,175.92374712740826,173.3985258767756,786.6064195720719,503.3607692927758,0.8298172285604452
0.275,335.3433103446851,169.86058017459249,267.4866352749382,32989.72649390874,7982.571698204948,111.19739011429508,88.87035509134607,36.77394003779837,678.12896569702,602.3921606191734,0.8419934897076728
0.275,174.80793521695506,49.15024173208817,367.235768413338,39194.07201065989,8874.864403322335,58.8875537733509,0.0,307.8845331142127,705.2596007028877,433.0785450733051,0.7573560230931569
0.275,36.97117157625458,104.998127276563,122.74428963316522,45087.57610962834,10412.06781378199,59.64682347635739,4.436540589150522,224.78472318362788,906.0401780954124,732.0291972098407,0.8159663184531726
0.275,419.4702801023471,314.2118992567892,331.9286564288137,51183.19038888576,12096.897580839735,31.78594669098531,162.05622001469555,200.09513982521895,1188.5859738055326,187.068112492848,0.8465959102028908
0.275,115.8403322393524,103.40868682829996,399.5078775279129,59248.09187949316,14409.407180992615,0.0,46.90120768715242,101.71346245406552,1290.6308235838092,549.2526972519539,0.8661823154686811
0.275,493.9878200360363,245.797813601466,294.8377666801039,68283.35027633718,16130.556273622238,196.757860522828,293.04362205527576,199.74810156420835,1307.9314314997714,450.3303008318829,0.8753687785904483
0.275,178.02440940581525,0.0,350.42699535671005,74678.42883401204,17697.50023608968,81.82876362162034,231.1194087022865,0.0,1431.6910398530829,567.179521896422,0.8164756490907241
0.275,188.6165865285291,0.0,407.4644029536169,83090.53537069152,19859.946440089272,475.81327054583664,102.5233013883294,262.22305932015024,1883.5370626855904,394.3203899551132,0.8361569321063043
0.275,456.720509395861,275.8762083152017,670.187704004796,97065.16453335916,22631.77778857254,31.91370019070457,269.4934682770609,187.2270411188002,1933.2610382191265,730.4691376983492,0.7819711433974208
0.275,668.4531658139874,599.0226712432528,710.5546359260286,104154.6053234939,24915.20683893638,539.1942663471942,375.9587418777013,507.43350819249656,2319.2739675756025,964.6407011636104,0.8320106428086772
0.275,778.1516013907462,720.5107420284688,1279.782863948945,118197.25570554154,28178.59092283447,470.4740412812921,608.3447454316045,406.6017376636332,2533.8610203444423,630.9337308573619,0.8289673586522995
0.275,792.7664637891828,448.0146887670151,1317.2119706035653,128903.82701212112,31261.017675182266,396.78977879909866,297.592334099324,238.23648604126208,2415.701706582217,744.7939290573246,0.8365105221819555
0.275,835.432907520639,382.2297949454714,1510.1069751089542,144829.1780754126,34723.90942538189,415.5787032293046,489.9724217086245,532.7274323289233,2906.4856219679136,623.3680548439569,0.773445122916722
0.30000000000000004,0.0,0.0,0.0,1827.980754052523,385.8622045890714,0.0,0.0,0.0,46.26887100227566,54.34069896528948,0.7407217240849905
0.30000000000000004,5.92278575880362,0.0,0.0,4262.304112682259,928.9220761065552,49.292862121655965,0.0,0.0,122.8500400938945,70.6913138953981,0.867026873689901
0.30000000000000004,57.75288072569293,0.0,0.0,6089.895204927154,1414.6084987090935,0.0,0.0,0.0,78.20234432895386,31.46071323578605,0.8479892845776956
0.30000000000000004,19.844706076404663,1.5265158520311268,0.0,8680.023553957668,1978.3645442323427,0.0,0.0,0.0,237.62763429951232,107.36494825952268,0.8758760872989872
0.30000000000000004,183.14050278745248,14.47400747836318,0.0,12768.14231127038,2945.6082158007684,0.0,0.0,41.05891917331597,330.8344566483013,265.5537290418061,0.797632544766235
0.30000000000000004,130.35853970639565,48.316971184708834,189.7008600205011,16072.040555890766,3895.839542369745,49.6140710822849,38.91299692728227,164.73168699216166,448.7965645613223,272.71525346537,0.7840962965634557
0.30000000000000004,48.25724107629362,0.0,42.52036626302796,17856.52905112588,4188.593540132563,41.84543981440846,0.0,146.12157612611983,438.0272651540498,280.4319394013986,0.8105519957228438
0.30000000000000004,198.4632467931601,24.99166811469423,89.67598558802048,21306.132116839028,5208.925179258255,62.84669481783401,14.33345671283933,138.18922369301515,541.7311588391073,122.7531933868805,0.77806321886658
0.30000000000000004,119.35768726564444,78.92381275220137,104.1949843231033,24655.72134633672,5824.810653465424,0.0,0.0,178.8421372709982,452.1595774916759,325.0261451272924,0.6703456165782044
0.30000000000000004,0.0,141.66214728775827,76.40669751672094,28876.77555121132,6267.827251425714,0.0,0.0,0.0,743.0035072031404,349.40576269808605,0.7814791732500574
0.30000000000000004,0.0,5.64043202295114,6.942070182093723,32963.55250089923,7646.256426189844,42.520179865324,0.0,213.46865809938168,533.6716452484542,277.6828072837485,0.804430205528871
0.30000000000000004,74.90320273491386,231.22293018169063,289.3775906901642,37326.4525380427,8686.910568113737,198.1910830128777,0.0,0.0,960.7149915999822,335.4360818128752,0.8523502692667881
0.30000000000000004,239.08716828926836,166.9099099377911,383.44168499222286,43946.928178755705,10225.111599792608,246.6056327008806,224.55147042681807,170.9197576239843,949.8326706670096,377.4269134629331,0.8192687141174579
0.30000000000000004,506.2354699874904,142.94314494040248,287.43441058413066,47996.3861652054,11425.13079054336,0.0,228.0897836233137,149.13562775370514,800.8944438538075,245.63515159433783,0.7077329333746215
0.30000000000000004,488.61630820891554,106.36545484819928,305.246695944572,57425.71189640359,13223.663579304775,0.0,0.0,180.04569180033732,1272.5075509703845,475.3206263528906,0.7396000724320938
0.30000000000000004,324.87101832319365,65.78929224107685,323.124399945112,63001.10710353245,14697.79365155739,100.72165980271058,105.3793088109284,221.23832789034697,1038.0735227065488,631.111440613516,0.8241658209092182
0.30000000000000004,296.4714970092424,256.73820359563257,592.3317125813523,69653.07463549511,16075.479233709397,0.0,114.9209101809022,339.87247904564697,1512.921556902835,580.7173652758357,0.8088869096929134
0.30000000000000004,503.4526525033012,338.2169101432433,630.6067198663144,77888.64350709085,18164.31352147167,263.98991650493616,355.6441173452807,109.72686016097592,1627.184790975413,529.2707372470602,0.7500953902929088
0.30000000000000004,491.0781521012861,235.60792792586108,895.1731447648267,88190.65006836526,20277.349750503032,414.3685941719359,95.20204064446128,223.27960611578692,1939.655964784996,719.8370123548838,0.8399572348441947
0.30000000000000004,421.61196125643335,31.549194379733105,855.4133839777637,97868.46907451208,22610.733990238725,285.3768037075859,490.4465671758511,199.3335463083137,1994.052490228131,498.3338657707844,0.7962337857581046
0.30000000000000004,411.8519111588023,483.478330490768,758.0462712633029,106705.45819979576,25462.445963979077,352.1632283821644,196.22654462819747,659.5599446818501,2415.899435384424,631.953928897655,0.8213576247342389
0.30000000000000004,281.9025628822212,683.1621997424302,1396.1636679793571,119687.6616631505,27704.19030932492,124.85378133223722,488.4217106204501,354.1450023952138,2153.13879505028,598.3558577054389,0.7957711616736298
0.30000000000000004,738.5522786762032,294.27966070873,1197.498120723336,129664.83565460583,30358.08544170031,435.3056476965701,251.07516758528763,304.8769892107064,2480.5900485780203,636.6548892341223,0.8035843122847343
0.30000000000000004,850.41514175068,628.5301758319747,1004.0942232041024,145716.26028350714,33685.07326958836,290.9542160101312,442.90656621126783,240.87900969384745,3007.1024758554504,888.4032293009642,0.7433503506397324
0.30000000000000004,1211.1616810585876,612.4468364536622,1460.1684665823486,164694.18650476343,37957.97186827833,757.0904839270235,639.9108201511359,969.4786245208196,2971.603036066648,1007.0127355740336,0.7786844305942255
0.30000000000000004,853.3719649354922,1281.484990822863,1935.0708770109156,177180.75961830677,41028.44967648611,894.2805429647299,885.7182824469824,408.1344180126267,3594.246692894414,1547.8664291527823,0.8174794864497246
0.30000000000000004,837.3878827507918,808.7845275095985,2120.5935782263864,190775.5025554074,44290.816107095765,437.927231968612,1079.0369184091471,556.28594331148,4081.402896139901,1455.8121495172777,0.8171196267616777
0.325,38.23948310181215,0.0,0.0,2371.79603867025,543.5695118604701,0.0,0.0,0.0,136.84046432301375,72.68662077203963,0.6904838691894314
0.325,21.83258368104589,0.0,0.0,3608.691517528247,817.1881941442715,0.0,19.66736877052894,0.0,21.652149105169485,0.0,0.7902560967884147
0.325,0.0,0.0,0.0,4899.85852309234,1161.6017839403714,0.0,0.0,0.0,144.36849111288075,1.814687737452416,0.7698843571903901
0.325,27.87844086011309,98.05520578384603,79.79002039273747,7561.065757758775,1790.4688311020911,0.0,36.77070216894226,121.60768168290711,135.30657072623853,118.72370504220576,0.8540364758011214
0.325,82.29637244059168,0.0,45.720206911439824,13029.669031606654,2919.603922641493,47.78499044937581,0.0,0.0,400.5680063595825,235.0903542478551,0.911080856110562
0.325,142.23491089599804,58.4527031079444,0.0,16535.620234758495,3866.6463105905223,0.0,74.36482784288482,3.8968468738629607,437.0963243516288,299.08299756898225,0.8393893428768292
0.325,134.99664467198724,128.53403934194532,61.39475063539845,20273.551953971026,4633.688021640073,0.0,47.39243908697423,81.85966751386461,586.6609505160297,278.25106282125034,0.853862127489083
0.325,190.9625945139158,155.72544909765753,87.90341652227872,23734.68024908872,5445.465095940473,0.0,58.728575693763794,0.0,484.22657894600087,325.84887159120564,0.7881536447098433
0.325,137.432487783101,0.0,70.74926885875612,27108.76151771339,6216.583744721394,0.0,62.61716898993357,57.737909068640064,644.4689146041866,273.6451605858786,0.8422857745123126
0.325,65.08818103763451,48.60481051511667,219.3556231073526,30529.315460334117,6835.526960530277,3.3812042097472483,142.01057680938436,59.59372419679523,728.2268566743132,222.31417679088156,0.8507270960130764
0.325,115.99793978026628,50.29598170159984,166.74703843413278,35124.266788855086,8207.760473358374,0.0,275.4951069781324,28.999484945066577,777.0955731373309,269.1514696463992,0.7855066817485893
0.325,139.375530342355,85.47070850262887,216.5905454100709,41412.986414651605,9646.534964183063,67.9880635816366,0.0,40.79283814898196,892.5861490217719,446.778703536469,0.7770964449164884
0.325,182.9042296155306,0.0,477.7803006300425,45921.62813139399,10570.44582401334,0.0,66.87910888988928,410.3945318243208,873.4816948952209,466.1271225658952,0.7981384129485255
0.325,296.9911236653438,401.6818722672276,219.85057206395587,54920.7667165482,13016.917078794217,423.72202986762414,39.67228368071382,159.24013866286523,1250.2279398824958,597.8392749107571,0.786338007417429
0.325,285.68957951105574,135.42042438361895,543.4635452237338,63867.36067530939,14786.960023923586,228.67045345479517,80.77709524636919,149.08125666793137,1565.6501696281557,681.2597665263637,0.8731201779845464
0.325,514.8424365690263,193.70309494676235,560.7194853722068,74044.91958710004,17015.287656112967,358.0958531581594,296.92645475391856,329.4226976561715,1459.7822056678704,354.2727657578943,0.8598952948851466
0.325,280.10086413561845,430.1074880565895,838.9751001597671,82035.70213943545,18884.240960953743,409.5313582267218,250.23228857613307,151.33411616805927,1600.9556499884166,643.1699937142519,0.7899872613901785
0.325,479.2743129692162,369.0481973227298,447.8807990192675,92426.69087050884,20979.23892228569,99.06397735317132,406.72041406266817,246.264676096264,1575.954400287423,602.0578341956821,0.9136288311130605
0.325,502.29823932314986,91.39450212536605,751.9612695192717,103243.09343342364,23361.326396922825,574.3735783976255,0.0,450.2851080322911,2346.5352659504542,949.6111684245348,0.8563762312848724
0.325,523.0962612561325,567.6650010044128,843.6784243577982,114361.8223786576,26827.253697605243,404.2462885940516,573.1383550085876,368.2785337094745,2414.5310235559605,749.8494985719449,1.0
0.325,940.1418013454957,397.4311700181669,973.5393786579466,131639.89073475686,30138.808706188596,325.6263787963973,223.76376799342168,738.0864586051671,2564.933937596237,1077.071868326545,0.8517081958335102
0.325,528.5363306694445,173.2473496537114,1417.638211379608,146760.7320046227,33224.79629399603,109.0490931830468,614.7202914108848,639.3442801941534,3126.367147304285,1137.980053055343,0.8584751997628941
0.35000000000000003,0.0,30.865694132255623,0.0,5182.916965718354,1148.1198334365563,67.40059739084393,48.08329221963631,0.0,219.4193902599125,190.2334617947184,0.8523549816245227
0.35000000000000003,50.68988317320711,0.0,0.0,7277.416855383181,1738.3093424932842,0.0,62.0066943002487,0.0,158.67112267706227,110.33890848865548,0.7463067162827757
0.35000000000000003,0.0,0.0,0.0,9750.080496847177,2277.0692449515823,95.83491430926658,9.240280994006412,6.864208738404769,228.1029365377585,105.6032113600734,0.6192042971891081
0.35000000000000003,42.43881164854556,0.0,61.26927774425783,11900.854572490156,2652.00415043494,0.0,0.0,45.81143244180746,300.163250600309,89.93655448698398,0.5540864987958815
0.35000000000000003,36.639037491693735,20.668174995314413,0.0,15132.548792402704,3478.20332837814,58.55982915339085,100.83564164380668,7.515699998296151,399.8978707426744,144.36407080060525,0.7302500020489329
0.35000000000000003,39.32563016438924,33.3772155176749,16.85384149902396,17601.028472147358,4013.527549130314,27.75926835133358,54.85760174192113,121.61203277727093,281.558293277812,126.2385775024932,0.6804298684094228
0.35000000000000003,14.592727293703492,37.176710010149385,167.8163638775902,20005.239336115712,4654.732560803471,0.0,29.88034636329763,115.699480685792,326.59913466860206,163.9944591101917,0.8338688810904584
0.35000000000000003,236.1587793287865,143.7648907025007,164.8306973092939,22646.111677857163,5113.447372133162,0.0,0.0,170.0047550723659,448.6647231692439,212.8755193949625,0.7947853517880402
0.35000000000000003,164.41877779590766,89.86133679060346,0.0,26276.789063358865,5958.709166660759,0.0,0.0,34.53186741298299,574.8771109093191,213.86213340995147,0.872504444314464
0.35000000000000003,179.62474597720748,0.0,124.64614382063232,30776.26605607612,7035.582340097912,166.19485842750973,205.2254691188188,190.95621359726496,647.5723902869887,203.54673317510665,0.8146116015808736
0.35000000000000003,209.2883924575169,249.45034410181648,268.1925882024896,35560.28447367719,8205.532964837568,120.03961102573992,39.26946382998182,316.833174082808,617.1553236007373,178.0513189563949,0.8459107878036762
0.35000000000000003,177.79980824735333,184.988479739834,560.7163764134863,41097.63492251156,9328.499373408984,184.0299902075032,11.50187438796894,89.61877127292473,930.2140911269888,444.7391430014661,0.8494062754673287
0.35000000000000003,448.5090039706852,202.24821908023893,260.9316401605155,50413.77434000868,11630.844474464102,91.69284543793214,0.0,0.0,1037.963010357392,519.7674438538783,0.794213019500791
0.35000000000000003,201.1569427136044,235.8771821408841,262.881812806546,56848.0542406877,12638.1671515298,25.90240084257372,0.0,54.00926133132392,1027.278195118243,482.22554760110654,0.9166130334041646
0.35000000000000003,314.6846608598585,474.495106276924,565.1983320541774,70844.77259075592,16654.222904447928,154.25718669600911,312.83357461950646,98.1075707386618,1290.8241382722044,275.19482106568023,0.8443615931248561
0.35000000000000003,348.3041654039767,342.9353150701967,908.677918992263,83790.97605301253,19249.341765476423,645.6042526370435,207.371844142252,144.9589590120597,1546.9000024203588,783.8521487318782,0.5672028010280062
0.35000000000000003,352.73335512160696,213.3641679656156,992.8258590184536,98648.24058092404,22317.029891757065,602.7358145560657,216.237759453368,167.3867041615772,2062.5202903342843,569.6895124469131,0.5053471891170971
0.35000000000000003,488.6842709132421,336.837581055342,766.9414030893943,114491.63335747672,26176.21110443802,507.1833600329864,439.35336659392425,266.695201476312,2269.992394068609,763.0874261894476,0.582362436670972
0.35000000000000003,744.270138654673,372.1350693273365,1544.0959867112945,147271.13093130768,34125.314959311065,362.43486609842495,664.9048395090325,705.4693257390265,3045.863813878248,977.9568528057256,0.6153543183338227
0.35000000000000003,701.0185401869322,888.8421815360697,1840.292243521852,172568.18781289083,39889.75728471,267.5063982851352,618.4899705032203,972.3193554690196,3093.3984567653392,613.74694925703,0.6006659417228113
0.35000000000000003,1273.7627288869069,1022.4148948062356,1978.738327264566,193315.52459603743,44187.149508540606,456.6319216764384,914.2652291460269,860.1903963159222,3473.807316437641,913.2638433528766,0.6004280235961192
0.35000000000000003,1256.7902673987512,1357.4209937701046,2467.6404205844933,226139.11840129452,52332.35296207645,697.8522111404728,689.1017131951376,42.65867748350853,4029.604303826805,1685.5646667201704,0.5690224900158267
0.375,23.94722710359607,41.384528392622336,0.0,7097.679116685254,1677.003389303287,46.7319674545904,54.171882671241605,0.0,127.87354278619264,53.70688797020092,0.45973694591830416
0.375,0.0,0.0,37.29814955214993,9360.52222246456,2189.0336504761794,0.0,0.0,0.0,90.09341758019316,227.4661796631116,0.5843958185975948
0.375,28.940218596657093,43.12660026168509,0.0,12098.146283935868,2714.705995419756,0.0,0.0,4.5396421328089565,83.41592419036455,202.8652578099002,0.5565096326650063
0.375,108.60701288324984,0.0,0.0,15413.987159843093,3515.5206059738,13.260158549699105,0.0,0.0,421.4836110440074,185.64221969578756,0.45284481909635943
0.375,1.3421510140959223,11.408283619815348,5.70414180990768,18665.62969078553,4336.154388790405,0.0,0.0,11.74382137333933,375.4667461933346,230.84997442449887,0.5545697635220345
0.375,57.38771065845695,121.35490406756504,0.0,22500.003373129413,5134.920760063716,53.36691564417017,0.0,13.890019140263467,402.07950142867935,162.65943466887487,0.47333689335885143
0.375,0.0,42.05974364631395,0.3789166094262626,25280.93726431009,5604.176653414264,4.925915922541273,0.0,189.07938810369964,559.2809155131476,167.10222475697708,0.6010148331222689
0.375,196.54223709919555,0.0,178.44520027849876,30143.350423459706,6975.776402396502,116.99944735241192,92.16862938913025,230.63200413353144,743.6619549342153,381.7212185202793,0.45973694591830416
0.375,128.76941869167914,8.789721412401308,283.0290294793221,33885.25501694828,7676.503195520682,374.0026460976756,28.56659459030424,3.515888564960523,755.0370693252723,352.90731470791246,0.5700746016935583
0.375,443.51346233523424,223.17824867510183,511.27246352533945,40335.55927487907,9036.112955911236,10.898300890716223,112.29988309129324,277.19591395952136,791.3114124998302,514.5893377094706,0.5375525654655853
0.375,184.0283268255098,160.31599339701276,404.1406393030803,48540.17749915212,11053.040290735522,120.62360917974594,1.5464565279454645,77.83831190658819,935.6061994070036,510.8461397313171,0.5236081754723285
0.375,223.7369153877972,227.54751978612956,377.24983543489896,54595.07358696394,12344.725134425978,12.520557308806168,259.66547114350186,189.985847859711,1033.7625360618658,448.018202832499,0.6013944016440795
0.375,207.4488233993174,123.52365837737136,540.194372042667,65139.52156967456,15108.893793105844,77.42391984418968,216.90518002150853,286.054787821281,975.186776663458,257.0946956658208,0.5569846167761031
0.375,507.80773059702176,132.93725949872402,697.4480865643959,74181.51093790884,16881.14185312233,282.8854479380431,151.83829165494072,80.01436946131732,1593.987045174274,675.3968823821431,0.6178536516632939
0.375,157.56021609220045,384.69247565368414,589.9982117738242,87949.29412803723,20361.418055343584,331.4903247654088,83.89569947766515,278.2881738771332,1497.163092304675,697.7666712654591,0.6236118095029126
0.375,503.74133532836834,575.2785663809176,916.5707728607885,105691.04262371076,24291.36101928129,0.0,119.22871842091556,526.09672003229,2166.981957300141,736.9825157392844,0.6901408819186805
0.375,410.8632503209117,715.9597233314897,1409.138910011523,126882.70760504447,29194.884900030887,420.6263374572503,493.0359003850942,790.8100580434182,2646.610204542428,679.3481465702205,0.7005711035186568
0.4,53.13172579757479,0.0,0.0,7052.537497972822,1548.74320022229,0.0,0.0,0.0,222.31432636353665,127.236501252087,0.9743644205180163
0.4,57.83226466009176,62.62941103742656,27.18382947156387,10187.539856666672,2365.526180290205,0.0,34.64605716964022,0.0,238.52477820636923,49.30400443371879,0.7248558477265435
0.4,0.0,0.0,40.46910179997227,13433.943170844128,3023.4915611445945,0.0,0.0,0.0,200.8466533776401,187.35695277764935,0.8291139271257634
0.4,0.0,85.4930327109869,40.95863924556787,16704.62344088287,3732.762336959173,0.0,31.53165084777843,0.0,325.39363400645584,241.525944122674,0.8373113939085657
0.4,198.15606756046557,18.78760568999047,188.5850231523572,20421.063935640967,4859.254694309235,8.862078155655883,0.0,73.37800712883072,346.33001432303195,170.50638371481926,0.9038360119441948
0.4,261.5506825238055,0.0,159.0258084014554,23478.570352390878,5269.179844492459,0.0,99.5314471406756,0.0,327.7802544933528,190.83097008174653,0.8914680187822625
0.4,336.43579902105137,174.26890309004102,91.5718541699984,28231.96570082528,6498.777844399446,6.051003579515311,87.53785178365486,0.0,467.54087657721647,319.08958875977413,0.8359040809206278
0.4,129.83070187504498,184.65785638308765,356.59581292030936,33381.40336791275,7790.2807297387635,0.0,29.825972052375192,0.0,549.5873967886195,403.96647441525823,0.8708120897313306
0.4,132.63282628726571,96.50181498832092,26.069210684048787,37823.22322054095,8634.854345874404,0.0,157.32997325110142,54.425194235119385,647.6140759405803,322.43497425007706,0.8537678237425901
0.4,159.34190665138755,81.38694308963179,168.16699686592594,43641.05167647172,9823.305974360615,0.0,112.27475884051611,201.9965093549897,886.4312837714114,454.0018632590304,0.8770497712764139
0.4,231.88666388560145,45.50022010048445,204.4768927407313,54531.19149729626,12387.023775789716,0.0,71.26540497666238,132.6632923411715,1310.1870607247931,486.7975355328939,0.8785762174611224
0.4,261.9795827391415,301.8333000238431,390.3319957589893,63515.68975433776,14155.688729079384,111.35597476607803,105.49513398891602,204.54334312295387,1347.9933787472603,645.2785695655365,0.8372462050235656
0.4,168.38683716745624,202.5706311788948,626.0698569872716,73907.26175239732,16527.231371308077,391.21453146424057,0.0,43.67929234794919,1748.4377603628354,952.0819665408052,0.8939331446856179
0.4,307.8702444536925,133.2976662799504,445.2277381330324,85232.69306067996,19493.26125816797,393.8032577407672,162.39309597557408,223.9671448663126,1997.4350804995613,732.7988455897784,0.8182358075795448
0.4,258.9756656246515,435.4842198492743,457.9094869843698,98716.02592869048,22353.65095940602,432.5906369931329,254.6352913404395,601.141838363367,2089.8902178480957,970.0736525213902,0.8137164261077712
0.4,791.1835280530423,408.80406262858577,1105.1699183609296,115036.37515203444,26050.766873094228,338.0794054057696,102.58961267485418,376.1619131411321,2157.490642313601,580.563944455425,0.7949590313398263
0.4,726.0160654710776,261.4994574136332,991.6928305111268,132246.87576012406,29775.01329956701,638.2926053163444,446.9719160264976,714.319604117113,2411.9774234925217,1264.8887492787242,0.7857342037393725
0.42500000000000004,93.83366370981943,0.0,18.675632097585424,6442.6375704450775,1422.081058747846,0.0,0.0,0.0,134.60120206918273,160.10938249515308,0.8050210241815935
0.42500000000000004,91.4453086793149,0.0,50.49964807663659,10277.906753413628,2245.460027450879,25.386309573660554,2.4567396361606835,130.48017178720156,162.6907581279752,190.26083626711196,0.7768435192056238
0.42500000000000004,66.67244115634867,0.0,0.0,12878.600793713822,2764.2745011007187,0.8772689625835342,0.0,0.0,158.20083625256416,58.777020493096856,0.7826324058125824
0.42500000000000004,62.47012105283393,0.0,0.0,15840.180181832686,3602.44364738009,49.33537765198167,0.0,0.0,239.94933676191084,188.69180153907277,0.8461608306977746
0.42500000000000004,203.69171706410992,167.49562796909387,86.94158655175427,19972.789044458717,4523.446546021271,0.0,96.87776787195472,123.4925392653489,386.4464806320832,185.9485361351805,0.7824619773550663
0.42500000000000004,64.87129390716566,79.28713699764694,80.04586558135648,23745.928484357475,5481.434653009573,7.966650128950171,0.0,142.26160944553877,427.5435569203258,173.3694813776299,0.9110407803032047
0.42500000000000004,301.3200102926727,0.0,128.10128779822182,27638.85992806225,6233.859838608436,66.46764932926602,0.0,32.62957330709423,563.5650994645042,243.3118799689496,0.7947839548334689
0.42500000000000004,120.35194640302332,0.0,23.815226143354447,30978.080677863705,7276.827402481033,116.52449934426993,0.0,61.23915294005428,739.9730980256558,310.4484836544419,0.852644416160131
0.42500000000000004,84.46238721865673,87.20170788520777,157.96749177110937,37004.569777549,8484.589211197388,152.03229699358212,0.0,176.68618299254138,789.3809054111216,481.663883868556,0.7565355482554537
0.42500000000000004,137.23587855980412,167.78662184343546,195.4277705286257,42067.88856912724,9447.938593571253,0.0,84.86317578786473,183.30445970178783,693.4533792951233,318.11567609622443,0.8616430387169728
0.42500000000000004,223.39079384774823,104.35391543591996,147.8784128287911,49448.54856211529,11055.746729324124,227.58592612657924,0.0,254.8542859389804,824.8678843251362,325.6471431442528,0.8594104259235139
0.42500000000000004,399.2307934647855,64.05995539836098,614.8611790467684,59777.66177275805,13718.553841336505,35.46176102409269,145.27882742128293,217.34627724443908,1214.8512970189174,576.5395985852489,0.8319714442634475
0.42500000000000004,437.8118740376635,422.4608265608872,497.37393824755605,68966.11589416573,16205.17975838426,279.3890640773309,228.4235864544331,242.5465501330674,1543.0872923655656,426.1450779553135,0.8606791711072438
0.42500000000000004,502.8788176369511,138.4549471935502,692.2747359677509,79520.16212399372,18104.943613677347,0.0,224.6627445027418,193.9675439456812,1725.4621249309414,699.4587190768503,0.8722505059127653
0.42500000000000004,882.0315129714515,550.6527670908903,577.4450912259143,93183.70334161384,21495.90469022671,195.3019417210968,206.58292030426483,134.66668183656856,1715.413805802991,1007.532399709196,0.8111144096326467
0.42500000000000004,369.7899669173016,125.77377693521254,865.3537107698156,108786.03254868167,24067.226441566778,345.6896024746261,171.71509665406265,207.11250692924224,2004.095930686231,1068.70053575489,0.8369905623372914
0.42500000000000004,424.4189369378466,219.4991066987718,972.7617237831178,125365.57835732804,28496.815760084457,562.9220633049683,283.4859311607753,844.7880748591107,2621.0299235321977,1012.4497541456262,0.9003047343044643
0.42500000000000004,1065.8989163967497,410.7052755423119,1413.2834642323237,148190.73028845005,33539.75822988683,365.8530934167061,430.0532756749261,551.4180037795065,2706.961109463032,1005.2165523444592,0.8910419476384728
0.42500000000000004,652.2949684654833,791.1406117531362,1656.8292199023274,166040.7523729338,37306.61294645089,549.7914734209073,733.3659145461934,201.27959026934917,3267.065942057121,1134.993245129941,0.8319100900187415
0.42500000000000004,877.6285320701604,1473.676012867225,1822.055488712406,202713.69288294096,46216.28845931998,819.0514520607938,0.0,944.4269566422456,3817.7868813122327,1228.063344056021,0.8515332226171272
0.42500000000000004,1391.2269720266415,728.4727299482973,1994.9459622896036,238071.34860862303,54006.11668431681,602.6051175872003,504.5843221201509,810.8993079546798,4859.826484349269,1705.3390665915038,0.833292264809196
0.45,194.2667086870985,22.446444312141885,74.12171179333185,4362.845942310341,922.4035245392408,0.0,0.0,81.87300191551033,117.56123351970716,0.0,0.8511489064454287
0.45,0.0,79.93491529087804,31.90227560936388,5748.6825290468905,1107.2598804193824,0.0,0.0,8.782087105948484,96.06527936302832,0.0,0.930240492867139
0.45,161.11050632128328,190.42306474901,310.0617291466206,8444.405257872006,1790.0202346531796,0.0,0.0,91.84601640687713,178.91517144034694,0.0,0.7871852803205086
0.45,0.0,29.52695266278554,218.6839931587554,10502.829333879889,1955.468575956508,0.0,0.0,71.04922984482768,179.92986778884935,0.0,0.8766407429783756
0.45,0.0,149.85591857108463,45.94513011448584,13583.464020068132,2727.591416273342,0.0,0.0,63.04099248266661,188.05448604998853,0.0,0.8629169914369046
0.45,15.203380610900906,27.591320367931285,129.79182336343186,15916.813323271705,3160.6139025550674,102.48204708088764,0.0,315.0478315481133,459.761491437059,0.0,0.8997764060861648
0.45,266.172915735508,63.757698420365855,86.0419425284549,19544.82959974604,4173.653219410842,0.0,0.0,45.496998387348455,317.5504785402688,0.0,0.9268319237168208
0.45,216.91943677116652,86.10033028763227,232.27065845035685,23406.942116450544,4999.158712049346,0.0,0.0,111.4632182793379,425.82954049232086,0.0,0.8323165618899174
0.45,216.0231437991088,58.414421537514094,397.1445891953003,27015.751495352823,5798.825343069952,181.8562179941477,0.0,221.5339382837799,707.5860118317746,131.15690873517318,0.7962666824138577
0.45,291.4656513434424,51.71811419986805,404.12293886408526,33315.68660383593,7035.668109251817,56.12818595334517,0.0,181.61477312046688,416.9522385105642,0.0,0.8382227600851322
0.45,359.5106973424145,180.42028830870865,547.4669682094722,40006.31493681656,8731.544026576496,0.0,0.0,171.99771956702443,971.2551638436868,71.37018775848179,0.8352138456676882
0.45,590.3056094238935,298.32124935377607,630.2767572131249,48063.35540446352,10585.042368819031,237.87707464810904,314.89465209565253,166.70893346240427,801.8602208937282,241.77669882266815,0.8194193883673982
0.45,700.815809113391,549.5871345152382,811.470936868137,55731.19162908791,12037.697112177008,214.98710535207783,0.0,491.09799555915816,824.1172371829651,185.4790712841456,0.8533218692787569
0.45,441.0559175616137,268.9629337768368,809.5946658554284,60778.58778580034,13298.782967066376,0.0,0.0,647.2427943603559,1274.4621912363193,0.0,0.8158148264909361
0.45,500.27092281232177,335.29427211027496,925.1748145485284,71927.4459413341,16046.649766127142,0.0,57.56379538884367,554.8675122532868,1821.2710108078477,56.97035419926795,0.726130259292322
0.45,224.1944559121792,414.8230752047384,979.7424386896646,82713.18792513656,18147.717893117224,146.29638224777798,39.89901334030309,481.9547484439785,1282.468285938313,264.7267869245506,0.7758196920968995
0.45,482.62379812759343,815.2609186602855,1375.8777891372276,91248.56161145803,20644.16630416221,44.66269955048171,205.3150964410204,849.2578989151298,1409.2081619360945,393.9650064826073,0.8019852126575849
0.45,590.782890625102,879.4946298878717,1551.918372232523,112408.31997440306,23912.605468655987,50.46889015390319,533.6342944214176,1016.0575091278452,1742.6610894318335,779.2990391411522,0.8691078051561709
0.45,577.5028671458014,948.1390356125096,1408.1040057815533,128076.34481969343,28086.07227558609,115.97072501706728,424.70360107601664,597.0925166419275,2134.488209097914,32.12702517364702,0.7500379633126585
0.45,672.1860613958817,731.9738940486285,2007.1629533422133,153137.9922210605,33369.29762728806,351.03998886112754,847.2789998789258,463.7827590063072,2441.0517960221478,0.0,0.7778348447335088
0.45,1469.4924942838304,951.1831261449598,2627.619653861526,188170.0327483357,41462.85088199556,407.24307496625534,18.985691140617977,1186.6056962886223,3192.44396529491,608.4914010568057,0.7778092804648814
0.45,1514.179884836437,1186.9952866054482,3321.847615262133,245123.22262019065,54350.68802706869,644.5862682756692,1033.7294116866128,1180.4733344812423,4020.7834845728494,700.0228613314181,0.8031025678448216
0.45,1448.221980040013,1474.5989631977236,4117.321466236915,323111.7634478692,71359.78781614333,1181.9400548288395,953.3395341286816,1729.5764670555925,5806.704435147424,781.2611201950461,0.729228648649962
0.45,3283.2320762089357,1416.0671916063436,5227.769704270429,432858.1636231243,97029.79988671716,1115.3353962755118,1156.2115626311588,2043.808317782352,7411.724878129285,1007.3055280498734,0.7190216883293316
0.45,2446.123438233005,2371.2421084911784,6561.268514933836,564944.6882815361,125131.69408724183,2025.123962128957,2416.170906336274,2935.348125879605,10862.784901214323,2339.625547044629,0.7524188488641564
0.45,5186.569093518243,3696.36413443924,8343.690357679507,668777.7521977242,150217.39646794304,3237.2789881215035,2213.446241174804,3095.181204737441,12748.721642585411,2503.1071073038524,0.9187355494140683
0.45,4347.483862067194,4286.769952863548,8518.345442814689,715408.550485444,162304.8376402216,3298.7890667314764,2248.254455965345,2491.110092779932,13666.149017111771,3618.916951623432,0.7704084246972513
0.45,3833.332804368971,4078.960082953663,9958.542184508491,781057.9985111855,179170.59417958482,2659.3504571177277,1810.2923838997765,3796.585416234253,14638.998989035694,2589.7238269677355,0.7883502805622419
0.45,5708.282192667734,5328.6339708276,9175.477688044472,773343.4278883537,178951.83811808412,3091.4212349839504,3982.432367874062,3901.079177479748,13035.88027032706,2450.2806154478058,0.7915159891606007
0.47500000000000003,0.0,65.02509062302877,21.03280709041177,4637.17201820819,875.028997272856,0.0,0.0,77.22732985105391,125.8757309838384,0.0,0.768295111824054
0.47500000000000003,111.85645384546058,0.0,105.78672379183094,5435.356552596008,1121.8595347694334,0.0,4.68236318422858,0.0,228.39527087514972,0.0,0.7754786713083507
0.47500000000000003,106.40463577394996,0.0,75.83090299958249,7757.48126255941,1551.4157953203703,0.0,0.0,0.0,158.9029532351994,0.0,0.7255601761019314
0.47500000000000003,0.0,0.0,140.5337196333648,10949.251513610914,2226.4521765057957,0.0,0.0,0.0,334.7081163634025,0.0,0.717434999389859
0.47500000000000003,20.48924284354684,96.24552230455554,221.06814646984748,13896.55936333507,2821.045225195712,0.0,29.38588776245533,90.85361629309584,324.8623371904466,131.56250667961655,0.6477553245344658
0.47500000000000003,103.78369702216764,107.9461447636984,276.66402655374634,15792.604227883909,3127.385736470132,92.9613328941876,0.0,0.0,235.3170456545405,0.0,0.6307757807813782
0.47500000000000003,208.97313931579907,0.0,146.74558227509445,19175.99444328977,4136.739388944751,0.0,70.27689277731317,26.934315734036318,256.959563899427,0.0,0.6686732873388289
0.47500000000000003,219.06520984305664,0.0,387.1927645098403,22485.81196474171,4590.714557030256,0.0,0.0,21.307254452820093,204.74939825756817,0.0,0.505916240766824
0.47500000000000003,218.8566889013683,74.04651307829626,190.4053193441904,27001.07923205814,5881.043991927934,36.47611481689472,59.09130600336943,107.23977756167044,642.7091430736848,47.78371041013207,0.6571459325435947
0.47500000000000003,284.1534269143357,200.36966265030344,429.19418863556126,31591.221604762635,7040.207436789952,12.251399491438674,136.3462201466562,377.8173520585604,629.168644850657,25.688418288500447,0.6287988106741926
0.47500000000000003,193.53041597246371,28.30122212070437,389.55799860263664,36829.46245122428,7593.051417207803,0.0,131.1012495297335,108.6267496103506,629.2859977427208,0.0,0.613993447100558
0.47500000000000003,537.9229010113838,199.49458580554628,505.8612711497782,41582.59802925831,9090.362666594692,105.53619829445196,54.77195101357633,37.85053525328444,942.7009780141552,139.3790298150357,0.6615174224788783
0.47500000000000003,616.4410623018088,538.3653317288148,804.7413536837355,52928.71144288569,11741.4672206145,221.46971940313327,271.9893097738941,601.6423944154243,1072.137973423924,280.6643909486712,0.6553329998267687
0.47500000000000003,430.6198298582009,235.08051089114363,679.7835049962794,59793.32377134206,12758.263487396309,246.45537432136027,0.0,98.58214972854408,1758.770550376828,311.9962540859417,0.5574616460286904
0.47500000000000003,898.1967699256182,189.3060456793904,883.23641373211,67045.41167952148,14743.431028702187,235.3379108901844,413.7113885820112,733.0574534818945,1676.710690303172,462.04484705334494,0.6074360417691748
0.47500000000000003,521.4944446675308,232.0411061135344,1090.234372280859,73425.46093864767,16024.591335856068,0.0,93.29487771575091,415.64064110542887,1247.519967404208,0.0,0.49595810599416723
0.47500000000000003,520.4465688403488,631.0574489501528,949.4633350465824,83917.85332538653,17959.882209736363,234.00914520340007,175.18717427795525,513.4135070992631,1792.1520054784987,198.84383649797115,0.6478371301940737
0.47500000000000003,979.674789909627,851.0031184065557,1658.434877150696,94105.2864383864,20352.59057981119,0.0,299.5530976791076,344.48606233097377,1755.7896338964058,331.5508149311941,0.6524151794198672
0.47500000000000003,1192.5441047831675,399.0007378620318,1531.3603738056752,114236.0660024878,24745.475928784188,268.9725644433064,0.0,800.2305301255275,2403.663662911868,126.313082749619,0.6789738412873781
0.47500000000000003,739.9288336647566,1479.0507656570323,2094.716741759769,130258.94389022388,28659.53360316775,848.8605594496444,135.55948097674928,1477.436962312071,2536.091956606685,217.05654989729496,0.6639153508761279
0.47500000000000003,1049.0619214504875,327.99242115554017,1849.7744900677988,149734.96308559465,32697.333243184545,366.52938969861935,423.05027689513537,1025.083363245905,2985.33049647053,776.7340104127283,0.6366928133571066
0.47500000000000003,1415.6016188482906,1275.316773737199,2349.315685334454,167963.7738039524,36974.1660922994,1052.1363383331889,224.0913759566792,1237.057270525083,3127.258917314145,557.4956182336897,0.6403723637548756
0.47500000000000003,1660.643219204859,1478.07561063389,2851.974224286605,216984.18142513576,48909.552899537885,692.1065839046336,846.8248962529125,1073.7450876970547,4198.023541716631,329.0342775940062,0.6649098009257333
0.47500000000000003,2092.159658892522,1844.7390383626237,3909.0032351365785,296704.6250163316,66911.51085300959,619.7643975038138,492.41554870166016,2395.371203659554,5588.7951931459365,286.2316982600784,0.7172023645453496
0.47500000000000003,2826.163486645367,2791.89098167672,4434.334873635734,339865.9318681258,75971.59812934659,1622.6712929386413,1467.126847311704,1518.5356047646746,6900.6370581103065,1555.4444562693716,0.6435448894915344
0.5,52.15270454576285,0.0,109.40903767092756,4279.073587042255,818.1754566353621,0.0,0.0,48.16549471810514,140.3497859335514,0.0,0.5771860131308403
0.5,26.71196769163575,51.81046082471631,40.69541386578063,5624.572311123355,1065.6103084502204,0.0,81.57010268251183,21.8715440159702,160.80963100266618,0.0,0.5991418852414753
0.5,40.2546089924817,134.40945714438806,116.89756509681128,9178.505704624728,1946.321716144963,0.0,0.0,88.69659608512919,148.05508731133102,0.0,0.5894693601588729
0.5,33.87956811988641,0.0,93.61459612073875,9364.134314820183,2076.6837906117216,18.72291922414776,0.0,65.30732538899157,240.50035527208848,96.28929886704556,0.5698473637502038
0.5,133.7935390052292,0.0,0.0,13224.04845916783,2894.400227146458,3.672763815829821,0.0,73.7176165891557,149.00927481366705,0.0,0.5921104331555114
0.5,199.479227999394,74.69355936975822,120.932429455799,17102.157468554284,3471.1756896001525,0.0,0.0,90.4029190784772,283.361280783686,0.0,0.6374798519739147
0.5,110.05865550768549,130.1801825534119,316.7616151592388,18611.49790243123,4194.11890254634,0.0,133.83864201627125,198.16655423821484,507.30637884983,0.0,0.6196135578895886
0.5,196.5866019139619,12.726219544685769,242.13307186336368,22006.98259790506,4556.656398026178,0.0,0.0,234.43036003368547,340.5938230775116,0.0,0.6199085319224859
0.5,102.90801566393702,72.77066821949833,398.4010320703848,26385.98274486083,5782.327894431148,0.0,171.26834035498092,273.4412987641756,708.5951935716807,124.95973330620926,0.6051567315783566
0.5,142.10064459921722,162.8958608820295,537.2097539726506,30192.343463056444,6490.803156422238,0.0,65.46642163107569,227.97718591527533,654.279119712927,0.0,0.6047136175888149
0.5,482.7560385868762,224.29841520021105,432.134561394902,34302.01837007704,7384.973875876306,95.06960350687844,332.9493906366436,176.1462783590648,458.4741918037341,52.267704092526245,0.6579043391795402
0.5,359.9328011718734,114.56397695836456,767.7103283531786,40560.0372676656,8338.150598854765,124.65965308879518,0.0,218.59333534584505,580.7208487199858,0.0,0.6250883396848459
0.5,410.0608940794778,211.50509273573067,508.8591913664632,47920.53140788209,10271.665694152254,0.0,0.0,202.3926284228534,941.9410479205784,188.00452687620503,0.7770423524060598
0.5,431.82028511230936,224.3772069701216,794.3164803352652,57051.08002130864,12363.501618969223,23.81361866428177,116.95132721791714,238.6653781686906,1115.0065450142597,75.67438819982873,0.7057322453070973
0.5,291.7805353090925,349.2524589305804,682.4790930051689,63631.91912734104,13510.87558290152,85.65527078202524,415.0136023051675,623.9019400832678,1094.7296220593032,0.0,0.6298986828982335
0.5,490.37780077632107,440.3992479394058,866.0989215150129,72174.32214327653,16106.617621901392,0.0,280.46787886127714,492.7297326745288,1314.141948123594,319.86273815625736,0.6374671266490877
0.5,716.7906086209625,719.3460118602528,1097.5456912752347,82733.09642445677,18421.901952044627,369.8946188872881,190.37754132713616,705.9301448539782,1412.4991405177789,182.71133160926493,0.6325658882583579
0.5,877.2498870803156,270.2806238014296,1099.716739595006,90711.3571729825,20091.08106262519,219.8105318876492,188.5987645199165,790.9194667014807,1772.4299383931584,165.35595903330704,0.7328332105264246
0.5,311.58887212003435,479.3118844909114,948.502552718063,108290.5075260605,23087.940185673822,148.92646788103733,62.17318562023889,409.1863146634327,2332.940348796638,289.9005515548348,0.706178199770931
0.5,1029.5528415889974,704.744564503033,1408.7441558934836,116676.94391955658,24942.444782374256,333.7479544369544,175.813654569467,666.0059626487437,1850.5132116548984,556.494915099118,0.6932682441140984
0.5,1615.720491755361,730.5162323625743,1442.4051106848613,136120.60447683738,30333.43122717058,577.4479752489085,247.82479723164937,404.1325941784086,2646.7040436373536,594.4555593726492,0.7299921681396336
0.5,861.7591053462794,1148.424109683578,2166.3053866227865,161817.54369448556,35418.56384358225,872.3436593525796,590.0888858512394,932.3227987216144,3030.7106304706404,436.6128527598857,0.7315109697435289
0.5,1261.395685333855,926.5285235300872,1737.3585613807832,183766.8207826721,40264.01365452324,570.9673236373229,97.82636187525794,731.816437874526,3407.931818019804,494.7756379460163,0.6806139311435399
0.5,1571.035676021454,2077.9273261942294,2628.610911587116,244958.9480407305,53683.43858795261,1149.538299527893,194.8741117294905,1127.642331917838,4870.757994856758,1051.006445282645,0.6914744845987428
0.5,1753.403484501146,1726.9132160302652,3509.329851713804,316674.76083175297,68848.20775581874,1120.1599239115233,1023.0289395182946,2316.00632916842,6212.598677099383,1783.6780770392954,0.7204795820487688
0.5,2523.2856791398945,2500.416020416572,5638.133197256392,468355.3642144919,102038.31864780458,2239.7019109706976,562.5936045937286,2837.3623256068536,8025.725567971241,1454.5102948032984,0.7154714200900498
0.5,5074.4911669930325,3097.7701693242752,7677.230518484598,568183.103841102,127216.1156356822,3592.8009871569843,2585.727983181164,4615.184222612169,10239.1425860312,2842.59964466824,0.676692372336098
0.5,4701.980043280383,3699.311062825244,8238.195227584276,686164.747924149,151873.7700617308,2856.03123637961,2090.5926246828035,2589.147071526486,12771.519305575534,2216.6212580856677,0.7676858300884343
0.5,4834.230160347384,3259.010167200305,8860.850553954308,733250.621259846,164422.87239230383,3927.5739127802617,2125.689857741403,4007.5729934479496,14363.644459881649,3150.439986294158,0.6923272355593874
0.5,4269.24014414701,2900.918721758562,9742.525833700804,738394.9424866887,162265.913310359,1826.361220560853,1070.6921864451988,4945.670225836216,13833.96149923237,2338.5154252683947,0.7323794447582878
0.5,5606.374652401203,2788.15414425816,9589.16565501872,777141.3427266455,173422.78688800574,3110.8664499559054,4391.6935514519255,4714.405857149672,13976.850357952662,3696.15833358163,0.7448654596270493
0.525,0.0,132.39528092802476,54.69186009764834,4208.593799214425,748.3485641026924,0.0,29.158484490100687,69.98036277624165,80.85568942390084,1.2609074374097606,0.6844826571291516
0.525,72.57238335948671,35.725065004283394,94.08223925211809,5890.894881203695,1083.3485680880076,0.0,0.0,97.07491485457112,90.52843697420504,40.77520508342293,0.7096115585150706
0.525,147.2511535288536,94.96916151794412,135.30657857505028,6533.0950616179125,1382.2418786704486,0.0,0.0,33.288159707320624,166.83242394492456,0.0,0.5986832906670423
0.525,57.9434428423652,58.61460241196788,103.80601343188204,8971.3899668791,1830.9233058761265,118.34780410660692,0.0,47.65232944179067,351.6876144718073,0.0,0.6429969620006211
0.525,59.78809910438816,0.0,286.16758344054875,13718.107575415024,3037.778962676595,96.74801491437356,0.0,96.74801491437356,139.4149765479597,0.0,0.5513533196828614
0.525,190.45235532230487,102.86297423299612,290.1982697300588,18045.90615225781,3978.926866921805,0.0,34.5993640601896,175.17876217861763,384.6451824349007,0.0,0.6085901832834727
0.525,119.71607634130002,0.0,47.23045203601973,20888.65138068048,4057.555014844446,0.0,0.0,229.2644859248458,540.854273662476,3.6078817527515104,0.6890026203265422
0.525,243.20532364056407,197.3788012335142,456.461030274946,24810.912237687757,5513.9770779695245,102.83904634652932,0.0,204.95641517483745,635.437054793818,16.959421678199575,0.6227479308920082
0.525,229.02688088359,262.80556185669644,524.8687351205773,27085.30542028167,5808.44835018868,66.44377905698963,27.839572230582256,374.9062393718409,558.276221797276,120.63814633252306,0.6623467535729134
0.525,213.03496028527272,212.6367640978236,589.7285536121288,31887.55069092456,6885.608473369974,129.01556473351093,0.0,160.87125972943957,694.0559547237949,46.98715011899473,0.5779427154822109
0.525,439.4978390758147,198.4966062363689,38.67921020879995,36281.099175854346,7924.1375376116175,0.0,129.2140648733536,223.99938219821505,822.0394785035064,0.0,0.7088915425491977
0.525,343.11999835942555,132.2033960725797,427.05175968182,39297.89436216666,8365.34383832942,116.54773074819526,0.0,219.61419413372616,858.0174356947359,74.36441029082609,0.6336890117933881
0.525,310.26556683634686,294.1847295308044,448.3715813427696,45533.36379644632,10168.29180093692,0.0,0.0,174.99734714854924,970.9987937728962,147.56533056850645,0.6247273154023415
0.525,437.6764754384111,414.1669961862907,818.3299586482749,51261.66920671913,11124.985703115086,0.0,0.0,513.2069300569253,832.8358075485193,0.0,0.6721763590688403
0.525,437.7779228182103,285.77169961744283,626.8183894897103,62424.81024428609,13509.207618279115,153.66447290841222,178.53821852308326,297.9321974735043,1049.6720649391175,106.1279812892631,0.595333341804923
0.525,226.57020538540507,392.72168933470215,707.5961798959573,69837.07058920593,15374.24080851118,66.80916312646559,193.45609844446125,366.57897332869385,1091.022681317412,0.0,0.5994085205632591
0.525,351.99458801971593,245.08326554836347,608.9568893982297,79801.4870697132,17233.98013989959,270.0917620328904,0.0,473.9110083817845,1686.1978754692254,198.1923346398756,0.676344249786825
0.525,548.6652886588296,618.8891952216223,1124.8951013890355,88711.17033818821,19201.972506674683,0.0,0.0,516.5066772422235,1566.583784723237,42.00308429924055,0.6736461766935724
0.525,688.9352766910688,302.9061032486295,1337.717883881738,100341.5210814989,21974.78114149069,522.689136303449,178.22149795791452,558.6152090143329,2400.706976444952,313.4725952224188,0.6505298998228257
0.525,998.2571450316148,769.8735915557472,1638.467815904289,110676.88017782618,24638.901814344896,205.54519812828084,343.3120513540461,1007.0977987145518,2199.112603630532,496.5500485249508,0.7097571973787657
0.525,595.6415747452562,809.6633823155463,1604.376711896403,127077.02193462133,27860.60353841483,303.72212397842657,339.9169884939903,897.0031640813631,2740.5807197327963,410.7330277635716,0.8021413513444323
0.525,583.495912363314,818.7360147651665,1722.8616752420378,142779.02201047388,31631.840815850534,107.99278722362624,281.28353881502653,1048.116043441706,2892.364960136657,194.2195863246612,0.6226256484737404
0.525,813.2373379906408,573.889894033529,2409.7935834772834,169335.59674233882,37903.93157938986,864.9146270268352,222.1216809450468,650.0458989289737,3256.5758283861555,460.5625057962603,0.7020267755814148
0.525,1790.6844791245778,1703.3824103362326,2298.623788438585,200314.59683485772,44369.292323749374,686.5117227447133,776.7899984235703,1299.6103421901369,3145.850683270934,409.7244819271195,0.6279617634785647
0.525,2144.934736502444,1664.478191508333,2641.9587485653174,248280.061492474,55605.94197178968,356.7527908806846,762.1034851630723,1835.6753512188784,4232.435587166512,762.1034851630723,0.6148873443602293
0.525,1790.353256123564,1511.8538607265652,3837.387982659108,326364.0725920729,72943.74026167662,1728.7497032246886,278.49939539699886,1777.5191826029647,6056.399294370679,1576.0242283295602,0.7082469390475477
0.525,2677.34249636943,1978.232843937898,5588.237111139661,457918.36904542457,102801.59966562343,2374.1887532796504,1651.878559285125,2576.8068162631257,9015.730451379208,238.19222671339816,0.7069329543685018
0.525,3454.5404884177296,3292.874800536112,6184.137997492626,559337.7539091534,125838.86970296844,3211.1910845538205,1715.358035628114,2370.5295075694075,9851.396496280906,2076.1277812165663,0.781442815179121
0.525,4799.542907650689,5338.962191095896,8179.658281047954,645272.4934801854,146188.14887798644,2842.537111397263,1837.3394023150704,4357.697760801373,11563.455697335628,3157.3517785274003,0.7077359158726267
0.525,3343.214291703064,3678.46697833624,8532.180874814338,689499.3004790477,154720.97739613662,2641.046164699133,2838.47274682756,4004.407090340717,12385.724256170126,3771.592724623233,0.7245972553169665
0.525,4959.345707092414,4526.963819063312,8355.034500148551,671861.8151161168,152192.83344114,2894.3494487465305,1714.617831839542,4474.779798094283,14391.607497244502,1681.0709612165942,0.7066819105453669
0.55,41.31869267435663,51.25245502463749,101.3531694869236,3443.560313860405,624.675287505343,0.0,0.0,29.08144919937296,0.0,0.0,0.7547186591637212
0.55,139.11684764455103,0.0,27.37034315937571,6017.322753341922,1261.1121561916489,34.16573870239312,0.0,46.62396386459172,190.08231421718165,0.0,0.7822958096089884
0.55,78.92647654129226,0.0,17.277437650830148,6811.433459321026,1358.242200777761,0.0,0.0,60.4710317779055,136.45249053780628,0.0,0.760521017734464
0.55,99.663118368032,49.94303918219053,150.2750375392697,8280.95722440062,1863.0537294927865,28.09295953998218,0.0,62.20583898138911,253.5055158488868,4.459199926981298,0.7275260683593776
0.55,110.1291779510098,87.747266496763,49.85062096627696,11727.61292221954,2653.528206842691,0.0,107.8401188250073,0.0,226.871193377138,0.0,0.7550741242322543
0.55,185.945147628702,119.9360936368965,237.51472105979997,16032.833038089995,3377.3650348217952,0.0,0.0,155.88745340029055,276.4129135906853,0.0,0.78769981194939
0.55,147.492925604406,148.15880788704436,441.47995338926034,20973.96013854438,4531.994815636962,0.0,272.0129124577871,139.83527935406437,577.6528801888135,0.0,0.7463924986063925
0.55,130.95039750045552,198.57232407855963,512.3523749198151,24314.91274244114,5397.589335223695,46.15464829934088,0.0,393.20898047267934,702.3377876868694,0.0,0.715385123775848
0.55,364.2446787099808,164.91244020514188,296.5398007358514,27490.828134288797,6078.687675543199,6.808311751588424,0.0,21.181414338275093,777.6604978481,0.0,0.8770753355450415
0.55,311.548170252766,182.4170934438792,521.1916955539407,30006.6394989518,6533.176798671299,63.00974229831223,0.0,433.28921555752976,518.858001394744,120.57419822516536,0.7788062869413496
0.55,174.96433852867014,129.46533796565896,525.7202701417015,34531.67329093623,7574.756339185665,0.0,0.0,362.33749539270696,662.6308991085805,45.49900056301115,0.798056181217775
0.55,118.32162007049436,150.9158776748192,570.1762597359293,39587.73509551034,8443.25220955867,262.9865442321554,331.30053619738413,336.21199967200846,1101.0608116748642,28.129290809211863,0.8247665812219611
0.55,444.5607156908297,294.1877022695901,404.2738647430832,43971.22400244439,9719.437017021426,0.0,0.0,186.4437985721288,1005.7659184280416,109.61771071828676,0.7568465801904205
0.55,371.3884465344816,298.3931077733882,840.4328192493447,49499.71749149221,10511.821993345824,0.0,19.728469935430606,0.0,1061.8848942745533,206.65572257363576,0.6882704295974433
0.55,471.1316668730377,196.30486119709903,675.394833253803,57027.0927314362,12550.777828320475,0.0,170.8382846093673,559.7341312511878,1357.68686433345,218.0575620324533,0.7149342895228463
0.55,680.0459785196647,467.0904039313268,1010.6565666927196,69007.01856770825,15476.928762001606,68.23990787913588,93.53573579985004,628.277772542389,1055.9537469228355,0.0,0.723875977737836
0.55,253.17442956225048,522.6020323803491,931.431851969761,78556.58732190066,17555.30248246094,255.67491775545795,24.37975988377227,702.6371822912828,1367.7670416844546,0.0,0.7589343287949905
0.55,616.8954657113462,789.4170790035024,1454.0173847539677,85019.82731410155,18734.932316184942,422.1551597982306,250.28703746551443,417.58072308215066,1806.24901189212,290.8034769507935,0.7950761179034961
0.55,576.5846342922557,568.248470904898,1428.9573406496029,95902.00232929458,20939.053068478526,414.02944823877647,354.2869439627114,546.0187018719436,1901.3399325998848,0.0,0.6859551590020895
0.55,437.0332734458899,535.1716014086988,1250.3811426052844,102682.34435682787,22186.32243095904,413.73424594392816,402.43774776115873,518.9328852709679,1776.374339240483,148.26653864884796,0.720265329130749
0.55,705.0353725414669,517.3311499817257,1350.5547720761865,115108.46994681883,25029.51875051704,25.942860028582118,357.0958380404832,911.8152274751654,2496.618765103549,392.1950016085649,0.7386146682006182
0.55,951.4498087843688,626.1204648489482,1970.1818419836052,128224.0886231114,28141.38402820456,429.0231250924525,467.8093485786705,935.618697157341,1959.100063844686,277.8360090543373,0.693235862707171
0.55,562.7043894053942,983.4803719874697,1359.173213578608,143420.3248409265,31376.196383729275,276.3429568148153,65.12009254246402,368.1789847593158,2263.3406523412814,314.7471139552428,0.7362281454001418
0.55,461.4997610469346,1028.381357293563,1889.6053208220949,168351.11558789693,36888.18464037556,131.72729399961716,402.44959477124416,1048.367567417643,2918.8951422122063,726.7712772392671,0.6985770905657197
0.55,1396.3609855207624,1001.3120792529838,2120.943261620822,193527.02756749655,42919.52127204293,1212.52634597041,366.6914352733095,1289.776008334654,4450.167258476883,200.45798461607583,0.6914125404093763
0.55,1369.1560477434011,1753.8866923991557,3067.9237366102134,243219.21736688752,54995.53696443059,168.6641508089697,688.987544154288,1461.7559736777375,4280.54181432176,1702.0748290787528,0.6851922592522638
0.55,2254.62880344282,1525.7075626419082,3376.916162124223,304827.32233838126,67909.06766668495,1538.275170241924,1.2567607600015271,1322.1123195216535,5329.922383166667,1224.0849802415307,0.7312942415550547
0.55,3019.2348077021256,2230.149768587705,5223.130360570683,406466.3091963236,91501.7760513938,1490.6560258316774,596.5541238406615,2120.7572030912515,8389.680489808034,602.3883940004725,0.7652763977703027
0.55,3364.867693266763,2487.2758916091143,4936.262437596168,428574.1771215592,96418.69857165036,1347.7849658965642,706.0555332708138,2063.029942116673,9039.34871445628,1113.4541706895482,0.7422715385036568
0.5750000000000001,56.11993777786422,0.0,10.138716494219748,3144.8584979183306,477.2336693476392,0.0,0.0,0.0,43.982037749572974,15.85066944870974,0.7545151188916022
0.5750000000000001,0.0,0.0,72.9363289916302,6320.425720158484,1262.784117622657,0.0,12.221763236435327,66.82544737341253,85.35521744155643,0.0,0.71002523486195
0.5750000000000001,18.37761175848849,76.22532149827614,92.3057317869536,7358.980490291109,1372.6822964607372,0.0,0.0,0.0,226.58759952227288,0.0,0.6806241568509906
0.5750000000000001,72.75479314595097,0.0,66.33525257424941,7977.349083767802,1674.6441504712127,6.847509943148326,0.0,0.0,228.321659666852,0.0,0.7390368063800046
0.5750000000000001,133.87437613910168,140.5188764254174,0.0,10742.188222146926,2250.51685623545,0.0,0.0,31.992038415594145,181.12415595290236,175.21793347617722,0.7804645558329799
0.5750000000000001,104.43501846498872,40.16731479422643,257.9634216784764,16194.866253701808,3484.4401744828565,16.661997247975407,84.50012890044671,203.21685929227144,315.6853407161054,0.0,0.7718783701433269
0.5750000000000001,325.3598228300557,47.61363260927643,232.77775942312928,20539.00011660017,4459.14895394932,0.0,0.0,75.38825163135436,281.0526924853123,0.0,0.7923070612509037
0.5750000000000001,158.7130483376058,240.64131171558287,70.90652391008778,25053.883375774745,5353.258859553828,117.9326123064154,0.0,261.21522538897614,659.8348028109722,0.0,0.7432293464348967
0.5750000000000001,611.9052091053624,139.76337789546662,409.1112882374304,29023.41182151377,6442.817675142001,0.0,0.0,245.8582669981878,668.6718471861541,15.268268173454338,0.7670041162583706
0.5750000000000001,306.47686559558616,213.21915984465045,437.9414728215749,33103.609753299126,6649.644164249541,102.70672439530368,117.0856658106462,427.2599734844634,571.4602145354697,166.79572041797317,0.9276278246134199
0.5750000000000001,142.36122915855788,69.89421793025582,353.7590784813562,35600.16966394865,7609.893776737731,183.09712304428984,99.05254197477971,210.9690504397906,844.3050006421701,0.0,0.746177758749922
0.5750000000000001,463.3294581692124,249.8436514876236,410.1910696065462,41121.1886018408,9050.306599409889,292.7272633101262,234.4614863773781,222.34220477536653,853.9432267263552,277.8112244153426,0.783075519802124
0.5750000000000001,91.94251522006962,346.8090729544596,494.9651467028619,45134.72363735896,9982.194113582069,171.97537820956035,0.0,231.047253273232,726.9651721545401,0.0,0.7042489496318506
0.5750000000000001,487.9313026556536,237.0094005771352,471.5344258861662,49614.46472920058,10342.951116171163,34.28437869983717,404.9531687009752,429.7969213820166,1244.1751342665543,300.1125323869804,0.7680139048691523
0.5750000000000001,672.9647221183243,341.1920675125563,591.8531109765355,55242.76349544559,12193.953308554585,202.51737749594983,0.0,436.4327980145276,953.4539064538,173.73583805854096,0.764951400170067
0.5750000000000001,423.5358139373096,670.3204614283403,789.2662149487921,61369.894782493655,13086.256172362226,321.2646987608464,331.82530304537244,451.3268778439572,1275.6098333151251,0.0,0.6694551278876831
0.5750000000000001,713.0088290388501,409.5230197556472,946.4125739293452,74225.43792145548,15736.16579781298,0.0,249.2483855358031,599.6587074993405,1631.997986466701,0.0,0.723508339208052
0.5750000000000001,627.6506936295705,414.5949535901749,1207.955667250386,82519.7511330963,17723.93426597998,282.1548989710913,0.0,451.0639541374589,1842.6442381785555,564.9496049693279,0.8459337956454407
0.5750000000000001,549.858242137664,587.1482585588371,1137.6845009950678,91765.98441041744,19766.42070441609,221.0280973327724,121.3620534434548,722.7483182721944,1644.1507240244575,51.52802269107578,0.7857244649703711
0.5750000000000001,750.8392985969668,625.3488836120397,1590.0126323229886,99764.1788492463,21924.36730627726,220.8350878226373,253.7850850533165,814.6361017457289,1886.5626073991016,60.291484294434326,0.7830463034951205
0.5750000000000001,770.8884400093514,519.9364527158589,1184.1327304627075,115020.16174502102,24146.23956781728,405.7307578996586,108.94622202861204,779.9046790737883,1941.496811875404,361.400915832844,0.762213282618409
0.5750000000000001,850.5543130475985,541.1204770394229,1639.6883420634233,122388.8568607312,27199.078690728693,174.15371674831997,534.1232294914993,169.48888504970424,2414.827875983401,808.570827760057,0.7243288304963786
0.5750000000000001,1560.5340879882938,1579.7483727975714,2098.5340626480697,139306.90648201283,30472.184900139728,1008.3322506433996,363.40060400155664,998.3074063950808,2635.698633620486,60.98446917727273,0.8275743900595364
0.5750000000000001,731.6451927737465,1140.248951983906,1812.5243677783988,154556.11809115388,33866.09234188646,533.4549078577078,490.6737450344219,760.4569963077962,3139.6135002558385,665.2907361498746,0.7458130418508381
0.5750000000000001,1284.995645939835,991.4687217403804,1777.9345122938398,175422.8718796589,38065.31699538961,822.8072192638683,837.7165233501897,560.0307347424517,3488.7771561992326,1255.177037767192,0.8300370812706419
0.5750000000000001,1936.232889217522,955.047375263056,2372.53874275875,205241.691570084,44623.83462439635,1283.784734958866,212.1210486110577,1081.7168166137349,3995.113967679352,582.0762423971678,0.8530364016124176
0.5750000000000001,1618.053488790552,2144.773476944854,3650.409510230051,313405.971656675,67483.31435763002,495.14205121459526,1136.805729829428,1990.6731446790868,5353.091870019017,723.7663146580691,0.7673747981534679
0.5750000000000001,2890.5715025164777,2148.5528993382163,4892.730015927841,390689.29982274846,86623.85453544291,218.1563398125643,473.6288956456989,2610.699882362201,7308.237383720905,690.3499963805489,0.8293170210376367
0.5750000000000001,3798.724480800631,3208.122422608076,6755.229458498269,582220.0520589754,126813.444891493,2552.8686598204786,1867.9100597865104,3416.056283332673,11432.867653117995,1939.5511378512876,0.7575764728344356
0.5750000000000001,3360.7117946582107,4290.390015601028,8607.020948728668,648896.6547055679,144756.14718430207,3047.695135590769,2071.1581333504305,3540.649514840691,11933.994420852663,3336.345228383499,0.777737700512724
0.6000000000000001,30.63181304211932,0.0,32.55175573991596,1281.3872105340113,307.5399121379728,0.0,39.27155518220425,0.0,74.2668743556796,0.0,0.753035799880364
0.6000000000000001,41.87423409617762,25.488664232455932,105.4303838706132,5159.799399005285,1179.7610301879604,3.3102161340851883,52.466925725250206,0.0,97.48586514880876,0.0,0.8250563095997383
0.6000000000000001,114.6872045119918,23.24740631999834,74.97288538199464,6908.160516373506,1598.4529128858856,75.36034215399462,37.38957849799731,1.549827087999888,176.0991028739874,0.0,0.7768435192056238
0.6000000000000001,137.06063621075756,20.991268608854767,140.1475874767656,7944.371981447258,1836.11861302159,13.17099206830103,86.02304194609107,0.0,225.3474424185879,73.05784662885725,0.7925087349256313
0.6000000000000001,36.65237087614683,32.91709741106181,87.54547183793035,10212.93801731717,2279.6840866597063,18.442912733857327,132.36875341895066,0.0,272.4415083596393,2.80145509881377,0.7809792497746779
0.6000000000000001,62.449368746653406,18.607362932676324,133.56518050304643,12432.522288236814,2867.573054693268,132.29070358984944,36.45003971743444,0.0,366.0297694701808,124.388946728028,0.678009784312696
0.6000000000000001,82.26877494772422,0.0,222.52033961875225,18275.81103100699,4231.832925355261,0.0,152.3945572832382,0.0,337.8787694347493,50.696994155977656,0.7459878527544044
0.6000000000000001,162.60073906260092,162.95041807133768,214.70291136438053,23905.10607427223,5371.768932214355,192.6731338139637,132.52834431123816,0.0,490.5996492576969,0.0,0.8093385451053304
0.6000000000000001,351.4977962106325,208.7614489980629,367.908659660206,28938.07698140608,6537.248372738246,177.84796203491285,288.5258783227342,0.0,714.4450320372466,117.16593207021084,0.7428407695517603
0.6000000000000001,255.49914651601145,95.91167338062112,376.8811397985402,31732.038860292298,6980.857521865041,319.17494627078065,72.43122222104996,40.59332234366537,743.0169883884631,321.56278876158444,0.758836332431919
0.6000000000000001,117.51201835658136,120.55862623990012,514.4415025832561,39204.62070194123,8332.472560876851,203.252268787124,207.6045657632937,261.13781857018074,424.7841848741607,0.0,0.838123911579773
0.6000000000000001,68.52546363497572,256.75363589813685,552.9744692062914,38248.91875589965,8295.918154492505,279.74002559847685,308.36458635739075,311.834230085744,582.0327354312495,62.019881644313465,0.7430589179773803
0.6000000000000001,97.57051702385546,89.36365110596108,515.2088048455919,42316.88035764064,9268.287243275392,208.36320691542969,257.60440242279594,393.4736270634919,600.4690229926058,246.6619145322701,0.6935750153376271
0.6000000000000001,0.0,219.93872636549983,472.91545883740514,46337.691450297,10121.90112797105,338.8755483485598,225.13041303936356,2.359857579028953,660.7601221281109,260.0563052089923,0.8148058900224419
0.6000000000000001,277.58872350917125,383.2879417030516,831.2268615246902,53739.84280357311,11892.701355814366,412.02170975575694,300.1652555505826,360.1983066606991,748.1041753722212,236.02738043293675,0.7307335319298279
0.6000000000000001,127.3683742403459,236.3089836969822,932.7700939048312,61391.01439076486,13331.403834850164,291.5922780481111,139.83421512344358,357.7154340367162,1072.6043090282749,437.9304101540404,0.8564790564542399
0.6000000000000001,487.0232524814453,444.8262919776378,652.2946811213582,70695.14663517066,15742.982681295529,0.0,466.5108411254278,400.8711247861716,1163.3467583341385,132.45157047028476,0.7700590463593434
0.6000000000000001,615.151372249375,618.8533865257001,944.6306428423202,76995.72692377082,17611.098914858485,0.0,462.75178454065326,610.8323555936622,1704.1605718683788,143.7615543972963,0.7756482476235791
0.625,26.148064333816137,11.826970637141455,23.17120777888938,916.3086298394832,246.515904980962,12.551070880231745,15.286560687461748,38.77959079661347,30.170843462095544,30.25129904466113,0.8005819309581614
0.625,107.38399953522864,71.69796630576721,90.11130765247562,4911.473641868476,1193.1193392973353,0.0,126.61209049904804,135.08548651700232,80.66021209398812,55.40297396354739,0.8128980651751632
0.625,116.65857968969564,73.78075735341679,145.24379458054818,6746.49700092892,1571.414245621463,0.0,77.64362423055901,175.76044290997189,192.1776271378264,38.43552542756528,0.6954838140618056
0.625,78.40310728238651,69.3646793651141,211.0367820684077,8317.876035867559,1921.1914224155844,0.0,88.2823191919634,70.83605135164682,258.33088163553094,130.53171480526015,0.7758876996063889
0.625,209.45895538100683,83.9788818776997,190.6613568211729,11326.163443941505,2565.5060164324022,0.0,193.8349773572488,64.20478469138088,306.13231940301,180.16399658646043,0.7731224978831928
0.625,117.20802832287274,73.035409511683,125.74137513867076,11871.89326708464,2497.760809141819,0.0,0.0,48.69027300778867,263.52982813493867,97.38054601557737,0.746866289718287
0.625,105.78676796805966,100.76337395840322,286.62895231569246,16412.610204608765,3752.7708189786536,17.729625916434582,124.402875180316,245.55531894261895,295.49376527390973,130.0172567205203,0.766066759742033
0.625,238.2585156527825,90.06104681938747,379.3989621607778,22075.71002857911,4826.331173209115,56.120129921036224,178.7778989101274,115.60074666369138,569.6025162644096,294.37864557381874,0.7246799131188612
0.625,318.0459126777077,144.00005032527548,246.59550602776187,26982.23843741212,6007.696756064166,97.83209525915665,141.8015762745079,0.0,691.0536766246046,237.43519748289705,0.9046080528567414
0.625,270.2125746241726,241.0442007516982,377.9735114308141,32391.88430168661,7362.9888212808655,179.46652257647446,236.58792141007007,23.091629315708893,767.2902793675905,46.58837493520217,0.6583114009953761
0.625,409.5209808582883,204.9735606585189,492.61837031444463,36496.37344914385,8026.355540547201,209.66110570476363,372.8729014058296,50.28457413244331,823.3033663040719,357.1057044320973,0.776341465374525
0.625,413.9142786417535,361.0550958714863,670.1469273247437,40942.12481062808,9136.127394911866,279.5265258359894,363.2948917515823,30.46122396930653,852.0183527885446,261.6081587952208,0.7272559392542147
0.625,303.32741208404,367.2345615002194,690.011975580488,43630.98543039681,9666.18789683995,253.77621652221976,236.64169095411364,157.45239711232614,957.2179553858178,286.6559818015585,0.8304329400969626
0.625,160.92006204639105,290.5233455508198,670.1790607979939,48124.73448372999,10754.66354790282,436.98950980861287,279.44202391289457,144.53897788597996,1020.4451838750188,209.58151793467096,0.8279309788321849
0.625,500.38337852935024,268.5356827749161,781.1483903110935,53784.07941665116,12197.227018184376,247.13435701296828,274.1407919030452,156.4335002123325,1203.0602410466352,313.3765557999494,0.7996387311804235
0.7000000000000001,71.27211843231277,25.683646281914516,66.52064387015858,3683.0348768265408,827.0134102776473,5.778820413430767,36.470777720318615,45.845308613217405,116.4753358884823,3.980965173696751,0.7704524520487761
0.7000000000000001,76.97103587820911,0.0,70.71023391682368,2590.6216429630726,579.6766051306274,0.0,44.193896198014805,64.69495360098277,76.97103587820911,17.55479765643366,0.773823689251259
0.7000000000000001,39.14136544050904,49.42766284296363,48.49254489728593,3067.5876266566856,709.3537559355049,0.0,39.40854199641696,45.687191060252864,110.4775058679214,123.83633366331698,0.84300839117218
0.7000000000000001,90.56400770955014,2.019437564706952,56.854934514057206,4552.588977605121,1030.845206107332,0.0,56.0782277584007,97.5543685104588,134.68095143084042,1.7087548624443456,0.7942752914371906
0.7000000000000001,51.68826454829771,82.50242225978289,145.5223448052074,7541.118996579142,1600.944593874775,0.0,109.53936063889245,169.17966588692826,183.09573711147,26.83813736161612,0.8717930001868117
0.7000000000000001,71.29414580882758,112.0336576995862,259.8227380692531,9146.020419475308,2036.7588950065967,64.14306127481144,175.0932213177285,115.93424926359498,149.95607568300508,113.33385488758913,0.8279783055038491
0.7000000000000001,152.2144226068376,12.82051032676275,244.05589658401072,10347.317334636327,2408.62424011708,34.73192797613906,170.62933743982413,196.2703580933496,373.19340060267535,123.30999932468164,0.8401205465089783
0.7000000000000001,191.918599273741,68.10904313306614,218.9416204358482,15494.3936951017,3341.755035342625,106.16186885113548,167.10153902282627,210.66926701887655,388.5248654837659,192.47008950153912,0.7201082914806091
0.7000000000000001,242.50350991556147,172.91857163276046,380.9775370983354,24640.722495322658,5550.094677436207,56.01587531765481,242.8514346069755,339.5744988200688,525.3662840351475,124.5570395262138,0.855418467053237
0.7000000000000001,232.93126172227397,148.22898473235614,354.08328905621374,24382.80013727392,5324.093533583481,25.34125500108196,281.8780693271035,406.8486419351789,472.11105207495166,176.00022308970625,0.7429115474876461
0.7000000000000001,221.42806144987065,167.10840071940837,306.302531341218,29023.29650417896,6651.895120284529,193.89101121845576,128.63197436866423,316.86468759436343,583.5591329862859,188.9871529580668,0.7909549954879447
0.7000000000000001,220.216000637576,285.718205206782,437.6190231648179,32131.041538282232,7175.103451430509,0.0,336.753665208556,411.096658124526,750.2614474276538,141.452613548224,0.8064031178156387
0.7000000000000001,229.40194633845812,329.6558503680515,580.9472954029275,38331.13895727108,8536.466701628999,20.138338800704343,314.3332012805591,396.6377163790899,741.1784258607054,141.84395155278713,0.7914147153271924
0.7000000000000001,381.1820944006218,380.7103343827992,606.211622901979,45449.83187704246,10131.046382739298,273.62081033707994,279.75369056877327,622.7232235257684,939.745955502523,348.6306531708657,0.8611658390359279
0.7000000000000001,423.3776135697386,271.9083555472732,916.1786370664406,56045.72920800699,12394.182411657715,301.3607112738636,493.3269584203911,715.7974311408873,1130.7600859316,536.9795570865878,0.8573277901726684
0.7000000000000001,596.1513343359653,567.1375412048302,878.6252448202243,61195.016584095705,13522.069889286207,267.69329888915246,447.2503582667436,551.8094995506456,1358.1739765725713,569.3272614411424,0.7679619241896103
0.7000000000000001,600.044535897328,573.0509672721437,1031.9416339002782,64776.69157626019,14467.428051072784,327.8593855933853,566.8649411288723,789.5618822866435,1393.542980275144,372.2863006223348,0.8236562398212448
0.7000000000000001,773.8050322637049,443.7324109346024,964.9601329638635,67482.91690122895,14909.523815270926,357.0524703768727,606.759583904107,764.0463634591924,1777.225801104177,687.1250917059754,0.7732702025463734
0.7000000000000001,570.1170593554186,645.8499312145339,1188.703156700671,74290.3121159427,16451.603219699296,305.35493933595217,702.1951878777155,837.9084942492497,1808.5009799956688,722.1886660485219,0.8459337956454407
0.7250000000000001,0.0,0.0,19.033794912405995,3725.865354103473,830.0094138588472,0.0,39.83501363810684,0.0,10.740498557714812,0.0,0.8020356857007725
0.7250000000000001,0.0,0.0,0.0,2601.236903049854,537.575832348683,0.0,49.11272417923757,20.849741396846134,53.63016814855423,0.0,0.6749855313340757
0.7250000000000001,26.5362206337752,0.0,23.828443018083856,6305.33095589887,1368.8718439858324,5.957110754520964,0.0,57.40488545265656,27.438813172338985,0.0,0.5876111218770907
0.7250000000000001,19.56165290272149,0.0,82.5707664630665,8181.095068189763,1834.6771301394576,63.21502569616313,14.002025235632225,63.21502569616313,0.0,0.0,0.7126861321557894
0.7250000000000001,58.96263638143385,24.910571184404223,111.29768960371428,9850.416873304504,2092.7165168402703,0.0,81.35929671236609,93.47177627909474,141.23608249506248,0.0,0.6735959713104622
0.7250000000000001,111.55439863350551,0.0,126.89921765951172,11166.15687981316,2432.5191684559386,8.03776234695564,93.7738940478158,86.22326881279685,73.55770390244251,0.0,0.7093027214920566
0.7250000000000001,0.0,0.0,82.88428303777394,12181.701390149889,2648.229116936973,0.0,107.29192466852946,162.97185713869047,123.30943948871275,0.0,0.7076553032122223
0.7250000000000001,130.25694776653953,149.66317474755897,231.40455506154987,16178.3245598432,3608.676117243204,0.0,229.3463188665933,234.0508587407798,206.99975446420729,0.0,0.6613017649307141
0.7250000000000001,8.624770711293943,42.79213160603533,101.506916832921,20916.064140739112,4607.286169583137,157.89964840676603,154.91415085285658,192.0670093015074,237.5129165110178,0.0,0.6970407997558266
0.7250000000000001,160.9004953359492,74.86342491325414,106.14963233968868,27132.963390575376,5872.868079762145,0.0,257.3663015674557,181.7579669535722,307.27525150962515,0.0,0.6985305504869367
0.7250000000000001,214.42645740588105,0.0,270.919581760892,33486.81490964767,7430.701466257647,199.99390738817752,332.3610089791156,305.97006037531486,520.8088763531302,0.0,0.6602958514466247
0.7250000000000001,378.6454531124581,115.8746326392342,446.6191549362609,41320.255320073375,9119.42482857595,126.82341682561852,435.6703707498765,316.1461433818476,717.601563549273,0.0,0.6377398121811124
0.7250000000000001,92.03523932299645,0.0,462.65026218818105,48824.69446084961,10862.63230568678,247.9013704345227,315.6907671401706,251.36506223700107,703.624249017747,56.408695068933305,0.6936772724121366
0.7250000000000001,218.27437108015187,107.32255300140484,584.8301438917133,54334.24593932959,11754.15265263212,227.0883005536972,292.41507194585665,440.6964736772662,700.9666263666635,34.21878501494067,0.6921076263184149
0.7250000000000001,279.8829610703545,217.68674749916468,431.620275213861,58310.558745755305,13186.133451347185,234.30814940181023,394.6242516241015,387.11781205516473,865.3852474474181,0.0,0.7118807359594138
0.75,0.0,0.0,0.0,882.3058896264284,201.25463029654,0.0,24.248387747534505,17.120619591198714,9.783211194970692,0.0,0.7229381342830489
0.75,8.45264729219861,0.0,6.117047382512152,2222.601361674961,505.9354280554142,0.0,16.46041841112361,50.82710279651007,13.123847111571529,0.0,0.646684923867422
0.75,30.28929674012561,0.0,0.0,2575.6719835085387,588.7181564806955,19.591886383493947,78.72813239992968,34.976925997526,11.418584088539417,0.0,0.7994628714863492
0.75,16.25002451341709,0.0,0.0,8095.597655374133,1929.4332903272448,0.0,119.3039774402774,100.99698779857968,82.27860513122579,0.0,0.6721010296906184
0.75,7.622356394034318,0.0,0.0,10634.616361501756,2388.6559349805043,101.71081813289544,0.0,151.4943333314321,156.02010744038995,0.0,0.7468765154257375
0.75,90.20624718944087,0.0,85.03047890807952,11642.767516344256,2460.461654896689,0.0,150.8366756282454,179.91956406637115,85.52340922059012,0.0,0.746614055601163
0.75,93.07878183331164,0.0,0.0,11451.42047643111,2626.8073283784997,13.155134499108048,90.84489106931218,108.96422726619684,6.94988237688727,0.0,0.7845071188452574
0.75,14.522995230422383,0.0,14.254050874303449,13843.641786865956,3158.751462616868,0.0,72.88392050823084,115.6460731311412,115.37712877502226,0.0,0.7869996350364286
0.75,75.01904902642279,0.0,1.2248008004313924,17811.971840473634,3895.478945772044,40.41842641423596,101.04606603558987,132.58468664669823,334.676818717878,0.0,0.8176575841878275
0.75,205.40572709821615,67.79731515333279,282.93632016960174,21679.701856506825,4741.78449745686,24.83664020468627,100.353451637854,245.0100993164997,294.01211917979964,35.9124392148842,0.7769358346201123
0.75,224.3778692335924,36.466055032988486,171.53929969599685,27366.285891848347,6274.394081288283,0.0,164.4693502508256,225.12207443834723,130.9801160368566,0.0,0.8799640978999367
0.75,211.99353886266485,211.13002139275585,117.43837590762696,37504.72251182359,8384.322874081647,76.85305482190294,110.09847741340026,179.17987500612202,460.6865701964631,0.0,0.7443127844862479
0.75,118.2081644458208,105.17734316832876,173.58915487516205,44833.93676463401,10044.436272575394,8.842343009726754,179.63917903971193,370.91301993432745,614.7755324131074,0.0,0.8359850344379479
0.75,371.60041340705664,259.9372349940988,841.4400165654041,77413.09170531998,17201.01092601794,309.9721018239488,732.2175633636583,726.725931638431,1223.4135121201127,0.0,0.6980231980787931
0.775,0.4073493934973013,0.0,0.0,1297.4892881676042,293.53597295415534,0.0,10.428144473530914,13.116650470613104,0.0,0.0,0.794170412386412
0.775,0.0,0.0,0.0,1179.364655891252,241.41705548353065,0.0,0.0,20.93026755019359,0.0,0.0,0.8575612771594665
0.775,0.0,0.0,0.0,2977.2151967638456,635.0910629407099,0.0,30.77643565751527,30.028829933041216,9.345071555925689,0.0,0.6707376020304907
0.775,50.22088079798394,0.0,38.15062618559295,8726.794084758685,1948.9150393792736,0.0,46.98777688395064,151.95588395956514,45.69453531833732,0.0,0.7658008913483078
0.775,0.0,0.0,52.2464100952766,10029.461307847256,2225.558362775344,0.0,57.56352262709678,138.93846224451872,134.5460649356238,0.0,0.8166201009526989
0.775,23.180642424042947,9.934561038875549,0.0,10710.40294857821,2304.581623851535,0.0,54.40354854622324,121.8166413100216,48.01704502123182,0.0,0.5921036160172103
0.775,17.239928350559612,0.0,0.0,12054.957435620292,2553.7580821894176,27.48394374726895,0.0,7.495621021982441,163.6543923132833,0.0,0.7807649968566576
0.775,38.855991178720494,27.065207648626,159.1755776562757,13438.813500778158,2906.9640848742065,5.359447059133862,117.10391824207488,112.0124435358977,53.05852588542523,0.0,0.7010994317369557
0.775,43.98947711182439,49.93400104585472,0.0,17068.80879797797,3716.219137359056,71.9287396017669,104.02916884553063,188.4414087087613,156.93543185840056,0.0,0.7785889906580162
0.775,106.53811806341037,0.0,186.9572136338556,22568.553790664824,4956.428189388725,94.8532922112944,288.683932816983,160.8381911408905,158.08882035215734,0.0,0.7848004992614096
0.775,231.1343981224622,178.41213577701,372.4300612082739,34383.350611210066,7481.921693967803,73.81116728363298,343.74915049234795,363.99449923300153,469.4390239239058,0.0,0.7505763623034478
0.775,74.86372825254304,86.98040103330146,280.4144272118375,36704.43102111242,7947.671867550321,209.44534378168112,243.1989322423653,169.63341893061778,479.9067897807528,0.0,0.7800163289897128
0.775,97.0396499290961,14.063717381028422,266.74183966017233,45036.24216926731,9835.226355132543,91.41416297668474,176.7340484215905,170.1709803104439,582.2378995745767,0.0,0.7432506499920859
0.8,0.0,0.0,0.0,0.0,2.9284354244106794,0.0,3.7538245594762376,0.0,0.0,0.0,0.6996356406518467
0.8,0.0,0.0,0.0,1071.1069652885058,244.7147215065744,0.0,0.0,0.0,0.0,0.0,0.6539480749407497
0.8,16.46472915395516,0.0,0.0,3254.3525056541616,733.9317667667053,0.0,52.16026195972996,79.55757127191134,9.351966159446532,0.0,0.716836795503978
0.8,12.029659436365844,0.0,0.0,6082.159901595416,1214.097867294117,0.0,79.71893716039453,144.71500754792342,19.391092822798672,0.0,0.818119397966457
0.8,44.248255394305225,0.0,53.28323948005341,10226.443653773904,2221.2160875424006,0.0,31.27494491220526,41.69992654960701,38.224932670473095,0.0,0.5554853576353355
0.8,68.55557681859658,0.0,71.2780004467719,11651.973128590347,2433.3517374745184,27.224236281753157,182.15489003063928,11.879666741128649,199.7268970852254,0.0,0.7661051061449736
0.8,25.471461477772134,0.0,38.461906831435925,12474.648258738904,2655.3998590577453,0.0,112.58385973175284,116.9140081829741,142.38546966074622,0.0,0.6122088176811413
0.8,145.07379288586003,0.0,71.05655161756411,13659.814587662864,2932.6976758521914,0.0,119.77335405233345,112.7753603324218,48.44764883015735,0.0,0.6777810314497189
0.8,38.11076540672911,0.0,12.703588468909702,15849.45892248334,3462.0165756976417,0.2887179197479477,173.5194697685166,204.412287181547,218.8481831689444,0.0,0.6758760200245967
0.8,154.7061344436807,46.445991797661314,169.73277884880642,22254.460363991187,4713.585138171481,100.4053057978855,242.47539835543773,174.855498532372,362.68855359644346,0.0,0.6726707476771713
0.8,48.65008667122501,27.273533436898862,95.08880576648522,25781.597445647963,5748.450013720427,95.08880576648522,193.8632241595784,270.5239667930239,368.9298239234562,0.0,0.7794283508112826
0.8,224.93315385380757,57.91189408922656,387.7578995539518,34174.31228374033,7443.356996091388,221.9955940087018,390.6954593990575,225.7724566666949,535.8948460285675,0.0,0.8117501077791811
0.8250000000000001,0.0,0.0,0.0,0.2195127056324259,0.0,0.3149530124291329,0.0,0.839874699811021,0.0,0.0,0.8039508754921074
0.8250000000000001,0.0,0.0,0.0,1420.4750137655556,295.5608771105641,0.0,0.7865310153740619,8.389664163989993,0.0,0.0,0.8185715067912563
0.8250000000000001,0.0,0.0,0.0,1809.9658127431387,444.37998976846205,39.84232487049681,10.355059681688529,44.08296835918831,0.0,0.0,0.8427680870470821
0.8250000000000001,0.0,0.0,10.479757784632454,3876.6606702233626,784.7072687114653,0.0,40.78608435100199,0.0,0.0,0.0,0.8122422199502585
0.8250000000000001,34.305029305478804,0.0,0.0,9520.878819598343,2102.6965021358187,0.0,10.089714501611413,20.85207663666359,48.2064137299212,0.0,0.8182860391249174
0.8250000000000001,138.08743288787974,4.283734231923276,138.59140162104717,11604.132065546988,2502.2047601763607,24.19049919203732,48.63298275065837,11.087312129683774,104.32152776566096,0.0,0.7839049382953681
0.8250000000000001,0.0,0.0,117.0907742474652,12905.54172819278,2728.8148368050693,21.90562368994895,127.78280485803552,128.04358609243968,173.94108334757084,71.71483946114239,0.8528387046016991
0.8250000000000001,113.31377043836916,0.0,9.556583049019086,13710.147087352752,3173.33166273428,51.33250323473109,93.10842342044307,134.88434360615508,146.352243264978,0.0,0.7683696742742165
0.8250000000000001,124.7713533610921,40.13623954272893,22.685700611107656,15800.299633320956,3527.9172873427674,0.0,113.7193453710653,78.52742519229572,111.97429147790317,0.0,0.7290972393392984
0.8250000000000001,43.04290110317605,96.84652748214612,181.76900803706104,15642.022925224464,3460.8819130256416,27.62888922163328,243.1342251503728,165.19167450408108,167.80914821981474,0.0,0.7751301451127306
0.8250000000000001,69.83163606464994,0.0,222.0933992365413,24267.933360013576,5255.370549195304,57.95305879592082,210.93473574167456,195.0966327167024,354.19757674028625,56.51323124819607,0.8155591838046619
0.8500000000000001,0.0,3.368477988716354,0.0,0.9582739105831009,1.4664494692256542,1.7858741060866876,6.490127848949183,3.0635726535308225,0.0,0.0,0.8307699236379601
0.8500000000000001,0.0,0.0,0.0,2419.113933886488,469.75804067276846,0.0,20.60440512128472,12.205870425108882,4.143277116780079,0.0,0.7391886013261659
0.8500000000000001,0.0,0.0,0.0,837.383009138119,172.5747826092884,0.0,34.28322103178201,28.69430627113365,0.0,0.0,0.6715215729350646
0.8500000000000001,0.0,0.0,0.0,3919.5848988337016,834.5997936570235,0.0,25.92544161897564,72.3633205628551,29.62907613597216,0.0,0.7412353334819605
0.8500000000000001,24.9482245551784,56.07831006208242,0.0,9414.311887233293,2046.8583172660085,0.0,0.0,0.0,102.00070570347276,0.0,0.7179860514024936
0.8500000000000001,36.9400730564624,31.335372316861204,36.17579568288042,12277.861247469991,2688.4730411368805,0.0,155.6578250861967,174.00048205216427,49.16851103377409,0.0,0.7669067285683617
0.8500000000000001,0.0,0.774076859278541,0.0,12754.72243595228,2651.471268648763,0.0,29.41492065258456,76.11755782905654,169.78085780176,0.0,0.6939292630600354
0.8500000000000001,12.399922936841326,0.0,176.83368362104153,13586.811212730723,3015.3377819892844,0.0,95.42549390525716,103.51240016841454,19.40857503157773,0.0,0.7702877045398445
0.8500000000000001,81.14865472757596,61.14722574542695,108.86492060283958,15516.251400251962,3187.0848409555715,46.00328665894271,106.00757360538972,71.71940963599143,117.72269629493414,0.0,0.8082784800995814
0.8500000000000001,124.0004723593073,0.0,201.19076640297607,17878.698105945823,3778.294392788093,93.93035781217527,96.72036844025968,296.98113130054094,112.84042984696964,0.0,0.8081029387883395
0.8500000000000001,59.95620994650501,121.62545446291016,95.587329000428,22441.09547260586,4844.461763677605,0.0,0.0,194.6007271406563,191.859871828816,0.0,0.7629871175147199
0.8500000000000001,99.09669633410256,185.7117477100929,246.60704583906437,27144.93016223615,6060.784206326944,124.05998625032686,127.84230290430024,267.4097874359179,377.47520206654326,0.0,0.8109797711512089
0.875,1.7286463034975388,0.0,0.0,1.6249275252876865,0.0,0.0,0.0,2.397056207516587,0.0,0.0,0.7591780414892381
0.875,0.0,0.0,0.0,0.0,0.0,0.0,0.8734083127575168,0.0,0.0,0.0,0.6442061519066969
0.875,0.0,0.0,0.0,651.997078933027,123.30482059063914,6.174692088851629,12.538405364096672,18.02001976950577,0.0,0.0,0.7660071097819021
0.875,0.0,23.54976871226144,25.730302852285647,4044.7454608022367,894.4551042379298,20.933127744232397,19.624807260217867,51.31523676190302,0.0,0.0,0.7041330582807395
0.875,0.0,0.0,0.0,4953.189437959733,1025.2269735675834,0.0,49.94405404893318,69.66306567990358,0.0,0.0,0.8168146734416963
0.875,0.0,0.0,26.377086506483117,11926.46246649326,2638.462281691354,0.0,100.73534941999742,76.61915604264142,164.5427777309185,0.0,0.6792198263610595
0.875,96.5479750559236,0.0,48.80447090738996,13113.54913946391,2854.796306392598,0.0,55.70075483995593,134.74277837475054,22.28030193598237,0.0,0.814675796299871
0.875,136.16601919248225,0.0,149.86650161636652,14221.659959356097,3084.286155466678,119.66951994739716,107.36704593411332,181.18189001381623,154.619730212408,0.0,0.7619973069064581
0.875,61.50358601344399,0.0,52.921690290637855,15015.456883003142,3360.956428241644,143.31765857086253,185.6550108033728,231.71118451576572,116.99984502092369,0.0,0.769470459507851
0.875,146.09761631288123,37.45299062258184,43.33403873687155,18088.865884162667,3866.6343707214246,3.404817329325622,130.31164505873517,17.64314434286913,193.45553007531944,20.738432824074245,0.7815970529331728
0.875,36.90224799466732,84.34799541638245,30.576148338438635,23083.23474561666,5019.76007721746,36.90224799466732,133.90244272350714,151.4749417685868,319.4680326395485,0.0,0.7742302828570464
0.875,82.97228348490998,0.0,168.22820779967986,26835.82460529373,6023.102688755507,135.49602257168786,263.7605158488193,357.3897898730756,245.11078240496343,0.0,0.806100404412528
0.9,0.0,0.0,0.0,0.0,0.0,0.0,0.7194647117776742,1.7889392833390825,0.0,0.0,0.9328934958558044
0.9,0.0,0.0,0.0,1.7894301856232575,1.5878042492150033,0.3906502517909929,0.0,4.637396537389851,0.0,0.0,0.8541271437405197
0.9,0.0,0.0,0.0,1364.111683357139,292.27940729618547,0.0,0.0,15.49453404843625,0.0,0.0,0.7746506730522527
0.9,0.0,0.0,0.0,3635.649005465365,760.7688553516491,0.0,64.22258466523775,30.41377908155532,21.077456200705782,0.0,0.8533005657215675
0.9,0.6055943502190311,13.726805271631372,87.60931599835317,7725.768990527586,1708.987256318106,86.3981272979151,91.84847644988638,84.9850738140707,70.65267419222029,0.0,0.8166769104385385
0.9,1.998962714588992,0.0,11.494035608886705,11816.618216953502,2616.6421933969905,85.70552638800304,17.740794091977307,137.6785569673168,96.94969165756612,0.0,0.8756096508104042
0.9,80.29699827172381,0.0,74.20550185111028,14255.486055240346,3029.688810652421,0.0,0.0,91.09556010826596,240.3372224132975,0.0,0.7901426198404511
0.9,55.97446995699005,0.0,0.0,14509.857278999356,3070.837010214672,6.096229401256342,31.035349679123197,107.23821719482748,137.44226286468844,0.0,0.2
0.9,53.53945572349836,0.0,27.652246362685965,16065.6609638869,3533.0157320836,0.0,102.96049177595836,196.50745287525768,131.49525663958113,0.0,0.7462075837299877
0.9,110.82855583980968,0.0,11.422441688225511,18011.029539850075,3957.721687650028,0.0,86.4400992622471,144.1697369838193,108.3588387180312,0.0,0.9216214609656732
0.9,26.083551557782407,0.0,22.78183617072134,20587.846296019263,4536.556941821902,0.0,91.7876877602976,181.5943462883585,72.3075669766373,0.0,0.8029645207942347
0.9,94.57327963862969,117.09072717163674,188.39597769282577,26342.41128728053,5842.151762438683,184.64306977065792,227.05092929115455,306.2372864488961,203.4076093814972,0.0,0.7992385286417918
0.925,0.0,0.0,0.0,0.0,0.0,0.0,7.159398871808618,2.27960959102364,0.0,0.0,0.9222610324862429
0.925,0.0,0.0,0.0,2.1478459460217567,0.0,0.0,0.0728083371532798,5.412086395060472,0.0,0.0,0.8354936323854438
0.925,6.978131284783488,0.0,0.0,1732.7696856015227,366.85033040004623,0.0,0.0,36.784720629787245,0.0,0.0,0.8937794547373227
0.925,0.0,0.0,0.0,4191.342026293867,913.0860891370836,0.0,72.10976445367838,10.192730418557916,35.29423070306621,0.0,0.8558961911295351
0.925,0.0,0.0,0.0,6706.876578007157,1440.064525924877,58.7166926409516,22.959732378833635,11.668060717112176,96.54379270771848,0.0,0.8011022025584686
0.925,64.423974819977,47.61772051911343,202.94825269376156,12001.193412116663,2741.2019325575197,32.59394773500812,102.11072688858016,64.16933460329724,26.482582534694103,0.0,0.8768566190245626
0.925,128.85334278924927,0.0,125.24322758179184,14105.830920215336,3071.3749380368467,65.81517724364672,127.18713577042276,113.30207728020191,79.1448333942587,0.0,0.786039425613288
0.925,121.03015124870176,0.0,0.0,14741.986229337745,3340.8888920160507,27.403053112913607,125.31187829759452,231.21326064020857,89.34537108689541,0.0,0.871715360556165
0.925,103.29951200801752,0.0,56.3178097536422,16696.87535054373,3689.870615516708,49.39102031870226,25.9001691915146,225.87356853065057,272.554106026985,0.0,0.7682652868439879
0.925,94.51445073230094,52.5775752418098,60.0886574192112,18090.754386028664,3877.596174083472,109.53661508710374,281.03965813776904,188.4029779498184,196.852945399395,0.0,0.6706536051478579
0.925,188.90304675762457,34.75265523227702,113.5482794717962,22275.41974680346,4795.866422054229,35.096740927646096,107.35473695515276,178.23639020118316,240.1718153676174,0.0,0.826121487459213
0.925,135.68362416694984,86.68675988444016,217.8475965791584,26734.19674836135,5936.158557304055,96.8630316969614,226.5162725676024,203.52543625042472,183.17289262538227,0.0,0.8595226246580455
0.9500000000000001,0.0,0.0,0.0,0.0,0.2964652080918316,0.0,1.161155398359674,5.94165687884046,0.0,0.0,0.756999965802185
0.9500000000000001,2.5259147865220264,0.0,0.0,0.0,0.0,0.0,2.9851720204351224,2.151257569382396,0.0,0.0,0.5996263281319643
0.9500000000000001,21.90326933359052,0.0,6.739467487258622,1861.2513724577525,419.5318510818492,0.0,0.0,0.0,0.0,0.0,0.6503134556817807
0.9500000000000001,0.0,0.0,33.58989430869501,4191.427876399336,909.8818129637708,0.0,43.54245558534538,55.3611221013677,0.0,0.0,0.6926939002122696
0.9500000000000001,12.513175368212035,0.0,0.0,4885.176165504181,1085.0710640721006,0.0,19.176034979857405,81.09187673685462,44.20238571628147,0.0,0.6495813437221375
0.9500000000000001,118.05099546576297,23.76187060766963,112.23692074260974,11820.772269743056,2603.947118400052,156.72723166760818,93.53076728550812,118.05099546576297,66.48268052996929,23.50908475014123,0.6749216206625076
0.9500000000000001,56.25561936059624,27.013837019692254,95.80164881210447,14631.7524038929,3114.946052219153,0.0,62.660962159079965,69.0663049575637,97.47260780301328,0.0,0.7543689764892827
0.9500000000000001,0.0,0.0,21.029990754086636,15923.500082507511,3425.8439104816957,2.336665639342959,40.30748227866604,144.28910322942772,204.4582434425089,0.0,0.728255502157546
0.9500000000000001,73.27083473916977,46.5110516170382,120.41902404959204,18749.68804090685,3950.8908366747114,76.77509205278223,88.88070822707985,223.95389922450585,157.05444141917692,0.0,0.7667007536039919
0.9500000000000001,0.0,169.1368224253456,278.8386493068314,18336.64455606069,4004.274752970892,0.0,134.36102716032127,229.20410515584217,142.89690417991815,0.0,0.7121218922267993
0.9500000000000001,139.783682007872,17.73904594008528,139.0741201702686,23499.26893774977,5386.638690166296,0.0,284.88907779776963,318.5932650839316,311.85242762669924,30.156378098144977,0.6833471775309519
0.9500000000000001,199.684928706487,49.92123217662175,234.55637765339188,25138.276943998266,5435.541221113344,30.46663434308533,107.18382202627612,402.67346836583874,394.59797492550285,0.0,0.6767435008733523
0.9750000000000001,0.0,0.0,0.0,0.0,0.4038858189132046,0.0,2.1925230169573964,0.0,0.0,0.0,0.6639971565357352
0.9750000000000001,0.0,0.0,0.0,0.0,0.0,0.0,2.243479808391302,0.2673576973730567,0.0,0.0,0.6578361677965343
0.9750000000000001,24.972191191102866,0.0,0.0,3342.323216481508,764.5440907603752,0.0,56.99867367912744,82.95846565179936,0.0,0.0,0.7410251383843576
0.9750000000000001,20.332905854132616,0.0,18.143208300610645,4285.394519210613,926.5548790760124,0.0,58.49620607265845,66.16014750998536,0.0,0.0,0.6801452528853709
0.9750000000000001,0.0,0.0,36.03115615690426,4527.299373185038,1116.3499236647688,64.20936802320118,0.0,84.38065629907493,0.0,0.0,0.7677923478743813
0.9750000000000001,90.97565133746564,0.0,164.45598511003402,11501.171834055374,2386.611248960053,0.0,63.732942557839934,158.95745673249493,129.71528308830955,0.0,0.7568352182932528
0.9750000000000001,0.0,0.0,0.0,13983.700438784675,3064.235232295174,46.1862120066023,85.22455786932566,95.12160329931189,116.84011965955938,0.0,0.6923734947121396
0.9750000000000001,78.2528557617374,52.360366722927225,117.09158931995265,15377.261545826705,3264.755173471309,0.0,128.88705654874394,190.165947273928,125.14703035424914,0.0,0.7326911868118273
0.9750000000000001,0.0,0.0,26.651491510141454,16813.198228409015,3546.744555574331,0.0,57.4953524713164,194.64572451226908,229.38249996368944,0.0,0.7103463929033211
0.9750000000000001,61.14058400882863,33.18182448720348,140.7155149549925,17354.09420680742,3660.1395844079166,69.74327924625175,72.8156704024743,43.62795441836013,278.3586387537625,0.0,0.7206441672448837
0.9750000000000001,256.2819209417612,0.0,50.59501148914769,20230.398809618226,4301.237349276758,51.91775688755678,34.060694009034066,206.34828215181804,202.04935960698847,0.0,0.7774581978423989
0.9750000000000001,169.58421697877753,72.62707365258137,210.25537822422305,24508.006004063584,5169.595102590743,125.28170205070286,76.25842733521044,160.86896814046773,366.0404512090101,0.0,0.7092561377136692
1.0,0.0,0.0,0.0,1.126527735642614,0.0,0.0,2.914666998567398,1.037120772496375,0.0089406963146239,0.0,0.6593657632027403
1.0,0.9012791007452864,0.0,0.0,0.3159122621169045,0.0,0.0,1.5145205507369244,2.8339188219310545,0.0,0.0,0.7513962781190606
1.0,0.0,0.0,0.0,0.0,0.0,0.0,0.0,0.3938875218154277,0.0,0.0,0.6842951858258842
1.0,0.0,0.0,0.0,964.9261428810224,176.79381292920027,0.0,19.97006524781664,21.04688249157146,0.0,0.0,0.7677838264515061
1.0,0.0,0.0,0.0,4116.316697412649,916.7310480185768,0.0,86.4672708291264,40.489819787909965,13.941549670562406,0.0,0.7193182338454096
1.0,26.994279340053264,0.0,0.0,10340.452117287186,2078.324776320275,34.97519671015597,29.341607978318763,39.200388259033865,112.4370417729175,0.0,0.7245823428269337
1.0,58.78327915856627,0.0,34.51495290044258,13656.596129654805,2961.8143957692296,0.0,139.4080519494439,60.13151950623981,91.1410475027312,0.0,0.680413349958925
1.0,103.17226112729236,0.0,28.111543059964497,15777.241280252238,3357.445632471017,103.75188057182773,84.62443890216116,76.79957640093393,39.41412222840383,0.0,0.7223461794406095
1.0,34.902961562238744,90.74770006182074,166.32019944440725,16917.313717210327,3490.599660237459,11.836656529802704,94.69325223842164,201.52666502023067,201.83016903381537,0.0,0.7588320717204813
1.0,97.28912606254592,158.01534527152066,191.08093059996764,18286.22250159258,4085.189479665532,0.0,148.15925733707977,285.8265500987869,310.6257390951221,0.0,0.7386448209277179
1.0,87.12546778731905,0.0,201.18667179896192,20458.8555522108,4471.997293144529,0.0,158.62155776546254,199.1914320786416,138.336620608873,24.940496504003544,0.6836524270718239
1.0,207.69925925057987,149.00164250585075,126.07831288956604,22846.22387121177,4806.605432723703,66.338726616824,294.5300532516584,200.7527957304936,175.39820388217862,0.0,0.6528426139913172
1.0,87.1490193015389,0.0,176.62201245111885,28017.0540540334,6021.416240274328,110.38875778194928,238.59464839887983,295.9193366505588,371.835815686566,20.14110668302233,0.6228825085061392
1.0,118.22097702080754,202.25261225510977,238.50155294441657,32235.606267307787,6981.216440936049,0.0,105.45146382343808,211.3148474274365,360.8417277708272,0.0,0.6944129552537467
