frequency,768.7249333652886,768.8356351611255,768.9463176051847,769.0569806937589,769.1676244231408,769.2782487896229,769.3888537894982,769.4994394190592,769.6100056745985,769.7205525524089,Max_Oxygen_LifeTime
0.2,0.0,0.0,5.735437769173929,75.05942471831956,7.481005785879006,47.37970331056716,24.06390194457756,0.0,3.865186322704157,0.0,0.45973694591830416
0.2,86.47023033461701,26.011370100657143,0.0,0.0,77.50685279993107,137.08695053049038,131.11136550736646,50.44096769519326,100.00317288698592,59.58009773055927,0.971616363897645
0.2,0.0,123.21895066892544,0.0,0.0,0.0,156.2050255457535,69.58997732079213,0.0,123.64457744152968,195.575502011645,0.9117780783164717
0.2,0.0,59.14229657521958,17.553649668444162,25.925390279548285,12.152526693538276,147.1806010661857,126.92638991028862,0.5401122974906052,149.07099410740275,164.1941384371393,0.9391676774955388
0.2,53.37485825158597,55.21537060508891,41.542993121924056,131.46516810735451,112.27125356368074,179.84434997086095,87.55580195949814,54.42657959644475,185.10295669515517,22.87493925067968,0.8415457954533347
0.2,116.94984967088698,148.9752363778291,28.30815432131493,81.49317153105814,0.0,185.5756783286201,148.403354472348,158.41128781826745,135.82195255176356,134.96412969354185,0.8653322467273351
0.2,0.0,41.03966961849356,78.60675180773005,0.0,145.217292496208,311.2701095679589,0.0,216.87886944542376,257.91853906391725,200.46300159802624,0.7316352996703497
0.2,94.58387779165076,180.4743844627453,51.81249187851461,187.081346514368,127.27095320494176,274.01505771992925,121.01172599814144,20.16862099969026,323.3934056846881,328.26169351219954,0.6677301296999959
0.2,15.776698728170448,131.21595771478275,74.26592328138736,112.3608787469694,276.6694240379143,267.0494857890299,294.75490794581697,278.9782092176467,212.40823653536677,276.28462650795893,0.7000370427067865
0.2,42.685948198869085,113.6883174801562,227.3766349603125,182.5775210090241,221.4597708535385,377.8340365325638,213.00710784386152,345.2912839453072,127.2125782956394,343.6007513433717,0.6751327152436368
0.2,269.6814087917086,216.11141757162383,257.31910312553526,210.15919632494771,314.5519997281898,439.0907827355663,434.0542878345327,219.3164597813725,503.1916269305394,378.1949807503417,0.5234310677705861
0.2,218.8975690530718,474.3639084655979,169.45247110226035,314.18239322911484,348.69095117395204,588.1906443731951,606.7325561047495,501.6617229592752,376.5038187712835,698.4120085552124,0.6944522570889506
0.2,457.9966869162983,262.266867931488,532.2963915734218,300.52567107582763,563.9014898230936,386.4693592986197,697.5300631243382,326.0315398387209,873.8532428330338,781.255849715574,0.6630253734709786
0.2,706.5835254297658,384.6418850035755,633.6342024118462,567.3166360319192,387.6563198390267,1047.2146618357533,538.3780616115877,413.58045942390726,656.5439071612755,633.0313154447558,0.79822163316433
0.2,642.1990152947151,785.7108360595545,821.0973124125287,409.5656985297927,876.1429422949326,978.3705406479688,920.7036902949742,790.2979718830883,733.9417317653886,1090.4277157657202,0.7036243975064377
0.2,284.137398530351,506.6015632711684,315.708220589279,668.1266993866133,719.5210608778913,1247.414573909732,817.9045528754806,726.8631125195025,922.8958913505196,1361.2163743547046,0.7339582087744879
0.2,862.376924410765,503.2567887496247,789.9014321798319,886.806865612203,842.8329714496143,1399.021299469022,978.0119794309052,878.6635518783903,1358.3047307999582,1057.8164540222697,0.7500676178642665
0.2,1025.9578486459573,890.075431358626,1425.3974377187833,925.641970111686,772.4322647138896,1792.0063756349386,1305.9303460097874,1275.835582449506,1275.835582449506,1618.733494530288,0.6612667032813783
0.2,947.1932865721344,1560.8978232037982,1164.546976629182,1329.6931627019387,1338.2168368218229,2624.2261696593546,1385.097044481186,1458.6137337651876,1394.6861778660557,2565.6259100851507,0.5525249130712094
0.2,1471.8510639259323,1636.1454475050396,1649.7422240771036,1225.9760209144408,1644.07690050541,2231.004422532841,1947.738243948174,1343.8147512056626,2385.1012236829,2922.17389827943,0.5601010204217014
0.225,0.0,0.0,4.520273869302217,0.0,0.0,89.17267542168916,0.0,0.0,98.00775616623444,61.02369723557994,0.8247662403650454
0.225,0.2485564108517431,69.0986822167826,41.75747702309168,43.4973718990538,114.58450540265032,143.41704906145165,29.329656480504912,42.5031462556469,94.6999925345114,149.8795157435968,0.7810588398643363
0.225,40.450295209578826,184.33389561948988,0.0,33.66333292609239,79.00024097978137,176.73249786198514,62.98300999075354,0.0,192.74972885101292,236.18628746532576,0.8336496532846075
0.225,0.0,59.14229657521958,17.553649668444162,25.925390279548285,12.152526693538276,147.1806010661857,126.92638991028862,0.5401122974906052,149.07099410740275,164.1941384371393,0.8326921862102807
0.225,30.15486850481585,212.93029597278132,63.69446714792744,287.0866562754407,80.61811783940563,353.24274534212856,136.62001649120654,204.93002473680977,104.6189315473203,361.5507193179452,0.6972630871582721
0.225,65.19673439845813,113.27109410641208,191.9681623954601,0.0,39.183895926346025,222.590870976554,59.92831141676459,106.3562889429393,2.3049350544909064,177.8092756321585,0.8245197440059927
0.225,0.0,104.34265579546408,87.70329540283196,60.31768142329152,123.06193623717525,199.32567137007263,67.94405493658137,227.75124537415252,322.0409542657347,191.35264451526965,0.8684417707442
0.225,0.0,116.87920166300938,0.0,81.14543300170712,0.0,194.3023670958308,0.0,85.2399273274814,117.62365517678649,209.563664128262,0.7852449718092277
0.225,0.0,240.92594306286097,163.05089075971404,159.40049768300392,0.0,436.42477228221946,324.4793845964457,322.0457892119724,372.74569305516695,275.8074769069788,0.7001181046785798
0.225,199.600946013564,347.9650420459675,125.64166691032376,121.18628865109235,293.6094272833452,489.20053286360087,310.0943268425011,239.25381252072287,394.7465137678965,549.793677189147,0.8729390368811302
0.225,66.16094066360066,194.6749980677167,218.9498755773832,478.8338583279293,190.8671741446318,393.633798048904,265.1197406447879,485.0215722029423,323.1890554718329,456.9388707701909,0.9409197834843136
0.225,314.03084176474465,271.1847036204699,196.4652188078935,245.58152350986683,182.3573440530713,573.1977261496253,417.4885899667737,329.70625815899155,351.65184111093697,616.0438642939,0.8786739544765398
0.225,206.00057829743025,326.1208065144603,415.3690134607584,389.5487774888734,353.0636614416445,625.2987581017362,762.8195801259063,557.9416207837755,716.2308934809834,559.6255492167244,0.7488796733202973
0.25,0.0,0.0,0.0,0.0,0.0,30.533520637318627,60.74731854545076,0.0,0.0,62.9853776497568,0.8907084191471129
0.25,0.0,36.07073489986186,0.0,3.102858916117147,19.78072559024685,68.06896747231997,2.1332155048305403,46.54288374175727,50.80931475141831,87.65576438030945,0.9102083319707164
0.25,23.83599281530385,0.0,97.93997047872372,14.867995518456832,56.87598285631906,135.93595902589118,0.0,0.0,50.03198491925157,138.29595831453517,0.9443221441693939
0.25,0.0,22.843194036880963,34.92120467707091,81.39528909693217,12.340576088889742,172.50549979575626,95.0486924293208,104.76361403121274,170.6675416548578,210.5774898572245,0.843301338754155
0.25,0.0,142.90200964750844,0.0,69.0987083686512,0.0,207.00208804906575,139.37356496485398,27.93352040434842,149.07678784215386,183.18508644114763,0.8709211639441403
0.25,0.0,0.0,20.422569435200355,0.0,120.0599536493596,227.43315961927664,124.70144670281434,181.0182290847304,204.8445600924641,180.08993047403942,0.8162583665516217
0.25,98.01552797982193,138.27779873247596,158.7389527215297,82.8346717943949,81.5145973434882,292.06647226310554,196.36107457237048,160.05902717243637,211.21191214507067,262.36479711770494,0.8839646218926953
0.25,0.0,87.41089996448972,157.70383201926694,111.084685371539,156.24698368652545,266.23903280850834,101.25095912553398,42.61281373268882,424.671288994146,356.1994173552956,0.8620823431292292
0.25,110.8450418269582,78.45018805358656,199.83331484296693,53.47102369821573,106.94204739643146,332.9254249239272,336.8284193544539,94.06216577569344,256.0364346425512,326.6806338350844,0.920458161603352
0.25,187.58986893830263,150.83239461931086,239.55733263067023,46.89746723457566,258.56981934739,471.9321702794685,388.2772287259012,204.9123568357585,389.9672275451651,578.4020958930996,0.8298172285604452
0.25,47.12193321671778,11.558210034289226,304.5143797495436,0.0,225.38509566864025,436.9892486040896,153.8131027640031,122.25029843959786,323.62988096009883,258.2815396123866,0.8914172453042928
0.25,393.96262840263927,320.6338180065275,325.4265507121558,0.9585465411255952,354.18294694592504,412.6542859545892,242.99154817535052,222.3827975411492,175.41401702599254,442.84850200004695,0.8738477512417712
0.25,0.0,194.02510535212696,153.66788343888462,124.69346770630024,427.8900323365572,344.0711868244384,478.5952598685799,302.161764068379,477.5604593067018,592.9407219560998,0.9391192474088602
0.25,159.70121416010153,344.56083877008206,441.9129487717879,271.27329528565195,409.0976307936848,484.5728621433218,288.77479820730696,393.236893770935,563.3296252907691,800.6937586657144,0.9311141893419929
0.25,401.8638889478073,538.642863198115,360.10393663244787,392.7856384444682,275.9788153015062,1070.023125993559,647.5818692381835,562.8515312070192,620.9523344283888,983.4771378617268,0.8825515117549522
0.25,269.2790608111617,462.4436127469592,260.9640304298195,592.9256279618689,587.8086861887351,1029.144914121518,926.806078658844,544.3146811170988,828.3049495260196,1002.9205875342076,0.9153880401320287
0.25,594.319550919625,366.6649432792261,612.4513338290373,478.81337831151694,639.9847819507373,1020.080675533232,788.3967828018529,573.501577949559,783.6959501957087,918.0054532283922,0.8366406301068983
0.25,585.9365456413819,651.6688722332377,677.8204430278471,363.29479428187005,474.96906956695847,807.8714977902285,774.6519348889682,578.1617543240657,1067.2668081043264,926.613765181968,0.7023520808996986
0.25,688.595823021312,581.3802453140463,967.2053172042772,626.6826020917641,780.710615136005,1289.6070896057024,1044.2193237263975,576.0949703566458,1338.6846427815635,1304.7078751982751,0.755610973873429
0.275,0.0,56.04313900253873,0.0,0.0,37.58784549414983,71.45076936275326,13.714484166784422,87.70497281968295,43.0059133131264,48.25466651275992,0.7349682530279553
0.275,0.0,0.0,9.661320673934174,0.0,0.0,109.35792762836104,85.30740595069527,19.52820136220738,42.34536295383905,28.367281978785364,0.7725901930008846
0.275,0.0,0.0,0.0,0.0,0.0,143.238386405209,78.9465694048512,2.12730276839418,93.36495483507846,141.82018455961284,0.7802447031227839
0.275,25.05492929347493,53.30836019888272,65.83582484562022,0.0,73.29899527346377,249.21658392977685,25.8545546964582,59.17227982075986,187.9119697010616,135.66977670615657,0.7744336608163489
0.275,81.86808285671158,184.12821565575416,0.0,66.57404539996321,72.27182406032044,194.92400680169413,0.0,79.768901245001,116.35463790624205,216.21570600618688,0.8173128926325012
0.275,57.83609368843283,113.74431758725116,27.63280031780686,18.636074632939437,8.996725684867279,324.8460595500309,124.66891306173297,19.92132115934914,106.03283842879344,314.5640873387539,0.7840962965634557
0.275,227.8145985748548,165.8407184154338,202.54033459922505,195.6158787154908,75.47656913270264,434.5096067043202,76.5152375152628,108.71395737462676,23.54315000469626,308.48450962035804,0.80167380927598
0.275,123.76178278410076,146.13271728151835,88.40127341721484,109.32892181802488,34.99968784273401,327.9867654540745,130.25657021883498,101.75166981083504,255.1008175753913,303.09008028759365,0.7916037598162216
0.275,0.0,126.19905925747857,237.86610563076263,0.0,183.17984661918857,183.1798466191885,97.5174548807789,143.0256004918091,196.1821739366257,240.54305537258787,0.766825166377979
0.275,420.449338230337,333.75007529194914,95.95840752404096,345.9553113366736,273.986505693643,494.5224949155615,464.2198399079697,174.24026629365318,379.6249280117757,558.9156368066941,0.8298172285604452
0.275,154.5381051588432,133.96221013769403,152.34918015659326,191.7498301970915,204.4455952101409,245.59738525243912,267.04885027448825,213.6390802195906,420.2736004319813,347.60129035728454,0.8419934897076728
0.275,295.82881344407787,296.7561764956266,176.66266132005276,203.5561898149689,2.3184076288720044,493.35714342397927,431.2238189702076,291.19199818633365,471.1004301868073,378.364125031924,0.7573560230931569
0.275,0.0,142.46224780716764,217.88343782272705,135.06801349191673,373.6553073973464,399.28865302354944,319.43092241883966,23.661549808802988,327.3181056884406,685.6919955009349,0.8159663184531726
0.275,351.7297379740178,259.49838446083083,72.43027196798302,103.6951375656734,307.4378450439562,751.3989365311609,224.0648701167817,292.8475744317007,250.11892478152367,467.4097406854724,0.8465959102028908
0.275,16.387168950932892,304.01023777937365,337.3496504726507,394.4222044052096,362.2129412947555,491.04999373657193,469.01207687152447,445.844010423654,442.453561675185,806.361727344175,0.8661823154686811
0.275,296.0338630966562,233.23880122766843,372.5840337559935,302.0143451794168,379.7606122553062,967.642000990686,424.0161796677358,443.1537223325701,565.753605029165,686.5593431009316,0.8753687785904483
0.275,60.59076390303184,475.9810525166008,184.27087991128252,554.6865808854876,248.6095261175946,684.6131673992053,322.31787808210777,735.2095784934897,280.4665256954774,802.0468129019888,0.8164756490907241
0.275,0.0,406.1500016537665,551.3913452872333,565.1925589356623,604.6245979311734,614.4826076800514,654.571847325488,402.2067977542155,830.0444208555132,912.1945020961616,0.8361569321063043
0.275,520.5479097772702,839.6849116843159,944.6455256448554,375.1632755751716,928.3340788807176,919.1145654922916,666.6417373169401,768.7655779271948,814.1539515317522,1185.0620670814967,0.7819711433974208
0.275,731.2360598407156,596.8068043952507,892.9943397448739,661.8055652699809,811.0072663687936,1330.2587310839683,1178.102540854486,774.8147745180916,995.6628370356408,1336.9063316279749,0.8320106428086772
0.275,313.13007383291296,938.6112909668162,1004.820386180243,657.4173689427325,829.5610164976424,1099.0709805428855,985.3471228821762,470.47404128129216,951.0741794775788,1365.4652224604383,0.8289673586522995
0.275,715.522551932801,940.7495370298302,1052.1433888648232,688.6904562353209,386.2195592819095,1394.4558824599471,954.5721317830776,554.5299777479208,1477.3914509794308,1535.1211114194634,0.8365105221819555
0.275,660.1373639774139,796.95339796237,1146.6893848364143,645.6006603665121,822.6064043345492,1209.1117003420504,1181.7484935450595,708.8780760845546,1224.5035041653582,1572.5292906145903,0.773445122916722
0.30000000000000004,0.0,0.0,0.0,0.0,20.90026883280365,90.80806458390548,2.450376345914935,54.05241939518184,2.0179569907534223,41.51225809549961,0.7407217240849905
0.30000000000000004,0.0,41.84161552187076,0.0,30.951332029876987,0.0,156.85829380573466,75.08563881322017,68.01650742368034,27.321237532545744,90.3702472230359,0.867026873689901
0.30000000000000004,0.0,14.83147909687056,0.0,8.53933644971335,0.0,59.550635767737845,57.52816134543734,41.797804727544296,33.25846827783091,209.88790115874397,0.8479892845776956
0.30000000000000004,0.0,0.0,0.0,0.0,0.0,17.300512989686137,69.4564712674164,0.0,116.52404337170944,105.32959379014784,0.8758760872989872
0.30000000000000004,43.71741034281128,125.24447287399978,0.0,46.96667732774991,0.0,193.1836916499902,132.33378265932058,89.2071481319527,222.4270945144383,123.47214542766956,0.797632544766235
0.30000000000000004,74.9075190850184,33.40032236258395,131.9799145783658,0.0,82.04156852168681,290.226102082647,304.4942009559839,92.41836770229546,202.9961339706559,123.5487652441212,0.7840962965634557
0.30000000000000004,115.74988593824276,65.80532874040037,100.2265776199945,18.56047733703601,0.6749264486195105,112.03779047083556,155.57054640679274,73.22951967521483,272.6702852422745,168.73161215487275,0.8105519957228438
0.30000000000000004,10.290686870756511,116.87280088930537,204.34363929073524,80.48787231055935,5.145343435378256,280.4212172281132,176.7792994583519,185.59988820471457,125.32586510456962,301.737640031823,0.77806321886658
0.30000000000000004,179.61971178087214,129.85494314894214,247.2686941399019,281.09318531941665,194.3936274684763,325.0261451272924,227.82933139305425,15.940277452415144,262.04260982750606,351.4636784630051,0.6703456165782044
0.30000000000000004,0.0,0.0,28.084623952092045,47.90906438886287,66.49447729833548,393.5977445050544,24.78055054596361,100.77423888691844,141.6621472877583,338.2545149524024,0.7814791732500574
0.30000000000000004,39.483024160658026,0.0,0.0,44.689576797228256,98.05674132207368,464.250943427517,135.80424793720832,78.96604832131605,308.0543643304085,230.38995416823505,0.804430205528871
0.30000000000000004,124.21835484609944,66.06369433762589,298.68233637152,136.31452423186184,206.10011684203008,407.5478608433823,82.8122365640663,118.17027015321815,368.4679289816881,475.9377416013471,0.8523502692667881
0.30000000000000004,0.0,206.0059248781746,165.9074480162429,0.0,181.94683876101556,388.4539945999643,145.858209585277,334.82228179713053,443.0881693243463,478.6755675393108,0.8192687141174579
0.30000000000000004,110.94865040500564,274.5334047230835,372.5810492670419,60.89274766414253,107.85240899835424,334.91011215278417,388.06225630029854,350.9073594204827,603.7670742970068,372.58104926704186,0.7077329333746215
0.30000000000000004,0.0,211.06894946439544,0.0,384.4668003367203,90.29983927216917,520.1935526169747,171.18190389632076,477.5365733288948,342.3638077926414,576.1462137610795,0.7396000724320938
0.30000000000000004,360.3855920108546,241.03333617527264,144.96932538078008,533.3008114409415,445.3876864108301,472.1691682080825,383.0916309259166,526.3143379286148,889.0287544435784,858.7540358901623,0.8241658209092182
0.30000000000000004,406.50215569308506,805.057652703448,263.46229940408966,421.7841916213964,516.5328143769275,618.0055329409156,465.185173657801,624.1183473122403,636.9552574920218,685.246491025486,0.8088869096929134
0.30000000000000004,522.8162160611205,613.824964782871,441.48924911827953,432.45291945796384,493.7708707243916,831.3423287490408,687.4065063025845,645.4521185939759,526.0434766540902,593.1704969878638,0.7500953902929088
0.30000000000000004,356.151518957697,589.704726581879,680.112419855756,339.0288497770385,577.3764047718048,954.7600335135184,614.3613702020274,490.3932453340597,663.6746574423237,1256.1190110931082,0.8399572348441947
0.30000000000000004,768.6530994334976,529.8830601505175,841.789868222879,843.9409496578606,438.1035855912939,875.4901440375938,334.85167671216743,453.8781827811604,837.4877053529152,940.7396142320416,0.7962337857581046
0.30000000000000004,362.608747868076,858.7709234488796,816.2427369705251,264.8685298213312,464.82561712306847,1090.8106777430598,819.227171109357,771.4762248880465,926.6668001073052,1225.1102139904951,0.8213576247342389
0.30000000000000004,560.6641501334428,598.3558577054388,951.7156161929028,538.6773207164449,643.1147604471842,815.8684201521667,873.9764693256607,727.1358585764257,994.9040311191482,1302.7196429571168,0.7957711616736298
0.30000000000000004,432.04493123442353,606.4932619592662,982.2908342216612,675.7834867798813,946.4229531380485,1199.1284789544093,870.6112953931403,1133.0989705959412,1035.277476731543,1345.860719751006,0.8035843122847343
0.30000000000000004,827.9676354709667,726.9538572122563,1185.401004694095,1075.7535701739566,858.1854323859654,1113.741657724241,997.18729819496,1251.01679228095,1356.347398670374,1427.143380014085,0.7433503506397324
0.30000000000000004,1023.491125792518,1076.5881609409666,1046.377778873746,703.0779826553252,1082.9964238037105,1331.0877432042223,1135.1779928289106,1344.8197350529597,1680.795802285387,1573.6862658652394,0.7786844305942255
0.30000000000000004,1144.4888225389043,1704.8412053114848,1483.1737941298022,1374.7184942383349,1200.6191970441373,1639.1972080087546,1205.376008442886,1411.8216231485735,1177.786502330144,1984.5417155579005,0.8174794864497246
0.30000000000000004,1252.629695045354,1356.1935674703636,1369.0157611991744,1484.415504758471,1590.9383449670518,1677.734733285155,1158.9290485655831,1096.7907251105776,2477.6423574440387,2287.2820967009256,0.8171196267616777
0.325,0.0,23.22811576845613,0.0,63.04774280009523,0.0,15.643424905286787,0.0,8.216748435100168,0.0,91.4903335369803,0.6904838691894314
0.325,0.0,0.0,0.0,0.0,24.71953689506846,0.0,0.0,0.0,76.86512932335164,34.823873144147555,0.7902560967884147
0.325,0.0,69.36139796484771,16.13055766624367,0.0,0.0,38.71333839898474,0.0,0.0,12.501182191338811,104.84862483058376,0.7698843571903901
0.325,0.0,57.19887004057684,67.53311966975676,99.2568627174716,49.98892843882347,91.56625834226796,39.4143474229185,128.8176232846605,83.154659806889,236.96674731096127,0.8540364758011214
0.325,108.84358935691158,0.0,61.05859890753584,130.08136288996752,1.7698144610879512,343.63897452791866,195.2695288733753,38.34597999023984,139.81534242595143,288.77472623419084,0.911080856110562
0.325,18.18528541136049,109.11171246816288,107.48802627072006,0.0,102.94170491787985,232.18712623433476,144.83280881190674,35.7210963437438,221.47079733121151,205.55867259627112,0.8393893428768292
0.325,12.56617703063713,126.73887119471144,99.4523153567566,0.0,112.37752601684043,301.5882487352907,75.75609581326947,89.3993737322469,241.27059898823248,352.21199048728585,0.853862127489083
0.325,0.0,0.0,140.5696876282992,0.0,47.740648628478894,249.6911702076796,190.5837004771819,108.36369450591262,298.9473949830944,356.1603945299223,0.7881536447098433
0.325,182.159037061625,123.60791800610262,193.54397687797655,40.2538943506716,196.79681682550557,360.6586291822798,240.7101561171473,321.6245498119316,444.0126528377109,363.9114691298088,0.8422857745123126
0.325,0.0,166.1016568038335,63.82022945897938,103.126728397291,49.45011156755344,365.1700546527027,79.45829892906032,162.2978020678679,90.8698631369572,376.15896833438114,0.8507270960130764
0.325,57.54585293786656,261.9015984101325,328.96290734559904,61.62390550826646,173.99690967039945,428.6486368442653,176.26249443173282,239.2457507967993,400.1022688514653,461.72617435973183,0.7855066817485893
0.325,147.14559475168494,195.2228682844137,158.8006913656798,118.00785321669782,222.41809371706825,661.9123618697906,422.4972522573132,135.97612716327328,361.7936240594233,589.5536370579058,0.7770964449164884
0.325,9.626538400817516,85.11886585985908,0.0,190.504128353018,336.928844028609,242.1834397679324,267.0097756437248,308.5558887419893,387.0881756960261,516.2864542333122,0.7981384129485255
0.325,332.8063797659883,384.6007501269202,500.8625814690121,279.9100015250364,214.8915366038666,878.8512843158134,449.06821110808033,521.8007311893889,494.2505341888931,933.4006743767948,0.786338007417429
0.325,108.09875981499415,209.6640781027083,396.7580854748134,285.09563028130293,314.7930917689387,662.2533911742768,379.5335578119848,497.1355053030221,590.3855343741983,779.8553386653142,0.8731201779845464
0.325,214.0928944148426,505.9218993017412,316.041891755244,479.7974687332634,562.6310290723393,1053.26057877302,665.2172076461181,546.0643170045242,755.0597615523467,657.571032845588,0.8598952948851466
0.325,258.8609881822067,412.1863427208983,453.3386023806338,471.9234938398689,257.5334959351183,834.9926234185024,318.5981393011774,365.7241140728099,755.343088593208,775.2554722995317,0.7899872613901785
0.325,243.4741415229352,472.9956101792265,508.5749259891683,355.79315809941806,415.7896514259866,553.2234791624286,521.82996521248,396.2559094126853,617.4057743489902,886.6923606752164,0.9136288311130605
0.325,285.3291773669965,797.2869982155914,772.0234773028886,849.30012950645,684.3441988411553,1089.3035781771266,732.6421064683813,659.0806779284526,599.6370993103283,1358.2857714241386,0.8563762312848724
0.325,712.3179282576035,1153.3138794511142,779.5619917374652,794.4182383202251,540.2982309835389,1056.3573228057326,542.6439541281854,375.3157031434135,1006.3152290532772,1310.4773301424186,1.0
0.325,698.0093658302261,940.1418013454957,988.5682884485498,962.6851660314,890.0454353768192,1292.4862419918538,988.5682884485498,773.988854216052,1158.8959327420498,1426.911490674469,0.8517081958335102
0.325,334.1827049157886,682.4362605648734,948.0235681558424,1436.9856311378908,1020.136678163986,1578.5735666416854,797.6413509437376,1071.1435120721856,1577.6941384708543,1878.458572895064,0.8584751997628941
0.35000000000000003,0.0,109.18476835899948,0.0,36.32493255020558,3.1495606257403286,240.2064903897989,0.0,68.66042164114009,63.62112463995545,149.4991443684762,0.8523549816245227
0.35000000000000003,42.90957552336606,1.6503682893602047,0.0,0.0,0.0,168.10179861626358,0.0,42.90957552336606,97.60749597073368,0.0,0.7463067162827757
0.35000000000000003,0.0,43.82533271443046,6.600200710004608,89.23471359926197,88.44268951406146,139.9242550520972,73.39423189525101,19.272586073213443,114.3154762972794,165.00501775011463,0.6192042971891081
0.35000000000000003,0.0,0.0,16.863103966309534,0.0,41.59565645023004,198.7035750696802,0.0,85.15867502986296,132.65641786830136,175.37628124961873,0.5540864987958815
0.35000000000000003,79.22800414870531,38.83111665786343,112.4223458078466,6.889391665104806,91.44101664593651,275.88882077078785,35.07326665871539,97.70409997785,97.39094581125424,139.35360413507442,0.7302500020489329
0.35000000000000003,4.95701220559532,161.5985979024062,19.16711386163512,33.37721551767487,0.0,309.64802910951863,55.84900418304022,90.5480896222072,131.19558970808845,307.6652242272805,0.6804298684094228
0.35000000000000003,19.45696972493801,109.09800881483092,58.71835506275935,0.0,19.45696972493801,321.0400004614769,310.9640697110627,281.083723347765,208.8149786551381,258.49974063131907,0.8338688810904584
0.35000000000000003,105.69860858847105,256.4854348265694,45.45779320413265,56.17548428478176,88.32855752672921,356.64041009746325,156.33045955567567,324.4873368555159,260.550765926126,248.7243481819614,0.7947853517880402
0.35000000000000003,38.45594325536741,77.30429409497327,229.95084436372767,275.07771655114857,174.62137498610716,432.04075024652576,152.6465502687544,32.9622370760293,208.7608348148517,488.5474423768616,0.872504444314464
0.35000000000000003,0.0,37.351874747596895,134.71855948290565,104.0816285101576,146.8893950748192,420.943037885839,296.71657805113483,220.7537765981569,220.3340926122288,504.4601510855219,0.8146116015808736
0.35000000000000003,183.8524897494605,116.91590367562772,42.393171180094114,116.46965976846882,45.51687853020626,401.619516442996,157.97034313424513,203.9334655716102,185.19122147093705,493.0995174105673,0.8459107878036762
0.35000000000000003,0.0,160.54699666539992,227.16201916238683,212.30543141126017,208.95071804810252,533.8786695082254,126.04137350149308,416.4637017977091,503.2070044736416,550.6522363240134,0.8494062754673287
0.35000000000000003,270.3629042627029,422.311048131276,221.6347064014018,463.1798592407544,341.0973850291076,508.2403432845382,320.1390203575804,302.8483695035702,365.7234635181522,469.4673686422125,0.794213019500791
0.35000000000000003,146.04545155919226,190.134644482722,130.06311912441282,168.09004802095706,397.90496613485584,530.7236598169892,387.4337828155177,223.75265408691348,613.9420114601515,565.4438992442688,0.9166130334041646
0.35000000000000003,435.0052664827457,399.2175991692715,603.4541143547877,430.06903650847335,236.3220100182859,1071.7789331638712,264.70533237035164,363.4299318557975,607.7733155822758,650.3482991103745,0.8443615931248561
0.35000000000000003,309.3800004840719,650.301996679101,429.50802670239904,357.0285471963691,544.2672025869462,774.4566606477631,552.3204780876163,419.4414323265616,1095.9165743828398,901.966856075038,0.5672028010280062
0.35000000000000003,425.2915401873551,646.5580847442898,128.59321907691992,707.6219038590282,355.6069466093594,923.8596633123962,448.2802720893743,801.0136272109813,855.6118654782767,1451.1637013149614,0.5053471891170971
0.35000000000000003,561.1390366322403,779.2741291692237,495.6214293331464,492.5382478131888,478.66393097338073,718.3812941500656,917.2465021873156,299.06860743586435,1111.4869379446295,1155.4222746040218,0.582362436670972
0.35000000000000003,709.8785090248956,840.3903342866154,984.1297094059424,855.3815574585698,740.7427920259779,1243.3896866150344,955.9109363763812,896.8278803457376,1268.962949673074,1835.9839202358169,0.6153543183338227
0.35000000000000003,1919.0263962086117,728.5280634148361,1204.7273965323463,812.0052373477861,1097.5351163684445,1314.7654894439622,1365.9901189028185,929.6321642533064,1613.5758279539534,1771.9927375767109,0.6006659417228113
0.35000000000000003,1230.7031397814533,1535.1244208990788,1397.9345672375175,1234.7086829540535,1163.6102916403977,1411.9539683416183,1989.753570989217,1502.078689725126,1823.5235293263029,1594.2061826949337,0.6004280235961192
0.35000000000000003,1245.8521449670825,1636.3431157776602,1190.067720565571,1965.5806009708929,1470.0836548162938,2274.0356535439546,1252.415018426084,1847.4488787088692,2004.9578417249008,2399.824061508146,0.5690224900158267
0.375,0.0,66.95923694986085,0.0,23.24973505203503,0.0,203.20268435478613,69.98170250662545,19.064782742668758,29.759660866604808,46.49947010406999,0.45973694591830416
0.375,29.155595776680585,0.0,0.0,0.0,18.91173780109007,164.95237970950808,0.0,149.98058728364518,106.11586210611668,84.84015707989029,0.5843958185975948
0.375,0.0,0.8511828999016591,23.833121197247078,30.35885676315987,0.0,152.9291943490017,78.87628205755563,80.86237549065956,106.68159012101044,59.582802993117554,0.5565096326650063
0.375,40.096193709804496,206.4796117024575,0.0,0.0,0.0,293.9335145183302,39.14903952768311,156.91187617143945,184.6950655136661,278.46332954368125,0.45284481909635943
0.375,0.0,12.75043463391127,66.10093744422423,28.520709049538347,35.90253962706593,113.74729844462952,85.89766490213914,0.0,206.02018066372423,248.63347536126983,0.5545697635220345
0.375,10.600277764937983,124.27911862340996,29.60767237793007,0.0,0.0,335.5536202832069,177.64603426758018,43.13216469871296,148.76941552861132,232.1095303701921,0.47333689335885143
0.375,0.0,174.30164033607582,57.59532463279038,99.27615166967796,12.50424811106631,308.43812007296896,166.7233081475508,0.0,171.64922407009203,290.6290394299351,0.6010148331222689
0.375,215.90185788412705,114.89514074535413,444.4295554106007,75.75503785407965,351.84006470005886,505.0335856938644,327.8509693796003,247.8873183114051,218.8478871340079,446.5338620176584,0.45973694591830416
0.375,160.41241577632388,294.4556673154438,126.13250226795884,0.0,259.7362677364586,519.0330494022973,149.8647500814423,208.316397473911,201.72410641461,319.5063733407875,0.5700746016935583
0.375,229.8119970433639,199.96012938618463,124.6197014894943,313.6815299849626,251.1347596556347,360.1177685627969,193.3263810179226,337.3734884430415,318.89376084574,392.8126712349457,0.5375525654655853
0.375,291.764798272377,382.4902479118439,179.38895724167344,455.1737047252805,128.35589181947316,868.5930831960338,242.2781893781222,508.2687121847415,305.1674215145709,583.5295965447538,0.5236081754723285
0.375,53.34846157665236,198.6958007701848,260.7542152573112,119.76185251901552,319.00202534610503,547.0939171891391,410.4565309060806,406.6459265077483,311.92518860634493,618.9510287005485,0.6013944016440795
0.375,220.45131375483027,154.2568173994924,121.15956922182367,147.755572221736,241.1370938658732,608.1619352646657,488.1844106206161,239.95504928809945,819.1568923973048,364.6607522432445,0.5569846167761031
0.375,245.71341803081705,246.9734868412313,407.0022257638661,146.16798200807574,537.4193476417612,621.2139235343218,477.5660791470751,350.9291637004232,299.8963768786381,636.9647836645023,0.6178536516632939
0.375,314.438353326859,541.5706128883427,336.9469556257447,802.806815326926,182.7971338212541,789.847317033628,722.3215101369709,778.9340553129563,585.9057386285721,821.2229444805597,0.6236118095029126
0.375,388.9836938482372,579.0044638315712,610.3020024170618,394.9451297692828,777.9673876964742,948.6134909364094,453.81430948961,642.3447204926828,945.6327729758864,1189.306466248633,0.6901408819186805
0.375,515.8164370365506,0.8135905946948979,763.9615684184874,579.2765034227507,737.9266693882513,1102.4152558115552,1112.9919335425886,682.6025089489999,1158.5530068455014,1751.6605503780652,0.7005711035186568
0.4,0.0,72.7065721440497,71.30836883358724,0.0,62.22004731558098,151.00595752994937,3.728542161233352,173.6102443824264,0.0,64.78342005142886,0.9743644205180163
0.4,0.0,65.2944923581681,70.3581468675771,96.20943567877016,47.171939377125504,129.7894603201138,13.325406603707824,5.3301626414830965,163.36948496145737,135.38613109367105,0.7248558477265435
0.4,0.0,173.56748105321435,86.33408383994086,0.0,76.74140785772516,65.05033400439984,62.05262275995755,0.0,34.47367931108744,191.85351964431297,0.8291139271257634
0.4,107.59769516097592,125.15139769479072,0.0,35.75754219851163,0.0,201.5425105734292,66.31398734996708,134.57838609258016,190.49017934843468,108.89796942273992,0.8373113939085657
0.4,109.53528600390676,0.0,0.0,0.0,46.43728953563682,104.21803911051316,153.49119365595996,88.62078155655888,96.77389345976223,137.184969849553,0.9038360119441948
0.4,20.953988871721197,29.93426981674452,64.35868010600085,97.28637690441975,0.0,239.84833690666565,0.0,65.10703685141938,20.953988871721197,278.7628876684336,0.8914680187822625
0.4,45.18082672704769,172.65530213550358,290.85157205536945,56.07263317017519,281.5733665667792,342.89020283920104,175.47910380594416,259.3863534418898,425.1838515206093,374.3554214526807,0.8359040809206278
0.4,0.0,20.17639285895965,221.063086976428,157.9022049831628,200.8866941174682,304.4003618286527,374.5791195989474,485.9878975592901,281.15364831724264,416.68637426112406,0.8708120897313306
0.4,0.0,108.39303389683442,94.67239669470358,0.0,44.82074819362772,440.4324541884031,113.4239342042825,5.945609454256766,276.6995169096405,387.8366782469011,0.8537678237425901
0.4,0.0,305.44617798096743,330.94088304518954,288.77656313128387,87.76061935568725,672.177704674007,463.80751905296194,122.0804146344477,455.96299441781656,449.0990353620645,0.8770497712764139
0.4,375.51386468472106,129.92231522668453,249.9771128412158,224.7601233879352,408.9537854814626,451.1648330445626,443.49009712399913,421.0140847852055,429.7852115515639,499.4060302595341,0.8785762174611224
0.4,273.1151802157494,343.4452695416933,342.27310138626103,536.8530151880393,229.74495846475045,952.9727103665414,414.3614429453536,576.1206483950249,300.6611318684106,761.9093010310602,0.8372462050235656
0.4,93.05588369780486,496.2980463882921,285.49798331775486,396.9118304661469,477.9400829377047,661.5197174435782,94.32195014267296,340.57187366951683,900.1732423012133,1066.0279465789336,0.8939331446856179
0.4,357.2648111462631,681.3743651975129,317.3431750522678,305.1636928540997,491.2391153261116,803.1691871791936,512.891528122855,872.8628908687109,610.3273857081992,1016.9867635470328,0.8182358075795448
0.4,274.1669756193937,765.352665449389,698.0768640441026,525.9086841036917,709.651195468668,1167.5606824530375,742.2040026002583,856.5005254178419,831.9050711406403,964.2864868091074,0.8137164261077712
0.4,493.51821248888206,265.0231660767068,325.6443008391207,791.1835280530423,775.639647344731,1123.8225752109026,1097.397978006774,810.6133789384314,1193.7700383983035,1411.3843683146608,0.7949590313398263
0.4,472.035761784993,771.966449361652,397.6796860347905,1186.355365902106,492.9222999170721,1182.17805827569,856.3480634152527,764.4472956341035,1076.90990609001,1287.4462104613697,0.7857342037393725
0.42500000000000004,0.0,0.0,0.0,0.0,0.0,173.09122431908435,71.28625422614927,0.0,63.31494784303345,0.0,0.8050210241815935
0.42500000000000004,14.194495675595212,15.832322099702262,117.37756039434456,51.86450343005918,21.29174351339273,141.67198568526695,84.62103191220186,168.42315061235016,81.07240799330307,123.10995287871944,0.7768435192056238
0.42500000000000004,0.0,0.0,0.0,0.0,1.7545379251670283,62.28609634343093,0.0,0.0,89.18901119599269,142.4099949260605,0.7826324058125824
0.42500000000000004,0.0,28.191644372560955,0.0,0.0,0.0,215.92236712620547,0.0,135.19174915023552,48.05393927141068,121.09592696395494,0.8461608306977746
0.42500000000000004,72.39217819003217,206.17576239416007,204.4014443012672,0.0,141.2357201942783,465.2262039565298,205.4660351570029,180.27071823792312,177.78667290787294,437.5468417073999,0.7824619773550663
0.42500000000000004,69.04430111756821,132.01877356545992,181.33613150658013,139.2266951107006,284.5232188910775,224.58366077802384,296.66287623043024,191.9583316785137,111.91246609715714,180.19803863101572,0.9110407803032047
0.42500000000000004,0.0,291.2491543336929,145.82599428602614,235.25519520176584,84.99802429378865,377.4556813425592,210.68230666185545,132.53246442017291,272.71877936917025,327.5042357860198,0.7947839548334689
0.42500000000000004,0.0,170.95930195765152,128.4321124159472,213.9117633947729,60.81388104463722,421.4444483582901,75.69839738423377,58.26224967213503,206.25686927726605,275.1509163348271,0.852644416160131
0.42500000000000004,0.0,213.66701199098028,157.51093832668425,187.64346565874547,197.2310879916741,512.7095180894676,135.13981954985076,264.3444443221743,334.1971213192255,441.4871807591408,0.7565355482554537
0.42500000000000004,84.86317578786473,155.6633110165976,83.89331092171783,89.22756768552632,210.46067595390457,434.4994600338675,381.15689239578114,99.41114878007023,245.37581113519744,473.2940546797485,0.8616430387169728
0.42500000000000004,517.0500533659151,348.1959791429691,212.37857161581704,225.48835998716376,202.41513245359343,456.2206353228661,361.8301590491697,273.20798965886587,286.3177780302125,492.4036512277832,0.8594104259235139
0.42500000000000004,27.45426659929763,335.17083806642444,195.03968563250987,92.65814977262924,288.2697992926244,589.6947679974123,513.0516070743734,129.2638385716927,589.6947679974123,639.455626208639,0.8319714442634475
0.42500000000000004,553.2517510630223,388.0744802129079,788.4297984072372,361.05663665378137,351.2319662686445,792.1140498016632,469.7420527893586,216.1427484730121,645.9720778227517,600.5329772914935,0.8606791711072438
0.42500000000000004,376.1794791673817,355.9337085871927,612.5978323941042,653.089373554482,382.0572835293719,864.690330586134,548.595073785765,610.6385642734407,608.6792961527772,973.7562559697326,0.8722505059127653
0.42500000000000004,423.7417580302497,592.2513756163224,468.865672362922,418.1012687386657,316.5724614901533,394.8342504108816,833.3822928315394,600.0070483922505,943.3718340174278,1068.8727207551724,0.8111144096326467
0.42500000000000004,680.0821591167481,680.8352955055817,647.697294396903,690.6260685604186,555.8146549592027,1238.9093596312853,539.998790793697,863.8474379921486,1006.1902154817004,952.7175318745142,0.8369905623372914
0.42500000000000004,767.0319337407266,950.0828492902558,738.6833406246491,741.1132200345985,709.5247877052549,1287.02612746992,1368.832067604887,1040.798347261704,1102.355292313758,1277.306609830122,0.9003047343044643
0.42500000000000004,988.5069158662924,910.2354607843528,1083.4880074263988,899.6820061665633,1154.7238260964784,1209.2500082883917,1052.7070981245124,1441.426009879763,1855.6491036280045,1511.7823739983598,0.8910419476384728
0.42500000000000004,905.7581562120712,862.8930582843393,674.6593673842999,764.116963059566,956.0780537794084,1408.0252819304933,1420.1393313448525,1104.2421966165682,1319.4995362101774,1772.378614316213,0.8319100900187415
0.42500000000000004,1534.3084290172717,1531.225424806252,1736.7590388742055,1449.0119791790707,1757.3124002810005,1786.087106250514,1923.7946276760429,1186.9566212424302,1755.2570641403208,2068.69582559395,0.8515332226171272
0.42500000000000004,1919.202620337793,1614.0015071790258,1309.914266696021,1675.2645043459318,1307.6865213444971,2694.458002668091,1501.5003669270718,1987.14885355927,2177.621081114559,2939.509991335713,0.833292264809196
0.45,83.64933923517629,46.83071115482844,21.80050346862704,0.0,148.88936443017857,115.7848962000412,0.0,0.0,17.924858407537744,0.0,0.8511489064454287
0.45,0.0,66.31371896328451,12.90429125772018,122.94921948327878,38.1751949707556,68.82288670784114,0.0,32.61918067923721,17.02649540949193,27.600845190123767,0.930240492867139
0.45,96.40574771785684,172.83552969237405,154.16234432359988,0.0,114.42754289934808,0.0,0.0,28.226908115588724,93.14879678144274,0.0,0.7871852803205086
0.45,95.03987888334092,179.4685091534934,192.38655094346203,86.27406481157651,0.0,35.9859735577698,0.0,165.39707077513455,0.0,0.0,0.8766407429783756
0.45,94.56148872399996,254.0338298771863,139.43812744047446,182.7120290599321,68.11632662322027,0.0,0.0,36.3287075323841,160.8079554007004,0.0,0.8629169914369046
0.45,158.7908641582985,183.5667436723592,260.7098230684118,136.54888141272122,1.6892645123222636,276.757835935474,0.0,1.1261763415481756,172.30498025687692,132.8888083026894,0.8997764060861648
0.45,64.06720181075596,187.24955118602605,113.5877442731761,98.11257475366985,0.0,0.0,0.0,24.45076784081986,22.59374749847917,0.0,0.9268319237168208
0.45,405.1387634464558,223.59388097951023,193.8926042523812,303.353489269216,46.721109458405,169.19716068150984,0.0,0.0,118.13766248768144,0.0,0.8323165618899174
0.45,0.0,536.3839965079912,200.22553294305152,101.7660048169272,207.94064522159096,496.33888991938073,119.76793346685294,341.3018717506327,0.0,278.8462009243597,0.7962666824138577
0.45,596.9633491752212,473.4813400778619,593.7560242636015,4.810987367429648,402.1183607943229,320.73249116197235,67.75473875796672,346.3910904549302,163.97448610655843,55.32635472544026,0.8382227600851322
0.45,165.3483231920108,330.2533532923538,167.56478865034856,367.4899729924312,197.26542579207683,133.87451368361172,0.0,370.5930246341042,277.9447684755781,0.0,0.8352138456676882
0.45,408.9730853068925,479.6537734707773,467.4674479252798,375.3388268013197,115.03891314949524,543.5101193291833,208.14244031709552,198.39337988069752,561.5458811365196,138.9241112186701,0.8194193883673982
0.45,552.7487095939454,695.546517315546,1058.6007221870696,564.8680807289888,491.6249247389426,609.6570610106716,133.3130824854798,300.3496324771677,432.0819274232937,322.48065802811664,0.8533218692787569
0.45,556.3257463231154,622.8900136360951,927.0291862368642,372.8681315336834,515.1966055443634,443.2206091815479,382.6092438233877,142.86964691566382,187.24582512431692,275.9981815416233,0.8158148264909361
0.45,479.5004811771722,637.3558376043104,438.5530390964482,538.8446001347428,430.8383036319638,331.140183783245,140.05212073986726,594.0346307652835,413.6285091342684,572.6707479405579,0.726130259292322
0.45,1007.60841626067,642.1841194772594,723.2487815020019,849.9123159156625,380.62392091305,713.7490164209771,133.63002880641216,439.5224644154024,769.4809715629881,524.3870324725548,0.7758196920968995
0.45,701.937651144138,950.5822322236857,1315.21651064329,989.9120721263484,427.295379281474,711.2701555278204,425.96216436951977,230.64617976815924,448.62681787274914,214.64760082470303,0.8019852126575849
0.45,1243.1675148204097,717.697305570947,1126.6437537297802,1204.5736576438956,1433.91023201972,753.3224045031137,333.9853024890655,662.7752780505228,1138.518786707169,583.360995014234,0.8691078051561709
0.45,951.27337953189,795.3397695427252,1157.3564922311375,845.4892722528082,1158.140078210983,1128.3638109768706,633.1374717147999,1232.5807462962623,1079.7814802264777,431.7558748946221,0.7500379633126585
0.45,1184.6531984194255,965.1464413943412,1766.303398941148,1397.3270602841965,1330.7063324711353,1190.6319816847,746.4937962642956,756.7431390047665,1086.4303304899129,705.4964253024118,0.7778348447335088
0.45,1802.691373801676,1491.326039095541,1944.1347727992795,1257.80203806594,1535.942413275993,1508.4131611220969,1111.612216283182,370.2209772420504,1542.5874051752094,757.5290765106565,0.7778092804648814
0.45,1737.013249080134,1625.053070947935,2167.462089277714,1857.6693633779405,2019.6311744623831,1428.3075152010608,953.292002154742,2056.588903166216,1965.281573427335,1005.4676191483878,0.8031025678448216
0.45,3019.5365481493427,2578.664115370466,2214.410538430653,3363.693376016614,1524.8408358790766,2391.513139632424,1484.6473377339946,2395.281280083526,2946.6858327613795,2846.2020873986726,0.729228648649962
0.45,3024.836310317881,3325.568105648713,3835.0603220101702,2891.988769662028,3024.83631031788,2532.8624509659858,3010.2376794765783,2843.8132878857296,2598.556289751847,3395.641533686964,0.7190216883293316
0.45,2965.3006577763367,3922.1176489219006,4665.938857690711,3905.477353423716,2183.2067693617014,3684.161423297872,2299.6888378489884,3213.241060699273,4569.425143801245,4329.8048886274,0.7524188488641564
0.45,3933.193773412677,4173.666945293397,6197.6494752894505,4765.741042726985,5467.121127379082,5230.291488405646,3352.0502747009373,5075.441339846093,6611.190460266142,5700.3072334452345,0.9187355494140683
0.45,4461.5524187528345,5966.5214408311085,5679.510233686597,5885.569561892913,4200.29862763411,4656.572854376668,3372.3816839480187,4560.9024519951645,5558.082415279303,5789.899159511408,0.7704084246972513
0.45,5388.327544385446,6295.407809395056,7440.379060750471,6127.1434531992445,4939.622594529946,5065.337343411874,4821.644137886906,5309.030548936845,5258.7446493840725,6978.1355994769165,0.7883502805622419
0.45,6566.364653255385,6331.989985690811,7007.9962582530925,5340.255855169646,5400.302257603543,4892.813308000915,4478.299433134646,5167.864570762646,6597.356344834171,5348.003778064341,0.7915159891606007
0.47500000000000003,45.918952884410494,29.06059605621784,99.3840273966785,0.0,0.0,65.18564640234482,0.0,0.0,53.78618607090035,0.0,0.768295111824054
0.47500000000000003,126.59722683284689,78.73306983851026,83.24201216406367,33.123384006950324,73.18360236090592,42.48811037540746,0.0,101.10436060760236,94.51436797794727,0.0,0.7754786713083507
0.47500000000000003,44.85488426765753,89.10633959897895,0.0,49.6823157583472,0.0,75.62976002080364,0.0,0.0,12.873150641838947,0.0,0.7255601761019314
0.47500000000000003,0.0,159.223005318631,81.31052863070332,172.08705910199598,98.54350634049403,243.44614990028475,16.26210572614072,166.50454519600737,83.98042658574131,0.0,0.717434999389859
0.47500000000000003,191.9518540079652,251.53241543459484,303.0251178440348,72.52113585413291,140.72874689909798,46.63998699912635,0.0,70.633968750122,165.53151455181262,0.0,0.6477553245344658
0.47500000000000003,0.2774965161021235,0.0,88.24389212045264,0.0,8.047398966959479,48.00689728565507,0.0,0.0,51.33685547887974,0.0,0.6307757807813782
0.47500000000000003,94.11531015111552,116.71536818082416,379.2475491286724,0.0,139.6250160465561,108.97562228023884,1.2383593440937604,66.56181474503236,262.5321809478483,0.0,0.6686732873388289
0.47500000000000003,176.4507009374166,284.9845283064689,333.25877667613946,25.302364662723942,120.8520838495889,108.200901518227,251.6919432239375,237.37613163844892,333.59170252696464,0.0,0.505916240766824
0.47500000000000003,304.9403198692398,275.7594280157241,257.1566094591078,296.915574609523,161.58918863884347,392.8477565779559,0.0,8.754267556054632,138.24447515603094,18.60281855661628,0.6571459325435947
0.47500000000000003,123.30440778480214,335.9254699265444,508.2354756771011,227.6389066796348,85.36459000486298,329.2069605280133,0.0,177.4476894082569,239.099893300658,0.0,0.6287988106741926
0.47500000000000003,121.52877734184824,419.9401929380989,523.1564147900795,173.55308271079008,91.14658300638594,257.2081657440484,112.37249959691457,153.15955500616488,115.70205514052672,0.0,0.613993447100558
0.47500000000000003,0.0,562.8597242370772,559.2973209191208,340.6548172795602,368.2634429937204,257.8289401370786,0.0,132.6995235938678,264.0631459435021,141.1602314740137,0.6615174224788783
0.47500000000000003,425.07897756407857,550.1022062593955,652.672283678819,386.29626172389845,433.7540587388554,494.989925854929,283.72618430447505,389.868353972336,459.26900337055287,486.825143572786,0.6553329998267687
0.47500000000000003,576.3264137976425,609.9093439249488,845.5315149794359,668.9503017294065,293.03814836891394,732.3245408406132,380.7870948305854,344.4958638865608,535.160241383525,518.9104364832157,0.5574616460286904
0.47500000000000003,521.3108735122424,1008.0978481163892,643.8707146359814,168.0163080193982,818.7918024369984,917.7603126402056,250.8736653988275,657.6802741992193,491.390161125226,403.35421890958247,0.6074360417691748
0.47500000000000003,1009.498420411459,412.6504206658216,994.5473182134218,634.5247772846908,443.1506691498169,601.6323524490091,368.9932022475536,323.54185156552086,263.1393986854514,493.3863725352212,0.49595810599416723
0.47500000000000003,1017.8758447098716,1127.2079863212964,863.7878556551736,640.0086184388075,1015.318367713113,507.6591838565564,276.84688489910474,495.5111681219539,721.2085130858887,379.7853340186329,0.6478371301940737
0.47500000000000003,1125.3665237808293,589.5749604320622,1230.210107968517,950.4002826364416,797.9005238179866,733.2242868190881,620.211072694698,256.66254051141726,1070.9023242028095,472.47693133931966,0.6524151794198672
0.47500000000000003,715.526462869901,1269.0749725667606,1369.3824206326344,696.9510095243686,641.2246494877718,748.2192607580371,482.9617869838376,850.0127450915539,619.6771236069545,954.7783019603554,0.6789738412873781
0.47500000000000003,1279.746052554312,1357.2086131124545,1740.4869075407632,1812.301156391541,802.0602624457664,1348.332694715167,641.4868296221175,1298.3047910213668,1357.2086131124545,978.7717287190292,0.6639153508761279
0.47500000000000003,1346.2247677715643,1413.0221799129015,1702.4776325253624,1162.1036958435195,1723.8870594937398,869.2227349161182,194.3975968728662,888.0630306482902,916.323474246548,1257.1615515831145,0.6366928133571066
0.47500000000000003,1653.357103095011,1492.1206252725226,1954.878426028592,1622.385124304251,1687.0619035437796,1463.88146813977,988.3704996463292,1114.9912364673794,1229.7697461037271,1780.8887804687308,0.6403723637548756
0.47500000000000003,1690.5554262588598,2198.031490761214,2222.7864207369385,1512.1136393505114,1588.4413401089953,2005.1493280336929,1467.761056477338,1072.7136322813997,1382.150256977957,1522.4281935070633,0.6649098009257333
0.47500000000000003,2213.4442767993346,2605.1935926383403,3024.838370595912,2561.531130191888,1974.5135795229128,1688.2818812628343,1946.618117404347,2680.390055740564,2326.2389714526707,2259.532431603923,0.7172023645453496
0.47500000000000003,3004.116877828728,2596.8013380090365,2925.026481747234,3403.52337804027,2623.1648033695337,2384.575441857028,1589.7169612380192,2984.344278808354,2810.345407429068,3031.79851645725,0.6435448894915344
0.5,80.22266173247321,74.48107958064602,178.30802349285278,94.25764032582832,0.0,107.97364213297077,0.0,0.0,62.20047331146026,0.0,0.5771860131308403
0.5,98.60122302281655,149.51530909278,15.596920732700084,5.557523479467903,29.93891680874603,89.45820052433706,0.0,8.42592269467701,0.0,0.0,0.5991418852414753
0.5,128.26892356926382,190.81139516775232,261.31381769695747,182.62401706758652,27.746114672783943,144.64367976959525,0.0,68.00072366526568,67.31844215691856,0.0,0.5894693601588729
0.5,86.259163568395,195.6990842714492,232.2533551376424,41.0121087767047,0.0,131.06043456903424,0.0,63.7470821203126,43.46391962748581,0.0,0.5698473637502038
0.5,36.20295761317976,61.38762377886998,119.10248374190996,0.0,0.0,155.830121900208,0.0,0.0,119.36482401446916,0.0,0.5921104331555114
0.5,70.24751416917738,341.75267441798115,299.367043505777,216.96700578834535,265.5770999813625,124.19286260289162,0.0,16.89497176220722,16.005762722090996,18.67338984243949,0.6374798519739147
0.5,145.11889202675425,115.85121632387958,313.1031556963794,296.33521649160747,82.31533791433532,210.0565474925077,16.767939204772052,64.02304060003868,130.1801825534119,0.0,0.6196135578895886
0.5,247.15657957837124,0.0,211.9920255733184,26.122240118039286,12.3913190303518,15.07052314502259,11.721518001684345,71.33380955310705,127.93199647552542,0.0,0.6199085319224859
0.5,393.9906885419304,345.8444383563028,249.1844093576761,147.74650820322398,186.7045427045714,180.45655603926093,210.96143211107105,178.2513842750338,214.6367183847829,0.0,0.6051567315783566
0.5,182.9208839691822,414.7490358627561,648.8877673433091,133.62851944696044,261.86568652430265,348.12732443819056,190.23771932794943,0.0,30.0375346307289,0.0,0.6047136175888149
0.5,314.4293380054336,337.47651461316167,647.378728642077,545.3126608078526,545.7242175329905,264.21941753859704,232.9411064281092,221.00596139910695,395.9175695827578,143.2217403480246,0.6579043391795402
0.5,407.338584740852,230.88372367854328,537.265547115089,354.2265494459779,335.352024506477,425.7741672398988,0.0,241.41834224942724,318.2332693287904,0.0,0.6250883396848459
0.5,578.8812855601518,673.3631523831427,681.0368065413551,606.6982818836719,284.8844106236372,590.8713701823585,131.4113274593883,469.052110420736,331.88554234268844,203.35183519262984,0.7770423524060598
0.5,791.6705227059007,576.289571675619,577.3479547273646,530.779100450547,287.88019007487287,254.54112394487825,218.02690865964647,38.10178986285071,341.3285341880388,127.00596620950272,0.7057322453070973
0.5,499.011029136573,563.1143285605403,557.0355674082673,539.3518986016559,259.1762709469022,245.36090469173683,432.6972711117793,389.0407137454566,0.0,139.25889185206674,0.6298986828982335
0.5,508.60527298743153,910.197644606409,1120.6955494960046,732.0388033171699,464.5065498960354,692.0559610476375,256.3605769046476,74.67383776809676,703.2276375641247,56.44636555698647,0.6374671266490877
0.5,489.3597203241153,866.9205489292746,1190.817909509335,455.5006274035173,886.7249240337751,535.3569786313425,745.5388950629797,303.45413466573723,959.5539163535522,516.830305146487,0.6325658882583579
0.5,607.6333434356467,401.1044146832029,1053.8952087785474,577.0856562246742,881.8984481776375,533.9204460352563,492.0833961593596,395.7917734291206,634.8606298628173,279.5777459960733,0.7328332105264246
0.5,1116.94850910778,1159.6022062193397,1343.229987004696,1102.4896287309805,524.8573576778305,1431.429157303174,150.37235591871743,764.1518279138662,878.3769828905841,767.0436039892261,0.706178199770931
0.5,577.3541622514279,740.5032739069926,789.6714993374364,945.3708798671764,448.4738137746573,1031.7877609267448,0.0,855.9741063572778,781.4767950990292,552.7700495362054,0.6932682441140984
0.5,763.7215156517823,867.3867903107731,1296.6258181956557,1073.9074546704808,978.3410295942238,881.1548346014198,530.4746476690538,453.5355766330838,660.8661259510649,508.60775379567247,0.7299921681396336
0.5,1046.1067542893425,1555.929438926138,1420.97637534581,1853.1789972697368,963.1944145733232,1274.5567115919894,1033.7581079486588,1242.8030495730886,1569.1601314340137,986.1276149203072,0.7315109697435289
0.5,1819.1940756418169,1981.9244660689285,1861.5227899147644,1424.126075760967,1645.1760280752517,1381.7973614880186,845.6336473640089,1235.998456770086,1140.0533710847371,943.4600092392666,0.6806139311435399
0.5,2346.1529294174047,2068.074140769705,1795.469344024519,1895.0959966502692,1906.043980455297,2277.1806314457303,1199.8990250310198,1891.811601508761,2226.819905942604,2340.6789375148905,0.6914744845987428
0.5,2110.391388180157,3467.70228697385,4529.835908520586,2945.465565690774,3175.0478924384056,2264.2872335824145,1636.0894384158178,2294.5618261205645,2250.411378669097,2082.6396783535192,0.7204795820487688
0.5,3582.913199987161,3773.493689348181,4291.872620410152,3410.6284376048,3000.499224499886,2733.686539394459,1596.3021788878973,3898.514490369009,3642.374312667799,4477.879178026506,0.7154714200900498
0.5,4912.883168044211,5496.373101091012,5674.992468350238,5113.617314106959,4455.277360494386,4975.825230792699,4616.8853594432085,3847.97151181302,5874.025477581945,4604.977401625926,0.676692372336098
0.5,5437.764858882399,4220.105856740022,5788.050325252124,6043.814316569701,4724.220390351476,4075.5436007779113,4053.303253706819,4459.189587754278,5087.479392512673,5713.915835015144,0.7676858300884343
0.5,4251.379715482806,5662.792067262716,6818.969256912385,6196.119271713964,5220.892383574538,6146.596031300633,6365.6411331288255,5529.460266149905,6085.644350791919,6274.213612365754,0.6923272355593874
0.5,5546.726669851481,5834.692618913457,5933.258145102454,5477.151004306306,5307.077155195876,5324.47107158217,3807.335031222097,4939.872253707451,4903.151763558609,5206.578971630624,0.7323794447582878
0.5,5157.38361838695,7139.759210530243,6129.5293839981705,6556.47175116351,5277.649073926482,5901.025018473058,3992.813123912477,6249.794839537702,5692.564895537868,7434.409576602096,0.7448654596270493
0.525,86.37215946256859,55.7951541053819,120.2590468429558,66.98570761239348,37.03915597391161,97.72032639925636,0.0,0.0,20.17451899855617,0.0,0.6844826571291516
0.525,172.07884714105091,83.04674796807251,91.83773255027822,126.62758642879513,61.349849850287725,127.37575532940828,67.3352010551939,14.028166886498708,77.43548121347288,0.0,0.7096115585150706
0.525,1.370688929124975,0.0,159.97897929929965,63.44331614806992,25.25983883673149,128.4531339294254,0.0,0.0,7.440882758106926,0.0,0.5986832906670423
0.525,136.91655219894798,101.5688148665398,124.1645203764968,127.96775793757875,0.0,134.00819406400285,0.0,16.33154952699869,0.0,0.0,0.6429969620006211
0.525,205.18188556278676,166.59138523177256,271.764086838128,0.0,245.6747345016677,206.26894191013912,0.0,5.4352817367625255,177.73371279213572,0.0,0.5513533196828614
0.525,56.41878283688583,293.6270355378254,404.9060712989756,143.07304597862196,254.3520817397722,216.63565785434025,0.0,96.94056056503574,175.1787621786176,0.0,0.6085901832834727
0.525,217.1288836655908,236.4802494303489,93.14894707103883,151.53103361556336,0.0,205.32127065658565,0.0,0.0,67.56578555152812,0.0,0.6890026203265422
0.525,416.40792801366615,308.5171390395881,435.8932210056401,211.4515128388288,29.22793948796087,424.7072194732105,0.0,118.3551129882864,314.6513979444686,0.0,0.6227479308920082
0.525,396.0643142670836,465.1064533989276,473.2727279198983,153.3032444164063,358.57369032989925,420.1919435335879,95.39693417679524,324.7950093567929,236.821961108153,251.29853866805567,0.6623467535729134
0.525,565.8367823651823,203.87644797394336,324.9280889584721,260.8185027791658,301.4345138989746,340.8559364564361,164.45502541648162,226.5736306585424,0.0,14.33506274816784,0.5779427154822109
0.525,199.7717450344613,158.54225722947686,393.16779607846087,187.0203570535382,99.0357799851689,504.1048715124914,63.33189363858461,0.0,214.2233180795073,176.3942004027689,0.7088915425491977
0.525,391.8265127019551,372.6918106388185,433.57495356698007,121.33140626397952,227.44202679591825,157.4264124285324,0.0,172.2123185682288,267.01606969922346,51.750671488937385,0.6336890117933881
0.525,362.2918051778075,571.3426901498583,732.1510632052818,0.0,264.3878839352405,392.0886507733711,274.7931316035329,209.99681657825911,28.85091398935536,34.05353782350137,0.6247273154023415
0.525,570.7301239716882,489.6974508048051,470.1895850424072,352.14198709559014,184.0742205272402,648.7615870212787,482.1944255115752,9.50383203809131,435.1754670073344,141.05687551272212,0.6721763590688403
0.525,278.03320098176766,410.1404276907981,428.9339243774383,381.9501826608376,463.7571682379778,551.6444027431488,164.166721056829,167.48322047211835,289.64094893528056,435.5669232080173,0.595333341804923
0.525,172.54192563965478,311.3887950937876,747.1007285272589,491.48306091295575,194.6179969336172,716.3104185646265,246.322479701056,267.2366525058624,185.90375826494773,245.16058121189977,0.5994085205632591
0.525,712.7421498090165,879.6738638432336,877.7982266068938,747.754044887354,158.17874026463258,240.081566251458,361.3727742014136,547.0608605990258,742.7523455904486,455.7798484305025,0.676344249786825
0.525,821.0290384117176,766.5562884611401,939.8190111955072,357.6825147357203,992.3228665695576,903.7226106258472,223.7976835318911,538.820815776195,689.1131017844151,377.37146050098926,0.6736461766935724
0.525,1202.466786617234,857.9991482716995,1303.905109565612,944.6443824567724,425.4774101445864,745.9943333495314,324.03908719620847,704.4327982526266,738.9500053670055,605.1077736990062,0.6505298998228257
0.525,833.2316096167947,1141.9177673793383,1284.8416685868165,786.8181777813762,716.8296694581262,1187.5944780745112,564.3283934274665,545.910364921348,639.4739497324293,554.7510186042849,0.7097571973787657
0.525,1192.8568392520588,933.9848734777004,1155.0882849749485,956.016530139348,929.2638041930612,1369.1100925452383,734.9131186420996,771.1079831576633,1034.70101821666,588.559970818298,0.8021413513444323
0.525,1446.6010567629935,1379.628785616559,1712.8158345700724,1249.032856881011,1367.071484776602,959.3777841726796,1141.0400696573845,1148.5744501613583,1104.2053205268453,1126.8084620387672,0.6226256484737404
0.525,1636.4474861461615,1431.5515682131795,1317.3175608700124,1644.6070580992448,1733.455730477263,1696.2843471354388,636.4466123405016,1158.6592173378358,1831.3705939142635,829.5564818968072,0.7020267755814148
0.525,1259.92758364998,1069.450342657227,2139.892754277958,1525.802065869031,1610.127927766864,1723.223789606311,1238.102066452894,894.8462050805368,1861.121375533356,1209.33206651128,0.6279617634785647
0.525,2338.2218523046727,1716.3895883237892,2112.904300169503,1504.32600984363,1534.147450567402,1933.975655826869,1182.9171487096385,1811.376399518027,2123.949278215345,1568.3868825095112,0.6148873443602293
0.525,1863.5074751909788,3130.2305316741026,3179.000011052379,3167.44934488384,2147.1404999962165,2467.992338011192,2113.7719088426597,2120.188945602959,2251.096495513069,1848.10658696626,0.7082469390475477
0.525,2663.4221714316345,3190.847816297017,4239.512294944315,3848.19649391516,3113.5126777537043,3950.27887679233,3096.4989472741768,2909.347911999363,3173.8340858174874,3101.1390555867747,0.7069329543685018
0.525,4616.831697082414,5363.897349503786,5001.425859832369,4555.568910095696,2709.1765800793223,3587.276526888952,4730.848550641029,2688.75565108375,5666.807796271448,4490.902634943048,0.781442815179121
0.525,5370.259555664389,5499.131056828773,6778.640961246581,5228.500904383567,5445.7414349178125,3720.704340760277,4256.441581315073,3877.191163602743,5852.607174308225,4501.297433527401,0.7077359158726267
0.525,5088.390777121321,5675.08297872938,5259.742150289388,5367.768015982301,4181.346008286004,5099.565866675759,3436.3400379900577,4613.449471057655,5123.778560710378,4848.126351700877,0.7245972553169665
0.525,5758.879456939331,4964.936852196239,6375.769133394644,3555.968286032442,5758.87945693933,4767.383058527769,4482.234658232715,4210.132263179918,4866.159955362004,5853.928923704349,0.7066819105453669
0.55,0.0,87.53228273870677,107.97567772044418,12.95708132645334,22.890843676734143,17.132140864977075,0.0,0.0,47.941200907877175,0.0,0.7547186591637212
0.55,54.36316434413938,113.82287534554182,131.18888617769736,2.2651318476725018,0.0,120.051987926641,0.0,66.82138950633792,8.871766403383809,0.0,0.7822958096089884
0.55,28.6648397388773,79.51548009757066,63.61238407805648,0.0,60.07836274038657,46.72761546474512,0.0,45.54960835218856,4.712028450226351,0.0,0.760521017734464
0.55,182.8271970062332,93.6431984666073,241.2427160496882,113.70959813802314,154.734237466251,243.69527600952784,0.0,56.40887907631343,206.46095661923408,0.0,0.7275260683593776
0.55,138.86958697748594,63.83931562518124,214.91721794134708,0.0,102.75332076722384,0.0,0.0,0.0,65.87403484829451,0.0,0.7550741242322543
0.55,26.226811630672717,163.54921859576808,147.63632165131486,95.77206494346784,0.0,111.68496188792074,0.0,0.0,1.768099660494726,0.0,0.78769981194939
0.55,360.90819719001377,132.1776331037228,227.73174066233344,262.0246782182112,138.5035147887875,376.5564308320161,281.00232327340564,223.40350582518377,201.76233163943573,0.0,0.7463924986063925
0.55,265.8364626853511,345.265392316775,246.15812426315145,50.805891926406325,296.60622821824484,95.8871763118089,318.0735064970082,267.62540254191464,31.127553504206684,140.610672725899,0.715385123775848
0.55,229.9696413869868,377.4830626714028,408.4987050953055,290.8662076095277,279.1407818151253,452.7527314806302,130.87088144719982,164.91244020514182,177.39434508305396,77.53910605975706,0.8770753355450415
0.55,579.1451005073266,213.92196459303543,312.7150173323644,116.68470795983762,265.6521851218966,360.9446966224304,24.89273769809868,0.0,62.62079327177936,131.4647709680835,0.7788062869413496
0.55,363.1647499483981,447.95834190673713,442.1675600168992,73.21202817866356,111.67936501829998,290.7799763254257,167.93267480529573,0.0,87.2753556254122,129.05171068781345,0.798056181217775
0.55,321.924105927647,484.8953939492712,564.8182995817937,575.9807165695763,456.7661031400592,574.6412265310422,42.41718455357363,189.76108879230225,232.6247700253869,0.0,0.8247665812219611
0.55,599.1497949089265,528.8820316279734,607.5819265026407,53.8719518487308,43.56601323419084,519.9814482790524,340.56442603501915,243.59491270730385,344.7804918318764,132.571846723398,0.7568465801904205
0.55,577.0577456113458,419.7231978762868,515.8994888115109,396.04903395376994,75.4613975030219,515.4062770631249,0.0,120.83687835451244,285.5696023153582,0.0,0.6882704295974433
0.55,682.2920310796471,622.3394653626953,554.428594462077,180.3882508297668,710.4113760619341,864.2719429461469,279.07123510722744,272.7045909602944,789.4638742196848,5.305536789110751,0.7149342895228463
0.55,724.7548836818572,814.7609690741658,754.75691214596,641.2198240367081,624.1598470669238,507.0931085501304,486.5034811728052,149.42186725259066,630.6308728140834,0.0,0.723875977737836
0.55,728.2671862716589,880.1718440090093,1292.1272738399302,830.7872021931628,14.377807110942657,788.9040249569384,375.0732289811119,1003.946009572776,621.3713160120419,599.4920443214771,0.7589343287949905
0.55,860.6475935824609,938.4130177558192,818.1706812188619,806.4078439489421,618.2024476302262,416.92723212271056,340.46878986823253,561.3487341589475,841.6963557587013,748.2471485587832,0.7950761179034961
0.55,1012.1491712817068,1102.4576079780848,1237.9202630226505,719.6887724419003,637.7164991328804,587.004838526453,564.0803892112192,990.6140825310324,497.3910821123556,222.2976903295444,0.6859551590020895
0.55,354.4276304843891,550.704286410007,1371.8184980700553,702.5009807409702,225.22393251896432,806.2875577951635,40.94980591253916,396.7894986697741,881.8328893924338,477.9830793584288,0.720265329130749
0.55,1143.0118918475296,1175.0589542357784,862.2185833028761,933.179935733998,927.0757333743312,705.798397836425,131.2403507328274,315.1294468177768,865.2706844827093,573.0319965136813,0.7386146682006182
0.55,838.2573606511204,845.3813608832829,1049.602700871941,696.5689115892219,852.5053611154452,670.4475774046257,328.49556626082625,448.8120146262371,984.695143201127,400.5271241638023,0.693235862707171
0.55,252.9665133380333,1527.8175558039638,932.5531201273374,1090.3441135956157,611.961895302899,811.4965378368593,1.6697459626277098,410.75750680631154,1128.7482707360432,751.385683182277,0.7362281454001418
0.55,1742.4341371811431,1457.1764108647308,1614.340699567722,1321.815260478917,893.9286710042983,1579.8190638988567,1057.452208383134,1202.8064638309868,1260.9481660101285,1342.709934699546,0.6985770905657197
0.55,2108.2312918646808,1832.479332539152,1725.894355353043,2318.467714754712,1055.0934897597356,2121.921105448217,816.4995958752361,1710.2488541147152,1522.502839254781,1166.567686082822,0.6914125404093763
0.55,2374.526672173338,2781.3049182420305,1871.8413599583696,2600.5145866559446,1634.8296447692942,2047.11979119122,1301.910863433943,1562.0725601066017,1444.1178925473878,1878.455640382251,0.6851922592522638
0.55,2047.2632780425608,3038.847517683801,3723.782131884657,2140.2635742826774,2255.885564202821,1831.10042732229,1627.5051842020357,1956.7765033224475,2095.02018692262,1697.8837867621237,0.7312942415550547
0.55,3717.888659339478,3538.484851925294,4277.978594681321,3313.865450772575,3235.102803615128,3420.3408811891227,2142.635716190543,2567.078870316783,3302.196910452953,3338.661098951771,0.7652763977703027
0.55,4086.2389647864015,2015.551153545317,4172.00709897982,2254.476670226981,2626.6491096734176,2569.9808781527668,1349.3165397214473,2053.8404991673783,3807.492528657794,1658.694452347704,0.7422715385036568
0.5750000000000001,30.701747130383765,175.4997545267052,66.829849567533,82.53772019238048,32.415333016730706,106.24232495351391,0.0,0.7139941193112658,27.41737418155201,64.6878672095992,0.7545151188916022
0.5750000000000001,0.0,117.88087766755372,129.51126526351638,0.0,0.0,45.930174743377854,77.2730836884299,74.31620548606645,30.55440809108833,0.0,0.71002523486195
0.5750000000000001,48.86774035779904,130.94048377923056,69.12488059158744,43.02031843464358,0.0,67.03651561903189,0.0,0.0,0.0,0.0,0.6806241568509906
0.5750000000000001,0.0,71.68486971733405,54.13812548801646,0.0,0.0,69.75900754582347,0.0,126.8929186339674,129.88870423409483,0.0,0.7390368063800046
0.5750000000000001,0.0,124.27676461442354,131.90563531352674,23.62488990690032,0.0,112.956504867367,0.0,65.95281765676337,0.0,0.0,0.7804645558329799
0.5750000000000001,164.23968715861477,365.3737967948893,277.0057042475911,88.07055688215571,74.38391628560444,188.6376117002929,0.0,208.2749655996925,90.74837786843746,37.48949380794463,0.7718783701433269
0.5750000000000001,342.8842848320811,94.56596476564636,414.9660341989023,227.15670557342304,224.1808535353432,286.6737463350185,140.52634624265627,50.25883442090286,258.8991273129406,0.0,0.7923070612509037
0.5750000000000001,335.79566245502707,262.31739933576523,30.1260878788974,264.1543559137467,229.61957224769344,343.1434887669532,0.0,79.72391548439926,249.45870328989432,136.66956940182718,0.7432293464348967
0.5750000000000001,235.2879274934889,171.0829023538347,414.9836990733743,225.1090820445192,246.6412551096469,378.9662459462512,0.0,259.5605589487237,140.93786006265543,0.0,0.7670041162583706
0.5750000000000001,146.66520243649384,491.7597964047141,529.9666978797669,281.00559794555096,346.7379015585451,439.1739535143184,112.56656993725292,352.90030502226347,439.58478041189966,175.83391216475988,0.9276278246134199
0.5750000000000001,263.71131304973824,378.6294136958032,255.1353353895842,532.5682126955691,44.59508383280117,599.8896373277785,0.0,307.0200002335164,184.38351969331285,168.51796102202786,0.746177758749922
0.5750000000000001,759.7857312030346,610.1592160397377,526.2564972565804,339.3398848563246,338.4076324254005,486.1696427268494,319.29645759145933,378.0283607396693,390.14764234168086,0.0,0.783075519802124
0.5750000000000001,356.33679473892283,602.6284028672959,627.4004795069001,444.9446073344304,323.46615458252467,478.76801966927445,350.62016166824503,208.18072099052037,415.8850558918175,184.3614165293624,0.7042489496318506
0.5750000000000001,807.9188371874671,523.2094314627324,830.7750896540251,539.109433178599,259.3687779900724,369.6750398938962,187.32189521505248,239.49377584523933,345.8250373200966,264.8344035799016,0.7680139048691523
0.5750000000000001,409.74446144529406,693.8967508000765,932.521877772048,537.4298364039807,724.7714931056602,627.4375597355137,103.09024125762836,221.35620330952665,356.36778830682647,6.279608604525506,0.764951400170067
0.5750000000000001,658.0923933094155,604.7335506086522,693.6649551099243,602.5102654961203,707.5604870632482,367.9536861240142,238.4473283190366,530.2534993388364,525.8069291137728,162.85563449295486,0.6694551278876831
0.5750000000000001,375.3961014426768,447.9158028577394,770.9027083197823,780.0438471536138,541.7648282184082,538.1083726848756,181.6039581654508,248.6389762802144,708.7429642497287,123.7100788845183,0.723508339208052
0.5750000000000001,837.5073985332393,1039.0466120840188,761.3703623029447,844.5452758318379,415.23476061732,871.4171709719416,198.9799854421984,531.6796395577705,461.3008665717841,385.80363736863495,0.8459337956454407
0.5750000000000001,628.5062767714112,995.9824385946096,740.3763260349309,872.5863842554546,772.9203403661364,564.0962484075661,569.5202507961009,403.4101776472381,290.86212808515137,351.2041546575954,0.7857244649703711
0.5750000000000001,977.2828965865286,729.8073854710016,969.5711951070076,968.8701313361424,569.9648457136636,562.9542080050086,302.1584852430372,694.0531331568602,1086.648844841549,556.6446340672192,0.7830463034951205
0.5750000000000001,1157.084013269397,993.289003598794,1048.137791240785,942.196982233652,713.0342393458815,1150.321833971069,274.24393820995454,716.7910056227302,1139.802888395893,969.997052682332,0.762213282618409
0.5750000000000001,1215.1886574893936,824.1202667554428,1205.0815221423927,943.0734750701438,398.0656382818741,1176.315060000929,274.447598268558,601.763289121427,608.7605366693505,616.5352561670434,0.7243288304963786
0.5750000000000001,797.810521428705,925.6272855947698,1342.49372558736,778.5962366194273,832.0620726104606,1669.9719710324407,421.87886211674976,1129.4657853105853,685.0310236351183,987.4471584594022,0.8275743900595364
0.5750000000000001,1341.9315767222538,1830.8591518455212,1803.7935182226256,1335.819982033213,990.9514245801938,1542.741116505024,976.1089803353804,1064.290560848684,797.1265644420413,965.6319608684532,0.7458130418508381
0.5750000000000001,1615.7958303550938,1587.840885193241,1608.341178311933,1303.6322760477372,1568.2724235799435,1323.2007376610338,932.7633369004895,1059.4924216342222,1540.3174784180908,1040.8557915263204,0.8300370812706419
0.5750000000000001,1878.930046701739,1529.0811134474825,2012.6366792385663,1391.3532288042838,1108.8602683317376,1019.387408964988,785.1494737688917,727.846631253108,1325.0025690491664,1190.2906234857455,0.8530364016124176
0.5750000000000001,2360.766565612445,2579.2858892352133,2671.493465099155,2067.7233108119704,1741.839001594201,2159.9308866759125,1390.692342824667,2829.3831497976867,2105.6168351396177,2302.663161643385,0.7673747981534679
0.5750000000000001,3882.321705217017,3180.4897962147543,4081.819937019297,2939.3696311587623,2696.8142270250555,2302.1234806536395,2672.4151627039137,1766.7793046662282,3718.7044503575935,2524.5855376993463,0.8293170210376367
0.5750000000000001,4160.424557859384,4782.478796665744,4504.651201243802,3782.998390493729,3501.6761083369192,3798.72448080063,3276.2688139379866,4509.893231346103,3274.5214705705525,4113.246286938677,0.7575764728344356
0.5750000000000001,4168.557184227474,6194.730887532285,4166.682832975573,5681.158644511454,3872.40968642714,4828.328824896569,3152.6588056972173,4138.56756419706,4522.809570836733,5103.858458925994,0.777737700512724
0.6000000000000001,44.33322229457723,22.86477212830559,57.59828093389959,14.574110478729144,0.0,0.0,10.559684837881594,56.81284983025548,0.0,18.763076364830926,0.753035799880364
0.6000000000000001,0.0,81.4313168984956,108.07855677788136,0.0,71.66617930294427,21.84742648496223,43.1983205498117,134.89130746397137,0.0,40.05361522243075,0.8250563095997383
0.6000000000000001,69.54849057399501,114.49347612599182,107.90671100199228,141.42172177998992,72.8418731359948,99.96384717599288,65.48019446799535,175.5179177159875,0.0,64.89900930999536,0.7768435192056238
0.6000000000000001,106.80851380387858,68.32452135431156,144.26352249810972,117.0983513572388,38.89558595170147,143.02874199170645,58.44627730308583,127.388188910599,0.0,103.51576578680336,0.7925087349256313
0.6000000000000001,78.90765194992119,84.0436529644131,100.61892896572796,59.064011666657024,13.306911719365392,121.86329679839908,113.92584068509336,126.76584322132314,0.0,164.81894164687685,0.7809792497746779
0.6000000000000001,40.27347045702544,217.680656774049,120.56551598843696,98.38961769880903,38.48920277854962,144.27078657390135,172.3092786642355,137.8984020079163,0.0,267.13036100609287,0.678009784312696
0.6000000000000001,119.60847723027058,83.48307420894525,182.44846399845852,175.46624324643764,25.500284485641465,247.109899658478,89.8581453303556,197.6272047637213,8.196520013241898,206.4308744075737,0.7459878527544044
0.6000000000000001,159.8033069927066,394.43792185508346,300.024589496154,266.10572564868664,221.34681253037928,293.0310093214184,107.35145568219032,341.9860705445671,0.0,351.0777247717233,0.8093385451053304
0.6000000000000001,414.0880661113315,268.6801829883662,378.2131553145894,243.87306382040623,24.04382319356117,222.8824245244402,313.33299749069414,457.59593665206125,56.10225411830942,240.0565839484124,0.7428407695517603
0.6000000000000001,379.6669560378113,337.87971244874404,374.09532355926905,388.42237850409214,144.4644706936326,250.32548778593647,292.11273137500376,476.3745769153672,144.0664969451653,295.29652136274217,0.758836332431919
0.6000000000000001,247.64569794405472,209.78071425137855,473.5299110072611,258.09121068686204,231.9774288298439,0.0,415.2091315265874,30.0308491355708,196.72382332286952,441.7581430812225,0.838123911579773
0.6000000000000001,328.7487432614658,261.52439602462255,301.4252989006843,209.47974009932457,319.6409284745386,91.94555880135984,297.08824424024283,92.37926426740398,173.4821864176601,343.0610236409228,0.7430589179773803
0.6000000000000001,153.19483046736178,212.46663987437688,556.6990714305024,575.8484252389227,113.52831186420563,158.21013741718622,340.584935592617,121.73517778210004,284.5046851536721,373.4123992641945,0.6935750153376271
0.6000000000000001,111.38527773016736,258.1684191457691,277.04727977800087,461.58814245806616,31.622091558988103,0.0,196.34015057521017,207.6674669545492,143.00736928915546,534.7437274079642,0.8148058900224419
0.6000000000000001,363.2769246663461,380.2093236974046,542.8629749957544,294.5211225402298,373.0258816842282,16.419296030117323,509.5112799345786,173.9419173190556,405.8644737444629,575.188464055048,0.7307335319298279
0.6000000000000001,496.46566299641216,569.6347290493769,833.0433668400495,374.5172195748044,317.6079459780541,33.06157799430257,648.2237259210796,294.844236539354,157.1779937434056,841.1732630681569,0.8564790564542399
0.6000000000000001,583.7246203026708,269.5916921076593,552.6629688207015,294.7926546307665,615.9584095764127,185.7838399959304,709.7294329182073,596.0320671162815,594.859929324509,563.7982778425396,0.7700590463593434
0.6000000000000001,805.8051074801241,472.0068202314663,850.8462811754143,714.4887553307685,824.3151788617502,232.6098970291017,811.3581288946119,724.9777957803567,725.5947981597442,647.235495977527,0.7756482476235791
0.625,0.0,10.700592481223206,0.0,0.0,24.29758593480761,8.045558256558813,47.46879371369699,19.38979539830673,29.28583205387407,0.0,0.8005819309581614
0.625,50.51447626088145,66.80946860310125,51.655125724836815,42.52993001319376,103.79910121994024,0.0,74.1422151571002,105.10270060731784,95.65160504883036,0.0,0.8128980651751632
0.625,95.2196685215562,155.86667849268937,50.024126058992,138.2906342016922,111.2505660616965,48.28583596427801,40.75324555385061,178.46444972397146,128.82661035269368,77.06419419898766,0.6954838140618056
0.625,59.90585945168944,140.8313187109892,0.0,148.81876663788114,80.71526326122363,37.41488765754638,54.65095949978687,29.42743973065446,110.56309498803031,88.9129071861917,0.7758876996063889
0.625,40.52469299912254,99.11461058821531,48.58080666762279,154.77503229785356,41.01294231236495,25.38896428860689,159.1692761170355,203.35583896547635,226.54768134449225,210.4354540074917,0.7731224978831928
0.625,109.42762387317458,109.9295854505744,87.34131446757966,146.82376138946586,80.56483317268123,120.47077857597198,78.5569868630817,76.29815976478221,107.16879677487503,131.7649140674693,0.746866289718287
0.625,184.97909706146748,229.59865561782783,20.98005733444757,200.0492790904369,283.96950842822724,16.547650855338958,212.4600172319411,119.67497493593343,258.26155084939705,72.10047872683397,0.766066759742033
0.625,143.8288359652905,227.16890914144005,34.61301426267497,248.33997611763937,295.7228403024663,66.20159038589306,214.73510790145,242.29109983872527,235.90617487764925,207.3420368938883,0.7246799131188612
0.625,262.71764906672394,417.7100696458373,240.7329085590484,316.21385096873473,162.68707975679976,105.1603420950485,286.5344512833726,349.1909617302482,0.0,243.66420729340507,0.9046080528567414
0.625,298.9758321928626,367.4404875324206,462.2377026179625,342.72839300157426,317.6111821669435,281.5558311301349,311.9395539139624,292.89908763609714,159.61582369104048,384.455372291364,0.6583114009953761
0.625,509.2378482056759,465.7715214132248,528.8403093081537,372.0206204883306,267.1900676359488,408.6686999407893,369.4637777358335,218.183914879754,26.42070844247021,341.33850745836514,0.776341465374525
0.625,481.1081550446355,520.5285625343264,521.872440062384,314.9153007415073,355.23162658323645,316.2591782695649,460.5020329477517,627.1428464268992,150.51428314245578,668.8030497966861,0.7272559392542147
0.625,297.770268656546,352.41551236023577,550.6202946075169,542.2845794662761,186.6274001066689,386.684563496448,642.3131611611657,549.2310087506434,0.0,604.8024430255821,0.8304329400969626
0.625,295.8231080733057,502.51384645025695,335.33042869547364,449.0344246324445,186.45528147291415,388.3280539203329,374.8377493176415,326.65809002231475,68.41511619936388,442.2892723310987,0.8279309788321849
0.625,382.6760868386375,460.12850388187695,555.9249144353576,303.1854482942601,261.40190752093343,374.01364545880153,334.2683261866128,524.3324811677204,299.61856066726875,447.3896194997652,0.7996387311804235
0.7000000000000001,27.481501521648536,6.292493339069041,0.0,30.17828438124956,36.98445064595689,0.0,39.03914234851008,66.13538917592987,0.0,0.0,0.7704524520487761
0.7000000000000001,32.899900502966574,5.769758670296378,0.0,62.239737145537525,82.61803372573323,0.0,39.77450657821333,45.42150442573743,59.53899904454772,16.818232719800083,0.773823689251259
0.7000000000000001,77.34761293534038,32.996304654627075,11.88935673790206,54.90478223907581,46.22154417206867,11.88935673790206,49.02689800910177,60.91625474700383,71.46972870536631,56.240665018615374,0.84300839117218
0.7000000000000001,12.893332143898236,86.0591085267423,0.0,68.19485314664239,33.3983904932303,0.0,6.524336747514757,73.32111773397541,90.2533250072875,0.0,0.7942752914371906
0.7000000000000001,184.08974219893724,75.54438664751204,7.156836629764272,95.22568737936386,128.42545730077046,0.0,149.6971661725699,59.44150423054238,184.88494626891105,119.877013548552,0.8717930001868117
0.7000000000000001,109.64996285491416,88.63010831553336,11.91847422336023,149.08927755766985,104.44917410290238,0.0,124.81893004828174,81.69572331285103,108.3497656669112,138.68770005364632,0.8279783055038491
0.7000000000000001,149.41722035372578,18.18181464522712,0.0,146.6200181006139,155.71092542322742,5.1282041307051065,105.82748524273242,99.06757979771209,97.66897867115613,115.61769312862396,0.8401205465089783
0.7000000000000001,101.74994702875068,181.1645398316779,0.0,224.18077759993025,122.43083057117958,86.30822065040365,221.6990715748388,150.28108707498396,233.280366358599,180.6130496038798,0.7201082914806091
0.7000000000000001,168.04762595296447,207.36311608274693,53.58040247775674,244.9389827554595,218.8446308994091,51.84077902068674,223.7155765792052,244.24313337263152,300.2590086902863,91.15626915046929,0.855418467053237
0.7000000000000001,193.01010658358325,189.19156130944756,17.009883493876895,286.7380360396398,66.99811253710706,31.242643152018875,197.87007329611944,82.27229363364964,372.1345939884913,149.27040617075676,0.7429115474876461
0.7000000000000001,196.1543304155584,287.4415380320297,0.0,420.22293092871536,301.39867308082904,31.309248893252583,219.5419621189518,83.74281029279608,350.8144755509024,266.3172255257388,0.7909549954879447
0.7000000000000001,315.053548357408,206.15111008590597,189.67509543966395,307.016468042168,361.266760170038,206.95481811743,356.84636599665595,467.75807434696793,135.42480331179402,222.627124732148,0.8064031178156387
0.7000000000000001,417.2138451537226,262.2361943830848,197.4432782416882,334.0337501073351,228.9641563645298,95.8760042903098,230.71531626024324,349.3563991948275,462.7440024422714,162.8578703013482,0.7914147153271924
0.7000000000000001,287.301850853934,586.3977021534317,143.41504541805566,283.52777071135364,518.4642595869843,149.0761656319264,477.4211380364224,520.823059676097,339.1954528144147,397.2219350065886,0.8611658390359279
0.7000000000000001,479.126715480785,625.8625591900484,255.07843798922136,563.2763032710435,559.0688238815306,354.4801385664644,698.4415786591466,327.1315225346303,520.149639528536,546.4463857129919,0.8573277901726684
0.7000000000000001,425.35315590362273,740.125439873485,241.41665605340745,826.6193892078124,558.9260903186598,432.4697466716369,644.3251795348312,318.60429438340844,538.1237480736951,535.3865977783049,0.7679619241896103
0.7000000000000001,548.8692287120828,683.8370718380046,346.41746402319967,703.5198822938682,751.3209934009656,537.6219084515891,830.05223522442,546.0573986469592,730.5134509190525,930.1533855428122,0.8236562398212448
0.7000000000000001,594.1307183923848,645.2202197807154,421.3448766183676,675.0702655356953,368.5332572057111,497.1180696887007,947.738952720606,641.2019443906219,919.611024989952,720.9934128510484,0.7732702025463734
0.7000000000000001,630.0974938678379,737.3352404203448,282.3321462907812,499.8369542701598,853.6609315959456,367.758825747863,609.4981527221586,982.1038822690048,896.0713398370502,689.472065405384,0.8459337956454407
0.7250000000000001,37.65972279097472,41.330526095510166,8.02138499879967,0.0,0.0,54.790138212140114,0.0,7.341606609070884,0.5438227117830284,0.0,0.8020356857007725
0.7250000000000001,36.255383651182456,109.1136466434948,2.89579741622863,0.0,38.10869399756877,53.63016814855423,31.04294830197092,8.4557284553876,8.4557284553876,0.0,0.6749855313340757
0.7250000000000001,70.9437735311133,44.22703438962534,94.23066102605888,0.0,51.98933022127387,105.06177148882426,26.71673914148796,48.19844155930598,0.0,0.0,0.5876111218770907
0.7250000000000001,107.48613489705912,104.60336499560545,18.32618008781277,55.59627667089265,70.8337747214336,94.92549461215376,50.03664900380339,116.1344446014202,21.82668639672082,0.0,0.7126861321557894
0.7250000000000001,247.7344877421484,131.6375137818058,145.12121745042828,8.684419311994134,152.4344126605286,146.94951625295334,104.44156909424524,45.47893271281138,96.67129918351364,25.367645885035493,0.6735959713104622
0.7250000000000001,237.47934206914385,24.113287040866915,69.66060700694887,0.0,165.1394809465431,166.11375517041654,82.8133090292399,90.12036570829048,65.03280444355016,2.6792541156518794,0.7093027214920566
0.7250000000000001,130.93682749832388,64.57855181470731,130.17408869736275,0.0,79.83332783392949,70.68046222239619,84.91825317367022,76.01963382912396,182.04032716271823,77.54511143104617,0.7076553032122223
0.7250000000000001,219.34917163394687,201.4131133636108,180.5367176719081,62.33515333297151,162.6006594015719,151.72141094251558,13.81958588042293,55.57237726382838,157.0140183009754,31.461610408622413,0.6613017649307141
0.7250000000000001,285.94432127443764,158.56309230763478,124.72745336332778,0.0,172.49541422587885,134.67911187635926,104.16069243639606,224.5757604440769,62.69544863209828,206.66277512062024,0.6970407997558266
0.7250000000000001,320.31117127063953,0.0,116.9508229988149,98.32808048308006,275.9890440831906,175.79868934853707,88.27179952458323,185.85497030703388,292.00460264672256,54.75086299626049,0.6985305504869367
0.7250000000000001,597.5075707329262,247.00278458869755,189.68494308981784,261.4353346064011,402.0496076360269,353.3912961477693,163.2939944860171,504.7268920476892,305.97006037531486,77.11105295173029,0.6602958514466247
0.7250000000000001,319.339538769543,434.3017727265785,589.865748041456,207.1145008591036,384.1198452056504,279.6501960938998,323.4453328394371,436.5827694320752,322.5329341572384,282.84359148159524,0.6377398121811124
0.7250000000000001,501.2456851300828,399.314183514291,550.2321834794196,199.9044983144654,412.6741376095648,582.3950359310044,211.28519995118003,278.0849704275484,226.129593390373,266.20945567619407,0.6936772724121366
0.7250000000000001,390.40522903409584,548.0190266786711,300.1920685401613,324.55999120231604,300.71053497978164,631.4921234575414,374.33276940586615,296.56280346281915,527.7988355334788,468.1751949771429,0.6921076263184149
0.7250000000000001,638.5835376145446,381.7560695059242,688.4477433224813,161.92462498706337,365.1346676032787,469.1524730585445,554.9403538463927,371.0325844074432,371.56875866236726,241.2784147158229,0.7118807359594138
0.75,32.77375750315183,37.10632246092456,9.922971354898849,0.0,2.725323118598979,15.723017991917189,0.0,0.0,0.0,0.0,0.7229381342830489
0.75,51.71685514305729,29.25060839273993,6.450704512467361,0.0,65.06314034126562,65.84167364449443,0.0,3.114133212915277,24.69062761668541,0.0,0.646684923867422
0.75,38.58279465706477,18.630321407616943,41.22709834072653,0.0,97.238258185562,16.34660458990906,38.82318590103402,4.327042391446517,29.44792738623324,0.0,0.7994628714863492
0.75,109.63624133735836,134.3198228767261,64.79440154084031,14.398755897964511,110.87042041432674,45.25323282217418,0.0,52.24691425832838,54.30387938660903,0.0,0.6721010296906184
0.75,81.2257353239282,98.37603721050542,70.74499528213101,20.961480083594378,83.36952305975035,116.00273637170976,21.676075995535093,85.75150943288608,0.0,0.9527945492542896,0.7468765154257375
0.75,127.17602062773632,91.6850381269727,19.717212500424235,0.0,177.2084473475628,66.79205734518709,58.6587071887621,116.08508859624769,126.92955547148102,24.64651562553029,0.746614055601163
0.75,169.52748797907162,132.29597524574697,119.8854710013054,0.0,72.47734478753868,57.08831952443115,44.42960519510077,44.42960519510077,89.85205072975685,28.047739592437917,0.7845071188452574
0.75,99.5094117640052,9.413052464162654,178.31010810685257,0.0,62.39509061959245,78.80069634284737,92.78580286103188,80.14541812344204,29.58387917308263,25.818658187417565,0.7869996350364286
0.75,257.20816809059244,132.8908868468061,157.6931030555418,40.7246266143438,129.52268464561976,139.62729124917877,59.40283882092254,194.13092686837567,151.56909905338483,35.82542341261823,0.8176575841878275
0.75,249.7089231390079,201.37816382178056,225.20791320735796,0.0,237.62623330970104,57.392776689207466,31.88487593844859,125.52572211557656,205.40572709821615,19.466555836105456,0.7769358346201123
0.75,336.3807525491999,227.35469005261183,222.51735622170523,135.07324466300835,203.9122261028336,264.5649502903552,142.88739931293443,133.5848342534986,294.70526108292734,94.51406100386812,0.8799640978999367
0.75,449.02908435269126,264.6681045271152,345.8387466985632,344.9752292286542,388.5828614590598,337.6353307344275,111.82551235321831,324.6825686857922,389.0146201940143,182.2021861508036,0.7443127844862479
0.75,462.594155350968,341.1282855857742,302.50120822749415,149.85444469115865,224.31628056254183,373.2399523053082,274.57801977572547,285.2819086822368,344.3859909051472,186.154589678458,0.8359850344379479
0.75,735.2684698776736,594.3165889301694,676.691064808581,573.5704246348657,735.8786511804767,737.0990137860828,457.6359771022865,561.9769798816078,500.3486682984999,333.1589913304646,0.6980231980787931
0.775,0.1629397573989205,9.45050592913739,1.9552770887870463,0.0,49.859565764069686,35.2764574768663,0.0,35.113517719467374,11.405783017924437,0.0,0.794170412386412
0.775,13.181275365579932,7.589219149879355,16.77616864710173,0.0,24.605047349082543,24.605047349082543,29.47812490847876,0.0,0.0,0.0,0.8575612771594665
0.775,29.40582516264617,6.728451520266497,11.712489683426863,0.0,63.17268371805767,24.54638795356481,0.0,0.0,0.0,0.0,0.6707376020304907
0.775,60.78235358382605,156.91330996108286,52.59182366827502,8.190529915551028,112.94309673022995,13.36349617800431,0.0,0.0,112.51201620835886,63.7999172369238,0.7658008913483078
0.775,165.75520370935095,158.35748192594895,49.00990681503822,0.0,159.74455476033685,116.74529689431274,38.60686055712916,48.77872800930691,127.37952195795312,0.6935364171939371,0.8166201009526989
0.775,56.768920222146,0.4730743351845499,86.33606617118036,0.0,75.21881929434345,30.98636895458802,17.0306760666438,0.0,56.768920222146,0.0,0.5921036160172103
0.775,52.46934715387709,22.7367171000134,0.0,0.0,37.97781317804437,120.92935248798338,0.0,23.98598727034381,36.47868897364788,21.487446929683,0.7807649968566576
0.775,238.22742177850012,51.18271941472838,148.1887111850513,33.76451647254333,166.14285883314972,117.63986294798826,1.6078341177401585,78.78387176926778,63.77742000369296,47.96705117924807,0.7010994317369557
0.775,152.47703890787778,76.98158494569269,95.11238294448516,0.0,140.29076484311565,126.61835979484589,27.93926248994252,115.6209905168898,35.07269121077891,79.35939451930481,0.7785889906580162
0.775,70.10895511269585,276.6554356162753,152.93375012328264,158.77616304934062,122.69067144721777,82.13745231340349,51.8943736373386,308.2731996867068,129.90776976764235,197.26735409160503,0.7848004992614096
0.775,477.87458589917816,269.5162051099513,342.06203809729345,179.25569197453726,557.1688684667381,380.86562318354623,168.28946140668322,395.6278566402728,262.76775552973345,76.7636139749783,0.7505763623034478
0.775,506.3038269102622,313.7352773589232,242.33345561516825,182.1828300249747,320.2263520629009,327.58290339407563,86.98040103330146,374.7513795763137,320.2263520629009,266.9995394902836,0.7800163289897128
0.775,436.4440293912487,417.6924062165441,300.4947613746406,151.88814771510692,271.89853603321615,317.8400128112423,261.58514328712863,184.70348827083996,243.3023106917917,101.72755572277224,0.7432506499920859
0.8,1.0741365456332608,2.634461211921576,0.0,0.0,0.0,2.4874741056770246,0.0,0.0791469033624507,0.0,0.0,0.6996356406518467
0.8,21.583439028043752,26.806477654047224,3.149185053913857,0.0,12.059074474743309,19.81682302218964,14.593784396186168,0.0,0.4608563493532474,0.0,0.6539480749407497
0.8,45.17921679845297,53.47744029204637,24.36779914785364,0.0,25.289823980475127,5.9273024954238585,3.951534996949239,0.0,55.58492562375263,0.0,0.716836795503978
0.8,97.49410558129333,105.39418043502612,0.0,0.0,102.16233163122632,52.96641095116304,39.320827112897305,1.0772829345999262,0.0,0.0,0.818119397966457
0.8,72.74320520320335,108.8831415461961,0.0,7.64498653409462,101.70148752931934,132.51309992430674,16.67997061984281,81.54652303034261,75.05986778929262,18.76496694732316,0.5554853576353355
0.8,101.22466035670035,83.65265330211423,0.0,56.18092396325423,59.398333705643246,157.65307737706146,9.899722284273873,50.98356976401045,76.47535464601567,60.140812876963786,0.7661051061449736
0.8,6.622579984220756,76.66909904809413,69.02766060476249,0.0,167.85693113851838,191.8001049276242,77.94267212198274,123.7913027819726,65.97108522742984,0.0,0.6122088176811413
0.8,164.452852417923,157.99316590723535,97.97191207876264,3.2298432553438228,166.87523485943086,15.072601858271174,48.716802434769335,200.25028183131704,128.92457660914093,0.0,0.6777810314497189
0.8,218.2707473294485,204.412287181547,101.05127191178173,115.19844997943116,214.22869645297723,152.73177954666434,0.0,114.9097320596832,151.28818994792462,27.716920295802986,0.6758760200245967
0.8,292.3365366088094,263.99082102641324,25.95511306339897,56.349916519221445,266.7229381909815,354.4922021027386,15.02664440512572,110.30923051944563,106.21105477259316,140.70403397526812,0.6726707476771713
0.8,374.0896816007074,157.37565915615966,222.24244138445965,75.18649758280226,334.65362649600223,307.3800930591034,220.0310738084949,159.21846546946364,64.4982209656392,223.71668643510284,0.7794283508112826
0.8,329.84600546472524,366.7753292317682,275.7109740334917,79.73376722429744,276.9699282528227,389.0168537732828,249.6925868339841,356.2840440706765,378.525568612191,175.41428789345437,0.8117501077791811
0.8250000000000001,0.5058336260225467,0.0,0.0,0.0,0.0,2.20467108700393,0.0,0.7921545464126676,0.0,0.0,0.8039508754921074
0.8250000000000001,14.856696957065612,41.07439746953434,0.0,0.0,14.157558276733113,28.48990122354935,0.0,30.15035558933904,9.088802844322492,0.0,0.8185715067912563
0.8250000000000001,21.69631552353787,46.35121952755818,0.0,0.0,20.907358595409217,31.75551635717816,0.0,36.09477946188573,0.0,0.0,0.8427680870470821
0.8250000000000001,40.361229305679046,3.823695407906437,24.358355931848408,0.0,56.93057607327361,39.51151921503318,0.4248550453229374,17.84391190356337,50.69936874187053,0.0,0.8122422199502585
0.8250000000000001,90.80743051450273,48.65484548554837,0.0,0.0,46.18847082959892,80.04506837945056,0.0,0.0,0.2242158778135869,37.21983571705544,0.8182860391249174
0.8250000000000001,142.1191827532193,82.14690350629341,142.87513585297046,0.0,156.2303072819077,157.99419784799375,58.46037304742353,60.47624798009331,27.21431159104199,25.95438975812338,0.7839049382953681
0.8250000000000001,74.32265180518392,196.3682695063281,127.52202362363136,43.02890367668543,48.766090833576826,108.48499351212811,53.72093428725576,96.22827549513288,0.0,33.37999800373173,0.8528387046016991
0.8250000000000001,242.4641642151128,163.55409275321233,146.07919803500604,45.59855340531964,110.31027290867743,159.18536907366078,89.01274497086348,240.55284760530895,105.6685039991539,93.65451388038704,0.7683696742742165
0.8250000000000001,145.71200007903764,179.4497086801721,65.73036330910679,0.5816846310540424,156.1823234380104,114.59187231764636,115.46439926422742,14.25127346082404,0.0,15.705485038459146,0.7290972393392984
0.8250000000000001,161.1200487240509,175.9523997798751,165.19167450408108,0.0,243.7158859760914,152.97679716399057,119.53129968517132,54.96694803040726,141.92524147533723,36.6446320202715,0.7751301451127306
0.8250000000000001,352.0378354186992,227.49275254050903,336.9196461675893,66.59202408226926,241.89102801775647,173.1392626139001,323.24128446420434,377.9547312777445,102.2277558884566,266.36809632907705,0.8155591838046619
0.8500000000000001,4.399348407676963,1.1325055306891192,0.0,0.0,4.254155390921948,3.470113100444865,0.0,7.550036871260794,0.0,0.0,0.8307699236379601
0.8500000000000001,42.44059533134189,26.98729149037835,2.1276287896978787,0.0,0.8958437009254225,59.34964518630924,0.0,0.0,0.0,0.0,0.7391886013261659
0.8500000000000001,18.26620921772879,14.449389381188444,0.0,0.0,33.53348856389016,0.0,0.0,0.0,22.90091901924206,0.0,0.6715215729350646
0.8500000000000001,90.73904566641474,0.0,0.0,0.0,25.213204211860923,9.971323699606014,0.0,0.0,7.40726903399304,0.0,0.7412353334819605
0.8500000000000001,99.13055597588584,99.13055597588584,91.1824490379529,0.0,56.07831006208242,94.49416026209164,0.0,61.818609517256206,27.376812786213463,0.0,0.7179860514024936
0.8500000000000001,128.39859876177275,0.0,2.802350369800596,0.0,78.46581035441669,41.52573729795428,82.79671547138123,86.10858409023649,38.72338692815369,0.0,0.7669067285683617
0.8500000000000001,51.863149571662255,148.36473136172037,30.1889975118631,54.44340576925739,52.12117519142176,205.1303677088134,0.0,212.09705944232024,21.674152059799148,122.30414376600947,0.6939292630600354
0.8500000000000001,188.69447947367237,147.18169398946443,177.64237424735725,0.0,25.338972957893144,92.1907313999942,30.730243799998068,99.1993834947306,118.06883144209785,11.860795852630831,0.7702877045398445
0.8500000000000001,84.86320582426077,152.01086026433242,122.5801861905989,0.0,152.01086026433242,102.86449190819486,54.28959295154729,90.86363451890549,123.43739028983386,42.86020496174786,0.8082784800995814
0.8500000000000001,268.151021477002,149.73057037386354,137.6405243188311,103.23039323912332,178.8706813783008,244.9009329096319,56.420214923484814,113.46043220876618,192.82073451872284,126.48048180649344,0.8081029387883395
0.8500000000000001,256.95518548502145,235.37094990427968,136.01494485007137,19.185987182881604,87.70736997888733,131.903661882311,103.46728802196866,168.9052085921541,99.3560050542083,87.70736997888733,0.7629871175147199
0.8500000000000001,409.624893625317,216.72674427267464,338.51734053061745,121.03413292714814,271.5703357552886,135.02870454684967,196.6804660066157,126.70760790810822,113.84773128459872,130.4899245620816,0.8109797711512089
0.875,0.7490800648489334,1.3713927341080476,0.0,0.0,1.3713927341080476,0.8988960778187203,0.0,0.0,0.0,0.0,0.7591780414892381
0.875,4.221473511661332,3.0985199666873813,0.540681336468939,0.0,0.0,1.9235778316683405,0.0,0.0,0.0,0.0,0.6442061519066969
0.875,9.766094630326554,18.7130974529483,0.0,0.0,6.237699150982767,0.7560847455736687,0.0,4.599515535573151,0.0,0.0,0.7660071097819021
0.875,65.99749997139935,32.41727421502655,0.0,0.0,42.302362316469626,51.16986781923474,18.897962546876464,9.303612330769951,17.008166292188818,0.0,0.7041330582807395
0.875,83.07845883867851,100.04973934074316,0.0,0.0,28.60872998919474,37.98334207604952,5.980355986441838,28.60872998919474,0.0,4.202412314796968,0.8168146734416963
0.875,197.20012292942135,38.68639354284191,150.47499826079414,40.19365562892665,111.03497367490988,91.44056655580812,0.0,76.11673534727984,74.86068360887589,0.0,0.6792198263610595
0.875,72.67622298165678,100.7918420913488,121.21545219933266,0.0,90.18217450278578,157.55356369016104,40.84722021596768,83.81637394964797,13.527326175417867,7.692009001708199,0.814675796299871
0.875,270.654428292244,185.65551692773764,186.2147202919778,43.897464092853625,105.9690375235129,138.96203601368313,28.51937157624885,45.85467586769424,90.8705466890282,136.16601919248225,0.7619973069064581
0.875,179.9337469881687,139.59883709097986,59.78720686888276,0.0,127.01205669753084,182.50831570501052,58.64295410584195,29.17844545754087,14.303159538010233,8.58189572280614,0.769470459507851
0.875,159.4073567820632,166.83604913695547,69.02493313087398,60.35812538349966,197.47940510088603,185.4077800241861,91.62053904367129,97.50158715796098,99.35876024668406,0.0,0.7815970529331728
0.875,170.10179075637126,178.88804027891112,185.91703989694292,46.39139747901034,128.63069300998322,307.8701832697959,215.4388382926768,182.40254008792704,216.8446382162832,172.5619406226824,0.7742302828570464
0.875,298.01512829671793,294.5896670519281,125.21963883731826,0.0,261.47687501895945,263.3799090438427,181.168839168886,259.19323418909954,279.36539485286204,43.769782572314895,0.806100404412528
0.9,1.99311170154626,0.0,0.0,0.0,1.1180870520869264,0.0,0.0,0.0,0.0,0.0,0.9328934958558044
0.9,0.0,4.561786811236756,0.0,0.0,0.0,0.0,0.0,1.373576691781233,0.0,0.0,0.8541271437405197
0.9,11.345724385193758,0.0,0.0,0.0,20.320700391391803,19.21999578685808,0.0,0.0,0.0,0.0,0.7746506730522527
0.9,0.0,45.6913983411273,85.30004086594354,0.0,103.4068488772881,73.27598867091004,0.0,19.521402387230857,24.472482702832888,0.0,0.8533005657215675
0.9,117.68716872589836,146.55383275300554,62.779947639372885,0.0,171.58506589539215,58.13705762102699,45.419576266427335,44.61211713280196,47.23635931708442,0.0,0.8166769104385385
0.9,184.15444008151087,151.67129596943977,90.4530628351519,0.0,65.46602890278949,110.69256032036544,15.991701716711937,84.2063043520613,108.69359760577645,14.742350020093816,0.8756096508104042
0.9,160.0402241415737,238.39901900673863,44.85556455179054,0.0,173.60764798748565,108.81627696823264,37.10275092555514,178.0378272024773,60.91496420613531,116.845976795405,0.7901426198404511
0.9,126.9124120807002,28.264336314915766,19.397093549451995,0.0,123.0329933708098,0.0,108.0695212040897,0.0,0.0,86.17851562685101,0.2
0.9,367.12769638970303,215.3345142285758,117.96330629188374,9.119357843013455,196.50745287525768,79.42666508431074,183.2696753612059,115.0215779554278,172.3852805163189,145.0272069872785,0.7462075837299877
0.9,204.6778064673923,29.32789082111956,85.20524070135787,31.797607942898047,104.96297767558578,36.42832754623272,175.96734492671732,0.0,9.878868487113955,1.5435732011115555,0.9216214609656732
0.9,177.30211628517915,145.93582010809905,85.18425698617546,61.081734660629685,217.252872468618,31.696467715786213,50.51624542203428,143.9547908758624,113.90918085360671,108.29626469560291,0.8029645207942347
0.9,267.2070440583505,189.8971408616929,203.78290017371395,121.59421667823814,298.7314706045604,284.0951297081058,198.52882908267893,324.25124447530175,296.4797258512597,148.23986292562984,0.7992385286417918
0.925,0.0,1.4247559943897747,0.0,0.0,2.600179689761339,2.7782741890600606,1.294153361570712,0.0,1.555358627208837,0.0,0.9222610324862429
0.925,0.0,0.0,0.7523528172505589,0.0,0.0,0.0,0.0,0.0,0.0,0.0,0.8354936323854438
0.925,30.404714883699484,0.0,0.0,0.0,24.224084317176967,0.0,0.0,2.492189744565532,0.0,0.0,0.8937794547373227
0.925,32.555885217483485,103.90499814738888,33.46866704601106,41.37944289325004,59.33081885429233,18.255636570551488,72.10976445367838,102.07943449033374,13.53959712315902,0.0,0.8558961911295351
0.925,77.72433993818272,90.89795687685776,99.5549051508442,11.103477134026104,100.87226684471172,108.5882424802214,0.0,61.16322150099124,51.56530058852801,0.0,0.8011022025584686
0.925,71.55390088701003,111.53241490573092,129.61187028999328,28.51970426813211,196.8368874934475,207.2771363773173,185.3780777428587,121.97266378960072,178.50279189250543,120.19018227284246,0.8768566190245626
0.925,157.45656327910416,82.4772474319117,29.15862282946373,63.03816554560255,59.42805033814513,178.56185218423985,44.98758950831547,138.29518256259942,184.9489790897414,119.68920418570352,0.786039425613288
0.925,29.686640872323075,149.00410130146773,17.697805135423373,0.0,78.21288075977427,119.88835736899703,85.63454097785502,160.99293703836744,95.62523742527144,93.34164966586198,0.871715360556165
0.925,268.9401289304946,144.86024861765725,140.94510676312595,27.40599298171893,106.00999483038534,214.4293077250976,149.0765552302294,162.93013410010926,124.68220982891911,0.0,0.7682652868439879
0.925,158.0456874828211,230.02689168291784,145.84017894454385,117.04769726450512,247.8657118542462,215.00472732811508,163.36603735848044,66.97381608182914,37.555410887007,54.76830754355187,0.6706536051478579
0.925,201.63421748628053,266.3223282156675,126.62353589582123,0.0,95.311737617235,182.021332850243,110.1074225181054,119.39773629307057,195.44067496963712,151.05362026702585,0.826121487459213
0.925,228.0238683916796,255.1605932250696,169.6045302086873,151.89027927577993,180.91149888926645,163.1972479563591,198.6257498221738,231.4159589958533,157.54376361606953,178.6501051531506,0.8595226246580455
0.9500000000000001,4.904028650519049,0.0,0.0,0.0,5.348726462656796,1.8034966825586427,0.0,0.0,0.0,0.0,0.756999965802185
0.9500000000000001,2.441314769748561,1.0031144845996565,0.0,0.0,1.9578861024716183,0.0,0.0,4.423372305584028,0.0,0.0,0.5996263281319643
0.9500000000000001,11.899372282191006,25.694219795173492,0.0,0.0,60.76051156481602,9.16146361549219,0.0,0.0,7.4765967436775345,0.0,0.6503134556817807
0.9500000000000001,12.440701595812966,0.0,0.0,14.151298065237247,47.27466606408928,0.0,19.905122553300743,0.0,9.486034966807386,0.0,0.6926939002122696
0.9500000000000001,63.21591192512313,106.44324501531015,39.489631356824994,50.86524532792684,35.9144383944787,108.39335026749906,0.0,74.2665083541935,38.83959627276203,0.0,0.6495813437221375
0.9500000000000001,252.78585752840036,66.22989467244088,85.44161984459932,32.86216147869204,189.33660728877183,141.0545085008474,118.05099546576297,38.67623620184525,154.19937309232418,8.594719155965612,0.6749216206625076
0.9500000000000001,176.2861735408783,204.4139832211764,128.66384229997757,1.670958990908799,137.85411674997593,189.0968591378457,93.29521032574128,11.97520610151306,107.77685491361754,24.78589169848052,0.7543689764892827
0.9500000000000001,141.07618797533115,236.0032295736389,118.2936979917373,0.0,151.00701694253874,127.0561941392734,16.648742680318584,66.59497072127434,143.4128536146741,46.14914637702344,0.728255502157546
0.9500000000000001,208.34402573659577,214.07826497705253,170.43433298024271,3.1856884669204244,193.37128994206975,133.4803467639658,232.87382693188303,222.6796238377377,203.24692418952307,114.0476471157512,0.7667007536039919
0.9500000000000001,202.64804331709632,95.1592215888393,143.84533495987336,148.271345266331,282.31622883333387,133.41259638036607,48.68611337103406,128.35429888727165,221.9328025095189,39.83409275811878,0.7121218922267993
0.9500000000000001,306.175932925872,296.2420671994242,227.41456895189327,65.63446997831554,232.7362827339189,172.7783074564306,52.152795063850725,134.81674914464813,317.8837032463282,66.34403181591894,0.6833471775309519
0.9500000000000001,336.2341814248936,207.0262863795196,95.43764974942393,96.90592128403048,310.17236168562783,111.58863663009568,138.75166002031634,65.70515117364187,170.31949801435655,201.52026812474517,0.6767435008733523
0.9750000000000001,1.8809539566529243,3.461878447827468,0.4269650085653877,0.0,4.627377525262715,2.8502799220446158,0.0,0.0,0.0,0.0,0.6639971565357352
0.9750000000000001,0.0,0.0,1.8017583953401648,0.0,0.0,0.5812123855936016,0.0,0.0,0.0,0.0,0.6578361677965343
0.9750000000000001,119.07643709203852,62.64210671666481,36.6823147439929,0.0,97.06704824564277,0.0,22.43264632421105,0.0,23.13807545390322,0.0,0.7410251383843576
0.9750000000000001,67.41140325485506,10.94848776760987,0.0,0.0,29.71732394065537,41.76066048502622,33.78390511148189,0.0,50.51945069911413,0.0,0.6801452528853709
0.9750000000000001,48.65745874180233,79.6072980047842,21.55710197421622,0.0,33.41350806003514,50.19725173996064,8.77682008950232,28.948108365376072,68.21282981841276,9.08477868913398,0.7677923478743813
0.9750000000000001,177.20257362160203,82.22799255501701,56.98474863995101,93.47498241816524,150.7096641661862,79.7286614743174,59.98394593679053,140.21247362724787,134.71394524970873,41.98876215575337,0.7568352182932528
0.9750000000000001,134.15994916203525,102.54438737180152,15.395404002200763,0.0,47.560801649655936,89.89816265570805,59.65719050852796,119.58929894566666,12.646224716093489,60.48194429436015,0.6923734947121396
0.9750000000000001,157.36879449143515,66.4573885329461,53.22344969088756,0.0,282.2281305230308,63.29275098375819,109.3238426083096,83.71904789215287,68.18355446886677,134.64094300181287,0.7326911868118273
0.9750000000000001,209.6184725516744,159.01058417848444,122.47707896233548,11.37928850994804,131.16127282519054,262.9214555719573,78.15774476569574,71.8691905891455,8.08528394127887,67.07791121653581,0.7103463929033211
0.9750000000000001,204.9284901200437,66.36364897440696,75.58082244307458,48.5437802683162,165.29464420477288,99.5454734616104,89.40658264607603,132.7272979488139,64.52021428067343,145.6313408049486,0.7206441672448837
0.9750000000000001,398.8077376203406,231.48044472159071,203.3721050053976,1.3227453984090898,305.2235006828975,171.29552909397717,200.39592785897716,64.15315182284087,380.2893020426134,0.0,0.7774581978423989
0.9750000000000001,298.49727271210946,409.9798307688218,213.88673190685213,140.8965228860079,186.2884439188712,303.2180324995273,95.50460185314452,338.4421632210292,176.84692434403564,213.88673190685213,0.7092561377136692
1.0,0.0,1.7881392629247843,0.0,0.0,1.0907649503841184,5.292892218257362,0.0,0.0,0.0,0.0,0.6593657632027403
1.0,0.0371661484843417,0.0,0.0,0.0,0.0,0.1207899825741105,0.0,0.0,0.0,0.0,0.7513962781190606
1.0,0.5097367929376124,0.0,0.0,0.0,0.0,0.2239752575028902,0.0,0.0,0.0,0.0,0.6842951858258842
1.0,28.09514081433027,0.0,7.048258322758814,0.0,3.426236684674423,9.10400033356347,0.0,0.0,0.0,0.0,0.7677838264515061
1.0,97.59084769393684,65.11000324869038,13.644920954167462,4.152802029529227,80.97963957581993,48.20216641417853,32.480844445246454,0.0,0.0,47.16396590679623,0.7193182338454096
1.0,51.64123004184103,121.12215773449988,115.2538361388361,46.47710703765692,4.694657276531002,138.49238965766455,45.77290844617727,86.38169388817045,122.7652877812857,0.0,0.7245823428269337
1.0,241.8743183726328,71.72638649623224,50.42418900299033,7.280497877437107,105.97169132714012,68.49060966181575,0.0,153.69939963478336,19.414661006498957,84.93914190343291,0.680413349958925
1.0,69.55433334424205,207.21395142138775,71.00338195558042,26.9523041708938,80.56710279041371,111.86655279532263,128.96532640911548,62.88870973208552,96.21682779286816,35.066976394388696,0.7223461794406095
1.0,264.0484918186757,202.43717706098477,141.1293663168784,68.28840305655406,177.85335196062525,142.34338237121713,20.031264896589192,82.85659570861894,153.57303087385048,149.62747869724956,0.7588320717204813
1.0,254.03271805220325,207.931661584657,202.5267101367378,2.861444884192528,305.22078764720294,0.0,256.8941629363958,149.4310106189431,79.16664179599326,108.09902895838437,0.7386448209277179
1.0,275.67562135758584,67.1730705841162,281.32880056515995,181.56681454914585,167.60013650690382,54.869092308807794,130.68820168097858,75.15402946539736,246.0795655061683,47.22067338091338,0.6836524270718239
1.0,211.172491010623,156.29542920194135,53.48776910466437,68.07534249684556,119.47917254548403,247.64142449107595,52.09847640064712,4.862524464060398,79.88433048099225,0.0,0.6528426139913172
1.0,338.138194889971,273.84158509416886,326.9056546244393,171.97406475503678,354.01868285158474,317.9970882069486,172.7487227043838,257.57376815788166,156.4809057680965,281.20083561296553,0.6228825085061392
1.0,282.9888892449296,284.63656836717075,307.2921562979876,56.43300993676179,121.92825504585028,151.17455946563194,81.56011655094039,95.15346930943046,226.96779908872804,123.1640143875312,0.6944129552537467
