frequency,465.9439807808677,466.07902865764936,466.2140632232948,466.3490844737525,466.48409240497125,466.61908701289957,466.75406829348617,466.8890362426796,467.02399085642855,467.1589321306816,Max_Oxygen_LifeTime
0.2,0.0,0.0,36.210087097247055,3.8574319588128585,33.472554739379355,0.0,105.2705624889032,38.32545301014448,0.0,0.0,0.45973694591830416
0.2,0.0,0.0,0.0,60.16216734003228,29.291784098498933,96.1191478202275,134.18092715780037,0.0,38.58797905191609,52.44457152964953,0.971616363897645
0.2,0.0,122.5469750692866,191.78495405124,64.99025021005447,133.59106987622283,257.6247500156753,353.62342026059326,95.78628380632342,95.57389736772892,118.29924629738774,0.9117780783164717
0.2,122.09000517373111,295.38773878677574,225.314005132979,283.52910693767234,222.07983281049545,325.57334712994964,268.7058171262918,183.539279300908,322.33917480746794,213.1858589236693,0.9391676774955388
0.2,18.893004734258643,0.0,140.91032697634554,127.00297626918152,146.94559237756522,285.7566966056606,279.19662551737747,132.7758388268739,161.90255445885612,145.63357815991108,0.8415457954533347
0.2,210.601064445833,77.04916991920659,183.7765386221084,188.3424153580616,225.72553113367707,204.32298393389704,145.53732095850344,46.80023654351845,218.0206141417568,337.589511164527,0.8653322467273351
0.2,0.0,146.81629510984905,263.38717320136067,184.9381228100462,313.481145137982,295.5229287833446,307.495073019771,216.75882196475644,167.92507573723202,216.4437655374827,0.7316352996703497
0.2,81.55374593375012,58.996326845689055,250.5608704858167,178.37712940403108,349.46647725653423,391.8050176987356,316.84497888303605,445.2487490765992,147.8378543309671,198.15825075817364,0.6677301296999959
0.2,42.62683565637321,11.136740847158292,410.5233091591221,114.05558729677983,197.00510533080296,371.7367289672868,339.47858306516844,378.2651632570036,34.17827363438865,251.15270738079263,0.7000370427067865
0.2,245.0572365801108,283.43969532157473,408.70991780744754,198.6608578816403,304.95074362722835,536.9326371195892,525.5444350754195,311.2775225406576,125.27022248587566,352.6124781083875,0.6751327152436368
0.2,242.1806403928725,208.36673965877213,388.8598584421371,383.8334677924748,336.7681735274433,587.1738168015847,217.04868714455492,163.58616841631635,476.59322250899305,332.65567208681193,0.5234310677705861
0.2,131.58906893000454,17.476673217264985,527.3843153210352,336.16894953212005,281.68285067829106,561.8236419550583,603.4592457961936,396.8232859920476,444.62712743927466,395.2812265905238,0.6944522570889506
0.2,0.0,133.913849736348,386.24738477674833,250.1200829786396,291.6223091365964,636.3674677553879,675.6562418515914,339.2115284643934,457.077850753,271.1478775653409,0.6630253734709786
0.2,212.39214021406903,350.17627650024554,555.348287301937,480.1386059230184,709.9793922169973,848.3652059542079,790.6041706551991,297.22866080948984,521.0526725931554,987.3526971424528,0.79822163316433
0.2,798.5223271517704,302.79757368654333,888.7730078617983,493.76278214544345,751.4350154769728,988.8335451707442,1183.7226962692116,762.552852955748,755.3589581165444,572.2416349367743,0.7036243975064377
0.2,389.0807964024997,842.6420261071044,587.6512216851329,891.0023510836904,908.587923802446,1080.0472578103254,1057.3325597152664,770.1015386422375,630.1496890887972,1025.8250752608271,0.7339582087744879
0.2,481.9297100509973,846.8309576275532,791.5675170146212,536.3804530078528,945.1673740123216,1219.0464841087576,981.7387685355916,695.6691935980654,646.0946365776458,466.4884545856185,0.7500676178642665
0.2,1221.3984142110746,513.3149818293942,1351.5474255614376,458.707005039035,606.1485423730073,1622.7670436202318,1743.8147255055349,818.2095189089154,627.0816001426518,596.1370799614434,0.6612667032813783
0.2,897.4435427705985,1121.8044284632465,1893.7760067232705,1206.8701671144927,1694.9348426259926,2341.434456375435,1837.419954866824,495.5079276434829,917.646655700277,1097.3480286010215,0.5525249130712094
0.2,1369.388569432446,753.1071736102474,1872.5908100579145,1337.7264059773647,2130.411283906464,2724.076848689324,1716.5415758864222,1036.9358531540531,2538.6270341666805,1156.7997576625887,0.5601010204217014
0.225,51.05864139917273,31.168327279815745,220.8440031602762,140.4625275439088,170.4005261153105,214.28225004873696,266.161110586852,125.90363782767972,166.09437563586278,222.07433186869164,0.8247662403650454
0.225,115.59491394100247,178.84964152674465,206.88016786866083,264.4295670839244,276.58439709059644,336.8624316134796,240.6160225810573,295.6848442439389,199.1903774562773,142.6332092619679,0.7810588398643363
0.225,116.77248904286483,231.64844114071815,314.825132871948,130.86104920580942,287.73174794320977,375.5143151123249,252.51034753585003,295.3178957232575,293.42135877824603,198.86544537694544,0.8336496532846075
0.225,122.09000517373111,295.38773878677574,225.314005132979,283.52910693767234,222.07983281049545,325.57334712994964,268.7058171262918,183.539279300908,322.33917480746794,213.1858589236693,0.8326921862102807
0.225,288.0461281357467,110.85783822708358,376.79381580230375,375.2583886800461,218.33773678519657,377.1009012267549,276.9910528554834,271.1564297909017,318.4475851564721,257.64467111502324,0.6972630871582721
0.225,268.80775684302364,174.82362669986392,267.82190932403927,297.0687190539057,257.9634341341976,420.9568906062533,582.6358837196617,316.785669433589,337.159851492596,409.4553362181037,0.8245197440059927
0.225,251.16542316675535,328.65998899231033,332.8114835901088,270.5390646231441,281.26375900078926,513.7474564774565,194.7742882133393,109.32269107533892,218.9913400338246,77.84052370870637,0.8684417707442
0.225,15.230679711360064,232.17499560001855,337.6753136006687,377.42367284739305,595.8539087078912,521.5579101158847,348.8197133894718,300.15583431170745,430.9167918336379,205.79991609985797,0.7852449718092277
0.225,386.9749520781229,113.7447296380242,425.4295759770998,318.9709856041435,484.1234756123795,591.7964225295169,410.8572974469638,197.5353311863234,317.35184354523983,330.7097655312,0.7001181046785798
0.225,73.36625749432247,132.94855145940974,522.9013261413606,333.03834462574565,639.8426941474635,545.5781693668772,376.1688111527128,613.1640550586195,316.58651718762843,286.7953702050833,0.8729390368811302
0.225,270.2881325229966,213.7603860023705,744.3611663682575,334.4162483237106,426.5707258447324,852.6664286094573,554.8269574461572,298.789517323315,484.998564685382,444.1465798049264,0.9409197834843136
0.225,146.01037046409965,305.05738114820963,634.6236459100386,130.88786780888864,783.762810026941,615.8508839932256,828.0873867749754,429.6876616514998,447.4174923507108,776.4622915037404,0.8786739544765398
0.225,349.5544257762992,499.1233868055799,467.7531178256595,347.8738756523743,974.1588885015792,806.6640594837693,836.9139617144126,551.7806240218865,556.822274393661,592.6740103707156,0.7488796733202973
0.25,22.49523159405233,154.594889465508,265.3161002901348,144.06520659169644,149.96821062701483,159.85973090241382,265.3161002901358,144.86290983971298,206.4456005865516,101.6273937972443,0.8907084191471129
0.25,128.31676883953517,234.57002086503223,159.2831082276586,227.0219756391784,99.6729049055214,334.8235446340824,191.02360610048487,260.8914093449389,142.25162156419196,101.41476149610368,0.9102083319707164
0.25,86.67373880831484,309.0107209687758,272.50411902505647,198.78433574515705,102.68953837072132,280.7475452704115,233.17119951150028,139.90271970689986,190.06985657149696,157.09615159007222,0.9443221441693939
0.25,278.023048027768,199.41144161086777,245.79228939683844,371.5708596638767,320.7353541809487,330.4307856390324,142.0249689265327,207.53464094061505,149.62409088016653,224.56715566427684,0.843301338754155
0.25,211.5754006898053,179.29621334461913,384.1223294077039,247.9628482425599,461.88582619383226,393.2191912958935,330.4214995516246,201.01130301319915,291.6864747374028,334.823206916876,0.8709211639441403
0.25,140.20068606213292,201.9631028295928,369.3392522694105,271.4458216929859,155.64129025399737,342.16378889172773,444.0717765580373,275.76919086670955,250.44659999205103,247.9761033213515,0.8162583665516217
0.25,279.2943349577236,285.5521089721048,210.1294642724364,196.29649013538116,408.73145009732673,273.0365609433402,448.25423334606194,303.99607448818284,279.2943349577236,335.94365761424183,0.8839646218926953
0.25,336.22029347504275,327.49673991461,304.9608932168231,347.488216823935,433.26982683486494,755.3143457742052,537.9524695600703,323.1349631343924,207.1843970602972,192.64514112624173,0.8620823431292292
0.25,199.0428914245631,264.09213382749994,441.322105643892,315.8978178969078,451.0600161832551,753.7142757466313,559.3455813809629,469.3672879972577,349.39623015231564,265.6501995137999,0.920458161603352
0.25,236.12516645030888,416.1706058686683,568.3870078125275,511.0423245317396,438.0965141819116,605.4923911118622,460.0224224951549,561.6405744853784,438.0965141819116,630.7915160886828,0.8298172285604452
0.25,280.833417121991,334.9592889843646,667.7003045317483,295.4740218060756,683.6718732780228,767.5226091959643,683.6718732780228,574.0891654910856,487.5765014487674,584.2932233012053,0.8914172453042928
0.25,463.005773194902,685.4207365581565,518.4899360984253,647.1557966246946,384.08433458213545,571.5825402561026,678.2460603206339,302.771337223526,284.1171790059657,562.0163052727403,0.8738477512417712
0.25,467.8242155953404,523.5913406331958,616.0201867607537,666.623689109919,843.2195850631265,609.8238395343242,941.3284161482422,587.1038997040883,810.1723998555103,734.2671463317622,0.9391192474088602
0.25,592.2198294673276,593.8573036501869,728.6760113722409,894.6067285686174,797.9957517799381,847.1199772657056,804.5456485113752,810.0038957875717,460.6760701109922,1035.42950829449,0.9311141893419929
0.25,80.93633637172798,587.0904399501405,954.9279686843356,702.4549194053669,817.2153963503498,986.940101726884,1001.4361619725692,635.4106407690847,831.1074540857996,495.88606090439225,0.8825515117549522
0.25,599.3961106043804,684.9329357598521,1115.8087341176351,611.5244664100078,852.8149134903648,806.8548283322011,886.6466428429055,713.019654467621,701.5296331780821,672.1662454381403,0.9153880401320287
0.25,638.7008399956641,627.9776359663509,1074.3310036863038,850.484119574497,1379.2721182697487,1355.14490920381,1200.3286510306766,1036.799789583726,875.2815288922751,640.7114407511597,0.8366406301068983
0.25,591.1094666630153,713.1404186113482,1498.9351034115905,835.8767517848147,1027.7404450214983,1149.7713969698316,1272.5077301433028,600.2794225897734,819.6529836067175,604.5117099405834,0.7023520808996986
0.25,479.99511575810646,736.1934506996413,1071.5118596672378,917.0393341877814,1503.2814064951708,990.8847366121064,1213.1744683996133,636.728214781165,669.8832934206605,1075.2794822399096,0.755610973873429
0.275,149.37384622362762,132.47635230692714,256.67293259467124,164.07466593115592,242.4790377046429,278.97762456471486,209.52892456707863,135.85585109026812,283.37097298305804,178.94446057785203,0.7349682530279553
0.275,198.78804222720453,198.99318984560304,293.7713895452614,217.66162311977848,260.12718012806533,244.53596112985343,321.8766132657231,152.42468046936435,294.59198001885125,378.4973559434408,0.7725901930008846
0.275,270.33311807069697,190.8372535071493,319.6347076664878,203.8113560323577,350.0648754074297,255.00008781363428,369.4080828086505,327.8909547279843,236.12866595878688,228.10831167047547,0.7802447031227839
0.275,382.25214948087785,172.37257680139703,289.1496774430851,248.98261093535203,387.30628367721545,481.4727839668682,367.0897468918666,245.79052617977177,259.09087932802737,276.1153313577959,0.7744336608163489
0.275,337.8887681542619,293.8943935584453,423.48326566721215,324.4211024616666,261.57199589621274,188.2480382365204,439.34518303849256,405.2270966172468,281.62385370519144,310.05559238956255,0.8173128926325012
0.275,279.94230318277977,263.58828547107,475.8698487093319,353.0543823645378,489.0171962814888,506.333215035064,548.0199268492245,331.5696924295487,439.3138091184528,291.80698269911903,0.7840962965634557
0.275,297.84530804693,219.4104067399061,315.81277442563146,486.1581768237006,545.5890271532494,615.3857234705123,562.174380733592,356.23957377770967,354.8574609793485,234.9591757214773,0.80167380927598
0.275,372.7010589330612,371.62076600861496,492.25347590482494,177.52813725023952,416.6329711937693,611.8058928765886,585.5187650484604,520.7011895818409,541.5868527877524,350.735102802706,0.7916037598162216
0.275,140.4487364783859,313.71973202508985,447.68034752485767,424.017788661651,694.9922530628844,496.9137361273347,520.9579491657561,367.9146249053386,402.26350067451057,623.2412681228401,0.766825166377979
0.275,462.8684929558452,452.3678465639239,704.8033858256892,299.05840924188885,640.1194040514574,428.8463986460228,529.6526040084597,357.4420031809673,459.088260254756,459.508286110432,0.8298172285604452
0.275,281.3679232452412,214.0842894257266,555.3084323675524,256.90114731087255,751.4795465556147,924.4946049486524,454.81988835139487,478.8497575726507,572.7847008921011,598.5621969658112,0.8419934897076728
0.275,313.2826197063946,456.7355179471387,348.4517173396115,495.143874572885,382.2325611188823,892.1844768004898,815.830514833644,745.4923195672164,601.113918757179,739.9393041514446,0.7573560230931569
0.275,419.6418771875421,363.5584375634148,724.1651151466152,524.921316481954,891.4315140255865,775.8209148004157,882.0842740882347,615.4419558752837,315.838317883239,763.5219148828463,0.8159663184531726
0.275,451.9110204786349,446.1906278143461,885.6207915709024,531.476482081894,736.8905822994537,816.9760795994652,673.9662629923051,598.561086963071,565.2788023708605,826.3367221410266,0.8465959102028908
0.275,469.7629649589061,321.4464466105368,674.4735967477224,720.716769768887,1092.9179184758227,844.7838193378657,954.7523405467352,753.4253555643463,876.9284639989215,739.3268272042337,0.8661823154686811
0.275,471.5102358175334,775.3060712999684,758.5943161064376,809.3264300868054,510.9022302022888,1050.4531835934924,630.8687585558665,423.1655154362448,718.0086249221428,756.8037709071303,0.8753687785904483
0.275,413.93353582590703,549.8334015036926,803.5547103608382,812.2822246704195,781.7359245868809,1395.1555017746775,915.1422147476436,730.6176264879023,678.875934509665,869.0110676827105,0.8164756490907241
0.275,487.9763340150904,798.8644822988952,968.7379641670516,830.3468264289024,1014.6497160233127,967.426199828304,1051.3791175083193,704.4174499088818,778.5321350482684,499.12633089446655,0.8361569321063043
0.275,719.8026482585378,822.4293778529203,806.1506552276043,1286.0190873999643,997.2487034378344,964.691258187207,1094.2132686408092,933.5493540344306,1019.189590454572,1159.3281591420732,0.7819711433974208
0.275,698.8091498867593,600.76946957564,570.5467109834937,1012.8309830637216,1274.5158440445216,818.9630438018893,1531.040721851058,734.9290321066449,1444.795288795412,894.1513700555274,0.8320106428086772
0.275,816.2362278316641,794.4699284228174,1263.222733549008,1279.5474581056392,1356.5068738726238,1512.757808914684,1864.1280708003208,419.7786314562867,1165.2743862092104,1594.3814316978555,0.8289673586522995
0.275,744.9226434057704,838.2408394751203,1311.3235204180016,1094.663013022203,1361.6342000379943,1308.0776701199386,952.6570624818888,1032.1803947844662,520.1475102648162,1197.718759985753,0.8365105221819555
0.275,942.1367136207516,956.6442535949832,1025.7684146486813,634.0648353443962,1199.0055096351,1804.908649735404,1367.1222963953296,780.8470044954581,1315.0658294289635,1052.2233404840438,0.773445122916722
0.30000000000000004,144.28216263921686,190.45820870819855,266.8428830466075,180.8202177841427,199.08924535660609,196.49993436208425,190.74590992981257,150.61158951471646,158.81107433070346,138.38428759613868,0.7407217240849905
0.30000000000000004,76.651070214518,173.1322680467241,297.8332628733287,146.24719118043765,257.98233333393927,313.2778814986425,293.63842818497284,224.80500443511903,248.06726952509712,220.99151835479483,0.867026873689901
0.30000000000000004,198.47766379404044,259.9272455788611,273.15908983179713,312.40608549728626,345.8220989496156,395.83398485478045,377.4439640286676,237.7246594595296,210.81243386033708,363.0907770424312,0.8479892845776956
0.30000000000000004,218.6155550404666,204.14274826078477,365.6288028551372,198.5567526616085,270.1590598874063,205.41229271514365,291.99522450236714,358.7732628016037,387.97278525184026,391.78141861491537,0.8758760872989872
0.30000000000000004,430.69593100756265,327.2227812583108,323.3904423787108,508.227094494892,550.0880268720808,436.2970416777485,313.3674022320586,338.42500259868626,492.602943678054,460.7650514475154,0.797632544766235
0.30000000000000004,302.58882490921627,300.9707028508772,552.4268707166134,320.7117919626023,523.3006736665272,637.8637153968617,538.1873966032394,388.0256695894668,414.88649575787775,441.4236975146219,0.7840962965634557
0.30000000000000004,268.7553901726899,513.9357461197059,303.4443691047553,419.6356092170083,509.89431168101805,600.15301414503,539.5314975647259,357.33016162058345,588.028710828971,327.35618953365463,0.8105519957228438
0.30000000000000004,360.18503119369933,283.1597190239671,516.0695915372061,525.6060587582207,582.4580748834986,714.1346799736614,571.087671658444,563.0183532406643,467.2868938297103,526.3396331598382,0.77806321886658
0.30000000000000004,543.2101741096325,478.800967750918,476.4729241475905,507.125498258065,543.2101741096325,595.203147917269,821.4113847072094,555.2383993934901,706.5612336097449,439.2242264943619,0.6703456165782044
0.30000000000000004,344.1707958755547,623.2170579207628,554.795079339514,392.8081059513815,776.9604194316396,794.6841849677458,661.1376725561557,433.2018041499498,347.88042122032186,464.9397098773948,0.7814791732500574
0.30000000000000004,462.8865509964558,349.4382101535449,584.5620615951508,644.7503034927245,641.7192409511204,727.4550099850745,701.9074828486968,475.4438100973891,427.3798183662319,424.7817647591447,0.804430205528871
0.30000000000000004,267.9033628599839,270.2248824688209,784.6736277874729,688.562715981552,791.1738826922203,646.3110591006871,578.0583826008325,707.1348728522638,637.4892845871027,605.452313985129,0.8523502692667881
0.30000000000000004,449.7026235491453,351.65844755845194,898.4047963228772,726.3272629514574,1033.9658763916386,791.3565633534452,889.9009647318484,683.8081049963099,883.8982600793559,668.8013433650818,0.8192687141174579
0.30000000000000004,392.433772590924,522.7300251703252,890.4435601177286,785.382550132757,1209.7466296798984,988.8095057409158,919.2838373685084,711.7368421530974,583.5006093773223,777.1424709182526,0.7077329333746215
0.30000000000000004,571.1202178655512,351.6287110963125,731.4540641201575,931.5949342724632,832.0773745282236,949.2869448936624,730.9011887882499,556.7454592358275,709.3390508436643,886.2591570556432,0.7396000724320938
0.30000000000000004,877.3675310251043,775.6858635221961,1094.094742331307,892.4745216255369,975.562969927916,853.5449689244246,1075.501523130778,571.1604523163448,690.2732628197552,640.3039862183223,0.8241658209092182
0.30000000000000004,960.226695965542,788.1911633973828,871.7687093613476,734.5063163548358,1161.5448723750878,879.6994254017239,982.7987339266156,679.6013591522337,662.5198169114258,797.3419895978185,0.8088869096929134
0.30000000000000004,667.3468675188811,813.5705537416466,1189.1142060230254,923.0772791067146,999.087829654232,1108.5945550193,999.7319868622648,641.5805791976898,982.339742245461,847.0667285591973,0.7500953902929088
0.30000000000000004,524.9531154966182,1037.6026423487867,1042.387371266073,1062.209819637691,1040.3367731586638,1371.8501338563992,1103.2217817858675,877.6559899709122,967.1987739944244,986.3376896635694,0.8399572348441947
0.30000000000000004,651.1856625002318,656.9103716211157,956.0264231871552,1191.455085783397,1685.2112474593969,1557.8364695197918,1338.866345646088,968.1914300690316,727.0380583519108,1006.8332166349772,0.7962337857581046
0.30000000000000004,875.6633433667125,1304.5596748116288,1360.4055513018532,924.8077146781088,1635.167263633757,1379.0208434652632,1224.1416126657111,816.0944084438089,1072.2408286123032,965.7613574376076,0.8213576247342389
0.30000000000000004,1331.452859515657,1176.2864874237814,1127.6990375768294,1195.0945325258251,1320.4814998727986,1366.7179440819943,1351.0445731636237,1235.0616283676752,1203.7148865309332,1276.5960613013588,0.7957711616736298
0.30000000000000004,742.7653958007269,995.777485717515,1253.6708378191938,1321.1949647101676,1281.3313235335672,1335.8387512648396,1151.9778756339906,1221.1290899199298,1003.9129226923365,955.1003008434348,0.8035843122847343
0.30000000000000004,762.545679335661,1213.1800186492744,1848.2039346610068,945.2119889618268,1422.5569678905908,1622.4559482362115,1659.506190283034,1068.425584605902,1754.2858792400057,1346.7332167250158,0.7433503506397324
0.30000000000000004,1526.6749090315866,978.4972038137764,1656.4102992664652,1476.4252860532868,2034.652915866748,1989.885069940627,1665.5465943534282,994.9425349703135,1713.9689583143395,1813.5545747622389,0.7786844305942255
0.30000000000000004,1399.4946802122788,1392.8485046617402,1503.934581720654,1168.7774432437636,1609.32393687911,1973.914138508359,1335.8812856571717,1352.971451358546,1446.9673627160855,1398.5452265622046,0.8174794864497246
0.30000000000000004,1431.2359247805366,987.2968587034954,1472.578365523855,1369.2222636655629,1377.0970142833346,2710.8829001689182,1864.3472087581467,1395.7995470005574,1501.1243365132957,1214.6802827917415,0.8171196267616777
0.325,174.0979112736022,200.59107168480224,226.1380477956021,206.5835722540017,290.9516723730024,263.0392355112031,184.03284642780207,152.96646189800182,200.43337430140247,255.62745849140344,0.6904838691894314
0.325,235.17479831595065,211.22514427611745,321.0694222031707,254.8027102734084,279.29258207353746,323.59043841788963,288.8364291721184,135.05444007424475,149.46024701549825,274.0704770573344,0.7902560967884147
0.325,171.44579196243663,169.03106249817654,238.4545345956417,243.28399352416196,323.573748210795,333.0314386124796,312.305010710918,252.54045647049065,266.2239234346291,291.779810264711,0.7698843571903901
0.325,246.8048599467969,268.8709893103588,418.5369102110397,423.5737440875058,295.97395255038526,452.5955011852327,406.7842978326223,300.7709371946394,401.02791625951807,276.06646627673746,0.8540364758011214
0.325,362.9672205403919,317.63311513632016,425.0808324901257,296.1435716655594,487.4888217476797,462.4667505830945,395.643101708262,424.1977005666717,430.0852467230444,407.41819402100754,0.911080856110562
0.325,471.86885107209065,339.3177795827459,614.1424950423161,377.5598980075445,454.6923063558679,601.5031508171706,529.2320287092886,348.0680948155405,326.0302638588763,459.8776783456714,0.8393893428768292
0.325,265.8684935779332,219.2877602017444,687.9616006329296,560.0437405152442,627.4066472438843,808.7131940773533,598.0249538835196,623.8235139072546,557.5355471796037,319.9738069610459,0.853862127489083
0.325,329.7327580635524,319.5231428482799,648.8777670149711,582.7043350641445,546.403480965403,454.89507792483215,694.2538346383968,335.02663261962044,630.3492060687419,361.8741392968117,0.7881536447098433
0.325,346.13823848441166,449.2087104363925,663.0596502737732,433.3829293099095,596.5102116906038,773.0285396398652,853.3748130512545,637.0891376559524,421.20925152030566,472.74448749629744,0.8422857745123126
0.325,536.1111068502221,324.7880033632343,584.1966034520493,663.4954925848928,800.5813381602833,825.4676916647388,660.9646769742697,670.24433421322,638.1873364786676,647.0451911158455,0.8507270960130764
0.325,402.01282831062576,332.37281080799755,809.9043593974476,706.8009568610906,854.2207341718477,728.9591442482907,548.5281898096622,549.8848135272461,586.9658618078663,650.7271765342986,0.7855066817485893
0.325,581.1010491207533,493.8631935396558,781.2634622040483,801.1343070864076,812.7660211638862,479.8082056960341,809.3734378912917,749.760903244207,756.0614150361754,762.8465815813709,0.7770964449164884
0.325,528.397406460397,601.7157068783459,908.1356382802604,810.5464522067131,832.2891206065184,925.8331590707976,661.3816341150223,611.3229324503537,671.4945031381874,380.243875271024,0.7981384129485255
0.325,534.5013537063679,688.4729370785755,999.7154948952452,868.2897505168304,877.0881267095245,1295.0109958626538,613.6867394406489,444.3179977312229,688.4729370785755,703.3201969037515,0.786338007417429
0.325,478.94817687325,638.3999832827853,944.8556855643104,755.1732392778723,945.4484432089542,1174.845651686613,917.5888339106352,803.7793661387756,749.8384204760694,732.0556911367165,0.8731201779845464
0.325,908.7052668514384,952.5825680500031,936.6849951519708,1063.2296754202969,928.4182572449948,1264.8108997673282,1044.1525879426606,1004.726607155544,923.3310339176268,988.829034257516,0.8598952948851466
0.325,745.878739857794,747.8659833920515,923.4058289180876,1365.898722545982,1298.9948568926618,1177.7730013029836,1426.178443085112,840.6040149907129,1269.8486183902276,1059.200803758985,0.7899872613901785
0.325,783.9595356016109,937.1310256836306,1001.8807919455786,898.1419191172986,1106.3158988196797,1157.140984165081,1498.295666620492,953.8406427834906,1276.1970060015642,985.8674088915492,0.9136288311130605
0.325,712.6334239600444,969.2111187469052,1007.0303743368784,1168.6891531332285,1572.0945460929163,1294.753338433128,1376.32428186248,837.9560552287747,1288.0793521525486,851.3040277899385,0.8563762312848724
0.325,804.5295565747506,1089.3533084174164,1321.8943441684123,976.9844857726396,1374.177060260077,1715.185223425126,1455.3323210590836,1316.4319708454034,1585.6489417651787,1235.2767100463966,1.0
0.325,762.4368998943594,697.4422789197572,994.084395162811,1380.719063524538,1514.874627331086,1849.0136402902576,1515.7078917025592,1149.0715682560922,1249.8965572038717,1374.8862129242596,0.8517081958335102
0.325,1563.9969911620574,1398.9961862583175,1285.777548850965,1456.0443368899316,1445.512370619478,2568.9221061343173,1994.0522805388337,1309.47447295948,1325.2724223651603,1285.777548850965,0.8584751997628941
0.35000000000000003,276.3957425885003,150.24696545561312,340.3083290096471,222.33198096012129,385.57101316363975,353.92904414858026,375.93173783455023,262.7750274495685,303.2180739390157,281.8440286440749,0.8523549816245227
0.35000000000000003,185.88218200792903,187.29394541558293,265.8821084417217,183.05865519261823,300.2350180279964,430.823133236098,203.29393070234332,299.0585485216179,385.1761163885831,221.88214890313608,0.7463067162827757
0.35000000000000003,308.2696971625765,328.03057518581704,403.91234679506863,252.93923869749884,455.8175864027826,419.98452758730446,313.53926463544093,494.8123857019818,540.9211010895477,335.67144802147266,0.6192042971891081
0.35000000000000003,349.20741659555046,270.95129673196766,408.9513360612952,404.7440177890589,481.3172103437452,435.31719723397,446.2562247417845,474.0245253385388,388.47572046974943,373.0488868048854,0.5540864987958815
0.35000000000000003,306.9004480506002,398.1580150880497,322.8392696907036,354.7169129709084,538.7946766183675,554.7334982584689,413.1592589846196,316.90127731498086,552.2332909423752,329.4023138954529,0.7302500020489329
0.35000000000000003,341.6774559888318,472.9396446795212,596.6163300036653,377.9559503505792,541.5389794726448,558.0292041825321,652.3532895230801,385.8712582113258,598.924961463049,419.18151212529534,0.6804298684094228
0.35000000000000003,265.6096111104269,432.0490541039045,686.909451187668,510.7610406862364,614.0921948780212,504.51956157398206,649.8073253537065,428.9283145477784,476.0861567292629,234.05546670957935,0.8338688810904584
0.35000000000000003,455.141291045768,457.7231298118296,441.1255948871477,502.3520570537569,711.8498312142075,654.680544251409,607.4697782434225,451.82178406083307,409.4058614755306,436.3307514644612,0.7947853517880402
0.35000000000000003,594.479666090024,603.0953134246603,538.0863380814841,374.7806590567546,630.1171164287522,720.9730337758447,656.355678766063,623.8511910944723,622.676330094294,310.554924380362,0.872504444314464
0.35000000000000003,469.5218965438599,607.7397608252796,820.5115034160744,500.5162055039347,627.4253354350599,793.7056145857396,1002.2889370467944,565.8555595278806,608.5774448512317,658.4196443951374,0.8146116015808736
0.35000000000000003,635.5125228432179,378.10100342949744,607.0102092749181,601.6660254808605,854.1787097500303,752.6392176629555,834.1380205223206,503.6893225898251,685.8369202372514,529.9648929106029,0.8459107878036762
0.35000000000000003,486.4141180898223,551.4606471559131,536.1555814933056,721.2512193504947,934.0872887211622,764.2967165265837,880.519558902031,640.8996246217931,602.1586771633108,813.0816133261559,0.8494062754673287
0.35000000000000003,527.0912099064433,455.97572920478177,740.4376520114348,901.4932994828488,965.2880689358104,1005.5519808036624,803.1866055717272,912.9972743022364,939.1426716190236,765.5372334355525,0.794213019500791
0.35000000000000003,691.36164100903,849.7643081614577,1428.9240599375191,679.8114465291669,921.8155213453743,902.0151879513209,925.1155769110508,719.9621225782223,1001.016854921592,678.7114280072773,0.9166130334041646
0.35000000000000003,652.7383109508626,812.228143532253,992.6548653328244,1043.1497158026084,1259.292307447654,1133.670972132583,1256.8291440101086,896.591491268356,1254.9817714319456,1075.7866313501509,0.8443615931248561
0.35000000000000003,760.1775019092078,1244.4139194249392,1246.4231991656732,878.7250066122298,1261.1579172643503,1508.9690852876174,1179.4472078080314,932.305799698344,1172.0798487586926,874.0366872171955,0.5672028010280062
0.35000000000000003,423.00440408446354,891.1770750457416,1598.0962994987613,921.2892529636196,1676.961527378913,937.0622985396518,798.6896714408351,506.88832828426536,1329.2375680891464,1261.126689465377,0.5053471891170971
0.35000000000000003,1051.563389692362,953.099517065718,1269.2608580778308,1168.4892384364996,1221.5674197742997,1491.5738204926745,1047.7171446678865,977.7154852223804,896.1750907034425,1315.4157983715738,0.582362436670972
0.35000000000000003,1302.4999152314838,1189.8512739141663,1487.314092392708,1450.3512569604677,1234.7347169390375,2352.4204550092973,1779.496505809505,1416.9086915693867,1669.4880670230627,1587.6417885659512,0.6153543183338227
0.35000000000000003,316.19818501672034,1159.7089121122158,1674.7143392053226,1303.6074873294097,2328.884835751885,2142.3847086611854,1810.092604047813,1399.2243037566225,1921.803340071684,1786.425075229194,0.6006659417228113
0.35000000000000003,1002.3749363712144,957.4029801033116,2084.7000172186945,1539.0402811681668,1935.7928731316408,2300.5654073046194,1819.8651636410611,1857.8414822672848,1346.160557619169,1277.2035580083875,0.6004280235961192
0.35000000000000003,1655.9842471669335,2106.822410700178,1780.4286797160576,1879.765902189488,2314.229798282061,2485.6137974944604,2754.1517835215377,2266.198613789425,2107.914028529561,1784.7951510335768,0.5690224900158267
0.375,311.3854848517319,125.76075468676476,304.6565883832517,197.922368538396,393.52442794973,418.3517356092949,396.772860727618,416.72751922035167,272.6363224297965,272.6363224297965,0.45973694591830416
0.375,208.3981745476541,385.34002086170096,510.9031977275205,354.67010083393404,551.7964244312121,439.3400509960622,435.4080099668621,305.1263838660004,393.20410292010456,344.18465808939834,0.5843958185975948
0.375,353.66486275061857,142.7118421347558,274.66366442602106,388.4933480335048,523.2767544941084,510.81778414901135,436.3471204953587,254.55941682370528,428.41868482120657,376.3175361053431,0.5565096326650063
0.375,363.607703318749,413.391080376255,500.3544478944303,482.7097066588586,401.7329477741813,570.3032435068766,512.0125804965061,503.5052945436415,644.3481397632949,564.0015502084582,0.45284481909635943
0.375,244.1162899964033,300.373542012035,617.1554491952984,558.2192804170163,670.3989198529492,760.1426314016966,356.2959294323385,236.74926889911973,474.5031315842331,516.6960705959563,0.5545697635220345
0.375,351.29613762397355,615.041835964712,666.1129255465987,547.5550390172209,675.9623499659618,557.0396699395712,604.4628245513234,229.09031612446108,641.3069677496845,532.9632991366825,0.47333689335885143
0.375,272.6507818977115,368.32435723768464,478.74603312413615,474.58631245718175,530.9316196732125,612.6134073152456,741.1865915665942,413.7031281499261,623.2017871947694,552.8646922807961,0.6010148331222689
0.375,484.69960239654114,569.1230166787801,767.791051283257,528.3813689903377,656.4865498663703,718.6490638652359,633.3856156100383,639.6858704072215,522.0811141931572,637.1657684883482,0.45973694591830416
0.375,341.234200315065,506.5880480255789,827.2078429231537,802.2073937998146,792.1194932763616,773.2595053412105,757.9083523707374,474.1313246022968,548.6940676017332,399.5685816028603,0.5700746016935583
0.375,771.754113109355,780.2661070039419,915.0393436682596,702.2394963035487,477.1445466466511,936.3193284047316,726.3568123382173,740.5434688291978,507.8823023771132,841.7416184648597,0.5375525654655853
0.375,340.0523348631356,418.24893834149935,806.1452477012663,825.1799472321821,1025.8159693148204,1230.567602106848,830.8389119575921,563.3242158474068,949.6771711911532,877.1395324381994,0.5236081754723285
0.375,791.5588636466351,917.5998083041652,781.7798248370011,863.2718149173008,764.3948669532031,1152.2967397354266,998.0052385167296,1042.0109131600886,1036.5781138214022,644.8732815020985,0.6013944016440795
0.375,706.0343812668607,665.9254941105133,1317.1050738253134,745.5534318473766,999.1831594536836,1160.2085446549006,998.0034863020288,1166.1069104131866,812.7948014918445,1071.1432217047789,0.5569846167761031
0.375,877.1347439459552,872.7333509655817,984.6544867522374,1356.2578083809535,1135.5593889364873,1352.4851858263469,1876.250950490854,1111.037342331546,1275.1464234569205,957.6173584442262,0.6178536516632939
0.375,559.5440031814156,658.2470207742432,1095.9438505134756,843.4002675690666,1321.2590148115878,1324.6625671423726,1478.5031324939584,1024.4692515669446,1274.2899926467248,901.9413676586051,0.6236118095029126
0.375,1227.0794345944323,1206.2562684316156,869.3671872975082,1023.3098800011778,1164.609936105987,1968.532886891796,1511.1669158156917,724.3487086636229,1187.664155786253,1349.043693548066,0.6901408819186805
0.375,1235.8006293101685,1165.160251682055,1551.6524327278155,1390.0727183830545,2041.263325943343,1969.8109899516896,1693.7451463475822,1199.262502950805,1376.26942620285,1231.740837492464,0.7005711035186568
0.4,261.17203447976914,243.2644239232763,382.10654732881727,354.663715566918,451.8764585878823,405.13061804430873,314.8948661492507,346.5238925866947,400.7118569979024,308.8481405067982,0.9743644205180163
0.4,201.87385734808905,226.60938927611696,340.9779777605418,351.35094276261776,423.96169777714766,397.63032507957104,493.1147977909873,241.50390312525127,358.00027930241055,421.56793662282377,0.7248558477265435
0.4,469.6964627759492,364.0895510817383,491.5358524464226,551.3697967490913,498.4167560412295,632.444791279208,644.1124104182286,468.2006141683835,668.34515786081,618.6829840895942,0.8291139271257634
0.4,199.516092523111,110.30157960627191,485.3269502676025,437.9621543190274,357.8313008991744,323.44316137486635,536.2603267328525,387.0287778537774,329.93148958700203,347.7743921703681,0.8373113939085657
0.4,653.7705815143263,617.3320696658534,534.903203057175,652.3554936755488,577.3558382204415,687.3789176852468,703.2986558714729,487.1439884984991,586.9076811321786,586.2001372127921,0.9038360119441948
0.4,201.27752676169908,174.01730514091292,651.2578973514009,588.8954725476829,635.573934227112,705.4049128995385,639.6816388549034,365.585711873293,512.7162230868545,705.7783405929757,0.8914680187822625
0.4,608.7174925833602,444.0578004758235,599.4579010956505,544.302943103639,656.2232228246544,662.6646777726268,574.4972631722611,588.1853549367008,595.0294008189206,478.6806208211755,0.8359040809206278
0.4,232.8762324765009,571.2471492139748,809.3762290395707,939.8219382087392,898.6746339741685,783.5497295731918,876.3500327405205,630.7794191703753,732.7722051986174,711.32307852315,0.8708120897313306
0.4,479.2588767263781,164.77376618878324,689.6763454605324,679.6347309005502,525.8154533226545,697.8922119186973,725.278433445921,628.0573470242841,471.0430102682131,490.6698023627216,0.8537678237425901
0.4,605.7523859883626,733.9487713913892,621.8992589589728,453.09104153895055,1016.7636979675408,911.5643740681066,1072.5438045932872,474.13090631884,1046.1216488231987,456.5161358054465,0.8770497712764139
0.4,585.9394190850389,589.2219928614226,1024.7101138620678,677.8514848238675,1206.3458628221344,1416.9776801402872,913.1026054649184,1130.846665965243,703.5649794055662,929.5154743468554,0.8785762174611224
0.4,729.965523121213,698.380476447697,939.9475926729056,845.1924526523654,1371.0249889391991,1068.627412453888,939.9475926729056,678.4935952088192,970.3628228029568,751.6071291752862,0.8372462050235656
0.4,862.9885677355783,712.6289197699343,1665.959628930245,981.128291137154,880.0461748577299,1138.4373345970068,1233.2018186089674,1108.1126997131785,1010.1893995674882,1017.7705582884464,0.8939331446856179
0.4,794.1297788604128,991.3116627271088,1158.1059275047662,1138.5227952029356,1189.844107442213,1385.6754304605145,1393.1035151267286,1175.6632185339934,790.0780963152058,1083.825080842655,0.8182358075795448
0.4,1012.88803877464,655.5255446952053,1115.4041481873246,1095.9116485102656,1342.8166444196918,1796.1977480194612,1305.2755339305431,1269.900256738841,1414.2891432355823,1366.6408106916583,0.8137164261077712
0.4,996.690747933451,407.9839170529122,1396.1426819301255,746.9363348326186,2088.008944308832,2171.7775052246398,1683.9032013723945,1431.8218838016728,1479.1356080226403,1419.4117266289654,0.7949590313398263
0.4,696.2108227905007,1220.661849778788,1735.107451768898,895.4855373377163,2203.6948558506447,2061.951335042997,1929.3794538170248,1194.814501866808,1365.7405122525022,1569.1841538822982,0.7857342037393725
0.42500000000000004,302.52923780453204,401.1751350300513,320.4855186359053,256.1611202146568,392.7652313495351,549.3712755623993,431.4053293410984,342.5331039605037,217.52102222309344,404.1299660529371,0.8050210241815935
0.42500000000000004,243.8189736173372,338.3499052879699,425.79782766916026,419.2596652481354,317.6457242880604,472.65465835316166,593.0658162736793,426.07025110336906,407.5454575771369,501.2591189451415,0.7768435192056238
0.42500000000000004,358.95868157130064,442.42387094478966,433.9606174768482,431.6259268650032,584.2563256144252,390.7688411577,516.5502978708968,173.934450582517,421.1198191116988,436.5871444151772,0.7826324058125824
0.42500000000000004,289.343783167252,404.4418626591979,607.4620862074893,577.0889818971148,517.3019239387986,689.6293262892407,428.7403461074971,618.3324603817299,502.27523022735306,302.1324586663588,0.8461608306977746
0.42500000000000004,497.2289709345585,267.38452496836976,625.7860339325969,575.496494137222,676.7838771053723,611.2658146959027,638.5354947257907,675.3672703505736,563.8094884101278,546.8102073525351,0.7824619773550663
0.42500000000000004,624.3166909048249,435.7722930451504,647.4114866265933,517.9291893012731,477.4186459860409,695.1154909043411,495.2129967880601,492.9413775367383,440.6941347563469,599.3288791402902,0.9110407803032047
0.42500000000000004,669.3734056955348,769.0758709282612,564.444601559477,574.4952532966481,810.4845560854039,634.79916371967,812.0926603633505,472.3806316470003,584.1438789643333,540.3230373902693,0.7947839548334689
0.42500000000000004,471.9536076993109,420.1745248402144,777.9594990223358,694.349012766253,821.2502076422363,691.8025004944936,760.1339131200259,657.0001661137919,470.680351563434,617.5292259015275,0.852644416160131
0.42500000000000004,764.559731217115,762.7371812022923,697.1253806687644,598.2520423647609,1011.9708957289682,855.2315944544225,1044.3211584920296,675.7104179946269,481.153203912558,747.245506076324,0.7565355482554537
0.42500000000000004,493.1547898338094,514.932969954044,1016.7990318359498,562.8449662185676,873.5470026006114,1030.833859024547,826.1189658943205,731.7468520399623,941.7853003106902,570.5883191502079,0.8616430387169728
0.42500000000000004,671.444574498694,636.9041677045293,1071.2759501159996,953.0012238208276,1185.3639604361226,864.5568488478916,921.0775145110712,812.7462386566447,773.4957763905475,902.2372926233448,0.8594104259235139
0.42500000000000004,775.7395005451696,813.4133835738529,1116.516897031904,647.876624811456,1163.3238426129922,1284.336921432402,1243.8089563560932,639.8851950780999,761.4690903070341,657.5805037733928,0.8319714442634475
0.42500000000000004,734.1463846835119,1137.9881772598355,960.2732761260986,1270.3551381042755,1381.886558815797,1410.6886289995389,1215.2022377524277,881.2207856217818,921.0534358758964,1221.330337791522,0.8606791711072438
0.42500000000000004,730.6444171460668,850.5717791040289,1291.8262576124048,1028.5074846177442,1128.8814723434305,1304.8618404339222,1092.3818404431856,1047.4090797089498,1124.3190183559043,1013.5165643730032,0.8722505059127653
0.42500000000000004,1126.5383071496403,809.8973088877184,878.1510351797349,1197.6066200928726,1377.0365191079634,1798.5208701277247,1312.3010261299708,760.642042491421,1428.4027254926789,840.8577620511091,0.8111144096326467
0.42500000000000004,983.8777027032568,1351.4225435144808,1619.7528260699155,1316.8477732132208,1833.2144514081335,1626.5174550419024,1655.830847253841,1135.706041852272,1093.6150171376944,1394.2651936703935,0.8369905623372914
0.42500000000000004,1087.2103816996134,1206.035605573104,1627.9864005524328,1280.40241235107,1547.961249780492,1842.195137467228,1431.5610304758488,839.0515808209689,1499.4611584035592,2054.787204669461,0.9003047343044643
0.42500000000000004,1451.6995636700333,989.1568369142224,1805.4087076597707,1970.4144621760784,1957.2491094221157,2270.5845049663744,1865.969330327994,1551.7562446001398,1707.107407096873,1774.6895512338667,0.8910419476384728
0.42500000000000004,851.862111472563,1802.3021528753616,1833.9214888907163,1445.1896519960335,1926.9195359947116,1679.544730698094,2715.542975436565,1207.114651409815,1343.821780652684,1677.684769756018,0.8319100900187415
0.42500000000000004,2246.077918444985,1491.2316408305942,2653.2436415603547,2237.873067601354,2710.6775974657967,2757.855489816696,1841.98901439598,1747.633229694182,2151.7221337431874,2003.009212202311,0.8515332226171272
0.42500000000000004,1489.594942234486,2406.6963059236227,2491.180795184689,2122.1169736758416,3081.460581995512,3232.6433522521493,2511.1902794833577,2069.869986895978,2196.59672078757,1594.0889157942213,0.833292264809196
0.45,85.75809997531854,74.63381813889845,199.42803437656607,0.0,17.192071929014755,22.248563672840188,0.0,0.0,0.0,55.823668851858,0.8511489064454287
0.45,163.42164526148727,68.91544655944617,182.27798894550293,73.40505219849898,215.725550956439,282.845155260261,92.26139588251468,45.34501695442272,0.0,35.24340426655771,0.930240492867139
0.45,244.48723433258084,0.0,106.6062245365635,211.58072114655155,0.0,119.3880932947748,283.3767499160743,0.0,8.974503596191502,0.0,0.7871852803205086
0.45,106.9022684657084,200.5139846356792,26.003254491657824,60.096410380723015,38.13810658776722,28.0257298410072,42.18305728646926,0.0,65.29706127905325,92.45601597034258,0.8766407429783756
0.45,126.13305883736288,248.92041319628413,118.43793853693955,306.4665302255331,35.129897023671155,117.43422719340708,0.0,0.0,0.0,46.17072180253608,0.8629169914369046
0.45,234.8535753750691,0.0,221.10088852877792,93.44774395554758,204.1745047179617,136.82160247075913,48.663353456098655,0.0,0.0,0.0,0.8997764060861648
0.45,153.89781587610258,82.95751284001389,114.74497103104498,31.399806261876908,168.62858918414233,48.06883921570523,0.0,0.0,0.0,0.0,0.9268319237168208
0.45,0.0,350.2721990540688,169.70228259659913,186.4217193056277,0.0,78.58135253241623,0.0,0.0,37.61873259530478,295.09805791428965,0.8323165618899174
0.45,542.977085620171,85.12776342350193,445.4252702375591,147.70817329158973,0.0,0.0,314.74264963067503,0.0,54.297708562019714,263.66599157657384,0.7962666824138577
0.45,596.5487636418695,244.04267603531105,238.5190763719597,166.21013532446332,217.9311139903816,365.5618686290232,60.75959629685894,0.0,0.0,203.8710421200359,0.8382227600851322
0.45,500.25598484721536,193.2176278877159,108.82372145399604,23.319368883004117,546.8947226132173,362.00544075514296,219.86833518257413,0.0,0.0,159.9042437691431,0.8352138456676882
0.45,993.9480966095427,189.87583418032403,331.519543279468,440.80499124821176,202.0864987578396,842.5358558483766,0.0,0.0,171.5598373140577,226.5078279128637,0.8194193883673982
0.45,236.27175905302843,231.65192018885983,571.5400651953059,0.0,349.12782273477586,296.9896412677698,0.0,0.0,0.0,398.6260962794117,0.8533218692787569
0.45,988.9352908435014,597.1569508109176,412.1128559512272,257.5705349695247,154.5423209817102,546.9984782115816,518.5301559254873,0.0,0.0,572.0777145112536,0.8158148264909361
0.45,282.447556528362,411.0355230531152,201.42970478732244,465.2951852282925,1.48656608699,493.5399408811279,31.9611708703188,0.0,0.0,0.0,0.726130259292322
0.45,237.96846009176676,471.1775509817024,272.077272704916,287.14860851073223,629.8231910428802,918.5582559542136,267.3179035030849,0.0,0.0,418.0312615612021,0.7758196920968995
0.45,424.1411582458591,526.8367536479083,441.67455258278767,960.1620708321536,768.96458020558,600.3100251550546,125.238530978107,0.0,0.0,442.5094761226504,0.8019852126575849
0.45,867.3073448502832,588.4303850913509,651.6424959700377,876.6032435089164,534.5141728712869,849.6451373988791,232.3974664657769,0.0,0.0,236.1158259292365,0.8691078051561709
0.45,987.3273700302584,762.5778991188029,532.9212345193064,765.5222153316141,0.0,617.3249659533054,0.0,0.0,382.7611076658015,159.9745142295534,0.7500379633126585
0.45,994.8881489581288,241.7685179188544,492.0952134631594,1026.9813150535474,1076.1908363998668,453.5834141486378,36.372254908149785,225.72193487113304,0.0,1213.1216784070032,0.7778348447335088
0.45,1318.5739782478036,1349.4873447351272,1745.4162308996968,64.20468424291379,1193.73153666437,787.1018697926457,114.14166087627916,443.4879115296815,0.0,488.6689856265533,0.7778092804648814
0.45,1012.9215955787624,733.8235752915962,1542.527107245594,287.2667428321488,326.7489017995953,481.95463015440265,347.1707081620826,0.0,0.0,1010.1986880637684,0.8031025678448216
0.45,2200.898835394354,358.68830197993674,1562.181946780973,1743.0992920778783,967.5144987616312,1392.2769616325818,1069.772128712062,0.0,1227.091559404993,0.0,0.729228648649962
0.45,2168.569545642187,1982.065250823048,1782.7616416535664,2686.027540091384,3031.60902755038,2398.9572039481845,837.440853207529,0.0,864.8679553868105,1044.05835629148,0.7190216883293316
0.45,1938.297883738487,1592.3221324475169,2636.501960138886,3478.515234365077,1769.4783906386724,3538.9567812773207,481.4481840253749,612.7522342140855,118.79890255172327,50.02059054809151,0.7524188488641564
0.45,3199.0221937028277,2649.118949278881,1855.0677913554923,2767.770271727199,4020.454426037368,3443.1701072022443,830.5592571382757,0.0,0.0,1597.2293406504864,0.9187355494140683
0.45,3613.240371924962,2781.365515888667,2921.9316272964384,2041.6651591361656,3458.848085624581,2663.8430293017977,1099.1809039593331,788.0919688764778,1873.4466979432275,3090.150088489403,0.7704084246972513
0.45,3849.225122203482,1182.1408808277529,3374.430834002162,1947.6255495604985,4641.356409151583,3531.888123456673,2652.549722349172,1424.3828646039317,859.9590424054246,3207.2838651966126,0.7883502805622419
0.45,3852.585942813936,1669.1304336624603,1424.0982043021302,3498.3809379960485,6412.081011874849,3311.5741888797324,3568.7367266242536,1120.840494697731,1705.521358814979,822.4349084470524,0.7915159891606007
0.47500000000000003,33.18076738779722,183.39915065255448,81.44370177004792,20.913938232310397,26.74570947016501,71.3889237737456,36.19720078668974,0.0,0.0,70.38344597411627,0.768295111824054
0.47500000000000003,12.59812359260672,36.05669855814951,83.40826654414717,24.5446201028354,68.42084364949669,183.976046257535,21.06927566349655,0.0,32.581354118808186,136.1900602166178,0.7754786713083507
0.47500000000000003,175.847759328658,221.6991808155012,76.33505884897242,123.1942038849789,16.375507673871546,124.95772009600682,78.85436772187926,0.0,0.0,12.596544364517015,0.7255601761019314
0.47500000000000003,79.34490120204073,180.8820544644228,238.33870705899983,75.69685976746403,116.12931900068888,329.2357394705329,113.6972913776366,0.0,107.9212257728887,20.368231343054703,0.717434999389859
0.47500000000000003,313.017479831022,127.63819565925486,88.4688022823388,0.0,165.79458748331297,94.20914441516092,0.0,0.0,0.0,65.50743375104649,0.6477553245344658
0.47500000000000003,36.14659666665113,51.091824134590574,39.27466753203132,21.548932628194414,0.0,48.31131669869311,0.0,0.0,0.0,274.2275458652458,0.6307757807813782
0.47500000000000003,46.53122424198499,248.16652929058077,241.1868456542808,196.98218262439724,0.0,208.61498868489127,107.02181575656547,0.0,0.0,101.59317292833022,0.6686732873388289
0.47500000000000003,53.7915139307113,78.39383425560538,175.13516163486065,55.04247937095919,59.62935265187286,113.42086658257467,25.01930880498145,0.0,0.0,187.22782755727116,0.505916240766824
0.47500000000000003,113.75865797570476,221.57810890850143,146.65272775180807,96.3978989272039,233.4565229943176,283.2544897386984,278.68586893646545,0.0,39.29013889923987,273.660386054004,0.6571459325435947
0.47500000000000003,166.81321297356138,0.0,0.0,122.2636902209794,406.8856411402603,417.2805297825259,41.08455987182866,94.0489924776743,0.0,183.64303268009436,0.6287988106741926
0.47500000000000003,275.23695121514885,56.819749398582594,199.129763947317,565.069801358366,315.89695537193006,126.15026930693902,271.0666943785536,0.0,0.0,433.1854289011109,0.613993447100558
0.47500000000000003,59.67788402458291,256.55912758230835,302.85131799389444,0.0,621.3192785362819,375.91489563146143,0.0,0.0,0.0,469.0570136885268,0.6615174224788783
0.47500000000000003,347.6962961884376,0.0,214.11444710133492,209.0012662750391,376.4579383363735,182.7962145402365,0.0,0.0,0.0,217.31018511776983,0.6553329998267687
0.47500000000000003,211.66937585162356,708.9567236056,225.91635307240065,0.0,187.24598633028148,118.7248101731861,94.97984813855506,299.8649491231301,0.0,0.0,0.5574616460286904
0.47500000000000003,0.0,294.03923743519545,454.7518598568747,232.78106296952876,0.0,411.5107955281683,87.20281306289061,142.69551228471892,0.0,90.08555068480165,0.6074360417691748
0.47500000000000003,340.81691179942607,0.0,404.4860052124978,605.9799596609508,76.40291209569301,526.5808549340483,0.0,0.0,0.0,57.67670815066987,0.49595810599416723
0.47500000000000003,824.8320131752795,216.21810054109488,496.50082346472254,356.3594620029133,1111.5211983371648,89.69047133556414,480.48466786909165,0.0,217.81971610065705,79.27997019840085,0.6478371301940737
0.47500000000000003,607.1243771777358,691.5419520943037,0.0,253.25272474970376,623.3257299395059,625.0311354933647,35.81351663127712,0.0,0.0,352.1662468741636,0.6524151794198672
0.47500000000000003,465.31382517787705,526.7352501013645,0.0,911.0844696982904,500.67767589139527,0.0,0.0,0.0,0.0,773.3515774456373,0.6789738412873781
0.47500000000000003,528.5655370451868,1470.4834730415828,634.6829010791104,802.4494004089479,799.4174757222555,334.5223570974252,45.47887030025952,370.9054533376304,324.4159414751555,741.8109066752723,0.6639153508761279
0.47500000000000003,568.482949112699,592.0803545475683,182.34358745123336,371.1228309301761,691.8330229767711,778.7143793505917,0.0,0.0,0.0,453.71374995220674,0.6366928133571066
0.47500000000000003,403.8962649158548,505.4408060952609,1093.030005054739,397.0505655104948,724.5031870665626,879.6723735878932,371.9496676908758,0.0,0.0,18.255198414284862,0.6403723637548756
0.47500000000000003,1439.170307229333,1132.9913459965355,1076.1479945440085,596.8551902513046,1552.8570101343428,1277.6835133301709,155.02732214320173,224.78961710762047,0.0,280.34107420895526,0.6649098009257333
0.47500000000000003,1912.5288419771264,2845.2474352844733,650.168661132806,911.4513941114162,1803.1546746837523,1450.726802293997,445.09209745775127,0.0,0.0,571.1762069764861,0.7172023645453496
0.47500000000000003,2085.222437838583,652.1479516597387,1140.8461635363856,1122.685081338283,1421.5174338709608,1946.5378101438505,0.0,442.4700026450752,72.64432879248541,931.1682145217408,0.6435448894915344
0.5,219.5347699546059,56.33194279090074,51.138217569042645,103.4749871123632,131.04168252067575,24.57031547262457,76.50756769118735,0.0,0.0,0.0,0.5771860131308403
0.5,66.46421232247955,14.819723017851825,22.454125784621198,182.3275013711242,107.10617999264268,170.42681470527302,35.477518739702404,0.0,0.0,0.0,0.5991418852414753
0.5,50.41875894737301,170.62619553376717,109.6679220041747,184.86878280703647,12.818328545943718,176.60808218853808,125.61961975023806,68.07956716622715,0.0,0.0,0.5894693601588729
0.5,27.637961721070347,78.16797254444258,94.3599097143604,0.0,276.9379598717315,0.0,0.0,0.0,0.0,133.72306731709887,0.5698473637502038
0.5,110.07439604956234,142.27526414764364,95.28828314738092,0.0,0.0,61.44451361572557,0.0,0.0,0.0,0.0,0.5921104331555114
0.5,303.30614548180813,273.2354015601092,0.0,97.26586305536496,322.9820643441519,222.0037637675848,16.70596884538877,0.0,175.96953850474426,0.0,0.6374798519739147
0.5,166.86873628029363,99.6630209820522,0.0,174.5057493823683,85.53454674321712,8.400714412276919,0.0,0.0,0.0,0.0,0.6196135578895886
0.5,338.08616189024497,502.51516370286737,194.2107853041962,290.2675236080028,268.8749749027846,286.49236795413543,0.0,31.459630448843907,0.0,237.41534445394544,0.6199085319224859
0.5,223.25924411480804,243.9740193419572,212.67169233204316,258.7045261701477,526.6156191079183,0.0,0.0,0.0,127.97127806992933,257.7838694933864,0.6051567315783566
0.5,327.0212050212992,160.61660954585926,313.51590451894066,0.0,0.0,159.65194522425793,198.2385180881308,0.0,0.0,0.0,0.6047136175888149
0.5,265.468790187878,243.30343489064015,84.53763415691617,339.69695676468586,505.6793848044874,0.0,63.91869899669371,0.0,0.0,92.78520822100982,0.6579043391795402
0.5,326.5656924421153,4.3981911440037615,100.60862241903058,40.683268082014486,334.8123008371169,223.7579744510734,0.0,0.0,0.0,166.03171568605606,0.6250883396848459
0.5,747.272772595638,50.45893319777789,79.89331089647426,492.57530026400633,386.25111959726513,94.31014895298225,0.0,0.0,0.0,0.0,0.7770423524060598
0.5,176.307609297619,715.1725956094978,290.9738363971884,580.6220516718396,112.01498485450246,578.6336199880262,80.20007791357851,0.0,0.0,308.8697215514637,0.7057322453070973
0.5,552.3340590916459,260.9397747839039,220.795194047909,284.47280487050966,447.8197195893428,472.7370455633951,33.2231012987468,0.0,0.0,117.66515043306028,0.6298986828982335
0.5,773.2689804007904,0.0,433.0306290244423,402.0998698084137,11.7831463680097,30.9307592160286,231.24424747224373,98.68385083209483,142.13420306414997,221.6704410482259,0.6374671266490877
0.5,767.3519403756862,0.0,544.1077366584582,0.0,90.41790329765578,404.0800103125305,0.0,173.63438066894705,0.0,385.6763662785019,0.6325658882583579
0.5,861.7013981267112,1197.7316730718826,680.3781309533249,830.926348193614,454.9716841460548,665.4064850399305,271.1531426537804,0.0,0.0,623.8185797249349,0.7328332105264246
0.5,535.1415703245774,0.0,93.26494372830666,751.5524591698759,582.2267846340133,415.6175647698362,236.33155643775544,114.99658110189408,0.0,924.5000732679998,0.706178199770931
0.5,918.1470344403264,1011.4546598915788,485.199652346506,663.4172169584057,0.0,997.4585160738824,194.0798609386088,0.0,0.0,456.27428845662286,0.6932682441140984
0.5,0.0,354.0179629710551,1258.8432436879,1240.5844375747847,691.8058760637842,633.9863233722317,65.93457763072134,304.31343521867126,136.94104584840437,1223.3400095790644,0.7299921681396336
0.5,1115.807380549205,733.5604957273949,0.0,628.6083163688141,930.2077370519048,958.9314914026754,0.0,0.0,0.0,333.6374543820367,0.7315109697435289
0.5,328.7027256841022,348.73120717739334,1049.728059442745,514.849788974727,0.0,712.7783119672932,279.22059493595054,0.0,426.4888412101858,195.57223105219404,0.6806139311435399
0.5,1075.0452578445531,0.0,1482.3009231249378,878.959196783628,548.4924784921167,475.8172250918993,588.2581831828057,0.0,47.99309186806333,1228.6231518223462,0.6914744845987428
0.5,2205.6115235148222,1662.1083973765096,1643.1489859995731,1718.9866315072486,1960.719126562951,1154.9441430439244,962.1901273786032,505.5843033844743,0.0,1747.425748572636,0.7204795820487688
0.5,1371.100874448754,1665.1810062942986,1825.588350937312,1856.1421308693325,1413.1123218552448,1203.0550848227033,458.3066989800981,0.0,0.0,1239.33769849197,0.7154714200900498
0.5,4762.043012642464,1604.3930149976793,999.283298849792,3837.3330943038327,3671.140989164639,3023.417912724663,816.0458495937725,366.4748985120635,59.65870440893775,2011.350605787252,0.676692372336098
0.5,4405.884025562108,3897.512791843418,4661.230307338605,2848.2717067253657,4006.615294057001,5037.285740500387,1067.8117237927177,287.84489945714165,0.0,2124.0167984137597,0.7676858300884343
0.5,2275.9390076545933,1667.5905307657754,1681.9046125749107,3056.056466253169,2738.7609861503734,4141.541003446875,3526.035485653544,0.0,2765.003469467148,2686.2760195168225,0.6923272355593874
0.5,3367.1195584497,2798.2675841609275,2851.5218115411312,2321.4001844379973,4964.746379856427,6204.11748979621,2829.735991249241,50.83358068110514,525.2803337049365,2130.169095209016,0.7323794447582878
0.5,2422.6657657170667,2216.8019389929377,4124.808137899625,4375.86158512422,4272.929671762127,5284.675064077126,3873.7546906750863,0.0,1915.5378023234457,2194.207128742719,0.7448654596270493
0.525,104.62744688875677,129.69855208662798,62.18423730180701,89.03203499401621,185.17083996538216,0.0,0.0,0.0,0.0,0.0,0.6844826571291516
0.525,40.99720485002542,0.0,0.0,0.0,0.0,127.67700939007756,0.0,0.0,0.0,87.14834402405468,0.7096115585150706
0.525,288.4195703737959,134.89010519182642,207.24025252198615,14.470029466033068,15.696303149594014,173.88560832909786,141.51198308306388,0.0,0.0,57.14435365399292,0.5986832906670423
0.525,385.8468963306891,0.0,33.62500185888172,219.4031371292168,155.23542524851172,0.0,56.041669764806045,0.0,0.0,228.0895959427602,0.6429969620006211
0.525,144.6630221808042,0.0,183.12636690181787,115.73041774464646,0.0,246.77809666137188,66.37479841237054,0.0,0.0,80.33052525804703,0.5513533196828614
0.525,355.6641187405859,148.35605392033463,10.931498709918133,314.67099857839065,96.43143504821684,480.9859432364422,0.0,0.0,0.0,160.06837396667487,0.6085901832834727
0.525,447.7778913259386,45.188594537481066,442.8482264673042,147.06833494925522,337.6820428164435,273.1855942493108,0.0,0.0,28.75637834203468,0.0,0.6890026203265422
0.525,692.8382791294479,117.05486907666584,37.96374132215772,135.5847904362908,210.15642517624968,238.17728186641668,63.72485150506037,0.0,27.56890738871308,159.99005271482665,0.6227479308920082
0.525,193.40654370273435,0.0,352.87395834223764,185.50291090718665,182.71339344993828,377.9796154574996,195.73114158377464,0.0,96.70327185136716,29.75485287734252,0.6623467535729134
0.525,160.09533187108067,268.3217711733344,214.45792119801615,651.3535932200309,0.0,240.3923674824268,469.81246922915096,0.0,221.4402721207473,75.8083814467405,0.5779427154822109
0.525,246.48683887706892,486.0528809822118,70.80507466662723,316.22717557879145,292.8029403507301,103.2795825964362,223.06260364901368,0.0,0.0,25.02134217542748,0.7088915425491977
0.525,317.00678043656825,33.77048176472029,189.00576084448295,488.0379300191819,362.76033637586187,117.1073157970118,0.0,0.0,70.80907466795888,307.2024470210009,0.6336890117933881
0.525,762.4034041242188,192.52611215258048,0.0,433.62804337135344,388.01416449212775,482.2038624375392,0.0,126.77104000200605,0.0,0.0,0.6247273154023415
0.525,327.03346304943364,194.8417758781107,320.7684541787535,530.0197504594264,499.3212069930999,322.6479568399554,582.6458249731302,0.0,107.1316516886093,179.80575458848108,0.6721763590688403
0.525,650.085988659611,306.00426729238893,657.009162127766,249.92656220034164,0.0,522.00727949877,283.15779484747964,0.0,335.0815958586307,0.0,0.595333341804923
0.525,384.9199335703319,0.0,574.1055341909014,0.0,456.22835226577286,484.6061923588583,0.0,46.56876322967931,0.0,764.7464086624054,0.5994085205632591
0.525,844.9394249854643,415.0304867861896,224.74292397666997,506.6504244352119,40.71997228845439,401.7181881534195,0.0,259.1982851438202,0.0,311.6644032847209,0.676344249786825
0.525,912.432456967582,88.77721202928142,597.6021587526387,182.48649139351824,819.5451888258376,1206.7124746201828,110.14950381410686,0.0,182.48649139351824,587.7380240827185,0.6736461766935724
0.525,554.9664802370442,397.0348427768947,553.201880935805,526.7328914173494,420.8569333435068,588.4938669604159,0.0,0.0,0.0,31.76278742215278,0.6505298998228257
0.525,1159.8850443332428,220.5350243402087,584.0948552608841,497.35723062500153,539.8033022553277,1059.3063093830915,482.59337962313896,391.24205154914944,63.66910744550498,0.0,0.7097571973787657
0.525,224.69867394959948,753.9231823308734,826.8516993145022,936.2444747899624,573.5729308713293,298.6127114330064,558.7901233746478,0.0,43.36290199027732,541.0507543786213,0.8021413513444323
0.525,656.3808650213434,0.0,792.68999034526,1606.3506153557553,363.8405114415468,1371.4795071052934,637.5072938226518,0.0,0.0,1124.0260180557236,0.6226256484737404
0.525,1016.305886823549,312.2727585212006,907.294305667053,802.8248737254196,788.0628887771452,1434.1836145900954,154.43307330503168,0.0,0.0,839.1620674442431,0.7020267755814148
0.525,1610.3615905817005,1430.1899620058105,1866.3295594550184,1551.9611316639966,1124.5194749046648,1734.6178861512617,448.5652270061685,55.91533300630041,0.0,1134.459978550222,0.6279617634785647
0.525,1846.8118880782065,1665.5891484990043,683.3895675734992,711.057161402408,676.4726691162838,1578.4362279379957,329.2443665637697,582.4028500980594,143.8714879102071,1575.6694685551092,0.6148873443602293
0.525,850.348076547466,2030.2261260480784,649.4151662101477,1477.2587567998382,2541.39944994618,2551.0442296423616,683.17189514682,292.55831745109856,581.9017083368216,1176.6631229352367,0.7082469390475477
0.525,2795.437156643997,2088.3445979641297,2380.8678208700253,2661.7676044551886,4217.3712335509,2923.294989172384,2357.6209422285165,962.8082237366848,1573.038788076865,1671.8380223033662,0.7069329543685018
0.525,3776.891471307631,2515.0857427443702,2466.0628850467824,2945.634319044671,4369.428620869431,3322.897180456296,526.4628630998836,434.8114334913893,2314.7314547630285,1251.1485855855406,0.781442815179121
0.525,3906.148881418378,4039.889516083243,2197.4969799242576,2810.859200973441,3516.4563424811145,3781.6317387993577,1355.8533307402845,435.8099991665088,590.3034909345483,1770.9104728036184,0.7077359158726267
0.525,3263.5781368769244,1800.9165987626827,2020.19918980372,3403.5457481797284,4276.0105253005095,5461.069634330855,2904.3279345330834,0.0,786.1514168173869,723.1659917311318,0.7245972553169665
0.525,2135.881438348129,2735.795678408764,3618.1598135952,3814.240732525528,5933.782094296119,2670.435372098637,2535.046166170576,1645.6791410223225,1627.00476779088,1498.6184518246096,0.7066819105453669
0.55,134.8785262262678,11.720727546401893,64.37384206253562,0.0,0.0,0.0,0.0,0.0,0.0,0.0,0.7547186591637212
0.55,180.1539340800664,146.34551862934646,200.7226903333024,29.552810708672283,308.7677662842094,119.1569327773658,22.22371365292285,0.0,0.0,166.91427488258248,0.7822958096089884
0.55,147.05316800332412,44.263495385617496,0.0,91.23198215590908,57.05072738590607,72.05113415547342,29.754905231442645,0.0,6.639524307841926,0.0,0.760521017734464
0.55,180.67903738590397,136.27723376247403,129.57507472497502,182.0753205187181,245.46657474838983,168.11248919059258,165.04066629840847,0.0,45.23957350311654,120.08034942185412,0.7275260683593776
0.55,150.67880966117278,111.17738810094976,0.0,163.10264386156496,328.4352066821764,62.75629070454465,202.28550557049616,17.839351672356916,0.0,155.77576728184567,0.7550741242322543
0.55,299.3318180111596,148.74318453575793,433.6805008176472,128.44324619961023,141.361388777158,329.2280908334804,261.6846596423092,0.0,0.0,500.116662645034,0.78769981194939
0.55,432.85392136608016,476.6397226603397,211.00586147517757,217.67798357716293,99.66482389835514,23.352427356934623,482.4778294995734,0.0,148.45471676910134,276.47605960087776,0.7463924986063925
0.55,516.6918148973489,289.4908173665974,189.5582287090875,405.1078930331344,524.7581225019886,464.7089436674302,114.72081926602203,0.0,0.0,294.86835576969224,0.715385123775848
0.55,476.1124403192233,348.6753791790514,142.12311651320005,193.287438457954,0.0,397.944726236959,0.0,0.0,0.0,0.0,0.8770753355450415
0.55,471.08112308661066,555.8464958033326,258.1933766658735,381.931334539712,467.6710218853608,794.0664225761815,395.0845820302369,0.0,212.4005891062682,238.21992677285445,0.7788062869413496
0.55,382.3332534791352,408.7546571748473,273.0211715223627,617.5355530448945,121.74568369593185,738.2451032625581,254.37076891362955,106.20368152197968,23.31300326092525,533.0906745664408,0.798056181217775
0.55,481.5018097293275,111.8471102739435,90.03692377052528,76.05603498628234,129.74264791777728,220.33880723966536,64.87132395889181,0.0,39.70572414725198,370.7731705581224,0.8247665812219611
0.55,695.2800364408417,298.64771185518146,106.7856258499819,505.76488726751467,328.57115646149555,469.3873663735632,305.6885223507852,0.0,254.0559120496935,726.3769494630889,0.7568465801904205
0.55,662.8414730657273,263.1598019813595,416.36081346346697,151.9655194540271,569.5618249455745,603.5378557178129,580.6812531983119,0.0,0.0,533.1148101171682,0.6882704295974433
0.55,227.92921206550903,411.3358083631158,113.63234770612117,608.6972543790212,547.5617222798139,649.8972868806504,293.0518440842259,29.90324939634449,0.0,0.0,0.7149342895228463
0.55,638.0796197533161,399.3523717162802,731.6548064838727,442.08749636488,732.3916189778218,0.0,231.3591230976279,80.31256183961383,0.0,781.0212435779563,0.723875977737836
0.55,615.4090829032325,1068.7447813777565,655.3402066030599,454.9016248941236,1004.5417981741076,974.789196201678,234.10599973036489,0.0,0.0,177.7326486247232,0.7589343287949905
0.55,906.0741567019584,206.26078363947715,735.008665508904,0.0,831.5910959432546,800.4882793627,737.4641510284287,421.5250141838342,242.27457125906216,637.6077399013817,0.7950761179034961
0.55,1281.6347012198328,675.1856946005348,640.3823082809216,1320.7885108294038,768.28475300551,442.8730909170968,228.8322650514797,0.0,0.0,389.79792677969226,0.6859551590020895
0.55,589.8291429625897,277.67069098988054,510.2420022329977,224.612597170166,434.1920677580607,870.1527386434439,157.40567833185145,0.0,0.0,675.6063946378002,0.720265329130749
0.55,983.4014606562212,379.407560622468,900.2567307465007,611.6393924392476,668.0248989297321,973.8445951493449,100.34708782206914,746.3911960860034,115.63807263304707,797.0425832723861,0.7386146682006182
0.55,1060.8200805292076,1093.5369615174957,386.6540480433522,407.4738813995364,1150.0479377699794,1158.9707234940488,757.4453659105811,303.3747146186265,103.10774614489092,675.1574531218631,0.693235862707171
0.55,788.4393496831588,1011.168237590998,1069.7260672756825,812.489886875087,1353.1041359283836,1313.3684657851895,108.75025512871852,0.0,94.1107977075355,1845.617310597824,0.7362281454001418
0.55,550.7185037004444,323.14887407216315,1363.1420814734074,210.50190740616284,677.0196481441423,1414.345248139763,0.0,0.0,1002.444218512586,942.1382666610816,0.6985770905657197
0.55,916.1100242873364,1408.4579250406878,932.0317225704046,887.9408657865206,614.8225029308023,1112.0693877712472,671.1608199324343,248.6234424202224,716.4764227380917,1283.53383081969,0.6914125404093763
0.55,1445.6214171293298,1184.6639693380778,1264.746149083532,1558.8410505625786,1292.3606938233534,1590.5977770133532,1230.2279681587786,127.02690580314427,1364.1585101468702,332.7552641147845,0.6851922592522638
0.55,2365.855042605994,2027.426011228545,1427.6982858573583,1651.218855418281,2616.1351169734808,1860.5726283168688,623.3390531417014,225.09465807893773,664.2653546105992,1967.6106475432312,0.7312942415550547
0.55,2634.3188737942023,1516.2861756235743,1868.8683827263935,1925.5007579605376,2016.8432986607315,2159.337662153061,47.49812116413069,1916.3665038904828,166.24342407438473,1472.44175608747,0.7652763977703027
0.55,3919.068378408823,2881.272983049472,1814.7032236782693,2397.86366765101,3865.356232253424,2879.35469211533,886.250411563814,2050.6530085751324,2142.7309734129344,2238.6455201189965,0.7422715385036568
0.5750000000000001,142.72631749422524,69.93231847148259,170.62770286903515,113.93065694714451,0.0,202.4638990018317,99.97996425973956,0.0,46.50230895801855,59.02216136979347,0.7545151188916022
0.5750000000000001,304.17913695073963,142.95431842084406,89.62420999441389,22.96157446138036,185.17398759176444,298.2535693478001,0.0,35.553405617617315,0.0,6.419364903180944,0.71002523486195
0.5750000000000001,456.4344021775621,225.20918067328395,259.47445671068107,84.48613862656332,225.20918067328395,196.69837847422636,46.03579070673667,0.0,10.72424669872696,115.35104375948886,0.6806241568509906
0.5750000000000001,112.56633400094456,208.5157329827021,278.1996540309027,166.70538035377874,186.80651142537576,142.85203814881424,206.9076424969728,0.0,26.26547793355393,49.85080505756099,0.7390368063800046
0.5750000000000001,248.43349031550133,181.8557807520434,143.6352437804243,411.487232718601,391.7605039590581,201.58250951158288,50.85797258320059,0.6164602737351702,0.0,57.94726573115856,0.7804645558329799
0.5750000000000001,216.51685123715797,178.13262459786972,496.0136471543083,42.48351297941122,438.9963007872097,62.60728228544075,103.22748329207263,0.0,98.75553455739376,122.23326541443458,0.7718783701433269
0.5750000000000001,586.0056497922699,277.4726398309711,243.5133018218056,25.262434372670896,105.19112017472412,257.5940029475529,320.5430197450305,0.0,216.18017610711445,448.5117446820012,0.7923070612509037
0.5750000000000001,151.8515974326489,461.9969812799319,297.26100588329695,124.7023724371138,243.8828686039494,360.76258299149407,425.6446291672647,210.29145462641864,236.5203669102416,230.5383342841073,0.7432293464348967
0.5750000000000001,480.04771070664646,480.53805566140255,157.89107543160392,318.7242205917444,455.0401180140583,626.1705072240877,415.81252163353815,235.85592323788816,0.0,144.6517616531785,0.7670041162583706
0.5750000000000001,472.3654121618728,397.7543176482855,150.76586684469,144.5911555746058,219.20225008818736,679.2182397098743,276.3183293365188,0.0,26.242522897881177,494.49146087969206,0.9276278246134199
0.5750000000000001,633.2044951667103,511.8268735317018,327.61216459006977,88.07933605372871,357.6880354376797,629.44501131075,172.39918825149704,84.85692132004662,0.0,175.08453386288858,0.746177758749922
0.5750000000000001,636.9492319051791,207.8404459745608,760.7193851259766,437.2822866150103,594.9140855283008,455.3807524161624,410.4264986520101,102.1687585549088,129.60836799537162,403.4206409225304,0.783075519802124
0.5750000000000001,723.1663839618311,303.10934245265105,667.0792221694086,409.3169466978688,440.3438872638868,304.302686320567,514.927879009132,0.0,0.0,598.4619497637907,0.7042489496318506
0.5750000000000001,494.75576151590366,552.6328505988928,553.8775191813215,698.2590747431975,397.6716120863648,530.228816115153,332.94884580001013,85.25979789644404,425.0543208998268,396.4269435039359,0.7680139048691523
0.5750000000000001,779.3090564510513,280.52504302864344,208.42748524090047,377.5290298703157,393.9148384584371,569.5707065230949,0.0,0.0,0.0,561.7055184008038,0.764951400170067
0.5750000000000001,840.9663948456299,484.5303069640393,760.2113436849514,483.8341427298962,32.71971900475726,650.217394690239,64.04710954122831,240.17666077958245,0.0,235.99967537472384,0.6694551278876831
0.5750000000000001,799.9205746854457,594.5974500763047,744.9641993253749,163.34256009798958,496.89722721395367,693.0609559297495,106.09633576458468,0.0,45.79697946672564,395.3805893960546,0.723508339208052
0.5750000000000001,586.5926616583675,246.81767730980656,412.69838900827307,315.73430149371376,589.7980860390115,948.004260576284,310.12480882757785,0.0,0.0,247.6190334049675,0.8459337956454407
0.5750000000000001,1304.3605031574014,292.122404352964,1089.5146650722231,670.8624983687225,0.0,883.1607573461544,457.7150463553722,0.0,0.0,0.0,0.7857244649703711
0.5750000000000001,680.5119654589183,715.6351636761607,529.4822131248076,706.8543641218502,568.1177311637703,475.91933584352375,155.420152111271,0.0,308.2060643562319,506.652134283606,0.7830463034951205
0.5750000000000001,724.6218682410437,415.95177371759047,412.1875042721752,273.8506021534394,1310.9068343633407,507.2353077687263,171.27425976606855,0.0,347.25385633889283,0.0,0.762213282618409
0.5750000000000001,1162.6944376062293,1021.496201883526,689.4369027011709,1028.312668435661,917.3016417295294,852.0583190162864,372.9580984951328,0.0,65.24332271324309,768.3131585186843,0.7243288304963786
0.5750000000000001,1155.1596222845571,1075.6377642287378,1034.8304949632404,1481.6177764084518,1553.81525280123,1760.9906198413837,608.9700182695773,100.448662807344,0.0,1226.3107584397594,0.8275743900595364
0.5750000000000001,1670.9228492058785,579.5740249208915,702.050045281519,772.036342630467,589.4158479855768,981.9952346772608,1222.5731318142489,115.9148049841708,153.09502545079707,220.8942510075802,0.7458130418508381
0.5750000000000001,1900.064436343712,0.0,280.1077793135652,399.1535855218427,2145.1587432430733,1556.9324066845718,1288.4957848424212,0.0,441.16975241886615,1320.0079100151954,0.8300370812706419
0.5750000000000001,1388.8436622444897,729.0484863459328,1111.8304204549995,1414.0266842253418,1067.7601319885043,1742.6651210755638,570.3954478665102,402.92835169376576,33.99707967415992,327.3792857511945,0.8530364016124176
0.5750000000000001,2176.90119201019,355.96131410050367,2599.3086180761143,2363.5831256273527,1351.0709432970168,2461.6702432905854,1279.878680476927,33.223055982701446,175.60758162291728,567.9560522759198,0.7673747981534679
0.5750000000000001,2112.217594709517,1781.4533075379986,2151.7654986104653,1234.9731809067564,1729.321979668558,3476.6202792920744,1680.78591579013,30.55974392344948,364.9192950859796,756.8030701044376,0.8293170210376367
0.5750000000000001,2788.201924631851,4293.918505594733,2772.8821338371595,3254.3612730985565,4245.770591668587,3442.575845718895,3490.723759645064,1225.583263574419,792.252038239192,2982.9821218785,0.7575764728344356
0.5750000000000001,5054.422586176294,3382.918228834209,3723.322908349084,5505.165334223588,3159.89447328996,3453.346783216563,2631.6803154220256,312.2332577619172,1798.2757552303808,1795.92813675097,0.777737700512724
0.6000000000000001,0.0,0.0,0.0,14.638163340340542,48.12186631046162,0.0,3.155532217079626,0.0,6.486371779552216,0.0,0.753035799880364
0.6000000000000001,0.0,0.0,0.0,26.93059207418891,55.35732815249935,30.75407119583336,0.0,0.0,0.0,0.0,0.8250563095997383
0.6000000000000001,0.0,0.0,0.0,78.22108665575408,23.154998288643235,0.0,0.0,0.0,0.0,36.77558551725792,0.7768435192056238
0.6000000000000001,0.0,0.0,0.0,0.0,132.08208136295585,0.0,0.0,0.0,3.927323233014561,3.5139207874340355,0.7925087349256313
0.6000000000000001,0.0,0.0,0.0,26.4963099275809,111.14381332454178,0.0,10.55162784726702,0.0,44.551317577348975,0.0,0.7809792497746779
0.6000000000000001,0.0,0.0,0.0,29.953830073726785,111.6228197619258,0.0,50.17906576453507,0.0,25.857579807235577,0.0,0.678009784312696
0.6000000000000001,0.0,0.0,0.0,193.92213624045448,229.29158247298983,0.0,64.33580306090566,0.0,122.57342573689158,0.0,0.7459878527544044
0.6000000000000001,0.0,101.501377612026,0.0,113.79393199410512,214.59287792715352,28.448482998525908,2.107295036928228,94.47706082226672,57.95061351551667,0.0,0.8093385451053304
0.6000000000000001,0.0,76.28173884607442,0.0,127.64733183790187,139.14709146293683,0.0,12.649735587539563,0.0,0.0,0.0,0.7428407695517603
0.6000000000000001,0.0,0.0,0.0,13.590576336508592,3.597505500840559,47.96674001121026,69.95149584968296,17.587804670778496,151.0952310353136,0.0,0.758836332431919
0.6000000000000001,0.0,84.36850666264993,0.0,0.0,185.34842914489025,0.0,162.61701802334852,0.0,215.51126313309248,0.0,0.838123911579773
0.6000000000000001,0.0,29.185976599315257,0.0,44.86799387656088,114.56584844209418,0.0,60.55001115380651,14.375182504140758,229.5673084752221,0.0,0.7430589179773803
0.6000000000000001,0.0,4.579408274606702,62.73789336212761,12.822343168902233,260.5683308251857,63.65377501704933,194.16691084337307,0.0,240.4189344169116,0.0,0.6935750153376271
0.6000000000000001,0.0,0.0,104.29008021423314,20.38397022369154,34.13129897920546,0.0,54.989315022049695,33.18320734089209,294.8564995147873,79.16565179898673,0.8148058900224419
0.6000000000000001,0.0,0.0,178.8292524307284,0.0,412.286460935395,137.60060633718848,187.0749816494355,135.02381595634074,189.13641395411068,0.0,0.7307335319298279
0.6000000000000001,0.0,112.14127643102866,0.0,53.89313770229007,147.5256597709194,0.0,62.05876462688219,0.0,111.59690130272374,59.88126411365793,0.8564790564542399
0.6000000000000001,290.79045929857074,94.77178936653829,0.0,183.6571321885701,166.58643720950252,380.2644467750544,35.90732392148335,187.189000115274,96.53772332989148,124.20402208906576,0.7700590463593434
0.6000000000000001,195.8296523959545,226.195642799126,0.0,345.8004621422233,0.0,576.9538176602351,174.13965925083312,92.95711347909275,0.0,544.7286849874827,0.7756482476235791
0.625,0.0,0.0,0.0,29.876783834745897,0.0,0.0,2.9400026645895045,0.0,6.277302986555408,0.0,0.8005819309581614
0.625,105.73270580633196,0.3218651622715009,6.115438083166933,26.875741049707354,26.71480846857076,0.0,0.0,0.0,0.0,0.0,0.8128980651751632
0.625,100.14490652567872,0.0,45.39902429164092,112.16229530875977,3.242787449402495,0.0,80.49742962635499,0.0,3.4335396523082893,0.0,0.6954838140618056
0.625,96.5310904666379,0.0,57.08827930822719,0.0,0.0,0.0,0.0,0.0,0.0,0.0,0.7758876996063889
0.625,138.15165231542397,5.545354281421928,76.18834577953676,82.21590478108169,72.3307080185453,0.0,0.0,0.0,11.331810922905351,0.0,0.7731224978831928
0.625,163.1008368867543,0.0,181.93923142078836,58.25029888812645,0.0,0.0,81.55041844337781,0.0,33.462937659136415,0.0,0.746866289718287
0.625,132.49332251163108,0.0,30.059057750436477,66.83033228009658,0.0,0.0,39.68962965106229,0.0,6.420381267082348,0.0,0.766066759742033
0.625,76.66620968700813,29.20617511886049,0.0,100.23028279427136,114.50148200007604,0.0,76.99809804063284,0.0,22.568408046390857,0.0,0.7246799131188612
0.625,0.0,30.913908071609814,0.0,80.9649973304049,196.52412988380075,111.87890540201472,52.99527097990122,26.86565820508965,118.87133698964104,126.9678367226798,0.9046080528567414
0.625,0.0,89.11039484211305,0.0,0.0,0.0,0.0,101.7241950252427,0.0,147.29663439655224,43.94485225090539,0.6583114009953761
0.625,0.0,0.0,0.0,12.41238673578106,205.44640114397288,0.0,0.0,67.19809370750909,31.67298684302902,77.04240042899005,0.776341465374525
0.625,0.0,84.58645379513939,0.0,203.36743146490548,83.68659790369969,115.63148204973665,0.0,0.0,276.7056866170753,0.0,0.7272559392542147
0.625,0.0,0.0,0.0,214.4251965309376,53.02488591003824,0.0,0.0,0.0,226.98372214121065,81.86298175584689,0.8304329400969626
0.625,99.68629991937654,0.0,0.0,134.52811348343076,354.2251045678878,50.3270640369679,0.0,0.0,151.94902026546094,240.98921048471,0.8279309788321849
0.625,178.61640571559494,132.55486842504095,0.0,123.34256096692842,209.3240972426324,47.59692186690717,144.32615017707255,0.0,162.75076509329327,201.13537950209005,0.7996387311804235
0.7000000000000001,32.08758423411073,0.0,0.0,4.185337074014703,0.0,0.0,45.15090904088317,0.0,10.39992848694472,27.648590367731856,0.7704524520487761
0.7000000000000001,48.496410814328186,8.365630865471651,32.613836272635744,49.345098003579054,0.0,0.4849641081432565,51.40619546318836,17.33746686612285,0.0,0.0,0.773823689251259
0.7000000000000001,29.685248290118853,0.0,65.04367736457286,30.476854911189,0.0,0.0,16.75567347931171,37.0735767534384,0.0,0.0,0.84300839117218
0.7000000000000001,42.03658789825042,0.7670910200408289,0.0,48.94040707862029,0.0,0.0,0.0,0.0,0.0,0.0,0.7942752914371906
0.7000000000000001,53.40443478565678,0.0,80.10665217848569,43.1947634295749,17.670585039371222,0.0,0.0,1.5707186701662852,69.50430115486172,0.0,0.8717930001868117
0.7000000000000001,66.55921284752301,0.0,38.30900032060049,39.80711765157275,0.0,0.0,0.0,0.0,2.140167615675305,0.0,0.8279783055038491
0.7000000000000001,66.30174018106752,0.0,74.8196720793301,0.0,0.0,48.34501888202877,13.122219410836466,0.0,0.0,0.0,0.8401205465089783
0.7000000000000001,282.40761177926174,0.0,156.04586456076967,159.31384078193747,0.0,0.0,39.48804600577947,0.0,0.0,44.11767898576677,0.7201082914806091
0.7000000000000001,185.20974424441985,77.65751799487788,103.42881821441776,185.5533615806817,0.0,0.0,86.24795140139177,0.0,79.0319873399199,0.0,0.855418467053237
0.7000000000000001,132.68017635718513,81.93943707846766,0.0,94.62462189814748,45.59809678425098,54.16916760836119,2.399899830750429,0.0,0.0,0.0,0.7429115474876461
0.7000000000000001,227.25539798930447,0.0,171.74547290667076,32.41183545093422,26.82358795939182,0.0,0.0,0.0,309.58891103133,0.0,0.7909549954879447
0.7000000000000001,212.72714840297903,143.27332196544006,44.84732792824143,226.61791369048893,0.0,0.0,37.70350578037951,0.0,57.15057718288919,0.0,0.8064031178156387
0.7000000000000001,242.99198176523493,0.0,82.15031411992074,204.07867507685296,219.21162767788823,0.0,178.13647061793245,13.403472303776184,190.2428326987597,0.0,0.7914147153271924
0.7000000000000001,224.57323005573735,0.0,242.2781735041178,67.55833684249458,194.75437793215545,17.23902388394763,76.87672813111394,0.0,33.080289074599314,0.0,0.8611658390359279
0.7000000000000001,102.84590795902648,254.51765100971687,272.17805944712615,52.98122531222774,54.02007286736803,15.582713327125964,0.0,0.0,0.0,0.0,0.8573277901726684
0.7000000000000001,63.25637762932608,174.63085448096336,69.74421123233648,226.53352330502685,0.0,50.28071042331373,0.0,0.0,238.9685377107921,0.0,0.7679619241896103
0.7000000000000001,342.12876855047097,0.0,0.0,479.8689221227402,366.56653773264617,115.52399977029172,343.2395762405742,0.0,0.0,0.0,0.8236562398212448
0.7000000000000001,269.8599442884146,0.0,296.5057791236175,125.85904964711824,195.0248336874239,225.63919711510397,117.9219924621668,133.79610683207267,140.0323660488192,0.0,0.7732702025463734
0.7000000000000001,517.5833969173226,0.0,298.58279197889544,59.8362308574939,138.820055589388,0.0,75.9920131890172,0.0,0.0,0.0,0.8459337956454407
0.7250000000000001,7.471211295049739,0.0,14.542179127863848,0.0,0.0,2.268046285997459,0.0,65.63992780650392,20.946074523619988,47.49555751852728,0.8020356857007725
0.7250000000000001,0.0,0.0,0.0,0.1136668460695697,15.686024757614057,23.870037674631345,2.046003229254322,26.257041442094376,65.69943702827125,32.622384821995965,0.6749855313340757
0.7250000000000001,0.0,3.8971763434332014,36.13745336638375,0.0,0.0,0.0,0.0,16.12013851147487,0.0,19.308737337920803,0.5876111218770907
0.7250000000000001,0.0,0.0,4.4453940745691405,0.0,0.0,0.0,0.0,70.11598835796784,103.45644391723224,40.614736772194654,0.7126861321557894
0.7250000000000001,6.503704908219959,0.0,39.919292195280285,0.0,0.0,0.0,0.0,0.0,25.342022573408418,90.37907165560596,0.6735959713104622
0.7250000000000001,0.0,0.0,0.0,30.35502426936017,27.725848938941247,68.358558590842,0.0,112.09847545141342,3.1072072086750318,22.70651421723744,0.7093027214920566
0.7250000000000001,41.91500370574167,0.0,72.353280206339,43.91095626315724,116.26423646949512,0.0,0.0,88.81988880502283,53.39173091088488,128.2399518139942,0.7076553032122223
0.7250000000000001,0.0,0.0,157.830211912708,143.69185654941222,141.38355363295528,0.0,0.0,47.031671922798616,49.62851270381234,71.55739041014931,0.6613017649307141
0.7250000000000001,21.809949253229657,0.0,128.58104410485618,107.0966164822729,43.29437687580997,0.0,0.0,73.24236689517124,0.0,178.38585359357322,0.6970407997558266
0.7250000000000001,104.89654237976092,0.0,205.77265979026143,0.0,0.0,126.46063994215092,0.0,132.674023985549,139.61839438699687,190.7874394502944,0.6985305504869367
0.7250000000000001,0.0,0.0,86.59532418086634,180.06971617049234,100.7581108459594,0.0,0.0,170.35809102871258,142.0325176985228,171.57204417143575,0.6602958514466247
0.7250000000000001,55.95904688379334,0.0,89.9821473891393,0.0,178.62127765306673,175.0398986525072,0.0,187.57472515447367,26.412670129150865,169.66783015166183,0.6377398121811124
0.7250000000000001,155.38061003801425,0.0,71.37796773621413,0.0,0.0,110.70868465208603,0.0,370.0000776530205,170.9186710418148,134.01577615778686,0.6936772724121366
0.7250000000000001,163.31697388467805,0.0,369.87987543352034,38.66694708796025,36.63184460964607,75.80756731718661,0.0,181.1241205699208,207.0716771684203,396.3362076515978,0.6921076263184149
0.7250000000000001,0.0,0.0,242.0301281551605,116.80584445749194,48.40602563103115,8.94459169269215,0.0,273.07312285332046,128.38119841273777,222.5624874122464,0.7118807359594138
0.75,17.69207376187189,0.0,0.0,0.0,0.0,4.800175051670633,0.0,0.0,0.0,20.84647451011253,0.7229381342830489
0.75,0.0,0.0,14.406508121023002,16.69845259482197,0.0,10.368320238614825,0.0,11.568862582033285,0.0,20.081799199001445,0.646684923867422
0.75,30.194945954844368,0.0,36.56419236719383,4.7179603054443655,0.0,0.0,13.446186870516549,0.0,0.0,59.21040183332657,0.7994628714863492
0.75,10.89999581291437,0.0,66.81293729767751,0.0,35.32406050481449,0.0,0.0,90.6314466666376,74.48330472158045,129.79069088340444,0.6721010296906184
0.75,0.0,0.0,55.86538752556034,0.0,0.0,0.0,0.0,40.67187208973749,5.14242060904695,57.501612264802255,0.7468765154257375
0.75,30.23229976807103,0.0,0.0,14.027787092385395,0.0,0.0,0.0,63.12504191573208,0.0,0.0,0.746614055601163
0.75,0.0,0.0,64.05909719437035,0.0,0.0,48.47057164136756,0.0,17.780661958892882,18.26780338242488,23.13921761773818,0.7845071188452574
0.75,0.0,52.5195690039849,197.9380741356251,0.0,0.0,0.0,0.0,0.0,2.903091753988928,149.9051014787139,0.7869996350364286
0.75,91.04450537168108,10.516692039633064,125.29887372934334,71.8139827849232,0.0,88.0397362175002,0.0,43.26867582020351,24.33863014886482,105.76787422716627,0.8176575841878275
0.75,0.0,0.0,248.6644606736216,50.06224903627969,0.0,0.0,0.0,12.844919160622965,59.94295608291216,141.62346766842026,0.7769358346201123
0.75,0.0,0.0,236.25044224626964,85.8096660399894,0.0,223.83542673410068,0.0,125.6107451819406,30.30724375029479,91.28687876594616,0.8799640978999367
0.75,30.08189031723832,0.0,61.01115782650878,71.60337272694426,0.0,33.471399085376525,0.0,187.69404803571564,0.0,107.61690338842492,0.7443127844862479
0.75,8.220380194073446,0.0,12.787258079669344,55.25922241570994,299.5871892950884,0.0,0.0,163.4942283043319,227.43051870267652,89.05411876912,0.8359850344379479
0.75,4.191433478922655,0.0,0.0,120.35401846616024,171.24999642448418,0.0,27.54370571862604,349.6853073842659,0.0,104.78583697302554,0.6980231980787931
0.775,1.0393122929124512,0.0,24.70365373153103,5.516349862380773,0.0,0.0,0.0,2.878095580372466,28.78095580372539,32.618416577555585,0.794170412386412
0.775,5.095566659913452,0.0,0.0,0.0,0.0,0.0,0.0,13.56204664869251,23.439606635601944,0.0,0.8575612771594665
0.775,0.0,0.9781759862106396,0.0,3.423615951738628,34.48070351393658,11.860383832808385,0.0,54.04422323815604,0.0,40.83884742430824,0.6707376020304907
0.775,0.0,0.0,25.38138357774306,83.9700773363672,0.0,15.228830146646414,0.0,0.0,0.0,0.0,0.7658008913483078
0.775,20.87091480579715,0.0,0.0,0.0,26.99607458575773,0.0,81.66879706616034,4.76401316219248,49.00127823969599,112.74831150522652,0.8166201009526989
0.775,22.515249735493946,0.0,0.0,0.0,38.29913614800409,12.070030786038286,0.0,65.9209373698971,0.0,6.267131369672974,0.5921036160172103
0.775,43.152372273016624,0.0,0.0,0.0,86.304744546031,0.0,0.0,0.0,0.0,7.845885867820596,0.7807649968566576
0.775,94.6668949332556,0.0,110.97063794953924,0.0,0.0,77.04833393178907,0.0,10.255580284435068,0.0,35.50008559997086,0.7010994317369557
0.775,0.0,0.0,60.084153476654,56.000764405426125,37.91718423284007,51.04236339036163,0.0,112.58487010674024,81.37611077663396,70.29262615472632,0.7785889906580162
0.775,0.0,0.0,53.95962861214104,72.50825094756452,0.0,45.191188962668434,3.03522910943324,190.88218621544863,102.18604668424273,301.1621771915128,0.7848004992614096
0.775,73.67322296710259,45.114501704572085,72.43153943394843,0.0,0.0,0.0,60.428598613467045,68.70648883448786,0.0,85.2622692765332,0.7505763623034478
0.775,1.698599460190276,0.0,293.00840688275593,0.0,0.0,0.0,134.6140072200499,48.834734480459325,45.01288569503168,0.0,0.7800163289897128
0.775,50.14308105130279,26.68163945848991,0.0,5.060310931782388,115.46709489795064,16.561017594927225,0.0,150.88927142043156,95.68587943734846,117.307207964056,0.7432506499920859
0.8,4.859769155671689,0.0,0.0,0.0,2.440979941204948,0.0,0.0,0.0,1.2981575141862476,3.5838023682236484,0.6996356406518467
0.8,0.0,10.326200044412596,14.471754806768416,0.0,0.0,21.632258487200605,0.0,0.0,7.085129957480338,3.09032264102856,0.6539480749407497
0.8,12.408561944837652,0.0,12.925585359205396,16.67400511337508,0.0,0.0,0.0,0.0,0.0,0.0,0.716836795503978
0.8,1.0571470988827445,0.0,0.0,0.0,0.0,0.0,0.0,0.0,0.0,27.662015754081388,0.818119397966457
0.8,0.0,0.0,125.94420569902648,22.96094724837823,0.0,0.0,0.0,85.25104176378132,3.4100416705512524,26.37098891892948,0.5554853576353355
0.8,31.572721202946543,0.0,198.17954232003348,0.0,14.572025170590711,0.0,17.486430204709517,0.0,81.11760678295518,17.9721643770621,0.7661051061449736
0.8,0.0,0.0,0.0,52.49026932054719,0.0,0.0,0.0,35.743373870657635,156.4709933079166,34.493605553502896,0.6122088176811413
0.8,0.0,0.0,0.0,15.847366172651173,0.0,56.78639545200004,0.0,38.03367881436185,104.32849396995356,20.865698793990955,0.6777810314497189
0.8,5.949749439570066,0.0,81.87988514454557,0.0,0.0,0.0,0.0,0.0,0.0,15.299355701749208,0.6758760200245967
0.8,0.0,0.0,0.0,9.718807335263886,22.118664969908387,45.24272380208908,0.0,111.5987187118188,29.491553293214235,33.51312874228821,0.6726707476771713
0.8,9.765153926463,0.0,213.7483692792237,123.33027736753844,0.0,66.54771564700071,0.0,153.71075624986503,143.94560232340368,32.1888407205603,0.7794283508112826
0.8,0.0,0.0,27.591107150424687,203.02113171878904,171.31194887426946,133.01384491920692,0.0,28.00291471983175,132.6020373497961,178.31267755423065,0.8117501077791811
0.8250000000000001,0.0,0.0,1.1238768223951427,0.0,0.0,0.0,0.0,3.221780224199376,0.0,0.3839912476516653,0.8039508754921074
0.8250000000000001,0.0,0.0,23.15489146940604,1.200624002117428,0.0,14.493246882702376,0.0,13.20686402329054,0.0,0.0,0.8185715067912563
0.8250000000000001,0.0,18.77459940881613,0.0,18.677823123204195,0.0,0.0,0.0,23.12953226137665,13.258351128906307,9.871181132470344,0.8427680870470821
0.8250000000000001,0.0,0.0,28.07220565896021,34.46488615555489,0.0,14.03610282948042,0.0,71.15331335340288,43.49802163987365,16.676557817203857,0.8122422199502585
0.8250000000000001,0.0,0.0,0.0,0.0,0.0,0.0,0.0,0.0,0.0,0.0,0.8182860391249174
0.8250000000000001,0.0,0.0,78.3859997525241,0.0,0.0,78.88054864686136,0.0,98.66250442036772,135.50639704852676,129.3245358693057,0.7839049382953681
0.8250000000000001,6.397672248832823,14.330785837385292,127.18572430679724,0.0,12.283530717757158,42.73645062220396,0.0,75.23662564627307,0.0,15.354413397198776,0.8528387046016991
0.8250000000000001,0.0,0.0,188.8988669899836,0.0,1.6076499318281852,0.0,0.0,101.01400404996234,0.535883310609395,21.97121573500469,0.7683696742742165
0.8250000000000001,0.0,0.0,4.56649743856878,0.0,66.21421285925055,0.0,0.0,31.96548206998276,127.29111610011172,149.83819720304663,0.7290972393392984
0.8250000000000001,0.0,0.0,86.75990055468712,0.0,0.0,0.0,0.0,16.838270173441476,0.0,170.3804626024602,0.7751301451127306
0.8250000000000001,0.0,0.0,0.0,69.58607734745371,52.98432285339042,81.24262837519865,112.32676444918832,43.447144739779176,0.0,0.0,0.8155591838046619
0.8500000000000001,0.0,0.0,1.2110729297209293,0.0,0.0,0.0,0.0,0.9403625101362378,0.0,0.0,0.8307699236379601
0.8500000000000001,24.834552491904688,0.0,11.538177042698894,0.0,0.0,0.0,0.0,0.0,12.637051046765457,9.999753437005609,0.7391886013261659
0.8500000000000001,5.417567045170117,0.0,0.0,7.089655639358046,10.634483459036916,0.0,0.0,0.0,2.7422252944686414,21.068316286771736,0.6715215729350646
0.8500000000000001,7.129032477478484,0.0,0.0,15.795699410882827,0.0,0.0,0.0,0.0,0.0,82.89247566949906,0.7412353334819605
0.8500000000000001,0.0,0.0,23.615293144969904,0.0,0.0,0.0,0.0,3.0331569177017426,0.0,0.0,0.7179860514024936
0.8500000000000001,0.0,0.0,21.249774004974068,11.999872379279928,0.0,31.249667654373628,0.0,20.499781981268647,101.49892054140533,58.74937519022242,0.7669067285683617
0.8500000000000001,0.0,0.0,144.8319909451749,0.0,65.07311481277887,0.0,0.0,120.01811837065046,57.4770313715984,13.41974741275262,0.6939292630600354
0.8500000000000001,0.0,0.0,67.9829365049227,40.73685689400018,0.0,38.09160644633785,0.0,0.0,0.0,28.56870483475369,0.7702877045398445
0.8500000000000001,0.0,0.0,42.059091328343406,0.0,0.0,0.0,0.0,22.43151537511648,0.0,0.0,0.8082784800995814
0.8500000000000001,87.00315935041259,13.689308289400408,31.941719341934288,115.29439648183929,0.0,64.18764553474524,0.0,0.0,0.0,144.4982541658932,0.8081029387883395
0.8500000000000001,32.27550143020126,0.0,100.52473882947751,103.21436394866146,0.0,0.0,0.0,36.30993910897413,4.370640818673533,115.99008326478138,0.7629871175147199
0.8500000000000001,0.0,0.0,168.50755609490875,0.0,0.0,1.8558100891509732,0.0,194.86005936085223,0.0,0.0,0.8109797711512089
0.875,0.0,0.0,9.409008290192885,0.3618849342382175,0.0,0.3958116468230166,0.0,2.4314144019128165,0.0,0.5767541139420996,0.7591780414892381
0.875,0.0,0.0,0.0,0.0612202258581664,0.0,0.0,0.0,0.1938640485508526,0.0,0.0,0.6442061519066969
0.875,0.0,0.0,0.0,0.0,0.0,0.0,0.0,15.581003060602637,23.062357704781167,8.532454056996857,0.7660071097819021
0.875,0.0,0.0,27.38914671914835,0.0,0.0,0.0,0.0,50.92669468091548,0.0,0.0,0.7041330582807395
0.875,0.0,0.0,50.43802523418164,0.0,19.98487792297665,0.0,0.0,87.87001880420215,0.0,0.0,0.8168146734416963
0.875,0.0,0.0,3.6977234354668975,0.0,0.0,75.4335580835256,0.0,0.0,6.409387288142399,60.88917923735446,0.6792198263610595
0.875,21.8638537726289,0.0,28.6312370832042,0.0,76.783772177684,0.0,0.0,122.85403548429392,65.33127734440208,15.356754435537036,0.814675796299871
0.875,0.0,0.0,0.0,0.0,0.0,15.639406847857158,0.0,0.0,20.029415787606077,0.0,0.7619973069064581
0.875,0.0,0.0,23.299452341810294,0.0,0.0,0.0,0.0,100.21571669910904,55.581826068414216,44.63389063069611,0.769470459507851
0.875,0.0,0.0,66.21604956294227,0.0,0.0,15.49091067757004,0.0,0.0,28.248131235567435,3.644920159427432,0.7815970529331728
0.875,85.5304677288582,0.0,137.26260546808658,143.81534291505582,0.0,104.15403731498073,0.0,100.36034721410272,181.4073630055605,41.04082927312149,0.7742302828570464
0.875,50.79501575782344,0.0,172.92714923435085,24.277029590135555,0.0,0.0,0.0,99.72256770101768,0.0,105.69845190782164,0.806100404412528
0.9,0.0,0.0,2.614170941202438,0.0,0.0,0.4197938737697418,0.0,0.0,0.0,1.4215747089020594,0.9328934958558044
0.9,0.4822771256634235,0.0,3.524332841386474,0.0,0.0,0.6430361675512501,0.0,0.0,0.0,3.771654444290788,0.8541271437405197
0.9,0.0,0.0,66.96812119292503,4.237436948931911,0.0,0.0,0.0,0.0,49.68602540120265,0.0,0.7746506730522527
0.9,0.0,0.0,28.59596715605725,0.0,0.0,0.0,0.0,31.9275361451126,9.16181471990175,82.45633247911702,0.8533005657215675
0.9,0.0,0.0,0.0,0.1980916649566509,0.0,0.0,0.0,0.0,74.48246602376832,54.07902453321526,0.8166769104385385
0.9,0.0,0.0,44.62638796256245,0.0,0.0,72.0887805549077,0.0,27.952792460065275,7.846397883526898,103.2291721551564,0.8756096508104042
0.9,0.0,0.0,19.29146917622876,50.80992585851939,0.0,0.0,0.0,73.09021420289483,16.574360841548618,10.05330083831603,0.7901426198404511
0.9,0.0,0.0,34.80600931666933,0.0,53.84054566172013,0.0,0.0,11.692643754817697,109.31262301016258,22.02567777070425,0.2
0.9,0.0,57.44619689626567,27.71273820121383,74.18930955950103,0.0,14.722392169396038,24.82599463858868,108.54155795475496,57.734871252529366,196.8759109711246,0.7462075837299877
0.9,0.0,0.0,162.9840642477842,0.0,0.0,8.785386362799024,0.0,69.67720218771422,118.75418807645148,0.0,0.9216214609656732
0.9,0.0,0.0,32.40001981524236,0.0,0.0,0.0,0.0,39.20402397644296,58.64403586558839,23.004014068821785,0.8029645207942347
0.9,0.0,0.0,147.67872148923175,0.0,0.0,91.33247613299208,0.0,89.49109556579299,0.0,104.59041621681308,0.7992385286417918
0.925,0.0,0.0,3.0875269910754564,0.0,1.2932660226768258,0.5825522624670673,0.0,0.0,3.9963085205241033,0.0,0.9222610324862429
0.925,0.0,0.0,2.9055297764159302,0.0,0.0,0.0,0.0,0.0,0.0,0.0,0.8354936323854438
0.925,0.1956485950880267,0.0,0.0,30.912478023865955,0.0,0.0,29.640762155795784,32.67331537965553,28.564694882812752,11.347618515089978,0.8937794547373227
0.925,0.0,0.0,30.90236535613691,6.717905512203588,10.748648819525467,0.0,0.0,5.822184777242566,27.618055994614757,0.0,0.8558961911295351
0.925,0.0,0.0,0.0,68.69981584507117,23.084615539338262,0.0,0.0,0.0,0.0,7.571753896902782,0.8011022025584686
0.925,0.0,0.0,122.441521406466,0.0,0.0,0.0,0.0,102.45106893194097,79.71192924216892,52.22505708969696,0.8768566190245626
0.925,3.8151479729280977,0.0,110.91180178440324,107.64167495046436,48.23437080058733,0.0,0.0,0.0,203.5653954126498,25.88850410201041,0.786039425613288
0.925,0.0,0.0,0.0,47.33910754258131,0.0,0.0,19.04768824198579,0.0,0.0,0.0,0.871715360556165
0.925,0.0,0.0,54.37854899972727,11.230352510813724,0.0,0.0,0.0,63.83568795620099,27.78034568464341,41.67051852696445,0.7682652868439879
0.925,9.827586889547526,0.0,127.14440538351054,115.4741459521733,0.0,0.0,0.0,49.752158628329546,42.38146846117065,0.0,0.6706536051478579
0.925,0.0,0.0,205.2938027974011,62.12838768868729,0.0,0.0,0.0,185.03454594239287,0.0,132.02282383845954,0.826121487459213
0.925,33.28687966898165,0.0,105.03859806656465,52.14944481473758,63.24507137106311,0.0,0.0,0.0,0.0,126.12028852358569,0.8595226246580455
0.9500000000000001,0.2303147408775955,0.0,4.472954704412048,0.0,0.0,0.0,2.133441810234511,1.551594043806852,0.0,0.0,0.756999965802185
0.9500000000000001,0.0,0.0,4.0679178253225885,0.0,0.0,0.0,0.0,0.0,0.0,3.8900205443318057,0.5996263281319643
0.9500000000000001,0.0,0.0,7.956864746355384,0.0,0.0,22.73389927530029,0.0,19.530486195598517,6.4068261594026215,28.934053623109463,0.6503134556817807
0.9500000000000001,6.714492681280466,0.0,36.92970974704222,0.0,0.0,28.078787576263323,0.0,0.0,43.33899821553679,36.47190342786373,0.6926939002122696
0.9500000000000001,0.0,0.0,0.0,28.385885744775056,27.588529403628243,0.0,0.0,14.99029921353216,68.73211660672976,0.0,0.6495813437221375
0.9500000000000001,0.0,0.0,21.33324231860028,32.49598539228659,0.0,0.0,0.0,81.11593300212007,74.17022620071594,59.28656876913419,0.6749216206625076
0.9500000000000001,0.0,0.0,0.0,19.950006582683702,1.6397265684382247,62.03632183930333,0.0,0.0,92.91783887825058,0.0,0.7543689764892827
0.9500000000000001,0.0,0.0,0.0,0.0,0.0,0.0,0.0,0.0,39.26745860606417,116.65588067641062,0.728255502157546
0.9500000000000001,34.074966953575874,0.0,63.77333264705919,71.9013064158017,0.0,47.82999948529474,0.0,59.39673138696662,0.0,42.51555509803898,0.7667007536039919
0.9500000000000001,134.95198728309109,0.0,120.68120242097136,23.57781846785011,79.42002010223122,4.033047895817079,27.921100817191256,177.14387296240204,0.0,50.87845037799323,0.7121218922267993
0.9500000000000001,0.0,0.0,29.244566110105644,75.54846245110637,83.5559031717295,0.0,141.69688579539223,152.14137369185684,91.21519429580408,115.93381565077532,0.6833471775309519
0.9500000000000001,21.972621013247625,0.0,173.61972669483254,0.0,74.92303558614876,233.0538655011545,53.67082837661837,4.6826897241334775,0.0,115.98662239779138,0.6767435008733523
0.9750000000000001,0.0,0.0,0.1019151415174726,0.0,0.0,0.0,0.0,0.0,0.0,2.9215673901672745,0.6639971565357352
0.9750000000000001,0.0,0.0,5.395499281423174,1.083662646374629,0.0,0.0,0.0,1.1064765968246004,0.0,3.2738018895738583,0.6578361677965343
0.9750000000000001,37.24271272435044,29.904929176429867,6.230193578422915,26.166813029376367,60.22520459142152,0.0,0.0,29.07423669930694,0.0,0.0,0.7410251383843576
0.9750000000000001,0.0,0.0,41.44054933300179,0.0,13.966999960381248,17.343637313441768,0.0,35.301208691075594,35.761659239220336,83.0345821820516,0.6801452528853709
0.9750000000000001,0.0,0.0,8.461668547942311,0.0,0.0,0.0,0.0,31.12685215850244,0.0,0.0,0.7677923478743813
0.9750000000000001,69.89953587218719,0.0,24.52615293760953,0.0,94.67095033917148,0.0,0.0,0.0,50.03335199272368,71.8616281071964,0.7568352182932528
0.9750000000000001,0.0,0.0,19.424113253404936,17.8054371489536,0.0,31.02462533529837,0.0,0.0,0.0,50.178959237960605,0.6923734947121396
0.9750000000000001,0.0,0.0,23.149988847650157,0.0,0.0,3.67012018316444,0.0,71.70850204027877,96.83470944809488,99.37556188259197,0.7326911868118273
0.9750000000000001,0.0,0.0,0.0,0.0,0.0,129.88512704600743,0.0,30.5612063637652,71.4074340999544,0.0,0.7103463929033211
0.9750000000000001,0.0,0.0,112.15666535117892,0.0,0.0,5.72843183245292,0.0,103.11177298414708,86.22797389902377,68.43968557719684,0.7206441672448837
0.9750000000000001,0.0,0.0,0.0,0.0,12.006699302551636,42.834711025322335,22.39087167232742,0.0,18.82131242021759,115.8484230003006,0.7774581978423989
0.9750000000000001,0.0,0.0,133.63045888329526,29.57687489950333,39.554615829453454,0.0,0.0,25.300700215236912,0.0,105.47897554521408,0.7092561377136692
1.0,0.0,0.0,0.4737734784808829,0.0,0.0,0.0,0.0,0.0,0.0,2.237263648381909,0.6593657632027403
1.0,0.0,0.0,2.334173712620636,1.577390829231936,0.0,0.0,0.0,0.0,0.0,1.7415124184005502,0.7513962781190606
1.0,0.0,0.0,0.0757892638606314,0.0,0.0,0.0,0.0,4.562513684409997,0.0,0.1364206749491503,0.6842951858258842
1.0,0.0,0.0,28.818821247592517,0.0,0.0,0.0,0.0,9.51021101170518,0.0,39.866036059169645,0.7677838264515061
1.0,0.0,0.0,0.0,0.0,0.0,70.44240915023454,0.0,2.7653011856491685,5.385060203633358,51.81301168901526,0.7193182338454096
1.0,0.0,0.0,23.72557596316565,0.0,0.0,0.0,0.0,4.837253351713089,0.0,0.0,0.7245823428269337
1.0,0.0,0.0,0.0,0.0,0.0,91.0251493397804,50.27551853069254,63.50591814403268,0.0,93.40662127018189,0.680413349958925
1.0,0.0,0.0,18.76992461375408,4.83467755202841,0.0,0.0,0.0,0.0,0.0,0.0,0.7223461794406095
1.0,40.80286401117272,0.0,0.0,0.0,0.0,0.0,0.0,4.765297986705937,13.700231711780075,137.00231711780347,0.7588320717204813
1.0,0.0,0.0,106.70250712198104,19.96772063101412,82.05485196807021,34.63151546941575,0.0,18.095746821855435,0.0,58.03118808388368,0.7386448209277179
1.0,13.05297376183568,0.0,15.010919826110738,65.59119315322401,0.0,38.179948253370256,0.0,125.96119680171402,88.76022158048204,82.88638338765688,0.6836524270718239
1.0,66.80292476059067,0.0,25.90317490716702,0.0,68.50708100448016,0.0,59.98629978502032,47.03471233143449,0.0,125.42589955049506,0.6528426139913172
1.0,146.71446455975072,0.0,143.67375026835626,0.0,0.0,62.714732259996495,131.1308038163563,64.99526797854146,39.14919650169547,45.610714370906535,0.6228825085061392
1.0,31.93341616527414,0.0,115.20283046965854,97.41713032697405,101.45933490485496,21.42368426277934,0.0,35.975620743155055,30.316534334120668,185.13296966703092,0.6944129552537467
