frequency,825.5908837416666,825.6905960505853,825.7902870057709,825.889956603516,825.9896048401135,826.089231711856,826.1888372150361,826.2884213459465,826.38798410088,826.487525476129,Max_Oxygen_LifeTime
0.2,172.5618667942762,223.9314398573122,198.99475390438212,393.1268540479429,577.2842798103316,838.4960651672744,1542.334026188726,2718.472819158674,5370.988103971848,9058.500539261384,0.45973694591830416
0.2,339.55383131398384,423.9150316404395,487.1859318852812,832.3638432210287,1193.710984619347,1799.3541019630263,2932.078968846373,5289.798765470126,10282.75155729154,17153.444066379307,0.971616363897645
0.2,514.5827680785177,546.9304027964394,663.7649518763013,1180.47585381784,1642.493715479735,2540.779019060969,4306.491685209629,7680.647925029686,15168.486922069656,24357.76894259504,0.9117780783164717
0.2,764.5289570979297,831.2328258380178,1074.8234720062735,1807.485803552259,2569.584255311481,3716.782775181493,6456.502404202512,12141.724447588458,23674.47227975628,37873.21441233765,0.9391676774955388
0.2,891.5967701040782,960.4845181923324,1164.518459094946,1963.0378901790175,2467.601205375044,3947.3731375914263,6596.39627495462,12279.372561899345,24060.49213667181,39205.01657230283,0.8415457954533347
0.2,1021.0951422365216,1285.8764644742753,1514.6292266667194,2422.4917516179817,3116.4704439193074,4677.422104929997,8034.940772009592,14822.893049117629,28692.173020845497,46798.52603028292,0.8653322467273351
0.2,1145.3224721222668,1349.8894406821423,1849.942030495172,2582.342288302134,3748.81597476624,5501.525557242211,9656.002881698943,17555.507903726368,34764.7041338259,56255.60066419951,0.7316352996703497
0.2,1368.3366143755352,1726.8512393872704,2148.653606156654,3210.6358222437907,4824.820971908654,6811.082405533319,11650.160506079685,21714.30238492511,41630.46788727438,68084.74394197152,0.6677301296999959
0.2,1790.8477044123133,2002.1015483578144,2670.879655420255,4076.9298298771937,5601.112846030433,8637.934952438249,14958.23438195528,26686.863094995097,52757.28054700168,85158.77175936404,0.7000370427067865
0.2,2083.158798734907,2290.6716756224782,2826.570510436003,4757.581374996724,6746.070348023247,10311.826238655509,17716.359035132595,32569.3784757371,63515.00038731523,102885.81415378898,0.6751327152436368
0.2,2436.7478057546227,3015.486856200667,3836.8933882419656,5535.107896235934,8041.450904259384,12234.103977783452,20750.816855431283,37282.42457331487,74056.62102479817,120669.839197037,0.5234310677705861
0.2,3077.4422943343625,3803.152117383252,4744.669190863288,7191.171433221149,9925.0733074181,15689.547643516878,26344.96625191676,48226.99736066911,94816.1258517176,153366.3325689296,0.6944522570889506
0.2,3763.224593342514,4550.579672544866,5722.740684822172,8542.24813393764,12034.334252822442,17748.20333111839,30399.668712921277,55378.78583831985,108921.1491257114,177406.07018030313,0.6630253734709786
0.2,4092.396732608574,5286.112927447258,6637.785507663584,9795.70744128228,13367.812721291975,21585.76496969909,35551.64156234459,66396.54457261563,131669.30783857504,211010.43848158533,0.79822163316433
0.2,5174.944514063637,6206.394769241068,8180.173783595844,11630.35522801082,16563.492153662468,25427.80448008248,42694.43902498089,77763.09239589587,154338.11661349653,248615.5532792313,0.7036243975064377
0.2,6290.669846532422,7920.605310970093,10112.207725991018,14665.013948954083,21118.677341930277,31871.111971069786,53360.562920901415,97621.38703718998,194453.50352290677,314736.1329519295,0.7339582087744879
0.2,7423.444799743657,9556.178666629205,12521.973528483788,18223.92180489944,25543.132188850297,39334.64832843548,64046.3481850635,118734.40022722942,235785.5775056798,380835.9103950984,0.7500676178642665
0.2,8790.406847198563,11413.211089603694,15647.453126282076,20956.898988341414,31130.7529967808,46711.6328582174,78739.75698661387,144036.2742871032,287878.3005548628,465771.1838472827,0.6612667032813783
0.2,12311.381806907772,15704.869565886678,20617.70223673495,29022.04491894079,41616.83889033472,63775.195224238734,106223.09234126216,194407.9593263193,385511.9294719186,628141.509672218,0.5525249130712094
0.2,13893.63952722077,17867.297480406487,22867.51206478304,33180.66709469361,47651.03656151276,71715.06496463744,120336.00492162412,220683.61521759973,439386.6333145355,714894.7178001261,0.5601010204217014
0.225,462.30073663318126,413.8105260352121,500.3121305341318,889.8775512703592,1402.3122344539834,1998.1665172256392,3388.1507320360706,6587.682763525804,12513.350872192894,20013.923490323687,0.8247662403650454
0.225,557.5120295404439,807.3112224464387,885.8550482755873,1506.9975189940756,2007.838686860324,3208.6147076850607,5272.378586987025,10192.304183386288,19658.823647085504,32046.62660752518,0.7810588398643363
0.225,789.1879743237954,988.7246654582948,1146.7251474178577,1815.376671586935,2660.2177366353185,3879.9705982234896,6495.665862279137,12308.834797330886,23657.45017079412,38378.09988518472,0.8336496532846075
0.225,764.5289570979297,831.2328258380178,1074.8234720062735,1807.485803552259,2569.584255311481,3716.782775181493,6456.502404202512,12141.724447588458,23674.47227975628,37873.21441233765,0.8326921862102807
0.225,1069.2670209615826,1398.5089525957965,1521.897751273665,2439.1596187517885,3330.2667533430817,5044.786419759755,8573.829143042745,16130.085325417876,30842.27642562972,49267.824190291736,0.6972630871582721
0.225,1049.0747262297352,1458.6946130564115,1709.9325339959246,2745.50692633507,4040.551150522625,5960.562050913581,10078.49316397983,18537.93409039795,35977.07271267643,58146.59661964304,0.8245197440059927
0.225,1310.3496309197817,1696.8681067069658,2173.516451287574,3192.6772753362934,4445.135798223376,6841.897001445432,11401.428402368154,21005.459228990523,41665.99838317544,66839.61739052032,0.8684417707442
0.225,1540.2743200048812,2021.563516661796,2222.9381921385097,3823.513246759338,5302.742378634495,8101.887590436503,13608.610231845933,25140.19516025367,49181.57693417229,78468.75039292147,0.7852449718092277
0.225,1729.8807191298008,2523.2328144681105,2912.608075983845,4464.430732816348,6216.213810406409,9014.03730408926,15955.05693983798,29154.067106759903,57054.02139205454,91810.22507387208,0.7001181046785798
0.225,2224.124827008284,2760.9979072456604,3402.5723765749726,5429.323946699308,7277.414848628468,11326.90814844383,19178.175716861293,35069.17335406171,68794.60462513924,111363.07066513917,0.8729390368811302
0.225,2397.977115562731,3333.2738666704654,4040.101182393105,6003.510392733768,8549.516663306427,13446.378228393638,21879.756262045976,40216.80834165181,79449.77017717656,127607.79531042198,0.9409197834843136
0.225,3066.111446714678,3903.1786821674577,4770.551722649115,7238.384776983374,10310.243876375942,15552.10311861208,26454.355220810743,48498.17078216023,94815.36863000091,153919.5261445086,0.8786739544765398
0.225,3691.7324345019024,4257.532387972773,5726.479290981969,8618.907029310736,12166.382928056672,18419.370509074037,30729.448663409024,56395.885838418,111710.68962288272,178673.2263780558,0.7488796733202973
0.25,180.80320335501253,278.9580812152935,253.06054015118028,539.5321055023585,658.7886834889539,1066.5950245664403,1741.6895672439098,3416.87680681701,6489.092511570885,10618.471420380194,0.8907084191471129
0.25,319.59446836006634,441.96346686443655,503.6327878222649,724.9054142778691,1098.412056305471,1657.50844725333,2983.7867052111537,5283.780876782992,10477.578844998588,16706.955976468278,0.9102083319707164
0.25,520.6158430748541,594.011820951681,801.2197584946192,1243.2476252576305,1875.491434685343,2654.7631997955737,4494.146645364664,8402.305467359038,16512.20702285509,26133.92412265645,0.9443221441693939
0.25,687.3963446960273,897.4487036558525,969.3916365995924,1649.9612796294252,2453.674118099456,3486.8691587330954,6119.612912845802,11196.840994353472,21748.29611580288,34830.357031820786,0.843301338754155
0.25,900.9295423044564,1247.599232375264,1307.876829037279,2180.5788138805,2802.761226255248,4642.25705414581,7722.589262103214,14356.35930255062,27776.210578913346,44823.302989044925,0.8709211639441403
0.25,970.0720481720168,1269.293633684725,1551.805844204997,2399.342475765811,3442.4406813121805,5206.826907365399,8787.893514540758,16512.885119840408,32269.825737708165,50867.360104290165,0.8162583665516217
0.25,1064.3100260435203,1582.10922941167,1881.766129767489,2807.13831985308,3932.5017892510346,6237.351780534119,10454.659632568271,18857.923568427545,36272.67574340134,58103.73699388349,0.8839646218926953
0.25,1441.55142524771,1681.202975983686,2294.536124067856,3376.6102232116014,4876.799793852157,7389.863167831237,12368.278132892114,22784.01528782744,45121.142349586415,71113.866090277,0.8620823431292292
0.25,1660.7241301891092,2065.8549520777806,2545.142668146458,3872.9413734116406,5540.690893575697,8541.703311207673,14768.150326226913,26788.59257336304,52293.88057796888,83602.14070188183,0.920458161603352
0.25,2127.286013748544,2381.630836047774,3149.735299403256,4920.431562287099,6894.772682892252,10063.942968717043,16976.460639211567,31175.83071866759,60505.76022699408,97391.67445624986,0.8298172285604452
0.25,2061.806851501289,2586.8163149818893,3640.836160801112,5246.093715947976,7626.195889932001,11254.140201079485,19307.5453157404,35032.04552085114,69765.35576696988,110175.52532608376,0.8914172453042928
0.25,2660.445924894222,3067.8282048726205,3869.1731132536574,5948.73983422574,8474.030696821246,13345.843492092326,22293.39618022964,40671.12973996104,79590.51567601495,126275.56641499823,0.8738477512417712
0.25,2912.4461814056604,3730.9734258511658,4888.91525459266,7271.026148035839,9773.173906656868,15706.20292818444,26386.37952732739,47449.74496435428,94385.1940494552,149712.87569138678,0.9391192474088602
0.25,3633.20262214231,4159.341553724562,5630.561643076183,7960.996141487801,11228.854890140565,17588.463514296935,29426.58947489762,54076.36249611602,106383.9793532123,168385.7880630065,0.9311141893419929
0.25,4287.355104376908,5325.906961958891,6801.425277101593,9634.444650843589,13811.04509907976,21080.302885453424,35502.0116350578,65309.53933772112,127760.03498359068,203185.77146553257,0.8825515117549522
0.25,4635.309628737502,5890.879216320188,7568.596500186403,10976.479721093456,15446.767977647396,23449.025293106883,39915.34391905117,72640.74502912782,143576.26921235883,228320.5003881128,0.9153880401320287
0.25,5150.769441303416,6362.912706173385,8379.56989420913,12030.10218663747,16993.50987121029,26077.533108825843,44610.90143230585,80923.49021973736,160264.8144937497,254364.06696099337,0.8366406301068983
0.25,5740.623189022079,7026.290953221926,9141.034191531957,13325.285518669449,18764.812243948192,29578.84016712448,48773.38633115707,89853.26325422431,178856.2470580185,284417.41597006435,0.7023520808996986
0.25,6948.626490422295,8543.269448997964,10401.421116164029,15854.314793642005,21908.21973770437,33057.88477998037,56320.64498533851,102899.01814562875,202803.5505082504,325195.41773605155,0.755610973873429
0.275,117.50434582405396,234.50074779007892,249.7390635309505,553.4894906323236,596.8340331841359,962.2149817263672,1763.073131218839,3320.9369437939413,6480.347740734643,10276.88945026312,0.7349682530279553
0.275,321.29030241189537,465.7989924922297,434.14275028402,987.921428913352,1156.8917607000303,1705.3258789565482,3088.7447754581835,5818.787325894768,11255.438585133292,18217.756270796053,0.7725901930008846
0.275,394.4964800499898,548.6077472714359,704.137216338478,1152.2889995468545,1681.5146549284768,2402.197559465576,4391.225647914147,8128.6602450084765,15769.931789080423,24944.04316126751,0.7802447031227839
0.275,626.3732323368723,704.7365218292299,926.2327584555876,1553.6721579964376,2275.7338968903045,3389.878625046953,5984.129974125583,11000.180127039455,21385.1817773838,34087.23130377258,0.7744336608163489
0.275,882.8558092679808,1055.5884676030207,1409.4505107199425,2209.838470956437,3090.5950986127077,4819.720980487428,7824.249633020004,14682.575841565766,28933.619920381323,45179.486296496674,0.8173128926325012
0.275,1010.8463930211644,1485.744984529518,1469.3580913177957,2542.217629238224,3554.6705804174007,5465.832165188502,9175.37495203826,16950.795125184846,32939.583225352086,52359.65823940142,0.7840962965634557
0.275,1262.3283076047426,1492.5664657389043,2056.217174674868,3112.1966969443315,4103.778779495066,6331.030014498168,11023.041321316452,19909.19555691254,39131.13886736445,62730.37696471895,0.80167380927598
0.275,1345.1426420382727,1761.891502433714,2122.713026585611,3320.6404867699102,4709.442533230562,7104.936632075007,12074.531484219086,22679.79772209165,43827.18643111019,69728.03789930583,0.7916037598162216
0.275,1419.1657845590998,1878.0714545862943,2500.6534802565225,3784.05967076591,5216.227782642447,8277.893444507215,14008.47799897181,25444.407296049503,50438.322192688975,79732.56563887495,0.766825166377979
0.275,1812.687987745807,2394.3306158081955,3092.1334213996856,4486.47642195735,6246.55563364831,9770.50188890618,16930.34587486663,30321.5941669716,59853.63582291205,93575.86127406896,0.8298172285604452
0.275,2198.1184872593526,2637.2168427106835,3303.9633983960043,4594.115794722096,6892.487047084495,10671.009385968277,18260.45015376914,32866.27112378185,65243.09861706061,103670.1148165581,0.8419934897076728
0.275,2585.488187718147,2991.209522770762,3959.840230113518,5627.702678324095,7990.623733670522,12444.748470259568,21061.805945251323,38412.76863973,75193.37830873404,120453.33203957486,0.7573560230931569
0.275,2777.274408808244,3398.883040243671,4270.909740488931,6395.519733737693,8982.515846166812,13773.979682449408,23803.51910765575,44029.70765359311,86124.59066136222,137145.79333450226,0.8159663184531726
0.275,3112.417370250086,4020.1406347696993,4968.50822456631,7232.0844938391,10176.713752048248,15850.244695842475,26748.134681010783,49008.1979054731,97093.56119472104,154076.3841519784,0.8465959102028908
0.275,3673.551218966,4497.995339635342,5756.4169001086975,8502.115311577056,12137.241444727077,19146.994232186426,31553.211277625363,57669.83798708092,113803.23761631404,182008.89508926196,0.8661823154686811
0.275,4468.018164030542,4879.47533132448,6376.988044847766,9608.242514163388,13706.666885479315,20926.30485578807,35048.01719781099,64750.67951005041,127816.65721738714,205232.80168230823,0.8753687785904483
0.275,4496.209469835291,5591.840396494241,7355.219020187632,11061.87461813187,14884.08992042725,22872.07640281871,38534.476548227176,71442.13246512949,140263.24590616493,225358.28895509412,0.8164756490907241
0.275,4696.355844365397,6129.7104618522335,7798.342912012288,11871.015339598682,16757.30217179246,25556.56167364081,42263.91659603896,78551.25048165825,156252.0833223133,249402.38904140968,0.8361569321063043
0.275,5874.248415102356,6860.027154326342,9251.427088616472,13867.566522867492,19363.10569570682,30018.735592714296,50189.612499914736,91486.64974002402,181002.45119493763,290298.36402805,0.7819711433974208
0.275,6361.015098331557,8209.048049565366,10081.4555361272,14432.679403320792,21047.041944607256,32303.645532458275,53434.15179500696,98234.54772791476,196540.74181724832,312307.966668839,0.8320106428086772
0.275,6589.752300065778,8855.661217428822,11654.358618626971,16546.821289633255,23050.11230065561,36618.30323621659,60682.58308943553,111608.2823360077,221784.1114238096,352272.11199255905,0.8289673586522995
0.275,7925.225356464784,9532.711816886544,12549.28984833051,17964.49461636739,25318.115025094947,39260.23456826738,65979.31022629439,121777.0597761086,241196.14750607507,386891.1747681556,0.8365105221819555
0.275,9033.278643856736,10891.411405414923,14980.500621140302,20661.786432365607,29145.235639645307,43562.22522081006,73485.6020537448,134794.5770828285,271473.7950337998,431286.8941312024,0.773445122916722
0.30000000000000004,128.71682805305966,96.86193555616586,92.39360221949752,218.08349478642697,339.5933335867958,538.2179573909573,1066.9226889683623,2040.875216577013,3836.856938347587,6228.568391745594,0.7407217240849905
0.30000000000000004,286.0132348686781,333.9686937544753,240.15940963923083,658.193449647693,875.9991194875681,1392.0457109239742,2411.911207068933,4547.171001920202,8755.978985168105,13969.558913756277,0.867026873689901
0.30000000000000004,350.11279443824736,411.0117464875189,545.8433746408876,1118.8777942927047,1390.1140862612313,2120.002633331468,3635.734853155588,7145.851572748286,13762.938443755113,21632.386420926472,0.8479892845776956
0.30000000000000004,531.4819358155044,712.1196449725214,754.6076695207211,1392.9457149784046,2022.3790846325733,2961.6951722490608,5322.960776032544,9774.281000555316,18797.770621219985,30081.26696081674,0.8758760872989872
0.30000000000000004,771.8486028767958,1017.9067300089698,1202.8195602427527,1972.3050598577747,2926.7033897065794,4262.447508424096,7282.493476970732,14007.885359978343,27125.766953991213,42921.93070731671,0.797632544766235
0.30000000000000004,1069.7831405258687,1270.8336246501606,1626.5632715603997,2557.2324480712336,3698.356082963787,5527.591213520449,9239.891120383178,17205.381591397865,33575.75512373113,53362.365511305376,0.7840962965634557
0.30000000000000004,1099.792648025461,1506.4358333187045,2018.705007820898,2757.4120058349317,3800.848295400665,5947.114402010647,10280.14220214778,19151.37544280237,37304.19720487221,58989.92146224077,0.8105519957228438
0.30000000000000004,1451.3543733077577,1790.5795155116218,2246.677458604792,3612.7661406977104,4730.040715236982,7364.089029619534,12105.523005320569,22674.42594611854,44671.87170595375,70774.93400268968,0.77806321886658
0.30000000000000004,1524.4348266077911,1900.0033148768875,2542.66864728767,3880.0968042707855,5303.058157340033,8142.760267399534,13866.097447326412,25361.37021404729,50673.75323397252,80045.85276994942,0.6703456165782044
0.30000000000000004,1488.898078636643,2327.719714617509,2775.421661147918,4608.769392373455,6501.177435733537,9527.70867574722,16235.80370853955,29448.793259647315,58812.50662908682,92450.86496770504,0.7814791732500574
0.30000000000000004,1837.4792013229292,2290.449280704544,3223.723840809768,5070.314509246696,6964.198030799136,10723.762913789262,17920.520295688537,33496.35638737493,65996.09182423302,104308.94327982183,0.804430205528871
0.30000000000000004,2323.394996634533,3160.356870672484,3884.266084681962,5823.375084676503,8164.4490981056115,12029.175216856727,20616.05976889589,38309.49891927794,74818.06431192947,119302.65770263916,0.8523502692667881
0.30000000000000004,2794.362606315872,3664.499554219792,4402.812759440111,6451.844927084826,9512.862404532543,14170.801723006696,24182.890164470293,44367.46095484521,87596.12516681156,139049.98944508165,0.8192687141174579
0.30000000000000004,3197.9013328363685,3599.380635232156,4997.333630335225,7387.115956035602,9896.103575892052,15125.655311726126,25958.887953364647,47209.94084791596,93996.21266335514,148551.98624855137,0.7077329333746215
0.30000000000000004,3266.30584263012,4373.171357144194,5747.058482266768,8503.696520415933,11633.167637277797,18274.360724362243,30484.228562145123,56136.584743113184,110169.12783251042,174516.35010846297,0.7396000724320938
0.30000000000000004,3670.227418475649,4842.790556294489,6256.387030288602,9024.777159548072,12874.32406484011,20045.93912524352,33943.19935351347,61425.65732650277,121755.60272382232,193316.3042922071,0.8241658209092182
0.30000000000000004,4793.057748555607,5405.561748562331,6541.933940191572,9974.279209690329,13961.668024105353,22361.28625174247,37472.16337765684,68068.02186901066,135444.0731511874,212540.72184664445,0.8088869096929134
0.30000000000000004,4600.137249219266,5766.46922751858,7580.189680767654,11392.229893183674,16165.348310186126,24330.963062518516,41201.14508620927,75322.97133567979,149702.2916739752,238190.54987261636,0.7500953902929088
0.30000000000000004,5320.355767814212,7316.858994278993,8551.060988820858,12444.755960502604,18458.237376749872,27997.618830678337,46552.42806160713,84954.4655932208,168721.98775883834,269023.844192067,0.8399572348441947
0.30000000000000004,5961.36368347957,7403.305272062372,9687.036728868052,13492.29978735086,19977.810313821,30079.288732495545,51372.843857380416,93485.28213716416,186612.76772897635,297736.91763299133,0.7962337857581046
0.30000000000000004,6688.863013656998,8096.769818650947,10140.361095216093,15006.480958581506,21526.723443394505,32798.931185762594,55828.31721805897,102944.32507633288,204980.63606592617,324257.2769670167,0.8213576247342389
0.30000000000000004,7130.01468236927,8338.505056396398,11552.50837081682,16790.870479416535,24112.484675276788,36182.4687813008,61074.700656973255,113000.5245447522,226297.8712866339,360697.8628053869,0.7957711616736298
0.30000000000000004,7736.049806442791,9373.744649555918,12508.923527909865,17964.102169081114,25875.415485364287,39429.39863939213,65805.33410169593,122542.61572216215,243846.97436782415,388123.8956684245,0.8035843122847343
0.30000000000000004,8479.977179974801,11089.931467804554,14690.166128820125,20665.519627354595,28921.02174453226,44000.5657707428,75472.8329405271,137702.50054164944,276705.22971627,439966.8062542516,0.7433503506397324
0.30000000000000004,9573.944716939312,12594.067457538162,15870.520712646769,23358.11813470133,32404.75436464915,50362.53783830391,84018.73439343461,154030.8371011577,307099.5193067805,491933.9605230246,0.7786844305942255
0.30000000000000004,10678.090227910774,13757.649927460596,16752.538384112693,24730.66246209378,35529.57569953277,54683.35247773373,90730.46925745034,166758.58584364862,330143.6410433048,529762.2800295085,0.8174794864497246
0.30000000000000004,11047.799381262212,14213.894909683931,18188.77496561525,26742.16450532652,38020.76337370732,58560.931404667564,98636.20474276818,179451.53284767852,360678.4463655,572812.7647053226,0.8171196267616777
0.325,134.31223403529057,174.13186106692973,146.16331350899273,302.913591347826,485.89425842178656,760.3652590327275,1284.0249573773783,2445.11471701422,4913.931592975844,7736.3846804327395,0.6904838691894314
0.325,91.66076454521745,250.4431913164604,219.228009689841,601.3884413960824,721.7383035056494,1187.8008129944226,2075.538926306371,3864.728180696876,7423.078451555604,11947.475441656645,0.7902560967884147
0.325,281.47823127595177,293.77778149646264,327.24868865391824,883.7529281393244,1042.4372891809965,1657.6164321773638,2849.2613797711138,5328.729725043593,10204.190779665738,16302.953001301634,0.7698843571903901
0.325,411.4473340733932,558.0494799757121,879.1322126404629,1285.5325875926287,1629.20647060954,2503.5320555155004,4421.376521581902,8132.573795391093,15837.357722411489,24521.011387563267,0.8540364758011214
0.325,857.7700754739806,870.4537457784446,1252.4387002966032,1939.7166493524403,2790.4074669820693,4241.065386920528,7182.202052171924,13517.547884713244,26520.669699403577,41313.95884148441,0.911080856110562
0.325,1080.7255330179942,1391.4990712085655,1674.994681282096,2677.783276822831,3522.749573972116,5307.180704961864,9599.232799282425,17204.90368534446,34044.477976264265,53564.43344192281,0.8393893428768292
0.325,1399.1540539540806,1507.5822100470066,2104.655135816993,3162.727241796637,4385.236750062905,6842.103876367184,11553.702195597209,21176.16249840021,41612.71572014007,65358.12287086141,0.853862127489083
0.325,1618.256430890743,1710.7065758538297,2140.37241351014,3559.33058107882,5077.180092235063,7804.838262682842,13099.124637966464,24552.33358036061,47823.62642252369,75067.24434580561,0.7881536447098433
0.325,1958.2096484124684,2166.798010047766,3068.6478855001874,4035.961164896629,5914.882839588077,8620.025860951895,14871.984240102667,27571.07139525596,54183.774820971164,86034.36377219499,0.8422857745123126
0.325,1682.1490943492554,2399.3870373418904,2859.6534603937343,4518.134125274759,6398.928966946664,10011.7456650616,17169.75497709652,31061.8551233693,60392.111040821794,95773.87719266945,0.8507270960130764
0.325,2053.07291072026,2802.981466721591,3514.375081780256,5323.67107218105,7183.263044283444,11427.156419213032,19358.96866864101,35273.34226615082,69224.03614863525,110035.82692234153,0.7855066817485893
0.325,2551.980529439288,3112.3964249622068,3963.218477783831,5897.964515706974,8404.295916741448,13207.652608784076,22053.385309780577,40831.68847102861,80650.8404237164,128139.04594841282,0.7770964449164884
0.325,2889.481499992718,3343.955444494465,4242.263475265479,6491.326841645923,9484.6736243843,14620.17853126247,24733.110451279063,45382.54198094823,90210.7980139757,143011.3478226275,0.7981384129485255
0.325,3178.190725977186,4154.018703734744,5280.821761055019,8030.882425644501,11289.519726863133,17574.27066661622,29140.94537530434,54336.70254013769,105574.00791771962,168182.93260922612,0.786338007417429
0.325,4013.908894668845,5057.477691344364,6271.509916958915,9719.385195673422,13249.81941732356,20273.86300837916,34497.16521326742,63387.44969766921,125782.41023242164,198150.37228395187,0.8731201779845464
0.325,4309.893862565463,5601.46022262167,7150.447800962392,10851.833585652335,15237.55201498972,24039.57357286661,39390.54384739753,72863.58558041813,144765.02749843625,229278.8347499288,0.8598952948851466
0.325,5104.871436177824,6468.8697200609895,7941.722368205391,12057.612080302477,16348.730769015208,26494.090267387077,42820.25366820179,79568.55779822197,158294.82176566645,252053.60793913816,0.7899872613901785
0.325,5824.5432881804745,6772.627409468923,8669.493285689156,13245.969985948335,18697.27927494609,28746.69190714632,48762.49876799026,89024.33159197775,176314.34594663166,280387.33285892813,0.9136288311130605
0.325,5787.57542320712,7765.560501725206,10210.177672395565,15201.209142119822,21118.074348821367,32138.9138246216,53631.48271873715,100405.40559914093,198973.26157424907,315071.77192857483,0.8563762312848724
0.325,7003.547402199072,8998.97589057822,10917.777422898922,16635.08663411692,23113.97395963009,36884.15072641896,61199.13493610798,112959.07993815908,221162.5971544052,351162.5738307051,1.0
0.325,8075.534194150652,10101.932197583616,13242.974343819636,18980.67812609871,26696.35342470771,42123.52932476164,69694.89927505556,128363.58840040544,254339.2500229706,402394.88494623,0.8517081958335102
0.325,8879.586240880833,11251.404017612102,14481.543689074448,20381.62728717978,29992.01833802119,47166.37108618024,77489.93384460473,143065.37483079074,281727.45281023055,445840.18205352017,0.8584751997628941
0.35000000000000003,360.9396477098463,443.8780775210095,463.8252948173652,902.6640753371902,1095.837127049266,1765.6436867900518,3011.8198410413243,5569.473039850886,10768.557750114707,16957.654350402918,0.8523549816245227
0.35000000000000003,605.685162195205,390.4299838829348,627.3757168553681,1169.6395833594445,1544.0374181457364,2170.7058343056647,4048.353413800648,7527.094000873535,14717.041336920624,23287.875397365267,0.7463067162827757
0.35000000000000003,548.608683015581,692.2290504652809,895.5152323334222,1439.8997868946003,1872.8729534709007,2975.106472041667,5254.551789248851,9867.036053428455,19203.679977800944,30432.46944171754,0.6192042971891081
0.35000000000000003,700.6619698001596,806.6184730551377,1197.842485073518,1634.03477433539,2452.4574201669443,3796.446806281811,6471.778250536813,11980.954316330124,23294.129715594398,36350.38796150952,0.5540864987958815
0.35000000000000003,892.4893747976679,1035.6008289318904,1272.3453788782192,2208.676336999282,3161.604465949914,4639.378978114895,7792.841435733322,15146.327575732916,28926.050368442317,46305.48030616897,0.7302500020489329
0.35000000000000003,944.4760589060878,1123.919900748637,1764.0354102311744,2440.171875074371,3389.935413666427,5484.7687717509925,9291.093210687426,16903.411621079915,33672.65344512837,52602.49165585564,0.6804298684094228
0.35000000000000003,1224.0518632313672,1392.2156729969026,1925.1976651050256,2965.4506536133176,3932.3925597651473,6147.707541304516,10541.855686148994,19386.09076379715,38040.11304169351,60080.34294350497,0.8338688810904584
0.35000000000000003,1260.2526408625386,1793.1805904589555,2213.387995931303,3316.571026129156,4697.674873314876,7216.701852821934,12076.620394564568,22068.834661720128,43403.69227219304,68853.03453097171,0.7947853517880402
0.35000000000000003,1575.1240431331105,1813.707854350084,2455.686662164177,3732.9733488603088,5214.311979360432,8084.773458064642,13493.327191623104,25123.503173282083,49272.26590731586,78314.35121680304,0.872504444314464
0.35000000000000003,1670.7619479795862,2469.840257186603,2842.9393206766435,4306.377379607771,6045.128133307703,9039.153688918446,15548.871994648503,28552.780298629288,56912.08627974574,89862.31538292918,0.8146116015808736
0.35000000000000003,1944.7309473984185,2675.678467324671,3265.166668681558,4982.313223428945,6913.656853612598,10965.55153061527,18327.237267015385,34184.514507906344,65811.15893997796,104327.80929858275,0.8459107878036762
0.35000000000000003,2416.831355771976,3084.898559806505,3862.233570526741,5910.525701117544,7834.214192505351,12576.341153711715,21236.294078320003,39198.38791419818,76422.28739179502,120910.5790349266,0.8494062754673287
0.35000000000000003,2914.784566692666,3541.963629488122,4510.764036429475,6711.392326939846,9761.882304880652,15132.463251959534,25700.19467846041,47134.83818714822,93816.45173827469,148542.93356856686,0.794213019500791
0.35000000000000003,3162.2973624401707,3849.53765713569,5172.213444841583,7406.433296241452,11146.29908597986,16878.996395861817,28748.35824578757,53069.05929222966,105194.60985589576,165664.04018033989,0.9166130334041646
0.35000000000000003,3887.898133486213,5128.125914522128,6444.86526015926,9611.456788654936,13897.955492563637,21575.027160050617,36052.37264584447,66412.03807385941,131670.23239123265,209953.90355321692,0.8443615931248561
0.35000000000000003,5234.629075435487,6119.14716792574,8068.710945379598,12015.48704699961,16827.990264941647,24947.034182200437,42473.64609682521,78797.94524259714,156016.10627447953,247995.92129909009,0.5672028010280062
0.35000000000000003,5359.9665225301615,7138.001255576959,9157.417673594957,13417.517054187889,18477.911664119863,29539.80209622272,49187.98389372975,92067.71607397102,182220.90181922703,288078.26504504995,0.5053471891170971
0.35000000000000003,6419.954719931222,8386.25373428403,10580.708181113683,15055.946157331791,22193.511376033097,34613.33733380135,58043.20449933734,106456.09152108784,211396.02852973665,334883.614767069,0.582362436670972
0.35000000000000003,8440.940482467453,10119.957477726335,14046.776112121195,19835.15192980991,28706.42870097816,44165.02530123459,73923.48513422109,136642.35370239208,274220.3360980455,434286.0350882876,0.6153543183338227
0.35000000000000003,9818.053979614002,12561.417468410496,16929.740036151798,23318.58965477018,33822.48450658331,51683.75391548689,86998.39290612169,160076.96705892397,316433.50825233624,503724.9826176511,0.6006659417228113
0.35000000000000003,11215.52088328094,13799.096229608156,18405.470878098546,26122.149800113093,38130.7682315689,57056.95972210549,96709.8343592625,179748.74987044008,356144.86010541365,566215.5717924383,0.6004280235961192
0.35000000000000003,13329.195995231665,17218.792331933106,21615.917549463986,31629.76863565682,44293.92678704301,69850.8498486373,113831.94633413458,210905.5952907093,418005.81778744096,658223.3935705366,0.5690224900158267
0.375,422.9126805965171,487.08194934013375,596.1232067341781,1200.8488154376091,1518.9051909494483,2199.4249359225137,3925.2527688350738,7300.88180104004,14079.807050161891,22559.450418340108,0.45973694591830416
0.375,720.4846776165299,708.6648414908486,791.1410313456028,1464.6090274844223,2039.84105226758,3006.440984323297,5199.677243199718,9693.053612133725,18892.300737238987,29903.922734948712,0.5843958185975948
0.375,788.7628205755559,770.8879796776208,1143.7060898345565,1757.1252330303664,2535.673858807102,3783.791717696265,6623.337871768265,12328.24939454262,24045.63319458914,37604.40933475629,0.5565096326650063
0.375,862.5417418518562,1253.4007010072728,1330.7516258805174,2307.267587647645,3163.494968285359,4820.69906893704,8119.9528033264605,15311.378790113276,29974.904119655537,46844.35153935846,0.45284481909635943
0.375,1185.4548832002242,1185.7904209537485,1560.9216293935592,2473.248781225263,3783.523708736409,5629.987966378875,9632.617828166443,18194.534684837865,35898.84871177719,56902.84100687134,0.5545697635220345
0.375,1350.2560711614017,1655.470965427717,2040.736233160288,3309.1142967580317,4377.914716919357,6988.141734830447,11776.90859684602,21613.23530906944,43118.27467957261,67326.38488013497,0.47333689335885143
0.375,1471.712111011562,1774.4664819431373,2314.4226503755463,3532.26063307152,4968.73349940644,7445.332458616422,12840.347143627396,23799.75223806288,47013.32048134334,74042.9578981556,0.6010148331222689
0.375,2017.1883135255769,2142.184125984808,2866.0655988126805,4198.091681080247,6157.20113225103,9005.169694243014,15648.044791402976,28608.04832295037,56069.24954505424,89855.99642797376,0.45973694591830416
0.375,2027.3492437703612,2419.8103048340795,3010.479583747448,4833.9072907501,6674.914440577552,10291.00582963945,17368.489510904983,32183.12546543677,62959.4560188187,99948.36166648589,0.5700746016935583
0.375,2190.558479033961,2812.2354689739477,3556.1629645576204,5437.778305298235,8000.300532124033,12083.372652789323,20775.004532720093,38240.71630801576,74917.76335779829,118807.59024055836,0.5375525654655853
0.375,2701.65955432072,3462.000680560571,4685.763279674746,6557.491163998068,9524.625755616093,15093.93119825701,24822.689215561903,45342.62088487022,88557.8330727968,140317.73306313137,0.5236081754723285
0.375,3057.7378436332283,3882.4615098437216,4754.545545004918,7271.1775640749565,10350.69028998437,16578.306620973177,27780.93918001328,50639.666221495005,101149.2275213898,159642.5494078477,0.6013944016440795
0.375,3670.839436276811,4735.861600851084,6218.14550137954,8932.710874237275,12732.39316949144,19724.77786931288,32375.60996293792,60601.652435600605,120465.1180323814,188954.5539354672,0.5569846167761031
0.375,4121.055044460445,5534.222215340246,6790.510819323448,10003.05625147508,14205.385734207255,22148.85951505992,37364.82043521957,68977.42675089718,136524.04536756876,214432.83984668352,0.6178536516632939
0.375,4821.61544396435,6326.963482559529,8135.836612760894,12156.691477970946,16585.429499991107,26258.67185765165,43997.49670574627,80879.54676961448,159474.81144532078,253773.57765821647,0.6236118095029126
0.375,6271.430588940159,7204.395310583824,9963.794962537888,14326.075697763135,20530.44013259153,31520.34725303943,53929.38488025052,97589.45120700954,193450.83117640592,305911.8294679543,0.6901408819186805
0.375,6916.33364550113,9471.821703437732,12347.05086508942,17063.435542535608,24957.70508285998,38532.46415534396,63351.85883710581,117523.16140367466,231830.19918652048,365870.8768436905,0.7005711035186568
0.4,425.7529080358295,603.3247284645664,600.7613557287184,1037.932924133325,1494.2132711142522,2279.304429938943,3798.9183945265977,7357.578853538723,14441.57592599695,22701.46198255413,0.9743644205180163
0.4,605.7729842045557,765.944371581123,983.6815154857084,1435.1462912193278,2137.661727366802,3206.359336984166,5522.848020972727,10286.680881798256,20175.99813867395,31398.389072184564,0.7248558477265435
0.4,835.7618949505384,985.647457172658,1119.045607550344,2021.3566921275035,2789.3703129536443,4214.482238561556,7485.884519621536,13561.345898732929,26626.87035763509,42186.79034303776,0.8291139271257634
0.4,1014.2139241759662,1275.243982225101,1425.1005908934092,2214.367067784193,3434.9995310152035,5271.961994322378,9011.875839721251,16347.698156028637,32003.97547336423,50414.88381424699,0.8373113939085657
0.4,1317.259297056691,1360.5062384562912,1891.8764446694183,2918.105095094369,4283.928580444054,6287.821693000963,11004.928653693476,20295.222425830656,39657.79974656008,62511.32689436548,0.9038360119441948
0.4,1085.1172808569895,1638.527094094055,2140.674470269945,3341.038689921401,4707.912285428499,7345.869813029112,12221.41400943138,23057.2455047202,45043.592506746354,70691.27488573309,0.8914680187822625
0.4,1317.505179379801,2263.0753387387267,2455.0938523286795,4098.143024286404,5652.444143744571,8615.418896513902,14482.471967211948,26880.978301638825,52881.333882338855,83268.26365794885,0.8359040809206278
0.4,1993.5153379124304,2247.03610035762,3365.0714350856256,4788.822983350477,6669.613691594372,10253.555127476102,17687.678661530623,32006.776950087107,63580.20007094264,99850.7751728112,0.8708120897313306
0.4,2161.457713909027,2719.887648035756,3285.177900763551,5281.073259100198,7267.364171395353,11128.808834648404,19357.074964766325,35519.52823430317,69947.8084564635,111484.29345847452,0.8537678237425901
0.4,2497.0102479246666,3035.831033801205,4206.136052806935,6235.416519361065,8372.559199648447,12460.04681734881,22059.293556818087,40441.46619091186,79643.98777226046,127087.18248282911,0.8770497712764139
0.4,3038.6472291203045,3660.30083868596,5111.922318518283,7646.777953995874,10541.79798231706,16175.60234343367,27471.169032234666,51391.12811493994,100742.42106127864,159760.04389956724,0.8785762174611224
0.4,3575.6989581465373,4999.883266996903,5760.620399872532,8712.725899329032,12240.95204718056,19056.52378694225,31653.814953374254,59399.62127653688,116078.05418023744,184359.19357048563,0.8372462050235656
0.4,4287.534015545794,5206.698254520029,6762.693915262915,10132.329758279342,13907.106863653558,22376.45834659866,36733.0187981804,68559.39708927448,136277.49302593412,215861.79671712,0.8939331446856179
0.4,4851.493742270276,6092.447650683622,8007.332907395599,11858.0791957164,16400.34941773319,25589.09209835109,42436.699167917,79180.16704609034,155984.658425638,247792.2419596291,0.8182358075795448
0.4,5259.086841036917,7289.658610334116,9064.1482968628,13172.312556869496,19115.00834766981,28775.95810861177,48958.69853019774,90972.7982056562,178858.14350380958,284999.1030413588,0.8137164261077712
0.4,6339.571746884741,8106.133789384313,10666.988136078591,15357.35413981151,22139.926486883123,34060.52860208702,56931.017482260766,105845.27848921,211264.65464701224,330731.03580091544,0.7949590313398263
0.4,7861.69295291466,10141.66745541244,12237.840422347925,17416.03095605303,25667.88444127493,39783.84237245943,66832.74471502745,123000.82305981516,244151.0988411281,387316.6212751781,0.7857342037393725
0.42500000000000004,346.4102002491149,475.54536365558977,545.465108216062,1029.892784698552,1363.321143123736,2048.8534920716884,3699.14166498759,6925.015482429052,13474.696310018828,21397.947103224917,0.8050210241815935
0.42500000000000004,604.9038926369009,822.1888649017807,788.6134232075843,1588.9646024546032,2034.180418741059,3352.6306901473004,5686.26037342928,10522.215861676274,20686.293678614456,32542.246191655304,0.7768435192056238
0.42500000000000004,747.7255791086997,1005.3502311207312,1183.4358305251887,1878.2328488913483,2697.894482931898,4102.986938003193,7123.716399165832,12956.677731383756,25342.253368125632,39852.2820092573,0.7826324058125824
0.42500000000000004,888.9978765210983,1039.2465266430424,1437.1331438103232,2336.382527375989,3265.1049936947866,4846.720314914484,8656.436620351928,15858.761038350967,31134.78797313729,48939.41319238525,0.8461608306977746
0.42500000000000004,1222.860029621817,1511.009287907631,1811.223909225117,3102.92748085118,4044.025797321598,6333.605864390653,10599.776286942448,19587.407154682365,38597.09633831879,60442.145834398136,0.7824619773550663
0.42500000000000004,1424.5129159146616,1728.763077982187,2134.6828702667917,3336.888311154557,4788.336091790908,7425.676648765268,12687.459376790928,23383.635585636173,46055.58375975279,71718.06064656055,0.9110407803032047
0.42500000000000004,1719.6993635553738,2068.553813974431,2503.211957163995,3788.253177529805,5562.335163263669,8497.385423948714,14417.43739087534,26893.2137528594,53079.05058316006,82712.745659577,0.7947839548334689
0.42500000000000004,1852.0591045412243,2288.3880692391112,2765.9684077924508,4203.812686197475,6151.983239102951,9190.976203753144,16717.863480739397,30005.909124940343,58863.158860359246,93865.16221265902,0.852644416160131
0.42500000000000004,1919.8072338078464,2760.7786784390123,3471.632391409004,5221.145190446261,7176.563592919271,11159.07928864004,19088.042957971997,35017.64918741066,69172.86891830216,109595.197780818,0.7565355482554537
0.42500000000000004,2514.859597919238,2877.5890578582257,3639.902842649788,6073.778724245748,8000.900213279889,12685.832449203095,21249.25428484826,40600.4830266468,78523.16915786164,124349.76901574168,0.8616430387169728
0.42500000000000004,2608.8478858979997,3435.2889448276965,4950.256089020525,6947.139053744059,9540.779585131297,14792.560806692796,25306.08668897801,46002.77178659052,92498.4716159437,145760.39541951634,0.8594104259235139
0.42500000000000004,3482.688110898393,4274.28613117814,5432.513003336007,8106.444177330092,11522.784477280182,17853.852747855697,30426.190958671526,55731.589232686565,111246.97611590369,175869.17201566277,0.8319714442634475
0.42500000000000004,3947.061327228752,4647.069092169758,6511.914339648557,9361.068751338262,13422.341871794231,20836.897803077245,34706.87621929428,64846.50879329802,128004.40236415064,203570.8546314312,0.8606791711072438
0.42500000000000004,4454.722617015122,5956.828176190429,7382.522278659865,10851.733030981271,15157.551270825972,23537.994112277087,39537.377585614784,73172.13341304415,145490.02592547907,231085.87849165013,0.8722505059127653
0.42500000000000004,5540.370606658406,6540.852394753123,8685.648447877948,12793.334774474011,18181.41217025965,27780.81988337421,45914.99295581685,85736.14229323859,170343.48166699894,270207.63951333263,0.8111144096326467
0.42500000000000004,5871.451287346808,7822.827670814688,9848.764556777092,14520.469576711965,20660.03741848354,31959.342660154158,53143.56300526589,98847.64476163338,197726.92125159776,312283.4848115226,0.8369905623372914
0.42500000000000004,6904.907323273172,9061.830279505017,11610.773780542044,16583.117013102044,23840.35685081789,37376.40508384326,61680.05894215819,113684.33807389748,227674.84095344853,361749.10711603565,0.9003047343044643
0.42500000000000004,8098.896964602035,10561.369708752942,13960.461550232676,19713.853226030973,28795.10092463893,43803.87230023869,72749.35995318112,135192.3920175392,269046.25420772214,427516.0492938992,0.8910419476384728
0.42500000000000004,9381.865346443552,11346.205051479606,15417.457504659174,22173.36967805168,31928.90685643045,49125.2659250905,82438.90181457768,152410.58308187008,302868.0086581635,479514.1453683911,0.8319100900187415
0.42500000000000004,11039.210411589773,14175.65336226674,18548.381001562444,26883.79672008829,38775.97163006007,59212.17887683666,99613.92139417423,184258.82967577947,366823.0347035686,581173.0131469668,0.8515332226171272
0.42500000000000004,13378.724708576456,17089.034591539417,22237.354098911022,32040.547518291707,45682.14617834797,71052.82411417729,119012.8399144584,217334.3810039633,432043.3641111557,684588.3742686292,0.833292264809196
0.45,283.08357467039383,323.6163626009521,525.7958466211078,562.1300190688195,1086.31101358114,1375.208055843168,2639.475771812656,4825.662556688749,9442.686220922193,14907.991697901549,0.8511489064454287
0.45,281.5644661927566,641.2715850017076,664.0333209701864,1027.5041913959724,1409.9730461734025,1990.6661527708127,3471.433574594207,6225.065947977728,12291.875101780915,19154.80733567845,0.930240492867139
0.45,544.1279364435795,906.952270760108,971.6570293635348,1145.795339430474,1963.5071545328367,2751.0378909577616,4940.143180352879,8665.877921548165,17264.44552374377,27114.11654564724,0.7871852803205086
0.45,586.1561462198285,1053.7431231531586,1151.551153848636,1565.3898497629891,2344.163226243958,3255.577210389784,5615.657309553523,10423.937007234004,20691.7041164,32533.85756871842,0.8766407429783756
0.45,700.663234245909,1190.0322945350838,1507.3742397444391,2005.8254769167097,2917.5157622698503,4142.541150089804,7635.973775887744,14018.340019058733,27225.695067026893,42796.01884169704,0.8629169914369046
0.45,654.8715426102875,1257.0943412531958,1367.459622724921,2176.898868212701,3191.020663776869,4846.218341767359,8512.766965762961,15417.635659880458,30789.379633842836,48468.09584346672,0.8997764060861648
0.45,998.7674407889352,1632.630384307912,1821.4274524458888,2941.2107188773625,3975.880552951553,5974.962951481373,10264.989445678902,19251.729889046583,37410.91281001603,58833.18997586857,0.9268319237168208
0.45,1335.222563879135,1681.2924960817495,2355.411361124452,3328.879048911364,4828.292940315751,6768.220149470813,12190.538624329143,22226.23293599456,44573.940756580974,69546.70748430892,0.8323165618899174
0.45,1366.3096458994653,2537.169780742593,2554.804323093542,3842.12591471272,5398.0068908848725,8384.490115277653,13893.815054752882,26376.49933513097,52270.253073404754,82660.81511117017,0.7962666824138577
0.45,1739.5728489397482,2690.5446852349965,3027.71471656902,4415.283656458503,6928.222724712557,9924.666023393283,17382.498274137048,31018.84105150226,62258.987521906274,98122.49285241013,0.8382227600851322
0.45,2161.940408062831,3448.8202531738407,3729.868073291092,5759.7071400369805,8055.96535487509,11682.989430899304,19845.788420866284,38023.9082308791,75409.47440975686,118578.68555562166,0.8352138456676882
0.45,2908.144728177497,3738.7646773585984,5089.009547799709,6556.243143477594,9602.33707683012,13866.088658688746,24497.439064580667,45289.74771030832,90542.4489909583,142379.17823732964,0.8194193883673982
0.45,3249.57225173104,4548.452679899843,5603.364897828421,7992.98872815115,11237.291688084342,16422.80174634365,29029.05544350814,52211.30470812742,105133.9638089639,164262.79478930228,0.8533218692787569
0.45,3369.342506427739,4594.01679040557,5726.6916805361925,8081.334990119727,11949.097742037338,17640.613183749596,30771.091377366083,56919.48380036247,113476.92292729091,177586.9711161701,0.8158148264909361
0.45,3828.882555142468,5508.321121641719,7150.372893197704,9893.8515126062,13901.359865810957,21520.55129877347,36064.01453170535,67455.86657788114,134530.74391205466,212970.6134677926,0.726130259292322
0.45,4293.2604989510255,6665.668498518888,7857.572357351435,10847.465087185892,15906.406651667494,23834.91058829058,42033.92721284534,76915.79795502333,153362.30751504403,241653.75749575827,0.7758196920968995
0.45,4934.228389144263,7230.691074986195,8629.90012508263,12075.594065029494,17784.420318019427,26307.66325014568,45571.28551297882,83789.22417907162,168912.3298775539,266766.9713777474,0.8019852126575849
0.45,6684.159187147827,8576.000378358109,10903.50684192635,14789.611383776895,21853.029436640085,33056.3808612455,56107.304249479705,103767.7491042304,206210.68984192083,328986.6557951456,0.8691078051561709
0.45,6975.482392580628,9355.233013370042,12441.77818797969,16722.508395873196,24560.71895226322,36992.31052250493,63416.39693483968,117096.73807010462,233847.1311371177,372587.2975565225,0.7500379633126585
0.45,8210.577647012213,10660.17056198475,14039.037218759982,19633.470131267,28355.660803407725,44105.4841479313,73551.84584130414,136773.20831210868,274508.1466180315,440268.2044239819,0.7778348447335088
0.45,10449.724403796128,13305.172351345069,17283.623929861562,24851.32041851188,35919.97835349216,54105.42261253307,92048.32635705806,168112.59934282987,339111.9730235907,541226.9959147103,0.7778092804648814
0.45,13119.993689860585,17627.749599707462,21962.67377826289,31898.867839490365,45828.670584773165,68810.94287845356,117159.26096721157,216991.8691244498,437533.854188509,694195.4971084403,0.8031025678448216
0.45,17634.89731115506,23672.714360636717,29304.82828821643,40369.344699467496,58850.81756530336,90313.53428518394,152469.0110261033,279313.41093789926,562796.897308351,905294.4873303204,0.729228648649962
0.45,21654.149126904016,29725.73211906017,38357.90253552235,52896.67899037553,78368.37008228015,116765.68892107402,200739.93324641435,369816.8960611276,743359.3627129557,1191775.2872236562,0.7190216883293316
0.45,29067.2681762273,37858.33628791775,47541.324238310845,68374.97420203684,99394.14904020113,150007.27182747665,253504.91773752988,468662.27449949534,947503.4177552296,1513231.8639547303,0.7524188488641564
0.45,33855.70777447947,46077.9389119624,59772.15734398792,81332.76332283879,118372.91885828412,178090.42320866277,299760.7393480386,555376.4339914288,1117795.8170926368,1787335.0676679837,0.9187355494140683
0.45,36018.06668120586,47816.80303644789,61269.53346363169,85858.66669110865,123887.65163775651,191296.64919267816,316722.38653026044,587648.087366667,1179726.4502897698,1892723.0027459415,0.7704084246972513
0.45,39749.06952340621,52972.3270327254,69315.24438737615,92938.01273882049,135156.89355949164,204189.7632801484,351999.3627963413,648181.377089106,1289299.5193641074,2071367.104012468,0.7883502805622419
0.45,40552.6284308421,52835.02319965992,68303.75125892171,95355.62404575494,134724.7572544322,204122.90262222977,347575.6950175377,639757.6152994419,1276470.2969012682,2036826.2690373864,0.7915159891606007
0.47500000000000003,276.7981635409917,481.34622638972905,528.7101812879845,655.8703585063519,1046.6631253617888,1542.619927669285,2620.5914299977176,4855.367322298797,9820.554797649822,15266.125164714678,0.768295111824054
0.47500000000000003,275.56574443478587,458.1779086197005,482.283407975544,889.6490050034306,1221.74994936631,1757.7938235311449,3250.0803124306613,5898.910507834638,11577.056262575832,17926.68758210714,0.7754786713083507
0.47500000000000003,293.6687490169508,698.3684223197623,727.3330112638998,1149.5321237204612,1686.1815911021222,2395.6128772547145,4307.678033525354,8110.0849043585295,15980.40737801281,25166.20493288001,0.7255601761019314
0.47500000000000003,593.2027820102654,958.978801850474,1196.1142838570324,1668.9289398946742,2393.199439697715,3489.3139092387783,6344.405695158071,11288.328553900745,22171.318054627533,34894.10996437143,0.717434999389859
0.47500000000000003,791.2622071817102,1157.6422206603966,1456.8930042964091,2173.7469085199755,2867.415616894266,4470.6988694018055,7798.583259674729,13889.549885520171,28080.50731708094,43131.47375746954,0.6477553245344658
0.47500000000000003,851.6368079171993,1119.1434494395778,1360.010425416159,2132.838222760375,3244.211769749096,4779.599993341752,8212.509394040242,15520.657642103895,30869.82243725673,48670.39145565509,0.6307757807813782
0.47500000000000003,1089.446632966366,1439.9023273448615,1975.1831538293304,2819.4346366651585,3953.152616182872,5651.872046443301,10125.445176981517,18528.95168600085,37416.40840211681,58095.46149930021,0.6686732873388289
0.47500000000000003,1371.3215795494689,2076.1256057466585,2264.228711462961,3153.4736590173748,4406.273635673032,6839.295753504427,11915.749126888812,21883.54910059872,43439.49916398533,67467.09074389905,0.505916240766824
0.47500000000000003,1521.7835101608473,2035.002445634556,2555.8813652198123,4021.4916585626415,5437.129674606325,8155.694511909488,13927.310159386738,26106.32013559971,51507.921732937015,80480.89973199648,0.6571459325435947
0.47500000000000003,1983.541098307442,2519.441024449082,3015.820307069952,4444.886776780992,6525.648658149528,9432.787195537365,16686.406107339473,30898.029517408337,60725.0495954038,94932.9330076766,0.6287988106741926
0.47500000000000003,1851.2328822484276,3017.82590584158,3416.1239877461985,5058.427259632956,7201.412446390408,10815.228794538589,19127.464209166643,34918.71376363379,69184.83464071955,108821.52860965193,0.613993447100558
0.47500000000000003,2146.347999068601,3014.238507405676,3914.190645604357,5845.903844766098,8532.401246919806,12574.39311155584,21364.17799819798,39737.273110557,78143.98858185735,123116.21336815096,0.6615174224788783
0.47500000000000003,3295.5102486300343,4333.968495140118,5571.953608670075,7418.72530111233,10861.711929713574,16527.05023573566,27356.613335213304,50791.57968053471,101190.22921374127,158301.3503806548,0.6553329998267687
0.47500000000000003,3385.3760208978056,4938.857369367391,5996.719668377536,8023.61199960947,11800.066658441392,17959.284375822022,30706.71465995146,57189.02170598581,112768.22940651426,176600.7130159099,0.5574616460286904
0.47500000000000003,4041.022367192579,5444.994256121797,6745.394448326728,9245.500127587977,13655.928213097175,20404.775051314715,34746.00265773759,63918.697235078296,125768.83752724652,199756.4298788709,0.6074360417691748
0.47500000000000003,4272.426964111055,5557.623709054317,7201.048862662545,10617.67473695796,14435.588194248692,21799.30504882588,37791.60200393419,69070.50389040344,137325.27564488203,216480.59698990537,0.49595810599416723
0.47500000000000003,4793.3512611745655,6173.749470174949,8064.364340028649,11406.98677479197,16592.91075496896,25016.600613042174,42908.709682364446,78293.32204026547,156874.36024266624,247989.5932061803,0.6478371301940737
0.47500000000000003,5600.962124104588,7147.064589625618,9422.306526997383,13039.410181472613,18955.583860634983,27891.797406398546,47651.40901330405,88552.66129140729,176562.04219202386,277870.2190246033,0.6524151794198672
0.47500000000000003,6524.442233084733,9180.73206149584,11723.340115432286,15597.436665176485,22590.72334070245,34418.829013003546,57248.06117466263,106455.92312324508,211488.9665202224,334075.8133287277,0.6789738412873781
0.47500000000000003,7604.241361457652,10470.356102108924,13436.526650147794,18429.634199458054,25957.219902030047,38460.96821879021,65884.32845971761,120965.05042659176,243064.60460469133,381879.1269282276,0.6639153508761279
0.47500000000000003,8033.673375613897,11616.755073041522,14685.154146149356,20621.56005594101,28903.58278438809,44396.30051578464,75268.69420418469,139830.10579294455,278504.1025295967,439625.4552540531,0.6366928133571066
0.47500000000000003,8736.830840652481,12359.641418618794,16128.202485012214,22662.37906931002,32424.01803171561,50703.86210213302,84950.67217974014,156906.77737565088,312458.0752089297,493840.9142942555,0.6403723637548756
0.47500000000000003,12781.795510799138,15841.092273632436,20563.095166501906,28940.576052453376,41759.5039582161,64099.7968058919,108355.42286999358,198507.7205645043,401555.9078687228,633267.2097185834,0.6649098009257333
0.47500000000000003,17654.18898251568,22429.1643895069,28706.85621236353,39897.78790662516,58211.7652105539,86355.86079582984,147338.9795255544,270488.954855774,538500.0649677118,851880.1121000514,0.7172023645453496
0.47500000000000003,19733.053822332626,26567.782217041684,34002.27944870207,46718.6969653382,68560.82801651066,102564.42563848074,172533.062705242,319442.15525334806,629803.4148632727,977544.1138345792,0.6435448894915344
0.5,256.45733611494404,442.7397792631121,423.7606604834616,701.5894412746507,1007.1692024663378,1477.0220085575222,2621.510717488391,4647.172798331615,9210.454701889312,14532.26340306061,0.5771860131308403
0.5,238.7942346661666,527.7854555984942,655.9670455281556,826.6367988331034,1357.2906536468067,1715.1234557441553,3305.112995724809,5802.592337417276,11642.473864632271,18203.757794472385,0.5991418852414753
0.5,499.202636940663,886.2836793429447,934.0433849272453,1296.1074386901314,2242.431890767625,2964.9680081072543,5423.683137020925,9583.098639074586,18975.613310150868,29844.585165290384,0.5894693601588729
0.5,580.4104959485805,977.826745670669,989.8629080290495,1449.6888884982975,1887.8943551015648,2999.010454296524,5268.049950746811,9776.038537751434,19205.03439416956,30278.749547670854,0.5698473637502038
0.5,692.3159792839215,1172.1363377948314,1476.7133942361472,1981.980759185307,2837.997068546215,4051.8455096779694,7193.632613847823,13396.93069878439,26200.972381584827,40982.01035839195,0.5921104331555114
0.5,997.692543010342,1549.002147882367,1678.2338617125831,2353.439926174128,3420.194371300159,5351.2600034191055,9434.211512619182,17139.504248239162,33812.76655644408,52112.68860203484,0.6374798519739147
0.5,997.2350752510782,1482.5906973237518,2011.5429613288327,2534.397792895816,3981.623382078593,5860.24231625687,9926.620009225038,18520.95103072546,36588.862831300175,58009.44785796358,0.6196135578895886
0.5,1362.7101928243803,1981.6063433133097,2258.569068667393,3260.256507039897,4604.547171575917,6546.635254197833,11874.902437249168,21435.307419937195,43291.58478639203,67321.03159035913,0.6199085319224859
0.5,1555.013622407563,2329.028911651318,2997.1959562121665,3737.766140365141,5648.54747406803,7992.645059441567,14269.666486314354,25958.914479855488,51055.239271270766,81004.04452986803,0.6051567315783566
0.5,1685.9529052991145,2545.873608253185,2889.3797735174167,4413.59210772799,6423.411251802014,9261.958274405892,15778.562902882732,28984.68053226202,58124.55499344947,91577.12625373348,0.6047136175888149
0.5,2175.900405804616,2640.959505210558,3478.8889975915304,4814.390570664346,7106.349972957878,10044.864990443211,18469.01959729297,32881.7361116258,65723.13966418807,102817.15885760132,0.6579043391795402
0.5,2121.408814711786,3084.00958662632,3976.8185105087473,5681.232006789703,8407.064562005964,11976.105545333408,20955.55104969074,37957.10859577631,75587.64401585521,120299.63782777052,0.6250883396848459
0.5,2599.4503460944684,3841.14350957022,4578.773515528392,6541.310566491226,10013.63907308236,14046.144333223005,23977.291624104582,45176.24083955137,89157.31004396114,140735.77646838615,0.7770423524060598
0.5,3257.1738417478728,4691.812068389381,5636.418942072557,7422.969533419564,11531.612540296976,16353.076532525229,28834.58786176411,53289.586655403866,107327.97931991793,168610.4747821065,0.7057322453070973
0.5,3315.687901239687,4950.322036550853,6139.548763795488,8249.431498284343,12307.83348940172,18479.43390290919,31835.577383752858,59620.48938149123,118188.80046898908,187646.38323880825,0.6298986828982335
0.5,4254.644803857865,5195.4175631409735,6945.254895407559,9942.204116698813,13928.14070118644,21253.820581129105,36561.369340614416,67202.33811046531,135717.6422031051,213088.5578754717,0.6374671266490877
0.5,4802.880388246343,6709.850055566817,8530.57486356124,11043.813949403366,16474.045832895506,24129.39508699977,41559.80058219973,77468.96575151851,154085.06567192386,243248.83434805495,0.6325658882583579
0.5,5306.664532671312,6764.320476760103,8359.441013298268,11862.46384020869,17803.989002742823,25810.80345280139,45246.43740070419,83939.73181449804,168150.40833295428,267046.5534380071,0.7328332105264246
0.5,6003.327132447253,8107.094227271615,10218.090762284375,14570.2137557011,20676.921882842467,32411.74919665313,53836.918138995,100087.984688302,199690.8739399624,316976.9738924488,0.706178199770931
0.5,6141.558340130026,8955.32178635408,10472.087043572024,15058.141524629817,22215.09821720977,33380.01025548351,58110.88267388434,105986.57975399788,215165.3692954117,342043.97501867294,0.6932682441140984
0.5,7390.200244244446,10461.284006017042,12914.425544627062,17766.446329642782,25696.02995609729,39805.84569913585,67639.97194507481,123326.04190603478,249915.1103089529,399088.6306582821,0.7299921681396336
0.5,8693.44702384128,12024.053351157096,15312.32146244771,21520.16238714281,31355.85919749732,45424.49556420476,79138.94621277266,145764.30345159685,293306.8119762521,468662.8822909629,0.7315109697435289
0.5,9919.96934938914,13507.563043545231,17591.813651837256,24236.481154595163,35106.494979888244,53051.98855542836,89613.65066821106,167188.07435910072,334049.74729925225,537965.0360758477,0.6806139311435399
0.5,12610.98254501124,17907.61710988357,23215.19965856093,32004.241057237046,45808.55383699629,70359.40751977058,118103.56489349571,220133.29996445,442888.64205020416,708405.7140800154,0.6914744845987428
0.5,17839.303653104464,23340.44940555734,29402.93656132173,41898.77463144285,60505.0346288471,90727.90807141038,151332.59656736223,284233.01204441447,568174.6311356493,906122.3389908752,0.7204795820487688
0.5,25063.621316846355,32860.650297584376,43092.535610398765,58868.0261977465,85434.94641467257,128824.78758847452,220888.8857450808,404677.0864652732,815843.0574323107,1313245.9375132516,0.7154714200900498
0.5,29380.334208895973,39876.34845641424,52224.90071293533,71753.95153327729,102792.89415243748,158568.0674317538,265384.15018960147,489570.1686050704,987076.1405269436,1577215.8174462817,0.676692372336098
0.5,35328.79132243227,46969.75965189387,58968.4268967489,83983.25726496149,121031.96876089166,184787.63036469347,312602.9049822687,575963.8281868801,1165763.0056142365,1871769.849850313,0.7676858300884343
0.5,37708.138094719136,49890.855236398354,66980.18265902907,90158.96391248348,132394.66902499052,198534.8613370089,334359.9671306305,616472.9156251977,1241159.0701989443,1995687.54217638,0.6923272355593874
0.5,38367.11423341171,49597.78624682877,65147.94749617546,89083.90910109204,132933.9723109388,197490.52664998028,333545.7406235707,619664.0692338469,1250580.0697122498,2007818.4216174236,0.7323794447582878
0.5,42439.67483564201,55500.50330723522,68982.26087321682,98040.39935582684,142823.24615023073,215529.72729665504,359270.99975750427,665244.3584684056,1341112.16550947,2135549.685166959,0.7448654596270493
0.525,264.3177215670209,419.25172293874505,420.5126303761548,621.4697532133351,1002.7366396001114,1250.3473376214529,2440.9591853956185,4634.780513058924,8942.197932680338,14203.49182870224,0.6844826571291516
0.525,346.9633276594016,618.7356808071701,737.1334093292193,1012.646606980054,1490.3524500216238,1843.8622555613915,3461.40341868727,6369.722977596185,12799.673551691734,19710.88377110677,0.7096115585150706
0.525,379.09339525513377,586.6548616654858,716.4786845240362,988.2667178991009,1591.3698467140864,2023.920110205094,3780.164253822498,6963.687198067313,13859.819013199183,21975.863975252272,0.5986832906670423
0.525,556.8387229136949,863.5586462221223,939.847117300294,1228.669452085983,2053.524563127684,2867.417401199208,5091.416495005974,9410.775765112325,18550.626783961696,28828.98815271376,0.6429969620006211
0.525,832.141633898348,1183.8043622668856,1324.0346310753596,2208.8984978203043,3068.216540402465,4212.88687416466,7470.5229830933,14076.836170041355,28044.423177173783,43661.61819141364,0.5513533196828614
0.525,1265.5262890483766,1625.8584048463872,1857.4559498618903,2747.3765299685683,3976.744925044136,5562.704964127421,9944.355960470531,18623.49733787521,36416.92164428839,56660.97838530708,0.6085901832834727
0.525,1178.1373868984924,1678.648982780201,2225.40706294718,3193.631329685584,4379.64045859008,6249.179185015861,11156.88233650866,21047.070188551294,41088.85332508592,64176.344639443305,0.6890026203265422
0.525,1441.1900038878534,2267.1499234920834,2761.8598622327563,3551.014228407702,5468.150555562475,7484.878380231782,13385.313769208791,24534.87058696812,48505.38935468722,75823.40929067563,0.6227479308920082
0.525,1457.6800019932866,2403.4830692402675,2786.184388836671,4065.319934257823,5523.371130547518,8512.969993815645,14254.603370650926,26658.060785116333,52535.49996488714,82741.43583506887,0.6623467535729134
0.525,1838.073601265082,2407.494149317306,3211.4522517770547,4354.275309755994,6625.586362965706,9668.60162745179,16623.098041250458,30877.326963366173,61268.45638185699,95076.5072848486,0.5779427154822109
0.525,2299.9253454924888,2973.198630885226,3399.9450819801173,5236.995043765099,7570.924090540048,10790.224509457092,18689.70936363892,35072.69264152887,69205.18294259768,108430.57760324712,0.7088915425491977
0.525,1924.777075714598,3067.205764802318,3973.929714839583,5588.6376412129,7784.344702957818,11639.552289087484,20577.63255053397,37708.84433174164,74449.6466909255,116223.74545189895,0.6336890117933881
0.525,2606.041575104072,3783.2534590303935,4604.322093219263,6087.069885950888,8859.595423747634,13379.729604014352,23492.68440598809,43468.39510009343,85373.63822092753,134937.6165914277,0.6247273154023415
0.525,2590.544532909178,3731.0043774801234,5010.020089132715,7083.856280181459,10537.74892349829,15356.191766810534,26315.61071178835,48242.95203040964,96519.9177754819,151335.0197610747,0.6721763590688403
0.525,3690.711099314635,5025.602113968647,6142.156917116102,8603.552233163438,12572.29653345984,18439.736749009466,33052.78592267743,59197.30356330688,117687.64000125456,185375.73481760503,0.595333341804923
0.525,3877.255258313317,5284.31432868114,6357.908532661214,9368.968467308789,13834.144361135002,20393.06133242019,35675.51216028806,65380.6089340484,130557.88563249448,206372.3429991631,0.5994085205632591
0.525,4577.805281492647,6098.321867751882,7271.845565288306,10810.54781784886,16046.701769296677,23706.804242507264,40116.12921082958,74796.03649833513,149217.57076181445,235730.08786315043,0.676344249786825
0.525,5448.587591442109,6752.652099295092,8779.300916733448,12241.930178652092,17412.903634803908,26654.894777021174,44435.98169763562,80876.2825199955,163258.11309284187,258441.03990407404,0.6736461766935724
0.525,5694.634741074235,7867.809923683588,9837.404027597931,13635.00124297784,19792.44833250405,29315.675332081308,50472.60999480071,93221.81878955962,187810.2372077293,296042.1100624559,0.6505298998228257
0.525,6047.743840269023,8296.953481436198,10805.488963969516,15248.654160785509,21767.899530811166,32750.93828957965,56091.00073367308,104176.78955744689,206164.78060722665,327010.62268385093,0.7097571973787657
0.525,6949.413986988247,9317.030233234582,12935.729839910186,17002.93102862647,24530.676002982967,36179.91446282909,63921.70442424718,117414.56679872736,235161.18213714092,373991.3060558705,0.8021413513444323
0.525,7955.468658807135,11263.898853441016,13773.684714653666,19243.64496053873,27857.116183359587,41279.19647449448,71505.4567496592,131218.7708572099,264753.1079893078,420086.91937957023,0.6226256484737404
0.525,9779.700295323348,13041.715838344891,15907.53883208894,22670.91736208914,32733.482818452707,49536.76132716904,83778.85833783628,154691.88494387188,309634.9033800775,494513.57807393424,0.7020267755814148
0.525,10781.805495360615,14861.19307328874,18754.071686078125,27224.3564964746,39427.796816536335,57999.32781332974,98683.08393766204,182073.42480291112,366914.7220139982,587724.4715658835,0.6279617634785647
0.525,13140.210381137786,17761.42919551792,23879.242535109595,32304.351788477597,47633.67681830119,71766.95384846516,122642.33172322084,223961.22883113983,453305.7799618229,721657.880057005,0.6148873443602293
0.525,17343.966955737524,24361.63835680107,30868.51363174477,42398.64528265094,61267.30017263562,93470.5574505227,159270.8523906339,291624.8023865155,584608.7331588625,939318.1405285302,0.7082469390475477
0.525,25149.387054284773,31826.50291611425,42347.17516354629,57323.89809384391,86762.29193174072,129938.4997804713,217511.26396414597,400964.13291381765,811390.9933797949,1291253.9813382693,0.7069329543685018
0.525,28288.0918911172,38183.73373355518,50065.31092081261,68985.3016352108,100414.8131034803,154002.7342760292,259606.16508846797,476830.3937907075,971717.9940457504,1550304.175277314,0.781442815179121
0.525,34850.53595773976,46316.417518479495,59271.68542839047,81314.23519183569,118269.05866144532,180733.0752758221,302314.13151719206,556927.3973891101,1120848.8352485558,1788933.4254562824,0.7077359158726267
0.525,36902.00822368401,47872.22113629184,62064.58487042964,86083.57735277097,124354.5340468738,190373.2381046492,317711.52106255817,593572.3317437416,1196295.199317643,1905870.548181241,0.7245972553169665
0.525,37963.87525496898,51091.88395874913,63800.55677974243,86191.22920552532,123202.74607780953,190853.7381190525,317509.948155991,586002.3271867518,1175245.6548186874,1859900.0099323548,0.7066819105453669
0.55,232.3636584543959,367.6931745306858,359.0551203130503,605.239665515663,850.2724701559243,1053.9865821218289,2125.9691105303987,3743.73269792324,7420.376508089511,12088.381007299751,0.7547186591637212
0.55,318.81730755990054,614.9832966430762,721.4444934836824,1013.4577408461251,1332.6525703806376,2011.6258417204613,3613.262819012205,6351.2409398863065,13159.472230040534,20488.117562197516,0.7822958096089884
0.55,396.00672433777737,688.7414918080926,850.7174697846253,1129.70882094178,1481.9329475962038,2165.96241095407,4037.61937828775,7404.7563750120335,14431.17613237464,22624.80460376208,0.760521017734464
0.55,439.6771128003561,935.094224687978,1004.8807035452354,1394.3918171670518,1813.5566103032936,2888.2237927057863,4990.513598281119,9158.527770030538,18049.726504438546,28042.34762081094,0.7275260683593776
0.55,589.3055549942028,1043.556621554257,1324.3478743438986,1812.6804878911012,2667.5169015015954,3686.148212572714,6583.842726189007,12351.254364103785,24632.31091501015,38047.21475299644,0.7550741242322543
0.55,995.1454255818172,1503.1793946973196,1497.8750957158352,2376.325943704996,3400.6450136849776,4922.6841380942415,9025.264716995647,16231.44956661891,32578.709661000237,50861.1548337931,0.78769981194939
0.55,1227.8869291852131,1712.31628980465,2166.780947705359,3165.2714305216427,4550.306578409519,6515.658135616761,11525.090547905456,21141.762473769257,41901.9743995867,65397.96368362403,0.7463924986063925
0.55,1439.0232206197602,1829.3698973219373,2514.1760744144835,3575.7329852993244,5178.265308808997,7618.379273161749,13313.648200517626,24733.88245684834,48606.92705471827,75519.73825686108,0.715385123775848
0.55,1810.6326863807665,2502.054568708746,2822.423460575157,3855.7738886495777,5948.951512721264,8521.73687573818,15252.131281725093,27491.206373830544,53876.81856711149,84686.32044075789,0.8770753355450415
0.55,1498.2316502043132,2445.711478838193,2790.709265372779,4165.644074166197,6081.995927893261,9327.386605282873,16037.924160053124,28968.534547135776,58240.83828399366,90365.3052324165,0.7788062869413496
0.55,2030.496306943834,2801.0839255701044,3393.811814722786,4752.163795167592,6977.892177254527,10287.32402729682,17730.960519405442,33318.91811229306,66224.20894674056,103252.53648675258,0.798056181217775
0.55,2322.229230138268,3181.7353381975195,3727.354280560327,5683.45623349933,8058.372071819931,12256.78034926468,20621.00264654985,37962.040685409695,75411.5031827404,118657.38557348684,0.8247665812219611
0.55,2505.748438598786,3730.281326708194,4752.911508323665,6465.571125358094,8932.90652002996,13352.2803786467,22889.02121113765,42909.243873391584,84530.2454199657,132130.0967182385,0.7568465801904205
0.55,2310.697041187312,4232.250012898254,5082.547067115314,7146.145022361357,9847.465768270196,14308.566032419449,25313.10656240265,47287.66279998205,93679.65306489557,147301.63434939596,0.6882704295974433
0.55,3169.527677814783,4455.589795495238,5503.963865023528,7972.630132996777,11802.166587376942,16987.267691374913,29425.03758608733,54187.56944190409,107342.68142464723,168403.0432231654,0.7149342895228463
0.55,3904.381625808836,5256.237731897235,6489.850549332992,9553.587103079026,13599.743020257443,21066.71845741151,35555.933380369424,65500.310887815765,130787.07792597526,205243.28844785967,0.723875977737836
0.55,4677.788287442767,6430.630510881162,7976.557336331645,11215.314668583544,15546.785341267085,23825.901748976827,40254.10917834953,73851.29366433261,146998.69990227732,230679.4126541083,0.7589343287949905
0.55,4386.231319761182,6927.004170063845,8081.069204434861,11230.242137976147,17111.007281976577,25452.165888268555,43885.18538119222,79671.00381108526,159233.5281229035,250804.60230539093,0.7950761179034961
0.55,5723.470845703489,7420.574775313104,9896.415301358407,13294.791242271316,19544.13506166064,28042.15895478975,49090.9715078685,89915.24765660704,178982.98536883268,283145.43093471666,0.6859551590020895
0.55,6051.392870282266,7827.061178386325,9978.338051067469,13917.28576117186,19810.52765689536,30322.62524709868,50713.510498133815,94074.4127415576,188529.37626564727,298362.4039721681,0.720265329130749
0.55,6269.778848672331,9150.199337139904,11073.786105729772,16007.507662930122,22898.389101698507,33779.12980780383,58422.55775907197,108004.7044507571,215344.05084431052,341134.8749205456,0.7386146682006182
0.55,6735.346441718963,9368.851860875033,12023.729280727588,16892.58766161998,24554.84568910141,37248.230991652286,63618.11362879243,118756.29231456744,236842.13705173024,376239.0327056165,0.693235862707171
0.55,7297.624729662538,10351.590095307838,13437.280634243058,19353.19057983152,27519.91808304156,41337.90079676364,70889.06484334129,132485.99340466174,265559.7373881683,419166.3474741025,0.7362281454001418
0.55,9310.848525531565,12392.358741026052,16072.546796146393,22396.365372224565,31831.67347898335,48440.21409209372,83222.57895666848,153896.54334770446,309072.20414335007,488757.3177997933,0.6985770905657197
0.55,10588.092963038387,14452.53176890537,18579.032720514348,25825.833325342333,36928.27214159074,56448.96846788695,94908.54404317903,175501.45445328805,349651.5287371156,556804.8100393683,0.6914125404093763
0.55,13891.091270221094,17571.938326110958,22390.44161490839,31967.919668688315,46947.06006863786,70701.14583093642,118904.9191801117,219071.5819193681,439300.6629129153,695257.8819961274,0.6851922592522638
0.55,16252.430148340329,22222.04375834779,28299.738793715394,39228.53036268906,58071.14443739263,87842.55008106987,146275.64161734295,273022.4777850214,547887.3668442053,868063.5083444858,0.7312942415550547
0.55,21798.291884593367,29280.74336455081,37231.39502483307,52489.47006027846,75482.3287600931,115886.10818432336,194298.69913218144,359083.2840934196,717696.9094389746,1130470.0646780536,0.7652763977703027
0.55,21486.449189276027,31161.40104105852,38799.35970574735,52926.59666646316,79073.6250048565,118226.7782641517,200778.6074253163,371049.7958327989,733544.2202798042,1149655.981188295,0.7422715385036568
0.5750000000000001,148.22517916901546,345.71595257050706,302.73350658796977,431.2524480639947,660.3017615390437,1006.3033117572752,1693.3084533585595,3298.081635922524,6473.499082147376,10300.36476283181,0.7545151188916022
0.5750000000000001,316.7802180798642,644.7965733287092,740.7965522987738,1025.4453605796225,1532.4514096781977,2237.56829833512,3835.4652788922954,6910.815734563706,13739.824505528692,21091.60934267153,0.71002523486195
0.5750000000000001,449.2073055966905,646.1401225086751,661.8028598028413,1004.5035517992006,1669.2301225636195,2454.455352244492,4152.922584423889,7921.168340903052,15859.46127458106,24742.94819483769,0.6806241568509906
0.5750000000000001,479.1117113346596,688.6027186578536,919.4921945533864,1204.3058112512117,1861.8807504791744,2670.7428625135717,4573.708672651635,8605.180151680213,17344.314716623263,26664.417703305317,0.7390368063800046
0.5750000000000001,749.598069337691,1027.9288035533598,1163.033642708446,1721.9099445685565,2494.3946260035564,3571.788042799489,6098.420799821836,11346.099470392066,22843.791984353407,35123.56679127443,0.7804645558329799
0.5750000000000001,1050.8959692830203,1348.1340987602955,1607.287663099342,2467.165735360929,3424.3379701240888,5302.085552837888,9256.929613910906,16705.139919421057,32791.70319101102,51265.097568373465,0.7718783701433269
0.5750000000000001,1105.0330568069576,1697.5582626112864,2388.2865856722483,3108.112128661101,4440.301891041481,6473.470133502876,11345.931870518833,20889.82000686713,41208.27642242295,64094.89314684161,0.7923070612509037
0.5750000000000001,1365.226128755887,2308.68702720721,2565.8609481246267,3491.6870634273278,5464.211036863913,7790.532847219748,14179.467825439571,25376.82034218389,50630.93198495864,78325.62413723966,0.7432293464348967
0.5750000000000001,1622.7428609991855,2502.8214982793224,2940.120358529284,4165.496752962927,6141.75874628594,9000.448341223468,15474.977034879565,29069.216626034144,57248.56726339491,88375.47664634381,0.7670041162583706
0.5750000000000001,1890.2145557711692,2981.3707957468755,3184.3192831519955,4754.910512604979,6767.140656957769,10663.833780515592,17543.541007410615,32002.182840883885,63723.77091071979,100135.35884334284,0.9276278246134199
0.5750000000000001,2002.4907836459804,2947.992320677968,3593.7634384875705,5355.698048766229,7235.123552988997,11182.646069957926,18661.327388495298,35777.26360263083,69140.8182928113,108079.61605985792,0.746177758749922
0.5750000000000001,2841.9715356717184,3553.746266682168,4290.691813327565,6171.977218932135,8797.666190629492,12841.311109762206,22335.3698662919,40536.66632765147,80635.64013898412,123917.32374949122,0.783075519802124
0.5750000000000001,2314.2836214461054,3706.283774156175,4391.803356548301,6529.824124981837,9212.830579486668,13862.358810304697,23853.12787349278,43016.23469858356,86227.78769374863,135260.30231313143,0.7042489496318506
0.5750000000000001,3038.8878279449877,3990.900430682494,5092.969299613492,6668.560094645138,10362.826118315998,15220.773517566837,26056.12781187624,47971.29892687651,94078.32265256766,147288.67214482217,0.7680139048691523
0.5750000000000001,3247.080949256767,4329.266832103341,5821.720477112254,7617.688538006568,11658.616675018777,16874.878222511354,28605.710396482176,53033.38786808668,105815.06809127529,166060.58644165957,0.764951400170067
0.5750000000000001,3583.3797801231426,4406.551093038045,6458.643251904904,8220.596703586363,12418.15899604642,18674.483302710927,31800.758607098727,58877.592171345495,116922.56406804782,182895.21485476044,0.6694551278876831
0.5750000000000001,4348.744447881397,5540.139542557425,7372.023764857238,10267.32713815944,14794.628497928345,22501.21794410381,38045.41982640633,70793.85440323515,140130.61127635755,218683.46432174885,0.723508339208052
0.5750000000000001,4496.563786777391,6272.668094132832,7835.076854421732,11359.133959938215,16090.506925677946,24349.77583909703,42056.43531534409,77461.43677648531,154064.25252254156,243504.79626826887,0.8459337956454407
0.5750000000000001,4981.268193570181,7015.269089270541,8727.219843151677,13036.589740842172,17767.67582424121,27590.54414987681,46247.756365837646,87138.63237269911,174303.02875674376,273694.48252514185,0.7857244649703711
0.5750000000000001,6345.328190103779,7509.0940497405345,10150.702338361796,13573.29566772724,20248.82489390868,29519.69219983425,50602.7829810729,94006.3420991278,188103.12142469725,296688.0846389735,0.7830463034951205
0.5750000000000001,6170.112933096291,8926.07667379249,11255.271765438678,15802.461666936337,22397.089189316524,33716.22598146163,57674.62723543648,107382.65590418762,213055.98315240903,336265.89538096025,0.762213282618409
0.5750000000000001,6887.624003006103,9058.325686761946,11960.62847525069,16253.828581876684,24438.27579709796,35905.20958424515,61530.68504864081,114845.82400406955,226700.71341737668,360051.9247698548,0.7243288304963786
0.5750000000000001,7359.906485640722,10522.744845985306,13409.89998950112,19505.84069616632,27098.82481058045,40782.73720953561,70344.33209045304,130728.98142020137,262957.5124592137,411104.660760869,0.8275743900595364
0.5750000000000001,8360.661534607872,11870.463056028471,15121.8314305982,20838.79171971812,30582.419823960376,45742.66699260398,77234.84134027586,143135.2937872477,285267.4129605371,450650.65758580464,0.7458130418508381
0.5750000000000001,10111.30366504217,13119.255764457534,17065.562189805758,23842.77272854428,33365.158882176744,51561.03268802676,87826.05121499304,162994.1032606991,327728.8677734763,516531.9082391034,0.8300370812706419
0.5750000000000001,10842.300991802167,14535.821051503714,19757.416911626144,27056.99479771567,40532.210606164095,59722.63097079197,102312.71734239132,189498.4895736424,381302.1619172618,604052.3851584841,0.8530364016124176
0.5750000000000001,17456.283540269662,23317.148636279155,30340.081811669843,41377.202330836,61062.88821904893,92432.4107749532,154422.4272225519,287706.58345766435,578135.1850795314,913270.5667031572,0.7673747981534679
0.5750000000000001,21319.041260367307,28515.329996026503,37695.11913708677,49201.430823121824,73624.89420858504,113049.47643431748,191005.92217944408,353341.5085424685,707404.9423410273,1124548.5688442043,0.8293170210376367
0.5750000000000001,29911.02376372824,40491.18785353864,55296.428205803466,73790.31040672061,107528.01614512844,164535.09350764938,277175.8363458885,511997.81680855405,1027521.7725325892,1640495.067858396,0.7575764728344356
0.5750000000000001,35211.562618209224,45732.296195128656,59996.10922209407,83346.77711827475,120054.07203550088,183549.5950448938,310499.40533613786,570037.0744843436,1140866.9995482415,1811599.846338454,0.777737700512724
0.6000000000000001,66.58710356449299,151.41366275805416,99.7497501627988,188.4161947519533,338.4335355479735,512.537430189079,788.31101769078,1449.294926468591,2953.919110682777,4514.570713623574,0.753035799880364
0.6000000000000001,316.62217322524816,479.8158286356479,595.8389041353336,848.2428843593291,1207.0703132941633,1822.6050034273037,3178.966064368709,5819.690985335167,11296.44357917911,17509.5537520503,0.8250563095997383
0.6000000000000001,443.8317323259683,654.6082162939533,715.6326578839488,1139.7040948379183,1631.3867385058834,2520.21257347382,4212.042568411699,7666.607147563453,15166.026698008918,23185.994421636344,0.7768435192056238
0.6000000000000001,493.9122025612885,716.5842872160027,809.1928251962444,1325.3310768727908,1913.4981914228588,2827.235766161242,4670.557265470184,8632.35052026492,17096.565094907935,26402.282584664747,0.7925087349256313
0.6000000000000001,548.6182901843634,964.6343723582086,1058.016208985334,1592.1603144924932,2371.665195737425,3775.894564017828,6122.580118457497,11194.38112026826,21942.16360686729,34062.65909188507,0.7809792497746779
0.6000000000000001,801.1361876356393,1160.5386771571957,1279.3199254671567,1985.3801353782992,2722.792477354088,4284.281591403063,7151.089959948413,13219.894125209928,26228.22508282915,40708.57687519092,0.678009784312696
0.6000000000000001,1077.3870195183515,1482.6593979508675,1763.4661021082288,2641.708042786333,3953.454819720342,6208.104972992474,10210.435337976962,18621.88632045498,37445.64989308795,57324.63952372199,0.7459878527544044
0.6000000000000001,1438.929120951834,2046.321559127614,2528.5289121756286,3840.174873947276,5463.734511512127,8046.463670041956,13462.99151537462,24834.203200485845,48334.73066164962,75400.58529589357,0.8093385451053304
0.6000000000000001,1907.4766400225203,2471.1707171160106,3078.37266475023,4285.143600274681,6241.471182658723,9735.840153456284,16089.515844351625,29310.94706489988,58373.05964214575,89806.7328118486,0.7428407695517603
0.6000000000000001,1976.337634888649,2648.9132697983987,3327.8564846836257,4661.466515797573,6945.039884502984,10625.899084077111,17543.080806187383,32516.04714477289,63857.27578407029,98933.88602648184,0.758836332431919
0.6000000000000001,2551.3164874306663,3190.668913229992,3968.424382871514,5653.198542346797,8287.208672324687,12586.842855082716,21099.500510772992,39163.27388066763,76644.38498004567,119410.92552728418,0.838123911579773
0.6000000000000001,2563.199304320927,2974.785791596825,4160.102830295487,5703.226878480574,8118.966324346489,12541.460961598688,20764.95030326182,38350.83954042002,76876.02867818977,117827.36619301052,0.7430589179773803
0.6000000000000001,2658.112683406903,3052.498184461272,4650.101416478045,6381.7501251537615,9077.705579182066,13798.47722995309,22952.3242873734,41849.544937316095,84134.50970527602,130512.4208812881,0.6935750153376271
0.6000000000000001,2668.526950365957,3594.063092861118,4638.536057339339,6755.328305728324,9818.89541482373,14884.093722451506,24961.157556421003,45521.18072795298,91620.99853428388,140481.84970807863,0.8148058900224419
0.6000000000000001,3425.9887372841704,4311.604516908625,5924.800351867653,7835.082824371618,11244.652265625671,17699.48801746555,29139.632526449805,53200.058446583,104854.6506543312,163923.58122567926,0.7307335319298279
0.6000000000000001,3746.256181911791,4844.334165788136,6416.656096304065,8818.7694351688,12799.708621531952,19531.262698404706,32434.49199857456,59556.90980170387,117962.08430442588,184997.95664290653,0.8564790564542399
0.6000000000000001,4629.944277501105,5292.202129852528,7283.078169178004,10130.786934289126,14926.58870932603,22394.27858070819,37954.40776648722,68418.26897465272,136634.3441802247,212538.47116203204,0.7700590463593434
0.6000000000000001,5206.88307965143,5849.799558973245,8274.00190758688,10837.02979156271,16190.759437508375,24787.45358951493,40684.51989443484,75038.59537635355,149892.70704127022,232020.65975678657,0.7756482476235791
0.625,33.87180026011258,80.21421581789136,115.77558331188128,172.094491107793,237.26351298591945,394.4737213190785,609.6924046820268,1113.6661738728708,2152.5086559597444,3384.4445362040296,0.8005819309581614
0.625,367.12617747021255,395.4794641456751,593.1377212568016,716.0019635171391,1160.5293546128958,1715.3738438654807,2871.3406006225546,5313.797002797884,10486.642321835569,16034.924264437992,0.8128980651751632
0.625,465.8617453833541,576.5328814134792,831.8683819925812,1114.630237399393,1515.595819246758,2487.1068388480307,4135.198991980768,7274.164616346549,14530.753188402106,22657.83881122166,0.6954838140618056
0.625,549.8727309670862,735.8961892644377,955.1306152578132,1315.826947956407,1878.3114388080592,3047.211384109269,4789.105620165938,8731.962152077482,17235.65145024432,26960.579497233317,0.7758876996063889
0.625,666.4603125759307,816.5969763979813,1273.5983335929052,1808.4754562499984,2337.00533783494,3907.947503192491,6361.400302235754,11670.867459090668,23508.47205865363,36060.14127883366,0.7731224978831928
0.625,647.5304348458493,1025.0055410505615,1332.9589687853895,1762.63807903969,2560.2550255281044,4236.053751677615,6914.520728683392,12432.082387462908,24593.356503918578,38215.33881060791,0.746866289718287
0.625,1087.1215624427136,1283.32942258459,1960.6011325923907,2522.0392866128195,3599.7050485667687,5624.428328223598,9415.317842922585,16994.14193466782,33891.65740809107,52380.111313749054,0.766066759742033
0.625,1424.1743150021048,1716.5366684829526,2306.974203041399,3209.2649146460835,4804.15196018643,7297.633181827681,12209.992817670238,22757.888853367756,44235.09617901653,68650.37713280675,0.7246799131188612
0.625,1633.4662197203006,2387.1764067917807,2805.252888779413,4133.864040126611,5811.299740862263,8885.865700860702,15055.150299656283,27327.398863382623,54086.125772300045,83961.55606052227,0.9046080528567414
0.625,1916.2001169000544,2903.8736655263406,3650.503013400929,4857.344482374557,6990.281821799248,10609.995996112564,17748.14526879311,32980.11317478151,64871.27372499065,100115.98703792677,0.6583114009953761
0.625,2032.2638477764588,3064.376038867795,3890.662388383113,5490.39367052881,7851.211812001147,11735.908233961767,20075.477011689865,36323.36042289155,72052.2549058275,112464.43303042073,0.776341465374525
0.625,2561.430568477864,3469.44381826881,4045.9672778055374,5935.4590822545815,8286.796797179435,13079.95998058502,21879.67003430645,40077.563600911,79391.35680670923,122840.70912551683,0.7272559392542147
0.625,2832.7538621649965,3673.734900859068,4730.055247368526,6207.792303796269,9297.56404948286,14530.077681753954,23447.440501739104,43103.519900070525,85726.34689366283,133012.54341349375,0.8304329400969626
0.625,2731.7866820450217,3830.2829139784703,4862.77301267732,6989.904970565992,9911.037713641646,15444.471583709914,25399.83458390326,47730.62487069421,94874.9032877643,146334.15199132386,0.8279309788321849
0.625,3076.695355967634,4274.660043261424,5462.94317842481,7690.209723793232,11367.670867221255,17106.283503674968,28574.84633520255,52834.26819712091,104801.78270088296,161931.09315627668,0.7996387311804235
0.7000000000000001,193.3978565028162,223.5761408840658,449.463809933504,492.6123356871204,761.6485304901748,1225.6236005729604,2006.4064475431612,3783.201097326008,7447.74374882957,11371.948064243288,0.7704524520487761
0.7000000000000001,165.9726323881,175.7934982098811,295.117017944521,389.39732983361927,555.6154838672638,944.1534879414772,1507.3801428206214,2677.78182713138,5274.909793701384,8282.427190799064,0.773823689251259
0.7000000000000001,203.45494732387456,279.73385403558336,415.8603092706643,459.54367616160783,665.8039773225154,1077.2558734206991,1788.3462769696057,3282.5311658846013,6486.512424332276,10178.49166214575,0.84300839117218
0.7000000000000001,291.26503337119465,345.47916491601967,559.384205423825,730.7257157216533,1003.660469659354,1568.7923050750371,2550.238961522615,4761.057070823332,9562.036868887408,14906.866737262177,0.7942752914371906
0.7000000000000001,502.96657425843534,525.629890252689,958.4197053359356,1071.9350863246973,1650.644848248138,2494.753968525338,4246.787335695138,7610.500551684357,15100.130084732697,23477.2073598718,0.8717930001868117
0.7000000000000001,585.0887346013205,647.2815000941275,1065.7282950997385,1391.427690694474,1880.518532914911,2940.3959406686363,5290.502357983941,9293.809499844976,18302.225716923305,28359.90106472001,0.8279783055038491
0.7000000000000001,651.981225162825,746.1537010175915,1199.0673658339551,1459.9064759366372,2249.416811877463,3572.7265777871366,5805.1270759581685,10629.834762200626,21197.897974645035,32438.68832896284,0.8401205465089783
0.7000000000000001,851.2251666063771,1326.0582527405463,1636.8229961047791,2192.1736554974727,3136.049180373932,4970.581423144334,8178.048588018119,15338.597705748733,29659.14445098216,46249.90071894648,0.7201082914806091
0.7000000000000001,1393.4383891130897,1944.899025004288,2666.14691030552,3597.5413092208114,5019.509523029849,7862.402176573685,12855.817347747485,23873.89647544619,46808.39628407457,72441.39999930997,0.855418467053237
0.7000000000000001,1499.6468712969054,1945.3752469323745,2572.65809332902,3514.1030736431885,4766.585923559677,7926.952848626119,12915.708679044596,23536.81878881314,47066.00048707802,72364.55720918554,0.7429115474876461
0.7000000000000001,1739.7380228395284,2169.7686702890223,3022.662787730517,3925.727147374453,5829.55581200392,9443.699349910585,15270.991842717396,28105.89778962004,56083.163604871406,87114.40145674655,0.7909549954879447
0.7000000000000001,1856.967406836202,2252.793612361772,3443.085207048816,4590.378422049325,6578.350238023939,10360.600234375885,17236.72429807946,31164.984484390385,63096.30457683889,97841.8083416687,0.8064031178156387
0.7000000000000001,2505.9098107659056,2880.658028448578,4058.750848289781,5415.461977493756,7984.413544505344,12555.816452265231,20648.801910304803,37713.41730405817,74870.84134122732,117008.1263318315,0.7914147153271924
0.7000000000000001,2566.8462569725034,3678.312858962436,4793.081781077125,6301.770318073646,9102.609543886136,14518.886308506851,24153.169392479,44122.77094690762,87568.56626823987,136600.94372062682,0.8611658390359279
0.7000000000000001,3531.653012572416,4325.288812419292,6146.075518231014,7992.107100379811,11821.965214683954,17722.95505847584,29687.448637479545,54687.239300118,107409.58572533344,167464.5168566226,0.8573277901726684
0.7000000000000001,3722.5244017305454,4681.62186523524,6544.526356277746,8557.97411356671,12596.365659385272,19656.571131314515,32429.20926972291,59341.41840405753,118057.67168064794,183280.6786394397,0.7679619241896103
0.7000000000000001,3875.8265617660586,4937.573594356645,6851.3051366796135,9128.325123416522,13276.899201499547,20095.024743410708,34302.63969646609,61676.9301124682,123239.69992429236,191464.25752640687,0.8236562398212448
0.7000000000000001,3993.591698411421,5079.674132419529,7296.614069068215,9281.642111774368,13594.973723368936,21548.862838388144,35231.09054165625,65103.52383095221,128685.26936774189,200411.48508090948,0.7732702025463734
0.7000000000000001,4543.366448572035,5898.681923362759,7751.410900524151,10844.947250225288,15593.095384304368,23768.00450426469,39158.74165496151,72459.39420587673,144195.3880197552,222625.5618430046,0.8459337956454407
0.7250000000000001,284.82714529636115,304.2688072426044,464.8324628965436,533.3541245812052,870.1163388528455,1399.935615807461,2300.7779378760474,4194.096708948661,8415.248597808528,12975.745858821005,0.8020356857007725
0.7250000000000001,204.211633792443,250.19689676215364,298.9621252514437,422.78642276938,576.1478539328483,965.6905223639236,1491.9148288409904,2951.0492309302726,5819.162823859757,8871.796628151329,0.6749855313340757
0.7250000000000001,535.4178938760357,504.3687105494415,727.3090675746959,1025.7061608238823,1517.258057325718,2307.9291211075915,3908.586728996603,7129.036906592178,14246.340110183028,21846.5303219055,0.5876111218770907
0.7250000000000001,570.3766162161951,741.2836889452354,958.1091679617168,1312.2780415688849,1922.189787862159,2903.7729393071418,5072.851378015228,9211.47939582364,18261.93550143751,28196.578318254396,0.7126861321557894
0.7250000000000001,794.6243670474632,792.796068244938,1169.4256215651048,1551.5400712928465,2296.8003706721324,3569.75341193022,6108.346299236294,11046.581364856536,21789.436591143596,33665.837074996205,0.6735959713104622
0.7250000000000001,846.1571634340572,874.1675473704178,1320.1415733484714,1687.199387192779,2583.288104600349,4032.764581168016,6815.048195994508,12505.7839376391,24260.4024486718,37763.84319155727,0.7093027214920566
0.7250000000000001,900.2860314010967,954.9489788033096,1534.376221266766,2108.9727846574688,2881.88143629806,4413.715194894956,7526.960734151219,13437.932195332834,26468.816117219423,41185.09854296308,0.7076553032122223
0.7250000000000001,1338.7356279482042,1473.4030818467934,1788.607253417291,2506.9316854571466,3775.687282776826,5738.656545281155,9846.601956672406,18048.673193574483,35663.64661749739,55291.86907383,0.6613017649307141
0.7250000000000001,1367.3578796905242,1599.8949669450265,2473.318862438756,3238.2696801404413,4744.287335112537,7339.34815336071,12557.66615564398,22823.46535573681,45652.23826268057,69757.1455129454,0.6970407997558266
0.7250000000000001,1954.6430544515308,2279.051229075632,2931.964581677296,4166.279955620203,5880.689631618753,9262.20721762589,15912.388569994806,28697.646216747416,57349.85294175644,88748.91418783636,0.6985305504869367
0.7250000000000001,2314.568664267712,2786.3068705606506,3814.316790393076,4975.106170388374,7110.298855864628,11240.89467093138,19339.2046651508,34735.436665464986,68990.47559462642,106712.62539661216,0.6602958514466247
0.7250000000000001,2859.913669351808,3650.963326818076,4718.013585649448,6161.884500228882,8902.27394221266,13936.889870585055,23078.668466874875,42593.96388042275,84389.57891392164,130960.68865004848,0.6377398121811124
0.7250000000000001,3599.2705958896568,4026.2943138237742,5578.52305444872,7392.013119603462,10703.797295887414,16274.403340501898,27561.09048543496,50517.45012603225,100142.752206369,155431.19038375787,0.6936772724121366
0.7250000000000001,3630.820476661053,4288.23592209961,5562.62643068634,7790.476721734825,12055.381654051522,17681.260990371542,30481.67891815745,55439.61638860009,110586.81770525432,170265.4157041901,0.6921076263184149
0.7250000000000001,3951.604258790255,4789.108444981623,6385.8353761454455,8562.166676882169,12720.198023818184,19326.937192992336,33088.38561987303,59812.38283379757,118744.9037152648,184860.01491569457,0.7118807359594138
0.75,79.52353099911892,76.58856764062773,109.99124586345624,119.21541641871433,186.0906529443354,345.69675558228585,523.4716790108962,1066.3700202518055,2065.86480397799,3223.218688343023,0.7229381342830489
0.75,198.63721136666732,215.76494403770135,320.53328284363675,384.5954517950368,528.0680176757763,853.4949384254228,1423.826192562192,2658.246354353145,5334.621412767189,8088.182487244205,0.646684923867422
0.75,238.70850526146612,225.96776933109584,326.0907224442889,415.1556783348963,579.4630935878793,896.1785575173674,1647.5213905432608,2974.721448497495,5954.851699984299,9092.318020648976,0.7994628714863492
0.75,629.8427222795334,660.6971992037431,980.3495801385552,1236.4417386094956,1836.869859554616,2892.504363388243,4949.263795156059,9161.92837787482,18012.020842302292,28119.947482673382,0.6721010296906184
0.75,858.2296902408015,841.0793883542243,1257.450606378349,1769.1012793279026,2508.231650911918,3961.719735799337,6604.533616793424,12263.656842089278,23530.452387021254,36941.273866412695,0.7468765154257375
0.75,798.7935714234369,1051.4203565851224,1414.2170665929282,1865.9876980088984,2642.599405369358,4234.51784962236,7135.65920390353,12931.533818403232,25682.40867727133,39871.90065320163,0.746614055601163
0.75,876.6780198273515,1020.3916589779848,1395.933517414786,1893.346527532004,2811.47563153579,4102.664493127489,7221.920629925429,12991.564053166308,25736.655492038008,39638.654136576544,0.7845071188452574
0.75,1136.289904602492,1267.2658060324122,1640.82951668161,2265.587255945892,3276.0112018847226,4932.170546865113,8432.212397396906,15377.96933852447,30087.88089644951,46847.686336713065,0.7869996350364286
0.75,1182.5451728165094,1589.179038559732,2114.006181544584,2697.011362549926,3971.4165953987904,6152.174420566885,10525.325678507174,19194.771944160675,38260.32740387584,58902.81389414642,0.8176575841878275
0.75,1610.0184197551357,1729.5027969560588,2517.2270477722573,3345.226931352812,5041.837961551313,7482.541307071293,12733.812558997255,23039.675722849915,45817.224202458485,70854.57131042046,0.7769358346201123
0.75,1870.187679548981,2415.690094634298,2992.8212309216974,4245.318590524139,6044.434673019029,9228.516641562728,15699.00879430392,28422.68517999788,56648.5280833381,87474.9960746942,0.8799640978999367
0.75,2433.3922302036235,3159.1786636621564,4036.944171824677,5497.152213440832,8069.57075629981,12356.9349943981,20846.17524107369,38032.331685938,75790.49657517989,117077.425605205,0.7443127844862479
0.75,2771.841840312239,3455.494570906376,4703.19570822624,6225.0094788476335,9392.895208700793,14292.01862256361,24009.288203779117,44194.495749088506,88279.16029026672,137340.66778649852,0.8359850344379479
0.75,4855.8228077066615,6091.439945882835,8151.412024145927,10914.923144540931,16372.994898114204,24593.35740947688,41373.34323656072,75287.83022765696,150427.38639873278,235168.14536941456,0.6980231980787931
0.775,117.886914478119,115.11693860233736,148.51958886911606,204.082046142148,266.1620937111367,466.0077061609128,850.3011239862668,1435.0104434122932,2938.5370548108326,4606.551351303582,0.794170412386412
0.775,78.20890050244094,111.52157824454294,137.7243559409685,193.64491809797428,250.2844589112844,438.7367533803939,740.5480159934907,1403.126791036642,2827.423509175579,4305.723513054711,0.8575612771594665
0.775,253.9367444130207,259.1699844843391,335.30116742661374,416.4163885320487,700.7557657403478,1070.19759458461,1849.8257642569704,3423.1620114126194,6717.860439169781,10590.08428908315,0.6707376020304907
0.775,638.6457931520447,854.6171346094691,1174.0478013159593,1448.4305534869186,2146.565458657176,3214.351911331908,5435.925380794656,10006.456613933064,19780.991907099477,30757.595235503468,0.7658008913483078
0.775,728.213238053634,828.7760185467548,1234.0324649937454,1715.8090961378005,2422.5227052584223,3668.3452893444646,6341.696998821361,11500.91440632706,22630.3244718439,35188.65073558599,0.8166201009526989
0.775,778.2072813785846,933.8487376543015,1395.096214459238,1634.235290895028,2627.927931950175,3961.7610200030135,6548.058410456948,12140.03358950592,24312.945845307167,37554.29648712272,0.5921036160172103
0.775,816.0232752598216,1187.3063698820183,1381.1931003172976,2001.0809588352456,2901.554897609403,4397.930707631164,7438.90415624944,13689.502526480595,27161.88189735777,41889.0282273148,0.7807649968566576
0.775,1118.7845735941935,1260.809920661241,1670.2716759790678,2095.0078554154265,3148.13920253523,5002.507884995547,8491.239948138735,15361.247160889474,30323.483488226437,47105.520064492295,0.7010994317369557
0.775,1133.323488022881,1333.3567184030017,1954.856695705872,2624.507316874388,3811.0342941068407,6139.207092869816,10192.18351109169,18608.737723088525,36706.84084024384,57534.66934790589,0.7785889906580162
0.775,1513.5286191976106,2074.743931447769,2685.4479178951246,3668.3479748672335,5023.100431015504,8110.987498111446,13047.826420630448,24459.433550616064,47925.65690380226,74528.22498423584,0.7848004992614096
0.775,2493.973897989268,2818.321255938489,3946.155892032401,5288.6755803969945,7754.812123867864,11894.564163232766,19962.757414482,36442.47128937404,72082.72063489968,111189.14239606474,0.7505763623034478
0.775,2518.9697234569544,3258.5195013968155,3888.153747682655,5675.79572115812,7911.754587521645,12613.023626455908,20890.009350654705,38337.585416633214,76268.82955679743,118028.94229568128,0.7800163289897128
0.775,2918.2213565633974,3668.28628355158,4696.812814684125,6763.241688536568,9506.135368416475,15051.927922335351,25126.237472945377,46639.97474128392,91476.51212374064,142225.90508376106,0.7432506499920859
0.8,2.0578194874237203,0.0,0.0,0.0,0.0,0.0,0.0,1.7186184730132172,0.2487474105677025,0.0,0.6996356406518467
0.8,101.46520624927332,83.72223679917329,118.20965360910796,148.01169753395132,244.56110272345663,415.154761375717,737.2165401820781,1317.5114934093756,2591.779299371105,4119.518097477119,0.6539480749407497
0.8,283.9836484474186,296.76027827088785,386.06496920194064,505.0061726101128,864.3324216660303,1194.2855939112917,2082.985814725176,3755.934014600252,7586.683758476076,11551.258820915247,0.716836795503978
0.8,486.03415066033335,629.8514224294235,767.3845437466807,998.2821860625984,1457.0251690464004,2310.233253249542,3884.502715011568,6892.276668414561,13845.95846410132,21265.92422331408,0.818119397966457
0.8,812.4535689415101,944.040003831381,1155.3196316827234,1659.6570766743591,2381.992471016996,3847.5132229770734,6336.535505471396,11912.51068392968,23166.162528375567,35822.55356869852,0.5554853576353355
0.8,896.9148389552129,1028.086159221842,1448.081877132161,1892.331914638951,2747.172933886,4237.328630726324,7334.456747361406,12953.29162285815,25952.12196822396,40425.51594783236,0.7661051061449736
0.8,913.1518939781312,1032.86776292366,1411.1189658685764,2123.301028787085,2869.1054208562537,4509.212825410001,7695.947370894073,14256.122274494288,27713.9689462752,43391.14405661439,0.6122088176811413
0.8,1125.6003744873224,1107.8362365829314,1704.2806244030903,2126.0443228300715,3109.5315940822657,5168.018362154729,8415.625755402943,15573.76587005869,30651.212493212883,47390.144317636856,0.6777810314497189
0.8,1105.78963263464,1333.2993533960228,1871.4695558061971,2663.13409175507,3743.227829532143,5893.598895814858,9599.582113699516,17504.967474318073,34665.49447037684,54328.33967689108,0.6758760200245967
0.8,1661.1272360575342,1929.2162328308,2464.7111970861893,3541.848389217246,4969.721122349761,8121.218271679309,13028.100699243998,24062.0973829987,48135.80626394681,74003.15006343403,0.6726707476771713
0.8,1701.278788442232,2284.34270597161,2885.8346866340285,4022.109059417261,5964.426913639652,9217.717179146495,15382.272858410955,27708.804288101263,55586.40963450117,86287.56281414544,0.7794283508112826
0.8,2334.1011226396968,2882.585510861574,3917.86553055811,5216.266982094828,7679.201086512732,11770.382647932078,19737.04494785872,36147.51319683847,71069.22463545497,110578.98490072013,0.8117501077791811
0.8250000000000001,2.7582248664248303,0.5344657180615587,0.0,0.0,0.0,0.0,0.0,0.0,1.183459804279166,0.0858962761170362,0.8039508754921074
0.8250000000000001,115.3578822548624,148.30479256553144,183.349118917198,225.7344014123557,334.8874278792672,510.0216673025583,875.7585894514971,1710.5301737685015,3349.1364557977963,5195.649102890969,0.8185715067912563
0.8250000000000001,151.57834981671684,170.80917493985268,263.0185159148886,305.6221900338357,392.3088325119711,691.2248886567133,1153.1591700760378,2117.165916633232,4166.777396295448,6623.194792023999,0.8427680870470821
0.8250000000000001,262.5604180095753,324.73087297516514,458.5602122518904,600.4617973897515,960.3140207782797,1371.8569413477649,2466.0003014027698,4448.090706182714,8700.748091516876,13507.274837603709,0.8122422199502585
0.8250000000000001,743.9482825854815,796.863229749488,1166.8194281419064,1589.6905736983315,2304.490792168047,3586.332965628324,6106.967864008668,11127.83401588832,21965.308470008047,33715.11733095125,0.8182860391249174
0.8250000000000001,931.334218893437,1112.0070097339656,1526.7732771307724,1880.559327814318,2834.0681709671226,4352.021995267465,7316.366083758372,13297.718993356184,26290.28491877948,40979.46158441097,0.7839049382953681
0.8250000000000001,942.4633811366132,1087.979309934131,1525.3094400298976,2155.8784648191427,3026.366225260209,4942.32595442753,7979.384210298308,14406.337732188687,28779.81702884245,44245.18735394641,0.8528387046016991
0.8250000000000001,1085.627834368568,1296.418751906932,1761.9608690091477,2403.3441142133142,3152.8532704863824,5170.65751997927,8641.608483383001,15611.907114107553,30981.350063999987,47688.7146407551,0.7683696742742165
0.8250000000000001,1053.1400245233438,1337.2929667932435,1945.444248560245,2657.1353946548656,3746.6307086190873,5820.918102957802,9852.283438477843,18030.76935109768,35215.47840632726,54764.73548679151,0.7290972393392984
0.8250000000000001,1331.4216300698647,1369.811244567292,1858.406338170912,2462.170275266814,3781.667858409448,5743.900653971128,9638.9923733957,17698.193944139697,35042.73810624249,54456.83148625204,0.7751301451127306
0.8250000000000001,1665.880472717525,2009.999256623738,2775.267598239438,3868.096706962516,5546.935627609564,8667.40188041601,14578.613877599932,26225.73886803229,52403.243513215806,80714.21262724046,0.8155591838046619
0.8500000000000001,5.546373240041584,0.0,0.0,0.0,0.0,0.0,0.0,0.0,0.0,1.3357757541461406,0.8307699236379601
0.8500000000000001,209.73940647916453,222.0572573668891,288.3496912353704,387.78834203809225,567.0690626857925,895.9556813880382,1565.1509259793288,2912.3878717085486,5698.01385973615,8878.2589980214,0.7391886013261659
0.8500000000000001,88.1276437258333,63.99988975913183,116.54932000864264,111.91461020712936,189.47784188539563,301.52876708668714,571.15982553943,1047.5807301361622,2006.7611865581669,3122.6357287695687,0.6715215729350646
0.8500000000000001,296.00586639687566,355.8338085945118,529.7621834119253,628.193393075179,910.951643699721,1447.5513062199475,2499.0986140841133,4469.717072089107,8893.850950122875,13763.845445010453,0.7412353334819605
0.8500000000000001,637.3940202725666,744.2519024381095,1144.968960558895,1473.490713993457,2317.756295400556,3542.427106087057,5972.119240863502,10717.359863557744,21539.811363294823,32844.4480172665,0.7179860514024936
0.8500000000000001,848.3478846759986,1010.6294469999056,1404.4870535191533,1905.0887332153504,2941.7036109170435,4484.270109930008,7767.8604659627235,14124.610141168583,28207.43978591469,43462.92568086008,0.7669067285683617
0.8500000000000001,883.7377476763344,1178.919056681218,1482.6152111381657,2114.261928309455,2756.745721510644,4692.195895326756,7907.711168769815,14447.88655281421,28463.322166911472,43893.25422853039,0.6939292630600354
0.8500000000000001,1071.2455163262484,1192.0099831893988,1759.441239320942,2226.3252942472286,3295.9534293208458,5065.368519699681,8552.981627457357,15658.137470267437,31184.458368445405,47774.47700377068,0.7702877045398445
0.8500000000000001,1225.8018619059887,1478.9628058800463,1919.8514475865595,2583.327420394416,3553.9681954281327,5653.261034454543,9427.244948686315,17374.66988739335,34218.73043736026,53002.92959859563,0.8082784800995814
0.8500000000000001,1386.635282157954,1544.7358844160706,2120.718078525053,2904.7110650167733,4144.095786248049,6629.995255871263,11195.692648140955,20011.81623170681,39492.29043935399,61506.7142996636,0.8081029387883395
0.8500000000000001,1535.2215815445084,1857.9572945136952,2536.661591108132,3423.6708914024257,5001.033123366478,8050.919871616693,13530.23224689929,24733.82094096021,48586.11429224981,75285.12849179945,0.7629871175147199
0.8500000000000001,1994.0373399747657,2231.1885941788964,3155.5867844099907,4141.636736100851,6441.285261716665,9732.278982338905,16148.600954139343,29637.098605539213,58596.78429835178,90162.10793408664,0.8109797711512089
0.875,5.151365984422666,0.0,0.0,0.0,0.0,0.8297502256788187,3.514914150444996,0.0,1.6018789079077194,1.3252954993481132,0.7591780414892381
0.875,3.254485736822652,0.0,0.0,0.0,0.0,0.0,0.0,0.0,1.5492599833436906,2.78658842641684,0.6442061519066969
0.875,51.91781919605859,61.55789970212286,62.755033882614505,116.05900844555816,143.53008753473478,242.9552315776722,419.8160549797796,783.9968740977633,1595.5278343468344,2516.3130403313007,0.7660071097819021
0.875,366.4751044667352,309.3451099981009,521.7291352364588,622.0337056775724,977.8968773295228,1494.101992744587,2533.199194937456,4715.187024388347,9210.285469576917,14281.481034559882,0.7041330582807395
0.875,378.7020020603575,422.6657001228488,512.0477774337228,812.3586266988292,1161.643742555608,1927.7758337916705,3091.84404499043,5763.6084897440405,11266.182522242038,17337.860160909273,0.8168146734416963
0.875,903.854830955488,1023.6821667992256,1506.0060343463454,1978.030277638553,2827.372463147309,4561.979913883175,7490.338936798163,13796.472294629071,26839.06233586809,41667.50673876986,0.6792198263610595
0.875,1003.4093121883488,1228.0690233761711,1535.484141754785,2164.1069463771446,3161.41569970207,4910.154159986972,8235.489223932342,15036.02090651153,29786.64175489072,45844.10840849115,0.814675796299871
0.875,1086.8117384007774,1350.7557263221397,1760.3721906280664,2357.321781954452,3480.7613407129606,5197.515668930293,8931.036930279814,16420.167985866337,32057.451261796432,49591.55234922919,0.7619973069064581
0.875,1226.066835598237,1252.670712338936,1954.6697824644784,2487.8915700415,3652.4548196262926,5527.599035059434,9476.4153203133,17374.62001720255,34113.60762453592,53221.77057774531,0.769470459507851
0.875,1251.734661799347,1645.455356608637,2161.439946425529,3046.38292320207,4132.210122408823,6557.059118584906,11074.013599207528,20137.018272176087,39966.98392701664,61588.193025930574,0.7815970529331728
0.875,1787.826052846406,2141.033283652508,2680.509004336453,3823.424342228436,5374.373107947168,8249.233951722203,13991.223739692436,25333.92042331047,50055.263529909455,78146.30905339292,0.7742302828570464
0.875,2019.119100401135,2345.6797390711017,3107.654562634358,4416.941971754039,6165.0690270117975,9681.1146913861,16087.107825948118,29997.144727429797,59464.86538913706,91904.36398410203,0.806100404412528
0.9,0.2625073948378001,0.0,1.7986617794441857,0.0,0.0,0.0,0.0,0.0,2.002834197651364,0.0,0.9328934958558044
0.9,1.0585361661433357,1.978454501005996,0.0,0.0,0.0,0.0,0.0,3.087397151251395,2.255690163567346,4.48617708508366,0.8541271437405197
0.9,109.30843418869507,97.28535312378828,158.50146305285605,255.1941290818954,335.79957396774955,527.9995318363303,893.7721388813828,1601.863877936423,3213.2107493888293,5039.618366650131,0.7746506730522527
0.9,312.2009787581051,359.4484309127073,476.71830467368113,627.5140651431601,877.614350799857,1400.0240538146652,2323.32980295565,4334.317167715605,8458.425611174507,13238.481466731882,0.8533005657215675
0.9,569.0568244224829,606.6036741360629,929.3854628028064,1219.263291774316,1705.1518254333853,2729.61560122058,4910.764585926123,8901.02575951932,17447.37509459369,27001.02969886572,0.8166769104385385
0.9,904.5306283515188,1047.4564624446318,1455.9944672387571,1917.255113630167,2893.498529367566,4313.261797404398,7388.915804138885,13421.53540642914,26758.61463816689,41438.24720309048,0.8756096508104042
0.9,1077.364207845784,1254.294490244513,1743.2755210992177,2478.96215698877,3514.2396622921333,5381.560201411117,9110.940441831282,16345.423099912665,32370.211979140306,50305.515644833096,0.7901426198404511
0.9,1059.9126118093411,1263.5820940785873,1665.6561332250851,2370.879034415875,3396.153979172624,5244.97409577182,9271.810716638054,16591.442518191976,33031.58770669823,50951.731133027664,0.2
0.9,1192.282494765598,1399.9685153193884,1877.9993699934807,2537.24069019326,3828.365257063778,5912.873956276468,10057.769182342903,17958.074802729014,36157.077156213774,55899.31019500332,0.7462075837299877
0.9,1345.6871167290542,1410.825905815962,1988.739712312128,2942.976665239292,4252.544169062336,6416.0163677402925,11207.576298630782,20178.51502885092,39931.92999811573,61818.87184595691,0.9216214609656732
0.9,1535.957998060807,1797.1236851773372,2414.544462557756,3116.158982308232,4755.790843522756,7347.307250826986,12537.603839286978,23041.02082860564,45727.43742464091,70691.37729467092,0.8029645207942347
0.9,1965.7731696315168,2389.10118325205,3249.642969805136,4367.258949026721,6128.873927692307,9599.56317411313,15757.334492806129,29020.486380539507,58105.147486548085,89177.72391892897,0.7992385286417918
0.925,1.4485019276296045,0.0,0.0,0.0,0.0,2.25586365778381,6.304545275174752,0.0,0.0,2.1846258580643214,0.9222610324862429
0.925,5.145122492165112,2.888064040413436,0.4732541914963193,0.0,0.0,0.0,1.698861200243197,0.0,0.3397722400486395,1.1285292258758384,0.8354936323854438
0.925,188.21016950958892,128.29792805023357,203.26299556676477,252.60835250916227,470.9241741331029,680.9659258050858,1188.176382619063,2099.9190787709167,4271.413847005756,6480.191773819295,0.8937794547373227
0.925,340.31549173603065,396.4515741904765,557.4054366208387,679.5660713387791,941.534456126193,1593.717072609145,2661.0632907673885,5037.490781338929,9639.584630470205,15031.082630973076,0.8558961911295351
0.925,507.5606411943796,625.7468045870643,866.4476055094268,1142.9053666939071,1579.3284764194416,2456.3149754798083,4128.799743108452,7693.956875769308,15209.505339283416,24180.362085465727,0.8011022025584686
0.925,986.7308396340352,1085.0219632724188,1480.732859992752,1990.0132933522536,2968.595646052537,4483.959575513735,7901.231283355993,14386.91760218925,27943.19881756915,42886.75993342034,0.8768566190245626
0.925,1178.5637646499436,1304.6400957411488,1848.934388557805,2274.92798303778,3462.6558862912693,5305.758550283182,9119.706416377036,16491.839371174883,32526.8603180215,50422.20140138791,0.786039425613288
0.925,1203.165300738863,1254.26057685565,1806.8888146327408,2428.024685192116,3510.73073162213,5822.006992614437,9450.913390786009,17508.83824833224,34439.92879353388,53248.41392544003,0.871715360556165
0.925,1290.1898234470762,1425.1116350493846,2010.27475992279,2826.431254213541,3877.797424534209,6114.246917745691,10491.977840627738,19343.511244206875,37693.47995163693,58522.93811201744,0.7682652868439879
0.925,1310.9968017139358,1508.1627088707228,2124.6973709324207,3089.558468971109,4312.61301685797,6846.351404701376,11158.02553628717,20497.430300371027,40214.64693956448,62762.2897126087,0.6706536051478579
0.925,1613.7619112809823,1996.3852045313984,2673.8899387131164,3613.587972766072,5247.306854378461,8224.680376407105,13689.105304563454,24900.1054310788,49274.44791963365,76077.00316040809,0.826121487459213
0.925,1802.707706640336,2465.2960713222747,3179.5195929788574,4309.085764168714,6371.099952550333,9549.865747617152,16100.746502188693,29681.92348338833,58844.48020538206,90747.46923659217,0.8595226246580455
0.9500000000000001,4.484036272388955,0.0247054340076526,1.8899657015854268,1.741733097539511,0.0,0.0,0.0,0.0,1.741733097539511,5.682249821760107,0.756999965802185
0.9500000000000001,1.5953146020139115,0.0,0.0,0.0,0.0,0.0,0.0,0.0,0.0,0.0,0.5996263281319643
0.9500000000000001,191.65360666891704,168.27607882248873,253.57246420810569,325.2846104397169,465.0232566208449,743.3422030087283,1279.6563891432309,2298.1584131551904,4727.736442311923,7300.844068111368,0.6503134556817807
0.9500000000000001,406.0333983333456,400.9016089250728,568.8510804685479,713.0077102100306,1089.0279159434774,1625.6886810328594,2815.1752623625266,5041.283304163309,9978.531241231633,15462.703522205884,0.6926939002122696
0.9500000000000001,450.9618395686804,447.54915537734985,624.6837157845073,955.064047259508,1139.8365199044051,1904.9278138465124,3192.484806604226,5790.187511290841,11386.66456753092,17651.702707729753,0.6495813437221375
0.9500000000000001,987.1287736484032,1151.6923668993918,1436.8348141914273,1999.5361330496464,2826.1458871675154,4351.202965636355,7677.864850710103,13853.423350128922,27396.931238928028,42075.19484217212,0.6749216206625076
0.9500000000000001,1228.9903378134215,1276.0556827240196,1737.5188573799996,2526.7684874192555,3619.8541606387616,5405.273842424814,9365.72514404382,16737.99621193344,33236.76679500177,51152.23210919561,0.7543689764892827
0.9500000000000001,1206.8878027206383,1404.3360492451184,2050.4240985234464,2472.1922464248505,3739.2491893585698,5810.119112226267,9907.462310814146,18277.98279735046,36315.58111705352,55569.7059852395,0.728255502157546
0.9500000000000001,1459.682455542939,1742.5715914054722,2233.804753004601,3175.812832672972,4626.893929355225,6848.593066185528,11798.515806086483,21354.94406915437,42908.356529797886,65303.10931455509,0.7667007536039919
0.9500000000000001,1414.7425800998533,1684.4130652004512,2176.648639997205,2949.3035820673817,4536.660564119083,6792.02895885257,11852.22331350693,20858.52199996159,41491.63361788717,64304.55531174313,0.7121218922267993
0.9500000000000001,1761.1324809316666,2076.177936827581,2686.755898085317,3925.296085622071,5336.614580615255,8573.635683762017,14599.589589608988,26337.87106908222,52209.56001085899,81416.89915120942,0.6833471775309519
0.9500000000000001,1900.6775015481428,2318.0336852600467,2983.1606904368014,4141.259863357695,5778.749692327619,9126.77585911414,15398.4977191859,28288.08645361291,55905.539883794285,87192.20387895736,0.6767435008733523
0.9750000000000001,6.323697964698175,0.0,0.0,0.0,0.0,0.0,0.0,0.0,0.0,3.900383051218948,0.6639971565357352
0.9750000000000001,4.184729176273931,0.0,0.0,0.0,0.0,0.0,1.441406716272132,0.0,0.0,0.0,0.6578361677965343
0.9750000000000001,357.79365457986927,354.6897664092237,480.9615806241224,637.4257615898459,857.8018217056803,1303.0686883673789,2310.703657219676,4195.187034279343,8137.548268477011,12841.067533612531,0.7410251383843576
0.9750000000000001,355.5130385111034,382.5714439939106,526.4658546539262,697.1058568605314,1074.3594639387456,1605.5175276359334,2823.927809202803,5135.153576945247,10095.91338444928,15782.245117009628,0.6801452528853709
0.9750000000000001,373.70776065301976,417.4378818007156,543.7009076496963,749.8791901030929,1084.16825000326,1705.1667661605031,2974.726093142023,5436.239179997884,10658.60111255158,16224.95280089384,0.7677923478743813
0.9750000000000001,931.500693776743,1209.926176166679,1425.618448431055,1937.731386866404,2866.2328833463075,4349.835812849594,7501.742238719866,13594.111681033226,26920.54500332352,41028.26922144052,0.7568352182932528
0.9750000000000001,1032.866657790505,1383.661934697794,1734.1822936764718,2466.5636554954517,3328.156443761473,5313.88864211676,8959.575293423624,16367.5137977683,32469.731794427247,49869.012578271606,0.6923734947121396
0.9750000000000001,1163.7235351331904,1437.8962246219246,1929.2781277140111,2542.6424236111584,3587.260509165822,5685.127509954753,9766.359171116545,17892.86070310844,35144.16306669969,54030.43226593048,0.7326911868118273
0.9750000000000001,1381.0862791547463,1426.004523272962,1968.3174572602225,2791.818599427515,4063.603817894602,6245.732117157533,10500.388200034946,19375.63432787284,37935.85279751967,58687.48267021386,0.7103463929033211
0.9750000000000001,1226.1913104484174,1627.752834566704,2176.174655952428,3053.6495701695867,4206.717971099907,6473.528166160901,10883.331192687116,20155.50046305113,39848.29881797515,62502.8822474977,0.7206441672448837
0.9750000000000001,1606.8049727174418,1819.436295511703,2367.71426315227,3169.6286609377817,4864.0655162998255,7421.924430473404,12496.306465120277,22755.519775181176,45758.39293986485,70128.65416015392,0.7774581978423989
0.9750000000000001,1865.4263867665525,2260.8808028048584,3041.258709201845,4183.68257775695,5609.352033557123,8872.486452767604,15234.25496936547,27706.139192355004,54559.273404660446,84081.08943832999,0.7092561377136692
1.0,0.5096196899335635,0.0,0.0,0.0,0.0,0.0,0.0,0.0,0.3039836746972133,0.2950429783825894,0.6593657632027403
1.0,0.0743322969686834,0.0,0.0,0.0,0.0,0.0,0.0,0.0,0.0,0.0,0.7513962781190606
1.0,0.4402272302643016,0.0,0.0,0.0,0.0,0.0,0.0,0.0,0.0,1.258895412861073,0.6842951858258842
1.0,102.1997456800028,89.76740113846989,136.560005003452,186.6809530764036,231.0262450237611,437.38358591786647,729.7884138356521,1321.5484355172775,2672.3667215693454,4190.09168040341,0.7677838264515061
1.0,330.1477613475736,426.8487228923256,523.697998795275,686.3988497379022,1001.4185465493337,1554.3344739095107,2645.038264093723,4823.776186014592,9568.05587603534,15056.280386774608,0.7193182338454096
1.0,813.5841060228227,883.7692323069612,1227.183412085204,1750.8724312822371,2451.0805640768363,3927.31554468201,6522.052621420695,12145.313107249527,24036.410522974904,37256.80014655004,0.7245823428269337
1.0,996.3496169307448,1374.9355065574744,1509.7595413248282,2306.299938730355,3301.301315313426,5082.86611072924,8661.09599345481,15787.355175118066,31461.72780910109,48258.6453565571,0.680413349958925
1.0,1169.6720390723372,1464.9881460630982,1878.8364294613384,2503.9560003927136,3642.328589460142,5905.452710648417,9794.119564036084,18003.55956671252,35882.79076257221,55382.63792535273,0.7223461794406095
1.0,1319.938955079794,1617.372888392785,2111.7809265222363,2898.1598257201545,4149.203369716225,6342.930379906326,10668.773085528836,19098.59706284345,38822.71589768495,59942.34618698882,0.7588320717204813
1.0,1379.8523108217298,1636.7464737581256,2204.902252430575,3057.930766240414,4527.759621753976,6929.465694552904,11852.422648645914,21003.005449973152,41661.36576056134,65170.04311412574,0.7386448209277179
1.0,1495.4321703800524,1745.1696753734748,2549.251282662549,3344.686851163569,4980.450881872815,7439.251297214177,12781.505648371736,23495.277866584885,46178.8257069528,70667.73295425718,0.6836524270718239
1.0,1777.2526916140755,1989.4671521527116,2575.054026895985,3751.437624022597,5232.770969680996,8380.213590632091,13894.663656052588,25376.1258852272,50360.12390474553,79059.785261158,0.6528426139913172
1.0,1952.5253613291447,2624.153803413005,3255.1127031561464,4766.857691306841,6258.461572774514,10237.10480062077,17017.298502280497,31301.603759264734,61852.563965612215,95602.47417378816,0.6228825085061392
1.0,2219.835697439484,2766.8651660235687,3682.562838209127,5145.70189875933,7459.867225947123,11568.355117255604,19215.645843357663,35277.22192696508,70750.92958925742,109869.30346994736,0.6944129552537467
