frequency,379.4969129664533,379.6280351651476,379.7591431328859,379.89023686570124,380.02131635962644,380.1523816106944,380.28343261493825,380.4144693683907,380.54549186708476,380.6765001070534,Max_Oxygen_LifeTime
0.2,0.0,0.0,0.0,0.0,26.109858330240662,17.49916037026768,18.74910039671537,0.0,0.0,0.0,0.45973694591830416
0.2,0.0,17.814795085828663,0.0,0.0,46.788307972670886,12.92062061169991,6.851844263780255,0.0,12.52908665376961,4.894174474128754,0.971616363897645
0.2,9.00783587842314,39.350019889953714,0.0,27.971700885629748,59.26207814752065,45.75032432988594,40.06116482772396,5.4521111895719,30.579232324120657,0.0,0.9117780783164717
0.2,39.70689496072158,0.3008098103084968,0.6016196206169936,70.08868580187975,91.446182333783,106.48667284920786,85.42998612761309,26.170453496839222,28.576931979307197,13.235631653573858,0.9391676774955388
0.2,3.2215977092697576,41.00215266343328,38.952045030261615,33.973212206844714,86.98313815028345,72.33951219905728,45.68811296782565,9.079048089760226,20.50107633171664,0.0,0.8415457954533347
0.2,0.0,51.916079663174,69.75227881125832,110.52073400687964,77.39636416043732,155.42973543330623,56.37512945019508,0.0,14.332660029710617,0.0,0.8653322467273351
0.2,42.19681536172511,16.17544588866129,31.29597139327945,56.26242048230014,79.47066893124897,106.19531866034151,136.0847295415635,4.571321664186887,37.27385356952384,33.75745228938008,0.7316352996703497
0.2,28.662750085129435,64.68485492184615,91.02359824331646,94.12227392819533,81.34023672807002,91.02359824331646,96.44628069185444,27.888081163909725,39.8954494428153,55.001493406599735,0.6677301296999959
0.2,38.575601880482616,59.57787401541204,81.43738174768552,99.43932929191074,114.01233444675972,192.44939160374105,167.58955928076338,0.0,0.0,0.0,0.7000370427067865
0.2,12.71057651262722,127.1057651262722,109.21680558998204,197.7200790853123,288.10640095288363,276.80811071943725,221.72894583138597,24.479628839133905,72.49736233128118,35.77791907258032,0.6751327152436368
0.2,104.04082965677888,92.31073611704402,145.86116314626844,145.86116314626844,235.1118748616425,531.4242377566843,309.0624645686667,27.03021554808471,32.13025621753466,51.00040669449945,0.5234310677705861
0.2,236.94087397834835,220.30337919536507,288.00077176060745,302.9171463936269,371.76195239217856,783.1096682335242,603.5394659206355,83.1874739149165,60.81291196538723,47.04395076567692,0.6944522570889506
0.2,300.1625347868267,475.5661559379764,434.1857241875291,534.8575208341398,622.5593314097146,1438.4332171162948,1011.0412951564512,156.87506962109873,77.20229804187929,109.93607241163612,0.6630253734709786
0.2,585.5854892547698,830.6986814313649,766.9020971662236,742.7265494446964,1054.3224978554913,2261.756797947321,1625.1340412804389,288.0919436815323,168.55729105842568,92.00138994025626,0.79822163316433
0.2,1234.3124031906843,1424.0943220727531,1423.3643916155145,1551.8321520895302,2102.9296473047675,4842.358653321704,3387.607252044924,445.2575789156224,97.08075081275048,39.41624469089116,0.7036243975064377
0.2,3002.20086150942,3201.747854211217,3348.954652105986,3464.2666437902217,4695.079037299259,11105.935085616433,7869.8389785631025,1009.1843811230248,336.94000407024816,112.85854505265593,0.7339582087744879
0.2,4815.615661401097,5104.969851641622,5786.176738383424,5499.543747424157,7557.677470482942,18196.659593778,12932.046050969191,1625.463037338626,476.20987422030055,356.4771058449107,0.7500676178642665
0.2,9053.965351308336,9766.052158361756,10546.198617444534,10687.3970000129,14180.78719895258,34663.69501268322,24865.13675185969,3105.348600802152,898.99689620867,360.61457418539874,0.6612667032813783
0.2,14995.122651822325,16585.424539708507,17883.775483997673,17922.939634968006,24360.101903546103,57875.120794520575,40814.97927335351,5139.9981167425785,1427.711321736625,706.1415099196108,0.5525249130712094
0.2,18796.406574501947,19756.86218473468,21520.011314163214,21287.78551615688,28841.434435004267,70995.4651600674,49162.453857286935,6106.0239714926765,1653.346714066847,815.3144864787657,0.5601010204217014
0.225,0.0,0.0,32.49887575919326,41.42462332685901,37.07618220415006,59.04725313994269,6.179363700691676,10.756670145648474,30.667953181210542,25.175185447262383,0.8247662403650454
0.225,0.0,30.17792625342912,34.607713593382016,42.9135648557937,57.03351200189357,45.12845852577016,57.03351200189357,8.58271297115874,37.37633068085258,26.301862330970334,0.7810588398643363
0.225,25.09871258459444,46.56869563888606,46.26630151136083,27.820259732321546,90.41584413004502,97.06851493560016,108.25709765403384,22.074771309342093,41.12560134343185,14.817312248736476,0.8336496532846075
0.225,39.70689496072158,0.3008098103084968,0.6016196206169936,70.08868580187975,91.446182333783,106.48667284920786,85.42998612761309,26.170453496839222,28.576931979307197,13.235631653573858,0.8326921862102807
0.225,16.451690343817326,52.43976297091772,26.048509711044098,47.641353287304334,98.71014206290396,104.87952594183544,122.70219048097088,56.20994200804253,62.036582338144505,0.0,0.6972630871582721
0.225,36.677403132442656,16.13805737827477,69.68706595164105,98.29544039494633,148.9102567177172,124.70317065030504,39.61159538303807,26.77450428668314,41.81223957098463,32.642888787873964,0.8245197440059927
0.225,50.96913320877086,44.40492665915644,41.70201807990344,89.9682427094213,122.40314566045733,186.1145621714209,100.00761743236104,31.66264335696372,77.61208920426473,21.623268634024004,0.8684417707442
0.225,41.46154814530841,67.58232347685272,72.14309377283665,125.6284908802845,163.35849969251515,203.99081687491736,167.91926998849908,29.02308370171589,22.389235998466543,0.0,0.7852449718092277
0.225,23.041206947754848,51.05208598228035,46.5342022670343,107.97742079438058,154.9634114329395,252.54969968225413,106.62205567980676,13.553651145738147,32.52876274977155,75.44865804460902,0.7001181046785798
0.225,0.4962751247245318,64.01949108946461,175.68139415248424,192.0584732683938,276.4252444715642,321.5862808214966,302.7278260819644,76.42636920757789,74.9375438334043,53.59771347024944,0.8729390368811302
0.225,125.65308129587412,212.0727110478888,198.81816660739577,284.7076145817907,297.43197724466404,458.6072376410596,365.8254265576082,86.94981152963442,4.771635998577499,107.09671907918386,0.9409197834843136
0.225,187.9915287285781,338.15194486471785,349.79228720085274,339.8979962151381,421.3803925680822,777.574868053809,561.0645006017006,61.11179726470805,67.51398554958222,70.42407113361595,0.8786739544765398
0.225,405.7747304926596,463.2959557705097,488.9304148617255,522.6928731769852,782.7888483463943,1501.80416431952,1087.9014346028164,175.06459867171756,91.28368359310988,45.641841796554935,0.7488796733202973
0.25,2.136794158506043,20.299544505807408,40.77715519149032,46.83140530725744,30.627382938586617,58.76183935891618,27.77832406057856,0.0,13.711095850413775,27.956390240454063,0.8907084191471129
0.25,7.344443418170516,20.089212879113468,0.0,56.16339084483335,54.86731259456797,32.61796929834553,43.6346344256013,3.4562086673743604,29.809799756103857,0.0,0.9102083319707164
0.25,13.669516123021484,45.74030395011035,33.9109149974956,44.95167801993603,78.59971770737353,77.285341157083,61.24994724353856,22.870151975055176,33.648039687437496,11.829388952614746,0.9443221441693939
0.25,0.0,52.93636022096459,46.50210649244956,74.28638395649175,97.39120416343208,50.59663159241367,78.96584121359358,1.7547964714131907,0.0,21.642489814096017,0.843301338754155
0.25,29.14942549102408,78.27767070061522,71.07219473654185,62.884153868276655,57.64380771258693,83.19049522157434,105.78948801798624,16.703603371260986,20.96138462275889,21.94394952695071,0.8709211639441403
0.25,7.238084790969248,72.72551861402435,44.4625208588111,38.60311888516932,109.26061327320248,140.9703180717344,56.87066621475838,12.752816060279152,90.30372453494968,19.30155944258466,0.8162583665516217
0.25,38.230475485919065,70.21173863279367,85.65096911749175,90.79737927905778,127.92505258749844,136.7474700073259,41.53888201835437,45.95009072826811,51.09650088983413,47.788094357398826,0.8839646218926953
0.25,7.30238591845928,30.426607993580333,68.56129001220101,90.87413587415992,95.74239315313277,113.18698173611882,126.98037735987523,48.27688468314746,18.66165290272927,44.62569172391782,0.8620823431292292
0.25,78.68907357685858,110.42555076531536,115.6425059195822,119.98996854813792,83.0365362054143,152.16119199945027,138.68405785092753,53.90853659409096,65.21193942833584,50.86531275410195,0.920458161603352
0.25,102.59373226658154,84.23980768678025,134.1248334677786,201.89317037781413,166.59716157050394,178.36249783960733,129.41869896013725,69.18017726232792,67.76833691003552,39.53152986418738,0.8298172285604452
0.25,105.47141280515608,126.76376374704206,112.40380613507244,130.7251313641371,207.97179989749088,267.8874851060537,186.184278003468,53.47846283078336,64.37222377779479,95.56799376241842,0.8914172453042928
0.25,62.994573788836,156.41872983160124,159.6218437530675,174.56970871990993,199.1269154511511,357.1472022434854,237.03043018850155,98.2288269249646,77.40858643543406,34.166548495639866,0.8738477512417712
0.25,103.7378137675031,199.40713090864483,205.7466639722145,312.3660836777038,308.3318353645231,518.6890688375155,327.350434555232,107.77206208068375,140.0460485861292,43.22408906979296,0.9391192474088602
0.25,155.95642012778592,175.45097264375914,320.44170698131006,310.6944307233235,361.8676310777532,671.3436522688284,597.6298755678046,129.76061518444686,134.63425331344018,65.1849099752855,0.9311141893419929
0.25,310.777632999254,314.82246119447206,403.80868148926936,455.7173099945677,557.5121529075554,945.8156596484888,742.2259738225134,121.34484585654172,44.49311014739863,0.0,0.8825515117549522
0.25,376.8895413467777,434.5985259386283,465.2341597343022,469.50889933369854,634.7988305103571,1410.6640678007936,991.739587059952,301.36914175744226,73.38302978963725,84.7823353880275,0.9153880401320287
0.25,417.39656558868506,518.3796056504638,639.5592537245981,676.2123571544289,801.8801403424201,1644.9015192285278,1181.8755799822982,221.41466561693687,272.28019690731423,96.49490494792182,0.8366406301068983
0.25,573.1461256527801,766.0318410166965,798.3106750163723,862.0810543815855,939.235340527152,2256.3692254407524,1801.3163949087375,155.09586092527155,172.4162108763171,58.25935892624413,0.7023520808996986
0.25,929.329556120256,1063.893111757578,1231.2565340814974,1237.9847118633636,1474.3119564514109,3404.45795762425,2691.2711127464427,453.31097805322895,247.2605334835794,109.33288895532422,0.755610973873429
0.275,3.771919192631657,14.52188889163188,8.298222223789645,24.14028283284261,64.68841415363292,29.420969702526925,48.65775758494839,4.337707071526405,19.23678788242145,2.828939394473743,0.7349682530279553
0.275,0.0,35.032247141071295,25.64452078300644,58.61604750401472,69.60655641101748,24.72864504075621,21.523079942880408,26.331427589694112,21.06514207175529,12.82226039150322,0.7725901930008846
0.275,24.48542633482862,36.8597815793119,43.7051695868984,89.77989656103827,109.262923967246,105.31366165517686,60.81863960586464,0.0,30.014393571725407,21.32601648517332,0.7802447031227839
0.275,20.782667707531,64.72316514631083,34.14295409094378,64.72316514631083,122.32084422146816,67.39522242299338,57.00388856922788,11.875810118589142,30.58021105536704,5.641009806329842,0.7744336608163489
0.275,38.413841457936975,51.7751776172194,57.45374548491444,80.16801695569455,96.86968715479756,138.2898292485731,59.12391250482474,16.367636795120973,62.13021314066328,44.092409325632005,0.8173128926325012
0.275,6.800141883917834,46.169384369757935,66.56981002151143,153.54004569477638,191.8355815673663,105.93905250735152,111.66548777801918,45.09567775650775,49.39050420950848,0.0,0.7840962965634557
0.275,40.49327304860194,84.07174785328785,0.0,66.33183775580508,113.76681475559592,109.52466234098048,70.18833995091002,22.36771273160869,49.36322809734333,36.63677085349699,0.80167380927598
0.275,36.97585200724531,92.0377185832519,67.52112105670882,105.7027073685382,66.31538675212474,99.67403584561778,153.5301681170403,36.57394057238394,49.43510648794752,40.99496635585892,0.7916037598162216
0.275,40.89322259588926,90.7318376346293,97.54737473394418,157.18332435294937,165.70274572709295,136.31074198629753,173.79619603252937,48.98667290132568,43.87502007683952,42.59710687071799,0.766825166377979
0.275,79.69572618893808,52.97421799617649,160.32904915656957,66.10057289788394,224.08563010772,217.0536542675196,174.3930008369704,73.13254873808435,64.22537934049717,8.438371008240503,0.8298172285604452
0.275,28.77072560515042,143.8536280257521,124.3480513442942,114.59526300356524,183.3524208057044,113.1323447524559,145.80418569389792,72.17063372139428,74.12119138954007,40.47407161402517,0.8419934897076728
0.275,52.16498568330732,113.11021648162676,108.9783364275034,200.39618262498257,210.72588276029092,284.5832387277458,241.19849815945065,13.428610175900891,83.67057109599787,46.48365060888771,0.7573560230931569
0.275,4.392682992444466,60.399391146111405,125.19146528466727,177.3545758199453,192.7289662935009,300.89878498244593,280.0335407683347,97.1881112078338,62.046647268278086,23.610671084389004,0.8159663184531726
0.275,80.09812095355697,111.44086393538365,200.8257235502226,171.2242440673863,289.6301619987314,304.72111232331457,248.42025918929264,43.53158747475924,46.43369330640984,31.92316414815677,0.8465959102028908
0.275,25.176992503868806,175.60952271448494,198.26881596796687,273.1703686669766,360.030992805324,404.0907296870943,378.28431237062887,169.94469940111446,22.02986844088521,0.0,0.8661823154686811
0.275,103.25374624135236,161.20907477682115,227.8243949325324,323.0843027551994,428.33650860122304,502.9456671756197,409.684218957624,87.26606940398167,94.59375462110992,84.60145659775324,0.8753687785904483
0.275,267.17993749286904,182.29464485190545,214.30057486407205,369.459757314358,319.363519034445,612.2873567544915,535.7514371601801,132.89418765921351,31.310148924945597,4.8704676105470925,0.8164756490907241
0.275,307.4575771667768,295.0128657100263,295.74490756042337,305.2614516155855,441.4212357894438,794.9974495312371,685.923213822071,63.68764098454662,49.04680397660486,101.75381720519516,0.8361569321063043
0.275,326.25158072347926,391.02792362741457,564.028156504998,531.6399850530304,589.3067293455582,1116.2069819909836,869.7408967955222,139.82210602434824,196.69889491560852,104.27411296731056,0.7819711433974208
0.275,423.70887436599736,547.119226123084,571.8012964745013,697.6798552667295,893.4909467213071,1498.2016703310314,1230.812574857344,258.3390030115013,174.41996381668238,39.49131256226772,0.8320106428086772
0.275,702.7836869414804,744.4301276491236,894.5308410329212,893.6632068515121,1208.6144147030643,2458.007635932363,1926.1478827285016,281.1134747765921,144.89490829534225,100.64556504347124,0.8289673586522995
0.275,859.4978459628063,944.6325114217144,1002.5965389682052,1149.3179836952595,1679.1454229874005,2912.692384211154,2317.655413929212,327.85903080983763,193.81721710857803,44.37870859028189,0.8365105221819555
0.275,1152.4983452487493,1349.6612853037009,1261.0808339746643,1489.6755470818546,2000.203739687912,4094.70279853254,3406.06122529713,601.0135998776535,209.5451536815908,221.9273673082302,0.773445122916722
0.30000000000000004,1.6055424622396044,17.179304345963768,32.91362047591189,37.73024786263071,49.45070783697982,38.37246484752655,38.37246484752655,18.784846808203373,31.308078013672286,14.28932791393248,0.7407217240849905
0.30000000000000004,12.556085581078191,19.153350886390463,51.07560236370791,71.0802132894935,68.7392481811569,54.906272540986,42.35018695990781,16.1739407485075,0.0,45.75522711748833,0.867026873689901
0.30000000000000004,13.516747909335107,38.79807270272114,58.82288442025463,68.58498013255222,61.32598588494631,72.84025262252807,33.29124948039943,0.0,43.30365533916618,7.008684101136723,0.8479892845776956
0.30000000000000004,18.13710503353576,39.39152499471047,72.54842013414303,132.34418829158122,94.65301689376471,53.84453056830927,58.66219909284221,13.602828775151815,39.10813272856147,0.0,0.8758760872989872
0.30000000000000004,36.192895067274144,65.80526375868025,41.12828984917516,122.06876427235188,110.22381679578945,80.61144810438331,80.61144810438331,29.283342372612715,23.68989495312489,58.23765842643203,0.797632544766235
0.30000000000000004,12.280902307196731,75.49142888835637,77.65864694256756,123.1702260810025,103.30406058406662,71.15699277993399,132.20030130688244,39.73233099387177,54.90285737335008,40.45473701194217,0.7840962965634557
0.30000000000000004,18.794656030300235,76.30630348301897,62.022364899990784,105.25007376968132,143.21527895088778,117.65454674967948,137.2009890211917,36.46163269878246,63.9018305030208,39.8446707842365,0.8105519957228438
0.30000000000000004,40.93777719821997,80.64742108049333,47.89719932191736,51.99097704173936,185.85750847991864,89.24435429211954,95.79439864383473,22.51577745902098,41.75653274218437,48.30657709389956,0.77806321886658
0.30000000000000004,51.53436236577463,32.04657827787666,61.927847212653546,180.5867992145212,128.6193749801266,185.78354163796064,112.59608584118826,90.94299241019051,93.54136362191024,0.8661237372399098,0.6703456165782044
0.30000000000000004,76.8270393767273,121.91117026845949,112.25028507737404,94.30864115107244,209.7792212921416,174.81601774345134,221.74031724300932,34.503161396733816,80.5073765923789,11.961095950867724,0.7814791732500574
0.30000000000000004,75.87637872234835,93.27478403447918,116.47265778398696,167.21800661103524,176.40049830354872,112.12305645595424,210.7140198913623,54.611661118632895,101.9739866905446,25.13102989530009,0.804430205528871
0.30000000000000004,51.82179328968521,154.42894400326193,114.00794523730748,209.87826282322516,193.8135069034227,206.25073729294715,242.5259925957268,13.473666255318156,83.43308719639319,66.33189541079707,0.8523502692667881
0.30000000000000004,100.4958945304958,142.9274944433718,195.40868380929737,218.29941534124367,237.281973197004,290.32147308809897,271.3389152323387,126.17817868828918,53.59781041626443,46.898084114231374,0.8192687141174579
0.30000000000000004,71.27597632436186,55.75620728599275,196.58374115267543,191.9852910672328,278.78103642996376,233.37134183621708,218.42637905852828,36.21279442286127,128.1817961317153,118.41008970014954,0.7077329333746215
0.30000000000000004,103.05137002491348,140.07581434524167,142.54411063326356,253.61744359424816,326.4321840908936,411.5884060276485,235.1052214340841,0.0,82.68792564873297,104.90259224092988,0.7396000724320938
0.30000000000000004,184.1760000688897,215.304338108702,276.26400010333447,178.33943668642485,266.5363944658931,386.51019732766986,373.54005647774807,91.43949299194874,0.0,22.69774648736316,0.8241658209092182
0.30000000000000004,87.15435701951168,209.71517157819997,212.4387452350597,274.4000459286188,293.465061526637,558.3325996562467,396.2799670730921,96.68686481852076,160.0099523405097,138.2213630856318,0.8088869096929134
0.30000000000000004,102.81062374293424,307.7129158180129,146.66690380110893,394.7065205235726,289.0200751374794,553.5956663081073,491.7655009801889,150.2616808550577,140.91526051479096,56.07852204160048,0.7500953902929088
0.30000000000000004,220.47899769411848,286.8515679342164,246.4177033051912,401.2870338654197,415.7821928833722,688.9015049058443,530.2176588145755,68.66127955872201,144.18868707331623,45.77418637248135,0.8399572348441947
0.30000000000000004,202.86505350957415,344.23164591585225,320.2712065249577,456.047029740027,492.7863701393987,914.4901034191436,765.935379195597,154.14549341475518,204.46241613563384,46.323516155729536,0.7962337857581046
0.30000000000000004,342.40267569976714,409.7197066019058,580.0899699962074,555.1577363287487,649.0691498095101,1196.7472160380212,1050.4781118555964,225.22117746271093,127.9854661596217,104.71538140332684,0.8213576247342389
0.30000000000000004,394.4745990311856,550.1652390035825,608.7678956224061,832.682523897314,989.2478303864098,1733.5890360971391,1434.453087386129,235.28529299199317,180.181302439965,105.83464852056196,0.7957711616736298
0.30000000000000004,608.3671750796258,714.6044280412918,789.9693168944395,817.2096381666616,1237.6185964679553,2503.3855249172066,1876.8581356560996,256.9670306679613,170.70601330592487,109.86929579796228,0.8035843122847343
0.30000000000000004,1230.9563393942994,1395.4044128602568,1389.634305019346,1586.779656250464,1908.944010701316,4216.025462425476,3520.727467595727,395.2523871023884,283.69696884478,125.01900321973352,0.7433503506397324
0.30000000000000004,1663.1605109140603,1734.5407903524322,1958.8788114444576,1877.3013492291752,2456.501330957677,5749.171649621993,4584.653376498844,725.0196954383182,283.4816811981047,232.4957673135535,0.7786844305942255
0.30000000000000004,2212.658286050204,2513.613723424849,2636.539183760972,2702.24072290614,3434.49497370149,8386.483561207528,6459.94488111209,896.5080986582723,357.11965632132126,137.76129175599928,0.8174794864497246
0.30000000000000004,2665.309850632574,3220.12496793243,3510.1669302436417,3286.043595730433,4526.412442129516,10552.473666663593,7972.858032168422,1164.5624244313804,417.4846427206835,269.1677301751775,0.8171196267616777
0.325,15.488781212343737,9.32847050288884,7.392372851345875,55.44279638509406,71.6356131070898,27.457384876427536,32.737651198817446,16.368825599408723,26.577340489362552,20.241020902494657,0.6904838691894314
0.325,11.455987857692238,18.691348609918915,27.735549550202258,59.08877947651785,41.8043065684208,45.42198694453413,41.00037759595117,6.4314317797570455,31.95617665566782,27.936531793319663,0.7902560967884147
0.325,29.64635141095626,65.8059163894711,49.185992113631976,32.79066140908799,52.3303021117637,35.93497140721971,55.69920568119055,10.331304279575669,19.53964070267572,21.11179570174158,0.7698843571903901
0.325,0.0,27.037702929454564,65.58650710610264,53.00460574289112,56.75240614895413,56.217006090945134,82.4516089333862,1.8739002030315044,47.38290513379661,29.17930316149057,0.8540364758011214
0.325,10.185353551247406,62.754920267363055,68.66899652292607,71.95459444268329,96.5965788408625,108.0961715600128,55.526604843897154,36.47013690930523,71.95459444268329,28.25614210991216,0.911080856110562
0.325,14.468716652372326,74.15217284340817,115.02629738636,112.85598988850414,88.62088949578049,150.47465318467218,103.45132406446214,22.426510811177103,65.10922493567547,1.4468716652372329,0.8393893428768292
0.325,25.194956025301884,94.38110511065469,57.588470914975744,109.17814277630818,141.17173772907248,149.17013646726355,153.96917571017818,67.58646933771458,77.98438769736298,17.596477224020365,0.853862127489083
0.325,42.2042022914499,83.1422785141563,52.33321084139788,93.27128706410429,98.33579133907828,116.48359832440173,178.10173366991862,43.4703283601934,57.81975713928637,38.82786610813391,0.7881536447098433
0.325,15.39889475405954,97.82827255520176,72.91829574716428,132.70224008645425,186.1454630564256,106.4335372707056,187.5041890641367,95.56372920901654,78.35319977800883,65.67175703937156,0.8422857745123126
0.325,93.68550805689166,80.50362752627375,166.18585097529024,196.7866450642247,146.88381162688543,220.3257174403281,203.84836677705573,73.91268726096479,75.79581305105305,15.065006320706198,0.8507270960130764
0.325,76.71703760129151,85.2972325961728,29.77832380576447,138.79727197602082,227.1228086880341,216.0190269299524,142.33029344450136,115.07555640193728,84.79251524353272,78.73590701185182,0.7855066817485893
0.325,47.061071891109,52.470390499282445,153.08371661130855,123.3324642663546,184.99869639953192,228.27324526491952,200.1447885024176,36.78336653557945,93.04028006058331,13.52329652043362,0.7770964449164884
0.325,81.83186982664961,167.6142437138961,106.66360963611572,206.55492659692248,218.9707965016555,351.59486139312213,279.9214305794359,73.93086170545585,46.84169100422013,80.70315438076479,0.7981384129485255
0.325,86.53897418577894,147.91413318278526,177.37420950134833,308.1032981649718,297.05576954551066,268.2094448169177,316.6958204245527,108.6340314247012,149.14163636272542,18.4125476991019,0.786338007417429
0.325,112.46986418946996,148.1955857555369,156.13463499244065,276.5435484188144,347.9949915509482,383.0591256806065,439.9556452117502,85.34477929671544,114.45462649869592,81.37525467826356,0.8731201779845464
0.325,200.85716920087907,290.2847427673482,336.4180148452886,311.57702218793605,474.1080884317569,569.9233458244024,449.97683842175735,127.75367652352732,178.85514713293824,105.04191180823358,0.8598952948851466
0.325,211.44915634385683,218.8424834887469,360.7943646706368,472.4336045584772,507.9215748539497,704.5840769080263,652.0914541793067,144.90921203984593,16.265319718758214,142.69121389637888,0.7899872613901785
0.325,426.6165375050064,496.55367480090905,434.38733053788445,592.1344291053094,575.0386844329777,1279.0725332117313,1088.6881039062184,293.7359766427913,131.3264022556395,124.3326885260492,0.9136288311130605
0.325,477.5608306760229,713.4444298834171,678.6826363160117,745.723238196008,999.81539593871,1911.070984455696,1549.3827990043585,251.60917248788724,164.70468856937356,96.0087631861675,0.8563762312848724
0.325,857.0151958600477,871.8213526990934,1171.4282910891914,1098.2684572962603,1628.6772522950096,3081.4225233260663,2738.268064821128,354.4768137347962,242.99516224080625,173.3191300570625,1.0
0.325,1221.1179760110597,1556.8556678160808,1268.5490626649546,1692.6387786291916,2088.827855385255,4287.398224989326,3435.4987078330955,506.8616122818184,420.3696307364806,158.10362217964976,0.8517081958335102
0.325,2062.987830256583,2274.5763256675145,2372.533962431835,2557.6738959164,3145.419716502321,7014.746368692969,5814.765318330046,843.4152525407968,308.5665558076086,216.4863772491476,0.8584751997628941
0.35000000000000003,42.80039026397856,49.81684768430292,48.413556200238055,97.76264005651936,82.09255181779496,67.124109321103,25.25924671316768,37.88887006975152,28.299711595308235,4.443756366205425,0.8523549816245227
0.35000000000000003,18.12048622978281,49.63437532505727,26.261574246062043,108.72291737869686,87.97627372430784,51.21006977982099,27.312037215904528,0.0,78.52210699572552,18.12048622978281,0.7463067162827757
0.35000000000000003,50.87461818206355,18.232522123051677,62.637535680806565,102.33738223906424,74.106380242081,83.51671424107542,113.21808092540154,14.409573935960196,40.58206537066341,35.28875249622905,0.6192042971891081
0.35000000000000003,51.34143949553066,103.93510922265963,24.10543195826744,115.83129642284356,167.79885103417337,87.03000109608244,103.93510922265963,55.41118774822516,87.96917376978118,34.12327381105391,0.5540864987958815
0.35000000000000003,51.62473504682588,57.205787484320574,64.53091880853235,85.45986544913742,154.52538936313422,103.24947009365177,86.50631278116768,36.6256566210589,46.39249838667461,21.277762417948505,0.7302500020489329
0.35000000000000003,17.66883407842273,68.09863134392094,102.33199737086498,146.87218327688896,147.60838469682324,128.83524848849908,101.5957959509307,54.847005785103896,82.08645832267227,90.5527746519165,0.6804298684094228
0.35000000000000003,44.89346133084834,114.94274151087896,102.17132578744794,136.61544698094366,144.74271153221792,122.29598086679376,162.54529102548537,54.56877627284152,60.76097783571715,45.28047392852807,0.8338688810904584
0.35000000000000003,25.93472889470381,101.26894139836725,95.50566831065528,147.37512610006291,144.90515191961492,166.72325718023876,164.66494536319877,12.761533265647904,100.85727903495923,34.579638526271744,0.7947853517880402
0.35000000000000003,49.39167585159272,55.07390404690869,52.45133718753209,122.82354791413763,218.5472382813837,248.2696626876519,163.473334234475,64.68998253128957,67.74964386722894,58.13356538284806,0.872504444314464
0.35000000000000003,88.35316836147491,89.2881225240302,110.32459118152424,189.7956949987239,228.1288156634908,221.58413652560372,208.96225533110731,53.292387265651534,92.09298501169609,0.0,0.8146116015808736
0.35000000000000003,96.42995304260144,126.25364985990088,116.31241758746772,209.76000094833924,273.880949105533,368.3226556936478,349.9313759896465,78.5357349522218,98.91526111070974,51.19734620303067,0.8459107878036762
0.35000000000000003,83.809829458797,129.7183984617049,233.81340957294955,253.564770655596,357.1259611970394,376.8773222796858,338.9760618237968,47.51003071231167,108.89939623945595,112.1023196582635,0.8494062754673287
0.35000000000000003,95.13119050177804,256.7958516612413,236.9525358510545,358.34693845455035,302.902379573146,573.7052776886369,471.5705639597341,78.20600936955985,193.18051568152472,49.60828952546707,0.794213019500791
0.35000000000000003,184.77643484057327,345.6117369277168,330.8787321563754,422.3461367784532,449.9705207247183,813.9985136166118,572.7455604858966,103.13103339938972,105.5865341946133,61.38751988058912,0.9166130334041646
0.35000000000000003,415.1263131276899,434.3705792991722,518.9078914096124,512.0349392055115,744.3407237041193,1340.225679799661,1065.307591635628,173.1983955433408,169.7619194412904,114.77830180848376,0.8443615931248561
0.35000000000000003,691.4662208367719,869.3786106304494,834.2446513014459,943.3841845362228,1199.0398034834402,2234.3703071147147,2059.44804151925,379.7457731730596,160.7191756539524,102.41175378879755,0.5672028010280062
0.35000000000000003,1000.2601708374016,1023.4662068008294,984.2560081040032,1221.9178246949698,1386.7607008489736,3265.649405749949,2753.516198281199,384.0999056015622,134.43496696054677,145.63788087392567,0.5053471891170971
0.35000000000000003,1473.3105960052062,1487.906330347915,1573.7635911873797,1926.6369332375773,2306.984598756404,4746.189379205583,4182.965748098697,543.4764611138086,199.188845147557,155.40164211943025,0.582362436670972
0.35000000000000003,3421.20854785309,3495.8602416908257,3892.69292998616,4367.124089507562,5172.576575651557,12473.708684808034,10163.435212355991,1361.41115340924,521.5795977347087,260.29866930263245,0.6153543183338227
0.35000000000000003,5301.113375494798,5764.97400372725,6133.737920021387,6095.699235246061,7919.442844196434,18783.713868082723,14969.2790892236,2270.6981550604587,655.110682241733,235.6285195804943,0.6006659417228113
0.35000000000000003,6498.45074955035,6867.655555266308,7447.675189623703,7635.066148416093,9424.203635933904,23668.147348903003,18835.022203382632,2553.2018135463013,887.8762095163198,397.09036506006265,0.6004280235961192
0.35000000000000003,9977.266602699146,10636.407063324405,11547.750990399623,11793.862585679297,14761.822219844042,36530.514659754364,29717.36594290327,4222.885095244259,862.608957712907,588.474755049907,0.5690224900158267
0.375,19.94098740531799,37.81018391138217,35.73839301212835,98.1510938521496,83.13060983255941,71.73575988666342,16.833301056437264,22.271752166978537,39.62300094822925,19.16406581809781,0.45973694591830416
0.375,36.86442061110764,54.41890661639699,63.19614961904167,95.67194872882696,115.27445810140009,94.50164966180768,77.53231319002796,68.16992065387365,62.3184253187772,31.012925276011188,0.5843958185975948
0.375,3.476420053527769,60.363293656709445,54.04252992302259,104.92467797920176,137.47661120768905,92.28315051182804,153.91059691527488,44.877422509176654,80.90577579119172,28.127398614906493,0.5565096326650063
0.375,72.44435877896173,26.727044986413063,57.67414970752293,115.69997105960393,113.9416128368136,139.61364288955247,138.20695631132017,37.9805376122712,49.5857018826874,40.44223912417766,0.45284481909635943
0.375,41.859818512843226,53.446018279790906,62.41597938968587,130.81193285263507,136.04441016674048,133.0544231301088,111.75076549410824,54.567263418527766,87.83086920105497,51.95102476147507,0.5545697635220345
0.375,67.99447809216225,107.08112418106988,131.9174305500633,186.06872148573743,184.44011123203293,184.44011123203293,143.7248548894208,69.62308834586673,111.96695494218334,43.972476850021096,0.47333689335885143
0.375,97.4975153823095,97.4975153823095,80.19276156986496,151.10004548427187,164.60619480130177,194.995030764619,176.8461426198601,67.95281375130662,85.67963472990836,28.278500132531327,0.6010148331222689
0.375,11.250923766618229,135.01108519941877,93.28890956487616,209.0796666629888,208.14208968243724,226.89362929346763,205.79814723105844,72.19342750246697,37.971867712336525,102.19589088011558,0.45973694591830416
0.375,52.86969392206884,176.2323130735628,124.83122176044031,253.5787171447376,184.0648603212767,237.9136226493098,253.0891829417555,91.05336175467411,51.401091313122485,100.84404581431647,0.5700746016935583
0.375,114.00466825496744,171.00700238245113,125.61625483649188,201.61936700647016,275.5112816161713,339.9028072046251,315.62403526143765,77.05871095011688,87.08689936143347,71.78071704942394,0.5375525654655853
0.375,114.26348446375742,218.1915783730041,321.5454839181113,253.79125694965217,365.1837995927122,536.8661204704181,458.20231458330863,88.9991964416201,70.62516878915659,95.31526844715444,0.5236081754723285
0.375,181.9093428557717,352.9041251401971,232.8439588553878,352.2977606640112,442.6460676157112,682.7664001853299,614.8535788525083,126.7301755228543,180.090249427214,78.82738190416774,0.6013944016440795
0.375,350.88838647229056,443.0541915494401,537.194978163957,623.4358386290041,714.2849893479085,1265.304838273438,1016.4571645651343,197.49815373674892,74.3909712408421,167.2151034971141,0.5569846167761031
0.375,456.86004762335614,559.320211913694,755.1173751808467,727.046097293083,854.7704116824082,1634.4501550150485,1587.430764553044,250.5361551482921,262.4664482505917,149.47955475234232,0.6178536516632939
0.375,647.309690319716,869.9173655118248,1062.894667555496,1034.783800722363,1159.3833185773317,2487.431838153462,2300.5325613710093,337.33040199759847,169.42495415645146,91.17037891826986,0.6236118095029126
0.375,1213.5179135519718,1377.0357172248437,1446.759044679266,1401.1068659888704,1947.272931048513,4265.57356890806,3561.699977463414,622.5297094144863,189.24903166200383,125.33598149544991,0.6901408819186805
0.375,2566.4753316815577,2917.190710693126,3057.658110555641,3059.4705931345125,3875.993994915968,9145.787092983855,7310.6484818768095,1089.302029901565,411.4335454037525,284.5597648827716,0.7005711035186568
0.4,29.59115064179777,48.28029841556479,15.83386130833039,80.98630701965706,118.3646025671911,68.26730367362117,86.95645144738819,17.910433283193388,50.356870390427794,28.812436151224148,0.9743644205180163
0.4,15.73346074307316,38.29464973314033,62.93384297229264,140.71057343805052,113.39966045007446,73.32386421771831,103.9002124542567,7.124585996863318,55.51239922556002,19.59261149137412,0.7248558477265435
0.4,48.082851480534806,54.4271166064387,74.79554674749859,93.49443343437324,135.90083717067824,136.90256324318938,119.87322001049996,20.36843014105989,44.07594719049023,29.050056102823117,0.8291139271257634
0.4,36.2086973253078,50.33008928217784,103.91896132363338,124.19583182580575,186.83687819858827,141.21391956870042,119.85078814676882,43.45043679036936,49.60591533567169,64.81356821230096,0.8373113939085657
0.4,80.54965050946672,76.6011382295909,81.73420419342946,189.52858943403936,171.36543294661058,106.60983155664714,167.81177189472234,15.004346663528114,26.06018104718041,42.64393262265885,0.9038360119441948
0.4,63.35198042168193,112.53312311746134,132.95580101655617,217.5640380270919,169.633263365951,210.0618298192612,189.22236257528684,55.84977221385118,92.1104452183665,48.76435335089991,0.8914680187822625
0.4,62.00877660426937,126.71358697394176,100.6519272417126,185.12765189100716,177.93822851659908,137.04838307465332,231.40956486375893,86.72241945379703,116.8281298341307,90.76647010190156,0.8359040809206278
0.4,50.81090836821185,120.67590737450314,115.79024310832892,169.0439836096279,271.154366772669,308.7739816222105,346.39359647175195,15.145559225140069,71.81926471276098,35.66534914307178,0.8708120897313306
0.4,45.84937939677206,106.47244771028178,121.24613662701944,171.17101641461568,287.8322151019579,292.92659059048816,318.90790558199234,128.37826231096176,79.47225762107156,47.88712959218415,0.8537678237425901
0.4,73.7256046304958,212.438964453799,250.12094015383016,328.7615850930257,336.95331894085854,413.4095015206319,315.6548109364931,34.951397750753564,128.33716361604823,76.45618257977341,0.8770497712764139
0.4,223.4881067141245,307.7541141637125,249.13428289443388,412.7813118545032,384.6926427046406,719.9248027758274,523.3041187267888,121.51402523527535,142.8858387188665,84.26600744958793,0.8785762174611224
0.4,297.03610779867125,436.7410024556287,451.1031878876524,499.4123570680956,521.6084618266776,1036.0358309373437,955.7381578401202,169.73491874209785,162.55382602608603,43.73938290661752,0.8372462050235656
0.4,388.5223685840496,595.8283147976804,593.7129479995821,627.5588167691544,789.7369379566887,1418.7059992579088,1159.2210053578538,264.4208497622842,154.42177626117396,158.65250985737052,0.8939331446856179
0.4,531.3532762702077,666.2642499615088,719.7764238837566,728.8207349692069,994.1205268090836,1831.4729948036947,1430.5085366820626,385.8906063125481,77.63033681678212,86.67464790223246,0.8182358075795448
0.4,838.8119070704613,909.720118234919,1098.2714979222276,1241.6994705048808,1401.2429456249108,3247.2737612814203,2583.3150567414973,452.84562130028746,168.40700151558733,166.79545126184965,0.8137164261077712
0.4,1511.5120861938346,1646.561276025586,1941.7649537988375,1849.1350607732131,2347.7782232289114,5442.655490206551,4233.27268126452,708.1425466818766,180.0655864423354,92.62989302562444,0.7949590313398263
0.4,1916.111277742056,2196.2227369942943,2476.3341962465324,2533.100970380707,3357.6150996082265,7324.775069017834,5855.353161511906,881.2809033616936,350.837276206292,105.15812257642172,0.7857342037393725
0.42500000000000004,23.085579230863907,41.09740478461488,23.846642282430853,83.20956030465234,82.19480956922975,58.85554265451018,66.21248548632396,13.191759560493663,87.2685632463427,13.191759560493663,0.8050210241815935
0.42500000000000004,40.13548175571716,41.35170847558738,101.55493110916312,79.35879347153165,121.31861530705416,53.51397567428955,98.81842098945512,34.05434815636608,60.20322263357574,16.115004038280375,0.7768435192056238
0.42500000000000004,24.10355802836516,29.96658565688641,86.64251939925855,86.64251939925855,129.63805534174773,125.40364649892685,116.93482881328504,95.43706084204042,51.13862987099095,7.165922657081533,0.7826324058125824
0.42500000000000004,43.891535399784,59.94941420458304,72.08203374598675,115.97356914577075,152.72826952119965,164.5040473113856,104.55463310680256,35.68417512177562,57.45152194605874,24.622080834025173,0.8461608306977746
0.42500000000000004,2.7669253523823087,87.75106117555322,140.71791792115744,83.00776057146928,136.76516741775413,150.99506923000598,198.4280752708456,94.0754619809985,96.05183723270017,54.54795694696551,0.7824619773550663
0.42500000000000004,56.623821234633525,71.83619111856491,157.1944888006244,148.32060636833108,224.80502161809727,173.6745561748834,140.2918555962562,49.44020212277703,102.26093088642772,84.09060019173187,0.9110407803032047
0.42500000000000004,77.62657140153784,77.62657140153784,154.3557257926533,149.86864074054128,141.79188764673967,179.48340208448056,230.6361716785576,105.44649872463232,95.5749116099859,78.07527990674906,0.7947839548334689
0.42500000000000004,45.00162682652355,101.37208569343198,137.37338715465083,179.05910463606213,205.11267806194417,200.84936604679984,261.4831369288526,58.26526420697259,48.791237506651846,32.21169078109054,0.852644416160131
0.42500000000000004,60.00833221851644,111.37139623606016,97.64067615216234,254.2725941462561,313.77238117648,251.72986820479352,247.66150669845345,114.93121255410776,80.35013975021693,18.30762677853044,0.7565355482554537
0.42500000000000004,108.57134418337276,187.434111600151,210.12066113100505,222.5442477788536,292.7645201362589,262.5157874284536,311.66997807863726,91.28635406462683,125.31617836090786,75.08167582830255,0.8616430387169728
0.42500000000000004,193.3399455726032,210.2790948825896,163.550407130903,336.4465518121433,343.4558549748963,483.6419182299561,403.6190404551928,52.5697737206474,133.17676009230672,54.90620810823172,0.8594104259235139
0.42500000000000004,252.9280768868627,296.88786858760204,338.93636499700494,447.2430981727396,354.2267273276969,708.4534546553938,519.2352208130809,96.2018629972702,98.7502567190522,29.943626230938406,0.8319714442634475
0.42500000000000004,348.8237994209656,344.0360217818543,460.9945898230016,628.5668071918968,642.246171875072,1185.3169497971242,996.5417171693076,194.24697850108677,89.59983867479704,89.59983867479704,0.8606791711072438
0.42500000000000004,524.5003809819855,480.85263776573146,584.1522967108658,606.7036307059304,795.8438513096977,1471.656408774697,1165.3947438739815,280.80048135790065,124.39606816632386,144.76501500057572,0.8722505059127653
0.42500000000000004,684.0421651331634,905.5116146940728,906.2969673520904,962.0570060713262,1338.240929261665,2305.7954039391134,2038.7755002131944,409.1687348270701,161.78264755158628,176.70434805391707,0.8111144096326467
0.42500000000000004,1233.1868706253786,1265.0651706823612,1354.8277524217594,1564.5534106913815,1878.3029954627364,4141.662299508499,3356.4494349470338,505.0193851132503,324.6553190013752,104.8628291348111,0.8369905623372914
0.42500000000000004,1599.5953306572164,1975.811491336325,2094.901499033309,2250.9815848785984,2669.601005874057,6060.959634154078,5102.826390410161,767.7696708343435,266.148123262199,269.7569113742288,0.9003047343044643
0.42500000000000004,2850.652739748044,3263.066761546643,3221.9233199420323,3585.357054116096,4550.268720319472,10806.031055725316,8774.328725059528,1211.7723158310412,407.5159930361464,264.4935531724989,0.8910419476384728
0.42500000000000004,4460.147980210115,5292.59821994214,5470.090727416175,5643.431363370349,7178.58585783876,16582.574850322733,14046.819319567949,2041.6828198913884,612.4010491794199,325.9219143090472,0.8319100900187415
0.42500000000000004,7896.124350420599,8837.065814039868,9157.58115444546,9526.17379591189,11954.077499484243,30262.37162250933,24830.781300278864,3489.0384198437205,802.4330486582834,472.76012709824687,0.8515332226171272
0.42500000000000004,11051.085237523595,12243.416315693596,13206.21435592244,13592.078003488385,16671.542869271874,41251.42943495954,34257.49573293635,4939.30283266885,1405.7347674990722,607.9523707630585,0.833292264809196
0.45,0.0,5.899029807755856,7.562858727892123,0.0,6.352801331429384,3.478915014830377,24.65491945292832,5.294001109524487,9.075430473470549,20.87349008898226,0.8511489064454287
0.45,23.67031304821962,11.079721001294288,0.0,0.0,0.0,17.291079744444115,52.208988354583695,16.619581501941433,32.23191564012884,20.64857095695754,0.930240492867139
0.45,35.59108555972261,0.0,13.626301328579514,0.0,12.40603553796045,34.37081976910355,42.70930267166713,37.21810661388136,30.30326713370668,2.8472868447778086,0.7871852803205086
0.45,15.773016111296952,21.174733957631528,0.0,0.8642748554135318,0.0,31.11389479488714,51.20828518325176,62.22778958977428,0.0,17.06942839441725,0.8766407429783756
0.45,9.507752417200113,0.0,30.77509335041089,60.54937065690599,0.0,40.53304977858996,67.5550829643166,28.273053240621387,33.02692944922145,32.526521427263546,0.8629169914369046
0.45,36.65594642752176,0.0,20.042100204975924,31.381709531475455,6.856507964860183,30.3268621522662,100.73792471448424,42.45760701317268,37.71079380673101,19.778388360173608,0.8997764060861648
0.45,60.00935859693094,56.820455483084366,3.478803396923533,22.90212236307993,28.410227741542183,124.36722144001632,91.02868888616578,43.77494274462112,22.322321796926,37.39713651692798,0.9268319237168208
0.45,28.13266337158885,34.69695149162626,51.57654951457956,22.81871584584429,0.9377554457196284,72.8323396175578,164.41978814950818,51.88913466315278,7.189458417183819,42.51158020595649,0.8323165618899174
0.45,36.82052379903139,41.9822794717928,29.249948812314656,45.76756696515117,18.92643746679184,142.12033952336415,101.5145282309744,25.46466131895629,39.57346015783748,29.249948812314656,0.7962666824138577
0.45,61.5857234127224,0.0,76.23110885843079,0.0,10.13911300087503,116.03651545445868,209.54166868475065,68.34513207997242,33.42152063251399,55.95288285668072,0.8382227600851322
0.45,90.93232736182124,119.58223872239506,139.09739573611927,124.98004810916984,77.6454119482218,223.8014814978158,282.3469525389884,82.21278912164661,3.321728853399863,79.30627637492172,0.8352138456676882
0.45,130.58161297224177,5.022369729701607,131.4947711049148,170.76057080985464,178.9789940039118,375.7645715949475,361.1540414721792,71.68291341483203,119.62371538016554,0.0,0.8194193883673982
0.45,177.67976805635809,157.44401669438398,202.3575136197412,116.47895905916808,165.83445018593423,562.1590439338663,621.8791881972533,62.18791881972533,49.8490460380338,0.0,0.8533218692787569
0.45,276.2585802115407,201.23790154859017,210.3620381427328,232.665483150637,260.0378929330649,730.9447204863148,636.6619756801745,120.64136163366364,0.0,49.67585479033208,0.8158148264909361
0.45,378.5367308496637,321.83959935676256,395.7682119896632,291.8234709193443,493.04270229611126,1117.2670029483468,1013.8781161083506,198.99581445547668,176.2057910122517,36.130524970966434,0.726130259292322
0.45,377.8716132250036,341.68610552213823,624.0517066133497,495.3262119982385,546.3418458088356,1485.3854309504063,1243.357772872225,235.5024025907793,132.2847248809667,173.21587293830618,0.7758196920968995
0.45,686.2005913733428,655.6056605477797,844.1703362481887,747.3904530244688,853.5361313988714,2323.3415837126554,2035.4994794150116,439.56798573870185,154.84781315795178,70.55565680180867,0.8019852126575849
0.45,1059.4562744626717,1138.7069406626354,1331.9673371853537,1263.8395715046831,1489.0783070203693,3819.325965812282,3251.362858045876,493.57871054363306,117.4856367350338,100.10610467363826,0.8691078051561709
0.45,1588.2802734207542,1797.4576661771846,1978.744739899424,2130.673583059357,2595.26758170785,6306.147924783328,5294.022926147828,941.6652452859646,186.42476407064305,66.05601876518848,0.7500379633126585
0.45,3309.66105636078,3356.061912360037,3657.667476355206,3595.266325183792,4681.686367373286,11206.606738579116,9816.981102877236,1352.0249420473092,340.80628716695486,276.80510647832483,0.7778348447335088
0.45,5865.784836901376,6032.0576524994585,6586.00398467917,6385.943110296449,8347.428838688815,20303.066691800213,17096.757745026473,2510.0971039218707,483.7027362853339,288.976818552819,0.7778092804648814
0.45,10846.297483576833,11719.865796813378,12312.42612117663,12155.631808544427,15644.814337054502,39200.61444782458,33249.557582011505,5063.23452415541,1005.9271485754164,483.6188214304886,0.8031025678448216
0.45,18694.46121964432,20139.1936537364,21489.80671101467,21907.46144562598,27394.62111387149,68341.2559967224,56926.92857362679,8203.680181534288,2100.0385951582825,1005.9008396976648,0.729228648649962
0.45,26982.890512876187,28683.93525001793,30957.920296534583,31029.02506046655,39568.43372883485,97254.9082672582,81222.15139990537,11524.44135420466,2708.818025946776,1238.8637715839368,0.7190216883293316
0.45,37634.786718740725,40624.24753736678,42461.87751920208,43325.360988190005,54471.15572958464,135744.58895504707,112530.28789528875,15985.354617220444,3545.8933067644807,1413.681419444125,0.7524188488641564
0.45,43649.21819563095,46986.89883639148,49904.80982601341,50242.6732037591,63656.53185254155,158087.63955176817,132186.4869719604,18947.65124489,4148.211471211057,1952.099515864027,0.9187355494140683
0.45,44386.69035742406,48393.33146784107,51696.871686623614,51939.85508299729,65900.19901223952,160972.19188131308,135820.82542688888,19092.291123574218,4141.0574573471295,2219.5930108460684,0.7704084246972513
0.45,48407.07166527102,52428.76617883345,56017.49448125109,56993.93292395837,72303.54568707373,175766.16598373023,149373.34284495047,21050.49110252046,4717.338969962417,2409.3935599270408,0.7883502805622419
0.45,45943.458266434325,50381.23020971508,53343.97819964862,54047.92567061875,68063.37467382553,170640.1326988488,140773.165515575,19995.373911241662,4515.78674032125,2240.657542907491,0.7915159891606007
0.47500000000000003,0.0,1.20309288540499,7.21855731242994,0.0,0.0,26.16727025755853,18.647939723777345,13.98595479283301,3.158118824188098,7.519330533781187,0.768295111824054
0.47500000000000003,5.360416073678532,0.0,17.543179877493376,20.791916891844004,0.0,18.192927280363502,3.736047566503219,0.1624368507175312,4.710668670808406,0.0,0.7754786713083507
0.47500000000000003,32.78214405319146,10.362171970836382,17.333087660308127,0.0,0.0,0.0,52.75287548789431,42.955912897285366,34.2893690671313,0.0,0.7255601761019314
0.47500000000000003,5.228932579986353,0.0,30.009526111226027,0.0,11.139899844318752,34.329079112084315,88.43716407020396,18.642281372125257,31.146250585136094,10.457865159972703,0.717434999389859
0.47500000000000003,0.0,20.95914868611428,9.848274683836827,0.0,23.98938705037176,35.60530078002546,78.78619747069463,22.979307595619265,14.898671957599303,14.39363223022306,0.6477553245344658
0.47500000000000003,23.652778021979977,25.732143122813383,47.04563540635578,0.0,0.0,53.54365134646017,89.4126993358364,42.36706392948062,38.46825436541799,22.093254196354923,0.6307757807813782
0.47500000000000003,29.288106601250583,6.669568829987757,67.56563206031075,10.729306378675956,0.0,44.94709428904792,78.87490094594216,42.04728175427064,4.929681309121385,0.0,0.6686732873388289
0.47500000000000003,38.356225073908064,25.570816715938708,86.37946622335393,20.58138906404823,14.96828295567144,96.9819999836212,94.48728615767595,24.9471382594524,0.0,52.7008295730932,0.505916240766824
0.47500000000000003,25.624362299318967,14.69130105160954,0.0,40.65732151491943,32.11586741514644,103.5224236892486,160.23767891174128,67.30665830621115,21.18280616743701,33.82415823510103,0.6571459325435947
0.47500000000000003,62.559596788412,51.08416779172104,86.62098016857045,0.7403502578510296,10.364903609914414,167.31915827433266,196.56299345944836,39.60873879503008,5.182451804957207,19.619281833052284,0.6287988106741926
0.47500000000000003,79.13626404850902,29.627369791560028,97.84828707475744,1.9491690652342124,17.932355400154755,159.8318633492054,194.1372388973276,55.74623526569847,19.10185683929528,38.98338130468424,0.613993447100558
0.47500000000000003,113.86728753568578,127.21436885855005,137.22467985069824,113.86728753568578,135.1391983940007,397.075669355212,280.2887077801496,81.75087310254364,76.32862131513004,0.0,0.6615174224788783
0.47500000000000003,182.5875736560832,109.45694860534832,218.4359192691886,46.36386032628292,163.94643393726847,450.7331988421112,520.9959562437977,112.80279419590482,65.00500004509769,39.67216914516992,0.6553329998267687
0.47500000000000003,204.46320829708168,197.8676209326597,231.35291062895595,131.91174728843978,154.23527375263728,607.3013904010093,647.3822674617276,127.85292429494932,0.0,1.5220586225589208,0.5574616460286904
0.47500000000000003,264.62648408024376,291.0352370739952,296.96373264402104,293.7300077876433,362.7161380570348,818.6713428062939,827.2946090899678,150.36820582156415,68.44717612666183,0.0,0.6074360417691748
0.47500000000000003,264.9583257450513,318.1740571314782,414.5225392205878,401.63873056913707,455.4146275491052,1127.0531742051658,981.97028547796,109.2322907405603,76.18252072162153,14.564305432074706,0.49595810599416723
0.47500000000000003,515.0310645823268,537.189377825985,533.596137840527,602.4665708951405,664.7493973097473,1685.828426510756,1562.4605203433614,274.8828588875442,65.87606640006507,65.87606640006507,0.6478371301940737
0.47500000000000003,567.5372530346128,587.9430868515876,718.0302774348024,746.0882989331428,714.8418659009001,2149.627056156944,1889.4526749905144,256.9859696325269,156.23216516121363,77.79724142721659,0.6524151794198672
0.47500000000000003,982.6918143968944,1060.6390404680362,1121.1873321482983,1073.1662732294697,1377.9956037576849,3360.082209566719,2824.195030327619,537.9750513660053,228.96997658397896,99.5219047158328,0.6789738412873781
0.47500000000000003,1566.7624209935634,1627.9817920019948,1878.905633666184,1745.1299710922035,2202.385766895921,5434.1639203780605,4762.2624286929295,786.026491960109,420.2218553171352,210.86672236237536,0.6639153508761279
0.47500000000000003,2583.6815753373858,2709.617001393881,2923.787439337092,3170.845472619897,3771.645689921264,8951.843024143194,7545.697789257619,1021.9218649425115,295.9883580563475,269.51785449033275,0.6366928133571066
0.47500000000000003,3510.2459921904965,3981.2367038310304,4352.397862460798,4375.435451617128,5219.2938099730845,13118.627158465944,11045.244134396202,1558.023622202199,425.76877737069947,290.10297456119804,0.6403723637548756
0.47500000000000003,7501.966995969568,8270.037023245268,8637.164835024847,8619.77457025634,10683.419322785769,27233.15462748103,22540.681517445715,3238.453750224081,690.7799616378933,339.11016298587487,0.6649098009257333
0.47500000000000003,14227.611963387815,15309.110413495226,16057.752722970836,16203.1642792878,20442.819968154243,51842.62791034837,43152.0153648424,6083.42878185418,1522.2772301932027,773.6349207175904,0.7172023645453496
0.47500000000000003,19162.291642560464,20684.65669380254,22203.31769382505,21950.207527154635,27524.804612603115,69732.46825957022,57749.862564270654,8095.821282233824,2317.5013797091488,750.6877138322654,0.6435448894915344
0.5,10.755851747059946,0.0,7.021181001553021,0.0,0.0,0.0,32.11816841135956,17.179485429331862,14.639909322387153,0.0,0.5771860131308403
0.5,12.929852368345964,0.0,14.44113381399679,0.0,0.0,0.0,1.511281445650827,10.914810440811529,29.553948270505064,19.142898311577145,0.5991418852414753
0.5,12.781352873627489,4.686496053663412,15.550645996246775,1.2781352873627487,21.515277337272934,70.29744080495118,52.190524233978905,6.390676436813743,17.041803831503316,23.006435172529475,0.5894693601588729
0.5,41.963679715824334,24.635394062026226,2.087745259493748,65.34642662215431,0.0,33.403924151899965,65.76397567405306,17.32828565379811,29.854757210760592,29.437208158861846,0.5698473637502038
0.5,46.93335075805595,0.0,27.766851495603785,34.89285763164369,14.743460971117054,93.12952846755606,78.87751619547623,57.25377343783789,0.0,49.63631860276075,0.5921104331555114
0.5,0.0,0.0,26.652446255334556,0.0,6.940741212326706,65.52059704436411,92.45067294819172,52.4720035651899,10.549926642736594,46.08652164984933,0.6374798519739147
0.5,0.0,0.0,9.423541983084728,0.0,42.26315798474363,66.82147951641898,103.37339993565668,29.69843534063065,42.26315798474363,12.850284522388264,0.6196135578895886
0.5,42.347990957575085,7.528531725791127,94.10664657238908,11.292797588686687,43.28905742329897,97.55722361337668,109.79108766778728,12.547552876318544,55.83661029961752,54.2681661900777,0.6199085319224859
0.5,6.540756812422838,62.65356525583982,52.32605449938271,53.35880557502842,23.40902438130279,92.94759680811404,115.3238701137711,17.21251792742852,0.0,76.76782995633121,0.6051567315783566
0.5,59.155721891993714,58.073605028115786,36.07056212926446,11.54257988136463,34.98844526538653,160.51400147522685,163.03894082427536,88.01217159540529,65.28771745396868,0.0,0.6047136175888149
0.5,82.88031468220441,23.514879979602185,135.30693234164536,42.78937176616135,0.0,149.57005626369914,228.9809624243229,45.48780061627964,30.453697022763485,62.83484322418288,0.6579043391795402
0.5,66.60484425780845,83.8727668431662,69.48283135536808,30.83557604528169,63.72685716024883,164.45640557483569,196.11426364799155,83.46162582922912,37.41383226827512,57.14860093725541,0.6250883396848459
0.5,214.28109018866252,48.96569985443232,0.0,100.17753272971017,224.61330208455195,186.8782673343472,350.39675125190104,75.02084289624035,60.19636495865992,60.19636495865992,0.7770423524060598
0.5,109.04827262475372,179.43397586436743,158.11999530589287,155.6416254735121,257.25478860112355,502.61340200681934,514.0139032357708,178.44262793141516,46.09767888228225,49.07172268113917,0.7057322453070973
0.5,306.4272118268558,236.5493848055289,411.5027591255918,335.93118323586043,318.3323230971559,812.135634047866,731.905536356713,139.2380405091625,80.74771122464442,13.975565404265382,0.6298986828982335
0.5,389.9251404999022,477.4930745952192,446.6515380585038,251.1382260846828,356.8806370677071,1074.4971032702108,1066.786719136032,100.78573546819509,63.33529824504061,37.450437223154445,0.6374671266490877
0.5,448.1924083389728,406.3052673727137,493.0714879456791,484.6940597524272,579.239320790555,1634.7952731402854,1491.780606126915,204.05021527849095,103.521076959469,50.86295688760038,0.6325658882583579
0.5,497.6152931647804,537.4245166179628,575.3676827217773,563.5493195091138,740.2027485826108,1701.2222835070932,1428.15589138292,215.2186142937675,143.68641590133035,37.943166103814505,0.7328332105264246
0.5,812.5856409378887,726.5869939386288,969.6855315192138,887.7498127246433,955.4652828028007,2566.416315962165,2314.51476727142,463.1738153345965,178.76884100633552,61.62107777112322,0.706178199770931
0.5,1095.527994190162,1054.3584708416147,1192.520600045215,1053.6606823102834,1326.4959980608269,3554.534778601711,3006.0729929752983,457.7492765533416,127.69530123363036,71.17443019579397,0.6932682441140984
0.5,1626.4148939352162,1857.025960985732,1998.1235217469027,2031.50143934632,2387.279697394648,6127.882235638375,5549.8373899393855,760.8648034594319,223.0251766870119,138.82179365211968,0.7299921681396336
0.5,2511.586438616571,2772.659239472767,3123.78563302936,3031.2535010803285,3691.371120966723,9430.841841055317,7766.089645722291,1315.27816127552,303.2079680829873,125.57932193082854,0.7315109697435289
0.5,3674.9038591060007,3787.679618867585,4098.694018835079,4249.35538539157,5377.112983007413,13586.835869401497,11012.37672859408,1659.918213990819,433.4818265835896,249.34015634787772,0.6806139311435399
0.5,9313.198778535656,10175.607958534389,11059.551731612755,10930.344173134945,13621.142851276054,34014.40249769078,29017.35144640205,4337.68232032656,997.7694793564408,505.5502089647741,0.6914744845987428
0.5,15857.51643021692,16953.99025834011,18147.3507824828,18323.40099842068,23041.310476541254,56659.81245023636,48279.1132445491,6880.13696245832,1709.6957212222549,808.1768302114874,0.7204795820487688
0.5,27750.39410229619,30076.731689402022,32734.383162455404,32021.77269224926,41269.99995688852,101330.63832454348,84466.47591439445,11763.071028232487,2731.911481972654,1489.4844096693562,0.7154714200900498
0.5,34100.16992896076,37350.68844001538,40816.31479371332,40269.78153425659,51398.0272603377,125035.01866714076,105683.27978637684,15038.428287908586,3392.3303480565137,1733.6098725624645,0.676692372336098
0.5,41342.25189670257,44710.04398906465,47215.05635467212,47789.66418074008,60660.18509454032,148021.40636053486,122471.3218165219,17795.48285505345,4001.423078811649,1800.2063916389066,0.7676858300884343
0.5,40632.85329044931,44156.4486910481,46991.38190196024,47348.20168936265,59947.5083825417,147949.9725495978,125013.59661537096,17393.18053693042,3971.404233788811,2073.122964807996,0.6923272355593874
0.5,42517.29682645108,44472.36476073673,49193.491772419125,49875.9553013318,62649.06580533142,153136.12669718577,129094.22184973415,17753.10299216612,4708.455275071284,1898.950243579307,0.7323794447582878
0.5,44058.57558006289,47336.6372395332,50261.73464242824,51131.00299771734,65675.75882584821,158126.1094762704,133459.9158438987,18239.61570547198,4682.408807971911,2061.461455955557,0.7448654596270493
0.525,0.1476306215006962,0.0,20.520656388596784,9.005467911542473,0.0,0.0,18.15856644458564,34.250304188161536,19.930133902594,0.0,0.6844826571291516
0.525,0.0,0.0,13.314856229108363,0.0,1.401563813590354,0.0,17.169156716481837,11.037315032024038,0.0,24.00178030773481,0.7096115585150706
0.525,27.328158137171204,0.0,34.48116597173279,0.0,0.0,17.423993443162846,46.58625615329856,37.23232283117956,22.559486247463475,20.541971217202512,0.5986832906670423
0.525,6.496051430587671,36.46170802975015,0.0,15.716253461099203,38.34765844508205,10.896602399695446,42.53865936804184,21.79320479939089,34.366207568270255,0.0,0.6429969620006211
0.525,49.89205184028118,0.0,0.0,47.09198770638785,0.0,71.78346234162905,63.38326993994905,11.45480782047272,28.5097439087321,0.0,0.5513533196828614
0.525,19.56154572198981,0.0,40.58290828890424,0.0,0.0,84.08545026765769,83.20956016070292,17.22583877011043,54.88911336916544,10.802644652442137,0.6085901832834727
0.525,88.17079069569647,0.0,126.87991831819735,4.301014180277876,39.32355821968344,69.73787278021985,93.70066607033944,29.492668664762583,48.54001717742175,10.445320152103411,0.6890026203265422
0.525,59.48522068589941,17.237194630573125,8.449605211065256,54.07747335081765,101.05727832434049,71.65265218983338,176.08977259859995,25.010831424753164,37.85423134557235,0.0,0.6227479308920082
0.525,52.50026195802917,0.0,110.2157817264586,39.983643213068575,0.0,122.73240047141918,125.16618744960596,32.682282278508225,102.21905308384488,47.6326880016556,0.6623467535729134
0.525,79.81676092677799,89.8870999222126,64.15178915610193,24.24340869271294,23.124482137664653,134.27118660579475,217.4447271977176,33.19482113309926,73.10320159648825,20.51365350921864,0.5779427154822109
0.525,66.08874761008549,23.48937415057255,77.63437219257031,68.47749752370304,57.72812291242407,242.8562412177841,240.8656162897694,41.80312348830709,46.58062331554218,8.360624697661418,0.7088915425491977
0.525,17.92276180788994,38.28953658958306,79.0230861529693,88.39180255254811,95.31650597832378,186.9669924959428,270.0634336052507,56.61963389310687,3.666019460704761,4.888025947606348,0.6336890117933881
0.525,95.6900366328269,137.33292294526083,165.68552639202437,84.6148009114349,23.036490300495363,153.724271812921,306.56252476813063,52.275112604970246,2.658056573134081,99.67712149252802,0.6247273154023415
0.525,185.53402487016203,93.70405296472828,186.0025451349857,128.8430728265014,0.0,319.0623003448998,394.49406298150615,157.42280898074355,102.60593799637748,0.0,0.6721763590688403
0.525,200.8832050944448,173.44297347071907,190.5284007081332,274.92005645657264,233.5008389113263,489.7822474725381,603.6850957219655,103.03030364380028,11.390284824942746,26.404751185094547,0.595333341804923
0.525,287.3130434175299,322.6830203534,279.15074104771367,300.37272720923573,241.6041501465592,776.5070321151801,854.3209813740945,144.7448286914071,87.60871210269377,93.05024701590456,0.5994085205632591
0.525,385.9190655791574,491.9150456547682,503.0416954969593,447.40844628600337,623.0923911627063,1271.36614775774,1164.78455453254,178.02639747505896,7.027357795068117,62.07499385643503,0.676344249786825
0.525,362.6907238667961,431.5404883974422,570.4694775396387,527.438374707985,607.3532799667705,1463.6722263166807,1480.8846674493425,370.0674843522224,105.73356695777784,46.10475303391476,0.6736461766935724
0.525,713.2610212161607,591.8548899453248,748.231265549608,656.5168511656614,812.8932267699444,2081.0594458055234,1840.226631056311,353.00152298857165,161.65490305084123,27.712269094429924,0.6505298998228257
0.525,750.7844276540364,687.2989797274084,821.1704677466023,687.9890389440021,1054.4104829553012,2371.0434682162404,2296.5170728241114,351.2401412462358,122.83054055369348,54.5146781109089,0.7097571973787657
0.525,1228.5927611161133,1211.641571250684,1144.5738200439855,1175.5281667547692,1532.9771704388213,3790.433455560989,3315.063131073952,600.6617278402113,205.6253031502073,40.53545402602653,0.8021413513444323
0.525,1529.838329951384,1540.0320246153346,1658.435708788917,1710.1883124674364,1997.9641541343549,5089.790158746506,4530.705212946743,760.606448002482,311.29975242988183,83.90194838790265,0.6226256484737404
0.525,2765.8323647387424,2870.283510229337,3080.0349975153267,3162.40703908108,4201.823316158212,9658.758770813158,8467.336355176543,1288.230794383995,240.3225542588468,50.10258198329315,0.7020267755814148
0.525,4277.264100302727,4711.216378130529,5065.254531990042,5035.519044001841,6040.020997603242,15480.109199857294,13240.655260745938,1998.7823332068572,606.789801759218,348.4627498617255,0.6279617634785647
0.525,7659.74824329747,8245.298959897465,9506.405538581908,9150.523124252582,11431.688018427478,28884.40990719414,24482.434113672964,3484.3371263406107,721.0757057777332,313.4661963424005,0.6148873443602293
0.525,15197.198548774795,16053.10784846849,17079.718160179746,17353.801475250195,21621.32677568925,53471.49095459989,46549.68512926804,6672.967026123153,1583.1917804727425,822.2499452113559,0.7082469390475477
0.525,26338.071426310813,28280.83016023176,29746.953828187012,30378.60394600173,38210.485911383264,92672.92370727449,80100.76838067794,11482.703747246398,2749.706246817268,1482.059794780856,0.7069329543685018
0.525,31971.654036956752,34784.99382034635,37218.9710720381,37673.2497339452,46196.15501540934,113497.93726700096,98301.12055604544,13897.73913392292,3479.615154186688,1571.644774176855,0.781442815179121
0.525,37218.07329455787,40289.25841885048,43031.08006266029,43355.27029475856,55169.24518893527,133511.19430838386,115623.8258107492,16176.747698477848,3717.841172360968,2089.9923473569074,0.7077359158726267
0.525,37811.33919997612,42471.0276286527,45939.189589045454,44904.672465045,56242.491670574425,139846.4784049315,119503.30103061568,16995.38924454034,3944.423638052321,2056.822410112201,0.7245972553169665
0.525,34466.5552147401,38450.1795563141,41396.87451186927,40344.23407454713,51851.706318042205,127048.28920044415,109141.1820593986,15862.924799247536,3482.6163722349324,1461.1277712083402,0.7066819105453669
0.55,2.69698107859195,5.3939621571839,12.136414853663776,0.0,0.0,0.0,45.444131174274354,6.742452696479874,3.640924456099132,1.4833395932255724,0.7547186591637212
0.55,19.80220223601522,0.0,4.773745181896526,25.813585057662696,0.0,6.718604330076593,4.420134427681969,26.87441732030637,0.0,6.188188198754757,0.7822958096089884
0.55,40.09003030234366,28.13658090026872,23.171301917868355,0.0,15.815333055053005,0.0,35.676448984654456,21.70010814530529,15.263635390341856,2.206790658844606,0.760521017734464
0.55,7.727017597686027,0.0,31.95226195799897,18.16893327023471,0.0,14.827520255019133,49.91235691478271,46.36210558611616,40.5146328094889,15.454035195372054,0.7275260683593776
0.55,0.0,0.0,50.26667804108936,4.526383330714207,0.0,66.70459645263043,93.3864350336826,75.99559381567538,0.0,0.0,0.7550741242322543
0.55,18.2172431320894,4.968339036024381,20.425393814766903,20.97743148543628,0.0,43.88699481821537,96.88261120247545,44.43903248888475,42.78291947687661,0.0,0.78769981194939
0.55,26.195698223396604,12.785995561419773,48.64915384345083,61.74700295514914,94.17977218411636,48.33730029317231,99.79313608912992,60.81144230431355,70.478902362948,19.02306656699039,0.7463924986063925
0.55,44.906971004752464,10.388926127965124,37.53418472039012,16.08607916588148,25.13449869668981,94.84084174884288,144.10445919435492,59.98767022276635,46.247477601909246,0.0,0.715385123775848
0.55,52.07958227162828,55.62241099758939,56.33097674278161,32.59402427884219,87.50786953123935,105.22201316104488,181.3928307692087,25.154083954323863,51.01673365383994,23.0283867187472,0.8770753355450415
0.55,13.479619760651897,53.55416499502239,148.64013141475604,53.1898509474372,56.832991423289066,79.05614832598543,134.43188355893375,89.98556975354103,93.26439618180773,12.02236357031115,0.7788062869413496
0.55,131.72594337908663,76.32356131082372,101.50646225094322,0.0,68.57497640617157,197.20148582339732,246.4049999679385,59.66410376582159,67.02525942524113,63.92582546338027,0.798056181217775
0.55,99.53559552799034,10.455419698318313,35.96664376221499,6.273251818990987,109.15458165044318,245.91147130444668,145.95765898852363,59.386783886448015,40.14881164154232,23.42014012423302,0.8247665812219611
0.55,59.23547395261354,68.0110997233711,51.33741075893174,71.52135003167413,165.8593270673179,308.0244645535904,261.0748666800375,0.0,122.85876079060588,2.6326877312272687,0.7568465801904205
0.55,169.54410962278575,142.7496726796752,98.86223285906308,40.65362846540912,226.36679486420985,323.38113552029984,370.0404136453717,78.07344557561524,24.94654474013741,0.0,0.6882704295974433
0.55,168.96294710500734,158.52700037205102,144.61240472810923,131.69170877302045,213.68843310339165,368.23983472003073,533.7241329140527,121.7527118844906,74.04552681954735,50.688884131502206,0.7149342895228463
0.55,106.89697146651912,228.6713564876569,308.0175621122896,202.222621279446,319.0378684490442,746.0747389982829,668.9325946410012,119.01930843694912,137.20281389259412,78.79519030779502,0.723875977737836
0.55,281.6392129141365,398.1593862403593,335.5078357584204,308.57352433627847,429.1923972267403,885.9046343847995,1035.2144042249342,203.7639211935956,165.11903958791373,64.4081360094699,0.7589343287949905
0.55,446.8334454769498,432.14303083113225,462.1359607330097,407.046905811194,589.4528876634283,1533.9241292674467,1442.7211383413296,234.43453372283804,91.20299092611717,47.74384759890696,0.7950761179034961
0.55,622.0511438568315,542.6680480926751,660.4413295132676,586.9143637645,720.3039918927955,1747.729469037081,1708.688602267824,266.7792562565909,63.76674905645344,168.52640822062693,0.6859551590020895
0.55,748.6063551391055,643.4575826416517,843.1741190833565,714.2180773411961,901.3696661259723,2083.136058911822,1971.3741560686165,411.9980205403381,164.66694560922022,67.45392952666852,0.720265329130749
0.55,755.435085547093,826.9048192790791,1005.5791536090444,807.6079911714428,1003.4350615970848,2832.345547798609,2682.973804298758,355.20457664797084,97.19883787550108,147.22765148789134,0.7386146682006182
0.55,889.7047110818484,1090.6296916678325,1072.8355974461954,880.8076639710298,1334.5570666227725,3125.8292182675605,3095.430973972264,498.9760587984032,137.9042302176865,53.382282664910896,0.693235862707171
0.55,1561.6427880876429,1604.6524792968664,1750.885429408228,1646.098181734846,2268.5657126901606,5398.889238336046,4887.464910139091,942.303234674817,134.5030343270278,206.44651780427523,0.7362281454001418
0.55,2391.94859728897,2594.468613708314,2756.9951815070312,2648.076853348729,3473.473558923365,8474.356485379174,7266.894706811743,1107.903619235233,308.8855712614359,228.8986740201825,0.6985770905657197
0.55,3295.443622865885,3657.228011701912,3882.541833609919,3390.6982467619528,4582.296955307956,11284.00929230342,10349.781250245833,1716.41504981953,577.0232024473339,246.3797483465601,0.6914125404093763
0.55,7161.824366860651,7944.503558048709,8303.833846351406,8424.643167418692,10621.927229223693,25483.53883709932,22876.329130305323,3434.288904870029,876.6419964626143,368.6233130001805,0.6851922592522638
0.55,11791.621075122786,12975.84497465094,14134.171333632756,13837.526778283756,17223.041624250924,42375.439299418,38440.19029730804,5557.376769058069,1404.352994172056,634.4897433853631,0.7312942415550547
0.55,20312.45074900168,21675.904195834053,23749.774268270463,23630.916102063635,29918.103238659387,71570.37647215168,62535.78965461414,8930.75669533387,2246.009485563544,950.8653296546388,0.7652763977703027
0.55,23460.926426884067,25417.677291887725,27479.15162693924,27444.7219929509,33897.40922959788,84108.72669733477,74368.00941480188,10970.142129532986,2641.039840521803,1150.5236024435014,0.7422715385036568
0.5750000000000001,0.0,0.0,0.0,0.0,0.0,0.0,37.183704500214944,21.66820190300295,7.757751298605995,4.948910311179687,0.7545151188916022
0.5750000000000001,15.140466538630925,3.1388772092283626,25.66493718133779,0.369279671673925,0.0,0.0,37.666526510740354,58.90010763199104,0.0,20.31038194206588,0.71002523486195
0.5750000000000001,0.0,0.0,17.60484227180379,9.780467928779885,0.0,17.80045163037939,20.14776393328656,50.07599579535301,27.776528917734872,9.584858570204286,0.6806241568509906
0.5750000000000001,15.433223553094482,0.0,11.224162584068717,0.0,0.0,17.036675350818584,48.7048483558696,16.03451797724102,18.8405586232582,16.63581240138756,0.7390368063800046
0.5750000000000001,19.36248414002697,0.0,24.20310517503372,0.0,0.0,7.376184434295991,73.7618443429599,33.192829954331955,18.901472612883477,24.664116702177218,0.7804645558329799
0.5750000000000001,56.29549335532002,41.52489361357764,32.60679565629922,79.14811937084598,11.426313007762973,69.11525916890774,104.23026987569152,23.1313165766909,1.393452805824753,34.00024846212397,0.7718783701433269
0.5750000000000001,22.60866471059942,20.44071056026797,38.40375923444285,35.61638961258813,76.49781073312407,67.51628639603662,138.43935788545127,78.35605714769389,58.22505432318755,59.15417753047246,0.7923070612509037
0.5750000000000001,51.96238330322532,0.0,56.78008771544487,57.81245294663479,55.05947899679504,78.8038793141629,118.7220015868393,12.044261030548917,41.63873099132624,76.39502710805311,0.7432293464348967
0.5750000000000001,33.73620509973346,56.8381716354205,40.33676696707262,55.37138010934514,106.34238564046416,131.64453946526427,108.1758750480584,77.37325300047566,28.96913263998852,11.734332208602943,0.7670041162583706
0.5750000000000001,0.0,16.161861806039173,31.938917378601225,0.0,41.94387944900642,126.98605704745064,170.08435519688842,27.321242576875743,64.64744722415669,45.40713555030053,0.9276278246134199
0.5750000000000001,62.65582782796403,62.65582782796403,13.655757347120366,33.33611352385266,37.35251274359395,140.17233276897082,206.8445598166761,62.2541879059899,34.13939336780091,71.49190611139485,0.746177758749922
0.5750000000000001,11.351679096904194,105.22133316745813,108.27755446277848,45.843319429805405,75.09572325644314,191.23213247861685,218.30152109431145,22.26675515161977,47.15312855637127,91.6866388596108,0.783075519802124
0.5750000000000001,119.58510632607867,81.65699424504626,84.7804858281901,141.44954740808558,101.29036991052186,170.4533978229927,210.6125753205565,109.3222054100346,53.99178308005791,49.08343916368901,0.7042489496318506
0.5750000000000001,166.6147509049359,103.31976173434572,168.47636823348265,161.0298989192956,66.08741516341033,262.02263899295787,289.01609025688606,72.13767148118733,39.559368231618855,62.82958483845348,0.7680139048691523
0.5750000000000001,110.77531601188016,96.56078431124068,155.8696924414951,106.36390962202653,79.89547128290471,393.5954812280521,311.7393848829902,35.781407384368364,51.95656414716503,88.71828406261199,0.764951400170067
0.5750000000000001,219.70040028261545,137.4429044422049,135.88105325536165,148.37586275010756,208.76744197471277,449.8131418108524,414.411181575739,130.1542655702698,11.453575370183742,44.25245029389173,0.6694551278876831
0.5750000000000001,326.5038475211091,227.7535579736408,184.9427388056632,195.21733540597785,340.203309654862,553.6865945725102,650.7244513532594,166.67678929399275,100.46272231418742,51.94379392381281,0.723508339208052
0.5750000000000001,296.0459903099311,305.6345244090382,425.4912006478766,421.2962169795173,484.22097200490754,1162.6097595167334,976.8319113465336,183.9799980266171,29.36488567851543,0.0,0.8459337956454407
0.5750000000000001,483.2788291441033,463.59204372561817,628.0719606090909,466.7673316963416,494.7098658387076,1545.0951265540125,1279.641052201535,195.59773899656216,169.5603776366302,130.1868067996599,0.7857244649703711
0.5750000000000001,578.5177141787665,492.4952163837399,651.40700620356,605.4407860077442,752.5326906343545,1778.2360612895568,1839.962128409652,334.24008685243143,205.53467030414745,72.23263173628185,0.7830463034951205
0.5750000000000001,745.2866829525017,683.3554005164109,860.7040729470345,876.8906581291945,995.8268709894144,2417.431308726953,2211.9320533708337,399.7382775420406,87.26680706903703,183.68255358886017,0.762213282618409
0.5750000000000001,841.8327010001549,929.2201786126276,1149.8735595841215,1152.7864755045373,1243.8150980175296,3046.910052754886,2948.5991404408537,560.00808569993,77.19227189101765,160.93860460297077,0.7243288304963786
0.5750000000000001,1151.8274558861026,1098.6180353696247,1306.760768566434,1221.4691974444331,1378.7499845593156,4019.658723428606,3699.619708851557,650.2504183704831,277.0019832769567,103.28887512022116,0.8275743900595364
0.5750000000000001,1547.251333037618,1514.5398883645182,1680.5504700804995,1608.58529179968,2162.226492891893,5080.905143849218,4353.893285989577,812.0616140097012,303.39864934300016,206.0821014405284,0.7458130418508381
0.5750000000000001,2016.1953021959769,1992.6293830794,2486.6408727083717,2315.5697561584097,2706.5894511297506,6815.78749560536,6364.54378511388,1137.273800329592,388.4012595139436,104.7374182958949,0.8300370812706419
0.5750000000000001,3412.500531826484,3782.564745128859,4162.986989846822,4100.838801353294,5080.14358973617,12296.866568742287,11181.02409351757,1835.254838998294,274.01701290328555,323.92389154202823,0.8530364016124176
0.5750000000000001,11566.132574524368,13078.153588256171,13622.386503996884,13291.114294415582,16583.723434646894,40618.70535480468,36113.40330449896,5445.878502509785,1252.9188212378583,792.6870729266903,0.7673747981534679
0.5750000000000001,16997.770702033544,18678.18934941902,20045.37796093184,20381.461690408934,23953.359567291496,61449.549097592,54350.11639611786,7806.552868293958,1817.5408090121289,1099.665962849054,0.8293170210376367
0.5750000000000001,33509.20955543608,36080.42027203226,39569.80362517233,39636.90715119425,47761.34381394626,119161.13217264017,105326.34911255904,15761.145258320284,3171.8691080607173,1780.6984466305782,0.7575764728344356
0.5750000000000001,36859.55504259101,38711.74987802484,42603.992484808565,42839.24756343239,52089.68793111098,129135.72618041348,115845.5698730825,16107.95034607156,3869.419352887381,1906.61951780204,0.777737700512724
0.6000000000000001,2.639490442382861,0.0,1.4310490350268523,1.2720435866905353,4.452152553416874,2.782595345885546,0.0,0.0,0.0,0.0,0.753035799880364
0.6000000000000001,8.473817274769038,0.6634305339676826,7.689763007352686,1.7188882016435414,7.418359607093179,12.575024212023804,6.001030739071311,0.0,0.0,0.0,0.8250563095997383
0.6000000000000001,9.70671712680987,3.635606778405152,0.0,4.623927067680339,11.824546318113844,18.283925351590955,6.212298961158316,2.329612110434369,0.0352971531883995,7.235916403621903,0.7768435192056238
0.6000000000000001,13.798527784662316,9.523983851370184,0.7499199882968649,15.97329575072322,16.498239742531027,27.672047568154312,18.860487705666152,3.8245919403140114,0.0,4.424527930951503,0.7925087349256313
0.6000000000000001,19.99156058688961,20.20423676334589,13.398599116745164,17.354375998831834,10.123385999318568,33.645371115382304,32.07156740960588,0.0,3.3177483527178504,0.9783104116988536,0.7809792497746779
0.6000000000000001,23.778165686241405,11.47110727441724,14.396936255341474,21.13098708445281,32.74141954843787,61.76750070840052,56.6589104242471,16.115280260011264,1.0681597866866257,12.353500141680104,0.678009784312696
0.6000000000000001,25.44309799590449,26.106830987102,29.038318364890998,32.02511682527978,52.9327060480013,82.6347574040898,71.90440737973009,16.75925802773709,0.0,16.040213953939787,0.7459878527544044
0.6000000000000001,47.52857673351143,33.32097269655024,38.48158223463928,42.43167842428769,54.218255764367605,98.5612710546142,81.55037294757994,4.204941105109591,14.207604036961197,4.141229876244294,0.8093385451053304
0.6000000000000001,43.04275338787673,40.46992321768055,35.671942630017384,20.58264136156949,73.56903567750173,151.0320845855707,112.85684773590296,22.59918392739893,5.006588439300685,20.513105411023645,0.7428407695517603
0.6000000000000001,51.04738557357128,59.8936654599004,50.24977017398424,61.85144871343225,50.03223870136958,163.58366740621707,134.94202351195477,26.75637113160199,2.465356689632704,7.323559578026562,0.758836332431919
0.6000000000000001,24.186040755137693,64.8661683203365,59.23597522651756,50.83033483292872,56.85702039814336,186.43076005025807,144.71975205943045,40.99732154231536,0.0,0.0,0.838123911579773
0.6000000000000001,50.33623720113007,64.00683223377608,67.56276735787473,51.83763203130507,48.992883932026125,163.49399492800333,158.9107896569428,40.53766041472484,0.0,8.218161175694705,0.7430589179773803
0.6000000000000001,40.2065319357563,76.92406729857507,72.52128590891581,98.35647481804848,78.58549423806915,209.1736516823024,191.9778828585389,38.54510499626224,7.144135839824467,0.2492140409241093,0.6935750153376271
0.6000000000000001,68.45028746376741,92.52827802891171,97.77384025917532,120.13197435538076,97.17189049504672,236.99622141977764,216.52992943940492,38.86875619801868,14.87675845632131,10.921088577761887,0.8148058900224419
0.6000000000000001,91.0562857307978,130.32080319171675,97.60037197428429,119.38283047046076,120.7851346654936,280.9282737382416,291.77275951316216,48.42623820180006,0.0,11.03145966759152,0.7307335319298279
0.6000000000000001,114.35330528356766,134.695948537812,125.70963525559726,152.47107371142354,177.15874756366182,387.5964794801409,353.527489564052,46.610328233025854,32.78523087577243,6.023792419946138,0.8564790564542399
0.6000000000000001,154.72606400659524,181.95528852121345,150.56159437494776,165.7245350850489,200.8555737725367,531.6639563069964,500.8041685237624,69.5146084667312,41.43113377126223,2.7763130877649944,0.7700590463593434
0.6000000000000001,214.2674270792356,245.9691135621025,233.26595550336503,257.32326368539884,316.7920301727628,738.6942619819816,612.224768034374,93.08154754543916,49.6884589554156,25.29389878952152,0.7756482476235791
0.625,0.0,1.330165487099075,0.0877032189296093,6.124608121917716,1.2424622681694653,4.589801790649553,0.0,1.4471031123385536,1.7832987849020558,2.1779632700852978,0.8005819309581614
0.625,1.3026115850105455,7.963693553814472,0.0296048087502396,8.792628198821184,0.2960480875023967,10.00642535758101,1.1545875412593471,5.476889618794339,6.483453116302489,8.20053202381639,0.8128980651751632
0.625,0.6667168728129642,0.6667168728129642,0.0,20.738403780655887,0.0,14.071235052526246,6.52680728122165,0.0,6.877710898491632,7.930421750301575,0.6954838140618056
0.625,8.248714903098817,0.8019583933568295,5.308200794123776,11.456548476526134,4.773561865219222,19.09424746087689,11.647490951134904,1.8330477562441816,5.575520258576052,7.523133499585494,0.7758876996063889
0.625,9.75758684702157,13.660621585830198,1.6410486969990823,19.914347701421296,8.870533497292337,30.86945657057733,23.329503097878845,0.842700682242772,10.422876859318496,0.0,0.7731224978831928
0.625,10.62440212159741,16.324188667518765,1.778333402327463,11.490769676577456,12.129145769720648,50.887694281985866,37.162608279407245,13.132308201802806,11.946752600251164,6.97653873220774,0.746866289718287
0.625,28.775389494623084,31.56703175902681,10.522343919675606,32.15757146880453,35.59343887114758,76.87753312742585,55.83284528807464,12.347648477170353,10.951827344968487,12.884502758786454,0.766066759742033
0.625,31.015158722850742,31.198319109009315,35.83838222502635,75.58418602143549,30.770944874639323,96.8307908158293,83.64324301241244,8.181163915082678,13.98124281010398,12.821227031099715,0.7246799131188612
0.625,43.72781862633916,27.43837168767236,28.43977211422974,41.39121763103859,70.16478988745413,120.56861135750918,103.34452402072216,3.805321620918064,0.0,7.276843099650334,0.9046080528567414
0.625,59.19711059536935,44.80379816881445,40.96558152173315,52.627855180172496,76.8381448002238,145.77842073049186,113.8178859576802,0.0,0.0,4.871582667449347,0.6583114009953761
0.625,56.13548585896095,41.15049447475699,51.01108466021763,53.340357932373685,83.93148024002322,167.70767559523603,136.41777130593968,17.469549541170423,10.637014609512656,0.0,0.776341465374525
0.625,66.19203159375695,49.21553027254678,77.70014066246192,75.65969579212415,97.37002921251792,202.73860231675988,152.1355695323834,31.83093997726906,0.0,15.670616604194002,0.7272559392542147
0.625,90.61937461808223,57.2066443119737,81.25368506258212,57.2066443119737,81.42243622574429,213.89209930804327,192.12319926012407,4.218779079054108,17.63449655044617,16.87511631621643,0.8304329400969626
0.625,69.08517728416284,59.60461928328662,62.76480528357869,90.41643278613434,106.21736278759472,229.8157485767958,207.69444657475128,26.5104492246724,0.0,19.048898946205004,0.8279309788321849
0.625,102.40315074811387,72.41564604127726,83.09231180377326,101.66042617333154,155.04375498581155,284.2778309979371,234.70096563121652,27.666490410641824,8.448492038149015,4.549188020541777,0.7996387311804235
0.7000000000000001,1.0732295336488598,1.3532024554703013,1.7264996845655567,0.0,0.0,6.276059664163983,0.0,0.7232633813720575,5.366147668244298,5.389478745062752,0.7704524520487761
0.7000000000000001,0.0,0.0,0.0,8.497533107558587,0.0,0.0,0.0,0.0,9.523481986686395,0.401458257050012,0.773823689251259
0.7000000000000001,0.7523815626808742,1.6989261092793937,4.1502337812396615,6.553000707220518,0.0,2.354226180001445,0.0,4.756993105982302,10.411990012583711,3.1551484886617307,0.84300839117218
0.7000000000000001,2.681135621257131,1.4393464914117229,0.0,14.591022275683542,0.0,9.22875103316928,0.0,0.0,9.68031071674943,5.334048762290502,0.7942752914371906
0.7000000000000001,2.997814765587865,3.8285345199073935,3.7924162697195887,17.26452358977108,4.4425447731000896,6.24845728249037,0.0,1.553084758075641,8.993444296763595,6.140102531926953,0.8717930001868117
0.7000000000000001,6.023619104206077,1.2598419041476765,1.4960622611753656,15.472433385313648,0.0,0.0,3.38582511739688,0.0,7.992122079436821,10.07873523318141,0.8279783055038491
0.7000000000000001,0.0,10.460385155958562,0.0,12.323773604793285,0.0,8.46994749470329,0.0,0.2117486873675822,3.6420774227224144,2.413935035990437,0.8401205465089783
0.7000000000000001,9.26803474361899,2.053996889126371,3.857506352749526,31.96219549421036,0.3005849106038591,10.219886960531213,4.759261084561103,13.877003372878164,2.9557516209379484,9.668814624424137,0.7201082914806091
0.7000000000000001,18.45764127950012,0.0,2.970921712796253,24.336273604820363,0.0632111002722606,6.068265626137027,11.567631349823706,5.815421225047984,17.762319176505255,15.61314176724839,0.855418467053237
0.7000000000000001,0.5045489945990788,16.082499202845636,0.0,28.12860644889864,0.0,31.28203766514288,10.973940632529963,9.334156400082955,23.90300861913136,18.857518673140568,0.7429115474876461
0.7000000000000001,15.351494952438722,0.0,0.5482676768728115,30.908590283704747,4.043474116936984,18.229900256020983,4.317607955373391,16.31096338696614,16.585097225402546,24.123777782403703,0.7909549954879447
0.7000000000000001,40.00893308631017,15.988971434127606,42.27221214776202,66.00013779201531,23.654916642270976,106.8851789021133,77.8275961131508,17.08410646386237,39.716897078380896,10.07524227355986,0.8064031178156387
0.7000000000000001,51.06330712370256,50.34746636963196,67.36856874419948,108.01241600309667,71.26592396080606,216.1043698677568,162.4958511740254,33.08775041037424,28.076865131880066,24.497661361527083,0.7914147153271924
0.7000000000000001,65.48209851893793,56.73972410934151,75.33869711799272,117.0792494461639,83.65252376241286,218.2165220277696,193.1036229884387,50.22579807866182,42.59764785852376,12.685013849218343,0.8611658390359279
0.7000000000000001,58.66897226699156,96.12538452865392,98.705290475248,125.74652687843792,96.22093660075,248.7220436660896,203.23925734835677,57.80900361812687,46.24720289450149,15.097227391180237,0.8573277901726684
0.7000000000000001,77.27833537675777,81.55500001150754,94.2855365986697,104.33072562447734,93.78825001323366,297.1784634565665,217.21478051845423,21.48278049083613,40.08129878614334,31.62742683373097,0.7679619241896103
0.7000000000000001,94.09938721300595,98.90141891660126,81.83888073574134,152.3367929800129,106.76857723951272,318.1601430850169,268.5050918520952,56.091817133485634,52.31149430299571,21.353715447902545,0.8236562398212448
0.7000000000000001,96.15694960629772,112.21787177481164,95.84407449911886,138.8122558850133,113.15649709634818,345.5184100278355,282.0047632705304,54.44026864911866,52.56301800604561,32.43471944420671,0.7732702025463734
0.7000000000000001,142.21487560881351,121.63114361280104,129.776577664699,181.2909443712971,129.66650423156526,418.0588990420075,355.6472624551675,60.76053508983363,39.84658279441988,24.54637558882772,0.8459337956454407
0.7250000000000001,7.349119925516002,5.8579941435272485,9.505926860178308,8.573973246435337,7.109474710553524,15.01776680431531,14.11244043667928,0.0,2.4763338879456094,0.0,0.8020356857007725
0.7250000000000001,3.697810697657057,4.6733067712721095,2.1778516992336043,0.0,0.4990910144077009,11.955498390584474,7.962770275322865,2.223223609634304,2.3139674304357043,1.2023556256185524,0.6749855313340757
0.7250000000000001,3.464788369464328,9.333715607536558,4.030468103254423,6.328542021776681,6.6467368720336095,22.096864601175565,20.576600316614684,1.5909742512846403,0.0,0.9899395341326652,0.5876111218770907
0.7250000000000001,17.13956423051821,11.130634653230649,9.759469514789192,15.687742319227256,8.025348898524998,30.246289818561547,30.81088722850803,0.0,1.0888664334682157,0.0,0.7126861321557894
0.7250000000000001,14.770664380714878,10.966099312954986,23.051188351721706,7.295813012292501,22.11123698203985,48.743192456359104,28.422339035618023,0.0,4.386439725181995,0.0,0.6735959713104622
0.7250000000000001,22.42063878013695,23.08848759486444,20.989534177149487,4.293313808962395,3.434651047169916,43.83950433818268,49.32540531630129,0.0,2.2420638780136954,3.816278941299907,0.7093027214920566
0.7250000000000001,10.80545903968306,24.64839734858579,23.752091990455398,36.64893019910937,13.992322535257792,61.2475328055768,60.15204847897299,0.0,3.2864529798114384,3.635016174639925,0.7076553032122223
0.7250000000000001,31.500206441187903,36.22235804663106,39.27448042575896,21.99831601560106,46.06977176042106,111.43126044551846,84.48044396567214,7.659099555170002,2.0155525145184217,5.64354704065158,0.6613017649307141
0.7250000000000001,31.574710841956836,49.830870814363976,49.50602811022861,47.36206626293525,47.03722355879989,155.59965528083666,148.64802141234,17.216663319173993,0.0,8.575847389173461,0.6970407997558266
0.7250000000000001,52.66713987614102,55.43909460646423,59.9617575875179,53.907224887075095,66.7457520590984,182.1466042530805,159.60623552492598,12.765580994909527,4.668555335281199,6.856940648694261,0.6985305504869367
0.7250000000000001,74.62354916601836,81.64979243164997,94.41009629337172,47.24542885510903,63.31695080753073,221.1247593252795,221.77085066005023,25.68213055713619,0.0,13.083349529107116,0.6602958514466247
0.7250000000000001,82.19991785406496,90.33056190267357,93.72577590099364,59.86298365459079,112.57814836534985,263.5758235537952,259.6445231346878,25.196061777006868,12.061944467716051,0.0,0.6377398121811124
0.7250000000000001,96.03814406663366,122.88230744348282,110.09014294621171,88.67295844699272,92.06482024551158,291.9908456839225,295.57652815664244,42.834368998438016,0.0,24.324494612235164,0.6936772724121366
0.7250000000000001,100.52746863984146,113.22033084184164,108.34627175627357,106.72158539441754,145.20634359088208,358.1417998916372,335.9039053137328,32.59527013473647,5.077144880800073,12.895947997232186,0.6921076263184149
0.7250000000000001,112.3617868840214,108.37136828440195,127.48337315626354,119.0824918939068,153.1060610064516,386.33552705263065,354.09714520833666,39.169108885738304,5.77560586787026,13.96646509866808,0.7118807359594138
0.75,2.0529272281500037,4.092168274779007,1.0675221586380017,2.3129646770490035,0.0,2.1487304987970037,4.105854456300007,0.0,0.0,1.272814881453002,0.7229381342830489
0.75,4.029765607059614,4.421850909368116,2.26538174667135,3.7465928887256954,2.592119498595103,10.93482343104825,10.542738128739746,0.0,0.0,0.0,0.646684923867422
0.75,1.7890856980002436,6.026393930106084,0.0,5.414338296579685,2.80133155344775,10.499108175106691,14.877660014949395,0.0,0.0,0.3295684180526764,0.7994628714863492
0.75,7.251508105955065,14.704446992631102,15.993603989245338,15.02673624178466,15.469883959370806,29.086604736108647,39.037285303724765,0.0,4.794052581159181,3.464609428400753,0.6721010296906184
0.75,15.208478747325454,22.95267344688381,12.129461577621528,14.602005668444376,24.398878481138688,36.528340058760215,34.52231372092281,7.837498250155449,0.0,2.7991065179126604,0.7468765154257375
0.75,13.85371755954968,16.025903239618444,16.846506718755535,16.363798789851366,21.673586007797237,45.80898245300574,36.589261010936085,0.0,11.29536553635758,9.895512542535489,0.746614055601163
0.75,8.653032361156878,28.2924990685017,21.82703106831145,12.590648210896804,26.83412282785728,51.86958162558645,60.425388904033696,0.0,0.0,5.152929383610275,0.7845071188452574
0.75,27.54818724884468,33.81632163242501,24.44045675614518,25.177884330684044,32.183446288803246,77.79860911385006,90.9669586591869,7.058235356300548,1.2114881581709895,4.529912243595874,0.7869996350364286
0.75,36.88157750244535,38.8006189334669,49.8351071618408,35.56223651861804,46.17693443395598,127.19646484989693,117.6612277395086,7.976015947683305,0.0,0.8995506707913502,0.8176575841878275
0.75,30.894977742543198,42.72709687798527,46.539668599405495,45.61939266664889,59.883669624376274,133.50574424490475,144.1546514668026,6.967803490871444,0.0,13.015331048986283,0.7769358346201123
0.75,62.60150492933008,55.24090888990943,59.03052269238344,64.49631183056708,65.44371528118558,184.16065536253447,178.91349778987816,22.810560003353103,0.5101403195638073,1.9676840897461143,0.8799640978999367
0.75,66.7186174610859,91.91779110291556,64.6891538120795,84.0536194630157,86.9286929657748,230.51324613297865,215.29226876543052,33.65527217935639,0.0,5.411903064017108,0.7443127844862479
0.75,98.074235358604,102.26700006724322,93.8814706499648,78.65991181642683,135.99141185412378,280.73294136105983,294.86073548799624,19.049735306643345,7.291764710676878,6.198000004075347,0.8359850344379479
0.75,148.78431498066345,151.29392993214452,147.11123834634273,172.5659042827936,211.8832051893304,479.6949721545246,496.3062330238517,48.39971692142065,17.925821082007648,43.6194979662186,0.6980231980787931
0.775,0.3350775003106063,1.8509042874300157,3.653940360529945,0.0,0.159560714433622,4.8506457187821095,2.5848835738246767,0.0,0.0,0.0,0.794170412386412
0.775,1.6115345312702745,3.520342422677784,0.0,3.473404523708747,0.0,6.023697034359764,7.619585599307026,0.0,0.0,0.0,0.8575612771594665
0.775,4.563435082346218,3.85573659364012,2.56235659703932,0.902925658004332,1.4886071658990336,13.299850908442185,11.689226761731756,0.0,2.074288673793735,1.537413958223592,0.6707376020304907
0.775,8.316173337803027,15.197068028472538,1.2242082578491766,2.786129138553299,16.421276286321717,24.737449624124743,31.66055839265112,0.0,0.0,0.0,0.7658008913483078
0.775,6.655707889844546,18.291877465967325,1.8563539012491592,4.754077064174675,18.654092861333016,40.52284735653652,51.61569383961077,2.8071693140840943,0.4074923197864007,10.594800314446422,0.8166201009526989
0.775,9.960170079455938,24.691956522558208,17.743000653170345,8.29242067080285,22.421964271891508,49.33758667265383,36.644160617905335,0.0,0.0,5.095900970884434,0.5921036160172103
0.775,14.142074184788864,23.194959043563745,13.701663570037653,7.927391065521784,18.64404935780124,47.95582249513178,50.060006543387566,0.0,0.0,15.51224054179263,0.7807649968566576
0.775,18.946373478804272,24.299642439574452,23.30246488805844,10.444122776404573,19.681135885184496,71.16698736082714,54.89724836240795,1.8893890449777115,0.0,1.5744908708147596,0.7010994317369557
0.775,35.85887819095056,40.28302550022367,38.653076491544105,39.64268838967099,37.896314451800016,108.97373372314844,102.80321247600436,3.842022663316131,0.0,3.725597734124733,0.7785889906580162
0.775,46.577730538725866,58.08754545508732,67.98194775160856,26.92354366400339,70.27044896304885,143.09863457417802,149.02181418025876,13.66369840948172,11.307888338881424,7.269356789280915,0.7848004992614096
0.775,64.92851548887353,87.56262903079637,65.50675926549201,79.96285368095367,83.84534760967766,222.4586414905044,208.00254707504268,23.79060109515977,7.269350334632151,14.043063146448477,0.7505763623034478
0.775,67.37850637357656,80.51519629546885,80.09143210444006,96.36397703994534,81.70173603034944,252.98722204418368,208.4072291479557,28.646459313545755,0.0,0.0,0.7800163289897128
0.775,77.76625561642042,111.73734720800904,103.47410871275775,55.18007039606691,99.43430322619048,297.7520271122213,283.9799629534692,47.65134198928241,0.0,5.876080707734247,0.7432506499920859
0.8,0.0797200001668461,0.0,0.0,0.002214444449079,0.0,0.0,0.1926566670698782,0.0,0.0,0.4473177787139701,0.6996356406518467
0.8,1.5043303841849265,1.925542891756706,2.5724049569562246,0.0,0.0,2.8582277299513605,5.566022421484229,0.0,0.0,0.0,0.6539480749407497
0.8,5.752787650895298,6.578299780171752,3.637412819624381,0.3869588105983384,0.0,14.523854024457636,12.950221528024391,0.0,0.0,1.8831995449119137,0.716836795503978
0.8,5.556029196490057,14.698862051473697,9.424150788983134,5.309876004240497,0.0,22.962576362708905,19.30544322071545,0.0,0.0,1.1604364777479232,0.818119397966457
0.8,0.1361171797131312,6.80585898565656,9.1652234340175,8.938361467828948,2.041757695696968,37.70445878053734,42.69542203668548,4.58261171700875,0.0,5.036335649385854,0.5554853576353355
0.8,9.355117180076425,22.44258681023516,15.850379885414462,4.60485042542622,9.452061399559083,44.78822940098765,46.24239269322751,7.804009668353909,0.0,0.0,0.7661051061449736
0.8,17.609923612839765,17.260718328732462,13.419460203552116,3.6915987177057863,15.51469190819594,59.3648982982417,43.05202288351478,4.489782224236768,0.0,0.0,0.6122088176811413
0.8,12.07159302030932,26.93704818069023,14.022025080359295,24.14318604061864,20.347750680521383,67.68526392173435,68.84498028176407,0.0,0.0,0.0,0.6777810314497189
0.8,25.558836348647656,25.50229025053118,34.436573752934564,9.556290581684632,19.79113434076699,81.42638128772704,80.74782811032932,4.1844112606193065,0.0,4.6933261436676,0.6758760200245967
0.8,49.429096668958806,42.60667737229602,44.011293109844246,33.37634538269343,47.15495690340454,140.7960060732859,145.7456043865511,5.01648477695793,0.0,3.8125284304880265,0.6726707476771713
0.8,41.64994217310768,59.2627426761203,72.47234305337975,34.287214093979465,62.79973949844659,174.25123120603456,175.76708698703158,23.38748919252494,1.7324066068536992,14.797639766875347,0.7794283508112826
0.8,61.56011226640851,98.46330373185232,84.32666913929924,71.9982087388169,94.35381693169154,221.0903898486501,217.7206106725182,19.64334690476853,0.0,0.0,0.8117501077791811
0.8250000000000001,0.0,0.1383223787514632,0.0,0.0,0.0149537706758338,0.2243065601375078,0.3607597175544918,0.0,0.0,0.0822457387170862,0.8039508754921074
0.8250000000000001,2.1052678455597413,4.022259704931213,0.0,0.0,0.0,3.4060837501332406,4.1763036936307065,0.0,0.0,0.6504079522867494,0.8185715067912563
0.8250000000000001,6.876100374521207,2.510935530021789,5.350224167815658,0.0,1.1395784328560428,11.74345232502498,13.732885860349938,0.0,0.0,2.7040844169465417,0.8427680870470821
0.8250000000000001,6.54576531929372,7.627480774600733,0.0,5.991039444777303,0.915297692952088,14.09003721271699,20.635802532010707,0.0,0.0,0.8598251055004463,0.8122422199502585
0.8250000000000001,5.489152282783295,8.431337906355141,12.339614331696849,3.7326235522926408,8.738730434191007,45.75757342928155,36.360144721156544,0.0,0.0,0.0,0.8182860391249174
0.8250000000000001,10.758680081042264,12.43663935973693,21.023842727174333,23.294022927761237,20.08615960084496,37.55667679666588,44.61397611588168,0.8389796393473326,0.2961104609461173,6.8105406017607,0.7839049382953681
0.8250000000000001,16.701404397411707,20.327703211528625,12.56435927144734,19.970180793235407,14.045523575804951,45.711794910347024,50.10421319223512,0.0,0.0,3.8816719700406415,0.8528387046016991
0.8250000000000001,18.502891204978628,26.25699301053325,13.42261760823594,18.984180282564772,21.283672542143044,65.40183798754006,61.711955059379584,3.903789184865433,0.0,4.2246485699228655,0.7683696742742165
0.8250000000000001,21.702585296617016,38.620348638074375,34.86084567330607,14.12661720094756,43.97479225456256,82.25336789583982,83.56349771689544,0.0,6.721535603676661,7.6329302618023105,0.7290972393392984
0.8250000000000001,21.758656957312944,36.11253536894348,25.85976507492167,17.999307849504948,23.75225118115052,89.82565974262438,76.72489770026318,8.031336730317081,0.0,0.0,0.7751301451127306
0.8250000000000001,47.23394204558127,60.27614992383877,56.11674308698909,42.93353836680446,67.25549359923063,165.74178768531576,149.31565560080764,15.791646295836124,7.684327885027399,0.0,0.8155591838046619
0.8500000000000001,0.1791493269419172,0.0568728022037832,0.0909964835260532,0.0,0.0,0.3440804533328886,0.437920576969131,0.0,0.0,0.0,0.8307699236379601
0.8500000000000001,0.0,3.2020198186225857,3.1362248908426693,0.0,2.631797111196646,7.369031911350608,10.285940376260225,0.0,0.0,0.0,0.7391886013261659
0.8500000000000001,0.0,0.6674404762760676,0.0,0.0,0.0,2.576320238425621,5.486360714989276,0.0,0.0,0.0,0.6715215729350646
0.8500000000000001,3.9895114419176902,6.416696724762719,8.28590837936751,5.35654683110627,1.9808063802528395,11.801142237281,11.18737124621674,0.0,0.0,2.678273415553135,0.7412353334819605
0.8500000000000001,9.945301174869003,11.891120969952068,12.53972756831309,13.058612847001909,9.46965633607092,42.07294801368496,27.24147713116292,0.0,0.0,0.0,0.7179860514024936
0.8500000000000001,12.523691811390592,8.831448010422848,5.787841633949437,9.879246926913694,11.126626589402797,56.63103667700526,43.75807856011773,0.0,1.4469604084873593,3.4926630549694875,0.7669067285683617
0.8500000000000001,16.676529354304808,14.25085235731502,17.232413666114972,28.2490300274436,15.56476073068449,49.57477362597884,49.17049412648055,0.0,0.0,6.872751491471074,0.6939292630600354
0.8500000000000001,16.207962843945815,15.891194840481075,11.29805879024236,0.0,26.450128289305717,55.170427270108725,59.18282198066208,0.0,0.0,7.866405419374353,0.7702877045398445
0.8500000000000001,23.22415833483585,27.64514269255159,15.109693374471515,19.530677732187257,16.00508261147724,77.17135986443046,76.49981793667615,0.0,7.666770341861473,2.182511265201441,0.8082784800995814
0.8500000000000001,26.957227316304465,33.2108183378796,27.44294312380545,15.48219136409378,27.98937340724405,114.75035952210683,88.03599010955287,0.7285737112514721,0.0,13.539328134089857,0.8081029387883395
0.8500000000000001,37.509116380195294,49.11748334580135,50.72789263582763,34.75800050973374,43.88365315321596,162.9868402280758,141.85021829648096,24.02193857622525,7.31394219220266,6.911339869696092,0.7629871175147199
0.8500000000000001,38.59441929685093,66.59574462162952,72.22564071867497,47.55780650398905,72.81826136046921,164.00776261656037,177.34172705693115,14.593283304183554,1.7037843451584862,8.000378664222458,0.8109797711512089
0.875,0.0,0.0,0.0,0.0,0.4942969151846353,0.1060819863638258,0.2821329424569836,0.0496553978724291,0.0,0.0,0.7591780414892381
0.875,0.0,0.3176812155796705,0.209751059004526,0.0,0.0,0.1649498619355981,0.557978545313011,0.0,0.0,0.0,0.6442061519066969
0.875,1.135287771114453,1.6412312343285025,0.0246801689372707,0.0,2.2088751198857284,2.319935880103447,4.948373871922778,0.0,0.0,2.443336724789801,0.7660071097819021
0.875,4.498395345106644,8.882907263754893,1.679780540261342,1.2242468344277575,0.0,14.036132310997314,14.349311733757904,0.0,0.0,0.0,0.7041330582807395
0.875,1.6144492258926206,9.338480816437707,8.863642808822231,1.677760960241351,12.788970338443503,24.53329706013296,20.639625397686054,0.0,0.0,6.331173434873022,0.8168146734416963
0.875,2.1648066013022973,24.40327441468045,13.726841858257751,3.936012002367814,12.004836607221833,32.37369871947527,43.78813352634193,0.0,0.0,1.47600450088793,0.6792198263610595
0.875,13.506537738648,15.324725511158308,14.285761069723849,8.519508419762586,18.49356705753341,53.92225451044855,54.233943842878894,7.1169064238260615,0.0,0.5194822207172307,0.814675796299871
0.875,17.468650884138228,31.81594408678467,26.668441945377168,19.659077327290355,30.99453417060262,46.60132257806154,71.13409874136539,0.0,0.0,0.0,0.7619973069064581
0.875,18.60068613833082,24.147276281989708,25.65998268480577,13.894488440680854,29.301683284177766,56.25026771953055,64.3180352012162,2.521177338026768,0.0,6.947244220340427,0.769470459507851
0.875,28.128593350824445,46.13331797408923,24.370031308257385,14.670516359697231,37.9493522362416,109.96825072930076,104.69413947602116,0.9093295264275144,0.0,3.81918401099556,0.7815970529331728
0.875,29.529066559744,57.61265433684319,66.01019774077972,53.82687657277345,58.30097756667405,160.7923064884895,146.81934492292297,1.996137366509501,4.611765639866778,0.825987875797035,0.7742302828570464
0.875,46.06742383604284,61.27414626735795,56.65249533235041,62.61591589365045,81.6988616898106,196.27107922378767,176.59179137149752,11.628670094535083,0.5963420561300043,0.0,0.806100404412528
0.9,0.1732798537237845,0.4665226831024966,0.1294838467386521,0.0,0.1447172404726112,0.2037466411917026,0.0,0.0,0.0,0.1599506342065703,0.9328934958558044
0.9,0.061701443709968,0.0,0.1085945409295437,0.0962542521875501,0.1702959846395118,0.0740417324519616,0.8218632302167745,0.0,0.0,0.0,0.8541271437405197
0.9,0.0331654832027256,2.7859005890289583,2.305001082589436,0.0,1.2437056201022134,6.981334214173757,6.23511084211243,0.0,0.0,0.0,0.7746506730522527
0.9,2.4657601881762656,9.973861435319726,9.863040752705064,0.0,5.762675495962508,21.887084816396065,12.411916452842323,0.0,0.0,0.0554103413073318,0.8533005657215675
0.9,9.172283033984884,13.600281740046553,9.290890142182963,6.879212275488664,10.04206849410414,26.48892083090463,34.63327559383948,0.0,0.0,4.862891436121297,0.8166769104385385
0.9,13.213180666977657,13.65362002254358,0.3915016493919305,8.95560022984041,17.421823397940912,43.211994551634334,44.72906344302807,3.817141081571323,0.0,0.0,0.8756096508104042
0.9,12.038799719694527,28.198990334419616,22.01690399187377,21.962675164307587,8.080095307362544,47.66713943068239,61.495490460061234,0.0,0.0,0.0,0.7901426198404511
0.9,21.21994628567964,18.83202394151108,22.03401072119164,3.473341591517894,10.040128037981413,58.34128454502713,56.55034278690072,11.342631134800625,0.0,0.0,0.2
0.9,19.47368616405297,32.436938788052736,20.68358974229295,25.984119704106185,15.152601956053052,75.64778086805192,80.77546746154516,5.934288978986557,0.0,3.226409541973273,0.7462075837299877
0.9,9.794925624642344,24.30592655003841,28.84061433922468,10.580938174767963,29.747551897061932,81.56391770149706,95.5912185960466,1.8138751156745083,0.0,1.934800123386142,0.9216214609656732
0.9,33.819736929124126,34.207726262919046,42.93748627330481,30.9098169256622,50.050624059545065,126.41985792817908,124.6092410371361,5.302520895197281,7.82445156486428,6.272494229684589,0.8029645207942347
0.9,54.31768472604169,52.99465586938573,55.64071358269764,60.41831778728859,61.814848247092094,183.3864998531448,172.21425617471675,24.69653865757782,11.686754900460931,1.8375400786888256,0.7992385286417918
0.925,0.1720758284234684,0.0790618671134855,0.3534530529779351,0.0,0.048832329687741,0.5743612110891447,0.3185728174866916,0.0,0.0,0.048832329687741,0.9222610324862429
0.925,0.1877525550526541,0.0,0.0,0.0,0.0,0.0546621362811524,0.1093242725623049,0.0,0.2115187012618508,0.463439851079336,0.8354936323854438
0.925,5.251970504493098,3.123848627207791,2.811463764487012,0.0,1.464304044003652,10.894422087387172,8.395343185620938,0.0,0.956678642082386,0.9371545881623372,0.8937794547373227
0.925,5.24393506925688,8.104263288851541,0.8342623973817762,0.0,0.7150820548986655,18.41336291364064,22.227133873100183,0.0,1.8175002228674413,6.078197466638656,0.8558961911295351
0.925,0.8108837069115484,14.30103992189458,4.054418534557743,2.8380929741904195,6.450211304978227,23.62620255137739,23.663060901691548,0.0,0.0,0.0,0.8011022025584686
0.925,6.233987263998246,4.139367543294835,15.21092892415572,4.08949564518285,6.283859162110232,41.194187840500405,49.772154315762,0.8976941660157474,10.024251520509178,0.0,0.8768566190245626
0.925,15.555094176487229,30.23997329414999,15.065598205898466,14.848044441192352,22.244872441200265,53.463837676527774,38.50701635298236,0.0,0.8158266176479314,11.693514852953683,0.786039425613288
0.925,14.200065202883126,39.07813219218624,12.690609452970351,10.678001786419989,26.83476888733819,50.37109743227439,58.14199925589941,2.515759583187956,0.0,0.0,0.871715360556165
0.925,16.27954019738987,26.18882553493153,11.383881369913931,17.046330134223453,17.105313975518342,72.55012479271572,71.4884156494077,0.0,0.0,12.445590513221967,0.7682652868439879
0.925,25.74361102131562,32.11821946468901,38.24765066024035,25.988788269137675,15.078400741056292,82.50214389212101,83.11508701167615,12.13627376719165,0.0,6.435902755328905,0.6706536051478579
0.925,32.953714876150364,50.34033744884319,47.038226960230986,32.54937481632029,45.15130668102401,108.90225611423104,124.26717838777355,21.49741318096516,0.0,17.993132662437926,0.826121487459213
0.925,49.088016317696,41.484910030894966,71.60206891453402,37.05591607741864,74.77618124785872,173.1736635809245,176.05250965068416,17.64215924801405,1.550147883716716,0.0,0.8595226246580455
0.9500000000000001,0.0,0.0,0.0,0.0,0.4257984364224035,0.0,0.3411226109974937,0.0508054952549458,0.0,0.0,0.756999965802185
0.9500000000000001,0.4402650956806311,0.355052496516638,0.0,0.0,0.0,0.0828455825205488,0.4284300124634098,0.0,0.0,0.0449733162254408,0.5996263281319643
0.9500000000000001,0.928083442753205,0.185616688550641,4.372304219192877,1.21682051383198,0.0,6.888441552879344,9.260210351026425,0.371233377101282,0.0,1.3405649728657405,0.6503134556817807
0.9500000000000001,13.126866208195016,6.243637059582316,7.949215963663338,3.8375525341823007,0.0,18.304516452726688,19.888268292230496,0.0,0.0,4.4466878570683805,0.6926939002122696
0.9500000000000001,4.169433045047232,5.219748239601116,4.869643174749822,0.0,2.259769054949264,22.565862816324337,19.03298443464309,0.0,0.8275210623757867,0.8275210623757867,0.6495813437221375
0.9500000000000001,6.139080959808285,23.51664077345916,22.823518729609837,5.743011220465815,6.881711721075416,42.57749697931553,49.70675228747999,0.0,1.2872266528630274,0.0,0.6749216206625076
0.9500000000000001,9.2724044125112,21.544704370246613,14.181324395605364,2.5635471022825085,19.25387504480267,50.67096293660532,42.9803216297578,0.3272613322062777,0.0,2.78172132375336,0.7543689764892827
0.9500000000000001,15.903044849625356,20.76548662019426,19.79299826608048,10.296935514145911,20.02181905528372,51.99952434643686,60.294277955054405,4.63362098136566,3.7755430218535015,1.4301299325202657,0.728255502157546
0.9500000000000001,18.03142494665487,27.82704334328053,24.520242228496063,3.244408640920599,16.346828152330712,79.23844180709925,77.92819985595824,3.6187634841037455,0.0,5.053790382972472,0.7667007536039919
0.9500000000000001,14.364855862254768,25.63383761626497,29.96806136780736,9.411457289063469,31.51599842192964,66.87088073808253,88.97542187094871,5.324903466180646,0.0,1.4241020897924983,0.7121218922267993
0.9500000000000001,34.464408805372194,39.3978221625928,31.962959779175826,24.806036176447325,35.22874045226553,101.44765495129715,122.70997167396632,14.313847205457,0.0,0.0,0.6833471775309519
0.9500000000000001,45.29140985419473,53.558889430754085,55.71562323333479,35.80178112283964,57.72857478241011,162.97718434834837,158.9512812501977,2.0848426758280114,0.0,11.502580280430408,0.6767435008733523
0.9750000000000001,0.0,0.1988850482195879,0.0,0.0,0.0,0.0,0.0994425241097939,0.0,0.1469037287985593,0.1853247040227979,0.6639971565357352
0.9750000000000001,0.0,0.4598806411058778,0.0,0.0,0.0614691946032609,0.4280077253856685,0.1980674048327295,0.0,0.0,0.2640898731103061,0.6578361677965343
0.9750000000000001,1.4368638915548726,3.3434717476565305,7.046159468201779,0.0,4.697439645467853,13.539678978113225,12.572559051105134,0.0,0.0,0.0,0.7410251383843576
0.9750000000000001,5.23818835040439,2.6344105154080557,2.787573917466664,3.0020026803487143,0.0,14.18293103062709,22.637550824262245,0.0,0.0,2.9407373195252715,0.6801452528853709
0.9750000000000001,5.820342638788959,7.871033309450354,2.563363338326744,0.0,6.212386443474226,18.8181026248928,19.692661881498395,0.0,0.0,2.0205334549163743,0.7677923478743813
0.9750000000000001,10.328449912168956,15.272399870126604,11.79694989968113,11.650099900929913,5.335549954627564,41.06904965075713,44.05499962536521,2.936999975024348,0.0,0.0,0.7568352182932528
0.9750000000000001,5.707393690526221,19.868191243435614,8.345717188977021,0.0,0.0,46.57448624816208,62.8351739324915,0.0,0.0,4.145936926136971,0.6923734947121396
0.9750000000000001,7.775696135007412,18.31232785418412,14.199097290013537,8.282806752507895,11.438161705844236,68.5726246108987,50.99278987088194,0.0,0.0,0.0,0.7326911868118273
0.9750000000000001,7.976260381829722,17.946585859116876,11.436549812182324,0.0,14.19305156178524,57.710589821473874,73.13526982457105,5.571652472601644,3.9294812175190543,4.633268898268736,0.7103463929033211
0.9750000000000001,32.3733531243611,19.857261210109968,24.24992808386157,5.415616693666356,24.009234008587505,73.83290759031799,68.05624978374053,5.23509613721081,0.0,7.461516333495868,0.7206441672448837
0.9750000000000001,21.43745196835155,22.668000570764484,30.958012208072635,23.574720593595064,29.662697889743235,84.64879070282622,96.04755670412491,4.598365830069366,0.0,0.0,0.7774581978423989
0.9750000000000001,24.89232695860808,36.84064389873996,48.86008177303928,38.90315098959606,45.30403506466671,133.77847716897656,129.65346298726436,0.0,0.0,10.028051717610683,0.7092561377136692
1.0,0.0420253643953412,0.1138186952373825,0.0,0.0,0.0227637390474765,0.2521521863720474,0.0577848760435942,0.0,0.0,0.0052531705494176,0.6593657632027403
1.0,0.0,0.2493084714380853,0.0,0.0,0.0,0.1874362960446919,0.3184597262895251,0.0,0.0,0.0218372383741388,0.7513962781190606
1.0,0.0,0.222355708719777,0.0,0.0,0.0317651012456824,0.0695806979667329,0.0,0.0,0.0,0.0620175786225228,0.6842951858258842
1.0,2.895043983470336,3.259321040993093,2.6649742629296465,2.2815247286951648,1.361245846532409,6.461124651851013,5.119051282030329,0.0,0.0,0.0,0.7677838264515061
1.0,0.1161908932848802,2.6723905455522465,5.083351581213512,1.2490521028124628,5.112399304534732,17.25434765280472,13.594334514330994,0.0,0.0,1.4523861660610031,0.7193182338454096
1.0,10.665734894733946,5.608705418782506,2.620460728447564,2.068784785616498,8.045274166286383,25.37709337022904,37.00826116491736,1.3791898570776655,0.0,0.8275139142465993,0.7245823428269337
1.0,10.086943429547524,22.180713300575704,14.575897311806893,12.040958648883954,8.080116988066864,43.35801338041109,31.2642435093829,0.0,0.0,1.4259029978941526,0.680413349958925
1.0,11.635785703833346,21.966093011626853,18.446977335345547,9.195108702541472,19.24161635902197,57.66808914680332,55.05713235472364,0.0,0.0,0.0,0.7223461794406095
1.0,14.74161354785285,28.65103923413336,12.066723992798904,14.68217155774054,17.832597033692963,59.32310613208525,58.07482433972675,2.793773535278564,0.0,0.0,0.7588320717204813
1.0,17.622122411963893,16.00312883347958,30.69860900741413,19.05430903908464,16.189935784843154,79.14387839436787,67.68638537740196,0.0,0.0,6.600512281512978,0.7386448209277179
1.0,25.400211981387173,25.725855724738288,27.940233179525887,33.21566182181399,20.255040836439512,100.88443169017624,76.7216659335233,0.0,0.0,5.861587380320116,0.6836524270718239
1.0,34.692279948754575,36.46090598535776,38.09348386529915,33.739942852122105,33.39982246046765,124.27999111053848,105.57336956954336,0.0,0.0,9.251274653001222,0.6528426139913172
1.0,26.474899224484275,56.66690464381018,52.873939138869744,34.66770471515562,65.01142875467914,162.6423608518461,175.6901621888412,1.213748961580941,7.510071699782072,10.999599964327276,0.6228825085061392
1.0,74.4634666570679,75.99630074860018,53.16514033261945,47.759883273005634,81.24020685121059,210.3209724539285,202.09207364675524,5.243906102610415,0.1613509570033973,0.3227019140067947,0.6944129552537467
