frequency,596.06069902114,596.1800640821457,596.2994116996172,596.4187418695029,596.5380545877517,596.6573498503121,596.7766276531328,596.8958879921624,597.0151308633494,597.1343562626428,Max_Oxygen_LifeTime
0.2,17.793960326138805,3.857431958813693,0.0,12.194462321409684,0.0,0.0,0.0,39.69421918907875,0.0,29.61512278056566,0.45973694591830416
0.2,87.524552485937,46.30557486230002,79.10535705642758,81.21015591380524,52.44457152964953,20.521788859427364,86.47215305724818,0.0,75.42195905601788,131.02372887173388,0.971616363897645
0.2,204.7405268055325,65.41502308724492,114.2639039640834,71.78661624509323,0.0,110.22856163077904,54.37092828030728,199.85563871784868,33.769443736596465,74.76002638542217,0.9117780783164717
0.2,289.4584228622249,166.55987460787293,222.07983281049545,341.74420874236574,210.22120096139204,190.00762394587332,361.95778575788256,404.5410546705762,303.7426839531892,297.0048249480176,0.9391676774955388
0.2,98.66346916779533,50.38134595802362,159.01612318000815,88.69216111360257,33.06275828495174,162.95216583297946,197.58934117911969,0.0,102.59951182076485,103.38672035135907,0.8415457954533347
0.2,226.86700031766685,96.73951334300584,198.61563801395596,212.88400281380868,2.8536729599705435,170.364275710247,51.3661132794717,183.77653862211025,37.66848307161194,222.0157562857152,0.8653322467273351
0.2,345.61690071996804,257.08604465587376,293.9476466469718,258.3462703649707,207.9372420010735,203.52645201923312,128.85807875520953,211.4028627010928,185.88329209186944,252.6752546740313,0.7316352996703497
0.2,194.68787859078017,205.09899509296065,321.70349991738414,335.932025803699,153.0434125820585,182.88861322164053,372.7179707780703,235.63827016602457,183.5826876551201,196.4230646744757,0.6677301296999959
0.2,373.2728311531041,382.1054187215416,177.03577691520454,310.6766670811324,188.1725177623654,91.78210560246067,134.7929668052869,231.1833789651942,220.0466381180308,189.32459440172704,0.7000370427067865
0.2,407.8663472856589,23.61997461013099,370.3274590659837,251.8058007544344,46.818163959367645,414.19312619908527,216.3758388392364,255.60186810249184,377.9195937620987,645.3314491696547,0.6751327152436368
0.2,372.4098526796055,239.4389727657829,212.93618570392053,461.0571059554862,354.589013103526,152.1625533034439,409.8793102498202,514.5196246837248,121.09032019643318,348.6487332448297,0.5234310677705861
0.2,796.7306907871393,446.1691868407984,317.664236713838,475.9823352702503,164.4863361625074,681.5902554733827,446.1691868407984,321.2623753173958,562.3376617555651,649.20700804139,0.6944522570889506
0.2,781.3485778005286,546.1692962387538,481.9791864477733,625.3002074465991,262.29406931830897,534.5486729145227,260.0806172565482,519.6078714976618,591.54506350479,638.027556801703,0.6630253734709786
0.2,583.0254500493832,593.2539667169154,770.7488147711607,614.9143549540443,242.4760127656357,789.4008157531349,635.3713882891087,812.2645588923278,631.1596461318898,463.8933147451728,0.79822163316433
0.2,894.6589218211535,542.1580747000983,586.6294246151814,675.5721244453565,501.61066742457785,1107.8598052375908,1102.627881718171,826.6439160686672,524.500332822046,848.225600586278,0.7036243975064377
0.2,915.9152457685994,849.9693480732578,986.9902688402397,1056.599827518653,479.206856586127,793.5489689339097,887.3386901006138,882.2095647243153,404.4681725314101,946.6899980264204,0.7339582087744879
0.2,925.6626302665886,1033.751418524229,914.2848630815696,1379.1479223550464,600.5835678375804,1244.2401114470083,975.2371872870084,1088.20216148109,531.504267071417,1028.0625349317222,0.7500676178642665
0.2,1546.3158761137302,1490.7977663768606,1058.484616786495,1465.314043874689,1616.3961129946904,1803.8834999749251,1424.358061281917,992.0449116915632,1243.2416049272172,1356.0980902939646,0.6612667032813783
0.2,1843.799885265668,1639.6421125026916,1567.336234649127,2381.84068223477,1710.8846686231036,1476.953887332182,1850.1798156645125,1772.557329145256,1927.8023021837687,1960.7652759111213,0.5525249130712094
0.2,2133.8036585623745,1944.961469383828,2160.942655809588,1981.1467990467768,1191.8542957735804,2171.1197797772884,2020.7245033656363,1597.8084629298517,2089.7027880356395,2243.490439103202,0.5601010204217014
0.225,243.81013905066828,244.6303581896105,193.161607220966,122.62276127190806,124.87836390400092,205.87500387457536,255.29320699586364,30.348108140873517,111.54980289618452,181.4734844910354,0.8247662403650454
0.225,288.2431115867931,274.3518772934538,179.59381479245775,260.95675851059,150.3229996743514,210.6010341972346,345.2963952915779,292.7081511810799,182.32245010007904,304.6149234325126,0.7810588398643363
0.225,275.53972472527664,141.15653547873103,285.83521099819643,311.57392668050045,156.3288310388248,192.90490069262236,373.3468443180247,267.9535769452306,182.6094144197007,286.9189463953474,0.8336496532846075
0.225,289.4584228622249,166.55987460787293,222.07983281049545,341.74420874236574,210.22120096139204,190.00762394587332,361.95778575788256,404.5410546705762,303.7426839531892,297.0048249480176,0.8326921862102807
0.225,302.17205766052734,195.61341537576777,274.53436945986823,303.4003993583339,139.4167827010961,193.4638174046058,262.8651233307027,199.2984404691896,368.1954239176536,161.52693326162262,0.6972630871582721
0.225,386.4522274418064,202.75597307108305,238.575099594175,408.46948869911927,185.9965652483529,277.0231528345595,565.8764758969294,349.64725339973006,259.60651333250564,199.46981467446915,0.8245197440059927
0.225,388.1647448940799,329.00594687546175,359.7961984757938,298.5616531582788,73.34307122775886,369.4830192039871,581.2092436916668,403.73284963581926,471.8865526163301,421.0307437933088,0.8684417707442
0.225,414.9431521363568,169.02339679681523,293.09771444546385,516.3571902144449,345.1049134598691,329.874233748509,338.046793593628,263.750795001624,293.09771444546385,313.52911405826615,0.7852449718092277
0.225,456.1932750962834,375.6409576657944,265.944083175028,495.45747002471074,353.7825398705877,442.02578208087,467.527269508612,216.15546486372256,86.62410015137858,607.178272089106,0.7001181046785798
0.225,753.6715542598681,234.77202398183488,837.2646234049143,542.465661473179,291.241810053224,369.0545073956871,419.29927767967695,607.3836832560363,394.3992145300886,296.57753787099097,0.8729390368811302
0.225,759.0868818484225,342.0166176037953,666.9324043273976,542.9513804460211,365.2927485240537,375.7432562841673,408.9948718845351,323.49071748358944,532.9758957659117,752.4365587283464,0.9409197834843136
0.225,697.7209845748826,700.328312618886,527.723196105963,673.2121009612667,266.46892609698494,982.4412069798776,559.5325982427864,506.8645717539527,536.5881114555684,550.146217284378,0.8786739544765398
0.225,750.08553864498,535.5353061572822,751.7660887689011,652.053448082714,476.15586844528,1087.8761135538052,906.9368835446006,634.6877634688291,531.6140225347884,687.3450006851282,0.7488796733202973
0.25,256.8604458611649,160.01927155201778,20.421203149210587,130.50425137542365,68.6024793293793,100.19152795081408,87.26873533295498,126.99435708415383,134.65230826510714,258.13677105799013,0.8907084191471129
0.25,205.3455380674924,270.18131116137505,145.34825550300314,316.0502013800322,36.77252802339635,156.96063277354895,148.63842906299098,254.1175226037866,189.66882875225463,172.44380246761003,0.9102083319707164
0.25,238.58830818701995,222.1014556963084,209.14750016788972,317.2541472141324,89.97110930645843,322.2002029613453,198.5488092810045,283.33833637609587,217.861979341553,246.5962079682224,0.9443221441693939
0.25,376.81163342500486,185.2613524558267,238.45520613126035,337.2437915284972,225.09123304038843,247.36452152517668,292.9592532469782,203.0799832436577,258.8942237996545,241.33763169988111,0.843301338754155
0.25,420.80322411814336,184.28481502524028,413.4670451760532,356.538296585454,159.63525377982535,304.891596833159,453.9627529363782,346.85454038190056,341.8659387012794,201.5981973285649,0.8709211639441403
0.25,188.0665590569158,0.0,464.7621861751354,342.16378889172773,523.745294188059,261.5638350101918,218.3301432729693,394.9706552279056,415.66106484500375,158.72941109237024,0.8162583665516217
0.25,420.5882850719492,325.7336052749864,358.99861450933605,295.1034482572159,127.13161945009612,376.7838669712677,303.9960744881806,293.4566656218531,458.13492915824514,361.9628232529917,0.8839646218926953
0.25,262.0700882113581,232.62809494489412,326.76977711790624,707.334801191819,246.80386948059893,470.3449294667072,302.05304203001054,392.196428821158,452.170859549138,428.5445686562967,0.8620823431292292
0.25,465.8616402030867,249.29050980767096,431.1946786829551,532.4689482923235,411.32934118265774,601.4133549110077,442.880171330192,412.1083740258077,589.3383458421971,493.5173061348735,0.920458161603352
0.25,689.4011556183118,259.3160310123933,366.4156600809248,635.8513410840447,150.951445695018,610.1305640242779,523.2702349371997,511.8856286976348,425.8686037764488,436.8315579330704,0.8298172285604452
0.25,688.1084201519877,923.689059159535,407.2750030299967,486.2455373865747,417.0354061527208,317.65675617590045,483.5836092621951,592.7226623617396,789.2616888783905,419.2536795897018,0.8914172453042928
0.25,828.4359495594771,480.2249961649604,595.4981277145162,690.6821657990064,413.7396630305696,358.7338118762135,863.8310189979286,468.2672024357552,347.73264164534294,630.4148854038035,0.8738477512417712
0.25,674.885485411824,777.6415769167621,466.7914910576009,879.3649438839573,711.5472065015229,982.1210353888954,939.7793293416348,628.4128812136128,372.29719585457127,616.5365490296217,0.9391192474088602
0.25,1005.409148275408,554.5579232615714,868.9529663704911,777.2544121303897,827.4702870713979,878.2319867400247,685.0100331626699,602.5904992921019,532.7249341567823,895.6983780238545,0.9311141893419929
0.25,1029.2202774434606,1154.2487970624718,876.4076423535539,1202.568997881412,1049.1523602812738,903.58775531421,1188.6769401459662,500.114078476049,957.9479812355174,710.9109545486807,0.8825515117549522
0.25,957.501774128408,852.1765789742806,931.3300589688962,1043.676933799964,1192.4088760479094,887.923311875074,950.4800944514636,1067.9336454112183,1221.1339292717585,654.2928789877413,0.9153880401320287
0.25,891.3663349362358,951.0141573492614,1137.3298273584855,1060.926998649669,1329.6772996342015,957.045959615744,767.3792883473585,1066.958800916156,1035.4593890800606,1060.2567983978342,0.8366406301068983
0.25,1113.796954487956,878.19962529291,785.7946848002375,631.3161964957055,1106.0377610114697,909.9417804239756,1347.278140007592,822.4745085072559,1016.45434541934,1244.292481137904,0.7023520808996986
0.25,1317.9143759198314,1597.4719708119153,1014.2439965626556,987.1171140394345,519.9319150284034,1244.0689734955015,1389.499204800549,953.2085108854116,1158.1671788386332,1800.1700652215352,0.755610973873429
0.275,145.31844768361998,141.09407420444458,134.50405157693038,188.57603211037053,98.85033941269398,158.16054306031057,195.50400461621803,212.90842335041964,126.73120437524844,185.5344832053651,0.7349682530279553
0.275,395.7297558888337,186.06888988655905,254.998489668128,357.57229886689305,171.09311374353842,257.87055632569303,180.5299041898247,180.52990418982608,252.3315706289601,256.0242277601149,0.7725901930008846
0.275,376.2489732310331,270.09722529751184,239.19527201019812,262.31276378238715,174.79654493052973,41.04534253429432,255.23598058681932,198.8576077954608,199.8011788882028,280.00472177130735,0.7802447031227839
0.275,334.10487108419136,246.05653324273635,166.25441435319925,265.2090417762251,364.42967626221554,374.2719375919245,330.38077220268013,350.86331605099537,238.07632135378304,330.91278632860934,0.7744336608163489
0.275,535.1152501858486,216.08121400121976,461.4920110663173,296.88720815680006,330.40673165837603,422.8847027475404,361.23272202143016,422.8847027475404,419.5926066893488,344.4729602706432,0.8173128926325012
0.275,357.54372055990825,255.25094310824,344.7170400017057,554.4332671283236,557.9606042818308,368.44639903438,422.31845737883424,548.6612608771333,556.6779362260088,419.432454253238,0.7840962965634557
0.275,481.3207820294355,348.29242518713033,383.8818297449412,440.89398267735737,286.78840566003646,408.0688037162688,327.5607332117044,420.8533471011154,342.07291759450186,375.2436247551801,0.80167380927598
0.275,491.89337826334446,316.1657292205098,424.5551193063544,384.5842811019413,71.29933301328019,423.4748263819106,480.010156094462,432.47726741894434,586.5990579729042,604.6039400469646,0.7916037598162216
0.275,564.0848709648246,436.61237644368,460.2749353068841,620.9513430715616,141.21204482881294,315.6280029011561,585.075850601538,570.5729919434453,683.5426278064947,440.42891819581,0.766825166377979
0.275,821.9905995595191,216.73334152923613,504.0310268121731,595.5966633497164,473.78916520344256,480.089553038593,617.8580337005869,697.2429204235079,635.4991196390134,357.44200318096443,0.8298172285604452
0.275,626.5242266050914,443.4603138104376,327.68003483529566,685.0697261623287,464.8687427530106,297.5334716304484,650.9910025394571,599.4360103920397,490.209332113605,723.9544236294503,0.8419934897076728
0.275,883.8549536768353,437.2999639919407,531.238474775395,55.53015415770498,288.294050335428,625.639736843496,804.7244840021006,475.2455693330435,368.35002257945297,349.8399711935513,0.7573560230931569
0.275,481.13687677540287,722.6892351565064,575.1012361456457,734.4962750773741,601.1751159709002,473.7574768248552,603.6349159544127,767.9495548531729,495.895676676485,762.0460348927342,0.8159663184531726
0.275,573.0793378221582,753.0116888988085,404.587772074082,613.1220864721622,601.6813011435916,611.5619793819019,1051.512178835214,588.1603730280051,650.0446209416491,938.1443969429884,0.8465959102028908
0.275,946.2932235306668,819.9704094240715,456.2283777331968,865.6496413108292,820.5343505584747,655.2995981779686,969.4148100412474,926.5552838265138,579.1675450333687,840.272290262628,0.8661823154686811
0.275,1152.514259953996,506.7242914039062,703.0874149279155,677.4229337378476,668.4702077413145,1143.5615339574588,574.1681605778047,721.5897153207575,664.2922689429279,657.1300881457021,0.8753687785904483
0.275,881.4789452678277,806.0482858778649,971.8710577599264,875.8684003545195,691.3438120947781,852.1794329427983,1030.4700824099812,713.1625978687354,1018.6255987041184,1070.3672906823558,0.8164756490907241
0.275,1275.6908194346136,1088.7644011627035,758.1997877976372,911.6762154314182,699.8262747232521,1156.320264608335,1191.0820195852202,951.6850277633024,1012.0261873458088,1092.699694178951,0.8361569321063043
0.275,1265.4937414810918,1298.0511867317236,1259.8315770896747,1301.590039476355,728.2958948456608,1026.97506649276,1066.6102172326594,946.2892239151104,1033.3450014331022,1408.4633923642991,0.7819711433974208
0.275,1265.6701586029203,975.2368199369048,638.3636327024616,1270.8301417771888,813.8030606276207,975.2368199368998,1374.029805262572,1254.6130518009174,1017.2538257845246,1171.3161805591335,0.8320106428086772
0.275,1171.4933288974494,1040.895532444384,1312.9742750549356,1530.6372691433774,861.3235623214149,1343.291620660112,1452.1231177043358,1065.7713031973503,1117.8549482113635,1027.6802792318672,0.8289673586522995
0.275,1317.0037584396136,861.7732541360879,1372.9946760812236,1740.5872223370116,1471.181647597671,1854.1919827692652,1319.4381461631624,1295.0942689276803,1169.317569877683,1306.4547449709044,0.8365105221819555
0.275,1963.6382047475968,1288.610903593601,1538.652621973019,1466.1149221018557,1207.5393566787716,1007.8473358569788,1734.077719272976,1356.8816799429285,992.4864111783766,1321.892907063894,0.773445122916722
0.30000000000000004,192.90366909191397,119.10830574802785,184.99188549753995,194.0544739783679,70.91835112775027,159.8180286063509,175.2100439626775,168.88061708717888,168.73676647637143,164.85279998458813,0.7407217240849905
0.30000000000000004,279.1471810797406,169.50945627041574,291.5410108407936,242.72838901264245,112.3071650655516,257.21963611787464,235.29209115600992,215.08061493029143,164.9332729740257,227.0930960833128,0.867026873689901
0.30000000000000004,409.06582910771806,216.19487898017496,207.6726742070969,249.1623553391853,292.670453391212,270.9164043651979,377.8925011219865,315.99438224384534,333.9358659766394,123.79623775628224,0.8479892845776956
0.30000000000000004,211.25219720519092,304.18285126420574,224.4554595305139,233.8500884927652,266.0965176334618,206.1740193877569,283.36232221273093,289.96395337539496,272.1903310143802,414.88712768423176,0.8758760872989872
0.30000000000000004,490.2445812906076,448.9732395102793,297.44845611678835,466.9557527145637,349.3324286406295,281.8243052999504,485.5278565157108,251.16559426313697,254.4083425458763,596.6656840241644,0.797632544766235
0.30000000000000004,557.2812368916285,386.0839231194607,378.3169372394365,575.0805795333455,283.17136020916024,309.0613131425683,306.4723178492283,568.2844668883265,364.0774631260625,493.52722779310704,0.7840962965634557
0.30000000000000004,571.5261868709987,366.08660290440565,537.5107803453798,611.603745054645,325.3354723143107,395.0502163816603,369.11767873341927,420.30918162345705,326.3458309239804,467.796036278028,0.8105519957228438
0.30000000000000004,275.0904006061874,508.0002731194264,351.74892557510964,532.208228372768,438.6774921666664,491.1280618822445,473.5222762434501,480.4912330588074,526.3396331598358,316.5373542975184,0.77806321886658
0.30000000000000004,502.4694110514101,549.8062976523918,635.9439109754915,507.125498258065,307.3017556391647,456.2965462520895,467.93676426872673,444.6563282354576,491.21720030199583,493.1572366381004,0.6703456165782044
0.30000000000000004,563.8630524045022,465.3518904712596,690.8146753142847,547.3758286499824,309.95980658492886,384.15231348025816,558.5047046842811,594.776596944223,790.5623790291164,513.1648393593567,0.7814791732500574
0.30000000000000004,630.027999719218,281.02279850018715,560.7465701968292,911.9168160884332,368.9236122067173,548.6223200304099,675.4939378432852,679.3910182539203,735.2491708063448,765.1267872878744,0.804430205528871
0.30000000000000004,622.1672551687675,708.9920885393341,428.552519791619,663.9546081278625,539.0568531723414,589.665980645024,498.19810805678026,537.1996374852712,350.08515701287325,815.781990545913,0.8523502692667881
0.30000000000000004,820.3696358404912,778.3507032730503,675.3042734052777,626.2821854099344,227.6025514069656,773.848674783681,818.3687342896582,783.8531825378329,595.7684367597686,820.3696358404878,0.8192687141174579
0.30000000000000004,932.1589611411744,469.6845152269338,598.4357529536145,839.4580699779633,761.1773174401421,696.8016985767983,658.6913322097025,579.3805697700701,577.8355549173461,852.8481987015384,0.7077329333746215
0.30000000000000004,858.6153904600221,679.4837829203905,865.249894442969,1022.2664887061036,540.1591992784548,1036.088372003912,747.4874487456188,812.1738625793756,789.5059739709637,601.5283611207363,0.7396000724320938
0.30000000000000004,1069.1101040305964,987.7647700282675,654.8299387187357,909.9056646260392,619.3866146177237,745.4718823213309,902.9332074258382,861.0984642246409,1238.7732292354474,852.3828927243898,0.8241658209092182
0.30000000000000004,944.3652638847896,929.7239419640964,1339.6809557435404,691.802460752812,857.1273874406545,1118.230961693036,1203.638672897088,678.3812489921783,828.4547986792919,1134.092393773789,0.8088869096929134
0.30000000000000004,1094.4230964426474,483.7620632303856,1236.1376822092004,879.9187461687193,896.0226763694618,1186.537577190907,1333.405420621701,1243.223411497531,938.5370520994286,1294.7559881399138,0.7500953902929088
0.30000000000000004,706.7728143535242,898.1619710449983,1036.919109646314,1617.9219067454403,697.2033565189471,1119.6265666451309,1297.3450692872186,1097.7535201661085,917.9844194166114,1315.1169195514274,0.8399572348441947
0.30000000000000004,1717.4127362643549,1384.664018613135,952.4484799866068,1009.6955711954168,868.7246090937181,1213.6383336268093,1567.139121841224,1394.6822595746808,1319.5454523631106,1322.40780692355,0.7962337857581046
0.30000000000000004,1695.4808102432005,1370.8301149133654,809.3929032649759,1844.4031475504592,1030.5425741662648,1198.0802036369332,1119.151364864085,1010.4380586297852,1326.8980254077176,1472.0973042823025,0.8213576247342389
0.30000000000000004,1651.9732947963553,1136.3193915819318,1341.6405506125986,1854.159779643349,950.589946199231,1328.318185331984,1762.4705597708744,1581.443125663686,1192.7435268880693,1639.4345980616577,0.7957711616736298
0.30000000000000004,1297.6021974832047,1005.5400100872964,1068.1828747933794,1304.9240907605354,1359.4315184918078,1621.392589080892,1688.1031722743858,1668.5781235348284,1099.9110789951635,1378.9565672313654,0.8035843122847343
0.30000000000000004,1507.8586879518728,1540.60076231883,1254.5384283759563,1897.3170462114424,1095.9978577570175,1600.0534763009264,1450.1292410417122,1192.5008137859422,1920.5811516826984,1310.5446082141698,0.7433503506397324
0.30000000000000004,2008.15766011456,1893.0403420188168,1566.874607414223,2097.6933519667955,1637.2240795838443,1725.8461419273858,1693.869109123012,1849.1861256013967,2168.042824136417,2240.219555323428,0.7786844305942255
0.30000000000000004,1992.9032115098885,1364.3648951594623,2064.1122352655952,2040.3758940136888,1469.754250317912,1533.3676448730128,1767.882696441831,1734.6518186891694,1528.6203766226351,1929.2898169547807,0.8174794864497246
0.30000000000000004,2430.344909410696,1321.9737599589191,1845.6446760409308,2124.213979144706,1634.0107531882347,2269.896865573536,2184.2589526052407,1520.8112130577315,1753.1163562820766,1813.1613297426109,0.8171196267616777
0.325,247.4271945546032,150.44330376360168,120.32310353420056,215.5723231078024,133.25428897300174,155.01652788220187,212.57607282320217,177.09416155820244,202.48344028560155,178.19804324200126,0.6904838691894314
0.325,281.9936708750229,189.616433864239,257.3237264881273,274.43062223086497,129.65226247127518,265.0668477190505,191.4171597318956,238.2360322909678,258.764307182252,242.19762919981144,0.7902560967884147
0.325,248.91836227410175,296.81049664858443,74.8566133920491,324.78111294292506,113.69351227555896,284.73684932728514,342.28790155880824,236.64348749744795,216.92319687265916,307.2743243270418,0.7698843571903901
0.325,301.7303341234895,418.2970609788275,243.9266691602448,368.1685714463873,203.1522996840974,173.1711456575188,246.0853122501589,353.77761751363,299.57169103357546,463.8684150992274,0.8540364758011214
0.325,599.6465760265858,389.4611782440713,315.2780966737698,572.5638637072684,366.7941255420344,360.6122020778416,241.0950151034725,441.8603390357899,401.2362705568148,440.0940751888776,0.911080856110562
0.325,615.4388380397686,308.8537191426536,375.2912977620059,607.3366943057003,278.38965870255913,259.26859949015983,444.6456481256231,393.4400997263192,490.3417387857637,423.5800744170472,0.8393893428768292
0.325,481.93143377671487,433.2008203985478,431.767567063894,529.5871071538903,534.9618071588337,335.38128030855154,643.8890605923815,468.3155270975205,434.6340737331993,318.8988669600544,0.853862127489083
0.325,673.834604207857,403.0907340547551,504.43061841373736,380.78083413990464,403.8470018484799,616.7363857817119,526.3623844317242,636.0212145216685,533.9250623689614,617.1145196785756,0.7881536447098433
0.325,863.5195445425896,356.28296997574955,585.5539016799607,628.9733524628832,330.31245735792595,384.282428891839,551.8733931287234,739.7538203482806,438.658189685402,637.4949269156051,0.8422857745123126
0.325,604.8649309388036,459.76483592977416,740.6853687088798,657.5902561601047,485.9165972395385,621.3152324078479,617.5190089919133,683.320214868105,794.6761017354951,598.5378919122459,0.8507270960130764
0.325,632.18665239399,643.0396421346584,571.1385851027225,787.7461720102476,606.4108017598985,601.8887227012864,442.2593319322741,736.6466786479309,553.0502688682743,696.8523829321429,0.7855066817485893
0.325,837.4834135785318,508.4028361365049,517.6112764478403,552.5064186802825,624.2353221580729,620.8427388854719,798.2263785670372,762.8465815813709,750.7302127506617,486.1087174880024,0.7770964449164884
0.325,988.027303563267,723.0701351563309,1000.6683898422216,812.0633825601882,539.0159189347194,758.9708201885695,933.9234542893304,910.6638555360532,640.144609166374,1031.5126403628778,0.7981384129485255
0.325,944.1757451788454,900.7337627274022,726.415934409583,930.4282823777544,910.0820374321426,1065.153417828435,985.4181335821116,700.020805831493,375.5806837257709,844.6441144989527,0.786338007417429
0.325,1047.4027580879158,942.4846549857308,896.2495587034109,905.1409233730892,701.2322936151701,374.0300737710648,1009.4662688306266,928.2584715142492,871.3537376283155,685.8205948543967,0.8731201779845464
0.325,1467.0280270302794,719.8421008228314,1279.4366668335122,1288.9752105723326,880.7255385509062,1008.542024651068,1120.4609378532057,812.6839265473329,1203.128316922967,831.1251111090452,0.8598952948851466
0.325,1339.4021420892227,913.4696112468052,1181.085073860081,1305.6190020068516,800.8591443055741,1043.302855484926,1016.1438605167492,1159.225394983254,981.0358914115384,1194.995778599878,0.7899872613901785
0.325,1435.634602496027,1352.0865169967458,1386.8982192881083,1153.659813935942,983.7787067540668,1176.6355374482446,956.625578966799,948.9670044626996,1299.1727295138624,1271.3233676807686,0.9136288311130605
0.325,1326.6401617736965,1130.8698975432549,1144.959424135598,1404.503335047166,1057.4560484568412,1403.7617810159868,1136.80232979266,1402.278672953638,1430.4577261383197,1436.3901583877296,0.8563762312848724
0.325,1591.891654134336,1204.0631482006263,1779.9533642550996,1581.747246534455,1176.751281585575,1669.9255587487562,1818.189977516175,1410.072656382719,1369.4950259832103,1186.1153501393028,1.0
0.325,1919.0078474936763,1519.8742135599082,1406.550259040088,1842.3475253185004,998.2507170201542,1935.673134923055,1555.7045815330796,1796.5179848876965,1479.877523729377,1654.0297773664506,0.8517081958335102
0.325,1549.076705612258,1979.1319949890285,1733.3861153451544,1836.0727864820592,1727.2424683540585,1849.2377443201203,1875.5676599962544,2020.3821962149675,1148.8619873350924,1729.8754599216718,0.8584751997628941
0.35000000000000003,319.77248156941096,191.94730872711733,279.7485340073147,385.3614636999643,237.83864127213644,283.9395232808324,369.0166055332445,305.73266750312547,189.6422646266816,417.0034327150239,0.8523549816245227
0.35000000000000003,359.5290811495132,272.9409254799973,217.41156477889285,444.2348856088229,286.35267785272066,332.94087030534024,358.8231994456855,391.9996395255832,188.47041492196297,423.0584344939948,0.7463067162827757
0.35000000000000003,519.5793528244457,406.0201737842137,454.50019453456736,418.1401789718021,260.3166331595082,333.56362103232584,243.71749561998527,294.30534335948573,358.0671097811454,450.2845405562755,0.6192042971891081
0.35000000000000003,295.0732548261196,321.71960388361134,415.1220695272394,384.8293779671434,325.92692215584583,420.4513393387381,337.7074133181057,558.7318665528808,278.80495750680825,378.3781566163822,0.5540864987958815
0.35000000000000003,385.0319266785552,376.5937269867368,439.7239617181218,452.8500501276185,335.3403062711758,500.6665150479246,437.5362803165394,482.5400120062408,389.0947635672068,422.8475623344828,0.7302500020489329
0.35000000000000003,646.41680862752,512.5161839832477,477.2271031040915,444.90626267271534,556.3801817115448,531.6448446467136,674.779995128523,513.5055974658411,423.7987750440628,575.5088423750107,0.6804298684094228
0.35000000000000003,410.2038772110109,464.64344502346137,283.9872996076208,590.1665249477088,308.953216056645,495.5040917451685,587.3925342311519,578.7238132419074,455.2812263550765,581.4978039584643,0.8338688810904584
0.35000000000000003,719.9641816218337,655.0493783608481,493.13120431782056,515.6300849935038,363.30159779585176,630.7063271379766,878.931682789358,658.7377194552221,721.0706839501437,661.3195582212836,0.7947853517880402
0.35000000000000003,388.8789910588896,741.3372911122648,579.206473087711,749.1696977801147,314.4711277142883,699.0422951058572,657.9221600996303,755.8272434477917,639.1243840967827,646.1735500978516,0.872504444314464
0.35000000000000003,662.1892225119042,437.2710615448629,796.6375086765572,619.8861792015263,412.1405407664206,651.7181721875502,536.1177766067252,712.0314220558099,649.2051201097057,605.2267087474352,0.8146116015808736
0.35000000000000003,693.8531959283378,750.4124744154335,667.1322769580531,768.2264203956212,521.5032685700128,501.0172306927963,744.1775933223684,672.0311121026069,733.4892257342533,488.99281715616985,0.8459107878036762
0.35000000000000003,704.5113037820172,1008.6994838263904,793.9502812478909,616.0288929200515,520.3722325287392,583.0273450850489,726.9906189739713,768.6012662441968,700.6850373663597,792.9937146439764,0.8494062754673287
0.35000000000000003,733.6398487090698,793.2513545913472,955.8757259017652,1018.1017715157228,984.6356629502326,1019.1475874083924,908.8140107315484,636.9018786369559,736.7772963870815,1098.62959525143,0.794213019500791
0.35000000000000003,979.016484483752,980.66651226659,850.3143174224025,1069.7680125398288,694.1116873137613,964.166234438209,848.6642896395645,1100.0185218918557,728.2122614924054,1244.670957520634,0.9166130334041646
0.35000000000000003,1481.592807686584,746.3385215777815,1076.4024222095372,1294.39238643275,738.949031265129,662.5909647010649,993.2706561922108,1208.181666118488,1233.429091353378,995.7338196297604,0.8443615931248561
0.35000000000000003,1356.9335849057768,991.2446720930676,1176.768168153727,1056.88114362355,997.2725113152516,1127.2059345490716,1169.4008091043836,1169.400809104388,1073.6251414629617,1110.46193670966,0.5672028010280062
0.35000000000000003,1358.6327893899288,942.7979514763882,1372.254965114679,1039.5870947838491,1147.130587347697,881.8566390235413,1391.612793776175,1104.11319032216,1013.776656568526,1486.2510672323588,0.5053471891170971
0.35000000000000003,1663.8855975893052,1263.1068660386677,1566.1909739675557,1448.4958762185183,858.48188946355,1209.2594356959685,1241.5678939015872,1390.8022008513487,866.1743795125063,1395.4176948807185,0.582362436670972
0.35000000000000003,2389.383290441549,1826.140083854956,1742.533670377259,2250.3326238154805,1391.386733770931,1696.770159842098,2143.844455070203,1829.660353896127,1300.7397802108983,1607.8833413026507,0.6153543183338227
0.35000000000000003,1741.9301210501965,1696.48846571845,1300.7673838711753,1669.9808334415964,1744.7702245084247,1816.7195121170184,1570.5772124034063,1913.2830296969803,1730.569707217252,1730.569707217252,0.6006659417228113
0.35000000000000003,2220.615262828354,1856.8421054613332,2220.615262828347,1962.7760468923864,1287.1973260679206,1945.786641191181,2131.6707270985,1955.780409250714,2193.6320890676084,2323.551073841547,0.6004280235961192
0.35000000000000003,2580.5845486503786,2385.184957191662,1844.8341316493795,2351.3448044809293,2565.301899039084,1923.4306153646196,2155.945213022205,1759.687940957875,3018.323298231088,2798.908114526045,0.5690224900158267
0.375,264.283209572373,278.9011570728638,314.4018867169127,307.90502116113976,335.5166997731781,365.91274933769154,348.51043088472574,362.8963474725108,282.61365167616174,353.38308005155545,0.45973694591830416
0.375,360.17495827481486,200.7962285578669,414.6992605464017,415.7478048208567,249.8156733885731,453.2332626325722,368.825448539057,471.58278743551153,375.90312239161847,433.5730574865668,0.5843958185975948
0.375,429.26816007200887,408.88075405275777,393.0238827044496,473.72403153065176,214.35092161907,349.13432807967365,372.63647668519855,456.7345265146098,551.5925961875135,528.6567644158556,0.5565096326650063
0.375,488.6963152923566,303.1114476539324,464.7498807583666,436.3922609154821,443.0090388788228,435.1319222557988,374.9507512559025,683.7337228784104,504.7656332033227,590.7837467267371,0.45284481909635943
0.375,721.2983383432846,265.88248869292806,377.39239893819786,531.4301127905256,328.8370326151846,468.14070427293865,689.4862017868259,525.7374146698967,473.8334023935677,439.3423490744608,0.5545697635220345
0.375,594.978193628973,483.7161770398644,466.2060891832144,319.55910338380045,380.47961738505023,617.2305969467933,451.614349302676,342.1763001986359,474.5963396145242,515.0884177830198,0.47333689335885143
0.375,444.3337985156891,448.4935191826436,502.56988785306186,733.6234630812211,476.4770945785238,566.4783235544683,444.71195493995447,644.3785469538147,577.4448598582576,453.7877091224043,0.6010148331222689
0.375,701.4283674196063,591.8039339486371,742.5900320945267,767.7910512832541,748.470269905232,774.0913060804374,831.2136162415536,555.2624561249826,375.0751689255719,652.2863800015824,0.45973694591830416
0.375,696.065136118264,577.6419560603373,558.3433637545992,585.0982303602804,402.2002078263703,584.2210216191094,611.4144925953746,716.6795415357572,662.2925995832238,823.2604035878887,0.5700746016935583
0.375,832.7567360205712,591.5835756738998,727.7754779873126,647.8573130881226,573.6138107853228,957.5993131412004,594.8937955217949,804.8563115883122,811.4767512840991,616.6466688079621,0.5375525654655853
0.375,1018.0991992347208,582.3589153783228,541.717259623122,960.9951006419695,787.1105481703503,1066.9720764086933,668.2722889367859,799.4573802985116,959.451746625949,1019.642553250738,0.5236081754723285
0.375,1113.7238644307542,791.5588636466389,1055.5929115068027,1031.688594416583,640.5270420311508,885.5462922059141,887.1761320075204,689.9655160131997,986.5963599054858,997.4619585828584,0.6013944016440795
0.375,1410.299252806239,1189.1105368705032,998.0034863020288,1246.3246847258774,547.3683423689614,1000.3628326053424,937.2503189916785,1082.9399532213508,1056.987143884889,1380.807424014805,0.5569846167761031
0.375,1084.6289844493017,777.7890166746577,924.9212963043004,1084.6289844493017,980.8818641976304,1164.4828285218018,1173.285614482549,1049.41784060631,885.3087594809356,1320.4178941121916,0.6178536516632939
0.375,1562.2305198313209,865.1830024861056,1042.1677236870382,1543.170626778911,940.0611537634214,1338.276776465521,1074.1611155964365,1274.9707031128853,1402.2635602843218,1633.7051187778522,0.6236118095029126
0.375,1595.9469494785808,1156.4294065420306,1473.9826905249474,1546.1200875889858,890.1903534603251,1578.8422058448357,1053.057260233769,1398.1268709318426,1602.6401100309106,1408.5384540132436,0.6901408819186805
0.375,2042.0752843068883,2045.3231177610533,1261.7832969434978,2191.4756231985198,1358.4063422049353,1636.9080608996733,1766.00944070277,1821.222609423599,1463.9609294653328,1526.481723458026,0.7005711035186568
0.4,416.2938038457598,260.0092026254522,148.37734461094584,186.5182294325685,109.77132704759704,437.9224763360696,320.0113263082493,246.0552203736395,331.40707848056195,288.3822998708053,0.9743644205180163
0.4,516.254488949463,396.5664312332047,300.01806467542207,452.15488470586575,326.34943737299864,386.4594396927199,339.11616352940024,345.4995266076019,355.340544686492,523.169798950847,0.7248558477265435
0.4,532.8212740152658,442.77118783974913,489.1424946743148,431.40273842224127,439.4803209031011,509.7852054587353,580.0900900143716,415.5467431820345,410.7600276378187,583.0817872295049,0.8291139271257634
0.4,650.1304868558017,497.00594104944327,518.7418405600903,477.5409564130427,324.7408270172926,442.5039840675204,462.29338511452704,593.6820314102383,402.27634915229095,545.0195698192326,0.8373113939085657
0.4,642.0961068444278,320.1636235229786,755.6569059061673,548.7003094852373,521.8136405485014,566.7426794296249,677.8270747735097,617.6858416255488,418.8660002775762,705.4212876296343,0.9038360119441948
0.4,520.1847769555628,441.3915336406868,326.3758040625697,810.3380947548967,243.8482838133394,691.5880882424281,438.0306843997672,559.0212570728489,349.528321055567,643.7893434826924,0.8914680187822625
0.4,619.1848568738151,568.8609900927836,541.0822156296542,776.1953212306345,411.4479348017168,567.2506263557885,524.173396391227,610.3278563203554,407.42202545923175,596.2371736216629,0.8359040809206278
0.4,735.3986288731649,706.0702311740549,711.323078523147,505.5865573502988,575.1867847257961,636.0322665194673,770.8553484795474,694.251324638594,417.16362697388166,658.3568677531152,0.8708120897313306
0.4,513.0352166099527,689.2199084350796,542.7036232644404,703.3694562241426,682.8297900787256,920.1770433146476,822.0430828421022,681.0040419769115,725.278433445918,471.04301026821,0.8537678237425901
0.4,907.1606814397608,766.7318165135398,779.4535952176575,706.0587180785176,804.4078534449662,730.5236771248965,977.1304643124048,338.10573402096816,727.5878820393303,758.9030296186979,0.8770497712764139
0.4,1117.1692752302963,901.6135972475662,1084.3435374664264,960.152829593128,957.9644470755376,952.4934907815598,659.2502334243401,1057.535851625938,877.5413895540612,819.0021572084959,0.8785762174611224
0.4,959.8344739117872,848.116994011022,1441.2139815470052,971.5326393464215,799.5696074572888,1326.5719602875874,1019.4951176284204,975.6269972485434,1051.0801643019363,1404.3647604279067,0.8372462050235656
0.4,1093.5821454980114,921.7425478229916,1270.4758489870003,1064.5210370676773,849.7215399739014,1107.4809364864288,915.4249155555278,1160.549047533132,1236.360634742697,1210.4583424460927,0.8939331446856179
0.4,1452.5281924564156,1194.571070411624,1277.6305625883483,1114.2126999316984,1316.12154676781,1397.8304780961307,1242.5159805298945,1235.0878958636847,1003.4667103627296,1553.144975662367,0.8182358075795448
0.4,1448.9424759948022,1487.92747534892,1581.0583071393162,1534.1319190278746,760.9294318378287,1280.729423226094,1568.7852517870942,1409.2355322081971,1320.4363670126988,1882.8310799175028,0.8137164261077712
0.4,1687.7813754888643,1244.1182565643996,1436.475692741441,1335.6431657131525,1455.0909285005075,1690.1082799587432,1381.4056202875286,1507.058461661243,1417.084822159076,1499.302113428293,0.7949590313398263
0.4,2345.438376658292,1555.8435872180485,2201.1934996010973,2018.5944933841868,1386.5851476653877,1347.397233089158,2116.981172533024,1559.1787288841151,1614.2085663741364,1850.169839248046,0.7857342037393725
0.42500000000000004,302.7565324986012,303.4384165808038,198.65556261544688,312.9847937316609,219.11208508156935,219.33937977563693,370.0357619427325,385.4918011393597,368.89928847239327,292.75556595960745,0.8050210241815935
0.42500000000000004,509.43182197142073,337.5326349853418,574.8134461816542,537.7638591291882,217.39390049903287,580.5343383000509,454.9471351295558,494.1761096556992,310.2902915644093,436.1499181691132,0.7768435192056238
0.42500000000000004,364.503571774435,351.6627734092836,182.10586772397644,461.1013958395575,266.73840240338995,326.56484933193906,463.72792277788267,452.0544697186557,355.4566456535312,358.37500891833844,0.7826324058125824
0.42500000000000004,659.8956557538221,369.5927219241371,599.46916402055,723.8390332493453,323.8732070148357,501.31607956491786,514.7441888389785,644.5492451548953,432.5769487572272,571.3340779225184,0.8461608306977746
0.42500000000000004,711.8448942866548,312.0076377445495,554.9556961926312,812.778125566106,480.58384156566734,539.0188702011383,547.1643590412343,475.2715662351713,446.9394311391836,533.7065948706398,0.7824619773550663
0.42500000000000004,524.3654438466857,484.6121069485617,665.9630438457154,640.2180256640751,539.8881753973806,463.41032726955984,534.966333686184,478.5544556117045,370.27393796538354,575.4768770014136,0.9110407803032047
0.42500000000000004,624.7485119824987,558.8162365866623,740.5320199946997,416.0969819188465,623.1404077045521,617.5120427317348,545.1473502241092,757.819140982632,613.8938081063528,785.156913707733,0.7947839548334689
0.42500000000000004,708.7792489728884,874.7269653491743,816.5816018106794,495.29663685710113,434.180342334888,587.8199160643388,682.0408701194181,511.4245479115753,572.1164237218265,708.7792489728856,0.852644416160131
0.42500000000000004,693.0246431354179,669.3314929427537,462.01642875694426,719.9072558540173,802.8332815283424,744.5116810540899,969.5966078843976,942.7139951658012,628.7797551130026,759.092081172653,0.7565355482554537
0.42500000000000004,899.1968591866708,954.8522083828316,833.378359267731,648.5058080248327,746.7495983450128,684.8027748918914,772.399454931069,1007.6038002296268,632.5351426033228,815.9558151715414,0.8616430387169728
0.42500000000000004,853.0433799165058,694.471512361473,610.7371928604657,613.8772298417541,655.744389592256,1007.428531496483,903.2839716171052,851.9967009227419,529.6195708438632,1199.4941268519167,0.8594104259235139
0.42500000000000004,1023.4738222792444,898.4650285931563,1053.7270919840958,782.0184810499527,478.9149675919053,942.9887085361472,1029.7528027840235,668.9968319639027,1009.203412041105,1122.225061127155,0.8319714442634475
0.42500000000000004,1497.7076495546828,983.5600562746592,1409.4630089917189,964.562946153464,852.4187154380352,963.3373261456436,930.2455859345356,1411.3014390034514,1418.0423490464536,938.2121159853584,0.8606791711072438
0.42500000000000004,1199.925398720705,842.0986502700423,1188.193374181337,1516.038282142505,755.4120245069521,1111.9352146754572,1289.8709201891725,818.6346011913104,972.4544784852192,1265.7550919693658,0.8722505059127653
0.42500000000000004,828.1921221206298,1165.2388736038763,998.4746145192602,1506.507505063949,975.2542746467242,1457.2522386676471,1267.9712863732975,1088.5413873582118,1173.6826335575245,1410.1079122597628,0.8111144096326467
0.42500000000000004,1557.3679144393818,1589.6878084166465,1210.116960544114,1472.4342395688918,906.4602822460888,1204.8555824547925,2030.140317037052,1187.568197304162,1409.297702497028,1393.5135682290584,0.8369905623372914
0.42500000000000004,1571.402960612678,1605.353024576533,1639.3030885403828,1400.035971080841,1807.436738647092,2308.6043495420813,1592.4196668760164,1488.1444704156092,1342.6441962847998,1640.111423396669,0.9003047343044643
0.42500000000000004,1811.5525389449567,1607.9284163503678,1808.0417782105635,1994.1120971332057,1465.7426066075918,2052.039649250631,1672.8774899365692,2076.61497439136,1972.1698425432692,1749.2365359095425,0.8910419476384728
0.42500000000000004,1939.9392625892751,1879.490531971679,2283.102056403002,1947.379106357592,1425.6600621041978,1712.094047184487,2143.604985747012,1544.6975623973071,1634.9056680881756,2071.996489476935,0.8319100900187415
0.42500000000000004,2466.5832848676696,2117.877124013195,2432.7382751376704,2457.352827668579,1869.6803859932452,2558.887856858556,2143.517282899549,2494.2746564649347,2098.390603259561,2705.549565688522,0.8515332226171272
0.42500000000000004,2634.5820993251705,2739.076072884905,2403.361391873844,2774.6484894158725,2024.292828215673,2760.1971952001645,2961.403676203477,2034.2975703650109,2564.548904279812,2645.6984794910995,0.833292264809196
0.45,140.16595113890375,91.21911105865212,81.51064691050252,0.0,0.0,0.0,46.51972404321423,37.41803890432568,109.01796199692797,0.0,0.8511489064454287
0.45,142.544979039895,17.060501428396616,0.0,0.0,0.0,66.22168317601498,139.1777748106041,0.0,0.0,0.0,0.930240492867139
0.45,73.42775669610134,73.69971135053419,0.0,31.274785259450734,0.0,98.4475849036644,0.0,49.22379245183375,366.3229195172266,0.0,0.7871852803205086
0.45,175.0885802438322,131.46089770782768,0.0,30.048205190359862,0.0,231.42896497576024,0.0,39.58273183730248,81.76578912377174,0.0,0.8766407429783756
0.45,138.8467358554524,36.80274926289196,0.0,37.47189015858029,0.0,221.1510660251921,28.773058514624484,189.032303032126,100.03656390549548,0.0,0.8629169914369046
0.45,162.91644417910015,26.80010770045769,0.0,36.321198594040816,0.0,187.24812090714548,32.79486863345343,0.0,70.87923220779395,0.0,0.8997764060861648
0.45,0.0,0.0,0.0,0.0,0.0,0.0,50.3947507906612,50.7824027198242,118.62149032263972,0.0,0.9268319237168208
0.45,150.47493038122388,322.267142566454,0.0,0.0,13.375549367217154,225.29440965410825,0.0,353.6160863958754,171.79221218523008,0.0,0.8323165618899174
0.45,251.2419396174692,0.0,0.0,90.64956429421572,0.0,510.3064304684473,0.0,111.81646763195276,596.8146441096264,0.0,0.7962666824138577
0.45,606.5916721206912,96.91406682060428,0.0,0.0,0.0,132.0642464964743,253.081293666246,482.05960698333024,342.96532455168307,0.0,0.8382227600851322
0.45,365.3367791670034,850.6017411608562,105.49238304214194,5.552230686429851,0.0,802.2973341889336,215.426550633429,268.7279652231455,357.0084331373618,0.0,0.8352138456676882
0.45,458.5104548856031,101.95904922222893,0.0,133.09624389488587,0.0,227.11836114173877,0.0,227.11836114173877,329.6879435928497,0.0,0.8194193883673982
0.45,991.2854248537548,687.6960137800331,0.0,0.0,214.4925186933893,555.0406406804298,0.0,265.31074619920645,511.4821599611591,297.6496182483642,0.8533218692787569
0.45,448.03716740750815,155.89795537628535,0.0,0.0,346.3645878142766,729.331304282114,128.1074502874709,318.5740827254621,681.884100471944,0.0,0.8158148264909361
0.45,332.2475204425692,331.50423739907416,97.3700786979295,0.0,71.35517217557914,490.5668087071479,58.7193604361557,372.384804791333,900.1157656732647,0.0,0.726130259292322
0.45,1214.4323746683117,629.0299628425661,0.0,0.0,606.0263450336981,462.4520407783365,340.2948979312235,1028.8169757967405,871.7577921361728,0.0,0.7758196920968995
0.45,680.4626849810461,118.5591426592712,0.0,0.0,20.03816495649788,565.243236481188,610.3291076333035,697.9960793179841,220.41981452147664,33.39694159415997,0.8019852126575849
0.45,1449.230600880588,1122.014968096765,170.11494545294195,514.0631958222959,444.34395588256297,466.6541126632784,884.9695523016768,560.5426891154619,740.8831230928994,0.0,0.8691078051561709
0.45,1197.3552598776355,547.6428155833846,0.0,211.00932858499212,206.1021348969623,1068.786785251435,207.0835736345772,1113.9329671812516,792.0210612469372,0.0,0.7500379633126585
0.45,984.1904269263066,38.51179931450939,0.0,136.93084200713642,100.55858709898662,1497.6810844530862,708.1891985056741,1158.5632960447847,1474.1460959831186,0.0,0.7778348447335088
0.45,1567.069885780517,342.42498262882395,359.07064150661245,399.49581306696354,187.85815019219368,752.6215764029421,381.6611785550349,707.4405023060838,869.1411885474748,0.0,0.7778092804648814
0.45,1372.3453875583189,0.0,245.0616763496926,948.9332689763372,501.01498275937735,776.0286417740523,0.0,724.2933989891166,1870.637462802702,98.02467053988322,0.8031025678448216
0.45,2531.26963984955,2484.073810641655,571.0695334154033,1036.7350482665372,1079.2112945536303,2592.624217819798,1993.237186879654,1787.1487326718998,1162.590592820907,0.0,0.729228648649962
0.45,1826.6450051404247,2857.9040470815626,947.1492619246548,1826.6450051404247,1669.3962859791852,2526.9503474515054,2137.4854965056497,1638.3122368426689,2943.842300576662,140.79245785366294,0.7190216883293316
0.45,2102.948994292608,1992.4868568322252,2250.9265746640235,2123.79090702096,1281.777632794792,4526.863444602117,2050.8442124716576,3113.7817616185903,3547.2935463687086,952.4754116865504,0.7524188488641564
0.45,4287.419901546083,2681.063536091888,1991.9731634112532,2418.6615729850278,2153.977853677214,3363.308640169741,2925.2114495913047,3915.49364079464,3491.086987421793,1930.3657459861677,0.9187355494140683
0.45,5730.949492970245,2783.6698783707598,2322.797381951735,2910.409814885973,2103.8829461527266,3924.329307007765,3235.32492486136,3617.8490968891474,4765.421612972458,933.2668052484612,0.7704084246972513
0.45,4045.441129062174,3066.783514606419,1199.0978196920698,5225.159590052167,3873.4493205811054,6286.179478991858,3609.405558265062,3941.2770760384287,4142.337922572668,1576.9953143829234,0.7883502805622419
0.45,4619.221432693779,5388.282984250483,3018.020725982692,4495.492287175198,4231.051564400178,4226.199441046513,4044.2448152838897,5172.363495012174,5344.613874067466,2401.801060066617,0.7915159891606007
0.47500000000000003,0.0,49.46950774180818,0.0,0.0,43.838832063877135,161.07754350076306,0.0,0.0,15.484358114307502,0.0,0.768295111824054
0.47500000000000003,144.00958520513208,59.73248255114834,50.60970339788047,16.942304141779662,0.0,4.126971521714419,0.0,0.0,34.97065342085441,0.0,0.7754786713083507
0.47500000000000003,0.0,0.0,0.0,0.0,0.0,113.36889928065314,84.90070901684479,75.07540441252186,8.061788393292149,0.0,0.7255601761019314
0.47500000000000003,138.32157106102676,179.0580337471327,0.0,0.0,0.0,157.47378859255355,0.0,134.0655227206913,221.6185171505288,0.0,0.717434999389859
0.47500000000000003,168.83359214186763,50.98774482684372,0.0,58.75409006537025,0.0,350.4985372865171,0.0,0.0,126.962861290688,0.0,0.6477553245344658
0.47500000000000003,182.12323705119053,269.36165785242827,0.0,0.0,0.0,320.10591855753216,128.59846891018918,223.48328516014595,185.59887134606137,0.0,0.6307757807813782
0.47500000000000003,407.1482121173532,0.0,199.3087438364943,233.4316416139485,0.0,257.8605343409895,169.8389684832386,319.9021666636347,144.24679515014907,0.0,0.6686732873388289
0.47500000000000003,155.9536915510455,144.2780141087224,0.0,0.0,0.0,0.0,0.0,23.768343364733564,0.0,0.0,0.505916240766824
0.47500000000000003,198.2781428170925,0.0,0.0,0.0,0.0,227.06045387118616,30.609759374986847,90.00182980407256,311.1230766323507,0.0,0.6571459325435947
0.47500000000000003,229.67753952442771,0.0,0.0,149.48839856977793,22.27476137628817,351.9412297454072,222.7476137629155,0.0,297.98680774506056,0.0,0.6287988106741926
0.47500000000000003,320.0672122085194,296.60951750268083,0.0,0.0,0.0,207.47027762050743,216.8533555028393,809.0298262990596,386.7913215940134,0.0,0.613993447100558
0.47500000000000003,109.87423507329387,0.0,0.0,19.520803185611587,0.0,186.28423611411168,93.69985529092672,205.2473020658492,416.0719764704391,0.0,0.6615174224788783
0.47500000000000003,748.4418434497381,0.0,0.0,368.1490194936355,0.0,237.12376081968807,0.0,265.8854029676313,363.0358386673397,0.0,0.6553329998267687
0.47500000000000003,368.3861252802255,244.91232270011625,0.0,282.2258344688288,0.0,554.9536841238037,333.78632345832614,0.0,169.60687167598013,0.0,0.5574616460286904
0.47500000000000003,592.4025813032574,12.251634893130074,0.0,0.0,0.0,188.0986298298668,0.0,374.7558908487781,557.0890454348146,0.0,0.6074360417691748
0.47500000000000003,460.6646170475673,707.1014609640689,0.0,609.725200449952,0.0,0.0,408.23124600149913,0.0,552.7975404570824,0.0,0.49595810599416723
0.47500000000000003,349.9529997646555,176.978519331785,91.29208689512632,191.39305936785377,0.0,462.8668967138895,608.6139126341845,57.65816014429318,665.4712649986967,0.0,0.6478371301940737
0.47500000000000003,1387.3474180732787,395.6540884978489,265.19056362679294,0.0,0.0,583.2486994235575,370.0730051897924,375.1892218514173,834.7960186193928,0.0,0.6524151794198672
0.47500000000000003,510.9145800453099,480.2038675835662,731.473333179624,362.0141559883871,0.0,1116.753180426905,939.9339268593138,884.0962678379664,1087.9037232658818,0.0,0.6789738412873781
0.47500000000000003,1178.4080615577132,823.6728732157258,2.021283124453936,808.5132497823097,919.683821627368,724.630000117391,461.863193938138,796.3855510355746,714.5235844951212,270.8519386770687,0.6639153508761279
0.47500000000000003,1276.4051121586824,850.579204993135,204.86838354815524,628.5490720378076,878.4670477797944,703.6317256941936,510.562044863473,599.5886199132008,1453.3856529201903,669.3082268798491,0.6366928133571066
0.47500000000000003,1469.5434723491794,804.3696801290102,786.1144817147383,13.691398810707163,135.77303820616748,727.9260367692361,587.5891989594909,1414.7778771063638,1195.715496135049,0.0,0.6403723637548756
0.47500000000000003,728.6284140730188,856.5259548411566,32.29735877983247,1232.4672110384024,764.8014559064276,1596.781418074919,848.774588733989,1710.4681209799287,1735.0141136526086,82.68123847636937,0.6649098009257333
0.47500000000000003,1511.4902285680882,1427.9405174412152,0.0,1661.8797085964732,1227.421210736696,1889.7425571243275,490.66466716331513,2763.216809814452,1239.5738959915384,543.8326651531512,0.7172023645453496
0.47500000000000003,3318.5250198381304,1890.4035560769312,533.275413635682,1264.6717239781065,551.4364958337846,1583.3161661814795,373.1276887977181,685.1681011108719,1124.3360888108375,252.6041433011066,0.6435448894915344
0.5,0.0,0.0,0.0,9.987933118953856,0.0,82.10081023780096,0.0,23.571522160732364,20.974659549804457,0.0,0.5771860131308403
0.5,0.0,141.9100749588045,33.9057299347778,0.0,0.0,129.7848470351099,0.0,54.33898439878492,0.0,0.0,0.5991418852414753
0.5,319.03395492123167,0.0,0.0,0.0,0.0,43.58231705620346,0.0,0.0,300.80344321145054,0.0,0.5894693601588729
0.5,344.4974218565716,261.3043653628449,39.363157602735306,0.0,0.0,0.0,0.0,23.450391763333087,212.72855385308512,0.0,0.5698473637502038
0.5,467.8983282823158,175.13329281915458,0.0,0.0,0.0,149.1754501686584,131.7606949727585,96.6026042942439,185.6478619940397,0.0,0.5921104331555114
0.5,216.80635123791356,64.225169116711,0.0,235.73978259601856,123.25292570374232,214.20764497307368,0.0,97.63710680748432,176.3407822568636,0.0,0.6374798519739147
0.5,0.0,0.0,0.0,0.0,8.782565067380219,100.8085729473621,89.3530532942501,156.94061924759913,80.95233888197318,0.0,0.6196135578895886
0.5,0.0,0.0,0.0,74.6641895985884,209.31140791964185,134.22775658173592,0.0,0.0,64.17764611564519,0.0,0.6199085319224859
0.5,313.0232700991087,294.14980822548733,0.0,0.0,41.42955045429303,246.7359893722409,370.5643123967394,325.912463573782,252.25992943281364,0.0,0.6051567315783566
0.5,369.948767332348,0.0,212.70848291207972,132.64134421955185,154.34629145547518,223.3197904496452,531.5300411998031,269.14134572549256,308.69258291096133,0.0,0.6047136175888149
0.5,402.0692356243584,0.0,78.86742698785396,519.0816926586266,0.0,411.8632298254674,308.76855402434927,262.37594991384725,467.01888137906815,0.0,0.6579043391795402
0.5,576.7128137571988,280.9344593230973,0.0,96.76020516803275,0.0,233.65390452508032,90.71269234502994,161.63352454205858,393.6381073881398,0.0,0.6250883396848459
0.5,138.1613647081934,411.4805861961507,0.0,0.0,22.82666025613648,336.3928879851745,99.11576163848716,318.97254200023025,377.8412973976367,0.0,0.7770423524060598
0.5,0.0,557.4236820274151,148.46956572430676,314.8350166028813,150.45799740811262,436.12934931515207,0.0,45.733928727580064,607.7972846838832,0.0,0.7057322453070973
0.5,661.6934342000117,84.44204913431348,0.0,0.0,0.0,492.11718798766935,151.58039967552244,348.8425636368335,53.29539166674426,0.0,0.6298986828982335
0.5,238.60871395224456,455.1240284644615,0.0,217.25176116021703,3.682233240000415,467.6436214804797,65.543751672066,134.76973658414076,191.47612848019736,0.0,0.6374671266490877
0.5,675.3337202054979,909.780142030399,0.0,172.03406379642362,155.23073663490936,806.5597037525467,330.4654341763889,376.87462347961394,615.3218374858237,0.0,0.6325658882583579
0.5,641.2854999572361,301.096434480569,0.0,397.58037481135625,288.62006288606267,557.2779312209457,236.21930218916853,735.2741659691259,440.0000382326605,18.29867833860036,0.7328332105264246
0.5,1366.37669986426,670.9643039094832,0.0,804.0705828227036,379.3981691471939,865.6435553811945,277.98386140378943,1111.029960724613,275.2674067321039,0.0,0.706178199770931
0.5,683.9448945576837,630.7595480504652,71.84687159746262,503.8611774367607,0.0,1027.3169562182875,498.26271990968,0.0,503.86117743677136,0.0,0.6932682441140984
0.5,745.5679162857468,781.0711503945826,71.00646821768302,204.90437971390347,0.0,603.5549798503693,315.4715945100239,435.1682123627077,737.4528913465896,0.0,0.7299921681396336
0.5,1205.2929229496797,215.42815763077908,304.9137000312662,138.0949728402478,387.7706837354149,1013.0647207560536,915.8458598765196,791.0080044289487,472.83718700501805,0.0,0.7315109697435289
0.5,1625.8414388675517,777.5763403279648,0.0,1465.613586921182,684.5028086826389,2121.8408923191805,934.2697543637424,988.4644689926652,1290.069837362306,0.0,0.6806139311435399
0.5,1596.1131124120575,998.2563108556484,164.54774354762563,785.7154754399595,5.484924784916179,1565.9460260949877,0.0,714.411453235987,2196.71237636094,0.0,0.6914744845987428
0.5,2633.778230443546,1540.452174374603,113.75646826149548,2333.587550309011,815.2546892074772,1902.2609414841197,1218.1421809669816,1695.2873672861044,2485.2628413243624,0.0,0.7204795820487688
0.5,3926.160721262682,3118.395164310308,1157.2244149246935,3105.0278855900456,1661.36178380278,1384.468153168994,2024.187920495361,3326.5427900971004,1420.750766838261,2262.889326214153,0.7154714200900498
0.5,4352.954753838264,5431.072769228472,1301.8381569237356,2673.9883583294254,3355.8021230030754,3649.8343090185817,3632.788964901732,3487.903539908594,3600.828944682685,730.819129009548,0.676692372336098
0.5,4396.598706224762,4867.828662594175,2857.5570260626587,3967.152686873367,2379.3630801902827,4150.537743785585,3333.429642100731,4257.318916164864,4682.122275847627,2437.396326048582,0.7676858300884343
0.5,5608.734388884594,3626.234058317545,3523.649805351994,3325.638340325433,3783.688958218196,4585.277539530502,4353.866550282599,2960.629254192186,3881.501850580728,1519.6783520712422,0.6923272355593874
0.5,4132.043915365623,3059.6974276638325,4732.3642967427095,5427.089899384737,3117.792948442262,4860.65857179509,5707.8849164804615,5470.6615399685725,4647.641662274192,3529.302887289466,0.7323794447582878
0.5,7878.057173906914,4205.145241011499,4154.934551566574,4569.172739487104,4639.467704709976,3710.569949979095,5324.843615633048,5987.624716305931,4795.120841989237,364.0274984756337,0.7448654596270493
0.525,58.63085231313329,0.0,20.530668823453176,4.737846651566462,0.0,157.13858061028242,61.19718591606494,57.64380092739121,61.78941674751018,0.0,0.6844826571291516
0.525,49.6651853040309,26.472480846016307,0.0,110.10677874006667,69.57811337404112,222.32198515813803,0.0,86.21126505605494,46.61967865802912,0.0,0.7096115585150706
0.525,56.65384418056576,129.00399151072833,0.0,0.0,0.0,11.772227362196205,35.80719156001021,84.12237469235876,155.00099360224542,0.0,0.5986832906670423
0.525,181.5750100379721,17.092709278266227,22.136459557097368,122.73125678492512,0.0,155.23542524851172,100.59479722782456,262.27501449929264,97.51250539076302,0.0,0.6429969620006211
0.525,302.6010040440818,11.913425356067004,0.0,0.0,56.50367454591303,307.0259906049062,115.390034163041,295.79333241204625,139.5572684567766,0.0,0.5513533196828614
0.525,552.040684850919,192.0820487600072,0.0,0.0,0.0,168.65740866732227,12.493141382762312,254.157345005621,188.9587634143188,0.0,0.6085901832834727
0.525,0.0,190.6137078671884,0.0,167.6086051935597,0.0,292.9042536838483,195.5433727258228,297.01230773271107,333.9847941724666,0.0,0.6890026203265422
0.525,208.800577271888,89.03401238649886,0.0,144.62377646537377,0.0,206.99278006607247,308.2294235918316,318.17230822383254,66.43654731378373,0.0,0.6227479308920082
0.525,39.05324440151437,0.0,0.0,0.0,2.789517457248384,245.94245581428785,217.11744208936145,244.08277750945555,13.947587286257775,0.0,0.6623467535729134
0.525,175.5562517714002,360.089811872023,0.0,0.0,0.0,489.76204329407614,68.32729117239214,263.83311700872883,8.478568977599705,0.0,0.5779427154822109
0.525,738.9281476487514,245.42210091215816,0.0,354.0253733331543,0.0,387.56461922787406,0.0,621.2746025260076,591.994308490931,0.0,0.7088915425491977
0.525,559.3916898768938,0.0,0.0,245.6530205788501,0.0,122.55416769454852,0.0,675.9543204841588,255.45735399441745,0.0,0.6336890117933881
0.525,572.2468441212065,6.516268411318916,0.0,489.9049069236421,0.0,144.54268112377997,121.43954766547112,953.1523521646234,340.0307334633273,0.0,0.6247273154023415
0.525,306.3589337761911,546.3087735231907,313.876944421006,0.0,0.0,223.0343157961609,204.2392891841274,439.17712183458144,607.7058604558439,0.0,0.6721763590688403
0.525,786.4725059822365,537.2382611287095,0.0,241.61875403855717,0.0,622.3932947869986,94.1551591668883,431.3137070659632,777.4723804736373,0.0,0.595333341804923
0.525,643.2310421099614,541.3618725450292,0.0,256.8558346887034,253.2176500613797,0.0,0.0,337.6235334151812,938.6516338482502,0.0,0.5994085205632591
0.525,716.514896998788,511.34888277618336,0.0,403.2843409337433,126.85837520634348,939.6916681951342,580.2596051104928,532.4919453105814,620.1965010087943,0.0,0.676344249786825
0.525,961.7531303171731,305.7881747675156,251.53543408295,356.7528705621014,693.7774717843532,670.7611575545426,892.7041876277416,389.6333194618322,391.2773419068267,0.0,0.6736461766935724
0.525,331.7446686313601,434.0914281027346,0.0,815.2448771685579,0.0,1149.6364447517617,216.16341440074777,735.837908613181,528.4974907185784,0.0,0.6505298998228257
0.525,846.1532105438142,847.9986919190445,5.536444125690612,155.0204355194735,0.0,1266.000223409074,213.1530988392774,706.8193667138186,1193.103709087418,0.0,0.7097571973787657
0.525,459.2525528969679,778.561194825335,0.0,421.80277390536986,0.0,634.6752018576108,638.617283856734,913.5775032950456,674.096021848776,0.0,0.8021413513444323
0.525,1484.7209342974784,1139.753994054635,366.9861066413266,65.00896746217835,50.32952319651479,1721.6891060144485,945.77562340136,876.5725290061418,1549.7299017596686,0.0,0.6226256484737404
0.525,216.88762500926663,717.6595759468975,668.8314718872244,914.1075294893276,539.380219263892,520.0760851007678,479.1967421670689,533.7025327453299,1123.04639337262,0.0,0.7020267755814148
0.525,1886.210566746147,731.8695809047967,170.2311249303187,2051.471439853687,769.1464695756638,2027.8627436954607,1092.2128380565623,1396.6407622020276,1156.8261117527534,493.2974934112174,0.6279617634785647
0.525,1534.168077811785,524.3009030574025,599.0034063953922,782.9929053574959,998.8001372228066,1402.747007124566,996.0333778399204,1687.7232235621095,2050.168702720529,542.2848390461783,0.6148873443602293
0.525,2551.0442296423616,2099.3470472041017,876.0674890706171,2211.869476992997,0.0,2594.4457382752157,2128.281386292683,2409.587460764903,1189.5228291968306,0.0,0.7082469390475477
0.525,2692.763442643889,3564.5213917012643,1080.9798568311317,3182.885134002808,2437.047777587049,3175.1361744556384,3345.6132844935246,3982.9652072488207,3562.5841518144944,1821.0054935865132,0.7069329543685018
0.525,3094.834320732881,3900.514329849288,2180.4514532436274,2159.137167288162,1453.634302162402,5036.565771275348,2355.228598078391,5081.325771781823,3359.1314665806194,439.0742906824776,0.781442815179121
0.525,4773.157133728448,2633.306979090766,2702.4831694346467,3906.1488814183526,1531.0996796114462,4231.276976034658,3809.3022149369135,3698.620310386712,5017.579672943569,3336.598247587005,0.7077359158726267
0.525,6629.799188709221,3949.419432260625,2316.4639670613064,4418.310930124998,4227.021861344521,7031.039674443918,2288.4704448007456,3636.82510035106,3982.078541564634,1432.3352223319698,0.7245972553169665
0.525,6622.399607206184,4836.662666947913,2598.072175826746,2810.493171334586,4143.376560729987,5366.54800739056,3697.525899828882,5212.48442823103,6113.522936648935,3298.361172006462,0.7066819105453669
0.55,83.12700613677741,106.20782345891894,0.0,0.0,76.45520737959563,75.73393183827936,0.0,130.1902352077079,86.37274607270477,0.0,0.7547186591637212
0.55,138.0707316309177,70.217478243806,0.0,67.85325338711168,0.0,0.0,0.0,0.0,42.31962493482054,0.0,0.7822958096089884
0.55,43.771678770219424,73.7724923093597,0.0,107.46193046396743,0.0,223.28474338966305,0.0,116.8064461564862,0.0,0.0,0.760521017734464
0.55,58.364634951552304,227.59415064839368,0.0,2.513309639062912,0.0,234.29630968589265,15.9176277140577,224.24307112964732,0.0,0.0,0.7275260683593776
0.55,185.4018334520111,251.34372266948128,0.0,0.0,0.0,197.5071078011151,19.43215092881968,114.04442676257985,193.04726988302588,0.0,0.7550741242322543
0.55,285.306406069823,36.90897879299125,179.377636933938,112.57238531862164,0.0,432.9423212417881,109.25057722725126,0.0,29.89627282232509,0.0,0.78769981194939
0.55,15.012274729460003,110.92402994544896,0.0,390.3191429659458,0.0,535.020791052681,0.0,70.89129733356033,150.9567625573423,10.842198415720324,0.7463924986063925
0.55,349.98812440140824,85.59248624925522,83.35184524796782,126.3721524727216,0.0,199.41704911476228,190.006356909345,85.14435804900283,518.4843276983788,0.0,0.715385123775848
0.55,252.9791473934976,320.72449959812053,0.0,309.82839399877435,0.0,253.92663483691803,336.83178613628473,103.7498750546386,153.01922211254623,0.0,0.8770753355450415
0.55,494.46467418087406,287.909972848173,0.0,87.68831660350273,0.0,528.0785288788868,682.5073975639464,214.83637567859108,0.0,0.0,0.7788062869413496
0.55,382.3332534791352,105.1675480437174,0.0,269.3947043484388,15.023935434815089,277.6837721745489,300.47870869633715,445.53739565319415,258.51530282667875,0.0,0.798056181217775
0.55,310.3757310101907,502.1935251300073,63.19361730477782,34.67260418492274,0.0,574.8941468080681,100.6623992465466,305.901846599237,479.26486752385074,109.05093251709746,0.8247665812219611
0.55,302.16811710298,396.04559037769394,0.0,44.00506559752155,0.0,267.55079883292785,35.204052478018575,200.0763649167361,493.44346890021313,0.0,0.7568465801904205
0.55,1136.0349198209408,320.6101812871463,281.074436388539,70.42304560064481,374.97183052273215,333.5828475820043,0.0,408.94786129497766,602.9201097037798,0.0,0.6882704295974433
0.55,588.7617547814506,330.2647766663455,18.606466291059803,238.56147851754213,0.0,853.2393827758277,301.0260439232451,141.54204714271842,970.858830401466,0.0,0.7149342895228463
0.55,924.6996798965372,0.0,0.0,650.6054321503096,145.15206130646254,579.1346202379938,15.473062372765105,0.0,1055.8523038181247,0.0,0.723875977737836
0.55,901.973617690231,544.1594308113762,0.0,3.131852839199348,143.28226739349478,827.5921127591752,819.7624806611681,1150.9559184068105,753.2106078281284,0.0,0.7589343287949905
0.55,1027.2114423314804,63.02412833428079,0.0,576.2206019134351,213.6272401980229,846.3240090603648,667.892061308755,594.2274957232322,847.9609994067082,0.0,0.7950761179034961
0.55,866.6043193584227,1031.920404376593,0.0,711.7292502361273,0.0,971.0144783172624,435.0423289951905,669.9651866525973,930.120499391722,273.20658260897847,0.6859551590020895
0.55,621.6639992544143,391.745592702281,359.9107364104462,622.5483008180756,145.9097580042352,1306.113409528837,65.43831571099204,1111.5670655231936,732.2016947121799,0.0,0.720265329130749
0.55,639.3543024091363,1086.6156081303357,455.86248467736846,720.5876592174748,501.7354391103131,1019.7175495822896,428.14757470746895,1486.0925863172197,769.3276733024866,0.0,0.7386146682006182
0.55,893.2699930437486,817.9220247070959,258.7607859982462,520.4958339045155,204.2326510177664,607.7408498732719,1006.291945548728,924.0040327600212,402.5167782194979,0.0,0.693235862707171
0.55,2043.249985783652,1045.6755300837542,35.55296802283908,726.7444934082021,1290.363604123344,1293.5006307136046,1217.1663170174884,1046.7212056138371,877.3217697402803,0.0,0.7362281454001418
0.55,419.8659666641724,1573.6439888795703,134.2660814806803,1301.6982814737626,373.21419259037833,1341.5229666587145,522.2722999968964,1449.6185407321532,1220.9110629557315,295.8405185167683,0.6985770905657197
0.55,2492.358154311133,1065.5290389438162,106.55290389438302,662.5875977800066,0.0,1386.4124966487386,1001.842245811544,1524.808797109272,1642.3844151996295,105.32815787260962,0.6914125404093763
0.55,2525.3501164560957,1260.6039673725634,1533.9879602967364,843.6243418013563,318.9479917448581,2035.1919473243815,643.4188924376898,1426.2912358114606,2080.7559461450824,0.0,0.6851922592522638
0.55,1230.9372211030352,2701.135896947343,1956.592027916981,1149.0846181652398,1355.2902140277797,2202.1498367303857,2650.765064370228,3426.790703761288,3525.9582803974845,1308.0675584867315,0.7312942415550547
0.55,3951.4783106912814,3363.232348581895,16.441657326023673,2922.961302406867,1247.739105964918,3030.745500433126,2647.1068294922206,2502.785615185888,2179.433021107132,1600.321313067758,0.7652763977703027
0.55,5081.5526844860215,3642.834483895416,3498.962663836355,3301.378697621896,3406.884698998553,5062.369775144809,3439.4956448785997,3159.4251684969763,4145.426708635068,986.0015401380928,0.7422715385036568
0.5750000000000001,135.92982618497652,71.36315874711262,0.0,109.99584618915787,0.0,228.21902396319655,52.58338012945023,62.06269695550931,85.3138514345196,0.0,0.7545151188916022
0.5750000000000001,59.74947332960832,71.84750718560382,12.591831156239758,0.0,0.0,131.35008186509,0.0,0.0,96.04357489759764,7.900756803916519,0.71002523486195
0.5750000000000001,63.56077921440974,292.95503177012324,0.0,0.0,0.0,174.7267510914661,0.0,0.0,234.1024584234493,0.0,0.6806241568509906
0.5750000000000001,169.65354624428,0.0,0.0,0.0,71.29201153392994,40.47027722414843,78.79643380065876,164.02522954423185,82.54864493402621,0.0,0.7390368063800046
0.5750000000000001,201.2742793747153,0.0,15.103276706525683,0.0,0.0,117.12745200978746,0.0,90.00319996541894,0.0,0.0,0.7804645558329799
0.5750000000000001,399.8667493588098,131.5498252783397,0.0,136.02177401301438,0.0,181.8592485434284,6.335260707453979,134.9037868293468,355.5199244066235,0.0,0.7718783701433269
0.5750000000000001,281.1998842466076,319.7147432082224,105.19112017472412,0.0,0.0,450.1682977556174,36.85830588799385,301.07852113002104,119.68595956888488,0.0,0.7923070612509037
0.5750000000000001,225.47661436968508,0.0,356.16101943293324,179.00082242817876,0.0,110.8976817614156,0.0,259.5281847030667,318.88835460855904,0.0,0.7432293464348967
0.5750000000000001,218.6938498214141,0.0,0.0,0.0,0.0,457.4918427878444,0.0,443.7621840546628,224.08764432373655,23.04621287355824,0.7670041162583706
0.5750000000000001,646.2864462693962,0.0,0.0,205.8237090029933,0.0,419.8803663661046,0.0,59.17431633836525,250.07580643863756,0.0,0.9276278246134199
0.5750000000000001,664.8915733811552,197.1043678763177,0.0,0.0,0.0,917.314060852194,340.50182352475537,831.920070409863,285.7207730523247,0.0,0.746177758749922
0.5750000000000001,595.4979070057502,342.70320726703727,0.0,270.3093440624156,0.0,414.51324899420274,340.95174283466235,490.9938625410237,429.6926074080744,0.0,0.783075519802124
0.5750000000000001,507.767815801582,424.23374504691645,29.83359669809533,125.89777806596312,413.4936502355983,417.6703537733346,223.1553033017536,0.0,716.6029926882561,0.0,0.7042489496318506
0.5750000000000001,975.1978343338548,115.7541781659852,0.0,110.7755038362629,332.32651150878866,664.03068872637,359.7092203222508,762.9818410295522,640.3819856602086,0.0,0.7680139048691523
0.5750000000000001,612.8292411957407,256.2740463182161,0.0,0.0,0.0,813.3915383143426,386.04965033613854,486.9862312389712,698.0354458539762,68.16496372658251,0.764951400170067
0.5750000000000001,840.2702306114788,345.2974601352931,0.0,115.56326286785712,0.0,882.7362488942474,574.3354931685781,471.3031865153046,461.5568872372933,0.0,0.6694551278876831
0.5750000000000001,929.6786831744917,258.752933986989,543.4574896717907,0.0,84.72441201344026,772.4423870054102,878.5387227699862,815.9495174988017,505.2933401161874,128.2315425068231,0.723508339208052
0.5750000000000001,583.3872372777146,836.6157633488089,290.0909064485353,1012.9141042843864,213.9620774081703,613.0374127986978,181.90783360170417,1229.2802499780485,741.2543880245715,0.0,0.8459337956454407
0.5750000000000001,789.7495233960781,880.6131782384274,0.0,573.2052992390918,303.1619138197809,996.9526241580656,608.0222137113894,1060.642101851298,473.8497140376527,0.0,0.7857244649703711
0.5750000000000001,951.8386716870574,525.0918133476572,198.44606992737403,489.9686151304148,182.64063072961295,1002.7673091020412,64.09983674645454,785.0034801551957,985.2057099934298,198.44606992737403,0.7830463034951205
0.5750000000000001,356.6645299524043,255.97032228774637,47.05336806759996,279.49700632154634,0.0,1913.189945628618,638.0436709966528,882.7211849481748,626.7508626604391,0.0,0.762213282618409
0.5750000000000001,1355.5030629379053,1061.421220260286,0.0,770.2607203907198,968.9120313385132,1551.2330310776456,1073.1065914925098,1044.8669443479737,913.4065179854588,78.87625581750234,0.7243288304963786
0.5750000000000001,2339.616771221244,989.8378647474524,477.1311483349167,810.9136841218528,681.1674946623554,1681.4687617855643,359.9410417263388,1673.0980398849592,1352.91792718653,0.0,0.8275743900595364
0.5750000000000001,1599.8430159608545,313.84480217413955,0.0,763.2880554618454,899.9800424714755,1382.2293726415028,1032.297885896813,1034.484957688978,1360.3586547199675,347.7444149525249,0.7458130418508381
0.5750000000000001,2575.824453937677,851.9944954120969,1171.7842101284211,1256.9836596696334,428.3314792003261,1139.1049692085082,1029.3960889773543,1820.7005655381936,905.6818197805484,0.0,0.8300370812706419
0.5750000000000001,2206.0327255234124,938.06756878706,735.3442418411279,812.1524588827554,1012.3574836306036,1834.5831513057085,951.9182308765352,1963.016563408111,1551.2741540210377,376.4861786138716,0.8530364016124176
0.5750000000000001,3037.536546990954,2830.2879596702246,351.21516324581654,349.6331129609269,1270.386378767571,1643.7502460018793,1289.370982186265,1917.4449452880472,1881.0577887355664,0.0,0.7673747981534679
0.5750000000000001,3645.597686868846,2710.8290492101783,620.1830384466118,1768.8698835695072,1603.4877399837276,2870.8182968094497,1950.430715114749,3478.417911287591,3174.6181040485308,843.0894058883189,0.8293170210376367
0.5750000000000001,5013.948672944707,4998.62888215004,3711.766455396856,2796.956090800232,4090.384142179678,4239.204967042302,2444.6009025225776,4696.610149340627,4762.266395603558,1350.3301314739713,0.7575764728344356
0.5750000000000001,6972.426883856711,4246.841829258196,3972.1704671668535,3441.6086908195084,3629.4181691725407,5911.303331162022,4530.903665267156,6852.698341406675,5580.2891255648165,2610.551749107301,0.777737700512724
0.6000000000000001,0.0,41.89845554899959,0.0,0.0,37.165157223380334,0.0,0.0,27.43559955405201,12.534475195621283,5.346874034495736,0.753035799880364
0.6000000000000001,0.0,10.805484474211816,31.917738754594478,0.0,72.14738864319798,68.98886241227507,42.88946145148685,0.0,51.533849030856295,0.0,0.8250563095997383
0.6000000000000001,0.0,123.36360432773222,0.0,30.549031355605564,2.724117445722445,16.539284491888377,32.49482953112218,0.0,73.55117103451583,0.0,0.7768435192056238
0.6000000000000001,0.0,65.3175864017118,0.0,114.09907498020516,0.0,43.40725678594827,107.07123340533796,0.0,31.211884641324925,0.0,0.7925087349256313
0.6000000000000001,32.59280601711282,124.04024736009067,45.72372067148845,54.16502294930225,130.60570468727897,60.02703842000648,0.0,28.37215487820641,118.17823188938743,58.38567408820867,0.7809792497746779
0.6000000000000001,9.72859438291958,152.84133806850716,0.0,21.50531389908584,75.26859864680259,213.00501385761928,184.8432932754817,12.288750799477931,83.20508353813295,50.69109704784673,0.678009784312696
0.6000000000000001,0.0,9.452179596625628,31.710538001584077,0.0,68.60452933034908,100.31506733193316,153.67414569998357,219.22958483787212,166.4803245083151,45.736352886899816,0.7459878527544044
0.6000000000000001,92.72098162482575,54.08723928114899,109.22812608076136,114.84757951256849,161.20807032498212,132.4083714869674,0.0,33.01428891186966,60.760340231420976,58.30182935500397,0.8093385451053304
0.6000000000000001,148.3468991629674,26.066121816748343,91.99807700028924,21.08289264589928,283.66073741755974,157.5467068629963,0.0,122.28077734621904,412.45804521796623,0.0,0.7428407695517603
0.6000000000000001,50.76479984519717,107.9251650252235,12.391407836228966,0.0,91.13680602130032,199.06197104652384,223.44506388555575,75.14789268422913,83.54207218619156,50.76479984519717,0.758836332431919
0.6000000000000001,282.83121145458847,0.0,107.53706030576258,18.359985905861368,283.70549649772306,261.4112278977468,0.0,96.60849726655997,0.0,418.3453931407113,0.838123911579773
0.6000000000000001,0.0,31.364034554491266,234.35903597660237,221.29068824556455,267.9011284862641,334.5497019145557,172.50219004969276,101.06188912002273,0.0,337.5989830517974,0.7430589179773803
0.6000000000000001,149.28870975221622,0.0,98.91521873152902,77.39199984087136,299.95124198681407,290.7924254375969,109.4478577631279,266.063620754716,0.0,151.1204730620597,0.6935750153376271
0.6000000000000001,162.12367015121893,0.0,235.60077212033545,173.02672399179477,224.6977182797576,606.3046027000187,0.0,252.19237579078347,0.0,524.2946759860998,0.8148058900224419
0.6000000000000001,143.78490325122044,0.0,129.35487711847918,141.72347094654097,284.993016121591,347.86670141423843,363.8428017754845,211.81216930555905,0.0,141.2081128703727,0.7307335319298279
0.6000000000000001,468.1626103431376,0.0,207.95129901288,60.97001437026776,610.244518830994,427.33447572018616,0.0,9.79875230950916,309.7494480060991,279.2644408209641,0.8564790564542399
0.6000000000000001,0.0,633.3816481887886,421.4695725865924,0.0,233.691927816869,525.0710317698891,190.72086804197784,639.268094733295,456.19960719917447,217.7985221467027,0.7700590463593434
0.6000000000000001,42.76027220038074,667.4320747798849,124.5625320619831,221.2379300802402,435.6590051720138,370.58902573664966,71.26712033397138,548.4469695266471,527.9964045612445,415.82815429647326,0.7756482476235791
0.625,0.0,0.0,0.0,4.529193294097176,0.0,0.0794595314752797,0.0,50.29788342392062,23.0432641278627,0.8740548462293235,0.8005819309581614
0.625,66.46515600915582,0.0,26.232010725162667,69.52287505073845,0.0,27.5194713742512,8.851291962478898,36.531695917865,51.176560801238494,32.830246551737694,0.8128980651751632
0.625,32.80937889984153,0.0,0.0,0.0,0.0,0.0,94.80384484430952,82.02344724960332,32.04637008821735,0.0,0.6954838140618056
0.625,0.0,0.0,38.612436186654726,50.8604670200568,0.0,78.47043483094505,0.0,225.65439857470105,51.27565450593425,9.756905918133045,0.7758876996063889
0.625,11.572913282968106,0.0,84.62692838169914,148.51905379808207,0.0,146.59023491758884,0.0,182.7555889268621,67.74976317737186,2.411023600617462,0.7731224978831928
0.625,72.87484201323142,0.0,108.81651579526606,51.06196413171874,59.985414174155984,26.27460290273001,0.0,189.6233134017752,35.693800169745074,0.0,0.746866289718287
0.625,58.36710242803133,2.918355121400651,45.52633989386512,173.3502942112539,0.0,37.64678106608091,52.238556673088745,308.4701363321474,52.82222769736827,70.04052291363699,0.766066759742033
0.625,40.82226749567975,73.34732615077333,82.97208840585307,14.93497591305234,0.0,68.70088920004666,0.0,111.51448681746764,65.05011731018888,0.0,0.7246799131188612
0.625,103.04636023869784,62.56386157349462,45.26679396199837,12.144749599560502,301.04258098305166,102.31031480842132,175.9148578360624,136.90445003141224,301.7786264133282,124.02365500157522,0.9046080528567414
0.625,121.66213725018932,203.4483900504854,0.0,43.537955470803496,127.76558895170407,127.7655889517058,48.42071683201596,107.01385316655536,0.0,2.848277460706419,0.6583114009953761
0.625,135.6802274221655,128.40400071498283,160.9330142294452,0.0,60.77789367175796,204.5903744725395,111.28346728631917,161.78904090087858,155.79685420084684,0.0,0.776341465374525
0.625,69.28890364069878,179.07132239609072,242.06123479672496,72.88832720644807,89.98558914376426,170.52269142743262,158.37463689302524,172.32240321030824,59.84041678060478,0.0,0.7272559392542147
0.625,63.25775862951689,164.1910940898511,107.91029413270576,257.68234029965254,225.12319982857747,159.53978830827006,0.0,0.0,119.07342800850492,36.74531567449876,0.8304329400969626
0.625,44.52009510962451,213.406108079834,0.0,282.6058211306628,348.902049717822,316.47980654016186,0.0,159.20773142463713,216.3095925435057,347.45030748598714,0.8279309788321849
0.625,27.636922374333263,291.211274648062,192.43486690276265,126.9251249784177,309.1240947054997,143.81435531828745,397.6646052751228,411.9948613210735,201.64717436087304,58.856408760153656,0.7996387311804235
0.7000000000000001,0.0,0.0,0.0,43.88262507906035,0.0,75.33606733225999,0.0,63.16054129876346,0.0,13.443809995318686,0.7704524520487761
0.7000000000000001,20.00476946091044,0.0,3.637230811074741,1.2124102703578243,0.0,0.0,0.0,77.71549832996114,0.0,0.0,0.773823689251259
0.7000000000000001,45.25351183782672,0.0,0.0,0.0,0.0,0.0,21.769182079420816,30.74072378487928,30.08105160065393,0.0,0.84300839117218
0.7000000000000001,0.0,0.0,23.01273060123209,52.62244397481723,8.744837628467536,41.42291508221759,0.0,79.31721147224707,100.48892362538068,25.774258273380195,0.7942752914371906
0.7000000000000001,24.542479221350007,0.0,38.67894725284657,63.221426474196576,6.47921451443567,0.0,0.0,137.63422347332872,0.0,0.0,0.8717930001868117
0.7000000000000001,40.66318469784422,0.0,56.9284585769808,100.15984441363604,0.0,0.0,8.34665370113615,43.873436121358296,74.26381626395613,0.8560670462703457,0.8279783055038491
0.7000000000000001,0.0,0.0,1.1510718781431697,115.79783094123944,37.52494322747864,0.0,64.92045392729595,177.4952836097331,23.712080689757,10.820075654548925,0.8401205465089783
0.7000000000000001,80.3377487703785,65.35952442335785,43.02835357871085,171.84108296307977,77.34210390097437,0.0,44.117678985768194,119.00880072086568,103.4859136703178,0.0,0.7201082914806091
0.7000000000000001,28.520238909623888,0.0,183.49165756311783,43.98301904134602,15.806397467983976,151.19162795462975,143.63204655689782,263.2108795755596,270.08322630076964,143.97566389315784,0.855418467053237
0.7000000000000001,149.47947517243634,46.96946811610811,90.51050790257608,128.9089051945776,122.05204853529013,219.4194130971537,0.0,244.78978273651327,59.99749576875356,7.199699492249495,0.7429115474876461
0.7000000000000001,7.0784468226177735,135.23558929527343,326.72620333872214,156.0983799303579,17.509842140159037,277.5496254131665,336.7850488234945,276.8045257476289,186.64746621744595,78.98056454710203,0.7909549954879447
0.7000000000000001,209.5521163372652,0.0,0.0,0.0,0.0,3.571911073929925,0.0,212.72714840298116,9.921975205361829,38.89414280502143,0.8064031178156387
0.7000000000000001,17.727173046930737,0.0,152.62663623332438,153.92374645627098,161.706407793946,260.71915481216564,20.321393492823923,402.96890926192185,58.36996003257406,316.4948943988488,0.7914147153271924
0.7000000000000001,55.91034773171856,0.0,139.30994976486727,154.21937582665822,69.42201510021602,212.9252409449638,311.7001886043363,283.27909517404544,246.4714495839959,319.6208211996621,0.8611658390359279
0.7000000000000001,312.1736903200813,0.0,331.392370090201,199.45873058720585,319.44562320607145,426.96634516323735,223.87164813303775,386.9707142902848,249.84283701157744,270.6197881144129,0.8573277901726684
0.7000000000000001,168.6836736782085,181.1186880839709,216.2611201002641,165.9804096769532,308.17209614287583,235.72462090928968,254.1068161178126,493.0753538286047,183.28129928497347,92.99228164311435,0.7679619241896103
0.7000000000000001,118.30101899553816,121.07803822078176,336.574730099978,205.4994226683021,351.5706339163135,0.0,17.21751919653329,700.9196524524293,186.060288091571,411.5542491816557,0.8236562398212448
0.7000000000000001,297.0727117796848,329.38787317556387,302.74203834036405,261.9228871034602,104.88254137259756,237.54478289253265,238.67864820467025,368.5062264442657,124.15825167891332,322.01774864667976,0.7732702025463734
0.7000000000000001,267.4679519330002,0.0,253.7056188357734,574.4278162319428,440.3946591111571,449.9684560483557,220.19732955557856,718.6331325985072,547.5015123460727,384.7469644136853,0.8459337956454407
0.7250000000000001,117.2713344347911,21.34631798585501,29.217772743139168,51.23116316605215,22.94729183479389,0.0,0.0,35.35483916407236,51.764821115698034,0.0,0.8020356857007725
0.7250000000000001,108.21083745832908,17.73202798686941,2.273336921393461,20.46003229254115,37.62372604906168,0.0,0.0,0.0,27.734710440999816,0.1136668460700865,0.6749855313340757
0.7250000000000001,154.82418746185925,0.0,85.0293020385496,45.34896108722629,40.38891846831139,0.0,83.61214700457346,1.417155033976149,100.2637186537896,0.8857218962348917,0.5876111218770907
0.7250000000000001,181.25084022218348,8.890788149137363,0.0,100.62755677887117,0.0,0.0,0.0,0.0,41.62505360732388,117.19675287499008,0.7126861321557894
0.7250000000000001,168.87206192722368,0.0,53.15096769821033,142.18444523487346,20.85670884360169,12.783144129949786,0.0,3.5882509838451777,0.0,45.52593435753869,0.6735959713104622
0.7250000000000001,246.42543324180815,62.14414417349193,12.189812895569354,101.10374225148922,30.355024269359085,0.0,5.0193347217049,40.39369371276997,161.0967429728205,82.22148306031262,0.7093027214920566
0.7250000000000001,237.0193661931795,177.39028354036998,90.81584136243951,165.41456819587205,15.468632319975471,0.0,55.88667160765405,58.381612304425495,54.88869532894683,51.89476649282291,0.7076553032122223
0.7250000000000001,266.0319111216023,130.4191147797881,186.68399836841317,140.51794003928492,0.0,0.0,69.24908749369237,0.0,272.9568198709705,0.0,0.6613017649307141
0.7250000000000001,273.4381697419726,132.48730367259955,49.80480948871704,204.4275840451897,76.17206157097839,0.0,0.0,16.276081532260275,243.16465809196796,21.48442762258475,0.6970407997558266
0.7250000000000001,427.2615262785346,88.44934932370101,269.3684729403601,387.0572765859437,29.2394543218843,0.0,122.07472179386562,0.0,46.78312691501389,41.66622240868546,0.6985305504869367
0.7250000000000001,534.5440338454387,317.24642129812617,181.68832036078925,461.3021942345197,199.8976175016256,127.06042893828035,0.8093020951475441,0.0,121.79996531981578,303.08363463303124,0.6602958514466247
0.7250000000000001,347.39376305458865,387.2366044358499,285.16730291981213,272.6324764178416,0.0,0.0,102.96464626617976,109.67973189223495,277.556872543615,170.56317490180373,0.6377398121811124
0.7250000000000001,552.572294447689,248.60897606082412,440.8924809828664,588.0184961126097,204.9081794876304,24.763784724808083,84.48820670816849,0.0,499.1602097471194,181.11552357556127,0.6936772724121366
0.7250000000000001,682.2681058546749,195.8786135376957,292.5459812575976,299.16006431211804,87.50940656748912,34.087966511756235,121.59737307924304,124.6500267967155,425.8451935871455,158.22921768889375,0.6921076263184149
0.7250000000000001,647.6936690413095,179.94413875883814,469.8541400925191,331.4760450820677,131.0119606752939,191.519492714084,49.45833053605263,138.37809501045143,421.97426691399625,114.7012346474466,0.7118807359594138
0.75,47.5217330115394,0.0,54.2419780838781,58.49356170107228,3.56584432409806,0.0,0.0,0.0,20.366457004945275,4.937322910289982,0.7229381342830489
0.75,62.755622496879205,0.0,38.52649520243212,49.4405165062372,0.0,0.0,0.0,0.0,11.350582155956884,23.46514580318092,0.646684923867422
0.75,123.4926109950066,48.123195115532745,0.0,57.91296274932948,0.0,0.0,8.964124580344187,2.2410311450861813,16.041065038510734,38.33342748173547,0.7994628714863492
0.75,147.55364702296777,20.58888097994957,46.8296116406689,97.6962587676014,0.0,0.0,0.0,0.0,131.20365330359667,0.0,0.6721010296906184
0.75,209.90425940566143,57.96910504744356,0.0,240.5250366686252,47.91801022066873,0.0,49.55423495991064,0.0,23.37463913203352,8.882362870173164,0.7468765154257375
0.75,204.61220483030448,4.11159276845832,123.58964145187414,226.86317745960545,22.734689425589632,143.4220300997294,0.0,13.302211897951253,42.08336127715399,0.0,0.746614055601163
0.75,226.0336205185376,112.04252741220591,167.82022040654346,136.39959858877242,107.6582546004235,0.0,26.79277829422315,0.0,307.3862382482688,0.0,0.7845071188452574
0.75,259.6947532659404,0.0,68.3546149348361,301.3937075505126,57.79791764760277,0.0,0.0,0.0,100.28862422871671,45.65771576728467,0.7869996350364286
0.75,348.55322188498155,67.90778288448888,39.96342975060619,128.60411979894204,84.73449014790016,0.0,0.0,189.3004567133952,17.427661094248258,0.0,0.8176575841878275
0.75,236.47825531610695,92.87864623836025,126.47305019691514,236.14889841455283,48.086107626951694,103.41806708810252,0.0,0.0,184.76922177205492,58.954885378249664,0.7769358346201123
0.75,468.1191143117729,219.4536565533359,154.45739887198155,235.15499970107763,82.88848591947844,87.6354036153083,0.0,0.0,186.95552771265707,226.7566068546116,0.8799640978999367
0.75,402.50416621654847,133.03821914947008,274.9738988153056,290.22668827193235,0.0,0.0,0.0,30.50557891325536,158.45953491051333,113.5485437326692,0.7443127844862479
0.75,488.655933758761,283.60311669550686,264.4222295760029,424.2629555718593,10.503819136871394,0.0,0.0,78.55029963225068,438.42027701720616,237.9343378395479,0.8359850344379479
0.75,745.4763830366674,292.20279110192376,341.9012166377,317.3513919754488,252.0847849465352,147.29894797350966,420.34090031465,192.207163819092,643.6844271200141,116.1625849872403,0.6980231980787931
0.775,51.56587914834133,7.994709945479275,0.0,46.84900028050848,2.078624585824539,0.0,0.0,0.0,7.355133149840788,1.838783287460379,0.794170412386412
0.775,52.99389326309982,0.0,0.0,50.64209326621669,6.036286658666561,0.0,0.0,0.0,10.11273998659718,0.0,0.8575612771594665
0.775,100.26303858662476,36.19251148980645,67.61641504683375,110.41161444356382,0.0,0.0,0.0,0.0,50.13151929331238,15.039455787993935,0.6707376020304907
0.775,122.67668729242476,0.0,104.69820725819012,112.31262233151284,0.0,0.0,17.132433914976374,16.70941085534771,41.03323678401718,22.843245219969138,0.7658008913483078
0.775,162.88387859306465,67.83047311883892,55.12643801965864,116.83175135853492,0.0,0.0,0.0,17.014332722116738,78.03907275210794,0.0,0.8166201009526989
0.775,229.09846895806143,0.0,89.5967669886639,156.21405228852618,55.24360244378814,0.0,0.0,0.0,0.0,19.033510085675392,0.5921036160172103
0.775,227.28550623344148,127.25046141872276,88.75658387972621,52.95972960779181,49.2819706072507,0.0,0.0,0.0,114.50089688351288,61.05079940898271,0.7807649968566576
0.775,191.96342583687945,0.0,64.42608127402119,204.5856784946473,81.51871508141456,0.0,23.92968733035049,12.096325463693535,149.88925031098807,23.14079653924074,0.7010994317369557
0.775,320.5460420914713,112.58487010674156,77.0010510574601,121.62666019303394,56.58410570131544,0.0,0.0,0.0,132.41847416699426,60.9591654204893,0.7785889906580162
0.775,326.7930007822795,52.27339021801164,180.4275081718466,345.67887079652854,0.0,0.0,41.81871217440808,66.10054504987247,148.38897868338785,0.0,0.7848004992614096
0.775,433.3475530705383,161.4188593099422,335.6684484624692,353.052017926618,272.34258827164683,0.0,14.900202397840442,0.0,207.77504454766844,44.286712682472455,0.7505763623034478
0.775,377.93837989225045,163.0655481782298,86.20392260463767,242.89972280715537,127.8196093792888,53.93053286103016,72.6151269231174,0.0,210.20168319849884,40.34173717950988,0.7800163289897128
0.775,398.3844788112643,240.13475512642177,166.07020421578082,347.3213412269109,0.0,0.0,20.70127199365694,0.0,266.3563663183843,13.340819729246002,0.7432506499920859
0.8,9.39777277363908,3.6614699118074223,2.241263400560937,6.712694838313607,0.0,4.582385071443854,1.7308766855816802,0.0,0.0,3.2842275572576067,0.6996356406518467
0.8,7.085129957480338,33.089064375891965,1.884343073797944,60.22360463858235,2.6380803033171216,0.0,0.0,0.0,16.280724157614166,2.4873328574134232,0.6539480749407497
0.8,70.96146362203775,0.0,16.544749259783142,61.78429801700203,10.85749170173265,6.07502511882689,7.367583654746841,0.0,38.77675607761619,0.0,0.716836795503978
0.8,109.94329828373893,137.42912285467344,64.13359066551443,44.04779578675431,0.0,0.0,0.0,0.0,79.81460596559833,17.97150068099624,0.818119397966457
0.8,194.5997113327913,0.0,81.15899175912043,86.38772232063174,0.0,0.0,22.50627502563744,4.54672222740167,41.14783615798491,60.01673340170226,0.5554853576353355
0.8,258.4105796918089,18.215031463238397,144.50591627502456,183.8503842356201,0.0,58.04523359618656,110.50452421031292,43.47320842559585,70.43145499118843,0.0,0.7661051061449736
0.8,181.46635965103437,66.23772080926192,187.4652475733828,180.9664523241724,0.0,0.0,0.0,0.0,44.49175209074884,107.48007527540614,0.6122088176811413
0.8,259.10443692284645,63.65358746014984,123.34533337713567,168.77444973873523,0.0,0.0,0.0,0.0,167.18971312146914,0.0,0.6777810314497189
0.8,314.20343468962216,20.965783739434,92.6460984161472,262.3556181448058,22.949033552623167,4.81646383203285,0.0,0.0,140.81073673646668,0.0,0.6758760200245967
0.8,538.891110175995,169.91156272340214,265.08884835149945,155.83604865164017,129.69580823265477,4.021575449075499,0.0,0.0,0.0,0.0,0.6726707476771713
0.8,400.3713109849436,230.3852981909752,133.09543129400143,182.64454566160435,0.0,55.69754461759848,170.3476851616148,36.528909132320535,132.01041419106056,261.850794176241,0.7794283508112826
0.8,365.6851216354653,16.884110345783082,339.3294371932693,358.684392955506,235.55392970212284,0.0,135.8964979050713,0.0,233.4948918550763,205.90378470465348,0.8117501077791811
0.8250000000000001,3.7556217148370936,0.0,3.306070985879062,4.448679088647441,0.0,0.0,0.0,0.0,0.0,1.0114891401556456,0.8039508754921074
0.8250000000000001,55.57173952657465,0.0,23.926721185052987,62.346689252808346,14.579005739996395,0.0,0.0,3.4303542917638574,55.57173952657427,10.205304017997555,0.8185715067912563
0.8250000000000001,13.355127414519114,28.93610939812445,0.0,25.839268258526037,0.0,0.0,0.0,0.0,0.0,18.677823123204195,0.8427680870470821
0.8250000000000001,120.21018759901116,28.906033549820275,1.389713151433655,63.64886233566165,2.6404549877240706,2.2235410422937214,0.0,0.0,10.422848635752413,20.98466858664869,0.8122422199502585
0.8250000000000001,71.50812109878846,33.663823163430045,56.54642191504255,63.14717155493072,0.0,0.0,0.0,0.0,72.38822105077276,8.800999519850887,0.8182860391249174
0.8250000000000001,260.3799928687928,42.7784793602104,0.0,190.6485987671782,0.0,0.0,4.450940049038511,0.0,75.17143193932756,13.6000945942864,0.7839049382953681
0.8250000000000001,264.3518173217727,108.24861445025184,34.80333703365032,170.94580248881348,0.0,0.7677206698604043,38.64194038295002,0.0,63.20900181846783,129.23297942642304,0.8528387046016991
0.8250000000000001,172.28648436107767,103.42547894770829,82.52602983392238,205.2433079635847,41.26301491696119,0.0,85.47338804227526,0.0,48.497439610194114,64.5739389284918,0.7683696742742165
0.8250000000000001,252.0135773910294,35.67576123882062,0.0,124.15164911109576,39.10063431774689,54.51256317291765,0.0,11.701649686332903,202.0675116566792,67.64124330880468,0.7290972393392984
0.8250000000000001,288.8191426359978,71.91939124928068,0.0,214.33120169924263,76.48570180479025,80.48122354086162,124.43196263764274,45.37771114537925,150.97364274154288,113.01618624886946,0.7751301451127306
0.8250000000000001,476.1524480424692,264.9216142669521,340.86581035681166,336.9802933475634,55.456924586548,119.39134082964038,25.43247496962676,65.34733151918152,34.263195445191826,0.3532288190238878,0.8155591838046619
0.8500000000000001,9.161410515418348,2.906575031330243,2.764095863127781,0.0,0.0,0.0,0.0,0.0,6.411562569110802,3.9609208760284766,0.8307699236379601
0.8500000000000001,69.77849925822663,28.46083670532404,27.69162490247765,42.96597355900245,0.0,18.131421067098263,0.0,0.0,22.307142282550892,0.0,0.7391886013261659
0.8500000000000001,41.33403004833323,7.290306270660756,42.53793383614858,16.38646822304468,0.0,0.0,20.2657137615612,0.0,20.733898567934087,0.0,0.6715215729350646
0.8500000000000001,148.8709723238048,5.731182972090646,29.35483961314461,48.64516278749704,0.0,0.0,0.0,0.0,0.0,0.0,0.7412353334819605
0.8500000000000001,120.45966044590033,53.08024605979429,67.16276032055605,19.282211833966286,0.0,0.0,0.0,0.0,84.92839369567047,0.0,0.7179860514024936
0.8500000000000001,93.74900296312089,63.7493220149222,122.99869188761528,189.24798731488735,23.74974741732396,0.0,0.0,0.0,9.4998989669289,0.0,0.7669067285683617
0.8500000000000001,116.47327943143382,58.489842497090514,128.37381015595057,135.463488034385,0.0,0.0,0.0,0.0,36.20799773629287,40.00603945688425,0.6939292630600354
0.8500000000000001,108.98431844368888,16.665077820273186,138.08207336797454,77.24131307174088,0.0,0.0,19.839378357467503,0.0,40.73685689399898,51.053333639883526,0.7702877045398445
0.8500000000000001,121.41057696781846,66.73375824097205,47.10618228774512,147.7676075335806,0.0,107.67127380055936,67.01415218315947,0.0,162.0676985852158,0.0,0.8082784800995814
0.8500000000000001,312.724642700081,65.4044729382464,154.84128709566266,191.34610920073044,7.909378122764404,0.0,73.0096442101355,0.0,114.07756907833674,27.07440972792553,0.8081029387883395
0.8500000000000001,342.2547964160802,15.80154757520302,149.27419411467548,173.1446170474273,141.8777250369204,80.01634729570488,19.163578974180663,5.379250238366367,189.618570902424,0.0,0.7629871175147199
0.8500000000000001,322.1686314766097,156.63037152434316,0.0,204.8814338422685,112.46209140254967,0.0,18.18693887367819,25.98134124811363,92.79050445754868,228.6358029834013,0.8109797711512089
0.875,10.9583281649001,5.12293360030935,1.9338226173352997,9.4655528111676,0.0,0.0,0.0,0.0,4.331310306663266,0.0,0.7591780414892381
0.875,7.397443957862901,1.5305056464543934,1.1937944042344546,2.387588808468863,0.0,0.0,0.0,0.0,3.1120281477905998,1.7345730659816458,0.6442061519066969
0.875,31.59481176177774,6.739402117482992,16.693931850645804,38.70519014260836,0.0,0.0,0.0,0.0,2.2258575800860507,0.0,0.7660071097819021
0.875,35.805603263052674,0.0,14.835787806205277,81.16887751664174,0.0,0.0,0.0,0.0,41.65432730203727,0.0,0.7041330582807395
0.875,152.90017712500273,1.110270995721406,21.5709793454359,48.6933136694774,0.0,15.067963513356064,0.0,0.0,46.15555139354316,13.164641806406111,0.8168146734416963
0.875,109.69912858551795,70.74977506526731,45.851770599789305,86.03369859853004,0.0,0.0,0.0,0.0,15.530438428960297,93.18263057376626,0.6792198263610595
0.875,310.77906433950767,1.5617038409029944,72.35894462846201,70.01638886710869,0.0,0.0,31.494360791524382,13.795050594635226,138.21078991983094,0.0,0.814675796299871
0.875,162.704706329454,67.22201188990913,45.27196719116329,119.0789924906964,58.16761845167596,0.0,0.0,0.0,147.33967504033097,34.02256928305629,0.7619973069064581
0.875,167.3069107917905,105.54932627133208,43.23030916432203,254.60967800025952,0.0,0.0,0.0,0.0,142.04244439705698,19.930856822513007,0.769470459507851
0.875,281.5700823158126,33.71551147470996,173.13370757282928,99.93156103765084,0.0,63.17861609675228,0.0,157.6427968952606,13.972193944473664,0.0,0.7815970529331728
0.875,277.2842582822644,152.09248495333267,274.1803300179104,241.07176186480453,143.12558107853184,0.0,142.09093832374663,21.03773601395256,239.6922381917581,0.0,0.7742302828570464
0.875,421.6733293425086,158.73442424319398,141.55375714863686,113.91529269217452,241.64981761257937,0.0,49.30104470612075,20.168609197959107,137.0718439935339,51.91549404659791,0.806100404412528
0.9,9.521688318686236,1.7936647333797862,2.8145271082288925,6.230122717537193,0.0,0.0,0.0,0.0,2.45197785360956,0.0,0.9328934958558044
0.9,11.67357965708363,0.0,5.379244863168829,6.022281030720079,0.0,0.0,0.0,0.0,0.0,2.448483868752731,0.8541271437405197
0.9,72.86729812183064,24.17831670861222,3.0742189629508827,79.59734504072254,0.0,0.0,0.0,0.0,41.21115150333845,7.228568912884202,0.7746506730522527
0.9,88.98065508268326,4.025645861775193,24.43150591973821,76.20964062463847,0.0,0.0,7.218399476286075,0.0,24.70913666882589,35.67555125780011,0.8533005657215675
0.9,224.63594806104672,6.735116608532439,0.0,75.67101601351003,22.58244980507893,0.0,0.0,0.0,76.66147433829329,29.911841408482225,0.8166769104385385
0.9,255.4983310823598,76.01197949667116,0.0,105.68117149375873,0.0,0.0,0.0,0.0,105.43597155989868,11.769596825291464,0.8756096508104042
0.9,112.21657422229036,61.4066483637722,0.0,247.8002801228297,42.38689002100996,34.77898668390631,0.0,17.389493341953155,89.66457504444469,53.25532335973177,0.7901426198404511
0.9,201.7660852575654,120.46142286940906,0.0,103.33034015886062,0.0,0.0,48.67402865377809,0.0,83.20811602266119,75.05045758906817,0.2
0.9,281.7461717123431,51.67270977101405,17.32046137575881,121.82057834283776,8.082881975354637,0.0,0.0,73.32328649071256,17.32046137575881,51.38403541475167,0.7462075837299877
0.9,346.2654004372063,174.19300546928554,90.88330720136636,55.74176175017164,0.0,0.0,0.0,0.0,131.1749067273046,59.98298275290235,0.9216214609656732
0.9,247.8601515866041,20.73601268175541,0.0,157.4640963020776,8.10000495381059,0.0,0.0,115.34407054226251,107.89206598475616,39.52802417459657,0.8029645207942347
0.9,372.69542680075625,120.42628909471146,53.76831256216396,187.8208178541356,30.93519352891678,29.46208907515852,0.0,51.55865588152741,164.61942270744754,56.34624535624133,0.7992385286417918
0.925,4.788579597479282,0.0,1.3981254299209611,9.006257977740882,0.0,0.0,0.0,0.0,2.4933236833590056,0.0,0.9222610324862429
0.925,5.430006467400232,1.5837518863250923,5.572901374437113,1.405133252529032,0.0,2.5006608731448488,1.929081244997433,0.0,5.668164645794979,0.0,0.8354936323854438
0.925,126.48681672423687,14.086698846318791,0.0,27.684276204918188,0.0,0.0,8.41288958877358,0.0,0.5869457852631903,0.0,0.8937794547373227
0.925,111.06937113509946,46.72676500710522,53.444670519308815,76.43483604996123,0.0,0.0,62.99902502555337,0.0,86.28776413452567,0.0,0.8558961911295351
0.925,64.08289273720351,43.95310798690039,0.0,13.666092399288418,0.0,0.0,0.0,0.0,25.85476940405885,25.48541555542978,0.8011022025584686
0.925,160.42338110806432,65.21885119813894,0.0,111.9465338573408,0.0,0.0,57.47255086425955,23.488781657567177,12.494032796578164,0.0,0.8768566190245626
0.925,147.7007286662075,0.0,164.5963839748875,182.5820815615471,31.883736630896536,0.0,0.0,0.0,62.404920414318845,16.895655308681224,0.786039425613288
0.925,199.7206134784638,162.18546311925726,0.0,89.91629302466555,0.0,0.0,35.8544719849127,0.0,101.120815519951,0.0,0.871715360556165
0.925,261.84453485738084,173.7749283252151,117.91870136353872,201.8508096022481,0.0,0.0,0.0,0.0,89.8428200865044,0.0,0.7682652868439879
0.925,287.1498044289423,25.49030349476228,49.13793444773344,135.12931973126695,30.096984849237288,0.0,105.03233488202966,0.0,19.96228586939171,0.0,0.6706536051478579
0.925,376.14686894129,50.648142137516565,116.82838119720456,274.85058466625685,49.63517929476562,0.0,14.856788360336964,0.0,217.78701119132123,72.93332467802509,0.826121487459213
0.925,294.7738121797607,245.95305533191996,160.51673084820072,277.02080968963645,98.75107635131155,0.0,138.6953319540902,0.0,133.1475186759266,150.9005211660508,0.8595226246580455
0.9500000000000001,8.218599700789616,2.8607515182689887,1.090964562051716,1.0303554197155098,0.0,0.0,0.0,0.0,0.0,1.284913817527621,0.756999965802185
0.9500000000000001,4.506731118433165,1.992449547096789,7.04473232723501,1.7789728099078284,0.0,0.0,0.0,0.0,5.1708809674654095,0.0,0.5996263281319643
0.9500000000000001,49.91124249986402,15.3970499637262,0.0,46.397821702772056,0.0,0.0,0.0,0.0,30.484092210061757,0.0,0.6503134556817807
0.9500000000000001,133.98464941282134,4.425461085389445,96.59713334660134,43.94940664110787,6.40928846849458,45.475427705035216,44.10200874749977,0.0,104.83764709180844,0.0,0.6926939002122696
0.9500000000000001,81.4898180650555,58.52595544006975,110.83253141920484,74.79202479943477,38.59204691143506,0.0,0.0,0.0,7.814092143223933,51.509219637990455,0.6495813437221375
0.9500000000000001,264.4329803677689,61.767178341064486,47.379642823868345,84.34072544562991,57.79820302597624,0.0,0.0,0.0,48.86800856702629,81.61205491650682,0.6749216206625076
0.9500000000000001,239.12679123079192,0.0,4.37260418250566,107.40209023280188,12.29794926329787,0.0,35.80069674426688,0.0,58.21029317960917,78.16029976229412,0.7543689764892827
0.9500000000000001,341.9421760367536,28.66237854457276,133.5666840177088,195.19079788854023,0.0,0.0,0.0,4.299356781685914,0.0,0.0,0.728255502157546
0.9500000000000001,153.1810441032297,56.89581638120046,202.88672984284943,273.53757875576736,78.15359393021924,0.0,0.0,0.0,77.84097955449722,0.0,0.7667007536039919
0.9500000000000001,234.2270124108822,46.84540248217757,44.36352685398223,119.4402646068737,0.0,0.0,27.610866363665775,0.0,137.74409736480908,125.64495367736065,0.7121218922267993
0.9500000000000001,407.6831775587299,65.8002737477373,144.48208256778227,243.3565679876625,113.49676847493228,0.0,0.0,0.0,93.65224147164555,195.311923663919,0.6833471775309519
0.9500000000000001,359.48648805278464,99.41710491239448,0.0,235.93552071600556,0.0,105.1804153420981,28.096138344805784,34.94006948008119,125.71220874791614,92.5731737771207,0.6767435008733523
0.9750000000000001,9.342221305767382,1.3362207443400824,0.0,4.642800891351063,0.0,0.0,0.0,0.0,3.691592903854737,0.0,0.6639971565357352
0.9750000000000001,8.680708146222019,3.467720468398824,0.8327091914247357,0.3764301824248919,0.0,0.0,0.0,0.0,3.262394914348873,5.954441067447993,0.6578361677965343
0.9750000000000001,113.80486936585896,5.1226036089258855,36.41202024722751,67.14764190078031,0.0,0.0,0.0,0.0,25.33612055225281,0.0,0.7410251383843576
0.9750000000000001,94.85281291775992,56.48193390572123,56.32845038967322,103.1409227843604,0.0,0.0,37.44997791574921,0.0,20.106340602308133,29.775802113342166,0.6801452528853709
0.9750000000000001,78.57263651660845,42.15724151564199,0.0,72.83079000193364,44.27265865262773,0.0,0.0,0.0,14.505717510758345,18.585450560659584,0.7677923478743813
0.9750000000000001,205.5291616171684,0.0,123.85707233492818,201.11445408839825,59.84381316776749,0.0,0.0,49.29756740459495,55.91962869774908,0.0,0.7568352182932528
0.9750000000000001,282.1892008758441,138.12702757976393,107.37218159520704,202.8740717577779,52.3371940438949,0.0,0.0,0.0,6.744483768543124,35.88065364864991,0.6923734947121396
0.9750000000000001,195.36332051918825,27.102425967980796,194.7986866448545,79.61337628094134,0.0,0.0,0.0,0.0,24.279256596314948,0.0,0.7326911868118273
0.9750000000000001,256.5378188035385,0.0,189.5382510060504,222.74417715129692,55.53911541107549,0.0,0.0,0.0,154.2753205863201,0.0,0.7103463929033211
0.9750000000000001,218.88639528213764,0.0,3.61795694681302,200.79661054807664,62.108260920275775,0.0,0.0,0.0,60.299282446869945,16.28080626065516,0.7206441672448837
0.9750000000000001,225.20673826949337,135.96775696674035,197.2992750257237,258.9552984712621,0.0,0.0,0.0,0.0,178.47796260550606,94.43106748764164,0.7774581978423989
0.9750000000000001,379.51050322855855,43.11809473301123,56.30296667616239,108.68610655841348,7.48330569746421,8.90869725888635,0.0,24.588004434526653,251.2252627005951,3.2071310131994104,0.7092561377136692
1.0,5.220281846224456,0.0,2.8952823684942364,3.7638670790425146,0.0,0.0,0.0,0.0,0.0,1.035282786310076,0.6593657632027403
1.0,5.716902022707617,1.4588585703879025,3.455671238606352,1.705040954140886,0.0,2.1791699895169376,0.0,0.0,0.2188287855581522,0.5470719638954634,0.7513962781190606
1.0,5.843352243654675,0.0,0.0,1.5385220563708315,0.0,0.0,0.0,0.0,3.1300965974440573,0.0,0.6842951858258842
1.0,88.08953028014137,23.919621635501876,33.814083597175475,0.0,11.527528499037004,0.0,29.01094672257629,0.0,6.820454361930141,8.165332686817878,0.7677838264515061
1.0,133.60770991718042,44.535903305727246,45.5546984793874,76.55518019219677,6.6949397126254535,0.0,0.0,0.0,48.75662616803415,0.0,0.7193182338454096
1.0,104.57681055608772,73.01949107110137,50.90633289183974,60.12014879986506,0.0,0.0,0.0,0.0,6.449671135617103,32.47870107579013,0.7245823428269337
1.0,273.34005601160777,0.0,20.6394233968111,139.4484119246058,0.0,0.0,0.0,35.457470963751824,99.22799710005106,0.0,0.680413349958925
1.0,322.50143199996126,87.59298153085412,53.46584586948258,142.4807913862259,0.0,0.0,0.0,0.0,108.6380485220322,79.34559041268908,0.7223461794406095
1.0,328.8055610827286,22.33733431268535,105.43221795587512,186.74011485405032,0.0,0.0,0.0,0.0,16.976374077640322,5.956622483382759,0.7588320717204813
1.0,312.3076304944505,77.37491744517918,47.42333649865871,170.66161226819722,103.5825507733837,0.0,0.0,24.95965078876729,239.30065193730584,155.6858217949363,0.7386448209277179
1.0,347.8617507529206,139.66681925164238,216.35304010242703,222.5532026392993,56.127787175892834,0.0,0.0,34.916704812911334,166.42541546340493,0.3263243440470792,0.6836524270718239
1.0,377.64102364659806,232.10608041817164,90.32028092630712,235.17356165717703,0.0,48.738868575328624,0.0,198.70461803787637,198.02295554031835,30.33398114128837,0.6528426139913172
1.0,443.1841079706415,78.67848228981481,245.15758974362265,148.61491099187012,72.21696442060201,0.0,0.0,13.30312502484774,321.17544702846686,0.0,0.6228825085061392
1.0,330.65233447081016,129.35054649224818,0.0,70.73858011294823,96.20446895361032,0.0,0.0,38.80516394767408,115.20283046965854,110.75640543398788,0.6944129552537467
